/*--------------------------------*- C++ -*----------------------------------*\
| =========                 |                                                 |
| \\      /  F ield         | OpenFOAM: The Open Source CFD Toolbox           |
|  \\    /   O peration     | Version:  v1706                                 |
|   \\  /    A nd           | Web:      www.OpenFOAM.com                      |
|    \\/     M anipulation  |                                                 |
\*---------------------------------------------------------------------------*/
FoamFile
{
    version     2.0;
    format      ascii;
    class       volScalarField;
    location    "0.4536";
    object      dsmcRhoNMean_N2;
}
// * * * * * * * * * * * * * * * * * * * * * * * * * * * * * * * * * * * * * //

dimensions      [0 -3 0 0 0 0 0];


internalField   nonuniform List<scalar> 
60268
(
4.88
7.9
9.87
11.22
12.3
12.42
12.5
12.93
11.08
9.95
7.14
3.54
7.46
9.22
10.43
11.66
12.31
13.11
12.84
12.11
10.13
6.8
5.03
8.58
9.68
10.44
11.22
11.25
11.1
11.2
8.23
4.33
3.74
7.57
8.86
9.14
10.14
10.52
10.33
9.34
6.66
4.15
7.5
7.98
8.27
8.39
7.01
5.15
3.7
3.64
5.41
5.19
5.55
3.7
7.04
10.68
12.9
15.07
17.05
13.09
12.73
13.41
13.52
13.8
13.4
14.02
15.5
16.22
21.26
21.99
20.22
18.57
13.66
8.1
6.34
9.72
12.63
14.38
15.72
13.7
11.77
12.75
13.53
13.53
13.83
13.46
14.13
14.75
21.44
20.87
18.76
15.34
11.65
7.07
6.05
9.82
12.55
15.42
15.04
15.5
13.63
14.76
13.33
13.81
15.69
16.32
15.57
19.41
23.06
22.16
18.77
15.42
10.08
4.67
5.18
8.58
11.25
13.75
15.62
16.66
15.67
12.43
13.78
14
13.89
13.56
14.15
20.09
18.25
20.29
15.51
13.53
9.34
4.08
9.52
10.99
13.33
16.28
16.16
16.14
14.82
13.23
13.04
13.33
18.51
20.12
22.4
20.92
18.53
16.91
12.72
6.9
5.27
9.2
11.45
13.82
15.41
15.61
17.11
16.57
17.9
19.12
22.04
18.62
20.95
20.74
16.26
12.21
8.83
4.83
3.59
7.64
9.76
12.34
14.65
16.39
17.26
16.95
17.72
18.8
19.25
19.78
18
16.1
14.38
10.12
5.45
3.66
7.98
10.32
11.67
12.94
14.84
15.72
16.44
18.06
17.49
16.81
16.05
14.33
10.09
6.14
3.75
7.8
9.58
11.58
11.99
13.74
14.73
14.89
14.27
14.12
13.08
9.09
6.07
3.61
6.18
8.95
9.83
10.47
11.06
11.03
11.87
9.76
7.92
5.71
3.68
5.47
6.22
6.93
6.62
6.2
4.26
7.42
11.16
14.36
15.35
11.2
11.62
13.51
14.48
13.38
14.13
14.61
15.21
15.93
16.7
17.07
16.79
17.06
17.08
16.7
17.82
16.65
16.07
21.49
17.24
7.03
11.12
14.36
16.18
11.49
11.63
11.82
11.3
11.09
13.22
14.46
15.3
16.03
15.89
16.24
15.92
16.39
16.37
16.29
16.16
17.43
17.21
20.32
17.2
6.24
10.55
13.87
15.63
12
12.71
12.5
12.69
12.63
12.58
13.92
14.76
15.91
15.76
15.59
16.91
17.33
15.95
15.27
16.01
15.11
20.17
21.64
17.56
5.97
9.96
13.39
15.15
11.41
11.84
11.91
11.9
13.42
13.37
11.92
11.93
12.94
14.44
15.15
15.47
15.41
15.13
14.53
16.09
16.65
22.33
19.38
19.31
4.13
8.92
12.06
15.06
14.26
10.89
11.66
12.16
12.93
12.73
12.38
11.87
12.84
14.1
14.43
13.64
13.16
13.51
15.95
16.28
16
21.65
19.67
14.68
6.62
12.14
13.2
14.23
11.36
11.49
11.67
11.89
12.11
11.72
12.4
14.14
15.69
15.36
15.2
16.58
17.06
16.35
17.18
21.18
22.83
18.8
14.99
4.44
9.13
12.9
14.51
12.94
11.77
11.1
11.93
12.14
12.12
12.59
13.31
12.94
14.35
15.58
15.55
15.19
15.3
20.2
22.37
16.54
16.61
11.37
7.03
11.82
12.86
15.03
14.51
12.28
13.07
13.37
13.08
13.21
13.79
13.26
13.29
13.22
13.46
13.66
18.67
22.69
19.43
19.03
13.32
5.36
4.74
9.39
12.78
13.96
15.23
14.57
12.63
13.39
13.44
13.92
13.89
14.03
14.4
14.09
14.5
19.76
23.45
19.51
19.81
14.16
8.59
4.73
9.84
12.06
13.52
15.44
15.71
15.17
13.61
14
13.61
13.31
13.52
18.22
19.55
21.77
18.29
19.08
14.54
10.48
5.46
5.39
9.58
11.79
13.35
12.86
15.22
15.9
16.65
17.17
17.5
17.09
19.33
15.48
17.08
17.11
14.01
9.26
5.58
3.97
7.91
9.98
13.23
13.69
14.38
16.59
17.92
17.01
16.68
16.73
16.89
15.11
11.83
8.37
5.69
4.14
6.76
9.62
10.54
12.25
13.26
12.4
12.64
12.24
11.86
10.19
9.36
5.96
4.12
6.23
6.77
7.91
8.19
8.19
7.78
7.34
4.98
5.4
9.19
13.38
15.57
10.95
10.9
11.65
12.37
13.13
13.83
13.27
14.91
15.25
16.06
15.2
15.77
15.85
16.65
16.8
15.91
14.7
15.83
15.96
14.23
15.15
14.59
14.31
4.96
9.07
13
13.57
9.5
10.41
10.87
11.23
11.17
12.98
13.24
14.37
15.51
15.82
15.92
14.96
14.65
15.64
15.23
16.44
17.28
17.67
16.21
15.73
15.25
15.13
15.46
3.3
8.84
13.37
14.9
12.09
11.94
12.28
11.73
12.39
13.52
14.87
14.69
14.46
14.25
14.94
15.36
15.36
14.99
15.45
14.25
14.69
16.63
16.43
17.42
17.12
16.57
16.08
7.14
11.41
14.05
11.09
11.51
11.77
13.36
12.7
13.11
13.58
12.97
13.34
14.01
15.87
16.39
16.19
16.26
15.71
16.39
16.83
16.8
17.03
17.31
17.09
16.18
15.88
6.62
11.11
14.34
14.01
11.79
12.25
12.37
12.15
13.15
14.48
13.97
13.72
13.82
15.54
15.84
16.49
15.39
15.56
14.8
15.69
16.45
17.56
16.75
17.4
17.19
17.15
5.79
10.25
11.72
13.69
10.41
10.08
10.88
11.7
12.18
13.44
13.09
12.6
13.48
15.02
15.83
16.58
17.35
16.79
15.79
15.19
15.1
15.66
16.13
15.27
16.14
16.55
3.88
8.71
12.76
15.52
14.42
11.18
11.24
11.83
12.02
12.15
13.19
14.44
15.07
15.52
16.03
16.11
15.96
15.75
16.85
16.5
15.95
16.83
16.51
15.79
15.29
19.83
6.42
11.41
13.29
15.15
12.2
12.12
12.27
12.9
13.8
14.21
14.21
14.2
13.52
14.06
14.34
15.66
15.88
15.82
16.61
17.28
15.3
15.74
15.75
20.89
20.41
4.08
9.39
12.57
14.44
13.16
10.91
11.39
11.77
12.74
13.45
12.84
12.77
13.72
14.22
14.28
14.56
15.29
15.41
16.05
16.26
16.13
15.67
16.05
19.94
16.69
4.95
10.67
12.3
14.7
13.51
11.81
11.76
11.31
11.96
12.5
12.73
13.02
14.23
15.07
14.81
14.41
14.93
16.16
15.26
14.57
15.11
18.12
19.16
15.01
6.56
11.51
13.88
14.37
14.55
12.14
12.65
13.74
13.35
13.21
12.16
13
14.41
13.92
14.54
14.89
15.34
16.65
18.06
19.59
20.5
16.84
15.64
3.81
8.91
12.4
13.07
13.51
13.26
11.69
11.5
11.44
12.51
13.61
13.81
14.19
14.25
14.79
14.11
13.56
17.78
17.74
19.3
15.55
13.09
8.96
4.12
7.81
11.21
12.67
13.98
14.23
13.89
11.77
12.65
13.15
12.87
12.75
13.42
13.99
18.98
18.19
19.83
16.1
15.88
12.35
7.88
4.66
7.06
11.07
13.23
13.04
14.52
15.54
17.2
17.29
18.08
18.05
17.56
17.02
18.89
16.44
17.12
16.7
12.27
8.35
5.46
8.67
11.04
13.14
13.76
15.1
16.04
16.39
16.33
15.59
14.94
15.15
14.86
10.91
8.52
5.64
3.74
6.08
7.33
10.39
11.8
11.48
10.9
11.55
11.97
9.55
8.53
8.26
5.63
3.96
6.25
7.09
8.13
7.83
7.22
5.42
4.77
9.18
12.81
10.55
10.77
10.86
11.22
11.22
11.68
12.86
13.59
14.2
14.9
15.02
16.57
16.48
16.61
17.85
16.3
16.86
17.03
17.87
17.42
17.48
17.27
17.01
15.73
14.42
15.25
3.35
9.35
12.29
10.54
10.86
11.15
11.79
11.76
11.99
12.39
13.49
13.72
14.45
15.43
15.71
15.81
15.98
15.32
16.42
16.89
18.02
17.38
18.22
16.59
17.77
18.73
16.48
16.32
15.18
8.44
12.29
12.91
9.8
9.81
9.43
10.38
10.34
10.4
11.49
12.23
12.24
13.28
13.81
14.36
14.92
16.91
16.45
18.17
18.04
17.63
17.74
16.01
14.83
13.98
15.13
15.43
15.56
8.61
12.51
14.32
10.39
11.37
11.13
11.36
10.93
11.04
11.99
12.76
12.79
14.52
14.78
16.42
16.41
16.02
16.03
15.92
16.63
15.81
16.26
16.44
16.39
15.35
15.43
14.56
13.33
6.75
11.11
14.18
10.69
10.93
11.67
12.35
13.31
13.62
13.2
13.12
13.09
13.32
15.04
16.11
16.53
18.03
18.43
18.66
18.2
18.5
18.97
18.87
17.76
17.66
17.1
17.77
17.12
6.39
11.08
13.61
11.34
11.46
11.73
11.62
11.89
12.61
12.68
14.03
14.14
13.2
15.02
16.06
16.01
15.92
15.73
16.57
17.22
17.27
16.9
17.66
17.2
16.34
16.4
15.92
15.52
4.5
10.23
13.54
12.67
10.54
10.29
9.1
9.72
10.92
12.22
12.21
13.04
14.25
13.38
14.84
14.92
15.54
16.1
15.89
15.86
15.89
17.12
16.78
16.91
15.55
14.84
15.37
13.42
6.96
10.17
12.5
10.26
10.85
11.42
10.39
11.49
12.61
13.05
13.76
13.42
12.51
13.07
14.96
14.37
14.95
14.79
15.33
16.52
16.95
17.7
17.48
16.62
17.37
15.41
16.09
4.46
10.43
13.68
13.07
10.38
11.05
12.1
12.52
13.03
12.96
13.82
13.21
12.91
14.44
12.83
13.28
14.47
15.6
16.29
16.28
16.05
15.91
16.76
15.84
15.91
15.67
14.49
7.39
11.39
13.17
12.8
11.11
11.8
12.42
12.13
11.92
11.21
12.51
13.18
14.08
13.95
14.13
14.61
14.46
14.75
15.77
16.72
17.02
15.96
16.3
15.27
15.36
15.59
4.62
9.84
11.97
13.73
9.99
10.63
10.52
11.32
11.73
11.62
12.81
12.05
13.19
13.37
12.96
14.09
15.44
15.33
15.27
15.59
15.36
14.75
15.34
15.8
14.68
14.42
5.36
10.72
12.89
12.39
9.91
9.86
10.91
11.77
11.57
12.02
13.61
13.16
13.39
13.24
12.97
14.2
14.97
15.48
14.73
14.92
17.06
16.99
16.33
20.7
19.24
7.02
10.89
13.34
13.58
11.21
10.89
11.55
11.9
12.03
12.71
12.82
13.13
13.62
14.23
13.83
13.91
14.09
14.07
13.72
14.4
14.11
17.9
19.58
14.71
3.85
8.14
10.08
12.23
14.11
14.18
11.58
11.94
11.91
12.24
12.07
12.98
14.2
13.57
14.09
15.35
15.86
14.51
15.36
16.76
20.53
22.47
17.51
13.25
4.25
7.92
11.72
12.7
14.28
13.25
10.98
12.26
12.86
12.06
11.88
13.05
13.73
13.72
13.99
14.42
13.62
18.69
18.79
19.38
14.91
13.2
5.55
5.58
10.7
12.08
12.99
14.92
15.63
15.01
11.03
10.4
11.42
12.26
12.83
17.52
19.37
19.27
19.94
14.97
13.15
12.19
6.1
4.15
7.77
10.9
10.96
12.21
14.64
15.94
15.98
15.85
16.76
16.31
17.59
14.94
15.24
14.65
12.24
7.68
5.1
7.64
9.88
10.89
11.09
12.05
12.92
12.76
12.22
11.57
10.45
9.37
8.29
5.52
4.27
6.18
7.13
6.95
7.54
8.03
7.25
6.08
4.03
7.98
11.93
10.02
10.11
10.11
10.3
10.75
10.38
10.77
12.34
13.79
15.06
14.66
13.94
15.98
15.17
15.77
16.44
15.84
17.03
17.47
17.73
16.64
17.73
16.82
15.66
14.86
15.12
16.25
15.23
8.05
12.28
13.27
10.34
10.81
10.72
10.76
10.73
10.74
11.12
12.08
12.58
13.07
14.4
14.09
14.82
15.58
16.33
17.25
18.98
18.83
18.65
19.58
18.07
17.95
17.22
16.04
14.94
14.82
14.69
8.28
11.26
14.19
10.92
10.71
10.97
10.81
11.22
13.29
13.28
13.69
15.03
14.27
14.2
15.84
17.22
16.43
17.48
18.04
17.68
18.44
18.59
18.97
17.6
15.9
15.33
15.99
15.54
15.31
15.73
7.02
11.28
15.08
10.22
10.33
10.53
10.36
11.01
11.77
11.71
11.96
13.73
14.66
15.69
15.42
15.65
15.83
16.77
16.28
16.69
17.91
17.59
17.63
15.96
16.26
16.43
15.49
16.04
14.61
14.38
5.92
11.18
14.98
11.42
11.75
11.1
11.46
11.75
12.59
12.92
13.96
13.91
13.53
13.61
15.47
17.38
17.66
17.79
18.25
18.41
17.64
17.48
17.18
18.52
19.07
17.64
16.99
15.48
16.65
16.49
4.26
9.79
12.65
9.43
10
10.62
11.48
12.03
13.15
14.74
13.78
14.53
15.66
15.51
17.11
16.67
16.74
18.08
18.65
18.91
18.42
18.47
18.93
17.15
15.5
16.97
17.88
17.94
15.52
14.98
7.87
12.64
11.81
9.71
10.41
10.83
11.78
11.81
11.97
12.67
12.76
12.91
13.12
12.95
15.02
14.71
15.86
18.21
16.95
16.21
16.97
17.36
17.44
16.78
15.85
16.51
16.02
14.77
13.83
7.01
10.5
12.98
10.5
10.34
11.23
12.38
13.3
13.75
14.43
15.29
14.83
15.14
14.89
16.67
17.14
16.19
16.21
17.77
16.5
17.18
18.87
17.57
17.41
16.01
15.95
14.92
16.09
15.76
4.3
10.36
13.45
13.43
11.09
11.63
10.88
11.44
12
12.03
11.49
12.67
12.73
13.2
14.54
14.21
15.78
15.99
16.81
17.39
17.79
16.81
16.54
15.96
14.74
15.7
15.27
15.27
15.7
7.41
10.25
13.13
10.19
10.51
10.57
11.57
11.68
11.93
11.76
12.54
13.36
13.58
13.01
13.75
14.29
15.98
16.58
15.24
15.31
16.35
16.43
16.09
15.68
14.56
15.36
16.77
17.38
4.97
10.27
13.94
13.18
10.87
11.77
12.46
12.56
12.8
12.54
12.22
13.45
13.32
14.53
14.78
14.92
14.84
15.3
15.92
14.86
14.9
16.15
17.33
16.18
17.35
16.52
15.96
15.12
7.33
11.44
14.79
14.79
11.44
10.75
10.89
11.47
12.08
12.51
12.55
14.35
14.37
13.96
13.84
14.84
14.45
15.13
15.6
14.98
14.43
14.85
14.34
13.77
14.26
15.23
16.33
4.17
8.93
11.24
13.68
10.73
10.8
11.32
11.23
11.65
12.38
13.57
13.09
13.42
14.78
15.12
13.05
13.38
14.77
13.65
14.23
15.73
15.67
14.54
14.23
12.87
13.82
14.2
5.16
10.5
13.62
13.18
11.3
11.87
11.16
12.1
11.87
12.09
12.58
12.13
11.8
12.24
13.3
14.05
14.16
14.62
14.49
15.55
16.32
16.47
16.47
16.67
16.01
20.44
5.54
9.68
12.57
14.33
13.52
10.6
10.88
10.78
10.7
11.58
11.35
11.59
12.05
13.69
13.11
13.89
14.11
14.01
14.63
14.48
14.44
15.44
15.42
19.42
18.66
6.41
11.09
12.12
14.56
13.32
11.15
11.78
11.48
12.04
11.85
12.21
13.25
14.02
13.56
13.38
14.24
14.76
15.13
15.15
15.8
20.83
20.14
20.33
15.5
5.17
10.49
11.83
14.32
15.3
15.17
12.01
12.52
11.85
11.21
10.97
11.51
11.44
11.59
12.49
13.13
13.57
13.76
16.93
19.21
15.55
13.28
10.45
3.98
7.56
11.89
12.11
14.17
13.72
13.68
11.06
11.86
12.46
12.74
13.61
13.34
13.37
16.92
17.58
17.47
17.97
14.47
11.96
7.57
5.11
8.76
12.48
11.85
15.29
15.59
15.69
16.45
15.89
16.04
16.84
16.08
17.85
13.34
13.19
11.76
8.85
4.77
5.1
8.28
10.32
12.01
13.27
13.55
14.14
13.63
13
12.45
11.06
10.14
7.67
4.71
4.1
6.2
7.07
7.26
7.36
6.6
6.68
4.22
6.24
11.41
15.13
11.33
11.97
11.25
10.91
11.4
11
11.38
12.26
13.02
15.21
15.18
14.82
16.65
17.58
16.71
17.32
18.68
19.87
19.58
17.41
18
17.5
16.19
16.28
15.57
15.45
15.18
14.67
13.8
6.13
11.22
14.33
10.39
11.1
11.51
11.52
12.37
12.29
13.64
14.81
15.8
15.92
16.89
16.95
16.72
17.14
17.79
18.98
19.54
19.62
19.45
18.97
18.93
18.76
18.19
16.33
15.85
16.12
15.31
14.76
14.41
5.45
9.85
13.84
10.34
10.79
10.73
10.92
10.74
11.71
12.81
13.83
13.05
14.05
13.7
14.74
16.4
17.1
17.69
18.25
18.09
18.13
18.45
18
18.56
17.13
16.29
15.7
16.43
16.11
15.35
15.33
15.32
3.59
10.46
14.27
10.63
10.91
11.15
11.2
11.34
12.95
12.92
13.48
13.32
14.52
15
15.36
15.98
16.3
16.83
18.43
17.78
17.81
18.82
17.5
15.82
15.3
15.09
15.76
14.71
15.25
15.29
15.09
15.05
8.87
13.46
11.07
10.66
10.83
11.36
11.43
10.94
11.71
12.39
13.7
13.52
12.78
13.47
15.13
17.53
17.57
18.23
18.69
17.48
18.44
17.71
16.46
17.21
18.11
16.59
16.29
15.12
14.54
14.21
12.68
8.03
13.02
13.5
10.98
11.48
11.65
11.76
11.68
11.77
11.44
11.52
13.71
15.17
15
15.05
16.23
16.3
17.11
18.87
17.79
17.56
16.64
15.63
15.74
14.47
16.59
16.7
15.97
15.46
15.14
15.86
6.44
10.67
13.52
10.56
11.37
11.51
12.01
12.44
12.31
11.69
12.24
14.26
13.89
14.74
15.13
14.92
16.97
16.22
16.28
16.31
17.7
17.86
18.2
16.07
15.54
16.2
16.77
16.55
16.45
16.56
16.06
4.16
10.31
13.9
10.27
11.06
11.2
11.04
11.55
11.83
12.34
13.2
13.24
13.04
12.24
12.46
14.23
15.6
16.3
16.07
17.28
17.04
17.27
19.08
18.35
18.09
17.49
18.46
18.24
17.44
16.78
14.61
7.81
12.55
12.33
10.2
9.95
10.92
10.55
10.93
12.51
12.74
12.85
13.86
14.29
14.25
15.06
13.97
16.36
17.31
15.97
16.81
16.46
16.98
16.63
16.06
14.63
14.8
15.6
15.94
15.02
15.41
5.39
10.94
13.44
10.58
11.17
11.43
11.44
12.1
11.7
11.44
12.57
12.41
13.08
13.81
14.26
15.77
16.62
15.97
17.27
17.05
17.03
17.91
18.58
17.66
17.74
18.54
16.93
15.02
13.98
12.9
7.67
13.25
12.49
9.83
9.64
10.2
10.8
10.65
11.31
12.1
12.26
13.72
13.31
13.24
13.92
14.51
15.74
15.88
16.41
16.91
16.58
16.89
16.01
15.2
15.96
15.38
15.33
13.9
12.84
5.65
10.97
13.49
10.55
10.78
11.02
10.91
10.57
10.4
10.5
11.42
12.42
13.1
13.25
12.94
12.97
13.69
14.45
13.92
15.04
16.33
15.45
15.02
15.99
15.63
15.31
17.11
15.69
14.18
7.33
11.52
11.99
10.32
10.79
10.54
11.1
11.06
11.65
12.1
13.25
13.6
14.12
14.2
14.75
14.89
15.99
16.04
14.18
14.61
15.72
16.54
15.56
14.19
14.76
14.75
14.57
14.7
4.9
9.69
12.45
12.01
10.29
10.87
11.12
11.21
10.93
11.27
11.29
12.25
12.68
13.93
15.04
15.15
15.03
14.71
15.72
16.31
15.88
16.11
17.31
16.93
17.05
17.44
16.67
15.64
5.76
10.73
12.8
11.98
9.82
10.03
11.18
10.9
10.83
10.71
12.49
12.69
12.03
13.04
14.59
14.37
13.77
13.91
14.51
13.91
14.33
14.12
14.66
14.75
14.84
14.89
15.97
7.18
11.92
14.03
13.07
10.04
10.85
11.38
11.62
10.51
10.87
11.63
12.19
12.89
13.13
14.02
14.08
14.75
15.76
15.32
15.91
14.58
14.93
15.02
15.68
16.17
15.1
5.84
10.27
12.38
12.36
10.27
10.3
11.03
11.47
10.76
11.07
11.7
11.38
11.8
11.88
13.06
13.15
13.08
13.64
13.67
13.75
13.63
13.3
12.88
17.75
19.03
6.33
10.13
12.33
14.28
13.87
10.49
11.29
12.07
11.52
11.66
12.12
11.04
11.39
11.56
12.05
12.53
12.42
12.66
13.44
13.77
13.8
17.45
19.85
13.88
6.22
10.11
10.29
12.56
13.52
12.71
10.79
12.32
11.7
11.91
12.14
12.65
12.92
13.33
13.98
13.39
13.85
14.4
17.38
17.99
18.99
12.99
11.04
4.43
7.85
11.69
11.43
13.99
13.95
14.5
14.9
11.21
11.55
11.3
11.88
12.16
12.47
16.3
17.4
16.05
17.33
12.92
10.79
6.37
4.14
7.15
9.83
10.26
11.49
13.5
14.08
14.14
14.23
14.79
15.24
14.34
14.36
11.77
12.19
9.98
6.26
3.62
6.33
7.65
9.29
9.44
11.19
10.66
10.51
9.47
10.08
9.06
8.07
5.13
3.98
5.07
5.36
3.87
7.33
11.23
9.39
9.89
9.24
10.3
10.73
11.54
12.16
12.44
12.42
13.18
14.47
14.73
15.16
16.51
18.63
18.03
19.05
18.63
19.56
18.8
18.61
19.87
18.51
18.2
18.31
17.94
17.63
15.96
14.17
13.26
13.03
7.21
12.25
10.23
10.43
10.73
11.3
11.43
11.61
11.67
12.36
13.4
14.57
14.55
15.52
16.77
17.33
17.58
18.29
19.65
20.53
19.61
18.82
17.35
18.19
17.75
16.75
15.54
15.73
16.05
16.11
15
13.57
12.84
7.07
12.06
10.22
10.31
10.05
10.37
10.47
11.57
11.49
12.09
13.7
13.99
14.32
14.06
15.01
17.13
20.23
20.44
19.26
19.49
18.72
19.77
19.34
20.08
19.56
19.45
18.24
17.72
15.84
14.86
15.01
13.83
13.1
5.94
11.1
12.53
9.86
9.88
10.94
11.74
12.42
12.04
12.41
12.67
14.02
14.16
15.36
17.04
17.31
18.52
18.42
18.97
20.32
19.94
20
18.47
15.72
16.17
16.08
17.63
16.94
16.27
15.72
15.23
14.21
13.18
6.61
10.02
12.84
10.27
10.3
10.68
11.12
11.19
11.09
12.69
14.1
14.71
15.49
15.48
16.12
16.54
17.64
17.49
17.45
18.91
18.11
18.13
17.33
17.29
17.47
16.39
15.3
16.15
16.1
14.85
14.38
13.9
13.46
3.76
9.82
13.58
10.43
10.83
10.77
10.28
10.14
10.99
11.5
11.99
12.47
13.95
15.76
14.77
16.08
16.67
18.54
19.44
19.16
18.7
18.78
18.01
18.13
18.44
16.46
15.94
15.39
14.7
15.26
14.97
13.82
13.06
7.83
12.77
10.36
10.49
10.63
10.54
10.02
10.96
11.56
12.14
12.35
13.12
13.64
14.45
14.88
15.28
17.14
16.37
17.24
18.06
17.87
17.38
17.62
17.39
18.36
18.46
18.2
16.67
15.54
15.51
14.35
12.53
6.83
11.64
12.5
10.29
10.51
10.23
10.84
10.95
11.23
11.36
12.05
12.86
12.92
13.68
15.63
17.1
17.96
17.32
16.85
18.73
18.74
18.94
19.59
17.84
17.09
17.86
18.35
17.64
16.28
14.17
13.9
13.63
5.17
10.07
13.1
10.39
11.62
11.38
11.99
12.51
12.99
13.06
13.07
14.44
14.8
14.45
14.14
15.58
15.93
16.93
16.21
16.62
18.07
19.05
18.32
17.97
17.17
17.14
16.15
15.59
15.08
14.72
14.3
13.56
7.84
12.46
12.75
9.59
9.58
9.76
11.65
11.78
11.03
11.76
12.03
13.34
13.25
14.19
15.04
16.24
17.78
18.46
18.04
18.18
16.97
17.65
17.53
17.4
16.37
16.04
17.09
15.94
14.51
15.18
13.86
5.35
11.44
14.12
10.79
11.06
10.88
12.11
11.99
12.38
12.59
13.16
13.3
13.39
13.26
13.27
15.15
16.44
18.27
17.5
17.34
18.84
18.86
18.08
16.69
16.74
17.37
15.36
15.58
14.95
13.42
13.24
7.69
12.24
11.82
9.07
9.86
11.09
11.47
12.01
12.35
11.48
11.86
12.34
13.85
14.22
15.2
16.4
15.8
15.19
16.34
16.66
16.16
15.81
16.88
17.76
16.4
16.32
17.41
16.64
15.46
14.48
5.35
10.59
12.27
9.96
10.16
11.12
11.54
11.71
11.5
12.74
13.02
12.25
12.76
13.66
12.78
13.15
14.2
13.41
13.2
14.59
14.8
16.79
16.68
16.1
15
15.06
14.18
14.93
15.6
14.79
8.01
12.65
13
10.82
10.7
10.88
10.88
12.09
12.64
12.98
12.73
13.09
14.32
14.22
13.52
14.42
14.91
14.93
15.95
16.44
15.11
15.5
15.77
16.09
15.17
15.58
14.94
15.82
15.31
4.88
9.87
13.39
13.81
11.44
11.19
12.09
12.18
12.5
12.06
12.14
13.41
13.97
14.39
15.44
15.47
15.75
15.33
15.34
15.79
14.27
14.77
15
15.77
14.96
15.2
16.39
15.98
15.12
6.11
10.87
13.28
13.52
10.73
10.6
10.72
10.22
11.19
11.73
11.13
11.29
12.38
13.67
13
14.18
14.87
15.86
16.9
16.79
16.48
15.7
16.26
16.19
14.61
14.3
14.75
14.79
6.29
11.14
12.89
13.05
9.87
10.07
9.76
10.82
11.99
12.86
12.66
12.61
12.87
12.96
13.09
13.72
13.64
13.99
14.3
14.05
14.78
14.51
15.53
15.48
16.07
15.55
14.79
6.72
11.24
13.54
13.63
11.2
11.12
10.51
10.37
11.02
10.57
11.39
11.86
11.97
12.52
13.08
13.5
13.91
14.36
15.07
15.28
14.64
15.4
15.53
15.41
14.44
13.95
6.46
10.3
12.96
12.63
10.18
10.77
11.06
11.07
11.28
10.87
10.35
10.5
11.43
11.73
11.67
12.24
12.45
12.07
13.86
14.41
13.98
14.6
14.05
18.73
18.23
5.59
9.16
10.95
13.06
13.2
10.16
10.17
10.57
10.62
11.14
10.47
10
11.46
12.29
11.58
11.51
12.44
12.15
12.64
12.88
17.32
17.51
18.09
12.11
5.17
8.28
9.85
12.74
13.7
13.28
10.9
11.6
11.86
13.05
13.2
12.99
13.34
13.53
12.47
12.87
13.1
16.49
18.4
19.01
12.46
11.62
10.16
4.51
8.1
10.01
12.15
12.71
13.59
14.87
15.72
14.53
11.61
11.58
14.23
15.21
16.52
16.94
15.96
11.26
11.12
7.24
4.8
7.28
8.63
11.07
11.59
11.4
13.64
13.47
13.37
14.63
11.76
11.67
10.74
9.13
5.67
3.98
6.4
7.52
7.49
7.55
7.27
8.16
7.72
4.45
9.37
13.31
10.04
10.64
11.66
11.49
11.87
11.66
12.48
13.05
13.97
14.55
15.95
16.01
17.38
17.83
19.03
19.06
20.41
21.3
21.13
21.06
21.11
20.18
18.7
17.99
16.94
16.37
15.66
14.4
13.92
13.47
12.15
11.22
8.51
13.5
9.94
9.35
9.27
10.07
10.97
12.43
12.84
12.93
13.76
13.95
13.68
14.21
17.98
19.44
19.78
20.28
21.64
20.32
20.21
21.96
20.9
19.68
19.82
19.15
17.37
16.89
14.91
13.31
12.47
12.33
11.86
11.45
7.56
12.63
9.96
10.22
10.33
10.09
9.57
10.12
11.16
12.17
12.24
12.21
13.91
14.73
16.18
17.97
19.12
18.48
18.38
21.07
21.38
20.14
19.23
19.84
19.73
17.58
15.48
16.48
15.28
14.79
13.55
13.01
12.5
11.01
7.79
13.01
11.5
11.48
11.28
11.72
12.04
11.86
12.58
12.68
13.66
15.86
15.78
15.3
17.12
18
18.04
17.08
17.5
18.92
20.54
20.31
18.64
17.89
17.74
16.96
16.33
15.82
15.77
15.92
15.7
12.91
12.01
13
6.66
11.04
9.89
10.66
10.2
9.82
9.55
10.34
10.46
11.14
12.93
13.36
14.18
15.6
16.68
18.03
17.66
18.24
18.54
19.73
18.6
18.91
19.99
19.23
19.32
19.07
18.28
18.08
16.03
14.27
13.27
12.99
12.2
12.09
5.69
11.08
11.78
10.32
10.39
9.86
10.11
10.61
11.32
12.09
11.3
12.32
13.72
14.16
14.01
15.87
16.76
17.67
18.2
18.87
19.57
18.98
18.49
19.11
19.11
18.12
17.26
16.35
15.32
14.88
13.96
13.15
13.08
13.36
4.12
10.41
14.11
10.93
10.06
10.77
10.57
11.34
12.18
12.53
13.3
13.59
13.93
13.71
14.46
14.68
15.04
17.95
17.43
17.48
18.52
20.02
19.01
17.92
18.64
19.61
18.48
17.56
15.77
15.77
14.57
12.91
12.83
12.95
8.16
12.68
9.65
9.75
9.95
11.51
12.03
12.07
12.05
12.56
13.7
15.67
14.2
14.5
15.82
16.91
17.55
18.91
18.72
21.33
19.94
19.42
19.25
17.78
17.12
15.54
16.36
15.84
14.3
13.95
13.18
12.57
13.07
6.68
12.06
13.01
10.92
10.68
10.78
10.45
11.06
10.56
11.11
11.96
12.58
13.69
14.4
15.5
17.14
17.3
17.13
17.12
17.26
17.27
16.95
16.53
16.9
17.21
17.28
16.6
14.39
13.2
13.2
13.1
13.44
13.36
4.74
10.58
14.25
10.92
11.02
11.48
11.83
12.65
13.27
13.32
13.34
13.69
14.61
14.87
14.29
15.31
14.53
16.94
17.65
15.97
16.71
17.78
19.03
18.89
18.16
17.57
16.71
16.1
13.87
14.03
12.71
12.29
11.75
8.23
13.89
13.13
10.01
10.56
10.56
10.54
10.75
11.68
11.5
12.28
13.29
13.64
15.28
16.81
17.16
17.58
16.82
16.82
17.49
16.79
17.52
17.12
16
16.41
16.06
14.5
13.53
13.05
13.27
13.39
13.37
5.03
10.92
14.22
10.75
11.33
11.42
11.47
11.58
12.06
13.01
14.5
13.59
13.85
15.14
15.93
16.84
15.98
15.66
15.33
17.26
17.27
17.21
16.26
15.63
16.03
15.69
14.98
15.45
15.82
14.43
14.85
14.83
9.66
14.03
13.62
10.76
10.57
10.7
9.79
10.22
10.26
10.55
11.55
12
13.08
13.44
13.96
14.75
15.11
14.25
14.59
15.35
13.95
15.06
15.76
14.18
14.21
14.71
14.85
13.75
12.64
12.1
12.28
5.05
10.16
12.27
10.38
9.57
10.17
10.37
10.11
10.88
10.94
11.3
11.78
12.18
13.11
13.17
15.69
15.86
15.21
15.6
16.08
16.3
16.38
17.76
18.43
15.99
16.18
16.35
16.07
15.75
15.52
14.18
6.62
12.96
13.07
10.35
10.75
10.71
10.78
11.36
11.56
11.96
13.01
12.98
13.59
14.12
15.61
14.57
15.86
16.76
16.13
16.26
14.79
15.72
16.41
17.51
15.33
15.29
15.64
14.67
13.83
14.05
7.73
12.35
12.31
10.07
10.55
11.03
11.52
11.43
11.83
13.06
13.16
12.88
13.52
14.36
14.07
14.3
15.07
16.03
15.42
15.13
14.55
13.97
14.21
14.7
14.68
13.98
15.04
14.13
14.37
5.85
10.54
13.73
12.83
9.99
10.21
10.69
10.96
11.23
11.9
13.35
13.69
13.63
13.69
13.49
14.02
14.51
15.05
15.1
16.44
16.27
16.06
16.1
15.53
15.96
15.25
15.44
15.33
15.52
5.85
10.11
12.68
12.85
10.54
11.04
10.85
11.63
12.83
12.66
12.36
13.01
13.43
13.92
14.47
15.07
15.61
15.18
15.59
15.37
15.8
15.81
17.31
17.27
16.71
16.19
16.21
15.96
6.01
10.83
13.23
12.93
10.08
10
10.47
10.53
10.57
11.51
11.1
11.81
12.27
12.43
13.38
13.27
13.05
12.32
12.97
14.32
13.68
13.54
13.94
14.88
14.34
14.42
15.05
5.96
10.36
12.71
13.14
10.3
10.82
10.96
10.57
11.18
11.32
11.66
12.89
12.48
13.42
13.79
14.24
13.41
13.9
13.35
13.96
13.76
13.48
14.38
14.51
14.84
14.76
5.27
7.52
11.39
12.87
13.17
10.28
10.62
11.57
11.45
11.39
12.35
12.52
12.48
12.59
12.29
12.99
14.29
15.2
15.05
14.24
13.68
13.34
19.64
19.89
17.95
7.23
10.65
13.56
14.25
13.73
10.84
11.89
11.73
12.18
11.6
11
11.34
11.18
11.04
11.33
11.8
12.61
13.61
17.09
17.52
19.41
12.4
10.53
4.86
7.48
9.61
11.33
13.58
14.15
12.52
9.69
9.83
10.66
10.96
11.03
10.84
10.99
14.23
15.9
16.33
17.18
11.52
10.22
7
5.48
8.63
9.93
11.09
13.39
13.83
14.12
13.84
14.87
14.55
14.24
13.76
15.17
11.55
10.74
9.98
6.24
4.42
6.5
7.47
8.52
9.47
10.15
9.58
8.78
8.43
8.44
7.71
4.99
9.66
14.05
9.94
10.11
10.12
10.49
11.68
12.52
13.35
14.11
14.05
14.61
16.01
15.72
16.38
17.96
19.1
20.4
20.43
21.22
21.3
21.48
21.21
19.78
18.73
17.76
16.79
16.5
14.64
13.11
12.16
11.67
10.88
10.02
8.4
8.79
14.24
10.35
10.91
10.83
11.6
11.16
11.17
11.81
11.58
12.35
13.47
14.78
14.05
15.85
16.98
20.06
18.82
18.94
22.13
22.44
22.56
20.58
19.53
19.05
17.68
17.22
17.27
15.14
13.9
12.12
11.46
10.9
9.89
9.9
9.46
14.06
9.81
9.89
10.62
10.84
11.14
10.88
11.94
12.84
12.86
14.87
16.01
15.24
16.78
19.71
19.13
21.23
21.99
21.99
21.08
20.59
20.79
20.43
20.3
17.55
16.94
16.11
15.33
13.41
11.88
12.15
11.77
11.62
10.63
7.85
13.36
10.37
9.98
9.85
9.6
10
11.18
11.76
12.01
12.56
13.51
15.01
15.98
16.07
17.23
19.96
19.3
20.77
20.93
22.57
21.03
18.98
17.56
17.95
16.56
15.2
16.59
16.14
13.63
12.91
11.62
11.09
11.81
11.78
7.34
12.73
9.71
10.34
9.99
10.14
10.62
11.62
11.82
11.19
13.33
14.03
14.31
15.32
16.95
16.97
18.54
17.97
18.5
20.3
20.13
21.08
18.68
18.3
17.77
18.07
17.31
16.07
14.92
15.01
13.57
12.34
12.9
12.28
11.96
6.77
11.65
10.3
9.95
9.84
9.94
10.82
10.73
11.71
12.77
13.23
13.53
13.34
14.82
16.24
17.88
18.47
18.99
20.85
20.54
21.13
21.27
20.46
19.1
18.99
18.26
17.23
16.85
15.15
13.47
13
11.94
12.11
11.46
12.14
4.65
11.54
12.63
9.91
10.53
10.81
11.04
10.76
11.23
10.93
12.05
12.96
14.92
14.26
15.48
16.3
16.31
19.13
20.33
18.5
19.14
20.86
20.89
20.49
17.87
16.37
15.02
14.11
13.83
13.96
13.39
13.03
12.95
12.25
11.23
8.44
13.25
10.59
10.64
11.29
10.57
11.09
11.87
11.74
12.64
13.42
14.09
15.33
16.21
16.68
17.93
18.07
19.73
20.8
20.91
19.49
20.38
19.43
18.54
17.06
15.24
14.95
14.06
13.68
13.62
12.22
12.9
12.88
11.21
7.06
12.63
10.35
10.65
11.5
11.82
11.74
12.38
13
13.36
14.47
14.38
15.33
15.93
16.61
16.46
16.3
16.46
18.29
18.5
20.4
18.83
17.72
17.43
17.06
16.81
16.01
14.27
14.28
14.32
14.18
12.71
12.72
11.7
5.52
12.09
12.9
10.72
10.2
10.18
10.93
10.37
10.94
11.34
11.52
12.28
12.8
13.86
15.42
16.14
16.96
17.61
18.05
16.75
18.66
18.62
17.38
17.89
16.72
16.06
15.53
15.28
15.77
15.78
15
14.21
13.24
12.71
8.36
12.69
10.23
9.96
10.34
9.74
10.34
10.85
12.09
12.24
12.23
13.55
13.99
14.68
15.33
16.88
17.23
17.58
18.16
17.42
17.39
19.19
16.4
15.54
15.6
15.58
14.18
13.68
12.67
12.56
14.11
14.24
13.32
7.04
12.25
12.82
10.1
9.71
9.61
10.59
10.3
9.39
11.72
12.12
12.25
11.63
12.92
13.28
14.16
14.12
15.47
15.62
17.56
18.69
18.06
17.76
18.04
16.24
15.23
14.39
14.11
13.7
13.47
12.96
12.5
12.33
5
9.88
13.05
10.49
10.49
10.52
10.91
11
11.3
12.4
12.1
12.3
12.57
12.47
13.53
15.33
15.13
15.83
16.18
17.48
17.76
18.67
19.07
18.12
17.48
16.86
15.5
15.41
15.52
15.99
14.88
13.73
14.24
6.58
12.26
12.67
10.68
10.87
11.34
12.05
12.08
11.41
11.96
11.99
12.37
12.27
13.17
13.32
14.67
14.71
15.03
15.76
16.15
16.69
18.63
19.31
17.71
16.72
15.59
15.82
15.47
14.4
14.47
15.84
14.54
7.91
13.36
12.84
10.22
10.14
10.49
10.82
10.95
10.1
10.63
10.5
11.64
11.52
12.28
13.31
12.93
13.94
14.72
15.56
16.29
15.48
17.02
16.8
16.79
16.53
17.13
16.14
15.08
15.58
14.95
14.75
5.68
11.02
14.15
10.41
10.84
12.14
12.6
12.58
12.06
12.66
13.5
12.81
12.89
11.53
12.63
12.9
14.25
13.4
13.11
14.06
12.84
13.66
15.71
15.78
15.2
15.42
14.7
14.69
14.59
14.66
14.52
6.11
12.46
12.23
10.57
10.62
11.5
11.84
11.02
10.91
11.25
12.37
12.15
12.34
12.47
12.56
12.67
13.66
13.76
14.23
15.74
14.38
15.01
15.16
15.3
15.1
15.26
15.67
15.62
14.32
13.67
6.82
12.38
12.53
9.91
10.33
10.3
9.74
10.62
10.21
10.61
11.2
12.65
12.46
13.04
14.13
13.95
13.71
13.75
13.32
13.84
14.6
15.06
14.52
14.62
15.7
15.21
15.29
14.18
13.79
4.7
8.97
11.9
12.02
9.98
9.94
10.93
11.46
11.1
11.17
11.77
11.51
11.77
12.8
13.32
13.68
15.28
15.04
15.03
14.4
14.14
14.92
14.42
15.06
14.9
14.17
14.96
14.44
13.33
5.66
9.46
12.23
12.7
10.05
10.42
10.48
10.69
11.02
11.03
11.6
11.17
11.53
11.14
12.17
12.31
12.44
13.09
14.52
14.04
13.23
12.74
12.02
13.51
14.35
14.99
15.29
15.49
4.35
8.16
12.02
14.85
14.79
10.69
10.63
10.73
11.18
10.69
11.16
10.98
10.4
10.31
10.83
10.29
11.02
11.4
12.46
13.39
13.76
13.86
14.17
14.77
15.14
15.03
15.34
7.11
10.35
13.12
13.26
10.4
10.5
11.29
11.66
11.35
11.82
11.88
12.3
12.16
13.19
13.54
13.72
14.46
14.24
13.52
13.69
14.1
14.01
13.43
18.64
17.75
5.48
8.66
11.26
13.45
13.27
10.1
10.65
10.59
10.99
11.18
10.84
11.37
11.54
12.6
13.28
13.16
13.3
14.14
13.95
13.62
18.14
19.67
19.09
11.71
7.08
9.03
11.79
13.52
14.5
13.7
11.55
11.33
11.3
11.67
11.88
12.17
12.64
12.96
13.08
13.09
16.18
15.92
16.58
10.89
9.84
5.5
4.83
7.49
9.37
11
12.2
13.78
14.66
15.46
15.71
15.77
15.63
14.9
13.74
12.75
12.05
12.28
9.86
8.4
6.27
5.01
7.19
8.07
9.37
9.33
9.76
10.98
9.92
9.98
9.88
8.87
7.4
5.52
3.55
3.72
10.69
15.19
10.8
10.37
10.64
10.71
10.98
11.35
11.62
12.94
12.7
13.06
14.46
16.97
17.08
19.07
21.66
23.38
23.42
23.16
23.37
22.17
23.75
20.87
18.06
16.66
16.17
15.05
13.07
12.38
12
12.4
12.09
10.07
9.16
7.89
10.25
14.51
10.45
11.28
10.61
11.47
11.58
11.61
11.5
12.35
11.77
13.75
15.15
15.51
17.18
18.95
20.05
21.55
21.96
24.83
23.96
23.53
23.18
23.7
21.23
18.9
17.21
14.81
14.32
14.66
14.49
11.63
10.3
9.05
8.03
8.66
9.12
14.85
10.61
10.6
11.24
11.96
12.09
12.67
13.81
13.63
14.17
14.79
15.87
16.03
16.68
20
21.01
21.99
20.87
21.99
22.49
23.91
22.37
22.09
20.38
18.71
17.15
13.68
12.26
10.5
9.6
10.76
10.88
11.22
10.43
8.97
7.43
13.08
9.56
10.12
10.68
10.52
10.91
11.35
11.82
12.44
13.67
14
15.88
16.69
15.66
17.57
20.07
21.86
22.39
21.48
22
22.17
21.55
20.73
19.75
18.4
18.29
17.68
15.71
13.91
13.37
12.14
10.71
9.49
9.06
8.48
7.8
13.07
10.24
10.58
11.46
11.23
11.82
11.69
11.67
12.52
12.99
13.05
14.26
15.16
16.56
16.71
19.51
21.56
21.71
20.86
23.38
23.03
21.35
20.89
21.03
19.79
17.12
16.22
16.03
15.13
14.27
13.58
12.55
11.85
11.17
9.88
6.4
12.54
10.59
11.11
10.85
11.5
12.39
11.81
11.94
13.36
13.28
13.9
15.24
15.99
16.44
17.84
17.87
18.92
20.34
22.2
22.83
23.2
22.17
22.7
21.95
20.96
17.7
15.32
14.76
14.19
13.67
12.78
13.11
12.71
12.16
10.99
5.16
12.71
13.2
10.56
10.82
10.27
10.64
10.48
10.72
11.33
11.09
11.36
12.9
14.77
16.72
18.4
19.77
20.88
22.66
21.6
21.48
24.08
21.77
19.42
16.77
17.73
17.04
15.7
15.2
15.86
15.08
13.92
13.17
12.03
11.6
11.32
8.78
12.82
10.03
9.89
9.92
10.27
10.07
11
11.73
13.19
13.17
12.99
14.25
14.85
16.62
19.4
18.52
18.42
20.65
20.2
20.56
20.26
20.53
19.24
17.34
15.76
15.23
14.1
13.2
13.63
11.26
12.2
11.02
10.63
11.04
7.48
13.52
10.39
10.86
10.41
11
11.54
12.01
13.1
12.21
14.69
14.34
13.45
14.53
16.04
19.38
18.95
18.71
18.67
19.92
21.68
19.77
18.63
18.75
18.23
17.09
15.84
15.22
14.62
15.05
13.14
11.83
11.69
10.42
10.3
5.88
12.49
12.45
9.6
9.55
10.13
10.63
10.37
11.1
11.49
12.05
13.5
14.85
14.43
14.81
16.16
16.53
17.15
16.66
17.1
18.04
18.76
17.06
15.88
16.5
16.23
16.43
17
15.42
13.69
13.77
13.2
11.72
12.06
12.12
8.55
13.38
10.02
9.75
10.43
10.82
11.07
11.65
11.92
12.03
11.95
12.91
13.56
14.83
14.9
16.06
16.82
17.77
17.69
18.51
18.63
19.7
18.81
17.48
15.52
15.5
14.94
14.86
13.71
14.49
14.84
13.57
13.19
11.48
6.82
12.42
9.98
9.99
10.19
10.35
10.55
11.12
10.53
10.97
12.43
11.74
12.47
13.27
13.41
15.25
16.18
17.02
16.57
17.03
17.06
17.13
16.81
17.84
15.64
14.14
15.11
15.32
15.36
14.05
13.29
13.77
13.58
13.49
5.31
12.36
13.07
11.06
11.36
11.26
11.01
11.43
11.76
12.41
13.22
13.53
14.22
13.93
14.73
16.91
17.54
17.68
17.76
16.93
16.81
17.57
18.34
18.13
18.06
17.21
16.47
15.8
15.06
14.89
14.89
14.51
13.28
12.85
7.69
12.13
12.2
10.07
10.29
11.27
11.36
12.52
11.99
12.33
12.52
13.07
14.12
14.25
14.86
16.51
17.45
18.15
18.35
17.58
17.63
18.99
18.21
17.95
15.98
15.98
16.14
13.75
12.56
13.06
12.42
12.4
11.78
4.99
10.36
13.1
9.7
9.75
9.82
9.65
10.28
10.67
11.49
12.37
12.81
12.93
12.97
13.2
14.09
14.48
16.21
16.53
16.82
17.06
17.79
17.4
17.21
17.77
17.5
17.57
17.06
16.54
15.5
13.93
12.59
12.64
6.19
12.6
12.31
9.29
9.91
9.65
10.35
11.39
11.21
11.5
11.4
11.76
12.53
12.46
13.47
13.33
13.03
14.47
14
14.3
14.16
15.07
16.56
16.87
16.71
15.69
15.39
14.97
15.29
15.29
14.06
13.71
7.86
13.17
12.51
10.64
10.53
9.98
10.05
10.37
10.86
10.31
10.99
11.93
12.14
12.23
11.81
12.6
13.53
13.54
13.91
14.17
14.62
15.46
15.83
16.11
16.71
15.68
15.1
15.35
14.45
15.12
14
5.14
9.34
12.12
9.11
8.72
8.5
9.64
9.68
10.8
11.09
11.1
11.36
11.88
12.2
12.84
13.4
13.05
13.86
14.77
15.26
15.6
15.91
16.9
15.98
16.15
15.4
15.52
14.94
14.24
14.13
13.47
6.02
10.46
11.65
10.56
10.51
10.21
10.77
10.93
11.31
11.96
11.43
12.73
12.18
12.75
13.12
12.85
13.4
14.3
13.32
14.34
14.5
14.43
14.34
14.37
14.69
13.34
12.82
13.71
14.21
14.17
6.49
10.73
11.47
10.07
9.79
10.54
10.28
10.78
11.24
11.49
12
12.98
12.94
11.88
11.89
12.54
12.56
13.06
13.17
13.69
13.3
12.17
13.57
15.56
16.2
14.96
14.27
15.11
13.61
6.58
10.95
13.39
13.76
10.86
10.09
10.11
10.85
11.92
11.66
11.4
12.1
12.07
11.56
12.27
11.87
12.34
12.4
13.08
13.88
14.45
14.23
14.2
14.69
14.87
13.97
13.45
13.4
6.6
10
12.92
13.78
10.12
9.51
9.39
10.05
10.72
11.34
11.37
11.69
11.93
11.36
11.67
11.29
12.53
12.46
12.82
12.8
12.39
13
13.87
13.86
13.76
14.14
15.18
5.7
8.9
12.38
14.29
14.64
11.11
10.76
10.69
10.85
11.46
10.61
11.19
11.6
11.53
11.24
11.17
11.56
11.82
12.62
13.38
13.3
13.5
13.08
12.91
11.96
14.45
7.32
10.08
12.2
13.2
9.98
10.26
10.13
10.3
10.62
11.09
11.57
11.95
12.24
12.65
12.2
13.44
12.79
13
13.5
14.23
14.24
18.02
17.85
16.49
5.38
8.23
10.58
11.89
12.94
12.47
10.57
10.58
10.28
10.7
10.68
11.52
12.01
12.25
11.81
12.3
11.78
14.78
15.53
15.72
15.75
12.58
9.85
6.22
8.29
10.17
12.95
13.65
14.57
15.69
15.9
15.84
14.51
14.1
15.85
16.92
16.66
16.61
15.79
11.09
9.52
6.74
5.34
7.79
8.96
10.08
11
10.46
11.06
11.74
9.5
9.96
9.81
9.28
7.96
5.65
3.48
5.78
6.16
6.25
4.64
8.89
13.91
10.02
9.98
10.44
10.81
11.46
11.83
12.28
12.42
13.57
14.42
15.57
17.74
17.28
19.92
21.89
22.67
25.55
25.2
25.91
25.53
23.85
20.32
19.34
17.94
16.36
15.68
13.72
13.07
13.53
12.08
10.18
8.28
7.9
7.84
7.27
8.66
13.49
9.81
9.86
9.52
9.93
10.01
10.71
11.43
12.32
13.05
13.94
15.86
16.1
18.56
20.54
22.02
24.11
26.04
26.06
24.76
24.16
25
22.43
20.29
18.98
18.49
16.45
16.71
13.78
11.99
11.45
10.62
9.99
9.16
7.92
7.49
8.74
14.04
10.23
10.09
10.03
9.75
11.08
11.58
11.43
12.66
12.43
14.21
14.27
14.77
17.51
20.79
22.79
20.72
22.39
22.95
24.86
23.76
22.65
23.31
19.27
18.65
16.65
15.91
14.2
12.53
11.97
11.1
10.02
9.68
9.72
9.68
9.31
8.3
13.79
11.15
11.26
10.94
11.46
11.73
12.23
13.18
13.35
13.85
14.61
15.19
17.76
17.93
20.16
20.93
21.69
24.57
24.57
25.24
26.42
23.68
19.94
19.34
18.81
17.22
15.53
14.16
14.05
12.5
11.28
10.35
10.25
8.88
8.77
8.07
6.59
12.05
9.48
9.88
9.07
9.23
9.73
10.62
10.62
11.51
12.18
11.94
14.77
15.23
15.64
17.48
20.31
21.71
21.96
21.39
23.4
22.33
21.04
18.92
19.48
17.8
15.84
14.88
15.12
14.05
13.86
12.38
11.19
10.62
10.35
9.63
9.21
6.3
11.52
9.23
8.91
9.52
9.96
10.07
11.41
11.05
12.27
13.89
13.45
14.84
16.31
17.55
19.1
19.01
21.28
23.56
24.33
26.32
23.72
21.87
21.35
19.98
17.71
15.76
16.14
15.8
12.97
12.02
11.9
12.12
10.83
9.82
9.61
9.76
4.4
11.76
12.86
9.71
9.74
10.02
10.55
11.62
11.6
11.78
12.58
12.49
12.24
12.72
14.7
17.06
19.5
20.04
23.02
24.9
23.19
25.28
22.78
19.8
19.37
17.99
15.85
14.65
14.12
13.03
10.69
10.65
11.32
11.3
10.43
10.58
9.94
9.18
14.03
10.9
10.53
11.07
10.68
10.52
10.95
10.62
11.83
12.35
13.43
14.83
16.48
17.63
19.94
21.17
19.12
22.25
21.85
23.22
21.53
20.49
19.01
17.65
16.76
15.52
14.3
13.67
13.05
11.43
11.27
11.51
11.36
9.96
9.04
6.78
12.56
9.89
10.38
11.09
11.34
11.47
12.22
12.58
11.61
12.68
15.37
15.38
16.96
17.14
16.79
19.32
20.8
21.24
21.19
20.54
20.28
18.73
18.23
17.93
17.27
15.44
15.2
15.06
13.88
11.82
11.25
10.52
10.27
9.69
9.84
5.9
13.07
13.76
10.99
11.25
10.54
10.83
10.97
11.25
11.75
11.87
13.34
15.48
16.32
16.98
18.05
17.54
18.91
18.44
18.91
19.87
19.03
17.51
16.71
16.76
15.73
16.27
16.04
15.63
14.5
14.42
14.11
12.88
12.43
10.59
10.12
9.67
14.41
10.83
10.64
11.68
11.14
11.43
11.55
12.12
12.47
13.13
14.12
13.46
16.94
17.76
17.08
18.73
19.42
19.17
18.66
19.03
20.35
20.15
18.98
18.34
18.33
16.3
14.46
12.92
13
12.2
13.08
13.15
12.97
11.45
7.51
13.2
10.1
10.63
10.45
10.32
10
10.97
10.85
11.05
11.73
12.64
11.96
13.66
14.14
16.87
16.72
18.11
20.22
19.6
20.02
22.82
20.99
17.42
16.05
16.71
17.52
16.96
17.58
15.87
14.77
14.3
12.16
11.7
11.39
4.74
10.71
11.55
9.31
9.9
9.56
10.04
10.98
10.92
12.29
12.52
14.45
13.39
15.04
15.57
17.44
17.9
16.96
16.74
17.19
17.16
17.95
18.75
19.19
18.38
17.37
15.75
15.98
15.46
15.51
14.72
14.96
14.45
13.11
13.25
7.51
12.63
10.47
10.56
10.6
10.7
11.05
11.32
11.41
11.38
12.6
13.58
13.46
14.46
14.7
15.55
16.06
15.84
17.2
17.99
19.18
19.94
17.56
16.72
16.25
16.41
16.12
15.88
14.17
14.08
14.01
13.66
13.02
12.99
5.41
11.44
12.21
9.8
9.62
10.09
9.39
9.98
9.36
10.66
10.42
11.52
11.85
11.69
13.01
13.9
15.16
14.64
14.52
14.7
15.58
15.65
17.46
18.28
16.75
15.64
14.8
14.43
15.25
13.6
12.96
13.38
13.05
11.54
7.09
12.27
13.52
10.71
10.91
11.38
11.85
12.15
11.16
12.06
11.95
12.35
13.3
13.86
12.89
13.03
14.56
15.63
15.4
15.89
16.24
17.02
17.78
18.1
17.35
15.95
15.58
15.06
14.67
14.32
13.1
12.82
13
4.54
9.99
14.22
10.93
11.55
11.22
10.89
10.36
11.26
11.34
11.39
11.56
11.92
12.77
14.02
13.23
13.9
14.37
14.54
14.78
15.3
16.14
16.98
17.14
17.22
16.83
15.2
13.53
13.11
13.19
12.8
13.1
12.78
5.77
11.07
12.48
10.03
10.18
10.77
11.61
11.16
11.93
11.78
12.11
12.32
12.59
12.22
12.52
12.69
13.81
15.47
15.95
16.78
17.23
16.56
16.98
15.83
15.79
15.62
15.54
15.38
14.58
14.22
13.43
14.25
7.05
12.13
13.14
10.9
11.37
11.35
11.76
11.48
11.72
11.23
11.52
11.32
11.91
12.07
11.63
11.89
13.19
13.29
13.69
15.19
15.94
15.38
16.56
17.32
17.61
15.68
15.03
14.73
15.12
14.6
14.54
6.64
11.9
12.13
9.39
9.75
10.02
10.12
10.16
10.2
10.74
12.01
12.18
12.25
12.89
13.47
13.97
13.82
13.2
14.77
15.17
16.24
15.68
16.32
15.98
16.37
15.09
15.29
14.52
14.53
13.72
7.82
13.28
13.24
11.36
11.73
10.88
10.92
11.26
11.08
11.32
11.28
11.77
12.6
13.03
13.39
13.71
13.56
13.58
14.47
14.53
14.35
14.29
14.87
14.8
14.86
15.27
15.59
15.54
15.7
7.22
11.81
12.2
9.45
9.98
9.83
10.69
10.3
10.41
11.31
11.73
11.68
11.85
12.31
12.62
13.95
14.65
14.52
14.19
13.89
13.15
12.82
13.93
14.3
14.77
14.38
14.62
13.11
6.79
11.58
13.74
14.21
10.97
11.21
10.35
10.35
9.92
10.38
10.59
11.09
11.41
11.59
10.61
10.99
11.25
12.39
12.34
11.92
12.93
12.39
11.63
12.07
12.79
12.52
12.95
6.65
9.8
13.69
14.04
11.78
12
12.11
11.94
11.8
11.86
12.2
11.77
11.84
12.28
11.39
11
12.14
12.47
13.43
13.28
13.25
12.16
12.06
11.91
12.33
12.67
5.2
8.28
10.93
12.99
12.45
9.59
9.9
10.09
10.41
10.43
10.28
10.77
10.95
10.9
11.15
11.36
11.44
12.53
12.12
12.58
12.99
12.5
15.36
15.35
13.82
5.7
8.51
11.53
12.84
14
12.75
9.61
10.54
10.75
11.43
12.05
12.02
11.55
11.52
11.72
12.28
12.65
12.03
15
15.14
16.15
10.75
8.73
5.62
8.8
9.96
11.43
12.12
13.31
13.41
12.66
10.19
11.15
11.7
14.56
16.72
17.03
16.7
15.14
13.4
10.35
8.91
4.9
5.61
7.88
9.32
10.3
9.85
12.87
12
11.25
11.26
10.35
10.59
9.61
7.79
5.43
2.98
4.43
5.1
3.46
8.54
14.43
10.76
10.44
10.63
10.52
11.66
12.73
12.88
12.42
13.9
13.61
14.54
16.29
20.07
21.98
22.98
24.93
27.92
26.48
28.1
25.81
24.33
23.27
21.14
18.84
17.05
14.63
13.25
12.49
12.29
10.74
8.75
8.23
7.93
7.19
6.48
6.9
8.02
13.65
10.09
10.1
10.64
11.17
11.32
11.43
11.77
11.38
12.99
13.92
15.06
17.51
20.1
21.85
24.84
27.04
27.48
28.59
28.51
29.32
28.78
22.73
20.79
18.22
16.95
15.65
12.52
11.79
10.85
9.45
9.04
8.59
8.13
7.68
7.33
8.4
7.48
13.06
9.58
9.87
10.66
10.47
10.44
11.46
11.41
11.73
12.98
14.45
14.85
17.71
20
19.99
21.83
23.15
25.21
26.86
27.03
25.73
23.5
23.31
21.49
19.23
16.35
12.83
11.58
10.98
11.22
9.84
9.02
8.52
7.98
8.21
6.9
5.59
6.88
13.02
10.14
9.63
9.66
10.26
10.64
10.44
11.73
11.81
12.76
14.54
15.29
16.87
17.41
18.01
19.9
23.81
26.17
25.19
28.02
26.15
23.41
20.77
19.23
17.8
16.54
15.77
13.54
11.65
10.67
11.29
10.96
9.42
8.14
7.58
8.24
7.36
6.78
12.5
10.94
10.93
10.9
11.54
11.14
11.86
12.78
12.95
13.13
14.21
16.19
16.46
17.27
19.81
20.3
23.82
25.25
26.52
28.09
24.14
22.94
20.82
19.73
18.02
15.31
15.42
14.1
12.72
12.46
11.35
10.85
10.31
9.2
8.02
7.36
7.82
4.37
12
10.09
10.71
10.61
10.57
11.12
11.04
10.24
10.02
12.35
14.41
15.1
16.18
17.87
19.54
19.99
23.12
27.48
26.11
27.72
24.98
21.15
20.4
19.45
16.99
15.63
15.16
13.91
11.5
11.74
11.96
10.59
10.21
9.26
8.88
8.65
7.86
10.32
12.71
9.59
9.99
9.72
9.78
10.58
10.78
10.73
10.55
10.75
11.48
12.17
14.74
16.76
19.38
22.86
21.5
23.6
23.26
24.62
23.33
21.08
18.61
17.63
17.29
15.79
12.69
11.05
11.16
10.96
10.75
9.85
9.41
8.91
8.42
7.72
8.82
13.69
10.32
9.78
9.72
10.02
10.49
11.17
11.64
12.05
13.49
13.2
13.76
15.67
17.61
19.81
22.09
23.34
22.19
22.16
23.3
22.3
21.63
19.12
17.02
16.57
15.24
14.31
13.32
12.02
10.59
10.69
9.08
8.71
8.65
8.02
8.55
7.7
13.21
10.69
11.27
11.82
11.94
11.54
11.51
12.17
12.35
13.74
14.93
16.85
15.42
18.16
17.16
18.36
19.68
20.83
19.9
19.36
19.42
18.82
18.27
17.64
16.79
16.12
16.31
13.85
12.3
11.03
10.28
9.1
8.83
9.12
9.35
9.14
4.78
12.12
13.07
9.98
9.61
10.06
10.36
10.28
10.13
10.11
10.95
12.78
13.84
14.36
15.93
17.88
18.59
18.88
20.31
21.85
20.6
20.51
19.24
16.73
16.68
16
15.49
15.28
14.69
12.87
13.07
12.75
12.18
10.13
9.23
9.05
9.23
8.07
12.45
9.21
8.64
8.82
9.95
10.23
10.31
11.21
11.01
11.27
14.08
14.48
15.06
16.37
14.37
16.95
18.51
21.31
20.28
21.81
20.65
19.46
18.51
16.13
14.02
14.23
14.24
13.15
13.27
12.51
11.58
10.61
9.77
9.63
8.87
7.05
12.74
10.4
10.26
10.29
11.18
10.83
11.01
11.8
11.65
13.58
13
14.24
14.69
15
15.43
15.57
17.37
19.59
19.17
19.68
20.32
17.88
17.92
18.3
17.05
16.16
14.88
14.63
14.36
14.9
12.95
12.47
11.4
11.37
11.43
4.51
11.5
12.38
10.03
10.83
10.69
10.84
11.62
11.38
11.61
11.73
12.5
13.8
13.08
14.82
14.93
16.48
16.08
18.2
17.52
19.2
20.88
20.07
18.66
18.38
17.34
16.67
16.37
15.79
13.86
12.02
11.74
10.89
11.59
11.08
10.05
7.23
12.14
10.19
10.49
10.55
10.47
10.72
11.12
10.46
10.92
12.16
12.83
13.78
13.65
15.59
16.75
17.41
17.62
18.35
19.1
17.94
18.18
19.39
17.56
17.24
16.75
15.38
13.83
13.55
14.34
13.45
12.88
12.64
12.34
12.78
5.46
11.09
12.02
10.33
10.12
10.15
10.26
10.96
11.13
11.17
11.38
12.76
13.04
14.15
14.14
15.04
14.88
15.24
16.42
16.61
17.62
19.17
18.35
16.88
15.36
14.26
14.94
14.74
13.74
12.42
12.54
13.49
12.29
11
11.36
7.2
11.85
9.85
10.26
9.62
9.28
9.28
9.59
9.58
9.96
10.64
11.16
12.65
13.29
12.32
13.12
14.19
14.43
15.33
16.6
17.16
16.67
17.32
16.26
15.86
15
14.03
12.96
12.11
11.3
10.01
11.31
11.71
12.49
4.6
10.35
11.95
9.41
9.7
9.45
9.69
9.54
10.5
11.46
11.05
11.19
12.36
13.93
14.45
14.06
14.81
14.73
15.28
15.63
15.09
16.77
15.45
16.28
16.03
15.09
14.16
13.83
14.26
14.01
14.31
13.74
11.49
12.76
6.01
11.31
12.85
10.23
10.26
10.28
10.42
10.11
10.93
11.17
10.54
10.79
11.45
11.47
11.92
12.67
11.84
13.11
13.61
15.07
14.9
14.45
15.29
14.97
13.9
15
13.46
13.07
12.69
12.77
12.3
13.64
13.39
7.32
12.58
12.76
10.12
10.54
10.89
11.07
10.61
11.6
12.59
12.07
12.12
12.85
13.35
13.89
13.75
13.89
13.67
14.18
14.69
14.8
14.02
13.3
14.24
13.84
13.91
14.03
14.55
13.97
13.73
13.34
12.78
8.26
13.36
12.88
10
9.6
9.96
10.31
9.71
10.68
11.11
11.53
12.32
11.96
13.23
13.71
14.02
13.98
13.52
13.51
14.09
14.93
14.61
14.44
15.28
13.98
12.98
13.32
14.01
14.49
14.24
14.06
4.57
8.88
12.41
12.6
9.21
9.42
9.15
9.75
10.08
11.07
10.62
10.75
11.59
12.01
12.02
11.88
11.87
12.28
12.93
13.56
13.95
13.9
14.32
14.89
15.34
16.18
15.44
14.97
14.21
14.39
14.22
5.41
9.71
13.12
12.67
9.57
10.09
10.92
11.14
11.05
11.69
11.55
11.84
12.75
12.24
12.24
12.1
11.96
12.61
12.89
13.16
13.75
13.85
14.79
15.44
14.08
15
15.45
15.9
15.17
14.45
5.87
9.91
12.99
13.7
10.72
10.11
10.2
10.34
10.58
10.96
10.98
11.29
11.78
11.95
12.64
12.35
11.09
11.23
11.98
11.99
12.29
11.21
12.1
13.66
13.69
13.29
13.73
13.37
14.12
4.71
8.56
11.81
11.83
10.4
10.16
10.42
9.94
9.97
9.77
10.06
10.1
10.66
11.04
11.68
11.39
11.06
11.98
13.08
13.61
14.04
13.95
13.3
13.57
13.89
14.55
14.87
14.54
6.5
10.35
12.18
12.07
9.65
10.01
10.22
10.37
10.88
11.25
10.61
10.2
10.53
11.13
11.58
12.05
12.21
12.14
11.65
11.74
12.12
12.25
12.9
12.37
12.01
12.61
5.33
7.98
11.68
13.04
12.8
10.38
10.11
10.66
11.01
10.51
10.87
10.89
10.92
11.1
11.68
11.08
11.46
12.26
11.38
11.42
11.43
11.75
12
14.06
12.82
6.25
8.14
11.66
12.93
14.66
14.26
10.93
10.53
10.88
10.85
10.64
9.9
11.1
11.88
11.44
11.62
12.37
12.45
16.36
16
14.95
12.06
9.39
5.67
7.53
10.08
12.35
13.17
13.93
14.74
14.44
13.19
10.87
11.3
14.23
15.25
14.98
14.1
12.92
12.22
10.27
6.92
5.9
7.73
9.02
9.83
10.2
10.03
12.09
11.49
10.81
10.28
9.48
8.47
7.51
4.99
4
4.23
6.61
12.56
9.69
9.3
9.55
9.36
9.8
10.3
10.41
11.64
12.29
13.87
14.05
14.76
20.54
21.47
22.41
26.82
28.13
29.33
32.41
33.51
28.95
25.33
22.99
19.77
17.35
14.56
12.92
13.44
11.78
9.78
9.16
7.96
7.65
7.98
7.43
7.11
6.93
6.65
12.74
10.13
10.38
10.77
11.47
11.56
11.7
11.88
12.86
12.25
13.13
15.07
15.9
19.14
21.07
24.79
28.17
29.72
27.71
31.1
29.49
27.79
22.95
21.64
18.97
17.08
15.49
14.1
13.71
11.33
9.84
9.82
9.47
8.35
7.49
7.77
7.08
6.22
6.55
12.19
10.21
9.77
10.73
10.91
10.63
10.66
10.87
11.82
13.01
15.58
15
16.62
18.36
20.7
21.45
25.54
25.78
28.35
31.42
30.46
27.62
25.16
21.25
18.42
14.76
13.2
12.63
10.73
9.97
8.63
8.01
7.56
7.81
7.95
6.58
7.47
7.78
5.45
11.27
10.6
10.76
10.98
11.05
11.02
11.23
11.84
13
13.81
13.33
14.56
15.95
18.11
21.38
22.27
24.85
27.28
28.58
30.19
27.06
27.4
23.92
22.64
19
17.47
15.5
12.74
12.29
11.15
9.58
9.19
8.47
7.5
6.78
7.44
6.46
6.57
3.5
11.82
9.41
9.64
9.53
9.8
9.88
10.08
10.15
10.67
10.81
13.82
14.65
16.07
17.77
19.54
21.38
24.02
24.75
29.95
28.82
26.51
24.5
22.65
20.57
18.65
15.78
14.19
14.13
11.79
10.1
8.2
7.76
9.17
8.02
7.95
7.86
7.45
6.68
10.12
12.29
9.97
10.33
10.31
10.79
10.76
11.85
12.36
13.47
16.25
16.6
15.99
17.21
19.95
23.16
23.89
26.72
28.55
25.41
25.42
23.25
23.44
20.05
16.14
14.98
13.46
12.35
11.9
11.24
11.16
9.38
7.68
7.77
7.83
8.31
7.85
7.4
8.7
13.75
10.01
10.19
9.92
9.75
9.76
10.27
11.34
11.09
12.53
13.81
13.87
15.02
18.14
21.78
24.49
25.74
26.75
25.13
25.21
23.25
20.5
20.71
18.75
17.14
13.61
12.26
10.99
10.08
9.93
9.51
9.28
8.58
7.91
7.76
7.93
7.44
6.51
12.44
9.18
9.77
9.73
10.27
10.27
10.89
11.28
11.2
11.77
13.28
13.67
16.6
17.5
17.74
20.91
22.85
24.35
23.29
24.3
24.4
23.12
20.99
19.05
17
14.93
13.63
12.77
11.34
10.52
10.27
9.26
9.22
7.8
6.94
7.58
7.26
4.64
12.05
10.07
10.28
10
10.16
10.95
11.54
11.43
11.44
12.57
13.9
14.87
17.08
16.56
19.66
21.46
21.88
22.11
24.64
24.47
24.35
20.69
19.67
19.79
17.12
15.7
15.96
12.63
11.91
11.77
10.74
9.73
9.28
7.94
8.32
7.09
7.4
10.7
12.93
10.44
10.93
10.74
10.6
10.07
11.23
12.34
12.84
13.78
14.72
17.02
16.78
18.42
20.72
21.4
21.61
22.58
23.43
21.21
20.55
19.11
17.87
15.91
14.73
13.6
13.93
13.98
13.06
12.63
12.32
10.72
9.8
9.47
9.23
9.32
8.6
13
10.02
10.02
9.57
10.62
10.88
11.69
11.52
12.06
13.78
13.81
14.78
15.32
15.71
16.38
16.94
19.21
21.41
21.26
21.98
19.58
19.29
17.4
16.89
15.37
16.32
15.59
13.46
13.24
11.4
10.57
10.52
10.59
9.49
9.2
7.96
5.62
12.42
9.95
10
11.15
11.47
10.93
10.49
10.87
12.32
12.62
12.68
12.91
13.09
14.81
16.87
17.12
18.15
20.22
21.66
21.38
20.08
18.9
16.7
15.19
15.66
15.83
14.8
14.6
14.58
13.31
11.97
11.79
10.92
10.39
9.7
9.83
9.98
12.36
10.36
10.23
11.03
10.86
10.5
11.78
12.61
12.73
11.87
13.89
14.38
14.99
16.54
18.5
18.37
19.7
19.68
21.21
20.79
18.86
16.55
15.85
15.97
16.22
16.15
15.21
14.41
13.79
12.12
11.68
11.5
11.61
11.05
9.48
6.73
12.58
10.07
9.97
10.31
10.78
10.91
10.01
10.7
11.2
10.75
12.02
13.48
15.08
15
15.65
17.19
17.31
17.78
19.2
20.25
20.71
19.34
16.86
15.65
15.21
13.8
13.39
12.79
12.7
13.82
13.36
11.69
11.54
10.81
10.5
9.66
11.52
10.55
9.66
9.44
9.55
10.57
11.24
10.78
11.47
11.71
12.61
12.78
14.15
15.71
16.27
16.41
16.52
16.08
16.93
18.57
15.79
15.92
15
15.32
15.46
14.19
15.04
14.91
14.31
14.6
14.21
12.95
13.21
11.55
6.83
12.32
10.39
10.98
10.72
10.64
11.2
11.11
11.18
12.26
12.42
12.54
13.53
14.52
15.5
17.34
16.53
16.94
17.17
15.89
16.46
17.23
16.03
16.5
15.59
14.76
13.94
12.57
13.09
13.26
12.94
12.72
13.12
13.67
13.19
10.07
12.44
10.95
11.51
11.31
11.37
11.58
13.09
12.78
12.08
12.16
12.73
12.26
12.54
13.91
15.19
14.86
15.18
15.55
14.67
15.72
16.13
15.62
14.3
13.86
13.96
14.34
14.21
14.31
13.59
12.93
12.93
12.29
11.76
6.09
11.54
12.58
10.05
10.36
10.15
10.53
10.4
10.98
12.13
11.95
11.98
12.52
12.41
12.62
13.44
12.72
13.65
14.06
13.24
13.03
13.57
14.51
13.98
13.82
13.64
12.93
12.75
13.53
13.64
13.31
12.91
13
12.3
7.97
13.86
13.54
10.68
10.69
10.87
10.62
10.82
10.6
10.9
11.49
11.48
12.35
13.74
14.79
14.73
14.55
13.99
15.31
14.88
15.2
14.78
15.3
14.17
14.2
14.22
14.36
14.56
14.53
13.72
13.31
13.6
12.73
7.82
12.23
9.74
9.84
9.99
10.5
10.76
10.92
11.24
11.36
11.24
12.16
11.58
11.06
11.52
11.98
12.48
13.04
14.03
14.24
13.94
13.74
14.95
14.71
13.76
13.66
13.31
12.81
13.9
12.64
11.9
13.29
4.61
9.81
10.86
9.39
9.86
9.79
10.45
10.87
11.24
10.89
10.93
11.2
12.47
14.14
13.31
13.04
13.8
13.07
13.62
14.17
14.83
14.21
14.01
14.09
14.03
13.51
12.7
12.63
13.1
14.13
13.59
13.49
5.8
9.83
11.94
10.29
10.38
10.17
10.18
10.78
11
11.22
10.72
10.96
10.98
11.53
11.72
12.13
12.79
13.97
13.84
13.44
12.74
12.62
13.35
13.66
14.62
14.92
14.36
13.71
13.65
13.07
13.49
5.59
9.48
11.07
10.06
9.4
10.3
10.22
10.65
11.03
10.86
11.13
11.13
11.39
11.79
11.57
11.7
11.62
12.46
13.14
14.02
14.48
14.54
14.16
13.89
13.51
14.53
14.94
14.38
14.26
13.69
5.64
10.48
13.06
13.75
10.77
10.72
10.55
10.69
11.29
11.71
11.55
11.38
11.27
11.42
11.89
12.74
12.67
12.59
13.56
13.21
13.2
13.62
13.23
13.47
12.67
13.78
13.73
14.26
14.91
4.29
8.47
11.8
12.16
9.93
10.23
10.88
10.94
10.9
11.55
11.18
10.14
10.84
11.24
11.24
11.91
11.63
12.05
12.43
12.9
12.35
13.05
13.15
12.94
12.18
12.14
12.83
12.21
7.08
10.61
13.02
12.83
10
10.34
10.03
10.1
10.41
10.05
10.02
9.62
9.91
10.83
11.68
10.95
11.3
11.44
11.34
11.85
11.77
11.24
12.78
13.02
13.07
13.4
4.8
7.65
11.53
13.4
13.25
9.97
10.57
10.6
10.17
10.49
10.95
10.7
11.3
11.6
11.64
11.33
11.53
11.38
11.1
11.51
11.81
11.37
15.25
16.27
14.82
5.49
7.28
10.36
13.07
13.65
13.18
10.52
10.88
11.04
11.39
12.08
12.39
12.52
12.4
12.74
12.54
12.33
12.46
15.42
15.44
15.11
11.48
9.03
5.52
7.63
9.06
11.58
12.76
14.52
15.81
16.6
15.4
14.44
14.1
15.76
16.17
15.8
13.62
12.81
10.73
8.73
5.88
4.5
6.87
7.69
7.77
8.8
9.45
9.64
10.55
9.67
8.94
8.13
7.46
4.69
4.46
10.69
9.61
10.07
9.87
10.41
10.7
11.26
11.11
13.39
12.6
12.98
15.32
16.29
19.29
22.06
22.41
27.52
30.49
30.92
36.81
34.98
32.95
29.79
21.7
16.95
13.45
11.9
10.89
10.58
8.55
8.36
9.11
8.7
7.22
6.01
4.88
5.09
4.97
4.47
3.34
11.22
9.85
10.01
9.7
9.98
10.45
10.29
11.46
11.5
12.85
13.53
14.79
17.27
20.79
20.6
25.48
28.54
29.86
33.17
33.05
34.96
34.38
28.1
22.16
18.64
13.82
12.08
10.39
9.68
8.66
8.32
6.84
5.37
6.31
6.67
7.21
7.18
7.02
6.05
10.27
9.47
9.51
10.02
10.61
10.24
10.87
11.04
12.21
12.89
14.77
15.57
17.28
18.47
21.83
26.01
24.58
30.38
32.37
39.14
34.67
32.31
26.39
20.82
16.64
13.53
11.77
11.15
9.1
7.69
7.39
7.69
8.17
7.48
6.02
5.78
6.72
5.96
5.96
10.27
9.91
10.08
10.2
10.51
10.32
10.74
10.68
11.44
12.58
13.46
15.03
18.37
20.7
22.24
25.79
26.31
28.36
32.81
34.33
35.65
32.48
27.23
21.27
18.07
15.02
12.52
9.39
9.36
8.72
9.05
9.2
8.67
8.2
8
6.88
6.16
6.73
6.1
10.18
12.56
10.79
10.89
11.25
10.99
11.23
12.49
12.01
13.23
13.04
14.47
15.28
18.16
20.8
24.72
28.04
30.56
33.48
34.79
31.63
28.1
26.64
23.3
18.27
14.8
12.08
11.77
11.06
9.11
8.4
7.89
7.86
7.28
7.04
7.57
7.69
6.81
6.72
7.28
12.2
9.36
9.86
10.48
10.99
11.16
10.94
12.26
12.83
12.65
13.94
15.34
17.02
19.09
23.84
26.47
30.48
31.37
31.18
31.78
27.63
25.52
21.08
17.88
14.46
12.78
11.56
10.79
9.44
8.59
8.92
9.75
8.69
7.17
6.13
6.12
7.37
7.68
6.77
12.91
9.4
9.49
10.06
10.02
9.8
9.99
10.7
11.62
13.79
16.31
16.93
17.31
20.33
22.9
25.02
27.08
28.1
28.96
26.53
27.33
23.56
19.24
17.57
16.43
14.76
12.54
10.43
10.75
9.94
9.55
8.96
7.59
7.69
7.35
7.71
6.82
5.98
4.61
12.64
10.24
10.48
10.97
11.46
11.26
11.63
12.62
12.43
13.48
14.15
16.14
18.14
19.46
20.18
21.36
23.79
26.54
25.25
27.1
22.86
22.87
20.16
18.87
16.14
15.03
13.34
10.99
9.97
9.44
9.48
9.13
7.94
7.22
7.7
7.62
6.78
6.43
11.75
13.3
11.18
11.16
10.78
11.11
11.4
11.86
11.71
12.83
13.29
14.7
17.16
19.16
20.82
22.08
22.08
25.74
25.66
25.69
25.88
22.19
19.64
19.24
15.22
14.51
14.72
12.24
11.21
10.56
9.67
8.6
8.74
9.15
7.06
6.96
6.66
6.9
8.79
13.85
10.42
10.01
10.18
10.03
10.77
10.87
11.85
11.1
10.79
13.48
13.77
16.57
18.09
20.54
22.54
24.21
25.73
25.09
21.57
21.68
19.61
17.91
17.56
15.57
13.19
12.97
11.57
10.71
10.21
9.79
9.49
9.67
10.62
9.13
8.18
8.22
6.75
12.33
9.89
10.85
10.43
10.74
11.29
11.04
11.09
10.98
12.06
12.5
15.54
15.9
17.02
17.8
19.21
21.67
23.73
24.85
25.37
22.33
20.89
17.5
17.59
16.6
14.89
13.1
12.42
11.22
11.01
10.88
9.86
8.85
8.66
8.21
9.17
9.46
4.57
12.28
13.03
10.38
10.7
11.54
11.78
11.66
12.53
13.39
13.78
12.76
13.73
14.83
17.43
19.33
19.79
20.77
22.29
24.01
23.24
20.73
19.89
18.82
19.25
18.79
15.98
14.34
14.23
13.93
13.06
11.66
11.57
11.99
10.8
10.19
10.23
9.22
7.63
12.84
9.84
9.93
10.47
10.81
10.19
11.37
11.86
12.8
13.04
14.01
15.92
15.84
18.38
19.45
20.68
21.13
20.39
22.26
23.07
19.86
19.5
19.74
18.47
17.16
15.87
14.61
13.65
13.13
12.95
12.37
11.18
11.03
10.55
10.21
8.95
5.13
12.07
12.41
10.31
10.69
10.7
10.84
11.22
11.54
12.21
12.92
12.48
12.79
13.04
15.01
15.25
16.65
18.73
17.29
17.74
19.4
19.97
17.32
15.37
14.87
15.22
14.49
14.55
13.71
13.35
11.85
11.6
11.14
11.16
10.04
10.17
11.18
7.85
13.34
9.95
9.7
9.69
9.85
9.77
10.34
9.7
10.57
11.19
10.98
12.18
12.54
15.27
14.97
15.72
16.1
17.35
19.02
18.03
16.55
16.15
16.14
15.97
15.33
14.6
15.94
14.73
13.31
12.78
12
11.94
11.24
10.28
9.8
5.37
12.15
12.49
9.34
9.59
9.63
9.66
10.64
10.95
11.67
12.27
12.47
12.96
13.98
13.34
14.16
14.28
15.38
15.44
15.26
16.25
16.78
16.08
15.05
13.8
14.66
14.4
14.71
14.24
12.68
12.46
12.95
12.77
12.68
12.09
10.79
8.39
12.76
10.86
10.72
10.84
10.3
10.94
10.08
10.9
12.37
11.35
11.88
11.55
12.27
13.11
13.83
13.82
14.65
14.52
14.02
16.15
16.19
16.52
15.54
15.66
15.37
14.59
14.87
14.33
12.83
12.31
13.09
13.48
12.49
11.98
5.51
11.32
12.35
10.29
10.23
10.16
11.02
11.16
10.91
10.82
11.16
11.71
11.1
11.87
12.15
12.49
12.34
12.71
14.28
14.85
14.09
15.44
14.9
15.4
14.17
14.65
15.03
14.29
14.15
14.34
13.85
13.57
12.78
13.02
13.11
6.95
12.98
12.84
10.39
10.38
10.6
10.59
10.4
10.73
11.31
11.59
11.44
12.03
13.27
13.56
13.22
13.76
14.46
15.68
14.89
14.53
14.55
16.12
15.81
14.62
14.81
14.28
13.5
12.65
12.65
12.75
13.23
13.95
13.4
7.71
11.66
9.51
9.51
9.94
10.54
11.27
11.2
11.85
12.41
11.81
11.68
12.35
13.23
13.3
13.01
12.84
13.2
15.2
14.18
13.99
14.61
14.73
14.61
13.85
14.33
12.97
13.94
14.12
13.67
14.55
13.19
11.87
4.63
10.14
12.15
10.29
10.42
10.31
10.26
9.46
10.31
10.26
11.08
11.09
11.55
11.57
12.19
12.66
12.66
12.28
11.99
12.68
12.79
12.44
12.67
12.46
12.61
13.2
14.59
13.69
13.66
13.8
13.85
12.97
12.21
5.17
9.87
11.84
10.28
10.86
10.98
11.33
11.35
11.45
11.88
12.59
12.5
12.45
11.23
11.34
11.45
11.72
12.47
11.86
13.07
13.22
14.4
14.39
13.91
12.75
12.55
13.74
13.76
13.4
12.97
12.08
12.1
6.02
9.99
12.09
10.74
11.05
11.29
11.09
11.45
11.2
10.95
10.79
11.65
11.15
10.81
11.11
11.63
11.91
13.03
12.36
12.55
11.38
11.89
12.51
14
13.83
12.76
12.94
13.12
13.9
13.89
14.02
5.76
9.73
11.23
9.88
9.69
9.96
9.92
9.82
10.67
10.48
10.96
10.62
11.11
10.98
10.74
11.29
11.41
11.96
12.29
13.13
12.98
12.38
12.91
13.53
13.48
13.08
13.39
12.95
12.8
13.19
4.84
7.54
14.26
12.96
9.55
9.66
9.72
9.67
9.97
10.58
10.93
10.73
11.21
11.33
11.59
12.73
11.67
11.96
11.54
12.04
12.52
12.58
12.47
12.43
13.01
12.98
12.71
12.68
13.01
6.87
10.66
11.59
10.62
10.63
10.03
9.82
9.29
9.41
9.34
10.17
10.34
10.85
11.05
11.06
11.08
11.65
11.4
11.9
11.99
12.48
12.48
12.68
12.08
12.83
12.54
12.22
6.83
8.9
13.99
12.51
10.76
10.51
10.94
11.1
11.51
11.34
11.89
11.86
11.73
11.52
11.46
11.61
11.24
11.99
12.26
11.58
11.56
12.09
12.63
12.65
13.26
13.31
5.92
9.56
11.19
11.21
9.4
9.59
9.52
9.97
10.02
9.83
10.51
10.54
9.71
9.61
9.9
10.2
10.33
12.25
12.14
11.43
11.63
15.56
15.56
14.6
5.05
7.77
8.79
13.13
12.99
12.86
10.18
9.72
10.17
10.87
11.37
12.1
12.23
12.2
12.03
11.75
11.22
14.37
14.94
14.1
11.92
10.33
6.57
5.97
7.98
8.55
13.22
13.71
14.69
15.41
15.52
15.44
15.99
16.12
15.47
14.94
13.81
12.22
10.46
8.89
5.41
3.74
5.88
6.78
6.75
7.62
8.01
7.98
7.49
7.14
6.11
3.72
8.92
9.82
9.81
9.76
9.61
9.68
11.35
12.24
12.19
11.88
14.44
13.96
16.33
19.17
19.68
23.31
30.88
35.94
36.97
41.82
5.36
4.71
5.68
3.85
2.56
12.75
9.5
9.01
7.62
5.72
5.23
5.45
5.18
5.06
4.4
4.5
4.69
4.65
4.34
4.07
9.24
12.18
9.51
9.83
9.85
10.52
10.97
12.61
12.15
12.37
12.77
14.61
17.61
21.08
22.03
23.16
27.85
32.78
31.85
39.41
4.38
4.56
4.32
3.67
2.66
12.15
10.5
9.7
8.47
7.15
6.32
5.98
6.16
5.4
4.88
5.18
5.18
4.66
4.96
5.51
8.06
12.91
10.2
10.11
9.92
10.09
9.7
10.5
11.23
13.2
14.06
15.36
17.82
19.9
21.27
27.73
28.82
30.01
33.66
36.05
37.27
4.43
4.39
4.08
2.5
13.78
11.34
9.59
8.28
8.01
8.56
6.85
5.32
5.62
5.1
3.67
3.95
4.38
3.79
3.86
7.27
13.83
10.04
10.29
10.65
10.35
10.04
10.53
11.63
12.59
12.31
15.77
15.65
18.52
19.94
24.19
28.33
31.52
36.54
38.15
39.14
4.33
3.75
3.36
17.22
11.07
10.32
10.56
8.86
7.57
7.16
6.73
5.68
5.77
6.23
5.9
5.92
5.8
5.67
5.48
6.94
13.39
9.94
10.2
10.78
10.51
11.01
11.63
12.95
14.07
13.69
13.04
15.97
18.39
21.12
25.49
28.7
31.6
34.42
37.5
38.24
3.82
4.01
26.25
17.28
13.8
12.09
10.05
8.57
8.27
7.11
6.25
6.12
5.84
5.39
5.33
5.4
6.42
5.93
5.76
5.54
12.72
9.45
9.8
10.57
10.55
10.21
9.98
10.53
10.76
12.46
14.46
15.22
16.7
18.16
23.5
26.13
30.13
29.63
33.56
36.9
36.7
32.01
24.64
18.54
14.1
12.82
11.25
9.64
7.8
6
5.18
4.97
5.87
5.58
6.54
5.21
5.14
5.29
5.46
3.72
11.71
10.15
10.32
10.27
10.04
11.05
11.38
11.23
11.72
12.75
14.41
14.94
16.64
18.82
23.53
26.34
28.48
29.23
31.29
31.99
30.99
27.18
22.12
19.05
17.22
12.82
10.96
10.16
9.6
8.89
8.17
7.25
5.79
6.04
6.48
7.17
5.89
5.2
4.93
9.92
12.12
9.62
9.35
10.1
10.36
10.92
11.27
11.71
12.71
13.61
14.45
16.43
18.06
20.38
24.15
26.89
30.58
32.39
30.87
29.82
24.7
20.9
19.51
16.42
13.18
11.24
10.42
8.78
8.82
8.91
7.22
5.88
6.32
6.31
5.75
6.7
6.8
6
8.06
13.19
9.12
9.18
9.73
9.68
10.57
9.27
9.57
10.25
12.14
13.1
15.47
15.61
18.02
20.83
25.88
29.02
29.43
28.58
29.34
27.03
22.24
19.88
15.05
13.9
11.76
9.92
8.77
9.2
9.37
8.2
8.64
8.88
7.36
7.5
6.24
6.01
5.99
6.62
12.34
9.98
10.5
10.66
10.48
10.97
11.19
12.11
13.41
14.58
14.43
17.04
18
20.26
21.36
24.51
26.67
28.29
28.86
26.78
24.19
22.68
19.15
17.95
16.33
14.31
12.01
12.08
11.6
9.51
8.77
9
7.16
7.64
6.95
6.6
6.78
6.34
3.79
12.83
11.06
11.29
10.95
10.95
11.52
12.99
12.29
13.37
13.62
13.85
16.26
17.6
18.44
20.94
23.48
24.41
24.73
26.36
24.59
22.34
20.85
19.15
16.35
14.76
13.91
12.48
11.98
10.51
10.51
9.85
10.04
9.87
8.76
8.42
8.53
8.19
8.13
8.41
11.86
9.92
10.26
10.76
11.61
12.03
12.52
12.6
13.75
14.9
15.11
17.08
16.85
18.41
21.11
20.38
22.33
22.64
21.25
20.9
19.62
19.08
19.69
17.58
15.37
13.95
13.53
12.15
10.31
8.74
8.06
8.4
7.91
8.2
7.7
6.8
6.54
5.68
11.73
10.8
10.5
10.54
10.69
11.48
11.11
11.44
11.52
11.91
12.67
13.79
15.72
15.54
18.45
20.99
21.23
18.26
17.93
18.56
16.33
16.75
17.26
16.35
16.22
16.18
14.75
13.82
12.04
11.59
9.85
9.35
9.86
8.38
8.12
8
7.34
9.52
11.87
9.04
8.7
8.7
9.21
10.45
9.89
9.92
11.03
11.16
10.3
11.84
14.04
15.13
17
19
20
19.55
17.4
17.06
16.85
17.78
18.05
17.15
15.93
16.4
15.3
14.7
13.6
12.6
11.81
12.09
11.8
11.31
10.55
10.4
7.27
12.48
9.98
9.84
10.23
10.17
10.5
10.32
10.53
11.24
11.36
11.75
12.04
12.66
14.44
15.19
14.89
15.24
17.41
17.69
17.54
17.15
16.1
15.14
15.08
14.81
14.83
15.18
14.14
12.75
12.43
11.28
10.47
10.12
9.8
9.97
10.43
4.28
10.87
12.15
10.37
10.62
11.08
11.27
11.83
12.05
12.62
12.34
12.92
13.49
13.73
14.43
14.96
15.65
17
16.8
17.38
16.71
15.73
17.03
16.76
15.16
14.65
13.61
13.44
13.18
12.5
12.89
12.65
11.79
11.48
11.87
10.87
9.96
6.45
12.71
10.05
10.26
9.64
10.38
10.26
10
10.34
10.61
11.56
12.44
12.26
13.1
13.87
13.88
13.77
14.5
16.3
16.55
15.93
16.28
15.73
14.52
15.28
14.19
12.51
12.27
13.43
13.61
13.25
12.84
11.85
12.04
11.44
11.62
10.59
13.02
10.76
10.2
10.32
10.89
11.01
11.14
10.74
10.96
11.94
12.22
12.36
13.5
13.8
14.07
14.82
15.93
16.31
15.88
15.26
14.88
15.12
14.58
15.43
14.24
12.26
12.71
14.16
13.17
12.61
11.33
11.52
11.36
11.57
5.76
10.87
12.23
9.65
9.66
9.85
9.77
9.93
9.94
11.32
12.67
12.5
12.88
13.9
12.7
12.15
11.28
11.89
13.99
14.03
14.44
14.79
14.65
14.64
14.88
16.27
15.1
13.32
12.3
13.6
14.72
14.41
13.26
12.97
12.95
6.76
12.27
9.21
9.08
9.09
9.45
10.05
9.77
9.38
9.68
9.93
11.27
11.84
11.21
12.85
13.44
13.86
14.26
16.38
16.21
15.41
15.66
14.97
14.29
14.71
15.22
15.02
15.33
14.32
13.95
13.76
13.51
12.77
12.54
9.3
11.34
9.73
9.92
10.24
9.92
10.21
9.27
9.41
9.32
9.32
10.02
9.49
9.91
11.09
11.58
13.67
12.44
13.43
13.67
13.39
14.6
14.95
15.22
14.83
14.64
14.63
14.02
13.51
13.36
13.48
13.66
12.84
4.38
9.89
12.16
10.48
10.69
11.12
10.51
10.39
10.22
10.17
10.37
10.57
11.06
10.88
10.5
10.34
11.61
12.58
12.76
14.46
15.12
14.23
13.4
14.04
15.33
15.81
15.2
15.35
14.8
14.31
14.58
14.97
14.13
5.36
9.66
11.81
9.78
10.21
10.39
10.67
11.11
11.49
11.74
11.71
12.21
11.42
12.08
11.2
10.81
11.65
11.66
11.31
11.49
11.45
12.24
12.11
12.61
12.81
12.53
13.16
13.94
14.23
14.25
13.8
13.46
5.58
10.02
11.8
10.44
9.89
10.13
10.15
10.22
9.83
10.67
11.01
11.17
10.79
11.52
11.54
11.51
11.91
12.4
12.49
13.5
13.69
13.39
12.89
13.54
12.99
11.88
11.79
12.44
12.23
12.52
13.1
5.84
9.85
12.23
12.68
9.23
9.94
9.44
9.38
9.78
10.02
11.09
10.92
11.42
12.23
12.49
13.25
12.56
12.64
12.33
13.26
13.84
14.27
12.59
12.78
14.38
12.91
12.78
12.76
12.71
12.74
4.17
8.38
12.38
12.84
10.13
10.93
10.42
10.21
10.48
10.7
11.62
12.1
12.09
11.48
11.27
11.18
11.02
11.59
12.28
12.54
12.26
13.33
12.63
12.57
12.9
12.8
13.27
13.78
13.96
6.89
10.98
13.32
14.18
10.58
10.52
9.95
9.96
9.74
9.82
10.51
10.19
11.1
11.56
11.39
11.59
11.55
11.44
11.54
11.39
12.29
11.8
12.01
11.86
12.52
13
12.99
4.75
7.96
11.51
12.15
10.04
10.23
9.98
9.59
10.16
9.88
9.9
9.64
10.05
10.64
10.65
10.29
10.85
11.03
11.42
11.69
11.53
11.65
12.53
11.87
11.41
11.74
6.02
8.13
13.2
13.24
13.11
10.22
9.66
9.74
10.08
10.16
9.76
10.04
10.66
9.98
10.31
11.13
11.29
10.73
11.64
11.15
11.43
13.91
14.35
10.37
5.07
8.58
9.84
14.52
14.32
13.53
10.5
10.04
9.91
9.61
10.13
9.59
9.33
9.5
10.77
14.74
15.82
14.79
12.85
10.46
6.8
5.2
8.6
10.27
10.27
13.36
12.82
13.48
13.7
13.62
13.58
13.05
11.4
11.77
9.72
8.04
4.75
3.69
5.96
5.96
6.87
7.14
5.92
4.49
6.71
12.88
10.78
10.97
11.29
11.71
12.28
11.85
12.65
11.8
13.3
16.07
17.65
19.33
21.22
24.01
29.46
36.04
40.54
4.99
6.88
5.89
6.17
8.78
4.28
1.51
6.13
5.4
6.2
5.71
5.2
4.99
5.24
5.44
5.4
5.04
4.19
3.68
3.46
3.31
3.69
5.28
11.96
9
9.37
9.76
9.26
10.41
10.89
12
12.52
12.4
14.08
17.28
17.9
22.62
27.29
32.31
35.16
41.35
4.41
5.37
5.96
6.49
10.18
3.34
1.3
7.99
7.42
5.92
5.15
5.42
6.17
5.9
5.46
5.15
4.74
3.74
3.7
3.58
3.62
3.34
5.49
11.73
10.22
9.9
9.92
10.27
10.09
10.33
10.3
10.32
12.48
12.85
15.15
17.66
22.33
23.48
28.37
32.25
38.3
41.57
6.28
6.68
6.73
7.1
2.48
1.7
8.95
7.13
4.83
5.97
6.01
5.26
4.96
5.72
5.37
5.3
5.15
4.77
3.84
3.16
3.19
4.05
11.71
9.51
9.52
10.22
10.43
10.94
11.19
11.41
12.05
13.17
13.14
14.7
17.92
21.65
25.6
31.51
33.15
37.59
45.23
5.89
5.46
5.65
6.73
2.5
1.13
8.8
6.65
6.83
6.16
6.76
5.51
6.73
6
5.91
5.29
4.51
4.07
4.23
4.05
3.75
10.2
9.67
9.81
9.75
10.48
9.63
9.87
9.58
10.39
12.39
13.7
14.87
16.92
18.51
22.12
28.85
33.22
37.51
37.37
5.01
4.81
4.75
4.64
2.52
1.84
10.39
8.46
7.7
7.48
7.61
7.98
6.4
5.69
5.31
5.29
4.5
4.6
4.23
4.34
4.9
10.77
10.81
11.75
11.84
12.32
12.22
12.29
12.99
13.21
14.17
14.61
16.56
17.95
19.97
24.51
26.76
30.81
34.47
36.36
4.78
4.61
4.88
4.16
2.55
12.45
10.06
7.53
6.89
6.8
6.56
6.18
7.29
6.82
5.72
6.02
5.69
5.62
5.03
4.77
4.06
9.67
11.55
9.43
9.39
10.19
10.11
10.47
10.81
11.51
12.24
14.45
15.41
17.48
18.6
21.75
27.37
29.13
35.05
36.37
37.85
4.67
5.66
4.56
17.95
14.29
11.58
9.87
8.34
7.38
7.79
6.36
6.2
5.48
5.22
5.81
5.8
6.01
4.77
4.77
4.21
7.79
13
10.35
10.95
11.03
11.41
10.72
11.54
11.84
10.9
12.08
11.59
14.45
16.7
20.4
24.97
29.85
33.35
38.33
38.98
36.97
31.93
23.34
20.82
17.67
12.67
10.17
8.2
6.98
7.68
8.07
7.23
6.19
6.63
5.37
4.44
5.28
5.54
5.46
6.26
4.54
12.01
9.95
9.55
8.96
9.21
8.96
9.52
9.97
11.27
11.78
12.99
13.9
17.92
20.1
24.56
26.5
28.65
29.87
32.7
33.5
29.04
25.61
18.97
16.83
13.92
12.11
10.96
9.4
8.02
7.66
7.44
7.79
6.94
5.83
5.8
4.83
4.37
5.24
5.77
10.3
9.81
9.67
9.16
9.27
9.3
10.35
10.39
11.31
12.57
11.95
13.58
17.03
19.72
20.47
23.29
24.45
26.61
29.78
26.83
24.96
23.54
19.51
17.43
14.69
13.72
13.86
12.81
10.79
8.71
7.76
7.01
5.99
6.61
6.82
7.01
6.64
5.73
6.42
9.1
12.15
10.09
9.65
9.71
10.21
10.45
10.82
11.79
11.76
12.49
13.91
14.99
17.56
19.02
24.12
22.94
25.19
26.81
25
23.2
21.76
20.13
19.25
17.04
15.65
12.81
12.51
11.17
10.27
9.23
8.61
8.03
7.69
8.26
7.68
7.24
7.23
6.48
5.58
12.19
10.45
10.69
10.08
9.94
10.11
9.69
10.23
10.46
10.75
12.08
13.4
14.91
16.83
17.97
18.48
22.32
21.62
20.58
20.85
23.15
19.11
18.78
18.35
14.67
13.22
13.26
10.95
9.88
9.76
9.39
9.18
8.84
7.11
6.53
6.6
6.43
6.82
10.84
12.71
10.05
10.32
10.3
10.46
10.7
11.29
11.97
11.48
12.09
13.16
13.82
15.48
15.12
18.94
20.3
20.36
22.14
20.89
20.31
18.7
17.78
15.97
17.4
16.18
13.09
12.53
12.03
11.71
10.78
9.71
8.45
7.41
6.89
7.02
7.25
6.32
7.32
12.78
10.5
10.21
10.74
10.99
10.98
11.87
11.66
13.1
13.49
14.33
13.92
15.88
16.78
15.97
17.21
18.21
20.76
21.32
18.82
18.82
19
16.66
15.28
16.61
16.04
13.16
12.16
13.27
11.76
11.28
9.57
8.81
8.22
7.91
8.23
8.35
4.66
12.35
10.09
9.68
9.93
9.87
10.14
10.65
10.88
10.44
11.41
12.04
11.8
13.05
14.14
14.45
16.08
16.92
16.91
18.58
18.08
17.87
17.04
15.33
15.84
13.9
13.58
13.43
13.65
11.72
12.15
11.64
10.88
9.91
9.36
9.08
9.24
8.46
8.73
12.58
10.7
10.81
10.26
10.15
10.35
10.88
11.09
12.23
12.97
13.23
14.16
14.57
14.81
15.71
16.54
17.74
16.51
16.5
16.95
17.6
16.85
15.33
15.62
14.34
14.34
14.16
14.26
13.5
12.38
11.43
11.2
10.62
10.32
9.44
9.64
5.12
11.18
12.94
10.16
10.75
10.92
10.67
11.39
11.53
11.74
12.24
12.63
13.17
14.43
14.59
15.58
15.96
17.25
16.92
17.44
17.01
15.86
16.41
17.43
16.39
14.99
13.6
14.51
14.27
13.73
13.09
12.28
11.06
10.95
9.84
10.55
9.82
6.57
12.58
9.21
9.12
9.69
10.08
10.33
10.14
10.72
11.34
11.37
11.6
11.9
12.66
12.38
12.97
14.27
15.35
14.83
15.77
15.85
14.45
14.06
15.54
16.01
15.29
14.17
13.13
12.96
11.83
12.5
12.94
12.96
12.09
11.21
11.29
11.15
12.25
10.53
10.76
10.97
11.18
11.15
11.02
11.62
11.42
11.08
12.29
11.79
11.81
11.64
11.54
12.19
13.33
13.81
14.25
14.21
14.22
14.36
15.73
15.37
14.13
14.07
14.1
13.96
13.4
13.45
12.99
13.45
13.31
13.19
6.48
11.26
12.34
10.35
10.42
10.53
10.71
10.59
10.86
11.37
12
12.19
11.73
12.08
12.76
12.46
13.28
13.71
13.76
14.44
14.09
13.93
13.73
13.62
14.46
14.37
14.14
15.41
14.97
13.92
13.29
13.45
13.31
13.07
11.92
6.89
12.63
9.74
10.23
9.7
9.26
9.89
9.69
10.36
10.14
11.02
11.27
11.37
12.13
13.37
13.5
13
13.42
13.92
13.62
13.38
14.43
13.75
13.11
12.66
12.73
13.1
13.47
14.38
13.9
13.25
13.31
13.16
11.96
8.05
12.3
9.02
9.62
8.96
9.82
8.88
9.99
10.21
10
10.86
11.15
12.16
12.4
12.22
12.74
13.72
13.47
14.15
13.04
12.66
12.99
12.79
12.51
13.33
13.03
12.78
13.26
13.34
13.35
13.95
13.76
13.5
9.28
12.83
11.17
10.73
10.49
11.06
11.55
11.48
11.55
11.46
11.23
11.4
11.24
11.62
11.95
12.25
12.97
12.63
13.37
13.43
11.71
11.81
12.68
12.58
12.56
12.56
12.05
13.04
13.22
12.53
12.49
13.01
4.72
9.93
12.39
10.33
10.4
10.28
10.43
10.49
11.03
10.58
10.32
11.45
11.07
11.8
11.69
12.42
13.05
12.13
11.85
12.79
13.2
12.23
11.03
11.14
11.3
11.94
11.99
11.49
12.03
12.83
13.57
12.74
4.44
7.69
13.02
10.27
10.4
9.88
10.2
10.01
10.8
10.79
11.17
11.01
10.61
11.58
11.4
11.63
11.38
12.32
12.29
12.23
11.98
11.51
11.22
12.19
13.06
13.21
13.71
13.55
13.88
13.58
14.09
7.81
13.83
13.4
10.11
9.79
9.96
9.88
10.47
10.59
10.78
10.79
11.1
10.45
10.32
10.91
11.18
11.37
11.73
11.31
11.8
11.09
11.28
12.23
12.5
12.99
13.32
13.99
14.2
14.01
6.33
10.6
11.52
9.63
9.57
9.85
10.36
10.18
10.1
10.46
10.51
11.04
11.07
11.36
11.36
11.82
12.03
12.84
12.59
12.48
12.14
11.89
11.65
11.58
10.94
10.69
10.98
12.27
6.48
8.9
14.58
13.13
10.35
10.8
11.14
11.39
11.16
11.24
11.1
11.44
11.1
11.65
11.22
11.69
11.75
11.59
11.25
12.07
12.08
13.45
13.47
12.8
12.23
11.99
12.06
6.93
9.14
14.21
12.84
10.53
10.51
10.55
10.75
10.72
11.19
11.47
12.22
11.76
12
11.99
11.86
12.01
11.4
11.48
10.72
11.03
11.1
11.59
15.56
15.81
6.58
8.11
13.07
13.36
12.83
9.12
8.37
8.59
9.15
9.34
9.39
8.92
9.36
9.2
8.96
8.67
8.84
9.05
9.31
12.69
13.4
11.96
7.79
5.74
8.88
9.89
14.35
13.66
13.69
13.43
11.01
10.76
10.48
10.39
10.53
13.74
15.41
13.72
12.34
11.41
9.33
7.65
5.58
4.72
7.32
8.31
9.4
11.09
11.86
11.66
11.05
10.56
10.54
8.45
8.13
6.38
3.93
9.92
9.54
9.36
9.53
9.62
10.24
10.19
11.72
12.11
11.98
14.18
16.98
19.62
22.11
28.44
33.25
37.4
45.59
6.4
6.03
7.15
11.87
0.36
0.1
2.25
2.63
3.07
3.55
3.89
4.14
3.61
3.27
3.85
4.17
3.93
3.2
2.6
2.74
9.93
10.3
10.44
10.54
10.43
10.98
11.92
12.34
12.73
13
14.37
16.57
19.74
23.04
27.54
33.77
33.51
39.12
6.06
6.34
8.01
13.31
0.02
0.53
3.38
3.24
3.13
3.46
3.02
3.19
3.87
4.53
3.93
3.85
3.37
3.01
3.44
3.87
9.81
10.56
10.88
10.51
9.37
9.31
9.83
9.66
11.17
11.07
11.72
14.71
17.84
21.22
26.01
31.33
36.72
43.1
5.35
6.24
8.55
12.37
4.31
0.29
0.59
3.15
3.41
3.3
4.14
3.92
3.07
4.71
4.37
4.75
5.04
5.18
4
4.25
3.93
9.32
12.51
9.86
10.29
10.72
11.1
11.79
11.62
12.35
12.64
14.28
15.32
16.94
21.37
26.27
30.26
37.9
42.96
5.31
5.41
7.14
10.44
6.13
0.74
5.81
6.34
5.05
4.29
2.94
4.5
4.72
4.21
4.34
4.42
3.9
2.65
3.75
3.53
3.86
8.41
13.67
10.66
10.2
9.74
10.79
10.56
10.84
12.1
13.38
15.03
16.95
19.07
22.13
25.2
27.43
31.83
41.19
5.65
6.41
7.58
9.92
10.07
0.9
1.07
5.63
6.76
5.27
4.39
4.68
4.58
4.58
4.22
3.45
3.78
4.43
4.47
3.63
3.86
2.87
6.07
13.14
9.81
9.97
10.57
10.96
11.48
11.81
11.99
13.09
13.78
16.35
17.3
18.31
23.07
29.73
33.99
39.21
41.81
6.2
5.86
7.16
10.49
2.85
1.8
1.22
7.62
5.92
4.77
4.45
4.68
5.33
5.07
4.6
4.49
5.11
4.31
4.48
3.9
2.94
3.31
4.15
13.45
9.95
9.67
9.58
9.69
9.94
10.52
11.94
12.08
11.79
13.98
16.55
19.28
23.24
27.98
33.44
34.1
37.36
4.4
6.38
5.57
8.56
3.92
2.23
9.16
8.24
6.62
5.91
6.27
5.82
4.81
4.7
4.79
6.07
5.11
3.8
3.9
4.32
4.52
4.1
10.71
9.72
10.12
9.71
9.65
10.27
10.94
10.99
11.78
11.37
13.39
15.16
17.27
19.66
24.41
28.33
32.14
33.97
41.71
5.61
5.1
5.21
2.52
14.68
11.39
9.49
8.91
8.53
8.16
6.85
6.25
4.85
4.61
3.85
4.75
5.33
4.13
4.5
5.09
4.72
10.58
12.88
10.65
10.8
10.5
9.92
10.59
12.39
12.91
12.27
13.47
14.34
16.87
18.12
24.27
28.77
28.8
34.12
36.94
4.88
4.9
3.96
20.1
16.96
12.1
11.54
9.17
8.22
8.15
7.1
6.61
6.51
6.25
5.31
4.78
5.62
4.82
4.16
4.55
4.52
8.03
13.3
10.02
9.86
10.46
10.74
10.15
11.04
11.05
11.95
13.31
13.83
16.45
18.61
22.17
25.47
28.75
32.59
33.77
34.41
29.26
25.68
18.95
15.88
13.68
11.15
11.83
11.71
9.66
8.74
8.73
8.16
7.28
6.01
5.51
5.32
5.3
6.28
5.16
4.6
4.42
12.56
10.34
10.14
11.35
11.59
11.83
12.12
13.29
13.74
14.21
15.34
16.68
17.05
19.82
24.56
26.23
27.46
28.19
27.74
27.59
24.02
20.68
18.4
15.53
13.04
11.73
10.83
10.05
9.21
8.86
8.78
8.04
7.57
7.07
6.56
6.46
5.89
5.61
6.06
11.2
12.56
9.49
9.99
9.5
9.21
9.97
10.31
11.68
11.06
12.12
14.29
15.05
15.88
18.94
21.22
23.7
25.85
25.97
25.4
23.66
20.85
17.96
16.2
15.01
12.4
11.56
11.43
11.08
10.82
10.32
10.62
9.18
7.9
7.24
7.31
7.7
6.96
6.14
7.97
12.23
9.69
9.55
10.07
9.73
9.56
10.44
10.1
11.24
11.69
13.51
15.14
14.37
16.34
20.26
20.18
20.32
21.09
23.11
21.65
19.8
18.54
17.16
15.85
14.31
13.06
11.76
11.92
10.88
9.46
8.49
8.64
8.79
8.53
8.23
7.72
7.02
6.92
4.23
11.7
9.31
9.56
9.3
9.71
10.04
10.53
10.82
11.37
11.61
11.27
12.26
14.9
16.9
16.39
18.79
19.31
20.61
20.31
20.81
18.56
17.56
16.97
15.78
14.86
13.33
12.28
11.29
11.26
10.99
10.98
10.72
9.81
9.27
8.65
8.03
8.24
8.73
9.04
11.87
9.99
10.41
9.98
9.97
10.16
10.7
10.55
10.99
11.65
11.9
14.39
14.27
14.77
15.9
18.85
20.62
18.77
17.78
20.16
19.59
17.97
15.16
14.54
14.12
13.69
13.51
12.92
12.42
11.09
11.56
11.19
9.07
8.79
8.87
8.33
7.98
5.3
12.31
9.96
10.04
10.42
10.17
10.33
10.23
9.96
10.25
10.36
11.13
12.4
12.91
13.52
14.4
16.74
18.73
19.37
18.3
18.98
17.48
18.28
16.41
16.18
15.36
14.41
13.88
13.42
12.75
12.43
11.38
11.13
10.56
9.99
9.26
8.71
8.12
9.06
11.32
9.93
9.97
9.35
9.41
9.88
9.88
10.23
11.03
11.13
12.02
13.96
14.4
14.49
15.83
14.87
15.63
16.74
17.41
17.5
16.21
17.14
15.73
14.47
14.38
14.72
14.1
13.54
12.53
11.25
10.67
11.59
12.19
11.42
11.01
9.6
5.42
12.81
14.56
11.14
11.09
11.06
11.36
10.74
10.59
11.38
12.16
12.72
12.99
13.05
13.61
14.08
13.78
14.78
16.32
16.63
16.09
15.32
15.42
15.59
15.27
15
13.81
13.76
12.62
12.58
13.15
12.13
11.08
11.18
11.92
11.71
10.78
6.87
12.76
10.01
10.26
10.52
10.64
10.28
10.56
11.19
10.8
10.9
11.32
12.07
12.64
12.96
13.38
13.27
13.48
15.07
16.09
16.15
15.12
15.85
15.47
14.87
15.64
15.13
14.61
13.64
14.04
14.36
13.9
12.82
11.92
11.27
10.89
10.76
12.97
10.14
9.96
10.1
9.7
10.54
10.7
10.78
11.57
11.83
12.21
12.11
12.49
13.16
13.49
13.09
13.4
13.25
14.11
14.35
13.5
13.32
14.48
15.72
15.54
15.81
14.73
14.11
13.03
13.71
13.13
12.69
12.45
11.97
5.2
10.57
12.45
9.61
9.74
10.52
10.55
10.23
10.76
11.02
11.74
12.14
11.75
11.99
12.29
13.3
12.99
12.96
13.24
12.93
13.42
14.15
13.57
13.42
13.87
14.46
14.8
14.77
14.35
14.04
13.33
13.05
13.42
12.31
12.37
6.99
12.34
14.1
10.34
10.16
10.42
10.14
10.4
10.53
10.23
10.51
10.67
10.57
10.64
10.74
10.89
11.09
10.5
11.2
11.39
11.62
12.29
12.34
12.47
11.86
12.04
11.43
12.32
12.6
12.79
12.5
12.13
12.9
12.23
6.84
11.69
9.55
9.37
9.72
10.32
10.15
9.86
9.84
9.73
10.4
10.68
11.2
11.36
11.52
11.6
12.75
12.18
12.56
12.69
11.99
12.03
12.84
13.55
13.1
12.72
12.5
12.71
12.86
12.56
12.27
12.14
13.74
7.77
12.09
9.64
9.47
9.44
9.68
10.07
10.63
11.41
10.23
11.52
12.49
12.55
12.47
12.03
12.03
12.29
12.34
12.55
12.1
12.37
11.94
12.42
13.19
13.62
12.84
13.1
12.55
12.55
12.45
12.11
11.82
8.36
13.15
12.21
9.16
10.04
10.34
9.88
9.64
10.12
10.62
10.5
10.72
11.75
11.61
11.12
10.67
10.6
10.69
10.39
11.11
12.59
12.95
13.26
12.56
11.95
13.05
14.09
13.57
14.38
14.31
14.2
7.2
12.7
12.62
9.71
10.04
10.1
9.92
10.32
10.19
10.29
10.16
10.15
10.49
10.66
10.81
11.42
12.24
11.95
11.31
11.51
12.28
13.08
12.66
12.71
12.72
13.66
13.78
12.52
12.77
12.94
7.02
11.62
11.73
10.14
10.4
10.66
10.31
10.43
10.98
12.04
11.83
11.78
12.53
12.52
12.04
11.06
11.1
10.89
10.76
11.38
12.22
12.79
11.76
11.58
12.17
13.54
13.78
13.59
13.1
5.77
8.52
14.17
12.9
9.51
9.82
10.4
9.82
9.74
9.95
9.61
10.23
9.95
10.53
10.04
10.1
10.54
11.23
11.32
11.22
11.38
11.91
12.33
12.58
12.15
12.14
12.21
12.1
6.44
10.52
13.22
13.03
10.63
10.27
10.43
10.16
9.71
10.07
10.01
10.17
10.78
10.95
10.53
9.71
10.26
10.37
10.65
11.18
11.14
10.31
10.8
11.43
11.16
10.66
4.22
7.12
9.99
12.06
12.22
8.74
8.69
8.74
9.02
9.7
9.82
10.04
9.76
10.34
10.96
11.3
11.14
11.31
11.04
11.61
12.61
12.58
11.88
14.95
15.46
5.07
7.52
9.27
13.89
13.51
13.14
11.22
10.61
10.13
10.51
11.15
10.89
11.34
11.74
11.93
11.01
11.49
12.29
14.34
14.21
13.71
11.03
8.34
4.43
7.03
8.79
10.05
13.77
13.02
13.33
13.86
13.85
13.99
14.04
14.61
14.31
14.31
11.68
10.98
8.04
4.79
3.74
5.97
6.72
7.55
8.07
7.81
7.23
6.61
5.89
3.68
5.89
13.09
10.31
10.66
10.8
10.97
11.33
12.5
13.06
13.18
14.2
14.24
17.67
21.19
29.45
33.62
43.12
5.5
7.65
8.08
13.24
0.07
0.16
0.88
1.85
1.8
2.32
2.45
2.42
2.57
2.79
2.34
2.51
3.55
4.03
3.29
2.68
5.51
12.63
9.11
9.18
8.97
9.06
9.48
9.44
11.02
12.14
13.65
15.02
18.73
21.06
26.2
32.57
39.47
5.06
7.56
8.3
13.53
0.001
0.001
1.03
1.92
1.49
2
2.07
2.61
2.48
3.29
3.05
3.29
3.66
3.46
3.04
2.86
4.94
11.86
9.26
9.22
9.43
9.42
10.51
10.02
11.3
11.75
13.35
14.96
17.96
18.31
25
30.61
36.78
4.93
7.1
8.64
14.18
6.28
0.001
0.05
1.63
1.54
2.45
2.98
2.82
2.76
2.86
3.5
3.37
3.19
3.8
4.07
3.32
3.4
3.36
12.03
9.9
9.87
10.04
10.4
10.65
10.77
10.87
12.12
12.65
16.35
19.71
20.64
26.66
30.67
36.34
43.97
6.08
6.73
12.65
10.75
0.02
0.2
2.65
4.2
4.62
3.52
2.21
2.69
2.8
2.96
2.9
3.51
3.74
3.33
3.3
3.31
11.03
10.27
10.37
10.79
10.46
11.03
11.19
11.1
11.07
11.43
14.06
17.19
17.41
23.33
30.85
34
39.85
5.79
6.22
9.18
11.61
0.16
2.44
4.16
4.39
4.09
3.61
2.86
2.3
3.15
3
3.34
3.25
4.36
3.98
2.79
3.07
9.89
9.28
9.15
9.1
9.19
9.33
9.75
10.52
11.57
11.8
15.64
17.62
20.5
23.82
27.32
35.04
41.9
6.05
6.29
7.46
12.04
0.09
0.3
2.83
4.01
3.7
2.74
4.09
3.71
3.75
3.7
3.69
3.53
3.72
2.46
2.83
3.59
4.7
10.06
12.77
10.22
10.28
10.27
10.47
11.56
11.51
12.84
12.4
14.06
15.2
18.49
21.52
28.46
29.44
40.38
45.5
5.52
6.86
10.48
8.68
0.31
4.21
4.11
4.56
4.32
4.7
4.73
4.35
4.02
3.27
3.96
3.75
4.78
5.45
4.51
4.03
3.51
7.42
12.68
9.7
9.79
9.85
9.9
10.33
11.14
12.02
13.39
13.55
15.14
16.68
19.35
24.41
29.09
34.5
39.3
4.85
5.47
7.23
8.73
2.53
0.79
0.88
5.81
5.01
4.89
6.43
4.96
4.26
5.26
4.95
4.74
4.66
4.75
4.66
3.42
3.6
3.5
3.62
4.26
13.51
9.94
10.54
10.63
10.53
11.14
11.23
11.66
13.81
13.89
13.85
16.41
19.31
21.09
27.6
32.57
37.91
44.92
5.89
5.97
7.87
3.94
1.7
8.56
7.77
7.11
7.03
6.18
6.41
5.67
5.46
5.44
4.82
4.48
5.79
4.98
4.35
4.08
4.45
4.84
10.7
9.63
9.68
9.74
9.63
9.62
10.87
11.75
11.91
12.58
14.3
14.58
17.74
20.41
24.17
31.52
36.26
37.21
4.43
4.84
4.11
3.17
15.67
11.53
10.93
10.21
8.44
7.24
7.02
6.35
5.47
6.13
5.45
5.42
5.38
5.44
5.38
5.22
5.31
5.64
9.95
12.05
10.7
10.35
10.79
11.07
10.64
11.26
12.1
12.11
13.39
13.8
16.38
18.14
22.58
25.03
26.26
28.6
32.81
33.16
29.07
21.7
19.13
16.9
13.49
11.83
10.43
9.65
8.86
7.93
7.21
6.24
5.64
6.49
7.01
7.06
6.79
5.95
6.29
5.25
6.33
13.24
10.47
10.83
10.16
10.15
10.33
11.28
11.69
10.58
12.79
13.34
15.78
16.96
19.34
23.01
24.13
25.22
26.25
29.34
24.55
19.79
17.04
15.25
14.73
12.62
10.16
9.76
9.29
8.53
8.45
9.85
8.56
7.47
7.16
7.05
6.61
6.15
6.31
6.93
10.42
9.54
10.01
10.06
9.42
9.62
10.54
10.26
9.56
12.32
13.06
14.11
14.75
17.35
20.59
21.81
21.81
25.89
26.75
24.54
20.47
17.89
17.06
14.91
14.14
13.5
11.08
11.91
11.62
11.18
9.89
9.04
8.73
7.74
7.78
7.21
6.84
6.75
6.51
9.13
12.02
10.33
10.4
10.54
10.48
10.98
11.27
10.81
11.38
12.41
13.48
15.87
16.04
17.79
17.92
18.58
19.95
21.69
20.03
19.86
17.75
17.61
16.55
14.6
12.74
11.86
11.85
12
11.62
11.18
10.75
8.47
8.62
8.33
7.93
7.86
7.05
6.32
5.53
11.94
10.48
10.64
11.32
11.43
11.01
11.22
11.26
12.18
12.43
11.84
14.64
15.06
15.71
16.83
18.25
19.25
17.95
20.71
20.33
20.42
18.89
17.15
17.14
15.84
14.85
12.07
10.92
10.81
10.68
11.88
11.74
10.76
10.83
10.09
9.63
8.86
8.46
9.39
11.33
9.62
8.96
8.67
8.85
8.8
8.67
9.4
10.53
10.08
11.14
13.35
14.49
14.21
16.29
16.55
16.88
17.38
16.71
15.26
16.29
15.66
16.45
16.91
16.75
16.14
14.53
13.53
11.96
11.56
11.41
12.91
11.44
10.48
10.79
9.89
9.54
5.52
11.92
10.24
10.27
10.11
10.41
10.37
10.95
10.8
11.09
12.2
12.24
13.05
15.04
14.08
15.64
16.53
16.47
16.36
17.64
17.58
15.69
16.68
15.42
15.44
15
14.4
12.67
11.51
10.72
10
11.25
11.8
11.46
10.45
9.22
9.7
9.2
8.29
11.12
9.06
9.22
9.77
9.79
9.95
9.89
10.34
11.35
11
11.8
12.38
13.6
13.38
14.38
16
14.91
14.95
15.6
16.13
15.59
15.77
15.61
15.63
14.81
14.18
14.02
13.95
13.22
11.83
11.66
11.66
10.51
11.4
10.57
10.52
5.77
11.45
13.25
10.09
10.1
9.77
9.4
9.73
9.81
10.2
9.88
11.28
11.12
11.27
12.09
12.18
14.34
14.07
14.72
15.01
15.26
15.94
16.25
16.36
16.26
14.85
14.84
14.38
12.72
13
11.88
11.69
11.48
10.94
10.63
10.57
10.54
6.37
12.18
9.22
9.8
10.92
9.9
10.48
10.78
9.74
10.39
10.58
10.52
11.4
11.54
12.57
13.21
13.29
13.89
14.41
14.45
14.14
14.22
13.81
14.76
14.28
13.83
14.7
14.85
14.29
15.25
15.35
13.85
13.26
13.37
13.46
12.02
9.86
11.97
9.46
9.93
9.79
10.05
10.58
11.13
10.79
11
11.07
11.35
11.82
12.25
13.04
13.38
12.53
13.58
14.25
14.36
13.68
14.63
14.63
15.15
14.96
14.04
13.82
13.43
13.33
13.24
14.13
14.47
12.74
12.51
12.12
5.44
10.71
12.28
10.32
11
10.86
11.04
11.56
11.44
11.88
11.98
11.8
12.04
12.08
12.47
12.06
13.94
13.32
13.43
13.86
14.86
14.63
14.11
14.28
14.7
15.35
14.23
14.41
13.82
12.99
13.64
13.08
13.75
13.69
13.46
5.87
11.36
12.91
9.06
8.93
9.73
9.76
10.34
11.25
11.98
11.9
11.74
12.03
12.21
11.3
11.65
11.65
11.46
11.85
12.28
13.4
13.19
13.57
13.55
13.12
14.86
14.7
13.74
14.12
13.29
12.96
13.25
13.62
13.48
6.75
12.01
13.2
10.35
9.95
9.82
10
9.69
10.2
10.04
10.18
10.03
10.48
10.26
10.47
11.64
11.65
12.1
12.27
11.79
12.97
13.26
13.44
13.31
13.09
13.95
14.66
14.16
14.57
15.09
14.56
13.93
13.92
6.91
11.88
13.49
11.62
11.37
11.8
11.58
10.55
9.99
9.72
9.34
9.77
9.62
10.19
10.84
10.47
10.55
10.64
10.87
11.47
12.61
13.04
12.25
10.79
11.45
12.62
13.05
13.07
12.43
12.53
13.17
13.08
6.65
11.32
11.99
9.22
8.88
8.95
9.36
9.57
10.02
9.94
10.53
10.58
9.79
10.19
10.89
10.55
10.5
11.1
11.27
11.89
12.72
12.52
11.49
12.11
12.36
12.91
12.41
12.43
12.75
13.05
13.38
6.06
9.86
11.9
10.27
10.81
10.68
10.91
10.92
10.49
10.61
11.13
11.49
12.01
11.68
11.09
10.9
11.03
11.39
11.89
11.32
12.52
12.98
12.06
12.24
12.34
12.25
11.98
13.01
13.05
13.16
4.86
8.94
15.38
14.46
10.51
10.66
10.53
10.38
10.82
10.47
10.68
10.21
11.09
11.58
10.76
10.6
10.59
10.46
11.01
10.98
10.95
10.47
11.6
12.99
13.25
12.9
12.49
11.91
12.08
6.11
10.34
12.21
10.79
11.02
10.32
10.58
10.26
10.97
10.87
10.62
11.13
10.55
10.48
10.65
11.44
10.88
10.72
11.01
10.96
11.04
11.76
11.57
12.18
11.93
12.33
12.72
5.6
8.67
13.35
12.68
10.18
10.62
10.88
10.74
11.19
11.71
11.9
11.33
11.64
11.84
11.55
11.33
11.66
12.53
11.99
11.65
10.98
11.01
11.63
11.28
10.68
11.1
5.23
8.16
12.83
13.12
13.45
10.98
10.88
11.35
11.13
11.24
10.45
10.85
11.34
11.36
11.28
11.01
11.62
11.39
11.13
11.46
11.47
14.41
14
9.87
4.55
8.03
9.48
13.71
13.69
14.11
13.97
10.81
10.79
10.99
10.73
11.02
11.5
11.49
11.35
14.4
15.38
15.07
11.53
10.71
6.16
3.69
6.29
8.21
9.65
11.3
12.11
12.6
12.63
12.78
12.67
12.41
12.51
11.66
8.32
4.76
9.72
9.82
9.5
10.07
10.71
10.93
11.53
11.48
12.38
12.35
13.54
18.54
22.93
32.82
34.94
44.3
6.11
7.28
17.87
9.98
0.001
0.27
1.2
0.85
1.12
1.46
1.67
2.26
2.31
2.04
2.35
2.34
2.43
3.05
2.81
10.17
10.61
10.95
11.36
11
11.21
11.58
11.91
13.36
14.25
15.79
17.8
21.81
26.53
32.5
44.6
5.94
8.54
10.81
10.02
0.001
0.35
0.78
1
1.02
2.44
2.22
2.53
2.01
2.81
2.7
2.58
2.73
2.54
2.38
8.79
9.03
9.1
9.02
9.5
9.87
10.47
11.04
11.36
14.19
15.78
19.21
20.42
24.49
31.79
44.25
5.53
7.63
10.17
14.01
0.001
0.07
0.88
0.95
1.92
2.03
2.33
2.37
2.57
2.63
2.33
2.49
2.64
2.34
3.7
3.31
8.28
12.56
9.82
10.16
10.78
11.22
11.16
11.72
12.29
12.41
13.61
16.95
21.33
25.79
30.65
37.12
5.52
6.52
9.61
13.1
0.001
0.14
0.85
1.76
3.11
3.8
2.95
2.36
2.53
2.42
2.45
3.23
3.06
3.86
4.66
3.66
7.03
13.08
9.53
9.18
9.49
9.15
9.4
10.72
11.91
12.66
14.56
17.52
19.68
21.03
29.37
38.17
48.05
5.71
7.27
13.87
0.09
0.79
1.88
3.9
3.75
3.05
2.73
2.78
2.57
3.06
3.03
2.71
3.3
2.66
3.04
3.47
5.85
13.68
10.4
10.52
10.81
11.19
11.85
11.83
12.31
12.88
12.68
15.97
18.33
21.79
27.34
35.41
45.18
5.24
7.16
12.99
10.36
0.001
0.001
2.53
3.12
3.57
2.5
2.93
3.19
3.11
2.86
2.81
2.6
2.63
3.8
4
3.71
3.05
3.7
12.69
9.97
10.31
10.29
10.4
10.57
11.13
11.79
14.05
14.63
14.55
16.67
22.17
27.58
33.65
38.53
6.52
5.63
8.67
12.51
0.18
0.2
2.64
2.5
2.88
2.35
2.13
2.89
3.68
3.9
3.14
2.14
2.38
2.59
3.01
3.63
3.39
10.38
9.62
9.86
9.86
10.53
11.63
12.09
13.23
13.35
14.37
15.84
16.42
19.91
23.92
29.22
36.8
42.07
6.16
7.2
13
9.56
0.05
0.47
2.9
3.79
3.63
3.48
4.17
4.06
3.45
3.26
3.32
3.35
3.37
4.34
4.49
4.57
4.03
3.64
9.18
11.25
8.8
8.73
8.54
8.92
10.39
9.67
9.92
11.18
12.56
13.58
18.85
21.04
25.37
31.45
39.27
6.25
6.09
6.84
10.76
0.31
0.65
5.8
5.72
4.41
4.17
5.25
4.34
4.39
4.48
3.63
3.31
3.27
3.43
3.14
3.85
2.95
2.74
3.32
7.18
13.09
10.26
10.58
10.44
10.03
10
10.01
11.17
12.6
12.97
14.26
16.59
18.73
24.32
26.76
33.65
40.98
5.21
5.87
7.35
4.7
1.63
1.35
9.69
7.27
7.15
7.47
6.25
6.04
6.13
6.1
5.3
5.94
5.77
5.5
5.25
4.3
4.48
4.25
4.13
4.2
12.48
10
10.04
11
11.23
12.82
13.22
13.66
13.08
13.21
14.83
15.83
20.09
23.56
25.96
31.34
35.73
35.16
4.54
4.93
3.38
2.98
13.29
11.05
9.36
9.12
9.49
8.19
7.31
7.47
7.32
6.95
6.77
6.31
5.89
5.37
5.4
5.52
5.89
5.73
10.91
12.72
10.88
10.81
10.27
10.34
10.51
10.87
11.91
11.14
14.08
15.57
18.11
21.03
23.53
27.68
29.6
29.78
31.36
26.03
22.81
17.34
15.24
12.74
12.16
10.01
9.44
9.51
7.7
8
7.54
6.87
6.55
5.95
5.38
4.72
5.27
5.48
5.06
4.47
7.59
13.31
10.4
10.7
10.61
10.89
10.85
11.07
11.46
11.35
12.71
14.14
16.1
16.59
19.79
24.74
24.99
24.82
24.66
22.02
20.86
18.77
16.14
14.64
13.57
11.89
11.99
10.58
9.43
8.34
7.76
7.1
6.72
6.93
7.82
7.24
6.57
5.98
5.91
5.5
4.02
12.86
10.14
10.3
9.81
10.3
11.08
11.07
11.59
11.52
12.21
13.36
15.18
16.23
16.43
19.5
21.08
21.41
22.01
21.8
19.52
18.01
15.05
13.15
13.3
12.98
12.19
10.77
9.48
9.19
8.93
8.65
9.03
9.02
8.6
7.82
7.35
6.92
7.11
7.15
9.01
12.11
10.08
10.29
9.57
9.82
10.08
10.61
10.91
11.03
11.39
13.54
13.83
14.39
15.52
17.55
19.4
20.09
19.13
18.43
18.98
16.48
15.44
14.6
15.29
12.94
12.52
11.83
11.57
10.81
10.4
10.14
10.2
9.22
8.54
7.68
7.64
7.91
7.69
5.69
12.41
9.97
10.21
10.95
11.03
10.8
10.83
11.79
11.7
12.84
13.45
13.85
15.2
18.5
17.63
17.29
17.66
19.12
18.67
17.26
16.88
16.42
16.52
15.82
14.46
13.34
11.54
11.73
11.8
12.02
11.44
11.49
9.39
8.96
7.96
7.29
7.7
7.74
9.35
12.37
10.34
10.11
10.23
10.59
11.13
11.31
11.53
11.95
12.95
13.73
14.47
14.42
16.77
16.35
15.81
16.33
16.82
15.75
15.75
15.43
16.16
14.95
14.6
14.21
12.01
11.09
11.43
11.19
11.1
10.03
9.75
9.2
9.72
9.48
8.89
8.4
5.36
11.57
9.98
10.29
10.6
10.46
9.9
10.6
10.75
10.43
11.06
11.49
11.9
12.8
13.8
15.7
15.83
15.26
16.29
15.71
16.5
16.26
15.61
16.52
14.57
13.69
15.04
13.99
13.05
12.23
11.35
10.9
10.8
10.55
10.46
9.68
9.37
9.64
8.78
11.46
9.64
10.08
10.03
10.34
9.91
10.25
10.94
10.99
12.31
11.63
12.1
12.04
11.76
13.67
14.16
13.98
14.57
14.55
15.26
14.72
15.23
14.87
13.58
13.17
14.66
13.78
14.05
13.58
13
13.39
13.83
12.89
11.57
11.15
10.18
4.48
10.56
12.32
10.35
9.85
9.92
9.5
9.93
10.51
10.68
10.71
11.06
11.1
11.63
12.33
12.78
12.68
12.88
13.44
13.8
12.71
13.97
14.13
14.32
13.85
13.34
13.27
13.46
13.28
13.76
12.77
12.31
12.58
12.31
12.68
11.63
9.88
5.92
11.94
9.78
10.08
10.68
10.59
10.8
10.75
11.8
11.91
12.2
12.12
11.99
13.33
13.62
13.57
13.25
13.53
12.97
13
12.57
13.59
13.54
12.25
11.66
12.05
11.81
12.06
12.39
12.15
12.43
12.03
11.9
12.58
12.19
11.66
8.71
12.85
9.31
9.27
9.32
9.23
9.48
9.81
9.59
9.8
10.11
11
11.28
12.15
12.53
12.94
12.48
12.01
13.41
14
12.77
13.88
13.89
14.48
14.2
14.58
14.15
12.94
13.78
13.53
13.39
13.39
14
11.94
12.21
8.93
12.05
10.98
11.05
10.86
10.6
10.63
11.03
10.2
10.26
10.7
10.66
10.84
10.93
11.35
11.48
11.31
12.15
12.53
13.23
13.06
14.05
13.51
13.37
13.28
13.21
13.67
12.94
12.67
12.27
13.14
12.93
13.48
13.3
4.9
9.67
11.27
9.96
10.08
9.85
10.32
10.81
10.22
9.83
10.72
11.82
11.61
11.29
12.2
12.33
10.89
11.46
13.29
13.32
13.18
12.75
12.09
12.18
13.08
12.81
13.22
14.05
14.77
13.64
12.91
13.07
13.06
13.91
4.97
10.54
11.88
10.1
10.29
10.33
10.45
10.96
11.36
10.91
11.03
10.32
10.15
10.29
10.51
11.1
10.33
11.23
11.46
12.07
12.31
11.67
11.12
11.28
11.96
11.93
11.44
12.08
12.69
13.54
13.73
13.64
13.59
4.6
10.09
12.2
10.44
10.33
10.66
10.76
10.91
10.93
10.93
11.18
10.79
10.53
10.63
11.61
11.27
11.28
11.41
11.8
12.36
12.96
13.51
12.03
11.42
12.07
12.85
12.47
13.32
12.95
12.12
12.78
13.15
4.67
8.37
13.59
10.04
9.65
9.49
9.78
9.89
9.44
9.77
9.96
10.32
10.82
11.19
11.46
11.4
12.14
12.29
12.25
12.11
11.89
12.03
12.26
12.43
12.42
12.97
12.51
12.24
12.35
12.53
13.28
8.37
12.78
12.42
9.44
9.63
10.05
9.83
10
10.28
10.61
10.98
11.31
11.92
12.46
11.88
11.37
10.4
11.01
10.37
11.27
11.72
11.47
10.97
11.29
11.61
11.73
11.71
12.84
13.17
5.35
9.53
10.55
8.86
8.79
9.45
9.77
9.62
9.66
9.78
10.01
9.75
9.68
9.51
9.83
10.16
10.46
10.31
10.78
11.14
12.05
11.74
11.25
11.49
11.55
11.24
11.78
11.1
4.75
7.45
12.82
12.3
9.93
10.64
10.12
10.56
10.63
10.57
10.66
11.11
12.14
12
12.6
12.65
12.01
11.18
10.53
10.75
10.48
10.72
10.8
10.64
11.41
11.18
11.01
5.06
8.24
12
10.92
8.86
9
9.02
9.62
9.89
9.66
9.81
10.06
10.84
10.91
11.45
11.16
10.94
11.4
11.71
11.51
11.06
11.43
11.27
14.25
14.58
4.69
8.85
11.21
14.61
13.01
9.87
10.2
10.63
10.45
11.11
10.6
10.37
10.38
10.18
10.39
10.37
10.21
10.57
13.68
13.87
13.42
11.47
7.99
4.81
7.97
10.44
10.26
13.36
13.01
13.54
14.49
14.55
14.67
14.23
13.25
12.6
11.43
11.16
9.71
6.22
3.55
3.65
5.72
6.38
6.65
7.22
6.77
6.35
5.93
4.51
12.17
9.21
9.49
9.4
10.24
10.63
12.33
13.2
13.39
14
17.02
22.34
24.84
37.7
44.61
5.6
7.88
16.71
0.001
0.001
0.76
0.89
1.15
1.03
1.2
1.2
1.64
2.92
1.97
2.5
2.69
2.33
2.48
12.65
9.5
9.92
10.43
10.1
10.17
10.74
11.11
12.03
13.37
16.11
18.07
23.91
32.3
43.09
6.35
8.95
17.74
0.001
0.28
0.41
0.73
0.91
1.01
1.9
2.25
2.03
1.99
3.17
2.02
2.14
2.42
3.3
12.29
10.18
10.29
10.56
10.44
10.34
11.49
11.77
13.8
15.22
18.12
18.98
24.68
31.13
42.63
5.6
7.77
18.39
0.001
0.74
0.75
1.52
1.65
1.18
2.9
2.29
1.85
2.66
2.1
2.48
2.65
3.02
2.54
11.66
10.75
11.13
10.59
10.26
10.22
10.28
11.16
12.28
14.02
15.04
21.1
24.8
33.6
38.39
5.29
7.92
14.99
13.33
0.001
0.04
0.85
1.53
1.37
1.25
1.45
1.8
2.32
1.74
2.47
3.09
3.63
2.85
2.06
2.42
10.69
10.3
10.26
10.24
10.23
9.46
9.68
10.25
12.67
12.67
15.04
16.79
23.49
28.67
35.66
48.89
6.63
9.25
13.96
0.01
0.01
0.89
1.28
2.01
1.68
2.25
2.05
1.95
2.16
2.11
2.54
3.22
3.41
3.19
2.68
9.89
9.96
9.82
10.48
10.5
10.76
11.17
12.95
14.15
15.07
15.8
18.09
21.71
27.59
32.87
44.25
6.85
7.5
13.31
0.07
1.02
1.35
1.97
2.23
1.62
2.06
2.4
2.39
2.31
2.13
2.41
1.93
2.5
2.55
2.62
8.04
12.52
9.91
10.06
10.52
10.48
11.93
12.07
13.13
13.62
15.92
16.65
19.83
25.35
32.97
42.2
5.53
7.01
14.44
8.5
0.06
0.08
2.06
1.94
2.75
2.27
2.48
2.03
2
2.62
2.57
2.36
2.35
2.14
2.3
2.54
2.83
5.49
12.84
10.85
11.14
10.81
10.94
10.69
11.23
11.9
13.84
13.63
16.04
17.75
22.95
29.68
35.01
44.98
5.65
8.65
12.87
0.001
0.09
2.6
2.78
2.09
2
2.34
3.1
3.19
3.43
3.56
3.43
2.41
2.14
2.02
2.23
2.99
3.19
3.56
12.22
10.25
9.89
10.27
10.33
10.95
10.72
11.3
12.06
12.61
14.44
16.34
20.12
25.46
32.75
42.39
6.08
7.63
13.07
7.4
0.35
3.36
2.87
4.03
2.99
3
3.87
3.71
2.26
2.56
3.39
2.79
2.7
3.11
3.39
3.88
4.99
3.74
10.21
10.11
9.81
10.12
10.22
10.41
10.41
11.12
10.87
12.29
14.57
15.22
17.73
22.26
26.77
35.58
41.17
6.72
7.33
10.74
1.27
0.76
4.97
4.08
4.83
5.12
6.15
6.15
4.89
5.31
5.08
4.43
4.18
4.14
3.93
4.54
3.53
3.19
3.87
9.05
12.3
10.08
10.09
10.09
10.23
10.27
10.78
11.97
12.85
14.52
17.17
18.21
22.37
27.71
30.48
38.37
5.19
5.05
8.92
5.15
3
1.71
9.13
7.18
6.54
6.43
6.11
6.96
6.09
5.55
4.76
6.29
6.16
5.62
5.03
4.93
4.17
4.55
4.01
4.63
4.77
12.71
9.98
10.82
11.09
11.01
11.39
11.71
12.35
14.23
14.38
14.72
16.87
18.41
22.52
29.59
32.32
32.26
4.16
3.53
3.79
3.08
14.44
11.39
9.77
9.11
6.84
5.99
6.36
7.2
7.79
7.52
6.8
6.23
6.8
5.11
4.7
5.2
4.79
4.95
4.99
10.29
9.49
9.12
8.82
8.62
9.09
8.76
9.43
10.95
11.55
11.87
15.16
15.78
15.7
21.41
24.54
23.68
27.71
25.75
22.48
18.46
15.29
13.57
11.68
10.9
9.23
8.43
6.84
6.1
6.39
6.53
6.78
6.01
5.25
5.76
6.64
5.85
5.64
6.04
6.31
8.61
12.21
9.67
10.05
10.77
11.17
10.96
11.42
12.46
12.97
13.28
13.72
16.42
16.35
17.67
19.99
22.69
23.07
21.5
19.23
18.31
16.21
13.73
12.64
12.65
13.87
10.67
9.6
9.58
8.16
7.45
6.8
6.95
6.81
6.51
7.18
7.42
6.91
6.22
5.7
4.36
11.62
10.57
10.22
10.92
10.84
11.21
11.11
11.3
11.29
11.65
12.18
14.35
16.65
17.87
18.8
19.46
20.01
19.21
20.88
20.6
18.05
16.76
15.46
13.37
12.25
13.37
12.01
10.74
10.39
10.38
10.55
9.34
9.05
8.52
7.94
8.56
8.61
7.77
6.8
9.66
12.37
10.05
10
9.71
10.26
10.47
10.44
10.95
11.54
12.49
13.86
15.12
16.27
16.81
16.98
18.58
19.34
18.23
18.05
17.94
16.6
15.33
13.81
13.88
13.35
12.58
13.08
12.31
11.78
10.98
10
8.93
9.36
8.6
8.48
8.61
7.92
7.32
4.6
11.55
9.9
9.77
9.98
10.52
10.65
10.13
10.95
11.23
12.69
13.3
13.36
13.4
14.25
15.51
17.82
17.39
16.54
17.28
16.96
16.26
15.76
15.45
14.19
14.12
13.89
13.7
13.83
12.29
11.88
11.58
10.87
9.44
9.29
9.49
9.13
9.15
8.59
8.21
11.97
9.93
10.19
10.43
10.48
10.4
10.34
10.28
10.52
11.04
12.57
12.69
13.6
14.89
16.92
16.96
17.07
14.38
15.3
16.46
16.41
16.14
16.06
15.44
14.77
13.8
14.12
13.44
12.73
11.84
10.55
9.83
10.19
9.99
10.67
9.93
9.69
4.14
10.92
9.19
9.48
9.86
9.78
9.61
9.9
10.3
10.25
11.04
10.54
11.3
11.63
12.04
12.5
11.75
12.88
13.27
13.67
13.85
16.31
15.23
13.8
13.08
14.91
14.5
14.09
13.94
14.79
13.13
12.59
12.06
11.57
11.05
11.33
11.13
10.32
7.31
12.06
9.19
9.51
9.47
9.94
10.08
9.96
10.06
10.27
9.93
10.64
11.42
10.61
11.09
12.24
13.17
14.23
14.01
14.37
14.04
14.09
14.51
13.76
14.78
15.19
13.89
12.96
12.62
12.5
12.01
12.02
12.72
13.24
12.06
11.76
11.68
9.34
13.27
10.82
10.82
11.09
11.34
11.23
11.21
11.66
10.95
11.33
12.17
12.61
12.37
12.56
11.81
13.36
14.62
13.68
13.24
13.52
13.44
13.38
13.83
14.37
14.95
14.7
13.77
13.4
14.14
13.7
13.55
13.11
12.05
11.93
12.23
4.77
10.53
12.81
9.89
9.87
10.28
10.48
10.84
10.47
9.97
10.55
10.58
10.67
9.48
10.12
10.98
11.89
12.2
13.25
12.55
13.77
13.33
13.17
14.28
13.79
13.86
14.4
14.26
14.65
13.89
13.72
14.72
13.89
13.7
13.16
12.73
6.03
11.36
9.64
9.49
9.72
9.58
9.64
10.06
9.93
10.37
10.91
11.82
12.12
12.09
12.04
11.94
12.8
13.76
14.27
12.89
12.44
12.89
12.54
13.03
12.89
12.8
12.33
12.56
13.4
13.98
13.15
14
14.03
14.49
14.5
7.87
11.97
9.84
9.62
10.35
10.53
10.13
10.2
10.13
10.3
10.28
10.72
11.07
11.42
11.3
11.24
11.62
12.59
14.18
12.93
12.06
11.26
11.8
12.14
11.66
12
12.05
12.19
13.14
14.28
13.69
12.75
13.17
13.64
6.6
11.48
9.39
9.52
9.87
10.24
9.63
9.99
9.9
10.43
10.46
11.61
11.36
11.25
10.57
11.33
12.72
13.51
13.33
12.41
12.23
11.9
11.78
12.44
12.61
12.63
12.74
12.03
12.76
13.7
14.42
13.22
12.19
7.7
12.46
10.28
9.71
9.56
10.32
10.36
10.62
11.1
11.43
11.45
12.2
11.77
11.69
12.49
12.22
11.68
12.84
12.98
12.56
12.52
11.32
11.4
11.48
11.8
11.93
12.42
11.67
12.21
12.87
13.78
13.74
6.52
11.85
12.54
10.05
9.53
9.77
9.46
9.6
10.52
10.66
10.66
11.1
11.33
10.39
9.78
10.78
10.75
11.33
11.52
12.1
12.99
13.54
12.95
12.5
12.57
13.26
13.15
12.22
12.47
13.09
13.13
6.29
11.47
12.29
10.18
10.14
10.36
10.96
10.89
11.25
11.04
10.67
10.58
11.48
11.9
12.14
12.44
11.97
11.89
11.52
11.7
11.88
11.92
12.12
12.5
12.21
12.05
11.67
11.66
11.39
11.46
4.89
8.53
13.31
10.56
10.35
10.32
10.47
10.62
10.56
10.92
11.21
11.32
11.74
10.93
10.94
11.2
11.52
11.03
11.56
11.33
11.23
11.27
11.65
11.53
11.41
11.86
11.4
11.04
12.09
7.37
12.81
12.8
10.38
10.39
10.36
10.21
10.63
10.6
10.75
10.63
10.53
10.73
11.5
11.07
10.54
10.27
10.41
10.55
10.9
11.32
11.7
11.62
11.81
11.94
12.25
12.28
4.33
7.35
11.94
12.39
10.31
10.03
9.64
9.42
9.1
9.31
9.67
10.27
10.13
10.71
11.13
11.32
11.37
11.52
12.22
11.68
11.89
12.42
12.2
11.92
11.5
11.63
4.05
8.55
10.75
14.12
12.11
9.92
10.16
9.92
10.4
10.4
10.2
10.78
10.64
10.4
10.28
9.86
10.38
10.32
10.71
10.99
11.42
13.72
13.45
11.34
5.5
8.86
10.64
14.29
14.22
13.47
10.75
11.04
10.4
10.14
10.31
10.74
10.83
13.37
13.99
14.56
11.72
11.05
9.88
4.98
4.62
6.78
8.77
10.14
11.01
11.49
11.19
11.24
10.9
11.02
10.53
7.38
5.41
6.56
14.09
10.24
10.03
10.06
10.19
10.71
11.48
12.96
13.01
15.2
19.02
20.62
32.53
42.07
7.26
8.06
17.44
0.001
0.05
0.32
0.65
0.45
0.68
1.21
1.21
0.92
1.42
1.23
1.47
1.71
2.69
2.64
5.69
14.11
9.9
9.87
10.06
10.58
10.87
11.11
11.56
12.53
14.5
17.5
21.64
30.14
41.92
5.47
8
16.53
0.001
0.001
0.59
0.64
0.45
0.76
0.87
1.2
1.25
1.51
3.11
2.68
2.7
2.05
1.45
5.55
13.91
10.26
10.73
11.76
11.1
10.85
11.64
11.75
14.66
15.42
19.68
23.81
30.75
41.53
5.2
8.39
19.5
0.001
0.3
0.15
0.71
1.32
1.35
1.08
1.91
1.8
1.56
2.08
2.46
2.27
2.95
2.92
4.7
13.24
9.37
9.77
10.01
10.64
11.27
11.76
11.75
12.7
14.83
17.2
22.93
30.73
38.36
5.51
8.87
20.74
0.001
0.51
0.34
1.21
0.81
0.94
1.07
1.28
1.53
1.94
1.89
2.51
3.38
2.63
2.36
2.98
12.56
9.78
10.78
11.31
12.07
11.55
11.57
11.64
13.04
14.61
18.19
21.36
30.49
36.88
51.66
7.6
18.32
13.18
0.08
0.08
0.49
0.57
1.39
1.68
1.51
1.64
1.92
1.89
2.01
2.2
1.92
1.58
2.29
2.6
12.07
10.63
10.71
10.9
11.16
11.18
11.67
12.92
12.88
15.28
16.75
20.85
24.57
32.45
42.02
5.89
8.59
15.71
0.001
0.61
0.75
1.65
1.36
1.86
2.48
2.82
1.96
1.98
1.93
1.59
3.14
2.35
2.05
2.84
11.01
9.91
10.27
10.36
10.36
10.24
10.46
11.01
12.7
13.93
15.01
18.52
24.14
29.83
41.65
5.96
7.65
18.04
0.06
0.2
0.59
1.78
2.36
2.36
2
1.9
1.85
2.05
2.98
2.55
2.49
1.64
2.2
2.02
2.01
9.78
9.66
9.89
10.11
9.92
9.6
10.18
11.5
13.14
13.45
14.42
15.91
19.38
26.22
35.87
50.21
7.58
14.81
12.25
0.09
1.44
2.08
1.42
1.95
1.93
1.36
2.32
2.83
2.92
2.6
2.91
2.38
2.18
1.67
2.3
2.81
7.66
11.58
9.63
9.47
9.4
9.81
10.64
12.02
12.11
13.27
14.22
16.17
19.66
22.9
32.11
40.65
5.52
7.29
13.1
0.17
0.14
1.27
2.58
2.73
2.13
1.89
2.03
2.67
2.67
2.43
2.95
2.91
2.98
3.17
3.49
3.57
3.28
4.34
12.38
10.12
10.39
10.02
11.24
11.13
11.59
11.25
11.88
13.65
16.17
18.51
22.01
27.43
35.12
40.17
6.32
13.75
13.36
0.44
0.2
2.98
4.09
3.93
4.11
4.34
3.51
4.26
3.87
2.95
3.45
3.83
3.59
3.68
3.75
3.66
3.47
3.79
10.32
9.4
9.85
10.29
10.75
10.64
10.87
10.98
11.35
13.7
14.38
15.6
19.45
24.67
31.09
36.9
6.37
5.91
11.7
3.69
0.53
0.75
0.91
6.8
6.3
5.12
4.81
5.96
4.82
4.67
4.54
4.41
3.93
4.23
4.81
5.71
5.13
4.05
3.89
3.52
3.46
9.63
11.82
9.18
9.66
9.07
9.13
9.13
9.07
8.94
11.45
13.01
13.97
18.96
20.69
24.72
31.7
33.71
4.52
5.44
3.63
2.32
1.87
11.19
10.21
9.17
8.41
7.83
7.35
6.28
6.55
5.73
5.16
5.3
5.52
5.94
6.22
6.3
5.77
4.99
4.53
3.84
4.96
12.6
9.91
10.15
10.5
10.55
11.46
10.99
11.25
12.26
13.12
13.83
17.29
19.62
21.6
26.14
28.67
29.8
4.22
22.86
19.57
17.64
13.53
11.37
10.54
9.52
8.15
7.35
7.6
7.71
7.35
6.99
6.44
5.91
5.4
5.22
5.06
4.99
4.88
4.48
4.53
10.46
9.81
10.37
10.34
10.44
10.26
9.61
10.22
10.38
11.24
13.09
14.85
17.03
19.07
21.6
21.42
20.66
23.16
22.46
19.66
17.53
15.14
13.28
11.88
10.44
9.84
9.29
8.41
7.17
8.03
6.57
6.98
7.37
7.52
7.26
6.9
6.82
6.32
5.92
5.31
7.42
13.23
9.66
10.7
11.21
11.5
11.03
12.2
12.41
12.65
12.21
13.64
15.92
18.49
19.26
19.09
19.81
18.86
19.83
19.91
17.3
16.4
15.02
11.72
11.24
10.33
9.8
10.38
9.71
8.5
8.21
7.77
8.29
7.65
7.27
6.94
6.51
6.67
7.01
7.19
9.91
9.42
9.27
9.6
10.7
10.61
11.04
10.63
11.16
11.94
12.04
13.35
14.26
15.28
15.69
16.58
17.2
16.98
15.51
16.04
14.54
14.82
15.57
15.58
14.66
12.66
12.28
12.36
11.02
10.23
9.2
8.83
9.13
8.64
7.92
7.89
7.64
7.65
7.72
9.42
12.33
10.29
10.08
10.61
10.46
10.29
10.05
10.17
11.09
10.28
11.67
12.03
13.68
14.89
14.94
16.14
15.76
16.25
16.17
17
16.08
15
13.75
12.92
13.03
14.18
14.17
13.57
13.19
12.82
12.02
10.77
9.49
9.34
9.15
8.79
8.63
8.85
3.71
11.1
10.02
9.95
10.19
10.43
10.77
11.25
12.2
12.84
13.61
14.79
13.58
13.53
14.31
14.71
16.96
15.9
16.41
16.42
16.52
17.14
16.44
15.2
14.65
15.02
14.85
14.38
13.25
12.33
11.96
11.16
10.67
11.23
10.64
10.7
9.99
9.67
9.71
7.54
12.81
10.19
10.62
10.58
10.26
10.39
10.51
10.66
11.44
12.11
12.77
13.36
13.37
14.11
14.26
15.05
15.9
16.75
15.83
16.3
15.99
16.55
16.53
16.35
15.44
15.08
13.84
13.87
12.98
12.74
13.21
11.91
11.75
11.68
11.41
11.73
11.78
10.03
12.47
9.6
9.67
10.69
10.26
10.55
11.03
11.78
11.79
12.28
12.72
11.59
11.68
12.74
13.36
13.22
13.93
14.13
13.6
13.95
13.68
14.08
15.07
15.18
15.22
14.76
14.26
13.85
13.15
12.8
12.55
12.33
11.78
11.14
10.7
10.04
5.12
12.14
9.81
10.03
9.93
9.65
9.59
9.91
10.27
10.82
10.27
10.68
11.78
12.11
12.86
12.44
12.84
12.13
13.67
13.62
12.68
13.99
14.41
14.42
14.78
14.05
14.43
14.68
15.55
15.66
14.59
14.11
13.65
13.42
12.65
12.39
11.92
7.74
12.37
9.76
9.74
10.26
10.55
10.28
10.13
10.25
10.82
10.61
10.99
10.07
10.74
12.2
12.91
13.5
13.91
13.59
13.14
12.55
12.95
13.14
12.96
13.83
13.89
13.23
12.84
13.55
13.24
13.57
14.31
14
14.5
13.84
12.35
8.49
13.33
10.01
10.33
10.2
10.27
10.26
10.99
10.9
11.58
11.58
11.68
11.96
11.97
13.21
13.64
13.3
13.77
13.08
12.12
12.06
11.44
11.61
13.25
13.5
14.17
14.03
13.96
13.73
13.16
12.86
13.54
13.59
14.03
14.77
10.15
12.94
10.26
10.32
10.35
10.18
10.7
10.2
9.66
10.16
10.02
9.85
10.04
10.46
10.35
11.53
11.75
11.54
11.88
11.65
12.06
11.92
10.6
12.74
13.5
13.54
12.8
13.79
13.08
12.74
12.51
11.99
11.98
12.34
4.94
10.75
12.27
9.83
9.96
9.9
10.36
10.1
10.21
10.02
10.4
10.87
10.51
11.36
11.26
11.19
11.63
11.59
12.34
11.88
11.6
12.72
13.05
12.21
12.62
13.98
14.75
14.07
14.44
15.5
14.93
15.68
15.31
13.98
5.27
10.47
11.95
9.91
10.14
10.32
9.66
10.14
9.82
10.8
10.81
11.27
11.3
11.19
11.36
11.4
11.23
10.85
11.16
11.13
11.08
11.51
11.47
11.18
11.67
12.3
12.73
12.92
11.36
11.29
11.03
10.79
12.37
4.85
10.32
11.65
9.55
9.18
9.61
9.77
9.56
9.74
8.79
9.14
9.79
9.96
10.04
10.51
10.51
11.44
11.49
11.06
11.01
11.45
11.77
11.47
11.46
11.7
11.79
11.63
12.99
12.51
12.4
12.25
11.82
4.49
8.04
12.84
10.05
9.97
10.25
10.31
10.02
10.03
10.56
10.38
10.69
10.64
10.33
10.35
9.64
10.51
10.6
10.56
10.71
10.91
10.9
11.35
11.5
11.71
11.28
11.22
11.32
12.55
13.09
12.86
8.13
13
12.23
9.86
9.89
9.99
9.87
9.73
10
10.04
10.26
10.3
11.17
11.6
11.26
11.1
10.99
11.58
11.44
12.64
12.67
12.54
12.41
12.5
12.73
12.09
11.95
12.37
12.4
5.4
8.77
12.89
9.8
10
9.84
9.56
9.84
9.65
9.76
10.14
9.36
9.47
9.49
9.74
9.49
9.75
9.57
10.01
10.27
9.96
10.3
10.44
10.89
11.18
11.19
11.12
11.24
7.2
12.29
12.23
9.43
9.85
9.67
10.16
10.5
10.86
10.64
10.19
10.3
9.89
9.72
9.95
10.37
10.38
10.33
9.96
10.44
10.99
11.64
11.29
11
11.77
11.89
4.13
8.7
10.55
14.79
13.5
10.29
10.45
10.47
10.57
10.21
9.9
10.59
10.97
10.92
10.62
10.94
11.05
10.99
10.59
10.82
11.85
12.19
11.73
14.17
12.58
4.98
8.8
12.41
11.64
11.69
9.63
9.94
10.26
10.16
10.06
10.96
11.39
11.5
10.88
10.92
11.32
13.84
14.7
13.82
11.74
9.84
3.45
3.42
6.12
8.53
10.58
10.46
12.75
12.3
12.65
12.91
13.03
12.86
13.65
12.68
12.43
11.47
7.58
4.58
3.24
5.19
5.95
6.78
6.64
5.97
3.75
10.21
10.21
10.34
10.29
10.49
10.36
10.67
11.46
11.95
13.97
15.32
20.77
26.41
41.3
5.45
9.71
16.26
0.001
0.001
0.15
1.18
0.18
0.44
0.51
1.1
1
0.9
1.47
1.92
1.82
1.57
2
9.8
10.68
10.06
10.13
10.4
10.91
11.06
12.11
13.3
13.63
15.67
21.98
28.13
39.22
5.37
8.52
17.92
0.001
0.001
0.12
0.65
0.68
0.5
0.71
1.26
1.54
1.04
2.24
2.35
1.93
2.1
1.48
9.06
9.9
10.08
10.01
10.01
10.32
10.21
10.56
11.92
13.3
15.96
20.31
24.83
32.8
5.86
8.11
19.11
0.001
0.001
0.001
0.34
0.83
0.87
1.16
1.31
1.5
1.93
1.66
1.63
2.95
2.28
1.42
8.46
9.65
9.83
10.07
10.26
10.66
10.48
11.39
12.3
13.32
15.07
19.12
26.42
40.16
52.28
7.83
20.49
0.001
0.19
0.3
0.4
0.84
0.98
0.91
1.02
1.29
1.12
1.39
2.22
1.33
2.1
2.23
7.49
12.43
10.12
9.75
10.16
9.99
10.34
11.44
12.7
13.64
16.01
21.05
25.51
35.78
44.22
7.7
18.64
12.11
0.001
0.11
0.22
0.5
0.48
1.25
1.37
1.18
1.36
1.56
1.93
1.85
1.96
2.95
2.23
2.01
5.07
12.66
10.03
10.11
10.25
10.31
11.72
11.47
12.27
14.04
16.96
19.26
23.7
30.76
42.3
5.3
9.91
16.66
0.001
0.89
1.39
1
1.18
1.34
1.23
1.97
1.6
2.06
2.07
1.61
1.6
2.67
2.6
2.8
3.45
12.68
9.98
10.24
9.8
10.11
10.87
10.67
12.49
14.24
15.65
16.98
19.74
26.33
38.97
5.85
8.39
20.32
0.001
0.001
1.04
1.34
1.41
1.2
1.29
1.98
1.85
2.18
1.55
1.99
2.36
3.18
2.73
2.24
2.48
11.31
9.99
9.93
10.27
10.97
11.02
11.31
13.08
13.8
14.64
14.09
18.44
24.61
33.25
43.55
7.46
16.62
13.21
0.02
1.29
1.46
1.31
1.52
2.32
2.28
1.81
1.92
2.31
2.78
2.79
2.95
3.5
3
3.13
3.09
10.84
10.39
10.29
10.57
11.04
10.23
11.07
12.08
13.14
14.41
15.58
18.79
24.88
30.98
38.32
6.51
7.97
13.32
0.07
0.09
1.64
1.85
3.35
2.71
2.3
2
1.95
2.99
2.96
2.63
3.29
2.93
2.96
2.94
2.5
3.02
8.71
12.95
10.17
10.59
10.29
10.91
10.54
10.44
10.8
12.01
13.6
16.29
17.72
24.45
33.94
43.84
6.65
14.06
12
0.16
0.27
2.03
2.47
2.01
2.48
2.16
3.34
3.88
3.48
3.03
3.45
3.9
3.25
3.47
3.06
3.08
3.66
3.36
4.17
11.95
9.35
9.12
9.4
9.93
9.58
9.89
11.21
11.95
13.99
16.45
16.55
22.83
27.75
34.86
4.94
7.67
14.4
0.04
0.36
0.31
3.91
4.86
4.6
4.22
4.61
4.83
4.75
4.48
3.55
3.97
4.42
3.89
4.34
4.9
4.64
4.16
3.57
3.32
10.23
9.9
10.11
10.27
10.47
10.33
10.78
11.85
12.29
13.67
15.77
17.27
20.57
24.06
28.78
36.9
5.6
9.26
6.2
2.67
1.22
0.88
7.49
7.03
7.54
7.3
6.87
6.23
5.67
4.88
5.11
5.54
5.87
4.97
4.42
5.56
4.74
4.67
5.42
5.07
4.42
9.47
12.27
10.51
10.56
10.38
10.71
10.99
10.08
10.8
12.74
14.02
14.73
17.25
20.71
25.1
27.45
35.68
3.96
3.54
2.97
16.17
14.37
15.08
11.48
8.11
7.04
7.03
6.45
6.02
6.7
6.7
6.29
5.79
5.78
5.4
5.01
5.1
5.27
4.65
4.53
4.08
4.12
12.19
9.76
9.72
10.03
9.89
10.32
11.36
11.19
11.73
12.36
13.15
15.91
18.1
19
19.43
24.41
24.13
22.09
19.12
18.66
15.97
13.39
13.73
12.64
10.61
9.42
8.72
7.47
7.05
7.79
8.72
8.06
7.76
6.21
5.58
5.43
5.74
6.36
5.71
5.37
10.91
12.05
8.99
9.17
8.9
8.9
9.64
10.03
10.03
10.17
11.26
12.48
14.29
16.67
17.57
19.51
21.62
21.32
19.23
18.36
16.86
16.52
15.29
13.05
12.95
11.32
10.07
10.16
9.69
8.18
8.16
8.64
8.18
8.39
6.7
6.22
6.7
6.67
6.33
6.25
5.06
13.34
10.75
10.79
10.91
10.96
10.78
10.75
11
10.97
12.22
13.3
14.07
15.05
15.26
15.73
17.73
19.22
17.66
18.43
16.04
15.17
14.9
14.55
13.16
13.12
13.43
11.83
10.46
9.49
9.8
10.09
9.8
9.4
9.19
8.75
8.47
8.18
8.78
8.74
10.2
9.79
9.5
9.89
9.92
9.69
10.03
9.47
9.32
10.46
10.92
11.43
13.16
14.98
15.76
16.02
15.57
15.51
16.12
16.45
15.11
14
13.53
14.44
13.15
12.32
12.27
12.4
11.65
10.93
9.74
9.14
9.58
10.22
9.28
9.31
9.24
9.43
9.1
7.17
12.8
10.44
10.52
11
11.42
11.74
10.98
11.02
11.31
12.94
12.07
11.83
14.12
14.49
15.4
15.63
14.72
15.14
15.86
16.24
16.42
15.79
14.76
14.35
13.32
11.82
10.35
11.28
11.59
11.46
11.41
10.44
10.12
10.74
10.38
10.33
10.39
10.14
9.17
12.85
10.15
10.26
9.7
10.05
9.74
10.66
10.03
10.16
11.15
11.22
12.49
12.81
13.63
13.86
15.14
15.37
14.32
14.6
15.11
14.59
14.42
13.8
13.64
13.45
12.36
11.62
10.6
10.76
10.92
10.3
10.93
11.29
11.07
11.04
11.76
11.19
4.83
11.82
9.4
9.1
9.49
9.07
9.47
9.83
10.3
10.78
11.04
11.27
11.19
11.58
12.65
13.21
13.3
14.03
14.58
13.79
13.1
13.46
13.66
13.83
13.35
13.32
13.85
13.6
13.23
12.49
12.05
11.58
11.18
11.49
11.07
11.04
11.13
10.64
8.5
13.85
10.74
10.27
10.39
10.81
11.09
11.49
11.41
11.08
10.91
11.51
12
12.75
12.91
13.48
12.97
12.07
11.86
12.05
11.6
12.23
12.31
11.81
12.58
13.93
13.49
13.98
13.31
13.42
13.92
13.37
12.34
11.56
11.5
11.05
11.56
9.14
12.17
9.63
9.9
9.8
9.48
9.49
9.53
9.89
10.75
10.78
10.89
11.44
11.59
11.61
13.34
13.26
13.32
14.26
13.25
13.84
13.02
13.55
13.19
13.18
12.55
12.83
13.59
13.08
13.29
14.01
14.25
14.38
13.47
13.02
12.71
4.91
11.46
12.71
9.81
9.66
9.59
10.04
11
10.66
10.96
10.73
10.24
10.77
11.13
12.03
12.3
12.45
12.66
13
15.08
14.2
13.69
13.1
14.18
13.73
13.8
13.7
12.52
12.32
12.1
12.55
12.41
12.13
12.82
12.66
12.36
5.54
12.52
10.68
10.73
10.94
10.34
10.44
10.95
10.76
10.8
11.01
11.37
12.08
12.43
12.53
12.51
12.45
12.34
13.34
13.61
13.45
12.77
13.04
13.41
13.29
13.52
14.75
14.91
14.16
13.88
13.44
12.01
11.57
12.06
11.85
7.82
12.08
9.92
9.58
9.86
9.65
9.31
9.95
10.21
10.31
10.44
11.21
11.79
12.1
12.32
13.1
12.63
12.75
13.48
13.74
13.88
13.67
13.48
13.41
12.83
12.1
12.08
13.1
14.49
14.59
14.91
13.76
13.25
12.3
7.08
12.4
10.15
10.28
10.15
10.86
11.04
11.16
10.83
10.8
11.22
10.6
11.01
10.83
10.61
11.5
11.55
11.99
12.58
13.34
13.46
13.6
13.61
13.72
13.41
13.45
12.73
12.48
12.86
12.89
13.25
12.69
12.69
6.71
11.93
9.5
9.58
9.28
9.4
9.59
10.21
10
9.96
10.39
10.99
10.49
10.21
9.62
10.72
11.3
11.26
11.47
11.23
10.98
11.35
11.27
11.6
11.4
11.61
12.07
12.43
12.37
12.89
13.82
14.38
6.4
12.95
13.25
11.06
11
10.67
10.96
11.29
11.56
11.94
11.52
11.24
11.28
11.3
10.63
10.89
11.79
11.96
11.85
11.62
11.13
11.09
11.23
12.15
11.99
11.81
12.36
12.92
13.08
12.75
12.22
4.71
8.49
12.27
9.08
9.27
9.17
9.92
10.3
10.38
10.24
10.79
10.7
10.94
10.69
10.43
10.72
11.57
11.31
10.77
11.68
11.9
12.26
12.53
12.82
12.89
13.13
12.28
11.51
11.94
12.16
8.23
14.48
13.5
9.94
9.54
9.36
9.2
9.58
9.56
9.84
9.6
9.44
9.41
9.97
10.22
10.51
10.56
10.18
10.12
10.71
11.36
11.09
10.85
11.23
11.6
11.73
11.07
10.72
4.99
8.28
13.24
10.86
10.81
10.9
10.73
10.15
10.22
11.19
11.85
12.2
11.64
11.84
11.75
11.92
11.88
11.63
11.27
11.39
11.93
11.36
10.9
10.69
10.92
11.09
10.48
7.05
9.96
13.79
12.79
10.24
10.65
10.79
10.69
11.12
11.96
11.82
11.94
11.67
11.15
10.68
10.16
10.42
10.88
11.38
11.22
11.05
10.79
11.33
11.56
13.58
4.67
9.52
10.79
13.1
9.94
10.09
9.9
10.3
9.82
10.18
10.77
10.67
10.45
10.43
10.91
10.75
10.62
11.03
10.62
12.97
12.95
11.05
10.07
5.89
10.23
10.38
13.14
12.9
13.1
10.84
10.86
10.46
10.66
10.66
12.75
13.85
13.34
12.46
11.94
9.53
4.67
3.29
5.2
6.62
8.49
8.84
9.21
8.73
7.82
7.85
5.95
3.64
11.92
9.71
9.77
10.02
9.77
10.17
10.72
11.75
12.72
16.85
18.81
24.56
38.21
54.26
8
19.67
0.001
0.2
0.46
0.3
0.67
0.25
0.84
1.46
1.45
1.02
1.54
1.54
2.03
1.75
12.19
9.66
9.99
9.69
9.85
10.72
11.32
11.93
13.77
15.44
19.65
26.44
36.18
53.28
9.54
22.08
0.001
0.001
0.001
0.24
0.28
0.69
0.94
1.19
1
1.03
1.08
1.06
1.89
1.7
1.52
11.18
9.84
10.2
10.51
10.32
10.75
11.47
11.9
12.2
14.48
17.63
22.23
32.68
52.95
8.23
22.97
0.001
0.001
0.23
0.15
0.65
0.66
1.18
0.75
1.02
1.12
1.53
1.79
1.01
1.78
2.29
10.87
9.65
9.85
10.49
10.91
10.62
10.34
12.57
12.2
14.22
18.45
22.93
30.71
48.77
7.19
20.2
0.001
0.001
0.56
0.35
0.68
0.76
1.41
0.94
1.47
1.71
1.47
1.31
1.37
0.94
1.52
10.2
10.03
10.15
10.21
10.56
10.79
10.84
12.18
12.68
14.26
18.32
23.36
31.06
45.54
7.14
10.17
12.26
0.001
0.49
0.95
0.19
0.22
1.07
1.01
1.09
1.54
2.03
1.55
1.17
1.72
2.58
2.28
8.48
9.21
9.13
9.16
9.2
9.22
9.94
10.67
11.58
14.77
16.14
19.31
28.13
36.62
5.23
9.23
18.3
0.06
0.001
1.26
0.53
1.02
1.45
0.73
1.34
2.03
1.42
1.52
1.68
1.89
1.93
2.46
2.92
6.94
12.01
9.5
9.25
9.25
10.01
10.53
10.83
11.19
13.41
14.43
17.13
23.6
31.5
5.1
10.43
19.29
0.02
0.02
0.72
1.79
1.4
1.84
1.48
1.52
2.1
1.3
1.87
1.91
2.12
2.9
2.68
3.01
2.51
4.01
13.01
10.41
10.4
10.06
10.05
10.56
10.06
10.46
11.99
15.12
16.19
21.88
30.9
42.39
6.68
15.19
9.86
0.001
1.07
0.83
0.96
2.26
2.19
1.63
1.95
2.08
2.19
2.44
3.35
3.34
2.75
3.22
3.1
2.47
11.9
10.66
10.88
10.81
11.07
10.88
10.94
11.54
12.07
13.66
16.32
19.08
22.88
34.36
4.88
9.82
16.34
0.08
0.15
1.65
1.74
2.17
2.73
2.09
2.84
2.64
2.48
3.32
3.47
3.54
2.4
2.6
2.77
3.24
3.59
10.68
9.37
9.74
9.86
10.46
10.61
11.15
11.72
13.7
13.61
16.15
18.98
22.43
29.04
40.95
6.01
12.39
10.23
0.06
0.36
0.15
2.24
2.56
2.01
1.94
2.41
2.69
2.89
3.15
3.55
2.9
2.61
3.08
3.38
4.08
4.01
3.16
3.11
7.84
12.68
10.63
10.57
10.31
10.45
10.93
12
11.95
12.82
15.26
18.51
20.04
23.42
30.28
4.17
6.49
17.1
0.17
0.3
0.2
2.25
3.8
3.66
4.1
3.17
3.46
3.23
3.73
3.41
2.5
3.05
4.22
4.25
4.12
3.27
3.31
3.58
3.49
3.88
12.81
9.75
9.51
9.47
9.18
9.33
9.38
10.78
11.43
11.97
14.45
15.95
19.07
26.21
33.81
5.49
10.07
7.11
2.06
0.91
0.91
6.35
5.75
5.9
5.5
5.74
5.92
6.56
5.62
4.85
3.95
4.37
4.44
4.45
5.66
4.71
4.23
4.56
4.27
4.73
4.63
11.47
9.94
9.6
9.73
9.52
9.81
10.95
10.38
10.91
10.92
12.48
14.56
17.58
22.94
24.57
27.93
4.25
4.58
2.87
1.89
11.87
9.75
7.69
8.22
7.77
7.02
6.62
5.83
5.73
6.48
6.17
6.13
5.44
4.93
4.71
4.15
4.52
4.74
5.05
4.49
4.75
7.22
14.64
10.76
10.97
10.79
10.47
10.28
10.93
11.19
11.57
11.84
13.54
15.43
16.47
20.21
22.5
22.51
22.1
17.98
16.74
15.79
14.76
12.14
10.09
10.05
9.23
8.31
7.95
6.91
7.28
6.72
6.66
6.98
6.83
6.09
6.19
5.59
5.27
5.46
6.21
5.93
10.96
9.9
10.07
9.94
10.35
10.53
10.73
10.32
10.12
10.76
12.27
13.28
14.99
16.87
19.14
19.86
20.87
19.02
15.86
15.65
15.64
13.94
12.4
11.72
10.55
9.35
10.22
9.99
9.11
8.8
8.3
8.31
7.83
7.04
6.65
7.09
7.19
7.01
5.97
5.78
8.99
12.46
9.66
10.02
9.8
9.73
9.53
9.66
9.61
10.21
11.25
11.49
11.64
13.58
15.66
16.31
16.89
15.99
17
16.18
15.52
14.97
12.85
11.47
11.55
12.11
11.97
11.49
10.92
10.37
9.64
8.71
8.52
8.24
9.65
9.39
9.13
8.66
7.47
6.72
4.25
11.61
9.34
9.12
9.2
9.52
10.11
10.41
10.81
10.99
11.43
11.67
12.39
13.5
15.12
15.38
14.82
14.81
16.66
15.81
15.89
15.47
15.23
14.32
13.13
12.43
11.31
10.5
10.7
10.39
10.48
11.07
10.18
10.57
9.54
9.22
8.16
8.3
8.54
8.77
10.09
12.4
9.99
10.1
10.83
10.12
10.5
11.04
11.52
12.19
11.95
12.46
13.16
14.19
14.46
14.68
14.68
15.59
15.65
15.18
14.73
14.27
14.21
13.21
11.74
11.94
11.14
11.5
11.29
10.79
11.34
10.98
11.12
11.56
11.17
10.82
9.86
9.68
9.65
4.1
11.62
10.08
9.93
9.35
9.73
9.64
9.28
9.69
10.76
10.95
10.97
11.35
11.82
13.36
13.49
14.08
14.34
14.61
15.17
14.97
14.93
13.58
13.6
13.45
12.59
12.31
12.64
12.62
12.58
12.32
12.92
12.98
12.52
12.15
11.69
10.91
10.65
9.22
7.7
12.87
10.42
10.17
10.05
10.26
10.47
10.62
10.79
10.37
11.31
10.57
10.27
11.33
12.31
12.88
12.31
13.52
13.04
12.39
13.64
14.42
15.29
15.97
15.51
15.18
13.88
13.04
12.6
12.32
13.28
12.9
11.68
11.82
12.13
12.5
12.35
11.7
9.24
11.83
8.82
9.08
9.25
9.16
9.28
9.01
10.04
10.44
11
11.83
11.3
11.07
12.08
12.01
12.9
14.43
14.21
13.5
14.67
13.86
14.21
12.99
13
12.14
12.53
13.08
12.8
11.18
11.87
12.65
12.11
11.91
11.24
11.08
10.67
4.57
11.52
10.14
10.25
10.45
10.25
10.47
10.64
10.71
11.6
11.78
11.29
11.98
12.27
12.29
12.77
12.01
12.88
13.33
12.56
12.14
13.04
13.72
15.12
14.12
13.71
12.9
12.67
12.46
12.89
12.8
12.9
12.59
12.49
13.1
12.65
13.58
8.14
12.94
10.21
10.07
10.3
10.38
10.34
10.51
10.29
10.13
10.99
11.01
11.71
11.57
12.04
11.45
11.19
12.11
12.74
12.52
11.94
12.28
12.32
12.47
12.38
12.88
13.22
12.42
12.38
12.33
12.85
12.69
11.65
10.33
10.24
10.96
7.93
12.51
9.34
9.29
8.93
9.32
9.34
9.6
10.41
11.4
10.55
10.19
10.43
10.28
11.07
11.37
11.89
12.14
12.13
13.2
12.79
12.57
12.91
13.39
12.6
12.56
12.72
13.31
12.84
12.93
12.68
11.77
12.38
12.08
11.68
9
13.69
9.78
9.84
9.43
9.27
9.26
8.9
9.65
9.26
9.04
9.44
9.99
9.93
10.01
9.95
10.27
10.33
10.49
10.99
11.76
11.08
11
11.38
11.54
11.09
12.19
12.52
11.45
11.78
12.63
12.06
11.93
12.77
8.8
13.47
10.23
10.61
10.57
10.39
10.72
10.68
10.96
10.44
10.02
10.25
10.05
9.76
9.97
10.03
10.68
10.83
11.23
11.45
12.07
12.02
12.11
12.18
11.89
11.83
11.65
11.26
10.95
10.76
11.47
12.49
12.98
8.51
12.78
9.69
9.87
10.02
9.77
9.18
8.45
8.58
9.1
9.42
9.32
9.58
10.28
10.24
10.1
9.99
9.8
10
10.56
11.26
11.42
11.1
11.57
11.44
12
11.75
11.6
11.89
12
11.27
11.16
8.59
13.47
10.02
9.85
9.52
9.89
9.69
9.78
9.72
9.14
9.22
9.2
8.89
8.69
9.25
10.17
10.65
10.2
9.93
10.63
11.29
11.59
11.86
11.85
11.69
12.55
12.8
12.28
12.76
13.59
14.21
7.68
13.52
13.1
9.91
10.06
9.4
9.59
9.43
9.32
9.78
10
10.9
10.54
10.53
10.97
10.73
11.6
11.46
11.84
11.64
11.72
12.45
11.53
11.08
10.64
10.39
10.89
11.23
10.78
11.21
5.3
8.72
12.21
9.04
9.23
9.14
9.49
10.4
10.64
10.72
10.49
11.17
10.37
9.5
8.78
8.58
8.92
9.51
10.11
10.57
10.07
10.5
10.87
11.25
11.28
11.07
10.85
11.02
11.42
8.24
13.02
12.33
9.35
9.61
9.21
8.94
9.38
9.97
10.22
10.53
11.02
11
11.29
11.35
11.03
11.01
10.82
11.38
10.98
11.02
11.18
11.61
11.52
11.74
11.66
11.51
4.32
8.91
13.13
12.25
10.81
11.16
10.94
10.19
9.62
9.87
9.47
9.41
9.53
9.19
9.36
10.11
10.42
10.55
10.67
10.42
10.86
10.86
11.14
10.4
10.51
10.85
4.02
8.74
11.29
14.69
13.3
10.11
10.11
10.13
10.15
10.53
10.61
10.4
9.92
9.47
10.02
9.56
10.14
9.76
10.01
10.52
10.95
13.1
13.62
10.59
4.87
9.62
11.06
13.84
12.56
10.44
10.48
10.03
9.98
10.35
9.75
9.77
9.59
9.32
12.05
13.98
13.06
11.97
8.36
4.2
3.94
6.92
9.28
10.44
11.39
11.72
12.23
12.07
12.63
12
10.71
9.46
4.97
2.79
14.04
10.13
9.97
10.27
10.63
12.08
12.68
13.5
14.11
16.78
21.69
28.3
47.32
7.07
21.15
0.08
0.001
0.21
0.42
0.51
0.46
0.49
1.36
2.39
1.65
0.84
1.38
1.45
1.85
13.16
10.11
10.09
9.65
9.44
10.06
10.08
10.03
11.28
15.46
20.76
28.51
42.93
6.79
21.16
0.001
0.28
0.84
0.65
0.54
0.74
0.94
1.31
1.43
1.67
1.4
1.16
1.42
1.99
14.06
10.64
10.7
10.66
10.99
11.89
12.14
14.54
13.49
15.61
20.19
28.55
43.18
7.43
19.26
0.001
0.001
0.36
0.56
0.19
1.01
1.23
0.99
1.09
1.9
1.66
1.35
1.7
1.62
1.75
13.25
10.22
9.81
9.65
10.27
10.14
10.28
11.41
12.21
14.75
20.47
29.26
39.53
5.95
12.31
11.82
0.02
0.001
0.42
0.69
0.79
1.2
0.63
1.59
1.31
1.55
1.59
1.44
1.66
1.96
2.07
12.89
10.14
10.66
10.66
11.21
11.62
10.56
11.54
14.37
18.09
20.02
24.34
33.99
6.68
9.75
19.64
0.001
0.15
0.17
0.89
0.99
0.82
1.53
0.95
1.03
1.31
2.27
2.38
2.08
2.06
2.57
10.77
9.67
10.15
10.52
10.07
10.29
10.55
12.18
12.12
14.89
18.16
21.41
30.22
5.61
8.63
20.11
0.001
0.08
0.25
0.34
0.76
1.3
1.17
1.02
1.26
1.99
1.53
2.65
2.28
2.05
2.24
2.39
9.3
9.53
9.63
9.52
9.59
10.79
10.92
10.33
11.28
14.53
16.64
18.77
28.23
40.78
7.04
16.85
0.001
0.05
0.37
0.49
0.61
0.94
1.42
1.74
1.36
1.61
1.92
2.36
2.87
3.21
2.79
2.11
2.52
7.22
11.23
9.64
9.93
9.92
9.92
10.67
10.24
11.24
13.05
15.52
18.17
27.73
36.45
5.81
8.71
11.95
0.05
1.19
1.45
0.86
1.57
1.7
1.68
1.32
1.84
2.33
3.06
2.77
2.39
1.96
1.52
2.43
2.97
3.55
13.97
10.01
9.68
9.39
9.61
10.29
10.42
11.85
11.92
13.83
15.97
20.73
26.11
4.81
8.19
19.44
0.001
0.2
0.23
1.41
2.56
2.4
2.15
2.8
2.13
2.34
2.52
2.49
2.21
2.79
3.66
2.43
2.67
2.6
3.43
12.05
9.75
9.93
9.96
10.24
10.64
10.33
12.75
12.13
14.54
17
21.66
26.75
37.57
5.37
15.11
11.29
0.25
0.17
0.17
1.87
2.34
2.85
2.16
2.45
2.61
2.3
3.03
3.52
3.52
3.06
2.75
2.86
3.56
3.47
4.05
3.7
9.32
9.3
9.26
9.54
10.29
10.69
10.42
10.84
10.66
14.07
16
18.56
22.03
29.42
4.29
5.88
18.03
0.15
0.28
3.38
3.06
2.47
2.51
3.57
3.48
3.8
3.43
3.7
3.76
3.56
3.33
2.62
3.29
3.52
3.79
3.29
3.23
4.29
6.51
13.72
9.84
9.49
10.01
10.52
10.44
10.83
12.05
12.71
13.1
15.42
19.48
22.68
30.93
5.33
9.71
6
1.11
0.87
0.71
8.32
6.3
5.57
4.23
3.71
4.94
5.97
5.39
5.28
4.99
5.68
5.39
4.82
4.08
4.52
4.41
4.01
4.73
4.71
4.41
10.69
9.71
10.44
10.21
10.24
10.67
11.22
11.3
12.19
13.97
14.49
17.66
20.22
24.06
27.62
3.39
3.57
3.12
2.59
12.1
10.9
10.12
10.46
9.4
8.54
7.61
7.34
7.53
7.2
6.55
5.96
5.27
6.13
6.43
6.17
6.08
5.3
5.27
5.3
6
6.44
10.38
12.44
9.72
9.86
9.89
9.75
9.72
10.32
10.94
11.51
12.5
14.5
18.5
19.24
20.38
23.13
22.37
21.37
19.37
15.33
13.52
12.38
11.13
11.14
11.26
10.51
9.66
8.67
8.18
8.01
8.01
7.01
6.75
7.4
6.86
6.84
7.81
6.58
7.02
6.48
6.18
4.38
14.06
10.25
10.33
10.36
10.79
10.8
10.67
11.62
11.09
12.2
12.51
15.55
15.37
16.58
20.44
19.21
19.04
18.43
17.64
17.44
15.1
13.24
12.88
11.39
10.39
10.35
9.51
9.16
9.25
9.13
9.08
8.18
8.03
8.34
8.38
8.24
7.9
7.13
7.53
6.95
11.04
10.06
10.3
10.29
10.07
9.83
9.94
10.47
10.94
11.89
12.62
13.1
14.42
13.86
16.38
15.92
15.24
16.61
17.4
15.57
14.69
14.3
12.81
11.63
11.51
11.02
11.28
11.05
10.86
10.55
10.74
9.68
9.45
9.11
8.52
7.48
7.53
8.44
8.88
8.69
6.62
13.68
10.34
10.96
10.73
10.58
11.11
10.59
10.88
12.18
11.91
13.02
14.16
14.73
14.83
16.72
15.69
18.22
16.66
18.05
16.31
16
15.58
14.84
13.81
13.09
12.43
12.5
11.93
11.5
11.61
11.26
10.48
9.77
9.6
8.9
9.3
8.58
8.39
8.23
10.54
10.43
10.24
10.17
10.57
10.59
11.31
10.51
10.52
11.24
11.91
11.62
12.61
13.16
14.21
15.61
15.74
16.07
16.05
16.75
14.69
14.46
14.02
14.3
14.97
14.18
12.93
12.27
12.47
11.94
11.54
11.89
11.39
10.3
9.55
9.69
8.83
8.48
8.82
6.27
13.35
10.4
11.23
10.87
10.72
11.32
11.34
11.32
11.71
12
11.94
12.5
13.37
13.3
13.11
13.58
13.14
13.91
14.8
15.81
15.16
14.82
14.19
14.84
13.82
13.8
12.57
13.35
13.4
13.37
12.5
12.17
11.58
11.25
10.48
10.11
10.13
11.08
9.95
12.9
9.97
10.59
10.25
9.95
9.83
9.85
10.11
9.82
9.77
10.18
10.87
10.95
11.63
11.5
11.94
12.75
13.57
13.37
14.35
13.52
13.12
13.2
13.78
13.81
14.15
13.18
12.81
12.75
12.9
13.29
11.49
11.88
12.22
12.17
11.65
12.19
4.32
11.39
10.31
10.53
11.07
10.46
9.97
9.9
9.89
9.3
9.14
9.52
10.32
10.69
11.08
10.93
10.91
10.53
11.91
12.43
12.93
14.51
15.51
15.43
14.08
14.21
13.53
12.44
12.12
12.54
12.35
12.2
11.74
10.75
10.52
10.53
11.24
11.78
7.14
12.91
9.56
9.72
9.89
9.99
10.47
10.38
9.65
10.26
10.89
10.78
10.88
11.41
11.83
11.65
11.79
11.33
12.6
12.86
12.17
12.63
12.32
12.45
12.85
13.12
13.09
12.45
12.38
12.02
12.79
12.2
12.24
12.42
11.33
10.45
11.1
9.37
14.32
10.63
10.14
10
10.49
10.85
10.44
10.22
10.14
11.03
11.35
11.11
11.01
11.27
11.76
11.33
10.93
11.32
11.55
12.09
12.7
13.11
12.66
12.75
12.41
13.1
13.44
13.71
13.27
11.96
11.75
12.19
12.37
12.25
10.99
9.12
11.7
9.52
9.68
9.71
10.03
9.96
9.97
9.81
9.25
9.97
11.04
11
11.09
11.03
10.92
11.54
12.22
11.68
11.63
12.33
12.14
12.49
12.74
13.86
13.63
13.69
13.85
12.87
12.76
12.46
12.18
12.81
13.35
12.93
4.22
10.45
12.21
9.43
9.71
10.11
10.1
10.07
10.58
10.67
10.51
10.45
11.35
11.63
11.47
11.85
10.88
11.51
11.2
11.01
11.55
12.01
11.94
11.96
10.57
11.02
11.35
11.07
11.6
11.83
12.29
12.58
12.8
12.98
13.12
5
10.95
12.52
9.2
9.23
9.67
9.71
9.66
10.27
10.71
10.42
10.59
10.75
10.67
10.23
10.98
11.4
11.99
11.9
10.92
10.89
11.79
11.11
10.72
10.17
10.46
11.51
11.54
11.89
11.78
11.18
11.7
10.95
11.59
5.76
10.61
11.85
9.62
9.64
9.94
9.92
10.42
10.37
10.84
10.86
10.5
11.5
10.94
10.63
10.85
10.39
10.34
10.31
10.45
10.38
10.89
11.09
11.24
11.42
10.78
10.28
11
12.13
12.59
12.29
12.45
12.25
5.45
9.1
12.9
9.71
9.92
10.48
10.9
10.58
10.38
10.06
10.41
10.38
10.15
10.42
10.14
10.42
10.18
10.44
10.52
10.7
11.21
11.05
10.72
11.21
11.58
11.64
11.37
10.43
11.29
12.15
12.26
12.56
9.95
13.16
9.98
10.06
10.26
10.94
11.07
11.03
11.35
10.97
11.25
11.18
11.62
11.08
11.38
10.85
11.41
11.34
11.32
11.16
10.67
10.28
11.37
11.17
11.09
11.27
11.42
10.71
10.69
11.15
7.59
12.95
12.9
10.06
10.38
10.43
10.33
10.2
10.79
11.24
11.13
11.26
10.93
10.85
11.46
11.45
11.75
11.42
11.66
11.32
10.86
10.99
11.69
11.82
11.42
12.06
11.82
12.04
12.2
4.42
9.45
12.78
9.66
9.25
9.29
9.26
8.95
8.81
8.94
9.4
10.16
10.07
10.14
10.11
10.07
10.82
10.62
10.68
10.62
10.56
10.08
9.89
10.24
10.34
10.78
11.02
10.38
7.42
10.27
13.31
10.72
10.71
10.31
10.41
10.71
11.01
10.24
10.57
10.82
10.31
9.82
9.55
9.85
10.08
9.72
9.36
9.27
9.33
9.41
9.18
9.47
10.22
10.41
7.13
11.2
14.29
12.62
9.45
9.62
9.7
10.1
9.86
9.94
10.01
9.65
9.66
10.12
9.68
9.57
10
10.57
11.28
10.99
11.29
11.34
14.58
12.89
3.92
8.06
12.25
14.94
13.7
10.51
10.23
10.68
11.26
10.51
10.66
11.3
11.37
11.35
11.1
10.89
14.05
15.15
13.65
11.9
7.04
3.18
6.68
9.89
11.28
13.51
13.91
14.09
14.38
14.52
14.5
15.37
14.42
12.14
9.5
5.51
5.89
11.77
9.78
10.11
10.31
11.07
11
10.36
11.84
13.87
16.85
23.13
34.15
6.2
11.5
13.95
0.001
0.14
0.001
0.51
0.38
0.5
0.86
1.37
0.67
1.05
0.87
1.41
1.68
2.08
4.78
13.29
9.93
9.77
10.69
10.78
10.97
10.97
12.16
12.9
16.34
23.83
35.11
6.54
9.34
15.58
0.001
0.26
0.25
0.55
0.52
0.88
0.98
1.17
1.14
1.57
2
1.51
1.19
1.32
4.2
12.76
9.2
9.93
10.19
10.47
10.76
12.23
13.02
13.87
17.57
22.91
37.61
5.71
11.27
17.83
0.001
0.1
1.22
0.36
0.86
0.86
0.57
1.05
2.22
1.65
1.02
1.19
2.23
2.4
2.79
13.78
10.26
10.49
10.72
11.09
10.95
11.68
12.69
13.61
17.16
23.96
33.5
5.24
9.32
18.22
0.001
0.001
0.61
0.25
0.72
0.52
0.96
1.05
1.49
1.47
1.71
1.76
1.34
1.13
2.04
12.51
10.35
10.35
10.7
10.55
10.6
11.46
12.3
13.74
16.13
21.43
30.4
45.27
8.87
24.39
0.06
0.38
0.12
0.32
0.59
1.13
1.19
1.33
1.17
1.68
2.41
1.95
2.52
1.72
1.44
12.99
10.56
10.18
10.15
10.87
10.87
11.32
11.99
13.89
16.93
20.68
26.23
38.55
6.04
19.15
0.03
0.001
0.57
0.23
0.49
0.8
1.1
1.16
1.67
1.65
2.18
1.33
2.29
1.68
2.25
2.22
10.95
9.51
9.87
9.96
10.03
10.29
10.15
11.65
12.96
14.38
17.72
24.44
34.11
5.95
18.75
0.05
0.001
0.76
0.47
0.37
0.66
1.31
2.08
1.8
1.36
1.77
2.18
2.07
2.1
2.01
2.36
2.6
8.95
10
9.97
9.74
10.06
10.73
10.76
11.48
12.92
15.11
17.35
25.03
35.92
5.13
8.06
16.13
0.01
0.07
0.76
1.01
1.5
1.35
1.52
1.91
2.06
2.23
2.45
2.2
1.92
2.31
2.47
2.28
2.08
3
5.86
12.85
9.55
9.58
10.19
10.49
10.43
9.89
11.99
12.42
15.56
19.73
26.84
39.97
6.98
13.03
0.06
0.08
1.52
1.9
1.56
1.85
2.7
1.47
2.81
2.89
2.38
2.14
2.6
2.8
2.44
2.71
2.3
2.28
2.72
11.16
8.46
8.61
9.13
9.39
10.59
10.65
10.9
11.82
14.97
15.85
23.07
29.55
5.06
8.46
15.2
0.25
0.45
2.24
2.33
2.49
2.66
2.52
1.88
3.26
2.96
2.51
2.47
2.6
2.63
2.46
2.88
2.78
2.98
3.04
3.45
12.24
10.19
10.16
10.39
10.59
11.31
11.14
11.5
11.88
14.11
16.25
19.95
25.37
37.73
6.51
13.87
0.26
0.37
0.09
3.77
3.31
2.84
2.59
2.46
3.86
4.35
4.3
4.36
3.86
3.84
2.78
3.04
2.82
2.97
3.67
4.37
4.57
4.25
8.78
12.18
10.26
10.26
10.35
10.48
9.7
10.45
11.11
11.18
13.64
16.69
20.93
26.92
4.23
5.72
6.09
0.57
0.67
0.81
0.72
6.67
5.93
4.82
5.43
5.42
5.22
4.93
5.3
5.53
4.64
5.11
4.61
5.26
5.51
5.23
4.53
4.25
4.53
4.21
4.44
3.92
13.41
9.97
10.24
9.96
10.06
10.01
10.71
11.57
12.22
12.86
13
16.65
19.68
21.68
3.68
2.81
2.96
2.42
1.94
10.68
8.85
8.26
7.69
7.59
7.19
7.21
6.78
6.7
6.59
6.4
6.37
6
5.23
4.88
5.07
5.21
5.59
5.33
5.12
4.63
5.02
11.41
9.66
10.21
10.02
10.25
10.22
9.78
11.6
11.55
12.27
13.72
14.53
16.11
19.54
22.53
19.72
20.15
16.76
16.43
14.6
11.84
11.54
10.26
10.12
9.2
9.33
9.56
9.45
8.73
7.33
7.39
7.68
7.19
7.27
7.09
6.62
6.41
6.1
6.18
6.6
5.94
6.47
13.22
9.02
9.31
9.81
9.99
9.94
10.8
11.41
11.65
13.07
13.06
12.62
15.32
17.49
19.03
20.31
20.06
16.96
14.97
14.54
14.3
14.86
14.36
14.45
13.22
11.96
12.05
10.82
9.96
8.9
8.28
8.02
7.63
7.33
7.46
7.77
7.96
7.13
6.89
7.18
10.93
10.97
10.44
10.36
10.09
10.66
11.46
12.19
11.29
12.6
14.63
13.42
13.43
14.41
17.97
17.19
17.41
18.13
16.8
15.58
15.02
15.56
14.53
13.92
12.41
11.18
11.06
10.76
10.25
10.17
9.97
9.97
9.26
9.1
9.05
8.09
7.61
7.88
7.68
8.52
8.02
13.71
9.97
9.99
10.59
10.54
10.8
11.35
11.22
10.8
10.33
11.21
12.14
13.98
14.07
16.04
16.18
15.34
15.34
14.19
14.03
13.1
14.04
14.53
14.11
13.44
12.04
11.68
11.81
11.04
10.84
10.64
9.4
10.02
9.64
9.46
10.14
9.71
9.01
8.08
11.32
10.56
10.38
10.68
10.58
10.51
10.11
11.07
11.28
11.27
11.79
11.92
13.04
13.45
14.94
14.16
13.02
14.15
13.96
13.66
14.47
13.1
13.84
15.07
13.63
13.15
12.89
12.88
11.86
12.19
12.07
11.86
12.06
11.15
11.14
10.24
10.21
9.67
9.7
7.78
13.41
9.96
10.01
10.17
10.78
10.61
10.94
11.23
11.62
11.7
11.26
11.49
12.74
14.09
13.9
14.12
14.7
14.08
13.46
12.87
12.82
12.28
12
12.21
13.04
12.04
11.92
12.69
11.9
11.21
11.49
11.33
11.42
11.77
11.45
11.2
10.94
10.08
10.12
10.12
10.04
9.55
9.68
9.95
10.55
10.76
11.33
10.98
10.5
10.49
10.46
10.59
11.51
12.22
12.52
12.18
11.83
11.46
12.09
13.42
13.39
14.23
13.06
12.71
11.57
11.86
12.9
12.16
10.8
11.8
13.2
12.47
11.24
10.32
10.34
9.68
6.44
12.65
9.83
10.46
10.36
10.3
10.64
10.71
11.11
11.64
11.78
11.69
12.36
13.52
13.23
13.47
13.57
14.08
14.05
13.63
13.6
12.98
13.04
12.73
14
13.65
12.61
11.76
12.22
12.2
12.76
12.15
12.07
12.25
12.66
12.06
11.07
10.63
8.5
13.46
9.58
9.91
9.65
9.81
9.54
9.45
9.67
9.72
9.56
9.28
9.82
10.59
11.21
11.36
11.19
12.08
12.19
12.59
12.53
12.04
12.13
12.32
12.55
14.07
13.56
12.92
12.13
11.03
11.34
11.61
12.06
11.72
11.82
12.49
12.02
10.08
12.81
10.38
10.51
10.64
10.67
9.74
10.43
11.2
10.97
10.55
10.55
10.63
10.95
11.03
11.08
10.5
11.72
11.44
11.84
11.66
11.71
11.17
11.87
12.01
12.89
11.99
12.13
12.91
13.16
13.64
12.63
12.3
12.71
12.38
12.26
4.62
11.83
10.35
9.96
10.23
10.59
10.35
10.82
10.86
10.3
10.59
10.69
10.89
10.76
10.83
11.17
11.53
11.1
11.37
11.61
11.66
12
13.1
13.31
13.53
14.04
14.34
13.01
12.44
12.4
12.82
13.36
12.73
12.44
11.28
11.77
6.21
11.17
9.51
9.92
10.06
10.19
10.25
10.67
10.61
10.71
11.25
10.84
11.13
10.86
10.88
11.26
12.15
11.79
11.44
11.29
11.6
11.16
11.75
12.03
12.89
13.19
14.34
14.13
13.53
13.17
13.38
14.56
15.11
15.09
14.47
7.37
12.29
10.22
10.34
10.69
10.61
10.44
10.34
9.87
9.67
9.93
10.33
10.54
10.81
11.4
10.61
10.59
10.81
11.41
11.19
10.98
11.08
11.44
11.78
13.29
12.62
12.66
13.45
12.39
11.66
12.01
12.26
12.66
12.89
7.02
11.69
10.81
11
10.86
10.57
11.07
11.05
11.27
10.62
10.77
11.04
11.05
11.43
11.27
11.87
11.87
11.13
11.41
11.83
11.82
11.85
12.13
12.15
12.7
12.73
12.5
13.08
12.42
13.02
13.4
13.67
12.95
6.59
12.28
12.56
9.23
9.46
9.69
10.05
9.91
9.93
10.11
10
9.76
10.47
10.52
10.74
10.56
10.65
11.72
11.1
10.63
11.06
10.16
11.14
11.6
11.28
11.47
12.1
12.18
12.77
12.84
12.32
11.09
4.67
9.18
14.18
10.66
10.75
10.38
10.17
9.99
10.39
10.56
10.43
10.88
10.69
10.62
10.07
10.33
11.18
11.41
11.54
11.07
10.63
10.95
10.71
10.84
10.48
10.3
10.41
11.12
11.4
11.73
12.13
8.93
13.41
10.42
10.46
10.21
10.16
10.63
11.08
11.12
10.85
10.87
11.02
11.21
11.42
11.56
11.21
11.29
11.39
11.23
11.65
11.96
11.69
12.24
12.41
12.25
11.69
11.43
11.4
12.24
6.54
9.52
13.42
10.38
10.29
10.66
10.42
10.88
9.96
9.79
9.24
9.13
9.49
10.16
11.02
11.66
11.1
11.18
10.79
10.82
11.36
11.89
12.21
12.71
13.23
12.7
11.9
11.8
7.49
12.44
11.46
9.12
9.16
9.23
9.86
10.02
10.08
10.74
10.57
10.11
9.85
10.36
10.85
10.36
9.82
9.65
10
10.58
10.35
9.64
10.44
10.86
11.21
10.99
3.7
8.26
10.91
13
9.33
9.55
9.65
9.78
10.11
10.08
9.88
9.94
10.01
10.04
9.98
10.81
10.95
10.92
11.17
11.18
11.69
11.62
11.39
13.91
11.75
6.25
11.68
11.77
13.7
10.24
9.8
9.91
9.91
10.12
10.08
10.45
9.98
10.25
10.53
10.3
10.22
9.55
11.76
12.98
11.87
8.85
3
6.36
9.72
11.79
12.67
12.35
14.76
14.34
14.51
15.19
14.23
14.12
13.88
13.68
11.29
9.06
4.22
3.35
4.83
5.09
5.19
4.33
2.9
7.77
10.46
10.29
10.14
10.7
9.87
11.92
11.8
12.01
14.88
20.46
28.31
46.46
8.53
22.85
0.001
0.001
0.3
0.17
0.2
0.43
0.82
0.7
0.67
1.09
0.94
0.94
1.38
1.97
7.4
9.61
9.47
9.47
10.09
9.61
10.04
11.48
11.94
15.15
19.2
26.27
46.15
9.22
23.48
0.001
0.001
0.16
0.64
0.68
0.77
0.68
0.89
1.13
0.66
1.36
1.98
1.25
1.3
6.6
10.23
10.23
10.79
11.02
10.62
10.34
11.57
12.69
16.37
19.04
27.44
44.8
7.79
23.17
0.05
0.001
0.68
0.17
1.07
0.53
1.04
0.69
1.17
1.56
1.39
1.84
1.35
1.83
5.61
11.58
9.73
9.37
9.41
9.62
10.46
11.02
11.86
13.76
18.18
27.49
42.16
7.45
21.26
0.001
0.001
0.03
0.43
0.95
0.63
1.34
0.84
0.93
1.4
1.73
1.52
1.72
1.49
1.87
2.7
13.91
9.59
9.65
9.72
9.7
10.47
11.28
12.17
13.75
19.15
25.59
37.55
5.16
20.64
0.001
0.001
0.8
0.85
1.01
1.3
1.27
0.91
1.59
1.35
1.65
2.05
2.49
2.07
1.57
13.79
10.41
10.45
10.25
9.67
10.71
11.57
12.08
13.28
17.35
23.67
32.08
6.18
11.07
0.001
0.06
0.79
0.97
1.24
0.96
1.37
1.58
2.32
1.7
1.97
2.2
2.07
2.23
2.53
2.58
12
9.82
9.98
10.01
10.36
10.59
10.63
11.33
12.56
15.07
18.64
29
46.79
10.46
18.78
0.001
0.02
0.62
0.95
0.58
1.09
1.61
2.06
2.07
1.73
2.16
1.96
1.72
0.97
1.7
1.4
2.35
10.45
10.04
10.35
10.78
11.25
11.43
12.54
11.17
12.86
15.38
19.14
25.83
42.63
7.55
21.62
0.06
0.17
1.36
1.8
1.21
1.61
2.78
2.16
1.8
2.43
1.66
2.26
2.6
2.18
2.39
2.65
2.42
1.86
8.28
12.42
10.35
10.58
10.36
10.87
11.06
11.56
13.19
15.02
18.34
20.19
32.55
6.55
17.56
0.06
0.2
2.61
2.22
2.82
2.85
1.91
2.48
1.77
2.08
2.09
2.63
3.49
3.17
1.98
2.68
2.23
2.33
2.98
3.82
15.04
10.52
10.65
10.92
10.69
10.91
11.02
12.46
13.07
14.4
18.05
26.23
37.09
7.12
15.88
0.08
0.52
0.77
3.02
2.27
2.93
3.18
2.39
2.91
2.95
2.49
2.34
2.32
2.46
2.3
2.23
3.08
3.12
3.09
3.29
3.42
13.01
10.35
10.25
10.61
10.62
10.97
10.81
11.75
11.87
13.01
15.99
22.61
28.1
4.66
11.8
0.12
0.99
0.43
0.45
4.57
4.27
4.89
3.88
3.11
3.77
3.79
3.95
3.84
3.45
3.23
3.33
3.61
3.38
2.84
3.97
4.48
5.11
4.71
9.68
10.12
10.43
10.27
10.41
11.01
11.16
12.18
12.99
13.62
14.95
17.6
21.74
27.04
4.65
8.57
4.46
2.13
1.36
0.89
0.98
6.63
6.13
6.26
5.77
5.27
6.24
5.41
4.86
5.35
5.14
4.33
4.25
4.88
4.29
4.39
4.72
5.05
4.36
4.46
4.11
3.72
5.63
13.42
9.9
10.34
10.47
10.59
11.09
11.9
12.05
13.64
13.94
14.1
18.88
19.96
23.26
3.7
3.15
1.92
2.32
12.83
11.65
10.73
9.7
8.69
8.09
7.3
7.8
6.98
6.09
5.91
5.94
6.27
6.01
6.45
6.3
6.01
5.78
6.68
6.88
5.96
6.39
5.75
11.99
9.83
9.59
9.68
9.54
9.29
9.91
9.91
11.36
11.59
12.51
13.78
15.17
17.75
18.93
19.36
18.16
16.83
14.83
14.15
13.86
12.48
12.26
10.58
9.94
9.32
9.77
7.6
7.37
7.54
7.09
7.6
6.76
6.28
5.8
6.09
5.68
5.92
6.01
5.93
6.22
9.06
13.5
10.39
10.53
10.75
11.7
12.09
12.32
12.32
12.7
13.62
14.72
13.91
15.55
16.31
17.69
18.84
16.79
17.07
14.87
14.64
13.26
12.18
12.44
11.56
11.33
10.9
10.12
9.3
8.68
9.05
8.44
7.94
8.5
7.64
7.66
7.7
7.71
7.71
7.15
5.96
3.76
12.11
9.78
10.03
9.78
9.59
9.63
10.08
10.44
11.26
12.49
13.11
12.51
11.9
14.6
16.69
16.2
15.99
16.63
15.11
14.38
14.34
13.9
12.76
11.67
11.19
10.9
11.48
11.21
11.17
10.94
10.56
11.03
10.45
10.39
9.87
9.45
8.54
8.53
8.26
8.02
10.7
12.42
9.84
9.79
10.25
10.27
10.5
10.34
10.95
11.86
11.69
11.57
11.27
11.88
13.39
14.5
14.11
13.96
14.4
13.73
13.04
11.78
11.85
13.04
12.25
11.57
11.53
11.4
11.3
11.34
9.94
10.3
11.65
11.02
10.34
9.83
9.39
9.56
9.51
9.57
3.97
12.87
10
10.01
9.82
10.23
10.56
10.71
10.94
10.3
9.8
10.09
10.83
10.88
12
12.69
13.04
13.98
12.75
12.97
13.55
14.14
13.2
12.88
12.92
13.35
12.41
11.71
11.24
11.23
11.17
10.81
10.73
10.17
10.65
10.06
10.32
10.4
10.22
10.18
10.24
12.93
9.51
9.71
9.96
10.03
9.71
10.05
10.15
9.99
10.02
10.35
10.76
11.11
11.79
12.06
13.22
13.06
13.19
12.87
13.53
15.03
14.6
13.81
14.13
12.72
12.56
12.11
11.32
11.35
10.25
10.95
11.33
11.48
11.88
11.4
11.06
10.07
10.69
3.8
10.64
9.78
9.31
9.31
9.72
9.82
9.61
9.62
9.97
9.92
9.73
9.6
9.63
9.88
10.32
10.88
12.49
12.73
12.83
13.55
12.04
12.4
12.46
12.83
13.01
12.26
13.36
13.09
12.04
12.42
12.52
12.93
12.16
12.22
12.42
12.69
12.27
12.12
7.96
13.83
9.99
10.19
10.24
11.21
12.01
11.71
11.54
11.78
12.27
12.01
11.99
12.65
12.67
12.62
12.81
13.41
13.35
13.77
13.81
13.75
13.64
12.95
13.33
13.61
13.2
13.68
14.13
13.73
13.68
13.49
13.7
13.05
13.14
13.38
13.14
13.2
9.72
12.17
10.33
10.73
10.41
10.44
10.57
10.84
10.92
11.51
11.23
11.57
11.27
11.35
12.15
11.27
12.39
12.52
12.68
13.24
12.89
12.72
12.05
12.54
12.76
12.84
12.15
12.18
11.6
11.28
12.62
12.87
13.43
13.79
12.81
13.11
13.17
4.08
10.37
8.99
9.43
9.51
10.08
10.22
10.49
10.44
10.06
10.23
10.26
10.59
10.64
10.44
11.23
11.05
12.58
12.02
11.74
11.93
11.91
11.65
11.34
11.35
11.71
11.5
11.09
11.96
12.14
12.08
11.48
11.16
11.41
10.96
10.51
11.05
7
11.77
9.48
9.63
9.29
9.36
9.3
9.49
9.48
9.86
9.6
9.72
10.19
10.45
10.23
10.43
10.57
11.15
10.94
12.01
11.89
12.2
12.02
11.61
12.08
12.09
12.73
12.27
12.33
12.35
12.33
12.93
12.26
12
12.11
12.86
7.33
12.63
10.13
10.13
9.9
10.14
10.25
10.8
10.94
10.45
10.85
11.52
11.22
11.02
10.75
11.03
11.38
12.35
11.4
11.17
12.04
12.19
11.93
12.14
11.82
11.79
12.54
12.54
12.64
12.96
13.13
12.87
12.47
12.99
12.58
8.37
12.99
10.39
10.38
10.74
10.89
11
10.49
10.71
10.78
10.51
10.37
9.86
10.22
10.39
10.55
11.98
12.95
12.08
11.61
12.21
12.93
12.14
11.77
11.8
11.66
11.93
12.45
12.59
12.73
11.96
12.46
12.85
12.87
7.53
12.75
9.29
9.76
9.46
9.38
9.68
10.31
10.05
10.24
10.63
10.25
10.56
10.82
10.61
10.98
11.78
11.65
11.99
11.37
11.21
11.5
12.23
12.71
13.15
12.07
11.41
11.06
10.84
11.12
10.78
11.21
12.43
7.05
12.39
9.89
9.75
9.42
9.52
10
9.88
10.23
10.14
10.18
9.95
10.24
10.28
10.17
10.35
10.5
10.69
11.09
11.77
11.95
12.55
13.16
12.74
12.96
12.96
12.68
12.27
12.4
12.57
12.69
13.06
7.16
12.16
13
9.57
9.44
10.36
10.23
10.32
10.45
10.36
10.23
10.55
10.89
10.97
10.56
10.08
10.11
10.21
9.93
9.68
9.37
9.28
9.72
10.37
10.13
11.09
12.5
12.17
11.89
11.62
11.56
3.98
9.98
13.96
10.2
10.3
10.26
10.28
10.22
10.97
11.11
11.62
11.74
11.36
11.66
11.03
11.25
11.71
12.08
12.01
13.1
13.1
14.03
13.92
13.5
12.39
11.98
11.92
12.2
11.59
11.4
8.38
12.69
12.37
9.6
9.74
10.23
9.98
9.86
9.61
9.98
10.08
10.27
10.84
11.21
10.65
11.33
11.21
10.69
10.96
10.44
10.77
10.83
10.79
10.64
10.6
10.9
11.43
11.26
4.35
9.54
13.45
10.89
10.82
11.55
11.41
11.51
11.14
11.62
11.2
11.13
11.05
11.42
10.85
11.27
10.97
11.33
12.63
12.52
11.99
11.89
12.02
11.24
11.45
11.32
11.49
5.7
10.09
13.37
12.17
10.01
10.04
10.16
10.18
10.04
9.38
9.78
9.79
9.94
10.14
10.21
9.93
10.23
10.51
10.75
10.52
11.19
11.62
12.34
12.01
13.86
3.96
8.05
11.74
14.46
13.25
10.58
10.54
10.35
10.17
10.27
9.99
10.47
10.66
10.6
9.82
9.24
9.03
9.86
10.53
13.09
12.37
11.11
7.96
3.67
7.3
10.27
11.66
13.61
12.97
12.56
9.44
9.58
9.23
8.88
12.1
13.2
12.62
11.1
9.17
5.8
2.53
3.68
5.23
6.82
6.82
7.2
6.57
5.1
3.07
8.29
10.02
9.93
9.92
10.63
11.02
11.94
12.54
13.93
15.31
23.61
35.12
7.14
21.78
0.001
0.001
0.08
0.01
0.18
0.14
0.26
0.49
1.12
1.1
0.94
0.9
1.74
1.66
8.08
10.02
10.01
10.19
10.05
10.59
11.12
11.9
11.83
15.46
21.45
33.97
5.11
21.66
0.001
0.001
0.14
0.28
0.1
0.45
0.37
0.81
1.55
1.37
1.35
1.16
1.1
0.87
7.58
9.84
9.48
9.49
9.89
10.15
10.86
11.12
11.73
14.12
19.54
32.55
6.22
18.94
0.001
0.001
0.36
0.42
0.65
1.45
1.29
1.04
1.06
1.04
1.26
1.52
1.41
1.41
6.54
9.47
9.19
9.41
9.66
10.53
10.6
11.58
12.63
14.3
20.02
33.44
5.12
10.78
0.001
0.22
0.64
0.58
0.68
0.89
1.34
1.67
1.64
2.08
2.02
1.77
2.14
1.48
4.27
12.64
9.8
9.6
9.84
10.16
10.08
10.2
11.97
14.27
19.65
25.5
47.74
9.92
21.89
0.001
0.001
0.35
0.46
0.72
1.11
1.22
1.22
1.07
1.42
1.76
1.92
1.33
1.76
1.41
12.43
10.61
10.62
10.85
11.13
11.02
11.84
12.49
15.27
18.78
25.79
40.45
7.55
21.13
0.07
0.06
0.68
1
1.21
1.63
1.55
2.12
1.89
2.01
1.86
2.22
2.15
1.81
1.82
2.06
12.52
9.39
9.8
9.68
9.43
10.15
9.77
10.33
14.22
15.52
21.47
33.27
6.6
21.27
0.03
0.09
0.83
1.4
1.72
1.95
1.68
2
2.33
2.12
1.66
1.76
2.07
2.61
2.34
2.46
2.18
10.84
9.69
10.32
10.25
10.2
10.6
10.95
10.92
12.7
15.33
20.21
31.67
5.1
14.78
0.02
0.1
1.19
1.84
1.68
1.72
2.35
2.5
2.07
1.92
3.03
3
2.5
2.43
2.34
2.42
2.69
2.24
8.72
9.97
9.82
10.21
9.89
9.64
10.52
9.72
10.72
13.35
15.47
22.4
37.52
7.58
19.19
0.02
0.4
0.26
2.13
2.88
3.18
2.39
2.41
2.4
2.58
2.33
2.6
2.9
2.61
2.46
2.94
2.78
2.32
2.06
2.46
5.21
12.87
9.25
9.39
9.6
10.29
10.55
10.53
12.12
13.62
15.5
21.2
28.43
4.96
16.32
0.28
0.81
0.38
0.42
3.63
4.32
3.57
3.32
3.35
2.96
3.19
2.9
2.53
2.62
3
3.18
3.53
3.68
3.25
3.36
3.57
3.17
13.04
10.03
9.68
9.52
9.33
9.66
10.22
11.43
11.83
12.16
14.84
18.72
29
6.03
9.66
0.61
0.74
0.74
0.35
4.35
4.81
4.93
4.64
4.79
5.1
4.65
4.65
4.19
3.79
4.07
4.21
4.38
4.23
4.69
3.97
4.17
4.08
3.67
4.86
9.97
9.46
9.29
9.27
9.95
9.71
10.09
10.52
11.71
12.23
14.03
17.99
20.06
3.71
4.35
5.08
3.28
2.09
1.1
0.93
8.55
7.06
6.55
6.12
5.97
5.84
4.71
5.09
5.17
5.09
4.93
5.33
5.1
4.64
5.23
5.53
5.41
4.64
4.38
3.96
4.08
3.85
6.36
13.2
9.89
10.46
10.89
10.75
10.74
10.89
12.56
11.97
12.99
14.82
16.47
19.26
21.55
3.08
2.78
15.46
14.18
12.09
10.49
9.88
9.77
8.99
8.05
7.1
5.87
6.05
6.3
5.94
6.38
6.27
6.22
6.55
6.74
6.81
6.35
5.83
5.16
4.85
5.24
5.87
11.62
10.43
10.02
9.7
9.95
10.23
10.56
10.79
11.99
14
14.4
13.84
15.04
16.63
17.08
19.91
16.96
15.54
13.72
13.25
13.35
12.7
12.44
11.15
8.73
9.3
9.39
9.28
8.43
8.17
8.08
7.21
7.01
7.03
6.2
6.65
7.25
7.39
7.1
6.77
6.74
9.53
9.53
9.4
9.11
9.03
9.27
9.78
10.12
10.73
11.32
12.54
12.38
13.39
15.66
16.75
16.8
17.47
17.13
14.96
14.25
14.09
14.14
12.39
12.58
12.63
11.04
10.46
10.12
9.84
10.56
9.82
9.17
8.7
8.48
8.4
8.28
8.13
8.04
7.24
7.56
7.64
5.47
12.59
10.23
9.92
9.83
9.86
9.86
10.25
10.77
11.49
11.42
12.13
12.97
12.68
13.87
15.44
14.55
14.76
14.91
14.51
13.57
13.48
13.68
12.57
12.05
12.08
11.9
10.93
10.51
10.34
10.73
10.33
9.56
9.25
9.22
8.91
8.82
9.04
8.12
7.82
8.14
9.88
9.6
9.52
9.26
9.33
9.55
9.79
10.22
11.48
11.06
11.42
11.52
12.11
13.28
14.1
14.47
13.49
12.78
14.3
14.74
13.35
12.49
12.91
13.34
11.97
11.03
10.9
10.69
10.05
10.73
10.39
9.74
9.67
11.03
11.48
10.96
10.31
9.43
9.37
8.64
6.32
12.68
10.1
10.12
10.11
9.93
9.74
10.06
10.63
10.45
11.87
11.84
12.14
12.83
13.99
15.45
15.37
14.75
13.7
14.79
14.94
15.59
14.2
13.22
12.87
12.78
13.46
13.36
13.75
12.33
11.67
11.53
10.58
10.49
10.21
9.87
9.19
8.87
9.49
10.18
9.41
9.45
9.11
9.13
9.63
9.41
9.98
9.94
10.52
10.96
10.7
10.99
11.32
11.57
12.38
12.44
13.46
14.47
12.96
12.86
12.74
12.79
13.1
13.56
14
13.58
13.91
13.26
12.58
11.82
12.16
11.77
12.54
11.67
10.76
12.12
12.02
11.29
10.03
4.96
10.9
9.1
9.22
8.54
8.76
9.32
9.32
10.67
11.18
11.71
12.77
12.66
11.96
12.57
14.16
14.35
14.26
14.04
13.67
13.22
12.27
11.88
11.85
11.85
11.64
11.99
12.22
12.68
13.06
13.24
13.58
12.89
13.35
12.42
11.8
11.83
11.06
10.68
8.5
14.22
10.25
10.56
10.64
10.32
10.52
10.67
10.65
11.2
11.64
11.64
11.75
10.58
11.1
11.72
11.8
12.12
12.6
13.36
14.13
13.72
14.34
14.67
13.9
14.26
14.37
14.82
13.16
12.64
12.56
11.33
11.99
12.44
12.13
11.6
11.56
11.85
9.92
10.03
10.01
9.57
9.26
9.18
9.39
9.58
9.61
10.5
10.98
10.71
11.45
11.56
11.83
12.04
12.89
12.68
12.23
13.06
13.08
12.81
13.24
13.5
12.96
13.04
13.47
13.17
12.1
12.25
13.53
13.67
14.13
13.78
14.12
13.63
12.46
5.17
11.92
10.06
9.85
10.01
10.31
10.56
10.43
10.87
11.07
10.63
10.54
10.53
10.53
10.68
10.84
11.14
11.51
11.8
10.69
10.73
11.86
12.28
12.03
12.14
12.42
13.18
13.32
12.89
12.22
11.24
10.73
11.6
12.93
13.69
13.92
13.12
7.2
12.62
10.16
10.36
10.02
9.87
9.9
9.57
10.22
10
10.06
10.19
11.02
10.78
10.94
11.8
11.74
11.63
11.94
11.63
11.13
11.98
12.31
11.66
11.8
10.97
10.82
10.9
11.63
11.39
12.01
11.72
12.71
12.31
13.41
13.03
7.71
12.9
9.56
9.42
9.31
9.15
9.07
9.36
9.35
9.99
9.47
9.54
10.16
9.97
10.14
9.9
10.77
11.7
12.12
12.79
11.84
11.48
11.72
11.48
11.55
11.77
12.74
12.34
12.64
12.95
12.17
11.74
12.55
12.84
12.66
8.25
13.17
9.36
9.62
10.37
10.48
10.91
11.49
11.95
11.64
12
11.94
12.05
12.29
11.59
12.26
12.39
12.73
13.44
13.09
12.79
13.18
13.04
12.86
12.02
11.96
11.99
12.5
11.83
12.08
12.67
12.79
12.66
12.67
8.87
13.69
9.94
9.69
10.04
9.7
9.6
9.28
9.36
9.59
10.16
10.22
10.38
9.8
9.72
10.1
10.34
10.58
11.14
10.97
10.34
11.04
11.35
11.96
12.62
12.72
12.44
11.25
11.65
11.89
12.07
12.77
11.55
7.7
12.85
9.91
9.41
9.2
9.45
9.96
10.42
10.22
10.55
10.86
10.56
10.66
10.79
10.84
10.65
10.78
9.94
11.06
10.89
10.69
11.18
11.81
12.44
12.53
12.69
12.36
12.65
11.91
11.66
11.96
12.73
7.79
12.58
10.97
10.71
10.76
10.83
10.37
10.91
10.33
10.04
10.16
9.82
10.43
9.69
10.5
10.59
10.75
10.51
11.21
11.41
11.37
11.28
11.6
10.88
10.79
10.98
11.61
12.49
11.9
11.62
11.61
5.32
10.89
13.93
9.76
9.96
9.93
10.39
9.92
9.78
10
10.04
10.11
10.5
10.62
10.95
10.69
10.72
10.18
9.9
9.87
9.16
9.15
9.69
10.32
9.71
9.34
9.51
10.55
10.62
10.75
8.82
11.84
10.01
10.33
10.04
9.69
9.05
8.62
8.52
9.01
9.02
9.14
8.96
8.75
9.23
9.26
9.8
10.65
10.71
11.18
10.79
10.22
10.67
10.49
10.11
9.75
10.01
10.92
5.68
9.9
12.95
9.77
9.78
9.57
10.09
10.06
10.08
10.61
10.48
10.7
11.1
10.47
10.14
10.35
10.34
10.17
10.79
11.25
11.34
11.23
11.14
11.08
11.14
11.72
11.67
6.59
11.07
13.01
10.66
11.18
10.76
10.65
10.51
10.79
11.2
11.03
10.78
10.79
10.05
10.16
10.68
10.53
10.84
10.5
9.79
10.05
9.85
9.31
10.06
10.83
5.63
9.64
12.38
13.23
9.66
10.38
10.24
9.91
10.47
10.42
10.89
11.02
11.05
10.63
11.03
11.26
11.56
10.96
10.2
13.08
13.96
11.34
7.91
5.33
8.63
10.77
12.05
12.87
9.54
9.39
8.99
9.3
9.68
9.96
10.21
13.12
12.69
12.51
10.48
7.78
3
3.95
6.35
8.14
8.9
8.96
9.26
8.55
7.29
4.57
8.99
9.79
9.43
9.66
9.83
10.12
10.41
10.79
14.09
17.46
27.81
46.32
8.47
20.05
0.001
0.1
0.26
0.39
0.24
0.35
0.41
0.98
1.16
1.49
1.77
1.36
1.77
8.55
9.76
9.99
9.58
10.4
10.75
10.73
11.26
13.01
15.87
24.64
45.3
10.17
23.45
0.01
0.46
0.22
0.35
0.58
0.42
0.44
0.7
1.48
1.34
1.05
1.26
1.46
8.01
10
10.15
10.26
10.02
10.1
10.48
11.35
13.07
16.04
26.19
43.49
8.24
27.45
0.001
0.001
0.66
0.61
0.73
0.94
0.73
0.8
0.86
0.78
0.83
1.42
1.76
1.8
7.18
9.87
9.79
9.8
10.2
9.73
10.26
10.93
12.66
14.9
20.22
36.51
6.93
24.32
0.07
0.25
0.79
0.88
1.14
0.63
0.88
0.7
1.45
1.79
1.46
1.68
1.88
2.37
6.06
12.4
9.8
9.58
10.03
9.64
10.08
10.66
11.84
14.25
21.7
30.49
5.57
20.68
0.03
0.05
0.86
1.49
1.08
0.98
1.73
1.47
1.64
1.49
1.75
1.76
1.55
1.64
1.75
2.77
13.19
9.82
10.14
10.41
10.72
10.52
11.93
12.3
14.54
18.98
28.68
4.29
18.19
0.04
0.06
1.3
1.63
1.63
1.69
1.64
1.59
1.84
2.6
2.68
2.23
2.09
1.92
1.81
1.75
12.95
9.4
9.72
9.82
9.96
9.95
10.45
10.53
12.86
15.93
25.39
3.66
8.37
13.11
0.1
0.01
1.09
1.57
1.8
1.52
2.1
2.34
2.28
1.74
2.02
1.98
1.99
2.14
1.66
2.08
2.17
11.56
9.54
9.25
9.08
9.49
9.51
10.02
10.7
10.66
13.06
21.07
31.09
6.68
23.28
0.1
0.18
1.78
1.89
2.01
2.43
2.12
2.67
2.86
2.06
2.77
2.69
2.84
2.26
3.18
2.82
2.76
3.51
9.18
10.18
10.27
10.35
10.98
11.09
11.45
11.18
12.48
12.42
17.23
24.03
4.5
14.97
0.19
0.29
0.18
2.54
2.13
2.64
2.94
3.02
3.29
2.99
3.97
4.18
2.94
2.85
2.67
2.23
2.18
2.81
3.02
2.85
5.55
13.61
9.73
9.9
10.01
9.79
10.09
10.53
11.57
13
16.51
19.97
31.97
5.46
8.79
0.45
0.99
0.56
0.68
3.27
4.27
3.35
4
3.74
4.16
4.04
3.5
3.75
3.73
3.55
3.4
2.76
2.89
3.59
3.79
3.67
4.09
4.39
14.76
11.59
11.89
11.63
11.16
10.41
10.77
11.13
12.98
14.13
15.35
22.34
2.94
6.13
5.81
1.58
1.19
1.41
1.69
0.77
1.18
6.78
6.05
5.66
6.04
5.62
4.9
5.55
5.51
5.11
4.54
4.68
4.08
3.83
3.48
3.53
3.66
4.1
3.95
3.86
3.7
3.97
10.44
9.19
9.14
9.57
9.65
9
9.44
10.7
10.7
11.69
12.79
16.5
21.25
3.85
4.1
3.41
1.97
1.91
12.34
11
9.21
10.31
8.15
7.4
7.62
6.82
6.58
6.09
6.01
6.29
6.21
6.21
6.09
5.37
5.49
5.92
5.47
5.43
4.82
5.13
5.2
4.5
7.78
12.52
10.1
9.9
9.58
9.49
9.99
10.67
11.49
11.79
13.43
14.85
16.05
18.39
19.13
19.69
16.98
16.5
14.71
11.69
12.21
10.29
10.85
10.51
9.22
10
9.19
8.06
8.28
7.1
6.88
7.37
7.51
7
6.47
6.36
6.87
6.15
5.6
5.75
5.24
5.25
3.18
12.62
10.14
10.5
10.68
10.55
10.87
10.55
11.02
11.76
12.26
13.36
14.26
15.54
17.19
16.28
15.9
15.71
15.03
14.29
12.78
12.7
11.74
10.19
10.18
9.34
9.19
8.85
8.31
8.74
8.74
8.43
7.94
7.68
8.47
8.99
8.45
7.55
7.7
7.75
7.53
6.74
9.95
9.67
9.25
9.54
9.85
9.53
9.6
9.77
10.54
12.16
11.46
11.87
13.7
15.31
14.58
14.13
15.06
16.35
15.72
14.4
14.33
13.61
14.16
12.71
13.52
12.19
10.92
10.89
10.32
9.88
9.94
10.14
10.1
9.53
10.6
9.77
9.48
8.42
8.07
7.82
8.02
5.6
13.78
9.89
9.66
9.73
10.66
10.31
10.65
11.65
11.68
11.47
12.11
13.31
13.88
14.28
15.04
14.42
15.2
13.4
13.67
14.3
13.38
12.31
12.32
12.31
11.66
11.8
10.98
10.83
11.41
11.28
11.65
11.11
10.39
9.76
10.33
9.75
9.16
8.3
8.25
7.2
10.83
10.48
10.92
10.92
11.13
11.45
11.59
11.14
11.71
12.07
11.67
11.69
12.78
13.4
13.55
13.41
13.91
13.13
13.65
13.32
13.41
12.99
13.1
12.78
13.23
11.95
12.32
11.68
11.93
11.49
11.47
10.49
10.66
10.26
10.49
11.21
10.77
10.41
9.33
9.78
6.82
13.6
10.54
10.84
10.85
10.78
10.86
11.63
11.22
11.72
12.57
13.17
14.32
14.66
14.2
13.57
14.77
15.1
14.81
15.5
15.66
14
14.02
14.02
14.04
13.36
12.34
11.56
11.69
11.98
12.24
11.67
11.16
11.42
10.89
10.57
10.76
10.19
10.46
10.03
9.54
9.21
9.16
9.34
9.22
9.47
10.07
10.74
10.83
10.33
10.77
10.5
11.32
11.88
12.2
12.94
13.44
13.36
12.79
13.13
13.92
13.78
13.67
13.5
13.44
13.72
13.65
12.94
13.44
13.66
13.71
13.46
12.69
12.36
11.94
11.75
11.26
10.62
10.76
6
12.48
10.04
10.1
10.8
10.85
10.19
10.9
10.2
10.82
11.79
11.42
11.54
11.5
12
12.47
13.2
12.4
12.18
12.51
12.41
13.13
12.61
12.75
12.69
12.93
12.8
13.2
13.35
13.25
12.89
11.73
10.93
10.93
10.29
9.98
9.69
9.86
9.86
7.93
14.36
10.16
10.28
10.84
11.03
11.14
10.8
11.11
10.84
11.08
11.83
11.68
10.76
11.69
11.83
12.56
12.44
12.47
11.64
11.4
11.29
11.53
12.13
12.8
13
12.59
12.19
12.43
12.42
12.92
13.87
13.08
14
13.05
13.28
12.41
11.79
10.82
9.47
9.51
9.59
9.73
9.51
9.56
8.82
8.62
9.5
10.03
10.52
11.42
12.18
12.17
12.16
12.3
11.94
13.38
13.05
14.08
13.01
12.06
12.33
12.55
13.46
14.26
14.57
13.83
13.47
14.2
13.05
12.24
13.39
14.02
14.36
14.24
5.62
11.1
9.43
9.88
9.87
10.41
10.39
10.48
9.88
10.45
10.71
11.28
9.91
9.35
10.32
10.5
10.8
11.02
11.29
11.66
12.13
11.9
12.47
11.89
12.05
12.25
12.57
13.16
13.39
13.88
13.5
13.52
14.04
13.31
12.79
12.75
13.95
7.99
12.9
9.83
9.98
9.75
10.23
10.12
10.28
10.45
10.59
9.94
10.14
10
10.18
9.63
10.02
10.68
11.39
11.76
11.18
12.23
12.74
13.22
12.61
12.28
11.6
12.78
13.29
12.7
12.72
12.29
12.33
12.24
12.76
12.35
11.77
8.52
13.46
10.22
10.35
10.35
10.69
10.26
10.71
10.59
10.53
10.29
10.12
9.75
9.83
10.1
10.13
10.53
10.3
10.09
9.86
10.35
11.17
11.76
11.95
12
10.97
11.17
11.51
11.16
10.67
11.57
11.57
11.65
11.82
12.21
8.88
14.08
10.22
10.45
9.93
10.16
10.01
10.43
11.11
11.29
11.87
11.38
11.28
11.75
12.22
11.84
11.83
12.02
11.76
11.09
11.29
10.63
10.66
11.05
11.71
11.32
11.8
12.9
13.62
13.18
13.03
12.71
12.27
12.36
9.49
14.22
10.14
9.75
9.28
9.17
9.58
9.55
9.44
9.47
9.63
9.48
9.98
9.54
10.33
9.68
10.11
9.65
10.17
10.31
10.62
10.64
11.22
11.06
11.02
10.82
11.17
11.63
11.1
10.99
11.27
11.64
12.59
8.24
13.15
10.35
10.51
10.27
9.91
8.99
8.85
8.76
8.75
9.06
9.93
9.79
10.03
10.59
10.75
10.65
11.15
10.85
10.92
10.69
10.31
10.38
10.33
10.52
10.73
11.93
11.94
12.21
11.75
11.44
11.14
7.89
12.48
10.29
9.8
10.63
10.32
9.85
9.62
9.58
9.44
9.36
9
8.33
8.69
9.16
9.26
9.06
9.57
9.76
9.62
9.93
9.97
10.06
9.93
10.41
10.11
10.14
10.97
11.35
10.98
11.66
5.91
11.34
14.46
9.86
9.9
10.42
10.34
10.52
10.67
10.83
11.26
11.8
10.99
10.44
10.14
9.78
9.21
8.99
9.24
8.48
9.14
9.87
10.16
10.41
10.98
11.3
11.19
11.46
12.18
12.38
8.54
12.57
10.03
9.88
9.59
9.11
9.51
9.24
9.65
9.41
9.72
9.17
8.99
9.95
9.77
9.64
9.65
10.32
10.06
9.5
9.7
10.45
11.19
10.87
10.71
10.92
10.87
10.86
6.18
10.41
12.59
9.46
9.39
8.93
8.14
8.15
8.95
9.38
9.68
9.26
9.24
9.63
9.83
9.66
9.68
10.3
10.35
11.1
11.11
11.46
11.45
11.62
11.31
11.3
11.22
6.96
11.37
13.78
10.41
10.52
10.22
9.43
9.28
9.56
10.22
10.36
10.22
9.66
9.8
9.6
9.35
9.22
8.85
9.09
9.44
10.47
10.84
11.06
11.12
10.68
5.85
10.21
13.34
15.14
11.5
11.09
10.58
10.86
10.78
11.1
10.63
10.37
10.55
10.77
11.1
10.8
10.69
10.88
11.2
11.01
13.96
11.76
8.66
5.97
9.45
11.85
13.54
14.15
9.85
9.7
10.29
9.72
9.14
9.61
9.08
11.3
13.03
12.75
10.39
8.19
5.14
4.58
7.22
8.31
8.79
9.36
9.4
8.58
7.96
6.28
3.87
8.94
10.05
10.2
10.14
10.02
10.94
11.09
12.48
13.49
18.97
29.01
5.66
24.72
0.001
0.03
0.19
0.3
0.55
0.36
0.74
0.76
0.95
0.82
1.36
2.15
1.39
8.65
9.69
9.47
10.03
10.07
9.7
10.37
11.41
13.56
16.46
27.89
6.28
22.59
0.001
0.25
0.32
0.67
0.59
0.3
0.33
1.22
1.22
1.8
1.67
2.53
1.9
8.15
9.4
9.4
9.85
9.98
10.34
9.83
10.49
13.38
16.82
25.63
3.81
20.1
0.001
0.05
0.47
0.53
0.63
0.74
0.62
1.21
0.89
1.23
1.68
2.13
1.72
2.13
7.14
9.37
9.96
9.82
10.74
11.05
12.24
12.73
14.59
17.3
23.2
4.99
8.86
0.05
0.73
0.61
0.67
0.88
0.72
1.38
1.28
1.49
2.01
1.65
1.68
2.06
2.14
5.02
12.44
10.12
10.25
10.25
10.28
10.53
12.21
12.7
15.79
20.32
38.63
8
15.88
0.04
0.02
0.69
1.12
1.07
0.8
1.33
2.13
1.96
1.9
1.68
2.57
1.98
1.89
2.08
2.99
14.32
10.06
10.42
9.97
10.28
10.84
10.44
10.24
13.61
17.3
29.35
6.57
26.59
0.001
0.11
1.11
1.31
1.91
2.51
1.66
1.46
2.32
2.17
1.74
1.86
1.71
2.47
2.26
1.88
13.6
10.28
10.28
10.83
10.76
11.11
11.04
11.63
13.36
15.86
23.58
4.7
20.26
0.08
0.14
1.81
2.71
2.48
2.39
2.17
2.51
2.46
2.24
2.06
2.29
1.85
1.71
2.27
2.28
2.39
11.67
10.01
9.79
9.95
10.83
10.66
10.68
11.65
13.93
14.92
19.66
3.43
13.85
0.11
0.21
0.21
3.12
3.02
3.59
2.92
2.97
3.06
2.29
2.4
2.31
2.74
3.37
3.39
3.23
3.07
2.62
3.1
9.08
9.93
10.6
10.7
10.59
10.84
11.26
11.42
11.83
12.85
17.34
23.01
4.55
12.99
0.33
0.37
0.41
0.45
3.86
3.52
3.56
3.55
3.56
3.46
3.72
4.01
3.97
4.22
3.98
3.43
2.43
3.2
3.9
4.87
4.85
3.78
6.08
14.09
9.39
10.07
10.01
10.31
10.18
11.33
11.49
11.63
16.29
18.36
3.42
7.06
4.68
1.15
0.72
1.69
1.01
0.52
0.53
5.53
6.09
5.25
4.96
5.33
5.22
5.34
5.28
5.31
5.09
5.1
4.74
5.82
4.98
4.83
5.17
4.77
4.63
3.54
4.01
12.79
8.88
9.32
9.47
9.24
9.25
10.26
10.58
11.68
13.22
15.06
18.92
3.33
3.82
4.91
3.05
2.19
1.43
1.34
1.03
10.01
7.59
8.17
8.49
7.66
6.6
6.13
5.28
5.43
6.16
6.24
5.77
5.12
5.34
5.95
5.72
6.22
6.01
6.25
6.14
6.17
5.81
11.54
10.82
10.79
10.94
11.01
10.65
10.66
10.82
11.76
12.25
14.17
16.88
18.51
21.65
3.08
18.26
15.71
14.82
13.41
12
11.54
10.22
10.5
9.28
9.3
8.97
8.51
8.27
8.16
7.31
8.01
8.33
8.08
8.41
7.88
7.66
7.48
6.92
6.65
6.21
6.23
6.24
7.18
12.81
9.77
9.84
10.12
10.52
10.98
10.89
11.57
11.13
12.69
13.3
15.03
16.84
16.22
20
16.48
14.35
15.02
15.3
13.27
12.17
11.74
10.75
9.93
8.78
9.24
9.49
8.85
8.83
7.63
6.61
7.04
6.65
7.2
7.29
6.88
6.67
6.01
6.22
6.7
6.36
2.97
12.93
9.19
9.84
9.74
9.93
9.88
9.89
10.64
11.26
11.73
12.71
13.85
14.91
15.87
16.32
17.34
16.33
14.56
12.71
13.01
13.06
11.97
11.44
11.66
10.4
9.95
10.02
9.63
8.54
7.86
7.48
6.87
8.13
8.34
8.61
8.6
8.21
8.44
7.72
8
8.13
9.87
9.83
10.49
10.29
10.11
10
10.42
10.66
12.13
11.89
12.43
12.84
14.13
14.81
14.46
14.51
16.32
14.92
15.26
13.81
13.09
12.69
12.06
12.43
11.21
11.3
11.34
11.43
12.18
11.68
10.93
10.62
9.65
9.18
8.52
8
8.35
8.48
8.59
8.18
7.99
6.21
13.9
9.85
9.76
9.85
9.92
10.64
9.39
9.75
10.81
11.03
11.88
12.17
13
12.7
13.46
13.66
13.57
14.53
15.95
13.58
14.28
14.06
11.93
11.88
11.63
12.06
10.96
11.73
11.78
10.86
10.02
10.02
10.55
10.09
9.96
9.59
10.11
10.15
9.6
10.12
10.34
9.76
9.83
9.64
9.61
10.18
10.24
10.35
11.01
10.61
10.74
11.35
11.7
11.58
12.73
12.3
12.78
12.53
12.5
12.28
11.63
12.43
12.38
11.67
12.43
12.53
12.68
11.8
11.43
11.67
11.45
11.02
11.36
10.72
9.75
9.87
10.19
10.04
10.56
9.58
6.1
13.1
9.41
9.83
9.41
9.18
9.35
9.06
9.45
9.99
10.46
10.54
11.08
10.95
11.27
12.09
11.99
12.99
12.77
12.68
12.95
13.53
13.84
13.24
12.15
12.24
12.26
11.42
11.34
11.17
12.19
13.06
12.41
11.97
11.51
10.38
10.29
10.77
10.62
11.1
10.24
9.94
10.62
10.51
10.98
11.03
10.03
10.24
10.13
10.71
11.22
11.54
11.36
10.88
11.14
11.87
12.43
12.44
12.37
12.96
13.57
14.22
13.99
14
14.14
13.81
13.04
12.49
12.41
12.55
11.4
10.77
11.41
11.15
11.65
10.82
11.39
11.03
10.01
5.92
12.89
10.57
10.13
9.87
9.96
9.72
9.74
9.79
10.23
10.27
11.05
11.35
12.14
11.56
11.4
11.6
12.44
12.48
12.87
12.2
12.88
13.57
13.43
12.54
12.27
11.37
11.82
11.21
11.81
12.17
12.14
11.67
11.65
11.67
11.78
11.77
11.29
11.37
8.14
14.45
10.39
9.97
9.74
9.79
9.83
10.06
9.88
10.51
10.44
10.52
10.6
10.99
11.09
10.8
11.5
11.87
11.69
12.11
11.62
12.77
13.52
13.69
13.56
13.79
13.56
13.63
13.24
13.01
13.25
13.76
13.58
13.33
12.41
11.82
11.62
12.1
11.08
9.3
9.48
9.78
9.67
10.24
10.36
10.34
10.65
10.01
9.84
9.66
10.27
10.21
11.14
11.42
11.48
11.58
11.82
12.34
12.91
13.33
13.36
12.86
12.65
13.01
12.85
13.19
13.21
13.11
12.08
12.07
12.04
12.1
11.72
11.38
11.19
5.9
12.01
10.22
10.02
9.54
9.42
9.9
10.17
10.68
10.55
10.65
10.99
10.68
11.57
11.5
11.16
10.88
10.41
10.04
10.59
10.35
10.97
10.82
11.44
11.14
11.97
12.01
12.14
12.36
12.24
12.37
11.93
11.74
12.44
12.38
11.45
11.43
7.59
13.28
10.11
10.43
9.96
10.73
10.79
11.02
10.7
10.96
11.01
10.72
10.39
10.76
11.57
11.96
12.19
11.69
11.74
12.81
12.38
11.97
12.43
12.99
13.23
12.48
12.54
12.03
12.52
12.48
12.11
11.61
11.15
10.97
12.2
12.56
7.9
13.43
9.63
9.99
10.12
9.8
10.13
10.27
10.67
10.79
10.86
10.12
9.92
10.29
10.61
10.2
10.56
9.67
10.04
10.46
10.43
10.53
10.62
10.51
11.16
11.64
11.41
11.42
11.48
11.41
10.37
10.3
10.39
10.17
10.86
9.62
14.3
10.91
10.24
10.52
9.89
9.85
9.89
10.33
10.53
10.62
10.3
10.49
11.64
11.85
11.34
11.32
11.07
10.92
10.94
11.06
11.56
11.5
10.41
10.68
10.78
10.95
10.54
10.43
11.67
11.41
11.09
11.98
11.7
9.23
13.57
9.7
9.97
9.86
9.94
9.68
10.04
9.83
10.05
10.65
10.42
10.38
11.02
11.35
11.82
11.6
11.09
10.98
10.94
10.83
10.71
10.59
11.03
11.17
10.71
10.57
10.77
10.75
10.69
10.81
10.97
10.86
9.25
14.17
10.2
10.35
10.5
10.47
10.94
10.98
10.7
10.66
10.51
10.3
10.54
10.59
10.67
10.99
11.03
11.17
11.33
11.36
11.4
11.45
11.15
11.15
11.99
12.03
11.52
11.67
12.25
12.72
11.7
12.24
7.76
12.82
10.07
10.01
9.59
9.64
9.32
9.57
9.4
9.48
9.94
10.02
10.1
9.94
10.32
10.62
10.6
10.45
10.9
11.53
11.62
11.19
11.33
11.87
12.04
11.52
12.07
11.99
11.68
12.26
12.87
5.91
11.21
14.22
10.1
10.28
10.23
10.69
10.77
10.6
10.69
10.47
10.24
10.29
10.65
10.91
11.08
11.49
11.41
11.84
12.24
11.94
11.49
11.36
11.76
11.58
11.21
11.35
11.09
11.19
11.96
9.05
12.55
10.49
10.59
11.07
11.18
11.55
11.76
11.89
11.61
11.01
11.15
10.77
10.26
10.25
10.12
10.13
9.9
10.35
10.5
10.31
10.66
10.78
11.13
10.86
10.67
10.54
10.21
5.91
10.15
12.97
9.44
9.99
10.29
9.95
9.94
10.17
10.37
10.68
10.59
10.28
9.95
10.12
11.19
11.52
12.08
12.59
13.09
12.32
11.95
11.84
11.99
11.79
12.2
11.77
6.68
11.08
13.21
9.2
9.6
9.49
9.49
9.73
10.07
10.48
10.95
11.16
11.55
10.35
10.52
9.97
9.55
9.29
9.77
9.61
9.28
9.07
9.87
9.99
10.15
6.55
10.59
13.26
14.33
10.4
10.23
10.51
9.82
10.09
9.67
9.84
9.62
9.03
9.08
9.28
9.6
9.59
9.85
10.14
10.12
13.08
11.71
9.04
6.37
9.99
11.73
13.35
13.72
9.81
10.48
10.57
11.06
11.22
11.25
11.1
15.22
13.76
14.87
11.83
8.78
5.48
4.46
6.62
7.76
8.62
8.98
8.53
8.12
7.32
5.1
2.67
8.28
9.91
9.86
10.18
10.32
11.07
11.88
13.51
13.85
18.77
28.08
6.15
22.6
0.001
0.14
0.23
0.16
0.58
1.09
1.53
0.95
1.55
1.38
0.89
1.13
2.28
8.24
9.95
10.04
10.08
9.82
10.28
10.51
11.31
13.82
17.97
31.55
5.42
23.09
0.16
0.31
0.27
0.65
0.86
1.24
1.26
1.15
1.12
1.44
1.2
1.08
1.6
7.51
10
10.1
9.91
9.89
10.11
11.4
11.52
11.52
16.05
27.33
5.75
24
0.07
0.37
0.68
0.38
0.79
0.72
1.04
1.52
2.39
1.87
1.9
1.69
1.87
6.68
9.9
9.98
10.02
10.02
10.52
10.95
11.41
12.97
15.9
24.48
5.16
20.37
0.001
0.04
0.36
0.71
1.49
1.15
1.29
1.18
1.37
1.37
2.71
2.8
2.14
1.91
4.23
13.69
9.93
10.04
10.14
10.11
11.11
10.43
11.74
14.33
20.8
4.1
20.12
0.01
0.05
0.83
1.15
1.34
1.45
1.54
1.78
1.91
2.33
3.44
2.5
2.41
1.9
1.32
11.83
10
9.57
9.97
9.89
9.7
9.96
11.34
14.07
17.63
2.65
13.57
0.07
0.13
1.35
1.09
0.99
1.24
1.85
2.01
1.73
2.25
2.52
2.4
2.41
2.34
1.92
2.52
12.94
9.6
9.88
10.09
10
10.04
10.73
12.48
14.19
16.08
2.48
6.01
0.21
0.33
0.21
1.9
2.29
2.39
2.26
2.2
2.87
2.36
2.27
2.3
2.01
1.94
2.24
2.34
1.93
2
10.46
9.72
9.5
9.8
10.19
9.93
10.24
10.68
12.47
13.47
18.09
3.46
11.14
0.22
0.31
0.48
0.38
3.59
3.14
4.03
4.34
3.34
2.52
2.33
2.41
2.81
2.98
2.98
3.19
3.57
2.81
2.71
3.09
2.75
9.13
10.5
10.27
10.12
10.5
10.74
10.67
10.66
12.26
13.49
16.8
21.65
4.37
7.3
0.96
0.76
1.64
0.97
1.24
1.07
0.7
0.79
5.36
5.33
6.05
5.8
4.97
4.5
3.62
4.19
4.49
4.77
4.8
4.17
3.58
4.37
3.95
3.68
4.26
4
4.23
5.05
13.3
8.88
9.04
9.83
9.41
10.24
10.76
11.69
12.12
14.19
16.7
22.1
4.57
5.18
4.7
2.72
2.17
1.48
1.23
1.63
1.04
9.84
8.72
7.06
6.62
7.19
6.8
7.86
6.22
5.61
4.89
4.78
4.67
5.49
5.54
6.34
6.2
5.43
4.95
4.95
5.48
5.9
13.06
10.53
10.25
10.68
10.73
11.17
11.06
11.22
12.32
13.78
15.62
18.88
19.75
3.04
3.48
2.49
16.29
13.8
12.78
12.19
11.48
10.78
9.95
8.99
8.63
8.2
8.77
7.99
7.74
7
7.22
6.52
6.78
6.03
6.22
5.13
4.93
5.48
5.98
6.09
5.75
5.47
10.21
10.24
10.26
10.02
9.78
9.66
9.93
11.97
11.39
12.36
12.81
16.33
18.39
17.93
17.42
16.31
15.8
14.34
12.26
12.23
12.4
12.55
11.4
11.06
9.15
8.51
8.51
8.13
8.05
8.13
7.79
7.4
8.32
7.94
7.24
7.02
6.56
6.57
7
6.42
6.37
6.38
6.61
13.4
10.27
10.32
9.74
10.15
10.67
11.2
11.86
13.34
14.04
14.67
16.68
16.62
16.68
16.99
17.54
16.07
15.52
13.38
13.35
13.28
12.53
12.14
12.12
11.51
11.61
10.87
9.79
9.56
9.37
8.8
6.9
6.61
6.12
6.26
6.64
6.7
7.41
7.87
7.27
6.72
10.69
8.98
9.1
9.36
9.93
9.68
9.8
9.16
10.38
11.34
12.1
12.2
13.21
14.63
15.22
15.35
14.49
15.75
16.19
14.82
13.09
12.48
12.02
11.59
11.58
11.25
10.57
9.9
10.3
10.21
9.6
9.27
8.15
7.92
8.05
8.15
8.08
8.41
8.54
8.57
8.35
10.26
10.18
9.74
10.04
10
9.83
10.53
10.86
11.03
11.19
10.88
11.22
12.07
13.36
14.91
15.14
15.67
16.21
15.55
14.1
14.79
14.9
13.95
13.35
12.61
12.79
12.72
12.25
11.62
10.92
10.45
10.02
10.51
9.71
8.98
8.9
9.73
9.2
9.55
9.92
9.23
5.6
12.59
10.22
10.58
11.06
11.01
11.01
10.88
11.14
11.77
11.65
12.28
13.39
12.78
14.08
13.63
13.97
14.52
14.45
13.82
13.04
12.9
12.7
14.11
14.58
13.43
12.55
11.15
9.88
9.99
9.7
10.3
9.81
10.53
11.04
10.45
10.11
9.49
9.01
8.36
8.55
9.89
9.37
8.8
9
9.48
8.67
9.12
9.67
10.51
11.91
11.67
11.19
11.71
12.38
12.67
12.67
12.85
13.07
14.24
13.96
12.88
13.94
13.68
13.83
12.87
12.4
12.34
13.14
13.59
12.55
11.9
11.81
11.84
11.96
12.56
11.98
11.72
10.89
10.79
10.08
5.82
12.69
9.83
10.21
10.26
10.52
10.53
10.96
11.12
10.97
11.09
11.66
12.41
12.43
12.81
12.36
12.5
13.73
12.77
12.83
13.09
12.37
11.9
12.93
13.28
13.11
13.42
14.13
13.31
12.72
12.13
11.04
11.29
11.55
11.72
11.54
11.06
11.05
10.66
10.39
9.91
10.06
9.95
9.64
9.82
10.07
10.36
11.27
11.21
11.22
12.14
12.37
12.94
13.29
13.48
13.56
12.75
13.19
12.95
13.18
13.1
12.51
11.68
12.88
13.13
13.36
13.67
14.63
14.71
13.89
13.85
12.92
12.45
11.56
12.19
12.08
11.65
11.24
11.82
5.42
11.27
9.92
9.93
10.01
10.18
10.14
9.87
9.93
9.86
10.42
11.14
10.61
11.44
11.29
11.35
11.98
12.53
12.36
12.11
12.32
12.23
12.36
12.31
12.16
12.79
13.01
13.7
13.82
13.87
14.3
14.47
13.26
12.57
11.79
11.55
11.75
11.3
10.87
7.74
14.56
10.07
9.6
9.5
9.41
9.81
9.85
10.47
10.2
9.77
10.22
10.21
9.99
10.42
10.32
10.37
11.16
11.88
11.88
12.36
12.81
13.06
12.43
12.49
12.8
12.43
12.58
13.13
12.62
13
13.2
13.07
12.81
12.43
11.67
11.93
11.21
10.09
9.74
10.18
10.11
10.18
10.21
9.98
9.39
10.17
10.38
10.4
10.36
10.14
10.94
11.38
10.42
10.52
10.34
11.29
11.55
10.89
11.05
12.76
12.61
12.59
12.42
11.99
11.78
11.63
11.81
12.59
13.08
13.44
13.43
12.96
13.35
12.57
5.61
11.03
9.54
10.1
10.23
10.02
10.23
10.14
10.19
9.54
9.84
10.47
10.46
10.48
11.62
11.9
12.41
12.88
12.8
11.91
12.46
12.45
12.33
11.95
11.44
11.37
11.04
11.15
11.52
11.99
11.41
11.82
12.06
12.35
12.65
12.18
11.84
7.32
12.67
9.93
9.93
9.68
9.52
9.35
9.58
9.88
9.62
9.85
10.07
9.93
10.76
11.21
11.02
10.77
10.92
10.72
11.28
11.37
12.15
12.22
11.96
11.8
12.56
12.6
12.73
11.9
12.2
12
11.51
11.72
12.19
12.63
13.57
7.77
12.12
8.53
8.77
9.19
9.77
9.48
9.45
9.39
10.12
10.48
9.71
9.78
9.61
9.71
10.07
10.28
10.53
10.34
10.6
10.94
11.39
12.34
11.57
11.25
11.09
11.71
12.3
12.14
12.67
13.72
12.77
12.63
12.62
12.3
8.19
14.02
9.95
10.03
9.82
9.92
9.96
10.37
10.14
10.38
10.41
9.88
9.84
9.95
9.91
10.46
10.37
11.11
11.54
11.61
11.93
11.94
12.76
13.41
12.74
12.3
12.72
12.41
11.97
11.73
12.36
12.59
12.1
11.89
8.56
13.12
9.8
10.16
10.78
10.45
10.06
10.36
10.58
10.45
10.08
10.46
10.14
10.78
10.16
10.21
9.99
9.64
9.73
9.96
9.55
10.11
10.04
9.85
10.08
10.33
10.82
11.08
10.42
10.32
9.86
10.16
10.84
7.98
12.69
9.81
9.63
9.67
8.9
8.46
8.7
8.82
8.82
8.92
9.14
8.98
9.8
9.84
9.68
10.04
10.19
10.58
10.74
11.27
11.7
11.46
11.39
11.93
11.53
12.07
12.29
12.11
11.8
11.7
10.8
7.45
11.28
9.06
9.28
9.63
9.49
9.72
9.76
9.9
10.07
10.01
10.04
10.06
10.3
10.2
9.95
9.61
9.92
9.79
9.9
10.17
9.8
9.72
9.73
10.35
11.12
11.95
12.02
12.26
13.18
12.36
5.85
11.04
14.84
10.78
11
10.88
10.45
10.52
10.14
10.54
10.4
10.09
10
9.81
10.16
10.22
10
10.21
10.26
10.82
11.32
11.29
11.06
10.93
10.73
10.34
10.38
11.06
12.03
12.58
8.9
12.3
9.78
9.73
10.19
10.31
10.23
10.24
10.01
9.71
9.96
9.9
10.01
10.39
11.34
10.79
10.8
10.79
10.64
10.89
11.49
10.66
10.53
10.12
10.43
10.04
10
10.37
5.52
10.43
13.59
10.1
10.28
10.2
10.16
10.41
11.21
11.73
11.5
11.53
11.16
10.84
11.42
10.53
10.56
10.78
11.27
10.8
11.44
12.25
12.15
11.76
11.36
11.53
11.04
6.16
10.28
13
10.15
10.03
10.06
9.88
9.92
9.75
10.55
10.67
10.81
10.92
11.81
12.02
11.72
12.29
12.11
11.63
11.12
10.77
10.37
9.97
9.91
10.37
5.56
8.92
11.68
12.67
9.08
10
10.03
10.03
9.83
9.61
9.39
9.5
10.6
10.8
10.91
10.84
11.07
10.83
11.28
15.26
13.39
13.01
9.6
5.64
8.87
11.13
12.5
13.33
10.5
10.38
10.3
10.67
10.3
10.36
10.22
13.31
14.12
13.29
10.78
7.07
3.24
3.7
6.46
7.97
8.41
8.53
8.52
7.82
6.62
4.27
7.54
9.98
10.22
10.59
10.58
10.76
11.6
11.73
12.43
18.37
4
6.95
0.001
0.001
0.2
0.21
0.32
1.07
1.73
1.46
1.3
2
2.28
2.68
1.97
1.58
7.36
9.93
9.95
9.91
9.58
9.81
10.33
11.56
13.82
16.63
2.79
6.1
0.001
0.04
0.22
0.09
0.92
0.51
1.19
1.41
1.55
1.2
1.32
2.03
2.21
1.84
6.56
9.48
9.55
9.41
10.35
10.71
11.53
12.16
12.19
16.07
3.36
7.3
0.02
0.02
0.45
0.45
0.55
0.95
1.01
1.26
1.56
1.65
1.99
2.03
2.16
2.12
4.88
13.03
10.71
11.35
11.51
10.55
10.72
11.37
13.07
16.61
2.59
5.49
0.001
0.94
0.85
1.49
1.99
2.04
1.96
2.05
2.77
2.76
2.62
2.34
1.98
1.83
3.15
14.3
9.88
9.96
9.95
10.97
11.22
11.4
12.35
14.41
19.91
4.06
16.42
0.32
0.25
1.35
1.99
1.97
2.05
1.96
2.37
2.92
2.38
2.26
2.25
2.66
3.14
3.31
12.76
9.28
9.79
9.92
10.18
10.72
10.42
10.52
12.01
16.32
3.01
12.24
0.34
0.31
0.16
2.02
2.68
2.33
2.17
2.63
3.12
3.45
3
3.33
2.74
3.24
3
2.63
2.41
11.44
9.45
9.16
9.45
9.63
9.18
9.66
10.74
12.99
14.24
21.56
4.44
7.4
0.48
0.34
0.19
0.4
2.75
2.8
2.86
3.23
2.66
2.5
2.33
2.26
2.27
2.09
2.64
3.03
3.11
2.6
3.09
10.62
9.66
9.8
10.34
11.2
11.38
11.58
12.84
13.9
14.38
18.29
3.63
5.1
4.07
2.85
1.57
1.03
0.67
0.87
1.22
1.09
1.21
1.05
0.7
0.76
0.87
4.62
4.73
4.32
4.3
4.26
4.07
3.96
3.39
4.21
4.19
4.64
4.07
3.85
4.16
4.62
4.62
4.73
6.92
13.26
10.48
10.2
10.87
10.85
11.23
12.02
13.23
14.13
15.31
19.91
2.74
3.49
3.07
3.13
2.15
2.03
1.82
1.45
1.55
1.69
1
8.48
8.74
7.26
7.69
5.66
6.35
5.4
5.6
5.25
5.61
5.96
5.26
5.53
4.98
4.99
5.05
4.48
3.35
3.79
4.49
3.76
13.86
9.22
9.66
9.26
8.76
8.99
9.92
11.45
12.41
14.52
16.37
18.85
22.49
2.67
2.7
2.08
15.61
15.16
13.85
12.43
11.64
10.2
9.39
8.26
8.66
7.15
7.16
6.68
6.65
6.85
6.57
6.45
6.64
6.32
5.75
5.31
4.85
5.03
5.12
6.06
6.15
5.84
13.32
10.44
11.09
11.56
11.15
10.78
10.88
11.4
12.22
12.8
13.54
15.4
17.42
18.13
17.95
16.87
15.9
14.48
12.82
11.88
12.09
11.93
11.38
10.88
10.37
9.07
9.22
9.15
8.69
7.66
7.68
8.05
7.43
7.18
6.96
7.23
6.77
6.93
6.88
6.63
6.67
6.8
9.56
9.37
9.41
9.95
10.22
9.9
9.62
9.68
10.45
11.88
11.68
14.87
16
16.98
16.04
15.95
15.46
15.13
15.59
14.19
12.78
11.37
11.29
11.13
11.31
11.31
10.1
9.13
9.17
9.61
8.73
8.08
8.35
8.52
9.09
8.44
8.73
7.69
7.66
8.36
8.18
7.06
6.04
13.48
10.24
10.22
10.14
10.26
10.66
11
10.97
11.77
11.64
13.29
14.49
14.88
15.38
16.55
18.15
16.66
15.72
15.05
14.5
14.49
14.18
13.01
12.32
11.44
11.21
12.05
10.87
10.09
10.83
10.54
9.94
9.13
8.63
7.64
7.27
7.58
7.8
6.87
7.73
8.82
11.88
9.62
9.86
9.83
8.99
9.34
9.06
10.09
10.75
11.57
11.63
12.82
12.71
13
13.5
12.63
14.03
14.19
14.73
15.52
14.85
14.19
14.31
13.86
13.49
12.08
11.94
11.23
11.35
10.89
10.45
10.46
10.07
8.97
8.67
8.47
8.37
7.88
8.53
7.72
7.41
7.61
12.16
9.91
10.21
10.37
10.79
11.21
11.41
11.18
11.5
11.31
11.55
12.52
11.74
12.83
13.44
12.61
12.9
14.34
13.98
13.92
14.4
13.54
12.91
11.69
12.4
11.16
10.49
10.06
10.4
10.61
10.86
10.46
10.9
11.03
10.86
9.85
9.44
9.34
9.36
8.96
4.02
13.92
10.33
10.49
10.1
9.97
9.49
9.55
9.04
9.92
9.61
9.69
9.76
10.38
10.18
12.02
12.65
12.63
13.08
12.52
12.71
13.12
13.63
13.5
12.52
11.85
12.24
12.15
11.45
10.98
11.45
11.56
11.37
10.3
10.38
10.34
9.95
9.69
8.79
9.15
9.07
9.62
13.15
10.63
10.46
11.25
11.73
11.47
11.94
12.4
12.3
12.14
12.09
12.63
12.61
12.61
13.28
12.99
13.07
12.74
14.08
14.41
14.19
13.99
13.56
13.41
13.26
12.69
11.52
12.05
11.84
11.41
10.92
11.18
11.03
11.13
11.83
12.13
11.86
10.55
10.1
4.06
13.6
9.7
9.6
9.75
8.91
9.39
9.99
9.17
9.8
11.12
10.77
11.28
11.15
11.52
11.83
11.98
12.55
12.28
12.19
11.7
11.99
11.64
12.53
12.32
12.94
13.38
13.04
12.55
12.25
12.45
11.5
10.66
10.83
11.68
12.11
12.68
12.16
11.33
11.67
9.03
13.23
10.85
10.91
11.02
10.86
10.22
10.05
10.59
10.39
10.81
11.02
11.51
11.39
11.94
12.35
12.72
13.81
13.4
13.99
13.5
14.61
13.48
13.22
12.97
13.19
12.73
12.31
12.19
12.4
12.31
11.83
11.12
11.41
12.12
12.06
12.29
12.35
11.66
3.72
12.22
10
9.93
10
9.78
9.77
9.81
10.25
10.33
10.78
11.14
10.74
11
11.04
11.21
10.6
10.98
11.17
11.81
12.22
11.64
12.01
12.2
12.5
12.77
14.27
14.55
13.89
12.21
12.22
13.33
14.49
14.02
12.99
12.35
11.46
11.68
11.66
8.05
13.82
10.65
10.92
10.93
11.14
10.98
11.02
10.94
10.48
11.34
10.86
10.71
11.68
11.16
11.9
12.88
12.11
11.02
11.56
11.42
11.61
12.24
12.48
12.65
12.31
12.01
12.19
11.96
11.1
11.53
11.85
12.44
12.48
12.7
12.03
11.52
11.6
8.65
11.8
8.89
8.8
9.12
9.19
9.01
8.93
8.96
9.43
10.25
10.27
10.71
10.83
11.38
12.03
12.24
11.54
11.41
11.2
11.42
12.11
11.88
12.07
11.98
12.49
13.04
14.45
14.29
12.48
11.78
12.31
12.26
12.33
13.41
13.56
12.76
3.83
11.55
10.03
10.21
10.2
10.63
10.5
10.84
11.05
10.77
11.39
11.44
12.08
12.14
11.39
11.79
11.76
11.45
11.78
11.91
11.95
11.65
12.84
12.53
12.64
12.53
12.53
12.26
12.36
12.47
12.24
11.41
12.15
12.44
11.97
11.05
11.63
6.34
11.99
10.08
9.96
9.75
9.85
9.46
10.21
10.23
9.88
10.08
9.56
10.17
9.83
10.48
10.58
10.78
10.85
10.92
11.18
10.83
11.69
11.52
11.36
11.79
11.91
11.73
11.57
11.91
11.85
12.3
11.9
11.39
11.05
11.19
10.52
7.63
12.63
10.06
10.13
10.3
9.99
10.58
11.07
11.59
11.09
11.47
11.2
10.81
11.13
11.59
12.26
12.29
11.78
10.65
10.78
10.29
11.37
11.15
11.41
11.97
12.66
13.2
12.07
11.97
12.49
12.85
12.76
12.08
11.93
11.61
8.35
13.13
10.18
10.06
10.26
10.55
10.26
10.74
10.73
10.22
10.46
10.44
10.51
10.5
10.51
10.99
10.72
11.2
11.09
12.36
12.05
11.75
12.12
11.91
12.28
12.24
12.36
11.78
11.22
11.3
11.16
10.94
10.76
11.3
7.71
12.72
9.87
10.22
9.82
9.56
9.88
10.35
10.75
10.63
10.79
10.58
10.69
10.52
11.01
11.02
11.03
11.68
11.14
11.97
11.41
11.52
11.14
10.78
10.77
11.17
11.75
12.02
12.12
11.65
12.08
12.11
11.81
7.69
12.45
10.33
10.73
10.54
10.67
9.97
9.77
9.9
9.83
9.7
9.86
10.1
10.21
9.94
10.16
10.08
10.99
10.63
11.53
11.37
11.29
11.78
11.88
11.13
11.19
11.75
12.54
12.63
12.76
11.96
11.47
7.25
11.53
13.32
10.12
10.14
10.48
10.56
10.52
10.99
10.63
10.84
11.06
10.84
10.74
10.58
9.34
9.49
9.23
9.21
10.01
10.67
11.39
11.4
11.5
11.48
11.26
11.08
11.3
11.51
12.17
11.87
3.99
11.68
14.77
10.34
10.46
10.56
10.18
9.99
10.31
10.35
10.1
10.01
10.5
10.67
11.43
10.97
10.49
10.9
11.29
11
10.5
9.99
9.92
10.08
10.4
10.94
10.96
11.16
11.36
11.66
8.04
11.97
12.26
9.65
9.9
9.9
9.99
9.74
9.63
10.46
10.35
10.46
10.66
10.65
10.7
10.87
11.24
11.5
11.85
11.64
11.68
11.54
10.65
10.87
11.06
11.3
10.89
10.36
3.66
9.96
12.16
9.84
9.67
9.76
10.16
10.01
10.07
10.33
10.27
10.21
10.42
10.92
10.82
10.51
10.38
9.99
9.96
10.18
10.12
10.24
10.21
10.02
10.33
10.92
10.66
5.43
10
12.06
12.04
9.77
9.44
9.86
9.56
9.44
9.58
9.08
9.23
8.99
8.92
9.26
9.31
9.6
9.54
10
11.02
11.56
11.19
10.87
10.62
13.81
3.49
8.9
12.8
13.99
13.06
9.84
9.93
9.54
9.31
9.76
9.97
9.42
9.34
9.37
9.65
9.76
9.67
10.14
9.91
12.45
12.21
10.5
6.91
3.48
8.54
11.31
14.05
14.88
13.24
12.99
10.96
10.98
10.07
10.17
13.36
13.27
13.76
11.27
9.34
6.13
2.3
3.82
5.79
6.59
7.29
7
6.88
5.04
2.77
5.27
12.18
10.01
9.69
9.81
9.88
10.46
10.94
12
15.89
2.24
6.62
0.001
0.06
0.28
0.9
1.12
0.42
0.86
1.11
1.64
1.82
1.42
1.48
1.62
1.76
2.05
4.76
13.85
10.44
10.67
11.02
11.22
11.32
12.8
13.36
16.7
3.41
6.39
0.001
0.04
0.42
0.64
0.92
0.79
1.16
1.12
1.32
1.7
2.17
2.03
1.78
2.38
2.99
4.14
13.85
9.89
10.12
10
9.91
10.44
10.37
11.67
13.11
2.14
5.45
0.001
0.06
0.83
1.2
1.5
0.92
1.48
1.77
1.11
1.7
2.27
2.32
2.15
2.6
2.92
2.89
13.42
9.36
9.39
10.04
10.66
10.65
11.17
12.44
15.84
20.25
4.21
11.34
0.17
0.07
1.56
1.27
1.55
1.8
1.73
2.4
2.51
2.29
1.7
1.81
2.2
2.15
2.25
11.86
10.02
9.85
10.29
10.31
10.94
11.03
10.96
12.19
16.52
3.36
8.69
0.04
0.13
2.33
1.53
1.82
1.52
1.49
1.96
2.86
2.95
2.47
2.12
2.7
3
2.53
2.63
12.58
9.71
9.9
10.04
10.54
10.42
11.15
11.91
13.17
14.77
21.71
4.11
6.41
2.22
1.79
0.5
0.23
0.41
0.25
2.97
2.44
2.25
3.35
3.6
2.75
2.42
3.04
4.03
3.37
3.1
3.73
3.83
3.33
11.27
10.37
10.34
10.43
10.23
10.68
11.07
11.36
13.41
15.82
20.39
3.41
4.67
4.41
5.54
5.15
3.79
2.18
1.28
1.12
1.71
1.56
1.54
1.41
1.38
0.48
0.53
4.87
4.76
3.82
4.03
4.1
4.46
3.53
3.26
3.05
3.69
3.83
3.69
3.27
3.41
4.12
3.99
8.87
9.91
9.88
9.37
9.47
8.97
8.92
9.82
11.7
12.52
14.69
16.22
2.81
3.29
2.98
2.21
2.47
2.27
2.13
1.55
1.95
1.32
1.48
1.51
9.53
7.36
6.89
6.42
6.22
6.26
5.32
5.58
5.33
5.69
6.46
6.73
5.29
4.91
4.25
4.44
4.35
4.1
4.43
5.24
12.55
9.36
9.68
9.99
9.93
10.03
10.36
10.32
12.08
14.5
15.4
16.75
18.86
19.28
15.8
18.11
18.54
15.7
15.5
12.65
13.15
11.64
10.31
9.86
9.01
8.36
7.41
6.45
6.01
6.46
6.43
6.39
6.03
6.07
6.03
6.2
6.24
6.52
5.73
5.61
5.39
5.33
12.39
10.54
10.27
10.83
11.3
11.94
11.93
12.46
12.78
14.26
14.51
15.47
17.79
17.71
18.77
17.24
16.5
16.48
15.28
15.09
12.39
13.36
11.74
12.85
10.61
9.32
9.11
7.9
7.8
7.24
6.78
6.85
6.14
5.93
5.91
6.07
6.35
6.51
7.27
6.81
6.3
5.72
12.49
10
10.23
9.95
9.85
9.68
9.64
9.38
11.46
12.11
13.24
12.84
14.52
15.25
17.17
16.46
14.11
12.33
13.31
12.68
12.48
11.91
11.95
11.4
11.32
9.29
8.54
7.96
8.38
8.68
8.69
8.12
7.98
7.86
7.94
8.34
7.75
7.27
6.88
6.85
6.38
6.49
7.62
12.3
9.69
9.31
9.8
9.77
9.48
9.6
10.11
10.57
10.94
12.37
13.02
13.87
15.48
16.04
15.34
13.75
14.28
14.2
13.77
13.25
13.49
12.87
12.14
11.59
11.23
10.22
10.1
9.71
8.6
8.57
8.44
8.51
8.21
8.1
8.5
8.86
8.99
8.75
8.49
8.1
3.76
14.63
9.95
10.25
10.87
10.59
10.69
10.66
11.04
11.12
10.98
12.51
13.11
14.38
13.8
13.4
14.02
14.45
14.41
14.51
15.2
13.29
12.39
12.51
11.93
12.28
12.41
12.28
12.43
12.12
12.29
11.98
11.65
10.31
9.06
9.34
9.26
8.87
8.92
8.7
8.84
8.64
11.37
9.69
9.69
9.89
10.08
10.18
10.44
10.83
11.26
11.78
13.55
13.51
13.29
13.56
13.68
13.89
13.32
13.14
12.62
12.3
12.37
11.26
10.52
10.92
11.15
11.27
11.6
11.35
11.51
11.18
11.9
12.2
12.04
11.1
10.09
9.58
9.24
9.51
9.4
9
8.28
6.6
12.98
9.12
9.94
10.22
10.38
10.88
10.52
10.24
10.95
11.67
12.33
11.94
12.46
12.85
13.93
12.77
12.81
12.93
13.23
14.06
14.49
14.6
13.1
12.33
11.97
11.83
11.92
11.63
11.91
10.95
10.82
10.71
11.05
9.57
9.43
9.42
9.32
9.37
10.23
10.5
11.14
11.15
10.97
11.4
11
10.93
10.95
10.98
11.21
12.13
13.22
13.72
13.39
13.14
13.74
14.46
14.6
13.93
14.67
13.61
13.67
13.63
13.23
13.15
12.98
13.89
13.98
14.26
13.92
12.79
13.22
13.28
12.53
11.79
11.62
11.61
10.91
10.57
9.96
9.67
8.04
13.08
9.46
9.67
9.28
9.53
9.19
9.41
9.74
9.69
10.56
11
11.95
12.21
12.07
12.1
13.21
13.44
13.52
13.63
14.19
13.69
14.21
14.04
14.22
14.57
13.29
13.1
13.02
12.82
12.53
12.8
12.27
11.79
12.22
11.97
12.03
12.54
12.28
12.22
10.38
9.59
9.86
9.96
9.86
9.78
9.75
9.64
9.42
10.43
10.78
10.39
10.05
10.21
10.09
11.08
10.99
11.32
11.5
11.9
12.14
12.1
12.73
13.84
13.81
14
14.28
13.62
13.39
11.98
12.32
11.7
12.15
12.03
11.01
11.18
11.81
11.96
11.5
7.74
12.97
9.73
9.76
9.65
9.85
10.13
9.98
10.46
10.16
10.27
10.84
10.82
11.92
11.74
11.56
11.71
12.15
13
12.85
12.49
13.03
12.45
11.65
12.11
11.91
11.79
12.37
12.34
12.59
12.99
12.6
12.18
11.16
11.45
11.71
11.4
10.96
11.77
9.31
9.08
9.5
9.55
9.76
9.72
9.97
9.93
10.67
11.28
11.17
11.11
10.54
10.67
11.51
12.21
12.46
12.2
11.76
12.08
12.29
13.19
13.73
13.39
13.51
13.3
12.43
12.83
13.69
14.02
13.19
12.91
13.48
14.13
14.08
13.83
13.76
12.87
6.81
11.91
9.22
9.7
10.02
10.09
10.07
10.76
11.44
11.15
11.1
11.85
12.35
11.87
11.68
11.18
11.06
12.87
13.01
13.16
12.99
11.73
11.09
11.8
11.75
11.82
12.51
13.27
12.4
12.23
12.29
12.05
12
11.98
12.42
12.96
12.63
12.54
8.26
12.83
9.84
9.77
9.56
10.3
10.34
10.13
10.34
10.56
10.95
10.03
10.23
10.73
11.3
11.63
11.73
12.22
11.84
11.83
11.64
10.65
10.49
10.62
10.68
11.04
11.67
11.02
11.1
12.1
12.37
12.38
12.26
12.85
12.6
13.42
12.85
9.22
12.93
9.81
10
9.88
9.77
10.05
9.47
9.73
9.46
9.67
9.22
9.34
10.24
10.3
10.52
11.06
11.21
11.39
11.57
11.9
11.74
11.44
11.18
11
10.97
11.78
12
11.99
12.59
13.02
13.15
13.25
13.46
13.15
13.61
4.81
12.1
10.14
10.02
9.79
9.53
9.65
9.62
9.62
9.91
9.9
9.78
10.25
9.96
10.26
10.92
11.02
10.38
10.02
10.51
10.67
10.24
10.68
11.88
11.86
11.18
10.42
11.11
11.61
10.88
11.24
10.8
10.82
11.21
11.19
11.93
6.53
11.21
9.37
9.35
9.86
9.84
9.92
9.79
9.74
9.54
9.6
9.77
10.33
10.13
9.71
10.75
10.27
9.82
9.76
10.02
9.79
9.9
10.32
9.8
10.83
11.54
11.32
10.7
10.29
10.52
10.48
10.9
10.83
10.92
11.92
6.96
12.04
10.32
9.97
9.76
10.01
10.22
10.07
10.4
10.45
10.64
10.56
11.28
11.91
11.81
12.14
11.64
11.39
11.12
10.88
10.79
11.02
10.91
11.07
11
11.94
12.4
12.72
13.59
13.49
13.28
13.86
13.5
12.94
6.79
11.38
9.4
9.88
9.86
9.87
10.48
10.54
10.58
10.74
10.35
10.03
9.68
9.63
9.68
10.08
9.52
9.52
10
10.02
10.44
9.96
10.72
10.7
10.1
9.52
10.52
10.83
10.94
11.29
11.36
11.09
11.27
6.89
11.43
12.25
9.16
9.31
9.29
10.35
10.54
9.91
10
9.55
9.61
9.67
9.87
10.13
10.57
10.55
11.24
11.71
11.85
11.88
11.89
12.64
12.87
12.66
12.03
11.86
11.72
12.17
12.22
11.79
11.91
4.7
10.21
14.28
9.84
9.52
9.18
9.27
9.96
10.36
10.07
10.13
10.27
10.18
10.55
11.25
11.65
11.19
11.32
10.84
10.09
10.45
10.67
12.1
12.01
11.71
11.82
11.94
11.94
11.92
11.44
11.15
8.71
13.15
10.24
10.16
10.04
10.03
9.68
9.53
9.62
9.74
10.06
9.98
9.93
9.76
10.07
10.15
10.35
10.09
9.96
10.4
10.19
10.74
10.67
11.62
11.38
11.16
10.08
9.95
9.98
6.64
10.14
14.01
9.8
9.93
9.53
9.27
9.69
9.58
9.24
8.42
8.5
9.15
9.43
9.52
9.16
9.76
10.41
10.64
10.47
10.82
11.06
11.1
10.72
11.48
11.52
11.42
11.79
8.09
11.92
12.14
10
9.81
10.28
10.64
10.68
10.64
10.19
10.2
10.77
10.38
10.7
10.78
11.18
11.38
11.62
11.62
11.12
11.6
11.34
11.04
10.68
10.65
10.73
4.1
10.07
11.35
13.75
10.98
10.95
10.63
10.36
10.88
10.37
10.3
10.53
10.72
10.99
10.55
10.4
10.5
11.44
11.37
10.64
10.04
9.73
9.77
13.87
10.24
6.51
10.73
11.26
13.19
9.77
10.17
10.25
9.96
9.77
10.34
10.45
10.91
10.74
10.28
10.29
10.65
10.89
15.48
14.8
14.05
9.23
3.67
5.64
8.81
11.03
12.12
12.82
13.4
12.82
13.58
13.35
13.14
13.06
13.38
13.04
11.85
8.58
4.06
3.14
4.77
5.08
4.67
4.24
2.96
2.69
14.55
9.73
10.23
10.52
10.34
10.4
10.15
10.73
12.91
19.26
3.84
7.09
6
1.97
0.001
0.04
1
1.35
1.27
1.59
1.25
1.44
1.98
2.05
1.78
2.33
1.94
2.24
2.76
2.75
11.63
9.86
9.45
9.98
10.12
9.95
10.21
10.61
12.71
18.12
3.52
7.46
6.97
3.54
0.51
0.001
0.58
0.96
1.12
1.36
1.49
1.47
1.78
2.46
2.64
2.37
1.92
2.19
2.14
2.78
13.01
10.06
10.15
9.45
9.21
9.98
10.27
11.86
14.07
17.09
3.06
6.08
6.38
4.21
2.8
0.001
0.14
1
1.03
1.54
2.4
2.45
2.17
2.21
2.28
1.89
1.42
2.36
2.4
3.18
2.77
13.39
10.14
9.97
10.34
10.56
9.95
10.11
12.19
12.27
15.72
24.74
3.39
4.34
4.69
3.8
1.32
0.001
0.28
1.8
1.87
1.76
2.26
2.92
2.78
2.57
2.22
2.41
2.77
2.91
2.74
2.47
2.51
12.16
9.2
8.98
9.36
9.74
10.3
10.67
10.41
11.63
13.44
19.91
4.35
3.72
3.53
5.16
5.07
3.19
2.73
0.37
0.26
0.11
2.87
2.84
3.64
3.71
3.8
4.08
2.7
3.22
3.05
3.04
2.43
2.82
3.8
3.15
10.9
10
10.13
10.09
10.22
10.73
11.6
11.21
12.86
13.58
17.21
20.58
3.86
2.61
2.74
3.38
3.01
4.23
3.1
2.84
2.08
1.9
1.18
1.28
1.52
1.24
0.55
0.58
5.06
4.43
5.09
5.08
4.82
4.43
3.79
4.37
3.98
4.35
4.66
4.43
4.33
3.83
3.55
9.3
10.23
9.87
10.04
10.01
10.22
10.23
10.89
12.23
12.7
16.55
18.63
17.7
3.13
2.79
2.54
2.53
2.64
3.4
1.92
2.29
1.15
1.39
1.27
1.42
8.65
7.53
6.97
6.45
6.38
5.44
5.85
6.01
6.22
5.51
5.64
5.02
4.9
4.87
4.67
4.99
4.69
4.38
6.65
12.46
9.67
9.84
9.97
10.68
11.01
12.06
12.6
13.43
14.64
15.42
17.11
17.98
18.18
20.14
19.94
17.82
17.94
16
13.61
15.33
14.81
12.66
11.28
10.52
8.13
8.03
7.97
7.09
6.2
6.4
6.23
6.01
6.44
5.98
6.12
6.06
6.31
6.18
5.59
5.5
5.32
3.56
14.51
9.67
9.68
9.73
9.35
10.2
10.62
11.28
11.32
12.95
14.63
15.38
18.39
17.6
17.35
16.88
18.22
17.23
18.53
15.5
13.96
12.79
11.82
11.69
10.4
10.65
9.38
7.95
7.45
7.64
6.76
6.87
7.48
7.37
6.86
6.38
6.16
6.03
6.63
6.74
6.47
5.77
11.67
9.43
9.84
9.12
9.91
10.19
10.24
10.57
11.27
11.81
11.66
15.01
14.29
15.95
16.09
16.42
16.19
14.58
13.82
12.95
13.03
12.34
12.85
12.33
10.86
9.99
8.77
8.6
8.11
8.4
8.07
7.34
7.46
7.02
7.42
6.94
6.06
5.85
5.7
6.06
5.72
5.78
9.66
9.92
10.1
10.01
9.86
10.82
10.42
10.31
10.78
11.37
11.47
13.46
14.03
14.13
14.49
14.06
16.43
15.17
13.46
14.12
13.74
13.25
12.65
11.74
11.33
11.47
11.53
10.59
10.52
9.49
9.14
9.2
9.11
8.68
7.77
7.69
7.76
7.53
7.9
7.84
8.06
7.79
5.78
13.49
9.52
10.38
10.5
10.55
10.46
10.86
11.27
10.53
10.95
12.05
13.18
13.9
13.58
14.03
13.91
14.76
15.46
14.99
12.92
13.32
12.93
12.7
12.52
12.94
12.47
12.36
10.95
11.18
10.36
10.91
10.95
11.21
10.26
9.35
9.01
9.46
10.45
10.26
9.48
8.96
11.45
10.45
10.5
9.8
9.63
9.32
9.34
10.05
9.49
9.39
9.81
10.74
11.33
11.78
12.36
12.84
13.56
13.78
14.12
13.61
12.89
12.8
12.15
13.75
13.65
13.03
12.68
12.7
12.58
11.88
11.24
10.88
11.27
11.05
10.8
10.38
9.94
8.93
8.74
9.43
9.25
9.68
12.86
9.68
9.54
9.64
9.7
9.69
9.69
9.92
9.83
10.07
10.88
12.25
11.57
12.35
13.05
13.92
13.65
13.82
14.06
14.29
13.48
13.31
12.8
12.48
12.44
12.73
12.69
12.14
11.87
11.99
11.41
11.15
10.6
10.6
10.11
10.03
9.4
9.05
9.5
9.29
4.98
15.24
10.58
10.09
10.03
10.21
9.92
9.86
10.12
10.14
10.12
10.87
12.12
11.88
12.9
13.29
13.45
13.81
12.91
12.83
12.98
11.48
11.2
11.55
11.59
11.25
11.58
12.41
13.08
13.29
12.9
11.92
12.04
11.68
11.13
10.72
9.74
9.22
8.93
9.37
10.01
10.59
10.21
9.57
9.45
9.91
9.9
9.79
10.33
10.96
10.97
11.41
11.07
11.57
11.94
11.94
11.87
12.61
13.96
14.05
14.59
13.81
13.28
13.24
14
12.79
12.4
12.18
12.34
11.86
12.55
12.79
12.35
11.63
11.52
11.24
11.2
10.59
10.19
9.82
9.95
6.56
13.68
10.39
10.33
10.57
10.48
10.28
10.28
10.3
10.89
11.39
11.94
12.3
12.38
12.93
12.9
13.7
12.76
14.02
13.06
13.26
13.51
14.1
14.52
13.7
13.26
12.88
12
12.08
12.21
12.05
11.68
11.18
11.15
10.99
10.52
11.03
10.23
10.36
10.48
10.8
10.15
10.32
9.89
9.69
9.74
10.57
10.95
10.74
10.8
11.44
11.13
11.02
10.98
11.7
11.96
12.22
12.15
12.34
11.93
12.4
12.9
13.3
13.66
12.76
12.49
13.16
13.18
12.8
12.44
12.17
11.43
10.78
11.18
11.06
10.26
10.79
11.09
11.4
6.24
12.85
10.2
10.32
10.26
10.53
10.57
10.28
10.21
10.31
10.19
10.39
10.98
10.73
11.46
10.91
11.88
11.03
11.25
12.59
12.87
13.24
14.33
13.92
13.15
12.99
12.93
12.52
12.46
11.55
11.47
12.42
12.6
12.63
12.04
11.56
11.08
11.17
11.47
9.1
12.81
10.01
10.05
9.6
9.6
10.29
10.67
11.2
11.69
11.01
12.02
11.79
11.99
11.45
11.23
11.56
11.34
12.46
12.73
12.52
13.31
14.21
14.62
14.26
13.97
14.23
13.26
13.83
13.93
12.88
12.09
11.96
11.72
11.64
12.01
12.5
12.59
4.31
12.64
10.27
10.39
10.59
10.72
9.99
9.89
9.75
10.68
10.12
9.9
10.22
11.17
11.51
10.96
10.94
11.15
11.82
12.42
11.83
11.69
12.07
12.44
12.11
12.85
12.59
12.24
12.22
12.28
12.58
13.16
13.38
13.38
13.18
13.07
13.38
13.47
7.23
12.47
9.42
9.83
10.37
9.76
9.82
9.88
9.78
9.97
10.16
10.51
10.65
10.76
11.57
11.74
11.81
11.32
11.3
11.24
11.79
11.65
10.37
10.43
10.4
10.85
12.05
12.36
12.39
11.33
10.52
10.93
11.78
11.35
10.61
10.54
11.07
8.48
13.5
9.86
9.99
10.29
10.11
10
10.23
9.75
9.73
10.09
10.28
10.17
10.45
10.38
11.74
11.93
11.82
11.98
11.76
11.41
12.34
12.78
12.43
13.43
13.46
13.58
13.86
13.1
12.8
13.23
12.36
11.57
11.03
10.83
10.34
8.44
12.37
9.41
9.58
9.86
10.11
10.22
10.66
10.94
11.2
11.5
11.16
10.67
10.43
10.49
10.57
10.92
10.77
10.66
10.98
10.96
11.38
11.49
11.69
12.17
11.37
10.64
10.67
11.24
10.8
11.76
11.77
11.15
10.86
11.1
4.83
11.18
12.83
9.78
9.7
9.71
9.86
10.44
10.35
10.08
10.05
10.05
9.29
9.74
10.32
10.04
9.41
10.07
10.17
10.29
10.82
10.96
10.95
11.79
11.43
11.25
11.73
11.28
11.91
12.31
11.99
11.17
11.43
11.87
11.37
5.17
11
13.49
10.35
10.15
10.59
10.37
9.94
10.05
9.99
9.69
9.99
9.83
9.75
10.09
10.09
10.21
10.07
9.57
9.93
10.64
10.17
11
11.12
11.12
11.57
11.95
11.22
10.69
10.53
10.3
10.26
11.06
11.91
5.44
11.06
12.64
10
10.05
10.48
10.41
10.33
9.92
10.1
10.09
9.67
9.8
9.49
9.78
9.93
10.53
10.36
10.17
10.03
10.18
10.79
11.1
10.63
10.79
11.23
11.1
11.07
11.33
11.42
12.1
12.13
12.2
4.75
10.55
14.61
10.2
9.83
9.65
9.79
10.24
10.01
10.17
10.25
10.48
11
11.08
11.06
11.21
10.98
10.7
10.93
11.08
11.82
11.92
11.4
11.23
10.97
10.8
11.32
11.58
11.45
10.93
11.29
11.69
8.99
13.21
10.6
10.89
10.78
10.33
10.21
10.08
10.72
10.63
10.89
10.72
10.64
10.74
9.83
9.56
9.62
9.79
9.74
10.59
10.75
10.76
11.21
11.89
12.15
11.76
11.99
12.24
11.72
12.23
7.59
12.02
11.69
8.97
9.21
9.67
9.94
9.95
10.01
9.62
9.68
9.79
10.21
10.64
10.67
10.59
10.31
9.87
9.37
9.27
9.47
10.14
10.22
9.63
10.4
10.68
10.3
10.41
10.26
4.61
10.94
13.75
10.84
10.51
10.65
10.98
10.56
10.62
10.17
10.34
10.21
10.45
11
10.56
10.33
9.97
9.97
9.95
9.44
9.42
9.58
9.66
9.87
10.24
11.5
11.51
11.48
7
10.29
13.01
10.37
10.19
10.41
10.29
10.29
10.27
10.67
10.67
10.75
10.63
11.13
10.97
10.58
10.41
10.32
10.36
10.39
10.15
10.53
10.4
10.69
11.06
11.5
6.31
11.51
13.22
12.08
9.7
9.66
9.76
9.64
9.72
9.91
10.29
10.13
9.97
9.53
9.52
9.66
9.54
9.79
9.65
9.89
10.55
10.63
13.51
12.27
4.15
9.04
12.34
12.91
12.33
10.89
10.85
10.83
10.74
10.92
11.66
11.42
11.48
11.9
11.86
11.31
14.06
11.86
12.79
10.27
5.92
3.72
7.2
9.1
10.87
12.99
12.96
12.77
13.74
13.48
12.97
12.77
11.29
9.92
7.74
4.41
12.19
9.83
10.16
10.48
10.9
10.5
11.67
12.1
13.99
16.64
18.97
3.1
3.3
2.83
2.84
5.34
7.15
4.2
0.14
0.13
1.87
2.12
1.72
2.5
2.6
2.12
2.2
2.45
2.79
2.9
2.85
2.57
2.47
3
2.9
12.6
10.65
11.11
10.3
9.9
9.85
10.44
11.81
12.81
15.07
16.79
2.86
3.14
3.19
3.11
3.34
4.8
5.18
2.63
0.02
0.001
1.58
1.9
2.26
2.36
2.82
2.32
2.38
2.6
2.87
2.88
2.98
3.11
3.52
3.7
3.8
11.8
10.05
9.92
10.26
10.31
10.12
10.91
11.42
13.79
14.95
17.94
2.98
3.36
3.51
3.83
2.89
5.31
3.63
3.69
1.07
0.001
0.24
2.79
2.64
2.5
2.69
2.75
3.14
3.44
3.06
3.22
2.78
2.86
2.59
3.24
3.27
3.38
10.7
9.79
10.25
9.84
10.25
10.71
10.92
10.91
13.17
13.71
16.98
19.82
3.28
2.51
3
2.92
2.94
2.98
4.09
4.92
1.71
1.6
0.14
0.44
4.09
3.73
3.25
3.23
3.17
2.76
3.15
2.83
2.72
3
2.59
2.68
3.54
3.66
4.01
10.12
9.92
10.22
10.42
10.41
10.43
10.7
10.98
11.41
12.36
16.46
19.29
18.25
19
2.37
2.24
1.97
2.46
3.03
1.57
3.22
3.77
2.7
1.88
1.53
1.02
1.3
0.75
5.21
5.19
5.41
5
4.66
4.81
3.96
4.04
4.69
4.74
4.38
4.15
3.24
3.51
3.99
8.39
9.24
9.36
9.88
10.17
10.24
10.91
10.45
11.49
11.93
14.76
15.6
17.63
17.71
19.25
21.15
2.97
2.03
1.82
1.87
2.06
2.28
2.02
2.02
1.63
1.18
0.93
8.93
7.64
6.59
6.09
5.85
5.2
5.22
5.13
4.99
4.7
4.97
4.48
4.56
4.97
4.96
5.05
6.56
12.53
10.42
10.18
10.08
10.02
10.49
10.85
11.61
12.68
13.73
15.77
17.96
18.94
19.43
18.37
19.08
18.32
16.94
17.06
15.06
15.31
16.3
14.09
11.66
10.81
9.42
8.71
7.52
8.11
7.83
7.32
5.48
5.61
5.98
5.77
5.42
5.06
5.12
4.82
4.87
5.04
4.79
3.65
13.22
9.53
9.9
9.85
10.14
10.81
10.98
10.67
12.14
11.6
12.51
14.51
15.01
15.75
16.46
16.48
15.49
15.8
14.04
16.43
16.02
14.42
14.89
14.19
11.87
10.44
8.63
9.03
7.92
7.32
7.53
7.8
7.06
6.95
6.14
5.75
5.49
5.88
6.08
5.85
4.98
4.96
10.87
9.67
10
9.83
9.83
9.44
9.28
10.34
10.86
11.86
12.19
14.95
15.15
16.02
15.53
15.78
17.14
16.6
16.06
15
14.34
14.02
13.31
12.65
11.51
10.89
10.42
9.77
8.8
8.47
8.5
8.68
8.58
8.59
8.35
8.67
7.72
6.95
5.83
6.12
6.07
5.84
10.89
10.14
10.31
10.34
10.65
10.2
10.78
10.86
11.15
11.59
12.19
13.64
13.63
15.79
15.75
14.89
15.15
16.79
15.01
14.29
13.16
13.03
13.41
13.06
12.61
11.43
10.61
10.02
10.03
9.43
9.09
9.25
9.23
8.55
8.07
8.04
7.31
6.9
6.52
6.09
5.99
6.65
6.78
12.27
10.01
10.32
10.48
10.83
10.4
10.25
10.93
10.54
11.14
11.89
12.69
13.16
14.15
14.97
15.55
14.62
14.33
13.37
13.83
13.71
13.2
13.85
13.24
12.63
12.61
12.23
11.38
10.66
10.57
9.98
9.63
9.84
9.77
9.55
8.85
8.63
8.8
9.19
9.21
8.87
3.81
13.73
10.05
10.14
10.54
10.47
10.11
10.32
10.57
10.54
11.2
10.95
11.82
13.29
13.07
14.66
15.09
14.33
14.47
14
13.07
12.15
12.35
13.12
13.25
12.03
10.88
11.46
12.07
11.77
11.66
10.56
9.97
10.03
10.13
10.13
9.55
9.44
9.79
9.38
9.19
9.49
10.85
9.98
9.97
10.08
10.32
10.5
10.97
10.82
10.3
10.89
11.56
11.72
12.8
11.89
11.51
11.59
11.97
12.4
12.95
12.64
12.82
12.8
12.07
12.1
13.09
12.14
11.01
10.8
10.73
10.71
10.37
9.65
9.72
9.49
9.46
10.66
10.42
9.34
9.52
9.25
8.5
6.86
13.25
10.15
9.85
9.59
9.84
10.54
10.42
10.23
10.34
10.11
10.86
12.2
12.04
11.74
11.81
12.26
12.82
12.68
13.8
13.37
12.87
13.58
13.6
12.76
12.23
12.13
12.03
10.95
11.23
10.92
10.65
10.62
9.53
9.77
9.12
8.91
8.82
8.69
8.39
8.82
10.57
9.54
9.46
9.59
9.69
9.97
10.46
10.67
11.26
10.95
11.62
11.98
12.29
12.56
12.8
12.3
12.21
12.88
12.21
13.67
13.35
13.13
12.33
12.58
12.07
11.71
12.58
12.57
11.85
11.94
12.25
12.15
12.29
11.03
10.67
10.32
10.69
10.86
10.59
10.66
9.01
13.33
10.3
10.75
10.2
10.23
10.2
10.22
9.16
9.65
10.02
10.62
10.12
10.39
11.84
11.57
11.17
11.72
12.8
12.08
13.02
13.06
13
12.92
12.41
12.36
12.05
12.23
12.26
11.96
11.47
11.93
12.75
13.52
13.52
13.26
13.45
12.62
12.08
11.12
4.52
13.41
11.02
10.92
10.76
10.68
10.74
10.79
10.68
10.73
10.61
11.08
11.01
11.02
10.82
10.65
10.69
11.79
12.07
12.25
12.93
13.4
11.86
12.12
12.56
12.68
12.16
12.1
11.96
12.13
11.72
11.42
10.99
10.06
9.65
9.44
9.74
10.12
10.5
10.97
8.57
11.44
8.89
9.07
8.9
8.68
8.91
8.86
8.73
8.98
10.18
9.83
10.14
9.87
10.11
10.15
10.61
11.63
11.43
11.56
12.43
13.79
12.85
12.83
13.89
13.67
13.86
12.79
12.02
11.53
12.11
12.18
12.86
11.96
12.85
13.02
11.98
11.54
11.43
3.64
12.08
9.42
9.73
9.49
9.61
10.1
10.51
10.63
10.77
10.47
10.43
10.84
11.02
11.43
11.37
11.23
11.4
11.24
11.91
13.07
12.73
12.66
12.38
12.65
12.57
12.05
12.24
11.61
11.62
11.28
11.98
12.87
13.1
12.49
13.15
13.53
12.74
12.48
7.62
12.81
9.45
9.5
9.16
9.23
9.14
9.17
9.72
10.34
11.16
11.3
11.57
12.07
11.55
12.04
11.73
11.63
11.1
11.24
11.69
12.13
12.78
12.94
13.2
12.44
11.85
12.08
12.16
12.13
12.2
11.56
11.5
12.07
11.9
12.38
12.03
12.27
8.68
12.89
9.56
9.93
10.18
10.42
10.03
9.96
10.16
9.6
9.5
10.02
10.57
11.22
11.2
11.17
10.58
11.27
11.1
11.24
11.14
11.42
12.05
12.14
12.26
12.49
13.18
12.5
11.69
10.95
11.47
11.66
11.1
11.05
11.9
11.74
11.97
4.57
12.29
9.95
10.04
10.08
9.66
10.19
10.78
10.98
11.25
11.04
11.55
11.56
11.89
11.56
11.08
10.98
10.44
10.81
11.32
10.8
10.49
10.34
10.68
10.8
11.04
11.18
11.32
11.26
11.63
12.01
12.21
12.43
12.46
12.64
12.45
12.5
7.08
12.57
9.43
9.28
9.23
9.43
9.63
9.76
9.58
9.67
9.83
10.24
10.49
10.34
10.64
10.51
10.81
11.33
11.26
11.81
12.97
12.25
11.62
11.42
10.83
12.22
12.09
12.23
12.85
12.32
11.35
11.28
12.04
11.93
11.57
11.77
8.22
13.2
10.52
10.5
11
10.85
10.52
10.56
10.66
10.29
10.83
11.72
11.53
11.17
10.99
10.85
11.37
10.91
11.26
10.98
10.87
11.1
11.06
10.41
10.04
10.83
11.18
11.36
10.84
11.2
11.51
11.27
11.46
12.28
11.44
8.56
13.3
9.83
9.75
9.75
9.46
9.68
9.24
9.66
9.68
9.47
9.07
8.88
8.61
8.69
8.64
9.24
9.76
10.11
9.99
10.12
9.92
10.28
10.23
10.13
10.56
9.8
9.3
9.31
10.57
11.46
11.36
10.53
10.61
9.06
13.2
9.67
9.19
9.19
9.38
9.6
9.6
9.63
9.88
10.46
10.03
9.84
10.02
10.46
10.53
10.79
10.11
10.09
10.04
10.32
9.89
10.24
10.54
11.1
11.26
11.43
11.02
11.56
12.41
12.55
12.44
11.94
9.64
13.5
10.5
10.43
10.53
10.01
10.44
10
9.68
10.23
10.56
10.44
10.29
10.97
10.94
11.41
11.71
11.27
11.75
11.38
11.28
11.12
11.29
11.3
11.05
11.49
11.51
12.06
12.13
12.72
12.04
11.55
7.55
12.05
9.48
9.3
9.49
9.39
9.85
9.93
9.89
10.21
10.64
10.94
10.51
10.68
10.89
11.3
11.43
11.01
11.26
11.59
11.51
11.45
11.85
11.43
11.93
11.47
11.76
11.48
11.33
11.11
10.96
7.71
11.68
12.29
9.8
9.63
10.11
10.11
9.88
9.97
9.53
9.37
9.43
9.24
8.65
9.11
9.34
9.49
9.32
9.17
9.69
9.86
9.66
9.94
9.46
9.83
9.8
9.67
9.27
9.81
10.13
5.12
9.57
13.08
9.8
9.67
10.07
10.38
9.86
10.12
9.63
10.43
10.8
11.39
11.13
11.37
11.2
10.44
10.44
10.48
10.71
10.81
10.36
9.98
10.29
10.41
10.32
10.84
10.69
10.53
7.79
11.74
12.13
9.41
9.31
9.68
9.61
9.87
10.12
9.88
9.8
9.69
9.42
9.72
10.45
9.99
10.23
9.45
9.94
10.3
10.23
10.5
10.78
10.55
10.53
10.15
10.04
3.8
9.74
12.05
11.54
9.66
10.02
10.23
10.51
10.43
10.22
10.41
10.4
10.73
10.27
10.39
10.53
11.36
10.59
10.43
10.49
11.04
11.25
11.21
10.83
11.09
10.66
3.91
9.33
11.29
13.37
12.48
9.51
9.37
9.76
9.72
9.8
10
10.01
10.13
10.01
9.95
10.29
9.49
9.37
9.51
10.15
10.28
14.35
12.42
11.1
4.5
9.55
10.87
11.97
11.33
9.48
9.39
9.58
10.12
10.66
10.82
10.85
10.49
10.61
15.05
14.38
14.7
12.7
8.1
4.85
3.89
6.82
8.4
9.78
10.58
10.67
10.47
10.86
10.79
10.54
9.3
7.23
4.68
9.97
9.78
9.67
9.92
10.1
10.14
10.45
10.86
12.23
13.33
15.1
16.92
18
20.42
20.53
2.77
3.32
3.03
3.59
2.63
5.56
5.08
1.76
0.2
0.24
4.1
3.93
4.19
5.15
4.55
3.87
3.45
3.55
2.84
2.79
2.59
3.44
3.93
3.61
3.39
3.48
9.57
9.77
9.62
9.81
9.76
10.14
10.73
10.65
11.93
11.92
14.7
15.05
17.89
18.28
18.92
19.51
2.56
2.92
2.68
3.16
4.55
5.26
2.96
0.1
0.39
4.05
4.21
3.98
3.2
3.05
3.52
3.32
2.98
3.34
3.36
3.92
4.63
3.81
3.32
3.55
3.68
9.02
9.55
9.69
9.99
10.08
10.76
10.03
11.01
11.09
11.92
13.53
15.42
16.87
18.01
19.82
20.43
3.15
2.71
2.65
2.88
3.67
4.66
3.26
2.71
2.13
1.03
0.75
5.32
4.03
3.03
2.69
2.97
3.51
4.31
4.42
4.12
3.87
3.63
3.5
4.05
4.08
4.1
4.03
8.3
9.39
9.66
9.69
9.93
10
10.14
10.42
11.42
12.03
13.73
14.19
15.27
17.05
16.33
19.44
18.53
2.64
2.38
2.56
1.93
2.93
2.72
2.57
2.78
1.33
0.71
6.88
6.24
6.18
5.65
4.77
4.84
4.39
4.68
5
5.03
4.72
4.95
4.41
4.31
4.29
4.65
6.49
12.58
10.11
10.67
10.77
11.32
11.5
11.95
12.57
12.86
14.01
14.84
16.03
16.91
18.58
18.15
19.82
18.89
18.5
18.13
1.85
2.53
2.32
1.29
2.21
1.2
1.65
8.66
8.01
6.88
6.44
6
5.1
5.27
5.58
5.4
5.25
5.03
5.71
5.83
5.71
5.16
4.99
5.3
13.13
9.77
10.21
10.44
10.59
10.14
10.01
9.99
10.25
11.32
13.61
14.39
13.25
17.08
16.66
16.35
16.05
17.48
17.59
15.83
14.44
13.49
14.88
14.11
12.29
10.85
9.46
9.02
8.53
7.49
7.33
7.21
6.74
6.68
7.11
6.66
6.19
5.87
5.6
5.3
5.91
6.56
3.11
13.51
9.62
9.62
10.29
10.71
11.84
11.95
11.64
12.87
12.56
12.93
15.51
15.25
13.77
15.39
16.31
16
15.31
15.55
14.48
14.52
13.63
13.66
13.14
12.2
10.71
10.04
8.99
8.75
8.24
7.98
8.82
8.52
7.81
6.45
6.69
6.18
5.07
5.17
5.11
5.22
5.48
10.74
9.25
9.39
10.12
10.39
10.24
10.56
10.43
10.64
12.05
11.76
13.5
13.15
14.4
13.57
15.68
14.98
15.24
14.39
16.05
14.77
13.89
14.15
13.71
12.99
12.33
11.44
10.22
9.84
9.5
8.55
7.84
7.74
8.02
8.04
7.9
8.17
7.67
7.52
6.9
6.66
6.66
10.79
10.44
10.03
10.05
10.1
10.67
10.31
10.62
11.13
11.69
12.23
12.85
14.51
15.89
15.09
15.29
16.72
16.04
14.36
15.23
14.8
14.59
12.62
11.44
12.4
12.55
12.6
11.84
11.7
10.52
9.84
9.51
9.01
8.34
8.25
8.53
7.66
7.66
8
7.12
7.27
6.86
7.35
12.38
10.03
9.76
9.78
10.35
10.35
10.96
10.86
11.28
11.44
11.75
12.61
13.15
14.29
15.06
13.69
14.74
15.02
13.5
13.43
13.87
13.63
12.59
13.35
12.86
11.78
12.35
12.31
11.84
10.3
9.06
9.1
7.86
7.94
8.15
9.05
9.01
8.3
8.49
8.13
7.27
3.58
13.03
9.14
9.29
9.24
8.91
9.11
9.49
9.96
10.07
10.04
11.19
12.99
12.25
13.25
13.34
13.61
13.45
13.82
15.03
14.12
13.56
14.09
14.33
14.02
13.68
12.32
12.11
12.69
11.95
10.42
9.58
9.36
9.17
9
9.03
9.18
9.3
9.26
8.8
9.14
9.48
10.22
9.91
10.11
10.18
10.11
9.83
10.4
9.97
10.45
11.1
11.63
12.05
12.33
12.54
13.39
14.31
13.92
12.9
12.67
13.67
13.85
12.55
12.94
12.57
12.47
12.3
11.58
11.52
12.57
13.16
13.15
12.25
11.29
11.13
11.31
10.79
10.61
11.14
11.16
11
9.92
8.63
12.62
10.15
10.35
10.45
10.69
10.55
10.03
10.88
10.76
10.99
10.82
10.91
12.09
12.79
13.03
13
13.84
13.72
13.47
14.26
13.53
14.1
13.51
13.5
14.77
14.66
13.77
13.21
12.06
12.05
11.68
11.14
10.28
9.65
9.31
10.26
10.77
10.45
10.91
10.86
4.39
13.06
10.07
9.63
9.66
9.98
10.04
10.38
10.62
11
11.52
11.68
11.81
10.48
11.51
11.33
10.88
11.89
12.45
12.91
12.36
13.38
13.34
12.68
12.56
12.14
10.94
10.52
11.53
11.04
11.41
10.37
10.24
10.94
9.82
10.22
10.61
11.37
11.05
10.65
10.19
9.27
12.9
9.92
9.82
9.91
9.9
9.78
9.72
9.39
9.43
10.14
10.81
10.65
11.17
11.05
10.86
11.67
11.67
12.01
12.08
12.13
12.16
11.7
11.26
11.46
11.52
11.48
11.44
11.67
10.99
11.12
11.48
12.33
13.38
13.16
13.73
12.52
12.61
12.53
12.2
5.01
13.61
9.26
9.47
9.56
9.86
10.07
10.19
10.42
10.23
9.85
10.58
10.11
9.88
10.5
10.67
11.12
11.06
11.21
10.85
11.39
12.35
12.07
11.49
11.91
12.22
11.58
12.37
12.63
12
11.62
11.2
10.82
11.19
11.4
10.66
10.61
10.56
10.45
10.29
9.61
9.86
9.95
10.01
9.77
9.62
9.75
9.55
9.44
9.45
10.02
10.62
10.9
11.55
11.82
12.62
12.1
12.08
13.25
13.14
12.34
11.81
11.99
12.67
13.64
14.02
13.95
13.65
13.77
13.7
12.7
12.72
13.17
13.74
13.22
12.49
11.18
11.07
11.47
7.33
12.99
10.47
10.46
11.01
11.27
11.29
11.15
10.77
10.41
10.75
10.85
11.15
11.19
11.82
11.75
11.21
11.32
10.83
11.16
11.58
12
12.02
12.22
12.25
12.82
13.06
14
13.93
14.17
13.58
12.64
11.4
11.51
10.91
11.01
10.75
10.95
10.43
8.29
12.91
9.62
9.97
10.43
10.27
10.61
10.74
11.13
11.66
11.3
11.21
11.08
10.61
10.84
10.45
10.97
11.8
12.09
11.82
12.21
13.4
13.79
12.93
12.52
12.35
11.54
11.42
12.27
11.62
12.04
11.44
11.29
11.54
11.92
12.27
11.75
12.11
4.86
12.84
9.54
8.98
9.16
9.22
9.17
9.03
9.08
9.67
9.21
9.15
9.22
9.76
8.88
9.1
9.25
9.79
9.82
10.14
9.4
9.61
9.76
10.33
10.69
10.53
11.01
10.9
10.98
11.55
11.63
11.53
11.72
11.15
11.76
11.62
12.76
13.08
7.77
13.09
9.94
9.92
9.65
9.51
8.88
9.01
9.15
9.85
10.19
10.05
9.97
9.69
9.8
10.23
11
10.67
11.27
11.74
11.08
10.61
10.15
11.16
11.7
12.23
12.01
12.4
11.49
10.97
10.98
11.54
11.74
11.42
11.01
9.76
10.01
9.02
13.78
10.87
11.02
11.16
11.29
10.49
10.33
10.02
10.23
10.42
10.47
11.06
11.44
11.19
10.82
11.21
10.79
10.86
11.43
11.84
11.76
11.02
11.35
11.49
11.56
11.62
12.66
13.2
13.41
12.36
12.47
12.75
12.47
12.71
12.23
4.44
10.56
12.62
9.75
10.02
9.69
9.7
9.81
9.45
9.81
10.1
9.84
10.06
10.06
9.63
9.73
10.36
10.34
11.19
11.21
10.97
11.01
10.88
10.65
10.83
10.74
11.33
10.99
10.87
10.74
11.82
11.54
11.23
11.58
12.21
12.04
5.82
13.86
10.39
10.02
10.02
10.18
10.36
10.29
9.9
9.78
9.58
9.72
10.05
10.53
10.84
10.67
10.75
11.49
11.57
11.81
11.3
11.02
11.63
11.46
11.49
11.22
11.07
11.46
12.19
12.6
12.17
11.34
11.28
10.59
11.06
6.82
11.72
9.59
9.39
9.92
9.79
10.09
10.32
10.42
10.37
10.23
10.76
10.64
10.98
11.78
12.09
12.2
12.55
11.73
11.52
11.06
11
11.6
11.76
11.41
11.76
11.68
12.09
11.23
11.34
11.12
11.82
12.03
11.25
7.26
12.32
10.27
10.19
10.36
10.07
10.11
9.94
10.45
10.95
10.98
10.99
11.27
11.01
10.99
11.08
10.82
11.33
11.68
11.1
10.51
10.02
10.56
11.2
11.03
10.71
10.56
10.4
10.28
10.11
10.31
10.34
10.78
6.58
11.54
9.41
9.19
8.96
8.96
8.79
8.72
8.73
8.91
8.9
9.46
9.69
9.39
9.7
9.94
9.57
9.62
10.08
9.97
10.18
10.21
9.72
10.06
10.55
10.51
11.32
10.75
11.26
10.65
11.27
12.22
7.38
11.77
12.81
10.18
10.04
10.24
10.09
10.33
9.93
9.44
9.49
9.45
9.93
10.31
10.44
10.48
10.12
9.72
10.07
9.76
9.45
9.04
8.42
8.45
8.82
8.97
8.88
9.3
9.59
10.1
9.73
4.92
9.92
12.88
9.59
9.45
9
9.42
10.16
9.84
9.59
9.71
9.28
10.02
10.16
10.54
10.95
10.47
9.77
10.2
10.31
10.42
10.93
10.21
10.34
10.32
10.46
10.52
11.01
10.7
10.53
9.04
12.79
13.32
10.43
10.23
10.43
10.67
10.74
10.84
10.8
10.84
10.72
10.79
10.92
10.72
10.52
10.31
10.49
10.32
10.41
10.65
10.61
10.28
10.16
10.06
10.38
10.82
10.63
5.13
9.53
12.92
10.37
10.3
9.98
9.93
10.38
10.35
10.33
10.69
10.32
9.82
10.61
10.84
10.26
10.07
10.28
10.17
10.12
10.25
10.72
10.46
9.91
10.2
9.84
10.04
6.77
10.38
13.19
13.28
10.02
10.37
10.28
10.24
10.27
10.68
10.61
10.66
10.82
11.15
11.03
10.42
9.73
9.93
9.46
9.49
9.31
9.5
9.82
10.25
13.79
4.77
10.11
11.1
13.47
10.09
10.34
10.43
10.39
10.37
10.23
10.06
10.11
9.71
9.77
10.52
11.04
10.84
10.92
11.24
14.89
12.08
11.91
9.46
6.29
10.52
11.49
13.42
13.27
12.77
10.36
10.19
10.14
10.14
10.59
15.01
13.44
13.23
13.1
11.07
8.36
4.95
3.35
5.12
7.39
8.31
9.66
10.25
9.74
9.21
7.8
6.55
4.18
6.32
14.25
9.92
9.85
9.85
10.15
10.35
11.33
11.46
12.14
12.51
13.65
13.8
16.02
17.2
16.01
18.09
18.74
19.48
21.21
2.9
2.57
2.94
2.32
1.99
0.98
8.95
8.35
7.2
6.42
6.28
5.86
5.37
4.8
4.67
5.14
5.6
5.54
5.21
5.03
4.78
4.57
4.18
5.85
13.52
8.92
9.34
9.72
9.04
9.84
10.1
11.13
10.89
12.12
12.99
15.38
17.21
16.09
16.68
17.32
18.72
17.52
17.99
2.81
2.89
2.27
2.94
2.13
1.99
10.17
9.14
8.14
7.25
5.72
5.72
5.98
6.27
5.44
5.49
5.25
4.78
4.5
4.65
5.35
4.69
4.88
6.23
13.91
10.18
10.05
9.86
9.4
9.56
10.3
10.79
11.95
12.55
13.16
13.5
15.9
15.59
14.87
15.09
15.42
18.22
17.89
19.12
2.62
2.34
1.84
2.15
1.53
10.36
8.31
6.94
6.48
6.29
6.3
6.07
5.85
5.86
5.47
4.68
4.85
4.86
4.97
5.48
5.86
5.83
5.14
13.11
9.88
9.51
9.97
10.57
11.09
10.32
10.68
11.35
12.43
12.66
12.77
14.04
16.03
16.21
16.22
16.22
18.03
19.98
18.43
16.15
18.07
2.07
1.93
1.42
11.17
9.81
8.77
7.61
7.45
7.78
7.86
7.11
6.66
6.1
6.32
6.31
5.71
5.51
5.68
6.19
6.47
3.26
13.95
10.09
9.87
9.58
9.42
9.57
9.89
10.13
10.82
11.19
12.89
14.63
15.28
15.87
16.26
17.36
15.88
16.13
17.83
18.23
16.35
14.96
14.99
13.97
13.09
12.45
11.78
9.62
8.98
7.58
6.37
6.11
6.27
6.45
6.6
6.88
6.92
6.53
6.89
7.01
6.52
6.13
10.71
9.83
9.25
9.46
9.97
9.56
10.26
10.14
10.77
10.85
12.15
13.63
13.92
15.89
16.31
15.95
15.62
16.56
17.28
15.49
14.4
14.06
12.37
13.11
11.89
10.46
10.19
10.25
9.14
8.77
8.72
7.53
7.54
8.26
8.37
7.87
7.4
7.1
7.11
6.72
6.29
5.99
10.98
9.79
9.92
9.84
9.99
10.28
11.15
10.17
10.36
11.75
11.26
11.78
13.07
12.87
13.39
15.13
16.68
15.16
15.23
15.18
15.07
16.06
14.27
13.08
12.07
13.32
12.98
12.76
11.94
11.91
11.35
10.39
9.02
8.18
8.09
7.34
6.9
7.1
6.27
6.06
5.8
6.23
10.07
10.38
10.61
10.63
10.59
10.5
10.72
11.21
11.92
12.16
13.36
13.99
13.53
14.62
13.72
14.08
15.04
15.35
15.01
14.74
14.73
14.17
14.63
13.67
14.39
13.96
13.66
13.04
13.4
11.61
10.61
9.94
10.12
10.26
10.17
10.25
9.62
8.96
8.29
8.37
8.24
7.79
7.06
11.83
9.54
9.19
9.36
9.57
10.25
9.95
9.61
10.21
11.47
12.8
13.46
14.2
15.26
14.99
15.41
15.36
15.59
15.08
15.93
15.47
14.86
13.71
13.71
13.34
12.61
12.94
13.43
13.78
12.69
11.38
10.15
10.6
9.84
9.27
9.77
9.18
9.05
8.92
8.77
8.41
4.35
13.47
9.69
9.69
9.61
9.84
10.22
9.89
10.44
9.69
10.11
10.38
12.1
11.85
12.7
13.07
13.26
14.86
14.64
14.15
13.97
13.35
12.54
12.52
11.41
11.71
12.31
12.26
12.27
12.5
12.33
11.78
11.11
10.99
10.8
10.06
9.52
9.33
8.39
8.67
8.39
8.4
10.43
10.35
10.53
10.08
10.38
10.37
10.21
10.94
10.8
10.87
11.11
12.15
12.16
12.42
12.6
13.08
14.23
15.09
14.95
14.47
14.42
14.71
14.25
14.72
14.61
13.76
13.05
12.39
12.25
12.08
12.34
12.35
10.86
11.08
10.59
10.67
11.14
10.17
9.55
8.94
8.48
8.64
12.06
9.88
9.8
10.36
11.02
10.67
10.58
11.19
11.25
11.65
11.66
12.83
14.16
13.73
13.78
14.38
13.75
13.78
13.64
14.66
14.63
14.23
15.36
15.51
15.07
14.28
13.66
13.39
13.45
12.5
12.2
12.14
11.03
11.19
10.66
9.91
9.87
10.39
9.7
9.35
4.34
13.91
9.89
10.18
10.26
10.19
10.19
10.01
10.67
9.37
9.59
9.47
10.42
11.14
11.69
11.85
12.12
11.93
12.87
13.62
12.93
13.44
12.94
12.36
12.51
13.45
13.31
13.39
12.55
12.17
11.38
11.23
11.3
11.28
10.99
10.73
10.17
9.38
8.91
8.57
8.94
9.82
9.41
9.19
9.24
9.22
9.05
9.05
9.29
9.41
9.58
9.56
9.91
11.13
11.28
11.77
10.84
10.5
10.8
11.67
13.15
13.76
13.83
13.33
12.92
12.89
11.81
11.09
11.64
11.97
11.9
11.69
10.79
11.13
11.69
11.72
10.84
9.81
9.4
9.57
9.34
7.49
13.41
10.32
10.24
10.42
10.74
11.04
10.91
11.35
11.33
11.33
11.46
11.48
11.95
13.07
13.13
12.97
12.27
12.24
12.14
11.53
11.55
12.27
12.29
11.03
12.64
12.4
11.71
10.66
11.65
11.71
11.83
12.35
13.15
12.67
12.43
12.51
11.58
11.63
12.03
10.79
9.96
10.64
10.16
10.01
10.01
10.12
9.86
9.55
9.68
9.94
11.09
10.13
10.7
10.77
11.54
12.14
12.14
12.03
12.33
11.87
12.46
12.55
12.53
13.33
13.51
13.51
13.3
13.84
14.5
13.64
12.17
11.58
11.78
11.35
11.32
11.6
11.41
11.48
7.84
11.79
9.81
9.52
9.41
9.7
9.76
9.43
9.77
9.74
9.77
10.89
11.38
11.53
11.38
11.51
12.68
11.29
11.15
11.75
13
13.77
13.49
13.56
13.38
13.41
13.38
12.97
13.52
12.72
12.9
12.88
13.08
12.36
12.41
12.35
12.41
11.55
10.63
4.01
12.38
9.94
10.61
10.16
9.69
9.47
9.67
9.36
9.71
9.29
9.49
9.17
10.09
10.93
10.19
11.1
11.49
11.88
11.52
11.44
11.86
12.01
12.64
12.41
12.69
13
12.95
12.88
12.65
13.06
13.56
13.78
14.24
14.5
13.82
13.28
12.83
12.65
7.45
12.2
9.01
9.03
9.5
9.55
9.23
9.56
9.89
10.52
10.86
11.59
12.04
11.28
12.21
11.84
11.24
11.23
12.05
12.94
12.57
12.74
12.33
12.1
11.82
11.99
12.66
13.16
12.8
12.62
12.01
12.42
12.76
12.97
12.29
11.78
11.91
11.81
8.98
13.06
9.79
10.06
10.17
10.97
11.01
10.5
10.48
11.07
9.71
9.67
9.67
9.51
9.59
10.19
10.3
10.54
10.37
11.4
11.88
11.18
10.64
9.8
10.64
10.81
10.56
11.49
12.25
11.74
11.5
11.47
11.26
11.38
12.44
13.27
13.62
5.48
12.59
9.85
10.01
9.84
9.83
9.94
9.87
10.18
9.95
10.02
9.78
9.64
9.76
10.16
9.98
9.92
10.1
9.9
10.05
10.57
10.57
11.33
11.9
12.27
11.99
12.51
11.93
11.6
11.35
10.94
11.06
11.38
10.97
10.75
11.2
11.67
7.37
11.67
8.35
8.34
8.63
9.24
9.2
9.2
9.11
9.33
9.56
10.11
10.47
10.97
10.2
10.38
10.42
10.58
10.53
9.74
10.4
10.75
11.35
11.08
10.79
10.56
10.56
10.64
11.04
10.77
10.32
11.17
11.81
11.98
12.49
11.84
8.72
14.07
11
10.87
11.3
11.21
11.31
11.21
10.58
10.88
10.71
10.19
10.11
10.82
10.27
10.29
10.32
10.57
9.96
10.27
10.69
10.58
10.97
11.55
11.86
11.99
12.18
12.06
12.49
12.43
12.53
12.26
11.77
12.2
12.3
8.8
11.84
10.12
9.68
9.72
9.83
10.16
10.05
9.63
9.74
9.46
10.22
9.45
9.57
9.61
10.48
10.2
10.97
10.93
10.63
10.75
10.78
11.03
10.69
10.1
10.22
10.9
11.18
11.25
11.23
11.61
12.27
12.73
12.61
5.21
10.58
11.8
9.85
9.59
9.57
9.97
9.61
10.23
9.63
9.97
10.29
10.28
10.15
9.85
9.52
9.24
9.44
9.73
10.31
10.51
10.21
9.7
9.62
10.09
10.05
10.18
10.36
11.09
11.44
11.88
11.97
11.34
11.65
5.49
10.99
12.43
9.73
9.68
10.12
10.07
10.19
10.64
10.29
9.96
10.59
10.79
10.84
10.96
10.98
11.06
11.37
11.38
10.69
10.78
10.16
9.95
9.73
9.79
10.27
10.27
10.49
10.79
10.11
10.42
10.83
10.94
5.1
10.87
12.21
10.49
10.34
10.38
10.03
10.35
10.08
10.16
10.18
10.31
10.46
10.27
10.43
10.69
10.37
10.79
11.38
12.1
12.52
11.88
11.84
11.47
10.99
11.04
11.09
11.97
12.45
12.59
11.86
11.67
4.22
8.8
12.67
10.13
10.42
10.41
10.79
10.12
10.51
10.4
9.75
10.42
9.99
9.95
9.87
10.01
9.97
10.33
10.2
10.35
10.35
10.68
11.14
11.49
11.38
11.19
11.28
11.48
10.94
10.9
11.2
8.8
12.49
12.66
10.15
10.19
9.39
9.19
9.42
9.51
9.78
10.09
9.43
9.41
9.66
9.66
9.42
9.69
10.17
10.43
10.57
10.6
11.5
11.26
11
11.39
12.27
12.56
13.03
12.83
4.98
9.73
12.38
9.06
9.52
9.78
10.23
10.29
10.27
9.85
9.71
9.29
9.34
9.5
9.88
10.16
10.24
10.42
10.74
10.96
11.35
11.73
11.35
12.14
11.78
11.38
11.41
11.98
7.64
10.41
10.99
9.4
9.22
9.21
9.45
9.59
9.59
9.47
9.32
8.99
8.85
9.17
9.64
9.44
9.19
9.37
9.17
9.47
9.67
10.34
10.22
9.87
10.11
10.48
3.68
8.71
10.95
13.89
12.85
9.81
9.87
10.36
10.07
10.02
10.25
10.01
10.05
10.34
10.72
10.25
10.65
11.2
11.17
10.53
10.22
9.71
10.38
13.52
10.76
5.23
10.56
12.87
13.52
13.16
10.37
10.62
11.02
11.44
11.22
11.23
11.49
11.88
11.26
11.21
11.55
15.2
13.44
13.02
12.45
8.98
3.7
3.04
5.16
9.1
10.76
10.8
12.04
12.41
12.98
13.39
13.6
13.27
12.52
12.07
11.95
9.9
7.06
4.11
3.78
5.6
5.39
5.86
6.23
5.72
3.78
12.62
10.34
10.44
10.67
11.17
11.44
11.6
12.3
11.98
13.38
12.92
13.58
14.93
15.2
15.03
16.28
15.76
17.38
16.81
19.72
20.38
19.06
19.59
16.42
13.85
11.95
11.29
10.12
9.84
8.8
8.45
7.97
7.62
7.63
7.68
7.4
7.03
7.22
7.31
7.34
6.68
6.21
12.27
9.87
9.81
10.12
10.18
10.4
10.81
10.8
11.7
11.41
12.92
14.3
14.23
13.64
13.14
14.02
14.74
16.13
15.83
17.54
17.75
16.95
17.46
15.83
14.54
12.85
10.96
10.42
9.11
8.3
7.93
7.9
7.94
7.33
7.11
7.22
6.63
6.22
5.95
5.52
5.94
6.38
12.2
10.52
10.41
10.53
10.52
10.47
10.81
11.31
11.02
11.97
11.98
13.11
13.81
15.39
14.42
13.83
13.78
15.76
17.86
16.52
17.28
17.15
15.28
15.85
14.64
11.79
11.69
9.66
9.33
8.83
7.31
7
6.13
6.08
5.81
5.84
6.33
6.91
6.47
6.01
5.54
5.39
10.76
9.45
9.64
9.56
9.18
8.96
9.75
9.9
9.91
10.28
11.97
11.43
12.74
13.2
14.49
13.94
14.73
17.11
16.97
18.59
17.66
17.87
15.3
14.16
13.06
11.45
11.21
10.76
10.11
9.38
8.87
8.18
7.19
7.14
7.28
7.21
7.17
7.1
7.42
7
6.52
6.37
10.81
9.94
10.04
10.3
10.62
10.89
11.11
11.15
10.93
11.54
12.03
13.14
14.16
15.45
15.23
15.99
15.93
15.15
15.43
16.14
14.54
15.59
15.74
15.52
13.75
12.82
12.07
10.6
9.57
9.06
9.42
8.84
8.51
7.86
7.66
7.17
6.91
6.97
6.34
6.3
6.88
6.19
10.4
9.98
10.14
10.27
10.43
10.25
11.17
10.69
11.35
12.61
12.01
12.55
12
12.47
13.54
14.33
15.9
14.64
15.35
15.88
14.2
14.1
14.14
14.01
14.24
13.55
12.33
11.74
10.56
9.8
10.02
10.38
10.54
9.64
8.43
7.65
7.92
7.45
6.98
6.86
6.57
6.32
7.12
12.12
9.46
9.74
9.71
9.36
9.75
9.97
10.64
10.9
11.44
12.79
12.38
13.12
12.85
12.25
14.35
15.32
15.71
15.81
16.59
16.1
15.83
14.71
14.22
13.73
12.36
12.04
11.97
11.34
10.43
9.15
8.8
9.38
10.15
9.49
8.63
7.9
7.35
7.09
6.92
6.53
5.83
12.64
9.61
10.09
10.67
11.15
10.64
10.3
9.89
9.8
10.52
10.45
12.34
12.65
12.73
12.77
13.79
14.75
15.19
15.04
15.81
15.45
15.19
14.75
14.56
13.56
13.36
13.7
12.96
12.75
11.09
10.8
9.97
9.56
9.72
9.07
9.55
9.8
8.53
8.63
7.86
7.76
3.69
12.71
9.82
9.97
10.48
10.21
10.17
10.45
11.55
11.2
10.82
10.96
11.22
12.19
12.32
11.73
12.58
13.51
12.87
11.96
12.51
13.07
13.73
14.33
14.73
14.85
14.32
12.91
12.23
12.17
12.32
10.86
10.19
10.14
10.02
9.7
8.46
8.03
8.7
8.52
8.19
8.55
9.48
9.97
10.35
9.97
9.6
9.58
9.99
10.21
10.59
10.79
10.3
10.98
11.2
11.69
13.08
13.43
15.09
15.21
14.77
14.67
15.19
15.46
14.37
13.58
13.2
12.41
13.23
12.95
13.18
12.89
12.49
12.23
11.6
10.58
10.44
10.6
10.28
10.14
8.89
9.17
8.59
8.27
11.79
10.11
10.59
10.72
10.98
10.84
11.24
11.54
12.08
11.47
12.07
13.08
13.42
13.57
13.22
12
14.14
14.11
13.3
12.81
12.72
12.74
12.45
12.82
12.57
12.21
12.28
11.46
11.94
12.94
12.62
12.58
11.66
11.56
11.1
10.69
10.46
10.07
10.24
10.22
5.28
14.19
10.55
10.02
10.01
9.92
9.86
10.05
10.5
11.31
10.97
11.5
11.2
11.98
12.5
12.45
11.93
12.39
12.94
13.29
12.37
13.68
14.27
12.8
12.3
13.84
13.91
13.59
13.16
12.19
11.53
11.51
11.18
10.77
10.51
10.81
12
11.93
11.71
11.23
11.31
10.03
10.07
10.32
10.34
10.04
10.08
10.05
9.78
10.67
10.89
10.82
11.62
11.57
12.35
12.24
12.71
11.77
11.52
12.01
12.71
11.91
11.98
12.51
12.62
12.37
13.62
13.91
14.05
14.93
14.58
13.41
12.98
14.01
13.66
12.09
11.46
10.94
11.68
12.07
12.1
7.8
11.6
9.38
9.87
10.4
10.31
10.24
10.9
10.84
10.94
11.08
10.73
11.09
11.7
11.48
12.73
12.45
11.86
11.73
12.34
12.9
14.15
14.38
12.96
12
11.34
11.33
12.11
11.93
11.14
11.55
11.27
12.1
11.99
11.51
11.7
10.93
11.35
11.72
11.9
3.63
12.92
9.77
9.68
10.03
9.55
9.91
9.68
10.4
10.85
10.68
10.38
10.8
10.78
11.22
12.06
12.19
11.73
11.73
11.65
11.79
11.98
11.33
12.14
12
12.35
12.48
13.2
12.69
12.33
12.14
12.01
12.01
11.24
10.99
11.21
11.54
11.81
11.03
10.53
8.55
12.53
10.06
10.03
9.9
10.04
10.11
10.14
10.38
10.58
10.67
10.88
11.19
11.8
12.66
12.61
12.77
13.43
13.04
12.55
11.7
12.76
12.97
13.39
13.84
14.49
14.65
14.61
13.25
12.91
12.82
12.87
12.69
12.6
12.22
11.25
11.57
11.78
12.27
4.52
13.08
10.59
10.62
10.6
10.23
10.21
10.34
10.28
11
11.15
10.54
10.31
10.46
10.42
10.64
11.07
11.11
11.29
11.69
11.21
10.83
11.35
10.82
10.91
11.54
11.06
11.3
11.76
11.92
11.65
12.35
12.93
13.27
12.85
12.56
12.37
12.42
12.61
7.32
11.77
9.48
9.41
10.04
9.59
9.34
9.76
9.9
10.56
11.05
10.37
10.2
10.38
10.63
11.05
11.58
11.16
11.21
11.33
11.81
11.78
10.97
11.23
11
11.9
11.51
11.09
11.62
11.44
11.07
11.43
10.95
11.48
12.23
12.39
12.6
12.31
4.59
11.94
10.09
10.33
9.87
9.78
10
10.08
10.4
9.98
10.25
10.03
9.84
10
10.44
10.26
10.35
10.69
10.88
11.84
12.14
12.34
12.54
12.26
12.57
11.73
11.79
11.68
11.87
11.98
12.23
11.72
11.24
11.7
12.81
13.21
12.72
12.7
7.13
12.27
10.45
10.28
10.83
10.64
10.99
10.83
11.41
11.69
11.68
11.95
11.27
10.57
11.06
10.86
10.99
10.84
10.64
10.37
11.29
11.79
12.26
12.33
12.2
11.6
11.06
11.23
12.18
11.93
11.5
11.55
11.48
11.29
10.79
10.7
10.12
8.25
12.19
9.89
9.64
10.3
10.12
9.88
9.45
9.74
10.32
10.5
11.24
11.61
11.72
12.26
12.67
12.34
12.45
12.3
12.27
11.71
11.18
11.87
12.07
11.42
10.92
11.08
10.88
11.33
13.03
13.74
13.12
12.27
11.63
11.1
11.62
4.74
10.55
12.65
10.23
10.42
11.03
10.83
10.88
11
10.74
10.56
10.71
10.5
10.79
11.32
11.32
10.8
11.35
11.91
12.07
11.71
11.88
11.1
11.41
11.29
11.54
12.43
12.57
12.5
12.62
12.15
11.71
11.69
11.5
11.64
11.19
6.17
12.94
9.9
10.04
9.98
10.01
9.66
9.86
9.98
9.46
9.69
10.22
10.11
9.98
11.08
11.59
10.4
9.7
9.35
9.48
9.41
10.09
9.89
10.66
11.41
11.31
10.86
11.4
11.47
11.86
12.58
12.07
12.39
11.69
11.72
7.43
11.89
9.51
9.46
9.69
9.89
10.13
9.86
9.71
9.63
9.37
9.47
9.29
8.93
9.1
10.22
10.4
10.56
10.34
10.46
10.56
10.22
9.65
9.56
10.13
10.35
10.38
10.69
11.12
10.95
10.74
10.72
10.9
11.21
7.62
12
10.5
10.55
10.24
11.05
10.83
10.82
10.39
9.71
9.87
9.98
10.24
10.39
10.37
11.03
11.19
11.49
11.56
11.94
11.77
11.46
11.57
11.14
11.35
11.36
11.61
11.93
12.12
12.89
12.53
12.46
12.72
6.82
11.59
10.26
10.7
9.99
10.13
10.21
9.9
10.09
10.38
10.54
9.95
10.01
9.49
9.26
9.42
9.66
10.23
9.7
9.47
9.47
10.23
10.14
10.87
10.87
10.87
10.15
9.99
10.07
10.02
10.7
10.73
7.58
11.32
12.39
9.61
9.49
9.78
9.96
9.91
9.59
9.77
10.29
10.01
10.79
10.6
10.36
10.85
11.04
10.85
10.9
11.44
11.23
10.98
10.95
11.39
11.51
11.39
10.72
10.52
10.13
10.13
10.14
5.48
10.57
11.03
8.96
8.64
8.93
9.16
9.71
9.93
10.01
9.99
9.96
9.99
9.73
10.18
10.43
10.68
11.3
11.68
11.42
10.82
10.59
10.28
10.04
10.57
11.11
11.41
11.95
12.3
11.62
4.84
8.43
11.77
9.63
10.29
10.49
10.07
9.91
10.42
10.08
10.3
10.77
10.24
10.35
10.72
10.63
11.34
11.22
10.91
11.27
12.34
12.22
11.46
10.67
10.24
11.16
11.47
11.24
10.94
8.15
11.13
11.73
10.05
10
10.02
9.74
9.64
9.7
9.71
9.78
9.31
9.21
8.78
8.78
9.46
10.12
10.58
10.89
10.75
10.7
10.63
9.16
9.04
8.87
9.11
9.58
4.66
9.1
11.12
12.02
10.41
10.39
9.95
9.65
9.89
10.06
10.4
10.16
10.04
9.79
9.41
9.53
9.07
9.26
9.89
9.9
10.23
10.49
10.52
10.22
9.64
9.71
4.35
8.5
10.11
11.96
12.17
10.19
9.96
9.92
10.29
10.87
11.63
11.24
10.72
10.3
9.87
9.77
9.47
9.42
9.82
10.1
10.06
13.44
10.72
10.2
5.57
9.11
10.39
12.4
12.55
12.08
9.41
9.75
9.98
10.29
10.9
10.78
10.58
14.65
13.38
12.51
11.92
10.87
8.85
5.14
4.11
6.73
9.15
9.19
9.87
9.64
9.76
10.11
9.48
9.53
8.48
6.84
4.41
9.91
10.18
10.49
10.56
10.7
10.75
11.05
10.97
11.27
12.34
11.68
11.32
14.23
13.24
13.67
13.72
13.87
17.04
16.19
15.94
17.46
17.65
16.87
16.2
15.36
14.12
14.23
12.73
11.63
11.15
10.85
10.48
9.48
9.04
9.23
8.89
8.55
7.99
7.29
7.04
6.96
6.57
9.76
10.16
9.85
9.97
10.3
10.29
9.91
10.4
11.05
11.3
11.28
11.88
11.79
12.5
12.49
14.45
14.15
14.48
15.83
16.36
15.16
15.95
15.37
15.04
13.43
13.21
12.03
11.32
10.84
10.8
10.17
10.3
9.57
9.17
9.01
8.41
7.32
7.3
7.8
7.43
7.13
6.39
8.95
9.28
9.42
10.04
9.8
9.89
10.25
10.83
10.96
11.44
11.6
12.24
13.93
14.66
15.63
15.08
14.71
15.41
16.09
16.66
16.23
16.04
16.5
16.7
15.36
15.72
13.82
12.37
11.89
11.55
10.53
9.91
9.11
8.35
7.51
7.33
6.88
6.43
6.6
6.83
6.98
7.4
7.7
12.54
9.93
9.97
10.83
11
10.57
10.33
10.85
10.96
11.62
11.51
12.24
12.72
14.06
13
12.85
13.78
15.69
15.69
17.91
18.94
16.46
16.21
14.95
15.76
14.34
13.45
12.43
12.81
11.71
9.79
9.59
9.31
8.66
8.36
8.59
8
7.58
7.13
7.05
6.6
6.69
13.64
9.89
10.2
10.15
10.54
10.27
10.34
10.72
11.46
11.44
11.04
12.11
11.87
12.73
13.13
14.01
13.56
13.88
14.3
15.36
13.66
13.73
13.42
13.05
12.88
12.89
11.85
10.83
10.34
9.87
10.05
9.36
8.91
8.79
9.24
9.16
8.81
8.1
8.34
7.34
7.34
5.62
13.16
10.11
10.22
10.12
10.57
10.81
10.84
10.65
11.64
12.17
12.27
13.72
13.57
15.19
13.64
13.33
13.21
13.14
13.47
14.33
15.15
14.91
15.81
14.93
14.56
13.13
13.78
12.15
10.16
9.7
10
10.13
9.56
9.71
8.83
9.23
9.57
8.54
7.9
7.31
7.25
3.76
13.51
10.48
10.48
10.64
10.22
10.1
10.48
11.09
11.58
11.91
12.7
11.82
11.83
12.99
12.62
13.77
14.81
14.7
14.14
14.52
14.69
14.88
14.41
15.19
14.39
14.15
14.23
13.97
13.1
12.46
12.25
11.9
11.32
9.96
9.89
10.13
9.69
9.81
9.69
8.88
8.45
9.78
9.13
8.94
9.06
8.98
10.06
10.9
10.9
10.95
12.3
12.02
12.6
12.51
12.49
13.21
12.59
13.18
13.86
13.84
13.4
13.46
14.09
14.34
13.77
14.57
15.56
14.5
13.8
13.82
13.93
12.88
12.71
11.37
10.64
9.54
8.56
8.82
9.5
9.44
9.67
9.45
9.21
12.89
10.01
10.18
10.11
10
9.65
9.69
9.86
10.57
10.19
10.25
9.84
11.4
12.33
12.43
13.53
12.71
12.71
13.39
14.39
14.58
14.93
14.58
14.35
14.22
13.75
12.95
12.96
12.81
12.67
12.58
11.82
10.85
10.85
9.94
9.22
9.13
8.59
8.54
8.11
7.47
13.05
9.99
9.83
9.68
9.71
9.4
10.28
10.5
10.81
11.55
11.49
11.55
12.4
12.27
12.09
12.12
12.81
13.17
12.84
12.66
13.22
14.26
13.68
13.78
13.11
12.51
13
12.73
12.83
12.63
12.16
11.85
10.97
11.14
11.08
10.34
10.09
9.9
8.44
8.14
4.13
12.99
8.99
9.01
9.4
9.86
10.08
10.28
9.31
9.78
10.05
9.53
10.58
10.99
12.15
13.87
13.04
13.2
13.04
13.03
13.3
12.47
12.82
13.03
12.89
12.92
13.43
12.78
12.42
12.12
11.36
11.44
11.87
12.52
12.45
12.11
11.93
12.72
12.28
11.13
11.14
9.08
12.67
10.07
9.67
9.33
9.13
9.29
9.25
8.84
9.04
9.82
9.58
10.1
10.6
11.33
11.4
11.63
12.88
13.16
13
12.21
12.21
12.99
13.62
13.15
12.39
12.45
13.46
13.61
13.78
13.74
12.97
12.41
12.52
12.09
12.01
11.51
11.62
11.56
10.95
7.27
13.04
9.14
9.09
9.05
8.53
8.84
9.16
9.62
10.19
10.2
10.58
11.18
11.88
11.77
12.04
11.27
11.58
11.05
11.55
12.13
11.53
11.78
12.41
13.34
12.85
12.74
12.43
11.7
11.85
12.04
11.67
11.21
12.29
12.33
11.97
11.71
11.27
11.11
11
3.82
12.52
9.01
9.03
9.34
9.36
10.1
9.86
9.47
10.01
10.45
10.7
9.78
9.94
10.49
11.44
12.6
11.78
11.56
11.21
11.89
12.44
11.99
11.78
11.24
12.23
12.04
11.56
12.12
12.17
11.32
11.91
11.81
11.77
11.92
11.83
12
12.08
12.25
11.88
7.87
12.14
9.52
9.57
9.18
9.2
9.6
9.89
9.92
9.11
9.65
9.65
9.33
9.76
9.72
10.14
10.91
12.02
12.52
12.29
12.29
12.32
13.05
12.88
12.42
13.15
12.98
12.45
12.74
13.36
13.64
13.33
12.43
12.7
12.14
11.03
11.03
11.72
11.5
4.72
12.91
9.42
9.6
9.44
9.38
9
9.27
9.54
8.76
8.66
9.54
10.21
10.28
10.4
10.73
10.61
11.02
11.43
11.54
11.22
11.2
11.32
12.6
13.15
13.15
13.78
13.27
12.7
13.13
12.11
12.32
12.11
11.87
11.72
12.69
12.44
12.35
12.25
8.41
12.77
10.61
10.29
11
10.98
10.86
10.64
10.87
11.69
10.91
11.46
11
11.28
10.88
11.13
10.55
10.2
10.86
11.33
11.55
12.41
12.58
12.46
11.62
11.27
12
11.77
11.22
11.82
12.61
13.14
13.8
13.74
13.14
13.25
13.67
13.26
4.79
12.52
9.5
9.72
9.69
10.32
11.01
10.84
11.1
10.28
10.13
10.5
10.63
10.91
10.96
11.18
11.92
11.54
11.28
11.59
11.8
11.77
11.88
11.29
11.61
11.51
12.2
11.56
11.53
11.24
11.09
11.2
12.15
13.2
13.05
13.72
13.73
14
7.75
11.69
10.41
10.71
10.13
10
9.7
9.97
9.8
9.76
11.11
10.6
10.35
10.74
10.54
10.75
11.27
11.65
11.15
10.71
11.03
11.24
10.85
10.44
10.33
10.88
11.28
10.87
10.97
11.92
11.55
11.53
11.33
11.54
11.47
12.11
12.13
4.4
10.18
12.77
10.55
10.23
9.63
9.7
10
10.05
10.11
9.99
9.68
10.35
10.94
11.47
11.41
11.38
11.17
11.12
10.75
10.36
10.73
10.39
11.26
11.24
12.05
12.06
10.73
10.98
12.18
12.09
11.78
11.43
11.57
11.48
11.55
12.1
5.95
13.72
10.09
10.25
10.62
10.56
10.96
11.42
11.3
11.2
10.52
10.56
9.86
9.67
10.19
10.38
10.19
10.4
10.54
10.69
10.47
9.91
9.9
10.66
10.27
10.49
10.7
10.98
10.71
10.72
11.03
12.39
12.84
12.27
12.42
11.88
8.43
12.45
9.85
9.66
9.04
9.49
9.81
9.44
9.66
9.74
9.97
10.5
10.86
11.19
10.59
10.46
10.51
10.22
10.07
9.75
9.76
9.8
10.34
10.57
11.06
11.37
11.65
11.25
12.25
11.78
11.52
11.13
10.78
10.75
10.74
8.29
11.43
9.56
9.37
9.84
9.88
9.58
9.72
9.86
10.07
10.29
10.7
10.36
10.69
11.45
11.11
10.92
10.81
10.74
10.46
10.42
11.19
10.55
10.27
11.01
11.19
11.02
10.36
10.82
10.65
10.47
11.57
11.18
12.28
4.51
10.52
11.81
10.15
10.26
9.56
9.82
10.06
9.93
9.64
9.88
10.07
10.04
10.55
10.73
11.07
10.89
10.69
10.56
10.37
10.2
10.2
11.05
11.75
12.35
11.59
11.75
12.02
11.98
11.01
10.72
10.47
10.39
10.29
4.51
10.18
12.3
10.31
10.36
10.1
9.76
10.04
10.08
10.43
9.93
10.31
10.27
10.7
10.58
10.77
10.82
10.63
10.09
10.76
10.71
10.74
10.48
10.28
11.01
11.02
11.22
11.62
11.84
11.87
11.95
11.91
11.9
4.45
9.5
11.16
9.05
9.11
9.32
9.18
9.08
8.88
8.85
8.54
8.68
9.14
10.03
9.85
10.18
10.26
10.14
10.23
10.36
10.8
11.31
11.52
11.25
11.35
11.53
11.35
10.8
11.15
11.45
11.59
11.59
3.85
8.38
12.8
9.47
9.64
9.95
10.06
10.23
10.34
10.05
10
10.2
10.29
10.52
10.83
10.75
11.17
11.16
11.26
11
10.9
10.66
11.23
10.91
10.72
11.08
10.91
11.36
11.55
11.28
11.26
9.04
13.15
14.4
11.41
11.48
11.6
11.37
11.31
10.87
10.92
10.35
10.52
10.89
10.34
10.42
10.29
10.33
10.2
10.82
10.99
10.91
10.71
10.95
10.78
11.16
11.25
11.48
11.3
11.19
5.94
10.59
11.74
10.31
9.75
9.82
10.13
10.12
10.28
10.31
10.14
10.29
10.22
10.45
10.44
9.85
9.93
9.66
9.34
9.11
9.35
9.69
10.51
10.6
10.07
9.59
10.2
10.42
4.21
8.51
11.48
11.99
9.46
9.22
9.54
9.94
10.2
10.57
10.39
10.15
9.77
10.21
9.83
9.33
9.84
9.95
9.66
9.2
9.91
10.37
10.83
11.21
11.81
11.86
12.07
5
9.01
11.26
11.58
9.51
9.01
9.05
9.29
9.98
9.65
9.98
10.25
10.93
10.99
11.02
11.16
11.08
11.6
11.23
11.15
11.35
11.73
12.32
15.86
13.59
4.44
9.53
11.56
13.37
12.88
10.68
10.46
10.65
10.52
9.71
9.91
9.93
9.58
9.93
10.44
10.83
11.31
11.77
15.81
13.59
12.42
10.97
8.26
4.9
9.07
10.08
11.14
13.42
13.68
14.45
15.1
15.3
14.94
14.55
13.3
12.22
11.89
11.88
9.15
6.45
3.69
3.89
5.86
6.9
7.31
7.52
7.59
7.29
6.71
4.72
6.05
12.8
9.82
9.8
9.54
9.01
9.55
9.81
10.05
11
11.05
11.35
12.01
13.03
13.81
14.24
14.31
15.1
15.67
16.36
15.15
14.51
15.84
16.08
14.27
14.01
13.32
13.46
13.4
12.18
11.99
10.38
10.44
10.63
9.76
10.22
10.26
9.28
8.8
8.51
8.12
7.96
5.87
12.88
9.92
9.47
10.27
10.63
10.91
11.59
11.55
11.84
11.95
12.89
13.25
13.55
13.26
14.09
14.67
14.75
15.63
15.45
15.7
15.57
15.28
15.78
16.42
14.85
14.92
13.4
12.37
11.57
11.31
11.25
10.72
10.79
10.64
9.27
8.76
8.88
8.98
7.95
7.33
7.35
5.2
12.27
10.31
10.39
10.26
10.5
10.68
11.14
12
12.15
12.4
12.03
12.66
13.08
13.79
12.76
13.59
13.85
14.15
15.32
16.32
15.81
16.17
15.05
14.35
14.42
15.19
15.44
14.23
13.17
11.7
11.09
11.25
10.57
9.62
9.27
8.87
8.73
8.23
8.1
7.5
7.49
3.66
12.89
9.53
9.64
9.7
9.64
9.85
10.36
10.68
11.1
11.53
11.84
13
13.25
13.43
14.91
13.97
13.45
13.77
14.94
15.12
16.32
16.01
15.61
15.25
14.53
14.79
14.09
13.35
12.24
12.71
12.45
11.24
10.57
9.76
9.7
9.86
9
8.49
8.17
7.62
8
10.22
9.79
10.01
9.76
9.49
10.04
10.13
10.42
10.66
10.91
10.48
11.15
11.55
12.17
12.21
12.21
13.32
13.14
12.73
13.13
13.06
13.54
14.23
13.59
13.52
13.52
11.77
11.76
12.09
11.61
11.42
11.2
10.24
10.75
9.64
8.91
8.84
8.67
8.51
7.96
7.65
10.48
10.55
10.54
11.17
10.97
11.02
11
11.95
10.81
11.88
11.59
12.34
12.44
13.03
13.68
13.85
12.19
12.6
13.05
13.63
14.36
15.27
14.02
13.5
13.14
13.17
13.44
13.86
13.13
12.73
11.57
10.53
10.43
9.8
9.94
9.56
9.13
9.27
8.87
9.04
8.58
9.18
12.52
9.58
9.94
10.2
10.01
9.98
10.32
10.2
10.73
10.67
11.05
11.26
12.32
12.34
11.84
12.44
13.67
13.45
12.68
12.8
13.04
14.06
13.71
13.89
13.05
12.76
13.14
13.89
13.72
12.45
11.62
11.85
11.36
11.2
10.68
10.5
9.19
8.88
9.33
9.68
8
13.53
10.45
10.18
10.55
10.25
10.39
10.04
10.12
10.46
11.21
11.52
11.91
11.8
12.6
11.99
11.32
12.38
13.2
14.26
13.89
14.4
13.8
13.59
14.18
14.29
14.76
14.82
14.23
14.15
13.57
12.99
12.73
12.05
12.21
11.06
10.74
10.78
11.24
10.77
9.35
4.68
14.7
10.28
10.14
9.77
9.89
10.15
10.49
10.26
10.37
10.99
11
10.68
10.82
11.76
11.92
12.65
12.96
12.71
13.34
14.24
14.17
15.08
14.98
13.63
13.99
14.18
14.3
13.92
13.51
13.78
13.24
13.91
13.79
12.82
12.71
12.43
11.88
12.2
11.54
10.37
10.1
9.92
10
10.19
10.24
10.49
10.57
10.39
10.29
10.79
11
11.89
11.61
11.99
11.08
10.72
11.44
11.4
11.64
10.98
12.06
11.73
11.78
11.72
12.92
13.9
13.72
12.77
13.15
13.52
12.77
11.96
11.69
12.13
12.45
12.19
12.31
11.99
11.61
11.94
9.14
12.79
9.89
9.68
9.89
9.44
9.44
9.79
10.72
10.43
10.82
10.5
10.7
11.14
12.08
12.44
13.04
13.62
13.73
13.69
13.33
13.18
12.92
13.48
12.99
13.94
13.44
13.63
13.17
13.14
13.17
12.77
12.53
12.03
11.32
11.81
11.2
10.93
10.59
11.3
5.65
13.43
8.88
9.27
9.46
9.91
10.13
9.83
10.28
10.87
10.87
11.03
11.39
11.53
11.31
12.33
12.23
11.97
12.15
11.91
12.4
14
14.31
14.73
14.32
14.21
14.53
14.22
13.82
12.64
12.6
13.47
12.47
12.06
11.4
11.76
12.21
12.15
11.96
11.86
11.01
10.7
10.67
11.21
11.19
11
11.14
11.13
11.35
11.28
10.72
10.32
10.02
10.99
10.93
11.6
11.7
12.44
12.44
12.51
12.82
12.71
13.14
13.14
13.67
13.85
13.5
13.5
14.07
13.3
12.53
12.37
12.38
12.26
11.19
11.2
11.33
11.33
11.6
8.69
12.2
10.21
10.19
10.74
10.33
10.28
10.42
10.2
10.1
10.7
10.94
10.14
10
9.57
10.66
11
10.78
11.19
11.35
11.6
11.29
10.72
11.34
11
11.08
11.58
11.9
12.37
11.82
11.98
11.34
11.23
11.41
12.11
12.04
12.23
12.02
11.77
5.66
12.92
10.07
10.42
10.22
10.11
10.33
10.36
10.88
10.78
10.89
10.88
10.63
10.95
10.99
10.43
10.47
10.34
11.16
11.51
12.18
11.89
11.8
12.39
12.37
11.86
11.96
11.93
12.19
12.36
13.26
14.07
14.44
14.06
13.75
13.95
12.71
12.28
11.74
8.57
12.46
10.3
10.63
11.14
11.06
10.99
11.23
10.82
10.74
10.58
10.73
11.37
11.11
11.73
12.44
12.57
12.43
11.6
11.26
11.35
10.91
10.49
10.5
11.24
11.42
11.61
12.32
12.07
11.73
11.91
12.57
13.01
13.51
12.49
11.37
11.42
10.99
5.87
12.56
9.97
10.07
9.61
9.65
9.81
10.11
10.4
10.55
10.56
10.84
10.17
9.93
10.46
11.05
11.06
11.2
10.43
11.3
11.45
11.59
10.95
10.95
11.56
12.02
11.71
11.87
12.43
12.41
12.03
11.5
11.21
11.13
11.96
12.37
12.18
11.87
7.74
12.08
9.68
10.5
9.84
10.13
9.81
9.21
9.58
9.85
10.27
10.44
10.1
10.13
10.35
10.59
10.94
11.31
10.74
10.96
10.97
11.12
11.48
11.5
12
11.85
12.04
12.17
11.79
11.73
12.16
12.41
13.14
12.97
13.27
13.75
13.56
5.4
11.35
14.36
10.56
10.33
10.59
10.19
10.05
10.06
9.86
10.2
10.73
10.46
10.82
10.24
10.73
11.57
11.35
10.64
11.23
11.15
11.11
10.94
10.51
11.1
11.84
11.86
11.76
11.81
11.77
11.47
11.42
11.15
10.66
11.05
11.6
12.47
6.63
13.81
9.97
9.14
9.04
9.02
9.47
9.78
9.89
9.7
9.72
8.97
9.47
9.56
9.4
9.7
9.65
10.55
10.5
10.77
10.62
10.88
11.16
11.39
11.65
12.45
12.24
11.36
11.01
11.25
11.33
11.41
11.72
11.68
10.87
10.85
8.19
11.21
8.8
9.07
9.49
9.26
9.32
9.11
9.05
9.24
9
8.93
8.99
9.45
9.39
9.27
9.21
9.26
9.51
9.85
10.6
9.7
10.29
10.48
10.74
10.62
11.09
11.96
12.34
12.48
12.04
11.59
12.14
10.99
11.78
5.11
11.08
13.25
10.5
10.19
10.42
10.23
11.03
11.06
11.15
10.51
10.85
10.8
10.8
10.76
10.42
10.32
9.55
10.11
10.19
10.46
10.7
10.38
11.06
11.14
11.41
11.9
10.93
10.37
10.67
10.78
10.87
11.08
11.73
11.53
5.78
10.22
11.57
9.74
9.58
9.81
10.05
10.54
10.26
10.25
10.15
10.17
10.31
10.43
9.87
10.25
10.24
10.36
10.66
11.54
11.67
11.61
11.53
12.39
11.91
11.32
11.09
10.94
10.75
11.08
11.08
10.74
11.13
11.33
6.59
12.31
13.58
9.86
10.61
10.74
10.52
10.28
10.1
9.6
9.72
9.73
9.59
9.59
9.24
9.86
9.58
9.62
9.76
10.13
10.3
10.31
10.09
10.33
10.49
10.55
10.18
10.21
10.19
9.92
9.82
9.91
10.46
6.55
11.41
11.94
9.44
9.24
9.6
9.84
10.31
10.47
10.54
10.96
11.26
10.96
10.74
10.49
11.16
11.58
11.21
10.77
10.54
10.59
10.47
10.54
9.86
9.72
9.63
9.63
9.78
10.13
10.04
10.61
10.77
6.87
11.7
12.43
10.09
10.26
10.28
9.76
10.19
10.6
10.73
10.94
10.24
9.35
9.76
9.51
9.87
9.98
10.01
9.88
9.9
10.11
10.51
10.44
10.32
10.17
10.35
10.91
11
11.13
11.18
11.44
5.49
10.82
11.88
10.23
10.01
10.37
10.21
10.13
10.65
10.93
10.89
11.07
10.89
10.87
10.99
10.86
10.84
10.56
10.24
10.74
10.58
10.46
11.11
11.37
10.93
11.38
11.43
11.39
11.09
11.32
5.13
9.34
12.02
11.5
8.95
8.78
9.08
8.61
8.35
8.39
8.38
8.77
8.18
8.92
9.27
10.07
10.8
10.13
9.73
10.11
10.37
10.19
10.29
10.67
9.65
9.69
10.27
10.36
10.12
6.29
11.22
11.89
9.95
9.6
9.66
9.65
9.59
9.33
9.79
9.72
9.75
9.6
9.74
9.81
9.44
9.74
9.71
10.46
10.75
11
11.47
12.19
12.2
11.68
11.43
11.55
4.77
8.94
11.73
12.99
10.18
9.36
9.63
9.67
9.17
8.72
9.25
9.19
9.45
9.23
9
9.74
9.94
9.89
9.71
10.1
10.2
10.9
10.99
11.05
11.06
10.88
5.34
9.11
12.22
12.84
12.58
9.81
9.84
9.21
9.41
9.6
9.97
10.25
10.05
9.42
9.28
9.19
9.29
9.95
10.28
10.36
10.42
14.11
12.01
9.83
4.04
7.37
10.64
12.54
13.77
14.03
12.95
10.15
10.31
10.53
10.71
11.02
11.22
11.12
11.52
15.53
13.67
12.71
11.5
9.28
6.2
3.6
5.53
7.42
9.54
10.89
11.39
11.8
12.19
12.2
12.05
11.4
11.55
10.17
8.05
5.02
10.03
9.82
9.91
9.49
9.25
8.98
9.04
9.06
10.08
10.9
10.57
10.76
10.98
12.13
11.72
11.5
11.74
12.74
13.5
14.52
14.13
15.18
16.64
16.8
15.74
14
14.29
14.47
14.91
14.05
13.97
13.02
13.11
12.43
11.84
11.13
10.42
9.81
9.29
9.38
8.74
9.41
9.52
9.96
9.84
10.14
9.98
9.69
9.54
9.92
10.09
10.46
9.82
10.07
11.24
11.97
12.14
13.56
13.82
13.08
14.76
15.55
15.9
15.03
16.08
15.45
14.69
14.38
14.23
13.69
12.85
12.42
11.73
10.59
10.75
10.25
9.29
8.92
8.9
9.16
8.71
8.48
9.73
10.04
10.37
10.59
10.81
11.2
10.92
11.09
11.02
10.78
11.08
10.17
11.24
12.46
11.65
11.66
12.52
12.71
13.49
14.13
15.2
13.38
14.85
14.11
13.3
13.48
14.87
14.8
13.56
13.13
12.18
11.36
10.8
10.08
10.67
10.56
10.35
10.01
9.33
8.84
8.71
8.62
13.1
9.89
9.82
9.77
9.5
9.05
9.09
9.58
9.81
9.88
11.53
12.19
11.54
12.01
12.2
12.16
12.85
12.25
12.74
12.46
14.81
14.53
13.88
13.68
12.74
12.92
13.09
13.84
12.76
12.24
12.38
12.26
11.83
11.65
11.19
11.31
10.44
10.07
9.43
8.79
7.65
13.29
9.86
10.02
9.96
10.37
10.61
10.26
10.75
10.8
10.42
10.42
10.52
12.31
12.61
12.47
12.73
13.61
13.28
12.74
13.41
13.94
13.27
13.37
13.66
12.58
11.86
12.36
12.56
12.58
12.36
11.8
12.07
12.04
11.84
11.61
10.35
10.71
9.65
9.82
9.28
6.44
12.43
8.95
8.9
9.27
9.29
8.8
9.81
9.9
10.29
10.15
10.59
10.46
9.88
10.53
11.69
11.56
11.88
12.31
12.57
13.47
13.72
13.22
15
14.9
14.73
14.26
14.42
15.17
14.63
14.09
13.17
11.46
11.17
11.29
11.6
11.95
11.27
10.93
10.53
10.23
4.45
13.86
10.38
10.19
9.53
9.62
9.93
9.48
9.94
9.9
8.92
9.34
9.76
10.63
10.94
10.49
11.81
12.22
12.65
13.27
12.62
13.23
13.74
12.85
13.48
14.31
14.6
15.15
14.62
13.95
13.68
13.23
12.86
12.53
13.05
13.04
12.03
11.62
11.66
11.58
11.02
10.17
10.03
10.37
9.84
9.96
9.9
10.17
10.32
10.68
10.48
11.26
11.12
10.34
11
10.72
11.34
12.72
12.83
13.09
13.39
14.21
14.64
15.18
14.85
14.74
13.78
13.05
13.17
13.85
14.3
14.48
14.06
14.35
13.58
12.85
12.09
11.12
11.35
11
11.33
9.31
12.18
9.25
9.14
9.12
9.04
9.05
9.13
9.11
9.7
9.36
9.88
10.33
10.44
10.69
10.31
10.56
10.41
10.32
11.85
11.62
12.74
13.56
14.4
13.4
13.06
13.25
13.46
13.68
13.63
13.6
13.1
11.8
11.56
12.05
12.15
11.86
10.83
11.72
11.98
8.02
12.59
9.48
9.68
9.55
9.32
9.67
9.13
9.17
9.74
9.78
10.07
11.09
10.27
11.02
11.42
11.1
11.57
11.86
11.73
11.36
11.36
11.42
11.52
11.74
11.38
12.29
12.16
12.89
12.62
13.3
13.39
12.53
12.46
12.37
12.89
13.14
12.38
11.51
11.77
4.51
13.51
10.61
10.98
10.72
11.16
11.59
11.24
11.38
11.13
10.64
11.51
11.64
11.23
11.89
12.36
12.13
12.04
12.54
12.15
12.39
12.14
12.25
12.31
12.94
11.88
11.53
11.36
10.63
12.09
13.11
13.77
12.92
12.71
12.36
12.59
11.93
11.89
12.3
11.23
9.64
13.58
10.01
10.1
10.15
10.13
10.46
10.69
11.72
11.99
11.22
10.95
10.52
11.07
10.67
11.09
11.91
12.42
12.54
11.81
12.17
12.73
12.34
12.45
12.4
12.74
13.03
13.08
13.03
12.34
13.13
13.25
12.74
12.05
12.79
13.37
13.55
13.05
12.39
8.16
13.41
9.93
9.91
9.67
10
9.81
9.82
9.64
9.25
10.03
10
10.92
10.99
10.77
10.86
11.12
11.64
11.5
11.26
11.86
11.97
11.81
12.66
12.05
11.7
12.38
12.87
13.1
13.98
13.93
14.01
13.44
13.76
13.99
13.07
12.53
13.2
13.09
4.51
12.54
10.34
9.57
10.02
9.38
8.92
9.1
9.48
9.42
9.03
9.25
9.75
10.43
10.3
10.12
9.85
9.23
9.14
9.54
10.18
10.86
11.74
11.89
11.33
11.22
11.54
10.64
10.71
10.91
11.02
11.79
11.84
12.26
11.81
12.71
13.01
13.53
13.42
8.08
11.79
10.19
9.97
9.76
9.8
9.91
9.78
9.83
9.52
9.53
10
9.97
10.36
10.91
11.2
11.65
11.29
10.92
11.59
11.78
11.58
12.44
12.75
13.63
13.24
13.89
13.85
12.82
13.17
12.42
11.88
10.67
11.36
11.58
11.68
11.37
12.03
5.09
12.48
9.08
8.98
9.15
8.7
9.13
8.98
9.28
9.87
10.15
9.53
9.96
10.35
10.02
10.26
10.73
11.25
11.76
10.94
10.48
10.66
10.38
10.85
10.75
11.17
10.62
10.58
11.09
11.57
11.67
12.07
11.74
12.2
11.97
11.77
12.27
13.05
7.62
12.27
9.67
9.63
9.67
9.61
9.31
9.8
9.36
9.57
9.77
9.6
10.38
10.1
10.35
10.39
10.13
11.13
10.79
10.51
11.38
11.96
11.68
11.46
12.03
12.04
12.62
12.01
12.04
12.12
12.17
12.54
12.09
12.26
12.38
12.65
12.74
5.27
11.19
13.64
10.44
10.23
10.06
9.89
9.89
10.13
10.24
10.04
10.05
10.05
10.89
10.91
10.69
10.28
10.81
11.07
11.55
11.38
11
10.96
11.33
10.55
11.25
11.84
12.49
12.98
12.4
11.85
11.88
12.62
13.87
13.05
12.75
12.75
5.86
14.19
9.22
9.42
9.66
9.17
9.12
9.51
9.96
9.64
9.86
9.57
9.48
9.24
9.33
9.2
9.39
10.08
10.29
11.39
11.42
11.05
11.2
11.87
11.02
10.61
11.2
11.72
12.38
12.49
11.82
11.05
10.75
11.46
11.62
11.58
9.48
12.15
9.64
9.64
10.34
10.17
10.28
10.05
10.37
10.37
10.68
10.45
9.6
9.59
9.07
9.49
9.66
10.05
10.1
10.79
10.92
11.04
9.99
9.97
10.3
10.89
11.47
11.43
11.4
11.37
11.43
11.5
10.73
10.84
10.73
5.66
11.29
13.77
11.49
11.11
10.72
10.43
10.41
10.76
11.14
11.15
10.71
11.18
11.02
11.45
11.69
11.35
11.17
10.93
9.92
10.13
11.03
11.02
10.65
10.25
11.16
10.95
11.06
11.37
10.98
11.68
12.01
10.98
11.16
11.52
6.75
12.23
13.34
9.61
9.53
9.68
9.96
10.25
10.37
10.53
10.33
10.91
11.05
10.67
11.3
11.08
10.45
10.21
10.82
10.48
10.38
10.57
10.86
11.2
11.46
10.68
11.27
11.86
12.01
12.14
12.06
12.23
11.12
10.95
7.49
14.51
9.9
10.35
9.87
9.84
9.74
10.06
10.14
9.89
9.8
9.79
10.09
10.26
10.62
11.16
11.06
10.88
10.93
10.4
10.01
10.78
10.55
10.71
10.41
10.63
11.31
11.92
11.63
11.93
11.76
12.05
12.15
8.1
12.28
9.86
9.3
8.92
8.93
8.65
8.44
8.39
8.23
8.3
8.82
9.78
10.33
10.17
10.67
11.08
11.24
11.13
11.22
10.94
11.44
10.92
11.35
11.58
11.52
10.59
10.59
10.99
11.19
10.55
10.63
8.38
11.95
13.19
10.27
10.7
10.48
10.9
10.78
10.33
10.03
9.8
9.28
9.47
10.06
10.06
9.82
9.62
9.59
10.15
9.81
9.79
9.65
9.96
10.4
10.63
11.03
11.34
11.75
11.68
10.98
10.77
7.06
12.46
12.44
9.19
9.58
9.67
9.19
9.18
9.13
9.35
9.23
9.83
9.54
9.57
9.71
9.57
9.54
9.58
9.72
9.67
10.22
10.54
10.46
10.5
11.2
10.87
10.99
11.26
11.39
10.95
6.74
11.11
12.14
10.26
10.65
10.65
10.07
9.99
10.31
10.79
10.71
10.47
10.25
10.19
10.64
10.36
10.19
9.95
9.49
9.65
9.88
10.01
10.28
10.34
10.58
10.31
10.16
9.79
9.99
5.99
10.47
13.08
12.58
9.75
9.26
9.46
9.9
9.73
10.14
9.99
9.76
9.61
9.5
9.5
9.12
9.54
9.49
9.45
9.93
10.02
10.1
9.71
9.75
9.89
10.15
10.29
10.46
6.32
11.94
13.3
12.79
9.55
9.95
10.15
10.19
10.28
10.7
11.02
10.9
11.43
11.4
11.89
11.67
11.35
11.38
11.02
10.86
11.01
10.9
10.9
10.77
10.43
10.88
5.01
7.56
12.3
13.17
13.05
11.01
11.2
10.91
10.76
10.46
10.65
10.69
10.5
10.73
10.84
10.54
11.18
11.25
10.99
11.02
11.76
11.25
11.09
14.97
12.55
4.58
7.38
10.76
12.81
13.37
12.89
10.8
10.7
10.51
10.32
10.58
10.19
10.13
10.57
10.62
10.71
10.3
9.65
12.27
10.72
10.17
8.6
7.09
4.87
6.78
9.69
10.83
12.87
13.68
14.02
13.94
14.11
14.31
13.79
13.1
11.81
10.52
10.01
8.67
7.25
3.74
3.89
5.94
6.62
7.41
7.82
7.56
7.43
7.17
6.13
4.12
6.29
12.72
9.75
9.7
10.15
10.65
11.01
11.38
11.56
11.35
11.4
11.67
12.54
12.5
13.3
13.39
12.68
12.93
14.03
14.05
14.27
13.48
14.51
15.05
15.01
15.06
13.73
13.48
14.54
14.47
13.42
13.55
13.33
12.6
12.22
11.81
11.67
11.31
11.56
10.68
10.5
5.48
12.01
9.54
9.48
9.58
9.58
9.68
9.98
9.8
10.21
11.16
10.67
9.78
10.04
10.24
10.98
10.66
11.11
11.73
11.09
11.86
13.56
14.6
14.1
14.01
14.05
12.59
12.61
12.46
13.13
13.06
13.03
12.83
12.51
12.41
12.17
11.49
10.49
9.8
10.18
10.17
5.39
11.2
9.15
8.88
8.65
9.38
9.98
10.14
10.41
10.78
11.03
11.36
11.52
12.57
12.97
12.87
12.89
12.71
12.41
13.85
14.29
13.37
12.31
13.54
13.44
13.15
12.96
14.44
13.98
13.32
13.7
12.69
11.59
11.17
11.41
12.22
11.27
10.3
9.76
9.18
8.82
3.5
12.28
10.11
9.95
9.66
9.7
9.75
10.12
10.28
10.58
10.69
10.9
10.57
10.71
12
11.92
11.96
11.97
13.29
13.58
13.84
12.8
13.38
14.3
14.29
13.68
13.71
12.55
11.95
11.96
11.26
11.54
11.9
11.91
12.26
11.84
11.52
11.1
10.88
11.03
10.99
9.51
9.24
9.19
9.6
9.74
9.83
9.74
10.54
10.97
10.95
11.29
11.89
11.8
12.11
12.37
11.94
12.19
12.46
13.28
13.75
14.49
14.24
13.29
14.2
15.16
14.37
15.47
15.3
15.68
14.83
13.48
13.29
13.16
12.72
13.81
12.75
12.83
12.52
11.5
11.4
9.7
9.67
9.55
9.64
9.69
9.78
9.71
9.32
9.61
10.24
10.13
10.38
10.75
11.15
12.01
11.47
11.51
12.57
12.62
12.62
12.57
13.42
13.87
13.73
14.54
14.46
12.91
12.82
12.61
12.61
12.74
12.68
12.61
11.88
11.72
11.41
10.85
10.05
9.54
10.28
8.51
11.85
9.32
9.38
9.42
9.24
9.59
10.04
10.26
10.29
10.65
10.16
10.61
11.61
12.23
12.41
12.47
13.46
13.12
13.11
13.08
12.93
13.52
13.84
13.75
13.49
13.79
13.67
12.9
13.28
13.93
14.03
13.5
13.21
13.27
13.25
11.82
11.86
11.7
11.42
7.55
12.66
9.47
9.44
9.43
9.35
9.99
9.67
10
10.24
10.77
11.76
11.86
11.78
11.43
11.1
11.28
11.45
11.32
11.64
12.65
13.28
13.27
13.78
12.9
13.26
13.59
13.55
13.01
13.15
13.14
13.61
13.6
13.54
12.77
12.92
12.31
12.04
11.7
11.83
4.4
13.62
10.23
10.9
10.97
10.49
10.66
10.92
11.76
11.18
10.99
11.03
11.32
11.22
11.63
11.59
11.62
12.09
11.93
11.68
12.63
13.04
13.02
12.32
13.46
12.71
12.8
12.72
12.23
12.29
12.06
12.14
12.62
11.83
11.67
11.83
12.19
12.29
11.3
10.84
9.62
9.33
8.67
8.61
8.99
8.87
8.95
9
9.2
9.45
9.65
10
10.59
10.33
10.92
10.88
10.73
10.93
11.8
12.68
12.82
12.13
12.78
12.71
12.39
11.91
11.7
11.72
11.62
11.59
12.26
12.72
12.78
12.22
11.28
11.19
12.12
12.63
12.29
8.22
12.32
10.13
10.36
10.16
10.68
10.97
11.2
10.74
10.62
11.05
10.71
11.42
11.13
11.63
11.72
11.78
11.51
11.35
11.7
11.93
11.75
11.67
12
12.97
12.14
12.37
12.49
11.61
11.4
11.2
11.6
11.7
11.83
12.47
12.28
11.68
11.41
12.14
6.07
13.36
10.42
10.45
10.74
10.76
10.69
11.4
11.96
12.09
12.17
11.97
12.3
11.94
11.73
12.06
12.34
11.65
12.38
12.09
11.96
11.65
11.56
10.12
10.87
11.53
12.14
12.9
12.53
12.91
11.54
12.01
12.43
12.66
11.69
11.58
12.24
12.04
11.99
8.58
12.6
9.93
10.24
10.08
10.27
10.24
10.5
10.69
10.61
10.63
10.86
10.83
10.91
11.43
12.25
12.29
12.17
12.4
13.21
12.51
12.29
12.39
12.39
12.7
11.86
11.56
12.34
12.75
13.42
13.74
12.69
12.69
12.04
11.46
10.5
10.73
11.24
7.82
12.28
9.49
9.36
9.33
9.44
9.62
9.85
10.38
10.22
10.24
10.63
11.29
10.75
10.61
10.92
11.01
11.31
11.46
12.23
12.28
12.2
12.28
12.97
13.64
12.99
13.96
13.28
14.04
13.36
12.88
13.79
13.98
13.57
12.99
13.77
14.81
14.64
4.71
13.05
10.31
10.04
10.01
10.3
10.23
10.16
10.65
10.67
11.13
11.24
10.77
10.58
9.35
9.59
9.48
10.19
10.54
11.03
11.29
11.33
10.97
11.09
12.18
12.57
12.15
11.46
11.96
11.61
11.32
11.67
11.34
11.32
11.5
11.51
11.57
11.7
7.84
11.79
10.92
10.83
10.9
11.29
10.57
10.4
10.02
9.8
9.75
9.72
9.87
10.3
10.7
10.8
10.63
10.71
11
10.91
11.11
11.55
11.21
10.94
11.44
11.98
11.94
12.46
12.13
11.44
11.15
12.41
13.36
13.48
13.12
12.89
13.42
5.32
10.36
12.71
9.83
9.66
10.31
10.51
10.98
10.78
10.98
11.23
11.24
11.29
10.99
10.61
11.22
11.15
11.01
11.12
11.86
12.14
12.23
12.37
12.79
12.3
12.26
12.11
12.13
12.76
12.89
12.45
12.08
11.53
11.42
11.7
12.46
13.12
6.99
14.48
9.36
9.41
9.93
9.47
9.54
9.61
9.25
9.46
9.42
9.52
9.83
9.9
9.9
10.08
10.09
10.93
10.8
11.28
11.37
11.32
11.35
11.29
11.28
11.94
12.61
12.52
13.57
13.67
13.38
13.07
12.56
12.9
13.06
13.42
8.82
12.55
9.75
10.23
10.3
10.38
10.75
10.79
10.95
11.08
11.26
11.63
11.81
11.85
11.55
11.27
11.2
11.07
10.57
10.95
11.49
11.58
11.5
12.19
12.24
11.74
11.68
11.98
12.41
13.06
13.13
13.39
13
12.57
12.26
6.63
11.54
13.89
11.27
10.69
10.13
9.92
9.43
8.86
8.82
9.1
9.45
10.08
10.14
10.32
10.58
10.4
10.15
10.51
10.8
11.46
11.28
11.2
11.5
11.76
11.95
11.66
12.09
11.78
11.94
12.28
12.99
13
13.34
12.91
6.68
12.96
9.38
9.19
9.51
9.86
10.23
10.94
11.23
11.29
11.64
11.56
11.54
10.79
10.26
9.8
10.14
10.17
10.13
10.55
10.69
11.04
11.62
11.81
11.32
11.36
12.15
12.4
12.19
12.24
12.3
12.1
12.02
12.4
7.87
11.79
9.78
9.99
10.27
9.72
9.26
8.6
8.85
8.86
8.86
9.28
9.88
10.13
10.36
10.45
10.65
10.84
10.12
9.88
9.67
9.75
10.3
10.6
10.88
10.83
10.58
11.28
11.19
11.36
11.93
12.27
12.43
8.34
11.21
9.97
10.13
10.45
9.84
10.29
10.29
10.24
10.33
9.81
9.74
9.43
9.18
9.29
10.52
10.23
10.44
10.6
11.53
11.46
11.18
10.98
11.26
11.45
11.97
11.88
11.67
12.08
12.29
12.35
12.88
4.06
9.39
11.35
10.01
10.38
10.73
10.79
10.68
11.27
11.21
10.98
11.41
10.94
11.03
10.63
10.38
10.3
10.47
10.67
11.04
10.81
10.78
11.45
11.64
11.47
11.73
11.8
11.03
10.53
10.34
11.02
11.18
4.53
8.76
12.97
10.03
10.08
9.49
8.99
9.16
9.47
9.87
10.35
10.8
10.99
11.25
10.94
11
10.89
10.42
9.76
9.6
9.73
10.01
10.19
10
9.68
10.31
10.66
10.74
11.16
10.74
10.33
7.93
12.07
11.92
9.16
8.91
9.12
9.99
9.73
9.9
9.11
9.13
9.3
9.71
9.69
9.73
9.89
10.18
11.01
10.89
10.84
10.46
11.17
10.78
10.31
10.56
10.21
10.34
11.29
11.73
7.12
11.69
12.83
10.8
11.13
11.05
10.56
10.71
11.01
10.7
10.32
9.78
9.92
10.32
10.64
10.28
9.39
9.45
9.62
9.89
9.06
9.28
9.31
9.56
10.16
10.53
10.67
10.44
5.74
9.81
12.34
12.54
10.62
10.61
10.37
10.19
10.35
9.88
10.25
10.22
10.15
10.3
10.58
10.91
11.04
10.71
10.04
9.94
10.02
9.85
10.07
10.57
10.89
10.63
10.73
5.8
9.7
12.21
11.46
8.48
8.31
8.64
9.14
9.37
9.5
9.97
9.76
9.75
9.8
9.41
10.05
10.11
10.14
9.53
9.36
9.59
9.6
9.98
14.95
13.15
6.76
10.17
13.12
13.44
13.36
10.66
10.72
10.43
9.87
10.09
10.56
10.78
11.05
10.41
10.34
10.46
10.66
10.34
10.27
13.82
11.49
10.73
8.41
4.98
7.97
10.62
12.94
13.07
13.02
13.03
10.28
10.16
9.93
10.03
9.99
14.62
14.14
14.22
12.69
11.64
10.15
7.76
4.41
4.85
7.65
8.34
9.31
10.24
11.11
11.32
11.28
10.75
9.7
8.97
8.99
7.54
3.98
9.06
10.1
9.91
9.98
9.77
9.12
9.09
9.43
9.27
9.75
9.94
9.64
10.06
10.81
11.19
12.06
11.08
12.12
12.88
13.2
12.95
13.6
13.96
13.5
14.23
14.05
13.87
13.54
13.14
14.03
13.52
12.69
13.03
12.46
12.75
11.79
11.77
11.12
11.11
10.79
8.58
13.51
10.87
11.13
10.73
10.84
11.13
11
11.45
11.75
11.99
12.15
11.91
12.51
12.1
12.58
12.43
12.94
12.66
12.87
12.78
12.96
13.77
14.12
13.18
14.52
13.64
13.21
13.11
12.9
12.69
13.55
13.03
12.53
11.93
11.88
11.4
10.62
9.93
9.92
7.84
13.73
10.23
9.98
10.62
9.67
9.21
9.3
9.82
10.68
11.56
10.89
10.84
10.09
11.08
12.03
12.35
12.67
13.19
12.74
12.73
12.25
12.78
12.75
13.97
14.01
13.84
15.03
15.54
14.3
14.11
14.17
13.94
12.83
11.65
11.57
11.8
10.75
10.03
9.58
7.57
12.85
9.01
9.39
9.23
9.57
9.77
9.45
9.31
9.35
9.09
9.42
10.15
11.17
11.57
11.95
11.63
11.33
12.08
12.92
13.38
13.81
13.27
13.37
13.5
13.33
13.42
13.27
12.54
12.26
12.11
12.36
12.89
12.29
11.6
11.36
11.34
11.44
11.69
12.3
7.55
13.19
9.97
9.95
10.38
10.47
10.33
10.34
9.85
10.1
10.01
10.16
11.08
10.36
10.99
11.79
11.89
12.78
12.76
12.95
12.59
12.73
13.13
13.08
14.08
14.48
13.68
12.95
13.04
13.25
14.35
13.91
13.38
13.19
12.69
13.08
13.04
13.15
12.68
11.54
5.67
12.13
9.66
10.34
9.88
9.78
9.99
10.7
10.95
10.96
10.34
10.26
10.42
10.75
11.38
11.48
11.74
12
11.4
11.01
11.22
11.37
11.45
10.67
11.01
11.6
12.29
12.74
12.17
11.53
12.23
11.83
11.78
11.66
11.25
11.72
12
11.56
12.11
12.08
3.8
12.24
10.05
10.64
10.54
11.03
10.89
10.67
10.68
10.76
11.05
10.82
10.43
10.31
10.7
11.11
11.36
10.87
11.29
11.55
12.36
12.47
12.55
12.8
12.25
12.37
12.38
12.19
12.1
12.5
12.47
12.63
12.31
12.08
11.15
11.8
12.27
11.53
10.82
10.77
8.55
12.59
9.44
9.56
9.77
9.77
10.22
10.66
11.32
10.8
11.14
10.88
10.49
10.88
10.9
10.92
9.89
10.78
11.39
10.43
10.52
11.58
11.41
11.57
12.58
13.04
12.31
12.02
12.09
12.75
13.19
13.27
13.27
13.42
12.86
11.67
11.1
11.78
11.34
8
13.29
10.15
10.44
10.67
10.14
9.63
9.36
10.19
10.35
10.78
11.67
11.42
11.38
11.77
12.33
11.71
11.93
11.38
11.56
11.88
12.34
12.94
12.67
12.61
12.87
12.64
12.43
11.94
11.95
11.67
11.27
11.92
12.04
11.49
11.52
11.78
11.87
12.12
6.77
12.88
9.93
10.23
10.11
10.24
10.25
10.16
10.31
10.51
10.56
10.77
10.32
10.88
10.94
10.35
10.83
11.7
11.87
12.25
13.04
13.27
12.99
12.76
13.05
13.7
12.68
12.55
12.55
13.05
12.39
12.82
13.33
13.45
13.1
11.67
11.52
11.37
11.42
3.89
12.12
9.33
9.13
9.42
9.47
8.84
9.02
9.41
9.48
9.35
9.25
9.15
9
9.84
10.05
11.01
10.86
10.69
10.74
11.17
11.92
11.73
11.9
12.68
13.87
14.34
14.02
14.68
14.49
14.55
14.72
14.23
13.53
12.64
12.78
12.6
12.5
11.41
7.33
11.94
9.75
10.12
9.94
9.76
9.9
9.9
9.63
10.33
11.25
11.05
10.9
11.18
10.76
11.28
11
11.26
11.26
11.46
12.28
11.62
11.27
10.52
11
10.57
11.09
10.96
11.04
12.23
12.47
11.57
11.79
12.34
11.57
10.67
11.4
11.84
5.35
12.49
9.24
9.43
9.7
9.73
9.81
9.81
9.31
9.59
9.19
9.81
10.34
10.09
9.93
10.22
9.99
10.68
10.92
10.15
10.67
11.25
10.94
10.8
11.22
12.25
11.72
11.79
12.22
12.15
12.38
12.65
13.03
13.39
14.2
14.14
13.14
12.56
8.57
11.92
9.51
8.9
9.1
9.34
9.22
9.08
9.14
8.85
8.99
9.01
8.99
9.23
9.9
10.07
10.76
10.95
11.02
10.83
10.97
11.45
12
10.75
11.5
11.34
11.03
10.69
10.63
11.25
11.53
11.94
11.63
11.83
11.58
11.96
11.67
6.92
11.49
8.86
8.74
8.99
9
9.01
8.99
9.47
9.67
9.75
10
10.35
10.17
9.54
9.89
9.74
10.16
10.64
11.15
12.69
13
12.63
13.13
12.84
11.94
12.48
12.27
11.77
12.51
12.86
12.33
12.59
12.03
11.11
10.89
11.39
4.2
10.24
13
10.14
10.27
10.05
10.56
10.99
11.02
11.27
11.12
11.02
11.2
12.06
11.51
11.57
12.03
12.23
11.24
12.66
12.29
12.03
12.93
13.2
13.11
13.17
12.4
11.97
11.88
11.83
11.03
11.09
11.41
12.36
11.99
11.63
10.92
6.47
13.98
9.93
10.27
10.91
10.55
10.51
10.19
10.06
9.94
10.56
10.08
9.93
10.38
9.99
9.51
9.9
10.14
10.08
9.59
10.3
11.28
10.9
11.07
11.89
12.13
12.91
13.49
13.81
13.59
13
12.69
12.26
12.5
11.97
12.11
8.5
11.81
9.48
9.07
9.57
9.46
9.64
9.25
8.97
9.07
8.94
9.59
9.51
9.72
9.98
9.7
10.06
10.22
10.45
10.18
11.02
11.57
11.53
11.29
10.88
10.2
10.52
10.96
10.77
10.33
10.85
10.7
10.17
10.93
11.22
5.8
11.22
13.19
9.31
9.47
9.72
9.98
10.08
10.11
9.91
9.79
9.73
9.94
9.87
10.19
10.18
10.29
10.71
11.45
11.99
11.79
11.34
11.51
11.75
11.48
11.21
10.68
11.1
11.04
11.48
10.95
10.37
10.96
10.95
10.84
7.35
14.95
10.9
10.75
10.53
10.48
10.72
10.87
10.68
10.89
10.92
11.15
11.33
11.55
11.5
11.32
11.93
11.32
10.74
10.14
10.19
10.04
10.07
10.32
10.52
10.26
10.79
11
10.43
10.54
10.8
11.27
11.42
11.26
8.03
11.11
10.12
9.91
10.24
9.72
9.36
9.3
9.44
9.33
9.6
10.31
10.28
10.53
10.77
10.4
9.88
9.95
10.4
10.57
11.02
10.94
10.99
11.28
11.01
10.88
11.31
11.91
11.8
11.24
11.32
11.89
12.18
4.88
9.98
11.14
9.7
9.28
9.05
9.21
9.6
9.88
9.99
9.98
10.2
10.52
9.9
9.45
9.74
10.25
10.1
9.69
9.8
9.91
9.8
10.2
10.11
10.19
9.65
10
10.5
10.74
11.11
11.82
11.72
11.23
5.13
9.91
11.38
9.67
9.63
9.58
8.9
8.79
8.69
9.08
9.73
9.37
9.3
9.66
9.71
9.51
9.7
10.23
10.21
10.1
10.07
10.34
10.22
9.96
10.07
10.43
11.29
11.77
11.16
10.28
10.65
10.46
5.18
9.61
11.59
9.9
10.05
10.41
10.51
9.61
9.4
9.87
10.03
10.12
10.16
10.3
10.64
10.44
10.42
10.81
10.62
11.03
11.04
10.71
10.88
11.18
11.36
11.46
11.13
11.29
10.75
11.25
11.64
5.66
10.44
12.48
13.06
9.62
9.86
10.04
10.18
9.76
10.3
10.64
10.39
10.02
10.26
10.2
10.52
10.18
10.52
10.82
11.28
11.47
11.63
11.88
11.23
10.77
11.08
10.81
11.36
11.26
10.8
4.5
7.79
12.11
12.38
10.1
10
9.82
9.84
9.56
10.17
11.12
11.46
11.23
11.18
11.08
11.27
11.58
11.53
11.49
11.49
11.69
10.97
11.33
11.56
11.84
11.45
11.11
11.2
10.33
6.96
11.5
13.13
13.71
10.14
10.24
10.04
10.03
9.93
9.86
9.68
9.76
10.12
10.09
10.34
10.13
10.5
10.37
10.33
10.25
10.23
10
9.89
10.1
9.79
10.28
10.3
4.81
7.92
11.9
12.46
10.49
10.27
9.88
9.94
10.6
10.67
10.38
10.33
9.57
9.52
9.11
9.41
9.69
10.09
9.79
9.69
10.02
10.31
10.52
10.84
11.08
11.16
6.03
9.6
13
13.18
13.24
10.48
10.37
10.5
10.5
10.9
10.66
10.67
9.99
9.57
9.69
9.84
9.99
10.1
10.11
9.83
10.31
14.4
11.52
10.29
5.6
7.72
10.37
11.48
11.83
11.49
9.4
9.79
9.7
9.3
9.01
8.9
9.06
9.05
8.99
13.31
12.77
11.68
10.11
9.22
7
5.29
7.79
9.66
10.19
11.27
11.18
11.54
12.26
11.8
11.03
10.58
10.41
8.73
8.12
6.93
4.48
4.11
5.72
6.5
7.02
6.97
6.54
4.29
4.69
10.89
10.1
10.28
10.12
9.54
9.84
10.02
9.87
9.7
9.43
9.52
10.39
10.73
10.86
10.54
11.64
11.13
11.53
12.32
12.74
13.85
12.9
12.58
11.82
11.82
12.47
12.65
13.29
13.03
12.71
12.77
11.55
11.02
11.18
11.56
10.82
10.48
11.17
11.09
3.05
12.03
9.93
9.98
9.7
9.66
9.4
9.01
9.6
9.97
9.89
10.64
11.03
10.64
10.6
10.93
10.91
10.87
11.23
11.21
11.9
12.22
12.25
12.72
12.12
12.4
11.89
12.07
12.08
13.29
12.95
12.57
13.26
13.71
14.62
13.34
12.77
12.88
11.96
12
9.86
10.08
10.72
10.57
10.44
10.07
10.35
10.74
11.27
11.64
11.56
11.27
11.87
11.64
11.63
11.05
10.88
10.53
11.06
11.32
11.74
12.5
12.89
11.49
12.2
12.98
13.09
13.59
13.74
15.05
14.34
12.97
12.58
12.8
12.28
12.46
12.4
12.75
12.14
10.36
9.92
9.74
9.76
9.54
9.44
9.73
10.41
11.01
11.43
11.79
11.66
11.65
11.48
10.81
11.33
10.74
10.51
11.02
11.86
11.68
12.38
12.63
12.62
12.85
12.95
12.42
11.5
11.81
11.76
11.68
11.73
11.99
12.76
12.72
12.33
12.36
12.31
12.79
9.12
12.71
10.12
9.83
9.93
10.38
10.9
11.41
11.24
10.62
10.25
10.39
10.58
11
12.14
12.5
12.05
11.84
11.91
12.77
12.51
12.27
12.35
11.78
11.83
11.54
11.32
12.27
11.53
10.93
11.88
11.58
11.28
11.5
12.14
12.85
12.65
11.84
11.61
8.43
14.13
10.77
10.9
10.94
11.02
10.56
10.68
9.74
10.39
11.03
11.47
11.04
10.98
10.56
11
10.26
9.96
9.61
9.75
10.13
11.27
11.46
11.27
11.07
11.27
10.82
11.98
13.5
12.59
12.69
12.69
13.24
13.26
12.43
12.57
13.56
13.58
13.64
7.33
12.7
10.08
10.38
10.52
9.71
9.87
9.95
10.19
10.19
10.2
10.41
10.61
11.05
10.91
11.25
12.38
11.77
11.55
11.59
12.36
12.67
12.74
12.78
12.49
12.34
12.84
13.37
12.35
11.87
11.58
12.93
13.74
13.66
13.69
13.93
13.57
12.9
13.12
4.95
12.86
9.34
9.27
9.02
8.39
8.5
8.53
8.1
8.77
9.02
9.24
9.56
10.12
11.06
10.87
11.82
11.48
12.05
12.06
13
13.17
13.26
12.97
13.05
13.06
13.24
12.97
12.21
11.88
12.31
11.88
12.48
13.37
13.1
12.92
13.09
12.44
11.66
8.91
12.65
9.28
9.23
9.75
9.75
9.67
9.82
9.69
9.88
9.85
9.76
10.51
10.73
11.46
11.71
12.01
12.71
12.47
12.32
13.2
13.39
13.49
13.04
13.47
13.35
13.63
13.04
14.36
14.03
13.36
13.2
13.43
13.85
14.38
14.47
13.69
12.94
8.51
14.1
10.22
10.43
10.61
10.35
10.35
10.03
10.37
9.99
10.3
10.45
11.06
10.45
10.73
10.5
10.2
10.34
10.92
12.01
12.43
12.39
12.45
12.33
12.06
12.6
13.78
13.96
13.77
13.4
13.06
13.22
13.07
12.65
14.2
13.92
12.84
13.02
7.04
12.09
9.02
9.28
9.39
9.76
9.75
9.42
9.28
8.87
9.42
10.04
10.23
10.79
10.72
11.16
10.98
11.72
11.74
11.42
12.43
12.15
13.17
13.09
13.47
13.7
12.84
13.17
13.37
12.22
12.23
12.28
12.95
13.11
12.89
12.64
13.44
13.26
4.34
11.11
13.61
10.16
10.33
10.21
10.43
10.84
10.42
10.26
10.37
9.92
10.61
10.77
10.29
10.6
11.48
11.3
10.94
11.09
10.61
11.3
11.12
11.09
10.93
11.04
12
11.38
11.02
10.83
11.86
13.11
12.68
13.49
13.86
13.54
12.84
13.09
8.23
13.45
10.71
11.01
10.64
10.71
10.22
10.37
10.73
10.6
10.37
10.61
10.4
9.72
10.25
10.23
10.19
10.47
10.27
10.24
10.36
11.02
10.71
10.92
10.93
10.58
10.77
10.75
11.46
11.24
11.48
12.1
10.91
10.87
11.8
12.43
12.98
4.75
11.8
13.42
9.57
9.5
9.58
10.31
10.46
10.23
9.92
9.86
9.67
9.76
9.72
9.85
9.87
9.72
9.44
9.49
9.69
9.89
9.94
10.01
10.46
9.96
10.22
10.95
11.11
11.2
10.6
10.22
10.89
11.7
11.99
12.02
12.16
12.56
8.77
13.89
10.45
10.68
10.39
9.86
10.09
9.52
9.18
9.1
9.32
9.52
9.52
9.71
10.16
10.37
10.31
10.12
10.07
9.59
10.02
10.19
10.13
10.62
10.79
11.61
11.84
11.45
12.31
12.36
11.87
11.06
11.36
11.62
12.52
12.31
5.63
11.17
13.07
9.67
9.95
10.2
10.5
11.17
11.51
11.5
11.44
11.67
11.75
11.59
11.72
12.06
12.13
12.49
11.98
11.89
12
11.09
12.4
12.59
12.49
12.89
12.27
12.36
12.76
12.26
12.68
12.25
11.35
11.92
12.22
12.79
8.33
12.58
10.2
10.29
10.69
9.86
9.42
8.75
9
9.15
9.94
10.16
10.28
10.31
10.7
10.39
10.57
10.83
11.15
11.57
11.42
11.16
10.98
11.26
12.08
12.28
11.63
11.77
11.92
11.71
11.42
11.82
11.43
11.57
11.81
4.91
10.61
12.38
9.89
9.77
9.95
10.06
10.14
9.99
10.3
9.84
9.53
9.27
10.24
10.53
10.56
10.65
10.28
10.54
10.38
11.12
11.38
11.7
11.1
10.84
11.25
11.45
10.99
10.91
11.78
12.11
12.12
12.23
12.29
12.08
6.06
11.42
12.65
9.97
9.96
10.04
10.45
10.5
9.53
9.53
9.58
10
10.47
10.9
11.19
11.17
11.11
10.97
10.87
10.93
11.4
11.46
12.18
12.03
11.62
11.4
11.52
11.5
11.27
11.89
11.42
11.77
11.13
10.99
8.36
13.12
10.37
10.33
10.16
10.31
10.65
10.75
10.26
10.15
9.99
9.44
9.83
10.17
10.09
10.33
10.16
10.19
10.33
10.69
10.92
10.96
10.96
11.03
11.17
11.05
11.53
11.88
11.75
11.57
11.3
11.09
10.55
4.62
9.31
11.78
10.08
10.18
10.1
10.32
10.23
9.9
9.37
9.57
9.73
9.19
9.24
9.67
10.01
10.27
10.55
10.94
11.29
10.77
11.13
11.19
10.87
11.07
10.89
11.01
10.66
10.5
11.16
11.07
11.01
11.47
5.27
9.43
10.79
9.47
9.84
10.04
10.07
10.05
10.25
10.11
9.76
10.04
9.78
9.93
9.94
10.15
9.74
9.86
10.46
10.55
10.66
10.14
10.21
10.31
10.47
10.24
10.66
10.96
10.93
11.24
11.54
11.43
5.86
9.76
11.34
9.34
9.95
9.94
10.2
10.23
10.12
10.41
10.4
10.53
10.49
10.63
10.71
10.81
10.54
10.64
11.02
11.12
10.38
11.23
11.2
11.01
10.19
9.86
10.01
10.55
10.87
10.67
11.54
5.73
9.79
11.69
10.22
9.95
10.15
10.23
10.18
10.09
9.83
9.9
10.07
9.77
9.46
9.76
9.92
9.85
10.17
10.29
10.18
9.74
10.08
10.07
9.9
10.21
10.38
10.7
11.07
10.74
11.06
5.13
8.74
12.4
12.54
9.79
9.11
9.49
9.25
9.23
9.22
9.71
9.84
10.07
9.75
9.93
10.2
10.23
10.15
10.48
9.95
9.62
10.12
10.48
10.82
10.25
9.97
9.83
9.91
11.16
7.72
11.85
12.6
10.47
10.41
10.48
10.22
10.2
10.09
9.92
9.86
9.56
9.89
9.56
9.23
8.92
8.92
9.25
9.47
9.67
10.36
10.92
10.95
11.01
11.2
11.05
11.31
5.66
9.46
12.47
12.54
10.61
10.81
10.95
10.91
11.42
11.86
12.1
11.82
11.41
12.09
12.59
12.77
12.88
12.58
13.14
12.56
12.3
11.94
11.92
11.77
11.44
11.79
6.62
11.2
12.33
12.89
10.11
9.98
9.38
9.78
10.07
10.42
10.44
9.75
9.85
9.75
10.04
10.05
10.47
10.21
10.3
10.77
10.74
15.03
13.34
11.98
4.17
7
9.51
12.41
13.2
12.86
9.92
9.64
9.45
9.2
9.61
9.9
9.54
10.24
9.98
10.07
10.57
14.77
13.42
12.17
11
9.58
7.43
5.05
7.52
9.33
10.97
11.44
12.4
13.31
14.38
14.84
13.84
13.7
13.32
12.76
11.12
10.56
9.33
8.04
4.66
3.9
6
6.76
7.87
7.68
8.04
8.27
8.11
7.45
6.46
4.13
6.52
12.2
9.41
10.08
10.49
10.09
10.06
10.6
10.32
10.53
10.85
10.82
10.74
10.89
11.48
11.72
12.49
12.07
12.09
12.04
11.99
12.35
13.45
13.39
12.52
12.71
11.99
11.83
12.92
13.81
14.33
14.79
14.37
13.53
13.37
12.94
13.39
12.74
13.16
6.54
12.45
10.39
10.17
10.67
10.36
10.5
10.52
10.54
10.51
9.87
10.54
11.55
11.79
11.51
11.64
11.84
12.19
11.81
12.38
12.37
13
12.93
12.6
12.43
12.24
13.53
13.55
12.39
12.46
13.81
13.3
13.17
12.56
12.47
13.66
13.58
13.05
12.49
6.96
11.61
10.06
10.06
10.21
10.46
10.76
11.2
11.45
11.17
11.2
10.83
10.92
11.21
11.32
11.05
11.11
10.87
10.73
11.88
12.16
11
11.23
11.98
11.18
11.23
12.41
12.45
12.61
12.41
12.48
12.86
13.07
13.52
14.3
13.58
13.49
13.42
13.65
5.27
11.39
9.6
9.72
9.86
10.09
9.87
9.54
9.14
9.36
9.77
9.78
10.07
11.09
11.34
10.33
10.78
11.88
12.13
11.79
11.14
11.76
12.14
13.17
13.14
12.93
12.91
12.48
12.28
12.22
13.06
13.25
12.27
12.1
12.24
12.65
11.97
12.05
12.5
3.35
12.05
9.46
8.92
9.13
9.47
9.72
10.06
9.73
9.82
9.85
9.51
9.58
9.39
10.16
10.66
10.99
11.14
12.05
12.68
12.86
13.01
12.58
11.97
11.55
12.71
13.59
12.51
12.65
13.23
12.73
13.15
14.09
13.66
13.24
12.98
12.46
12.41
11.44
8.38
11.99
9.84
9.48
9.44
9.58
8.95
9.64
9.75
9.65
10
10.28
10.54
10.61
11.33
11.03
10.55
10.58
10.98
11.68
11.08
11.34
11.57
11.4
12.77
12.16
11.87
11.49
12.14
12.79
12.38
11.95
11.09
10.72
11.4
11.32
11.64
11.59
9.15
13.53
10.3
10.9
10.31
10.29
10.35
10.54
10.25
10.53
10.38
10.54
10.77
11.32
11.31
11.68
11.99
11.59
11.53
11.88
11.6
12.58
12.73
12.93
12.9
12.8
12.11
12.44
12.72
13.12
12.82
13
13.33
12.73
12.61
12.2
11.74
11.37
6.83
12.24
9.52
10.03
10.59
10.52
10.7
10.65
10.18
9.95
10.16
9.87
10.1
10.64
10.5
11.12
11.27
10.71
11.8
11.53
12.32
13
13.5
12.82
12.38
12.35
12.6
13.04
12.97
11.89
11.02
11.02
10.65
11.1
12.05
12.07
12.44
12.63
4.59
12.54
9.89
10.62
10.23
10.12
10.14
10.49
10.65
11.19
11.07
10.26
10.52
10.74
10.21
10.11
10.51
11.78
11.4
10.45
10.61
11.29
11.36
11.87
12.37
12.04
11.84
12.85
12.96
12.77
12.5
12.43
11.75
12.27
12.03
11.94
12.56
12.81
8.36
12.05
9.3
9.09
9.49
9.53
9.83
10.31
11.09
11.68
11.35
10.87
11.32
11.58
10.95
11.12
10.44
10.53
10.2
10.73
11.29
11.37
11.67
12.37
12.96
13.57
12.91
12.79
13.02
13.35
13.28
13.67
12.98
12.77
13.08
14.09
13.85
8.32
13.29
10.65
10.79
10.19
10.48
10.28
10.42
10.54
10.94
10.82
10.66
10.95
10.76
10.41
10.99
11.05
10.89
10.45
10.14
10.92
12.22
12.15
10.54
10.11
10.57
10.44
11.02
12.78
12.64
12.34
12.18
12.84
13.28
12.59
11.72
12.38
5.44
13.03
9.31
9.33
9.48
9.69
9.7
9.68
9.94
10.06
10.01
9.98
9.91
9.98
9.51
10.18
10.1
9.7
8.9
10.09
10.63
10.82
11.56
11.79
11.03
11.15
11.09
10.59
10.23
10.59
10.78
11.19
11.11
11.33
11.8
12.45
12.63
8.92
11.97
9.85
9.35
9.02
9.17
8.92
8.32
8.37
8.33
8.4
9.82
9.9
9.59
10.06
10.52
11
10.9
9.98
10.17
10.24
10.51
10.6
10.74
11.11
10.87
11.53
11.17
10.63
10.32
11.07
10.94
10.93
11.07
11.73
11.48
6.35
13.52
9.82
10.23
10.27
10.48
10.83
11.01
10.89
10.67
10.68
10.66
9.92
9.55
9.36
9.46
9.01
8.68
9.22
8.75
8.13
8.4
8.94
8.38
8.86
9.88
10.28
10.58
10.76
10.23
10.24
10.79
11.47
11.64
11.6
11.4
8.93
13.1
9.99
10.1
10.17
9.9
10.27
10.33
10.6
10.92
10.47
11.32
11.22
11.43
11.52
10.53
10.49
10.81
11.26
10.94
10.96
10.39
10.59
10.47
10.03
10.11
10.34
10.36
11.24
11.27
10.25
11.3
12.32
12.56
12.99
6.8
13.68
11.14
10.7
10.8
10.07
10.22
10.15
10.28
10.19
9.57
9.52
10.04
9.89
10.03
9.42
10.49
10.46
10.8
10.34
10.36
10.42
10.63
11.05
10.62
10.76
10.24
10.46
10.11
11.13
11.72
11.46
10.78
10.32
9.63
8.44
11.81
9.63
9.62
10.07
10.62
10.75
9.89
10.06
10.08
9.53
10.1
10.19
10.32
10.49
10.74
11.26
11.06
10.69
10.58
11.47
10.98
10.76
10.85
10.93
10.63
11.36
11.34
11.79
12.22
11.59
11.77
12.19
11.86
6.34
11.01
13.23
10.28
10.68
10.57
10.88
11.14
10.68
10.12
10.17
10.26
10.15
9.97
10.1
10.51
10.26
10.19
9.93
9.62
9.94
10.55
11.17
11.59
11.46
11.52
10.9
10.21
10.23
10.07
10.51
10.67
10.99
10.93
7.12
11.63
12.99
9.66
9.74
9.57
10.32
10.56
11.12
10.87
10.92
10.8
10.61
10.28
10.34
10.89
10.73
10.39
10.37
10.29
10.41
10.46
10.6
10.42
10.81
11.62
11.38
10.25
10.19
10.04
10.8
10.78
10.83
8.1
12.25
9.5
9.9
9.38
9.6
10.22
10.4
9.74
9.87
9.77
10.07
9.89
10.12
9.71
9.92
9.88
9.52
9.81
9.86
9.99
10.26
10.39
10.38
10.42
10.19
10.82
11.1
10.67
10.26
10.81
11.51
4.74
9.75
11.39
10.17
10.51
10.23
10.05
10.2
11.01
11
11.23
10.91
10.58
10.32
10.47
10.54
10.16
9.82
9.67
9.59
9.77
10.1
10.24
10.05
10.37
9.94
10.55
10.79
10.55
10.45
10.64
11.02
6.17
10.25
11.95
9.9
9.84
10.22
9.62
9.77
9.74
9.55
9.62
9.98
10.3
10.69
10.53
9.99
9.96
10.15
10.65
10.64
10.46
10.39
10.13
10.47
10.39
9.73
9.96
10.62
10.45
10.97
11.35
5.91
9.95
11.36
9.72
9.77
9.62
9.4
9.42
9.97
9.52
9.48
9.54
9.62
9.47
9.44
9.65
9.08
8.12
8.63
9.19
9.1
8.74
8.99
9.24
9.31
9.04
9.24
9.58
10.2
9.96
5.38
9.5
11.75
13.14
10.32
10.71
10.65
10.28
10.36
9.94
9.83
9.73
9.44
9.67
10.41
10.95
11.18
10.93
10.89
11.42
12.93
12.4
12.8
12.33
12.11
11.93
12.19
11.94
11.41
4.58
8.12
12.36
12.5
10.03
10.11
10.37
10.86
11.02
10.85
11.07
10.5
9.83
9.44
9.73
9.11
9.09
8.96
9.22
9.04
9.13
8.91
8.68
8.67
9.96
10.33
9.75
9.59
6.22
9.79
11.37
11.11
8.85
8.78
9.03
8.94
9.06
9.49
9.61
9.61
9.6
10.19
10.58
10.31
10.04
9.87
9.17
9.36
9.58
9.77
9.41
9.21
9.95
9.91
5.48
7.96
11.86
12.24
12.63
10.69
10.74
10.53
10.09
10.24
10.82
10.68
10.23
10.37
10.51
10
9.87
9.44
10.02
10.4
10.34
10.58
14.8
12.48
11.27
5.47
6.64
10.02
11.29
11.83
10.63
8.54
8.77
8.49
8.47
9.21
9.39
8.91
8.9
8.83
8.66
7.88
8.31
12.17
10.92
10.86
9.84
7.46
4.94
6.97
7.85
11.81
12.69
13.81
14.91
14.91
13.9
13.24
15.14
14.42
15.52
15.05
13.61
11.61
10
8.26
5.96
4.3
5.84
6.62
7.96
8.5
9.1
9.96
9.57
9.8
8.89
7.27
6.56
4.45
8
13.51
9.55
9.74
9.71
10.08
10.81
10.4
10.87
11.5
11.27
10.46
10.41
11.11
11.78
11.42
11.79
11.77
12.81
12.86
13.42
13.08
12.82
13.54
13.19
12.89
12.96
12.55
12.43
12.19
12.58
12.95
13.27
11.67
10.98
10.42
10.61
10.95
7.69
13.87
9.78
9.83
10.24
10.08
10.1
9.77
9.33
9.8
10.07
10.38
10.8
11.38
11.71
11.96
10.91
10.88
11.09
11.72
12.58
11.81
12.85
12.92
13.06
12.94
13.01
14.53
14.84
14.05
13.74
14.08
13.47
12.86
12.68
11.9
12.18
12.74
7.21
12.85
9.66
9.7
9.58
9.5
9.22
9.58
9.69
9.87
10.59
10
10.25
11.41
11.28
11.96
12.02
12.28
11.78
11.48
11.87
13.2
13.57
13.69
12.95
12.31
12.6
12.01
13.09
13.8
13.8
13.17
11.93
12.15
12.28
12.52
11.62
12.49
6.59
12.88
9.89
9.52
9.85
9.93
9.95
10
10.34
10.03
10.32
11.62
11.76
10.99
10.71
11.23
11.89
11.31
10.92
11.35
10.86
10.35
10.76
11.14
10.99
11.18
11.37
11.4
11.53
12.61
12.33
12.5
12.35
12.3
12.33
12.1
12.31
12.44
6.31
11.76
10.03
10.18
9.82
10.07
10.38
10.84
10.76
10.84
11.25
10.87
11.37
11.71
11.5
11.71
11.81
11.18
12.89
13.85
13.53
13.51
13.2
12.7
12.5
13.3
13.62
13.5
12.33
12.17
12.6
13.07
13.48
14.1
13.44
14.51
14.98
14.41
4.49
12.69
9.87
9.96
9.75
9.81
9.47
9.73
9.7
9.42
8.96
9.19
9.71
9.79
9.93
10.65
10.67
11.85
11.7
12.1
12.4
12.22
12.43
12.01
10.95
12.36
12.31
12.97
12.51
12.66
12.54
12.74
12.9
12.8
12.76
11.88
12.06
12.94
8.43
12.31
9.58
9.35
9.29
9.32
9.72
10.08
10.11
10.63
10.28
10.16
10.42
11.23
12.06
12.55
12.37
12.2
12.61
12.73
13.06
12.87
12.87
12.87
12.95
13.84
13.35
12.73
12.62
12.99
13.03
11.73
12.86
12.14
12.56
12.62
12.42
8.55
12.85
9.41
9.51
9.84
9.77
10.04
9.99
9.94
10.46
10.8
9.86
9.96
10.16
10.15
10.79
10.48
10.66
10.52
11.15
10.71
11.33
11.6
11.75
12.04
11.76
12.64
13.72
13.43
13.09
12.02
12.28
11.35
11.05
10.55
10.79
10.84
7.76
13.03
10.63
10.37
10.62
10.52
10.39
10.45
9.95
10.15
10.86
11.42
11.52
11.69
11.61
11.78
13.04
13.07
12.75
11.81
11.81
12.06
12.06
11.91
11.83
12.68
12.4
12.65
13.27
13.44
12.85
12.9
12.16
12.34
12.96
12.52
12.45
4.81
11.07
12.62
9.61
9.41
9.53
9.14
9.53
9.89
9.31
9.67
9.68
10.04
10.35
10.7
10.58
10.99
11.22
11.33
10.41
10.65
11.29
10.99
11.35
11.07
11.22
11.88
12.39
12.2
11.99
12.34
12.15
12.61
13
12.61
12.82
12.77
8.98
13.6
9.63
9.93
9.79
10.26
10.62
10.17
10.8
10.5
10.99
11.44
10.86
10.86
10.81
11.01
11.16
11.97
12.21
12.89
12.11
12.75
12.73
12.64
12.51
12.55
12.63
12.59
12.58
12.76
12.4
12.18
12.43
12.61
12.92
12.96
7.02
12.68
10.53
10.82
10.99
11.03
10.97
10.94
10.67
10.81
10.74
10.44
11.02
11.28
11.11
11.17
10.94
11.32
11.07
10.6
10.39
10.48
10.89
11.17
10.56
10.47
10.7
10.27
10.34
10.56
10.28
10.9
11.28
11.48
11.08
11.97
4.52
10.53
11.89
9.21
9.7
9.95
9.88
10.01
9.95
9.97
10.21
10.49
10.61
10.77
10.48
11.33
10.91
11.46
11.61
11.37
11.67
11.15
11.28
11.88
11.84
11.67
11.76
12.3
12.43
12.57
11.54
11.7
11.8
11.33
11.61
11.4
7.46
11.94
9.13
9.28
9.39
9.09
8.86
9.23
9.56
9.5
10.02
10.29
10.15
10.17
9.78
10.16
10.39
10.59
11.05
10.66
10.85
11.02
11.61
11.57
11.25
11.47
11.79
11.8
11.82
11.56
10.68
10.52
10.45
10.88
11.21
4.59
10.21
12.38
9.96
9.9
10.44
10.41
10.74
11.17
11.36
11.61
11.64
11.55
10.84
11.37
11.06
11.43
11.28
12.2
12.08
11.4
11.21
11.06
11.49
11.34
10.99
10.34
10.33
10.17
10.23
11.03
11.39
11.73
11.42
11.05
7.04
10.87
9.21
9.42
9.56
9.41
9.19
9.38
9.28
9.29
9.28
9.01
9.76
9.84
10.04
10.16
10.13
9.75
10.29
10.43
10.59
10.6
11.61
11.88
11.78
12.09
11.86
12.15
11.97
11.83
12.04
11.91
11.93
11.53
4.43
9.67
11.68
10.23
10.41
10.36
9.81
9.87
9.95
9.69
10
10.08
9.93
9.89
9.87
9.48
10.01
10.56
11.02
10.84
11.53
11.84
12.12
11.98
11.82
11.97
12.19
12.32
11.97
11.25
11.39
11.63
12.15
12.35
5.59
10.39
11.47
8.47
8.52
8.7
9.34
9.94
10.1
10.19
10.47
10.18
10.29
10.05
10.06
10.29
10.43
10.09
9.79
9.88
9.49
9.38
9.83
9.88
10.33
11.24
11.4
11.65
12.37
12.58
12.37
12.68
12.63
8.14
13.5
13.32
10.89
10.48
9.78
9.12
9.26
8.89
8.94
8.93
9.12
9.07
9.22
9.12
9.1
9.09
9.18
9.33
9.79
9.98
9.58
10.06
9.57
9.69
10.49
10.95
10.69
11.2
11.25
10.98
11.59
8.33
12.79
12.58
9.04
8.98
9.08
9.2
9.51
8.89
8.75
8.86
9.45
9.2
8.68
8.96
9.31
9.4
9.71
9.94
9.75
9.69
10.16
10.18
10.06
10.05
10.64
11.1
11.09
10.73
11.62
11.44
4.59
8.98
12.69
13.21
10.04
10.36
10.05
9.96
10.06
9.98
10.19
10.71
11.02
11
10.72
11.19
11.37
11.27
10.92
10.85
11.15
11.03
10.82
10.88
11.34
11.6
11.34
11.56
11.88
11.82
11.99
5.46
9.74
13.57
12.61
9.72
9.85
9.47
9.63
9.53
9.69
9.68
9.26
8.95
9.43
10
10
10.15
10.32
10.54
10.53
10.05
9.93
9.67
9.36
9.55
10
9.93
10.46
9.96
10.17
4.91
8.49
12.33
11.75
9.61
9.74
9.7
10.28
10.36
10.75
11.3
10.51
10.54
10.62
10.24
10.36
11.12
11.1
10.91
10.83
11.1
11.58
11.7
11.56
11.34
10.5
10.36
10.68
11.02
4.54
7.19
11.2
11.51
9.69
9.91
9.62
9.87
9.6
9.35
9.94
10.31
10.27
9.46
9.51
9.08
9.42
10.15
10.16
9.64
10.73
10.13
10
10.87
11.18
11.1
10.44
10.22
6.81
11.13
12.55
13.21
10.36
9.9
9.89
9.84
10.41
10.65
11.01
11.16
11.01
10.82
11.46
11.19
10.69
10.58
10.23
10.85
10.58
10.1
9.3
9.22
10.03
10.08
5.54
7.62
11.85
12.81
12.46
9.98
10.1
9.56
10.04
9.58
9.59
9.98
9.65
9.25
9.75
10.07
9.98
10
9.72
10.23
10.48
10.88
10.79
14.09
11.59
5.73
7.86
11.96
13.56
14.2
13
10.23
10.53
11.35
10.67
10.4
9.45
9.22
9.35
9.48
9.58
9.08
9.1
12.95
11.63
10.61
8.97
7.01
6.05
7.29
9.49
12.18
12.42
14.18
14.64
14.36
12.78
10.45
10.63
15.18
14.87
14.2
13.74
12.02
10.5
9.66
6.6
4.7
5.98
7.33
8.59
9.31
10.06
10.63
9.67
9.78
9.84
9.4
8.34
7.04
4.46
2.85
2.96
8.99
13.84
9.74
9.61
9.56
9.19
9.37
9.31
9.11
9.64
9.95
9.62
9.89
10.13
10.42
10.05
10.84
10.25
11.03
11.36
11.64
11.9
11.81
11.96
12.1
11.53
10.84
11.18
11.08
11.29
11.09
11.13
11.65
11.84
11.7
10.98
10.59
9.13
14.38
10.08
10.18
10.42
10.73
10.81
10.66
10.88
10.26
10.09
10.39
10.31
10.53
10.16
11.33
10.95
10.41
10.68
11.79
11.64
12.28
12.9
13.92
13.39
13.27
12.44
11.85
12.1
11.83
11.79
12.44
13.72
13.43
13.6
13.42
12.53
9.59
15.12
11.11
11.22
10.96
11.01
10.78
10.28
10.39
10.19
10.22
9.78
10.15
10.15
9.93
10.15
10.29
10.74
10.56
10.99
11.61
11.6
12.96
13.58
13.67
12.94
12.69
12.02
12.37
12.89
13.52
14.29
13.46
13.29
12.63
12.55
12.57
7.77
12.98
10.25
10.03
10.16
10.33
9.87
9.77
10.36
9.71
9.46
9.75
10.4
10.69
10.28
10.47
10.72
10.82
10.77
11.07
11.86
11.43
11.59
12.49
12.74
11.86
12.23
12.23
11.89
12.05
12.58
12.87
12.9
12.92
12.28
12.31
12.8
7.13
12.12
9.45
9.58
9.22
9.23
9.45
9.93
10.1
10.33
10.65
10.84
10.93
11.1
10.91
10.96
11.3
11.76
11.74
12.16
12.14
12.34
12.5
12.55
13.5
13.74
13.17
12.53
12.18
11.85
11.68
11.19
11.17
11.9
12.23
12.94
12.45
6.36
11.72
9.9
10.01
10.62
11.03
11.18
11.05
11.8
11.73
12.06
12.03
11.89
11.17
11.03
11.11
11.64
10.69
10.42
10.83
11.37
11.13
10.75
11.54
11.29
11.38
11.53
11.99
11.47
11.76
11.57
12.18
12.95
13.26
12.75
12.13
11.32
4.77
10.74
12.82
10.05
9.48
9.2
9.26
8.96
9.06
9.02
8.98
8.79
8.7
9.13
9.23
10.13
10.56
10.45
9.94
10.08
10.77
10.99
11.47
11.38
11.53
12.13
11.9
11.53
11.93
11.65
11.76
11.6
10.88
10.66
11.52
11.87
11.94
8.63
12.98
9.02
8.8
8.83
8.87
9.2
9.29
9.22
9.56
10.1
10.01
10.08
9.66
10.05
10.86
11.12
11.87
12.42
12.36
11.79
11.73
11.49
11.42
10.57
10.31
10.84
11.4
11.64
12.3
12.96
14.05
14.16
13.81
13.33
12.93
7.25
12.93
9.57
9.86
10.17
10.52
10.43
10.75
10.44
10.25
9.69
9.8
9.81
9.02
8.91
9.5
9.66
9.67
10.11
10.46
10.78
11.36
10.99
11.51
11.45
10.82
11.27
12.17
12.11
12.09
11.92
12.02
12.45
12.68
13.16
13.51
5.61
11.46
12.47
9.43
9.36
10.03
10.15
9.9
9.51
9.38
9.09
9.32
9.22
9.17
9.49
9.63
10.38
11
10.74
10.06
10.13
10.5
11.05
11.51
11.94
12.32
12.03
11.95
12.12
11.49
11.57
12.38
12.56
11.57
10.95
11.72
9.31
14.1
10.39
10.37
9.96
9.45
9.53
9.45
9.06
9.2
9.3
8.92
9.18
9.98
10.59
10.95
10.68
10.87
11.3
11.55
11.27
11.86
12.23
13.18
12.76
12.66
11.87
11.26
11.46
11.12
10.81
11.09
11.28
11.87
12.18
7.07
12.1
9.09
9.05
8.97
9.07
9.15
9.7
9.97
10.77
10.73
10.75
10.66
10.63
10.62
10.58
10.69
11.74
12.76
12.54
12.89
12.45
12.89
13.77
14.24
13.25
13.35
13.36
13.65
13.66
12.62
12.09
11.52
12.36
12.88
5.49
11.32
12.2
10.16
10.5
10.68
10.44
10.32
10.04
10.17
9.83
9.63
9.59
9.22
9.8
9.28
9.32
9.44
9.17
9.94
10.42
10.5
10.34
10.62
10.98
11.43
11.57
11.63
11.51
12.24
12.79
12.52
12.74
12.68
12.16
8
12.46
10.1
10.1
10.19
10.35
10.01
9.92
9.85
9.65
9.73
9.71
9.47
9.26
9.55
9.56
9.85
10.67
10.87
10.44
10.74
10.47
11.14
12.46
12.52
11.98
11.98
12.18
12.17
12.49
11.99
11.32
11.31
12
5.35
10.21
11.23
9.11
9.11
9.65
9.85
9.93
10.14
10.31
10
10.02
10.47
10.55
10.82
10.71
10.63
10.79
10.88
11.14
11.18
10.86
10.1
9.95
10.25
10.97
11.23
10.97
10.62
10.75
10.25
10.09
10.06
9.97
8.24
12.72
14.1
10.9
11.19
10.94
10.41
10.61
10.64
10.86
11.58
11.69
11.24
10.74
11.01
10.57
11.02
10.88
11.15
10.93
11.02
10.4
11.58
12
11.42
11.25
11.59
12.07
12.17
12.33
11.99
12.43
12.81
4.66
8.94
12.67
9.31
9.44
9.04
9.16
9.29
8.94
9.08
8.94
9.4
9.52
9.09
9.34
9.68
9.98
9.95
10.8
10.44
10.51
10.42
10.61
10.86
10.77
9.88
10.12
10.44
10.52
10.74
10.57
10.79
11.13
5.92
10.33
11.66
9.6
9.83
9.44
9.68
9.8
9.45
9.22
9.37
9.6
9.5
9.56
9.54
9.85
10.11
9.71
10.09
10.64
10.87
11.07
11.6
11.74
12.01
11.56
11.02
11.47
11.57
12.4
12.53
12.11
6.95
11.97
12.23
9.88
10.27
9.84
9.91
9.9
9.74
10.19
10.01
9.82
10.03
10.1
9.84
9.93
10.21
10.38
10.79
11.27
11.64
12.05
12.06
11.78
11.4
11.84
12.4
12.2
11.66
11.53
11.46
7.52
12.88
13.59
11.3
10.95
10.44
9.97
9.8
9.92
10.22
10.36
10.77
10.8
10.35
10.44
10.39
10.59
10.46
9.97
10.38
10.41
10.93
10.59
10.48
10.38
10.44
10.83
11.15
10.34
10.5
7.36
11.79
12.24
9.95
10.07
10.42
10.78
10.7
10.76
10.04
9.59
9.94
10.32
10.68
11.2
11.12
11.32
11.65
11.59
11.41
11.52
11.59
11.36
11.36
11
11.01
10.87
10.8
10.74
7.07
11.28
11.72
9.09
9.53
9.62
10.16
10.17
10.87
10.82
10.51
10.58
10.25
9.83
10.05
10.18
9.87
10.18
9.74
9.99
10.35
10.05
10.17
10.48
10.89
10.52
11.3
11.28
6.93
12.11
13.95
12.96
9.94
9.43
9.29
9.33
8.85
9.01
9.21
8.61
9.19
9.29
9.3
10.03
9.88
10.35
10.46
10.02
10.71
10.45
10.13
10.85
10.32
10.22
10.26
6.89
10.58
12.86
12.33
9.66
9.18
8.89
9.48
9.38
9.27
9.04
8.89
9.23
8.97
8.94
9.33
9.22
9.2
9.06
9.4
9.04
9.04
8.86
8.6
8.76
9.22
4.96
7.37
12.23
13.22
13.28
11.33
10.84
10.87
11.19
11.3
11.6
11.4
10.76
10.63
10.58
10.63
10.36
9.89
9.97
9.8
9.81
9.75
14.96
13.4
11.98
5.78
7.58
11.72
13.13
13.91
13.05
9.17
8.83
8.75
8.97
9.42
9.45
9.56
10.37
11.1
11.72
11.93
11.27
15.18
13.16
11.75
9.99
8.05
5.47
7.19
8.89
12.57
12.86
14
13.87
12.72
10.15
10.37
10.59
14.41
13.76
13.52
12.26
11.35
10.58
8.97
7.98
4.46
5.78
8.01
8.95
9.6
10.67
11.04
11.06
10.54
9.14
8.81
8.77
7.95
6.63
5.25
3.93
5.5
5.67
4.51
10.33
14.75
10.3
10.7
10.99
10.6
10.88
11.05
11.31
11.34
11.53
11.3
11.37
11.21
10.4
11.48
11.47
10.82
11.16
10.97
10.85
10.65
10.59
11.4
11.61
11.24
11.06
11.34
10.8
10.56
11.32
11.58
12.13
12.81
13.63
13.54
9.13
14.01
9.48
9.01
9.22
9.44
9.96
9.46
9.88
9.88
9.9
9.76
9.78
10.26
10.88
11.11
11.32
10.52
10.5
11.35
11.12
11.38
11.31
11.59
12
11.41
12.12
11.56
11.59
11.9
11.84
12.31
12.23
11.9
11.59
11.16
8.67
13.5
10.09
10.05
10.26
10.75
10.55
10.03
10.23
10.57
10.38
10.54
11.09
11.18
10.3
10.58
10.55
10.67
10.72
10.72
11.21
10.41
10.48
11.46
11.73
12.02
11.56
11.09
12.56
13.23
12.04
12.37
12.05
12.41
12.96
13.53
8.59
13.05
9.46
9.74
9.78
10.17
10.29
9.7
10.32
10.48
10.84
10.65
10.82
11.61
11.1
11.14
11.33
11.56
11.19
11.13
11.24
11
10.99
11.74
12.64
12.66
13.04
12.64
12.44
12.56
13
13.81
13.67
13.34
13.13
12.95
7.77
12.69
9.21
9.46
9.46
9.02
8.82
8.88
9.45
9.82
9.66
9.84
9.55
9.75
10.16
10.7
10.53
11.03
11.04
11.28
11.67
10.94
11.53
11.54
11.92
11.88
12.03
11.73
11.12
10.58
10.57
10.68
11.61
11.43
11.25
11.18
6.54
12.02
10.11
10.11
10.11
9.81
9.36
9.53
9.39
9.93
10.41
10.6
10.95
10.88
10.48
10.51
10.6
10.14
10.39
10.5
11.4
12.33
11.53
10.8
11.7
12.22
12.79
13.25
12.06
11.78
11.15
11.86
12.36
12.44
12.7
12.96
5.16
10.67
12.41
10.28
10.24
10.73
10.53
10.85
10.47
10.3
10.24
10.13
9.45
9.46
9.72
10.15
10.19
10.17
9.72
10.04
10.04
10.45
11.46
11.63
11.49
10.84
11.12
11.06
11.66
11.55
11.09
11.47
11.76
11.62
11.15
11.13
9.47
13.76
9.63
9.93
9.92
9.97
10.05
11.01
10.85
10.77
11.16
11.08
11.08
11.11
11.32
11.76
11.26
11.02
11.04
11.14
12.33
11.73
12.22
12.22
11.82
11.67
11.34
11.24
11.64
12.37
12.12
11.81
11.58
11.61
11.19
7.87
13.13
10.22
10.05
9.59
9.73
10.1
10.21
10.58
10.49
9.56
9.9
10.42
10.37
10.6
11.11
11.71
12.43
12.48
11.26
11.27
10.5
10.81
11.28
11.54
11.29
11.27
11.62
11.8
12.32
12.62
12.25
12.5
12.53
11.85
5.83
11.67
12.99
9.69
10.43
9.82
10.16
10.18
10.55
11.12
11.37
11.62
11.98
11.94
11.56
11.47
11.25
10.98
11.04
10.37
10.12
10.1
10.08
10.87
11.05
11.58
11.46
11.74
11.55
11.17
11.22
11.24
11.2
11.3
12.05
9.8
13.51
10.15
10.34
10.87
10.68
10.48
10.17
10.25
10.1
10.55
10.43
10.33
10.46
10.21
10.42
10.73
10.6
10.75
10.63
10.79
11.52
11.21
11.56
11.26
11.81
12.27
11.92
12.16
12.17
11.83
11.71
12.71
12.76
7.47
12.35
9.93
9.48
9.77
9.96
10.66
10.27
10.32
10.15
10.01
10.21
9.9
10.02
10.69
10.68
11.33
10.31
9.59
9.64
9.37
10.13
10.52
10.45
11.01
11.61
11.95
12.77
12.14
11.39
11.94
12.08
11.46
11.34
4.93
10.1
11.11
9.27
9.22
9.61
9.91
10.15
10.37
10.38
10.17
10.35
10.64
10.56
10.12
10.41
10.49
10.9
11.14
11.59
11.42
11
10.73
10.72
11.46
11.84
11.9
12.45
12.7
12.92
12.86
12.25
12.15
12.25
8.3
11.74
13.21
10.48
10.7
10.1
10.17
10.11
9.87
9.85
9.85
10.14
10.15
11.11
10.53
10.45
10.16
10.99
11.21
11.38
11.69
12.19
12.3
12.15
12.32
12.07
11.76
12.29
12.9
13.43
13.63
13.07
12.69
5.1
9.85
13.01
9.84
9.55
9.41
9.6
9.94
10.16
9.76
10.05
10.17
10.29
10.76
10.93
11.35
10.83
10.89
10.56
10.83
11.38
10.81
10.52
10.32
10.98
11.31
11.24
11.31
11.17
11.35
11.43
11.82
11.99
6.83
12.11
12.6
10.41
10.91
11.36
10.57
10.81
10.54
10.56
10.76
11.03
10.69
11.05
11.75
10.89
10.97
10.51
10.62
11
10.35
10.03
9.93
10.84
10.9
10.91
10.94
11.14
11.56
11.16
11.38
11.33
8.53
12.64
13.44
10.49
10.28
10.58
10.36
10.04
10.36
10.19
10.34
10.14
9.82
9.57
8.98
8.99
9.44
9.55
10.41
10.52
10.29
10.6
10.78
11.03
10.5
10.7
10.37
10.29
10.9
10.87
11.49
4.9
9.25
12.06
9.79
9.9
10.41
10.9
10.8
10.73
10.61
10.33
10.9
10.14
9.9
10.06
10.26
10.25
9.94
9.9
9.67
9.55
9.12
8.61
8.44
9.55
9.72
9.47
9.28
8.84
9.03
9.04
6.42
10.94
12.21
10.18
9.9
10.06
10.5
10.41
10.12
9.73
9.84
10.07
10.63
10.98
11.41
10.9
10.51
10.59
10.47
10.14
9.58
9.84
10.06
9.95
9.39
9.85
10.2
10.64
11.11
10.77
6.65
10.39
11.36
9.83
9.63
9.65
9.84
9.94
10.05
9.72
9.59
9.64
10.02
10.14
10.05
10.22
10.09
9.98
10.19
10.85
10.86
10.41
10.33
10.34
10.34
10.4
10.14
10.37
10.67
6.72
10.81
12.02
11.81
9.1
9.65
9.61
9.3
9.68
10.2
10.2
10.17
10.19
9.98
10.13
10.31
9.9
9.39
9.81
9.77
10.22
10.04
10.2
10.13
9.52
10
10.19
10.81
6.8
10.66
12.96
12.64
10.17
10.11
10.02
10.03
10.15
9.91
9.93
10.14
10.3
10.39
10.71
10.94
10.49
9.88
10.04
10.1
10.27
10.21
10.64
10.03
9.74
10
9.56
4.92
7.97
13.47
13.71
13.88
10.46
9.83
9.85
10.08
10.09
10.28
10.32
10.07
10.28
10.35
9.9
9.52
10.03
9.87
9.74
9.65
9.35
9.92
10.19
10.24
13.66
6.43
9.55
11.76
11.84
9.37
9.18
9.34
9.63
9.48
9.29
9.4
9.63
9.67
9.8
9.87
10.4
10.73
10.98
11.22
10.96
11.24
14.85
12.73
10.17
4.91
7.65
11.04
12.5
12.78
12.18
9.9
10.29
9.8
10.23
9.98
10.12
9.79
9.91
9.83
10.17
10.07
14.9
14.05
13.59
12.17
9.94
8.75
5.52
6.51
8.51
11.83
12.02
12.71
13.92
13.87
12.82
11.55
13.19
12.51
13.31
12.77
11.6
10.21
9.26
7.55
5.43
5.27
6.79
7.75
8.82
10.39
9.96
11.18
10.18
10.5
9.86
8.77
7.56
6.48
4.06
3.9
5.93
5.98
5.97
4.42
9.1
13.75
10.18
10.2
10
9.68
9.4
9.41
9.37
9.63
9.44
9.38
9.93
9.24
9.49
10.14
10.27
10.36
11.09
11.52
11.14
10.93
11.97
12.46
13.32
12.84
12.28
12.61
12.33
12.48
12.5
12.8
12.38
12.08
12.83
9.15
13.24
9.58
9.35
9.55
9.5
9.72
9.94
10.03
9.45
9.48
9.61
9.55
9.84
10.02
10.07
11.26
10.21
9.4
9.53
9.94
10.47
10.53
10.55
10.71
11.47
11.61
11.29
12.1
12.07
11.36
11.29
11.9
11.8
10.38
8.26
13.03
9.56
9.35
9.3
9.35
9.49
9.16
9.61
9.78
10.04
10.37
10.92
11.22
10.61
10.32
10.22
10.33
11.24
11.17
11.58
12.01
12.46
13.05
13.15
13.44
13.69
12.83
12.69
13.06
12.81
12.25
12.31
12
12.09
8.52
13.22
10.64
10.57
10.54
10.76
10.52
10.46
10.48
10.94
11.33
10.62
10.63
11.77
11.36
11.34
11.79
12.08
12.46
11.93
12.09
12
11.65
11.41
11.27
11.69
11.56
11.79
11.86
12.08
12.19
13.06
13.18
12.44
12.54
7.7
12.62
10.02
10.34
10.67
9.9
10.45
10.56
10.77
10.84
10.51
11.22
10.57
10.74
10.91
11.12
11.17
11.14
10.96
11.74
11.85
11.21
11.28
11.63
12.05
12.02
12.54
12.28
12.49
12.22
11.96
11.69
12.03
12.24
12.53
6.41
12.21
10.84
10.15
10.48
10.59
10.3
10.36
10.12
9.56
9.41
9.92
9.8
10.17
9.92
10.34
10.99
10.97
10.59
10.56
11.21
11.18
11.08
10.78
11.09
11.39
11.14
10.95
11.15
11.05
10.58
10.43
10.64
11.12
11.66
4.88
10.61
12.55
9.93
9.61
9.35
9.29
9.43
10
10.29
10.5
10.34
10.07
10.09
10.61
9.95
10.52
11.31
10.79
10.5
10.46
10.85
11.24
11.97
11.93
11.64
11.63
11.81
11.94
12.04
12.13
12.16
11.82
12.06
12.22
8.36
13.03
10.17
10.52
10.29
10.2
9.9
10.11
9.9
10.42
10.93
10.52
10.12
9.74
10.2
9.77
9.83
10.06
10.27
9.45
10.26
10.6
10.39
10.05
9.43
10.15
10.49
10.49
10.77
11.41
10.93
10.89
10.93
10.97
7.07
12.05
9.87
9.81
9.95
10.35
10.24
10.61
10.33
10.15
10.56
10.77
10.73
11.03
11.15
11.36
11.65
11.72
12.3
12.27
12.17
11.51
10.94
11.1
11.19
11.29
10.77
10.42
11.41
11.64
12.38
11.72
10.8
10.31
5.72
10.76
12.21
9.59
9.19
9.19
9.41
9.25
9.36
9.02
9.63
9.55
10.26
10.68
10.76
10.37
10.43
10.15
9.76
10.31
10.8
11.04
11.47
11.39
11.46
12.9
13.39
13.14
12.46
13.03
12.98
12.68
12.72
12.79
8.13
11.88
9.66
9.36
9.65
9.53
9.96
10.32
10.04
10.45
9.97
10.04
9.91
10.08
10.04
9.95
10.07
10.4
10.53
11.2
10.87
11.26
10.76
11.06
11.29
11.27
11.33
11.5
11.34
10.73
10.92
11.12
11.05
7.93
12.54
13.14
10.07
10.26
10.27
10.03
10.03
10.47
10.43
10.87
10.04
10.38
10.88
10.73
11.23
11.62
11.89
11.85
11.28
11
11.08
11.27
11.47
11.82
11.91
11.29
10.96
11.35
11.05
11.42
11.79
10.91
4.35
9.12
13.52
10.55
10.51
10.32
10.78
10.77
10.79
10.4
10.02
10.13
9.99
10.03
9.64
9.24
9.55
9.62
9.43
9.18
10.22
10.04
9.99
10.11
9.48
9.51
9.43
9.58
10.93
11.8
11.09
10.68
10.66
6.19
10.89
11.19
8.34
7.91
8.1
8.63
8.43
8.37
8.22
8.57
8.53
9.17
8.4
8.47
8.5
8.61
8.73
8.86
8.88
9.13
9.9
10.42
10.79
10.4
9.91
10.14
9.99
10.82
11.92
12.54
12.46
9.37
12.47
13.54
10.93
10.72
10.55
10.36
10.46
10.27
10.21
10.52
10.03
10.1
10.43
10.14
10.18
10.28
10.33
10.6
10.29
10.74
11.28
12
12.15
12.25
11.08
11.36
10.92
11.06
11.2
10.7
5.41
10.02
12.1
8.37
8.41
9.02
8.83
9.08
9.11
8.8
9.14
9.84
9.81
10.55
11.33
10.85
10.53
11.16
11.1
11.12
11.08
11.12
10.8
11.26
11.69
12.49
11.91
12.16
11.77
11.62
11.17
7.06
11.86
12.66
10.44
10.59
10.62
10.45
9.84
9.37
9.29
9.4
9.65
9.3
9.16
9.09
8.69
8.66
9.32
9.28
9.62
9.5
9.43
9.43
9.66
9.3
10.07
9.61
9.69
9.43
10.03
7.42
10.78
11.73
9.18
9.69
9.67
9.79
10.2
10.29
10
10.48
10.93
10.75
11.07
10.82
10.28
9.89
9.53
9.65
9.27
9.34
10.2
10.07
10.52
10.64
10.28
10.08
9.64
10.09
4.71
8.48
11.47
11.79
9.79
9.7
9.64
9.92
10.02
9.9
9.39
9.75
9.19
9.23
9.35
9.79
10.14
10.26
10.23
10.63
10.63
10.46
10.51
10.68
10.95
10.95
11.27
12.24
12.41
4.74
8.52
11.35
11.45
9.65
9.25
9.35
9.15
9.22
8.86
9.08
9.46
9.58
10.17
10.43
10.14
10.17
9.9
9.96
9.81
10.6
10.4
10.5
10.61
10.77
10.33
9.65
9.84
5.17
7.39
12.7
13.98
13.33
9.35
9.6
9.72
9.35
9.58
9.19
8.92
8.88
8.92
8.68
8.69
9.54
10.05
10.11
10.36
10.03
9.79
9.99
10.05
10.37
10.97
11.19
7.07
10.25
12.98
12.21
10
9.95
9.75
9.4
9.3
9.63
9.64
9.13
9.69
9.04
9.22
9.67
9.83
9.62
10.19
10.75
10.78
11.21
11.02
15.69
13.65
5.45
7.48
11.93
12.5
12.41
9.57
10.26
10.41
10.08
9.73
10.16
9.94
10.31
10.08
9.76
10.1
9.78
9.85
9.95
10.41
14.98
13.24
11.56
9.37
6.29
8.89
12.06
13.04
14.05
12.57
9.59
9.33
9.3
9.47
9.73
9.84
10.07
10.04
10.19
10.44
14.18
12.22
11.5
9.91
9.12
4.09
4.53
6.34
7.68
9.85
11.16
11.81
12.9
12.79
13.21
12.98
13.15
12.89
12.38
12.03
10.82
9.82
8.62
8
6.17
5.15
6.66
7.79
8.85
9.41
9.94
11.44
9.63
8.97
8.62
7.57
6.46
4.4
3.18
3.12
9.03
12.7
10.13
10.06
10.27
10.07
10.52
10.26
10.2
10.11
10.12
10.34
11.03
10.95
11.23
11.18
11.37
10.9
10.94
11.25
11.59
11.41
11.32
11.78
12.56
12.81
12.5
12.51
12.56
12.38
11.58
11.99
12.28
12.41
8.41
13.87
10.21
10.09
10.47
10.61
10.23
10.25
10.55
10.06
10.43
10.81
11.22
10.63
10.72
10.72
11.33
11.23
10.64
10.22
10.38
10.96
11.26
11.68
11.93
12.78
14.01
13.46
13.34
13.95
13.25
12.29
12.42
12.61
8.31
12.78
9.87
9.93
9.9
10.44
10.64
11.16
11.08
11.44
11.55
10.5
10.33
10.65
10.58
10.76
10.43
10.16
10.63
10.84
10.47
10.35
11.1
11.16
10.7
11.04
11.89
11.46
11.95
12.07
12.07
12.39
12.68
12.12
7.15
11.67
9.22
9.79
10.02
9.36
9.63
9.84
9.82
9.93
9.66
9.98
9.55
9.65
9.4
9.78
10.25
10.19
9.9
9.8
9.64
10.06
9.86
10.02
10.71
10.49
11.26
11.88
12.12
11.63
10.87
10.77
10.88
10.98
6.72
11.45
9.95
9.79
10.22
10.3
10.32
10.27
9.98
10.13
10.54
10.2
10.98
10.99
11.38
10.86
10.37
10.53
10.31
10.2
10.03
10.41
9.84
10.62
11
11.01
10.93
11.14
11.22
11.53
11.64
11.71
12.27
11.5
6.27
10.34
11.66
9.46
9.92
9.69
10.11
10.13
10.66
10.39
10.09
10.58
10.33
10.25
9.94
10.37
10.2
10.51
10.92
10.77
10.65
10.58
10.63
10.66
10.46
10.66
10.53
10.09
9.82
9.65
10.34
10.68
10.45
11.02
4.25
9.23
12.76
9.62
9.48
9.06
9.1
8.97
8.65
9
9.42
9.65
9.59
9.53
9.79
10.43
10.59
10.53
10.68
11.28
11.32
10.85
10.96
11.01
11.56
11.46
10.96
11.74
11.89
12.27
12.36
12.3
12.04
12.91
8.44
12.75
10.02
10.2
10.21
10.39
10.81
10.75
10.43
10.51
10.23
10.7
10.76
10.66
11.17
11.13
11.3
11.65
11.78
11.94
12.38
12.12
12.08
12.05
12
11.59
11.89
11.74
11.25
11.38
10.92
11.07
11.53
6.91
11.38
12.17
9.11
9.1
9.19
9.64
9.98
10.03
10.01
9.58
9.26
9.42
9.88
10.02
10.58
11.27
11.41
11.47
10.79
11.6
11.69
11.56
12.44
11.86
11.87
12.25
12.42
12.02
11.66
11.83
12.14
12.41
4.99
9.25
13.19
10.27
10.28
10.23
9.98
10.16
9.82
10.32
10.58
10.82
10.58
10.24
10.18
9.92
9.35
9.39
9.58
9.19
9.84
10.25
10.53
10.54
10.45
9.97
9.89
10.34
9.89
9.62
10.29
10.54
11.08
9.08
13.14
13.94
10.23
9.8
9.87
9.9
9.78
9.18
9.3
9.62
10.41
10.47
10
9.86
9.89
9.87
9.87
10.01
10.24
10.13
10.22
9.68
9.15
10.06
10.24
10.32
10.77
11.2
11.45
11.31
10.71
4.76
9.96
13.53
10
10.15
9.88
9.93
10.05
10.27
10.05
9.92
9.87
9.98
10.34
9.75
10.26
10.23
10.42
11.01
11.2
10.43
10.38
10.55
10.9
10.84
10.97
12.14
12.02
12.3
12.33
12.16
12.57
8.58
12.64
13.63
11.01
10.55
10.76
10.93
10.95
11.29
11.31
11.06
11.15
11.4
11.67
11.23
11.06
11.36
11.48
10.77
10.96
9.86
9.91
10.62
10.47
10.58
10.68
10.53
9.84
10.01
10.61
10.17
5.16
10.18
13.15
10.25
10.37
10.4
10.2
10.22
9.93
9.75
9.84
9.4
9.49
9.92
10.13
10.79
10.54
10.54
10.4
10.07
10.17
10.02
10.55
10.36
10.39
9.89
9.33
9.36
9.92
9.87
9.79
6.99
11.72
12.18
10.08
10.2
10.07
10.15
10.06
10.21
10.26
10.33
10.57
10.39
9.97
10.15
10.58
10.54
10.71
11.39
11.36
10.89
10.86
11.11
11.15
11.46
10.99
11.09
11.15
11.43
12.09
8.66
11.71
12.68
10.13
10.77
10.94
11.23
11.2
10.77
10.44
10.33
9.75
9.5
9.78
9.72
9.67
9.68
9.94
10.21
10.31
10.49
10.74
10.45
10.8
10.53
10.66
10.72
10.81
11.07
5.81
10.06
12.61
12.69
10.33
10.3
10.41
10.17
10.22
10.47
10.15
10.43
10.89
11.15
11.04
11.07
10.47
10.11
10.38
10.81
10.56
10.07
10.11
9.85
9.43
9.27
9.61
10.14
9.62
5.52
9.81
12.44
12.3
9.46
9.42
9.28
9.02
9.08
9.05
9.1
9.44
9.54
9.42
9.82
10.05
9.82
10.11
10.16
10.24
10.26
11.24
11.42
11.03
11.03
11.06
10.95
10.99
6.31
10.43
12.53
12.5
10.15
9.64
9.42
9.3
9.33
9.51
9.81
9.99
9.75
9.68
9.97
10.11
10.55
10.32
10.25
10.51
10.69
10.49
10.38
10.93
10.99
11.58
11.45
5.8
9.85
11.81
11.81
10.07
9.69
9.58
9.98
10.21
9.91
9.66
9.66
9.89
10.46
10.27
10.36
10.27
10.57
9.85
9.67
9.8
9.77
9.85
10.64
10.28
10.05
5.52
7.96
12.56
12.72
12.78
10.47
10.51
10.24
10.84
11.14
11.29
11.23
11.31
10.9
10.7
10.76
10.99
11.12
11.29
11.13
10.85
10.65
15.6
13.31
12.5
6.85
10.31
12.65
12.67
12.57
10.03
10.09
9.79
9.99
9.86
10.14
10.52
10.42
9.93
9.6
9.01
8.77
8.47
13.68
12.41
11.94
9.68
7.49
5.2
7.75
10.15
11.68
12.33
12.55
12.8
10.81
11.13
10.6
10.53
10.88
11.19
10.88
14.63
12.88
12.42
10.79
8.72
8.25
5.16
5.95
8.18
9.54
11.82
12.68
12.66
13.61
14.45
15.1
15
14.26
13.44
12.76
11.61
10.53
9.41
4.76
4.56
6.75
7.11
7.9
8.18
8.32
8.45
8.93
8.45
8.58
7.11
4.47
8.42
12.11
10.25
9.86
10
9.9
9.85
9.81
10.12
10.08
10.07
9.84
9.85
10.32
10.25
9.99
10.28
10.68
10.47
10.09
10.56
11.47
11.74
11.4
11.33
11.12
11.11
11.53
10.61
10.53
10.84
10.84
10.72
7.6
11.47
9.63
9.52
9.14
9.95
10.54
10.89
10.66
10.96
10.48
10.67
11.03
10.91
11.41
11.39
11
11.27
11.21
11.45
10.88
11.32
10.94
10.73
10.99
11.09
11.32
10.91
11.53
12.49
12.37
12
12.29
7.04
11.1
10.15
10.09
10.26
10.47
10.12
10.26
10.55
10.54
10.05
10.16
10.81
10.63
11.02
10.7
10.22
10.35
10.43
10.56
10.73
10.66
10.99
11.75
11.73
11.76
12.18
12.3
12.29
12.29
12.52
13.13
13.16
7.27
11.27
12.61
9.89
9.84
9.8
9.6
9.42
9.92
10.47
10.31
9.74
9.66
9.52
9.27
9.65
10.19
10.7
10.42
10.8
10.24
10.69
10.75
10.29
10.89
11.1
11.44
11.47
12.03
12.49
12.8
12.47
12.19
6.35
9.68
13.64
10.07
9.67
9.58
9.35
9.14
9.51
9.94
10.34
10.1
10.22
10.23
10.68
10.36
10.26
10.17
10.41
10.62
10.42
10.98
11.07
10.79
10.41
10.73
10.65
11.06
11.75
11.43
11.38
11.7
12.92
3.76
10.14
13.43
10.13
10.82
10.93
10.66
10.5
10.69
10.06
9.85
9.72
9.7
9.38
9.04
9.28
9.37
9.43
9.58
10.05
10.04
10.29
10.26
10.12
10.71
10.06
10.47
10.57
10.49
9.74
9.6
9.88
11.16
8.05
11.99
9.61
9.72
9.71
9.54
9.04
8.98
8.86
8.94
8.93
9.45
9.66
9.7
9.58
10.44
10.73
10.73
9.97
10.39
10.22
10.56
10.33
10.82
10.95
11.3
11.72
12.36
12.71
12.52
12.91
11.77
7.07
11.07
12.45
10.24
10.32
9.84
9.96
9.37
8.76
9.28
9.36
9.07
8.85
9.26
9.98
10.28
9.85
9.89
10.56
11.73
11.95
11.69
11.63
12.18
12.56
12.26
12.52
12.3
11.62
11.76
11.34
11.03
4.56
9.65
12.56
9.6
9.88
10.12
10.92
10.79
10.65
10.62
10.64
10.64
10.8
11.16
10.68
10.4
10.61
10.7
10.95
11.54
11.6
12.01
11.72
11.37
10.84
10.99
11.23
10.55
10.78
10.35
9.97
10.22
8.5
12.83
13.21
9.96
10.07
9.76
9.57
9.63
9.53
9.28
9.66
9.53
9.31
9.29
9.89
10.44
10.69
10.25
9.8
10.28
9.66
9.84
10.07
10.16
10.23
10.73
11.66
11.69
11.57
11.68
10.94
5.03
10.4
12.98
9.44
9.49
9.4
9.81
9.85
10.08
9.94
9.87
10.56
10.7
11.39
11.33
11.05
10.75
10.89
10.85
10.38
10.58
10.43
10.55
10.23
10.74
10.82
10.6
10.73
10.16
10.31
10.41
8.99
12.78
13.16
10.61
10.41
10.96
11.26
10.66
10.62
10.27
10.48
10.55
10.71
10.56
10.82
10.3
10.17
10.36
10.45
10.66
10.68
11.13
11.08
10.86
10.39
10.8
10.87
10.93
11.26
12.24
5.33
9.74
12.52
9.62
9.51
9.86
10.25
10.31
10.34
10.26
10.18
10.13
10.71
10.8
11.12
11.8
11.15
10.99
11.15
11.35
11.17
11.02
11.42
11.76
11.19
10.62
10.29
10.6
10.22
9.65
7.72
11.22
11.83
9.43
9.16
9.17
9.12
9.83
9.86
10.19
10.31
10.02
10.44
10.53
10.06
10.5
10.71
11.41
11.45
11.3
10.67
10.47
10.06
10.85
11.41
11.18
10.7
10.44
10.97
4.97
9.57
12.17
12.77
9.61
9.81
10.17
10.46
10.59
11.17
10.83
11.27
11.41
11.13
11.27
11.52
11.48
11.05
11.68
11.56
11.25
11.37
11.66
11.63
11.21
10.88
10.73
11.01
10.35
6.33
9.99
12.53
12.43
9.74
9.47
9.42
9.62
9.8
10.28
9.46
9.15
9.29
9.29
9.75
9.86
9.72
9.56
9.51
9.97
9.77
9.46
9.51
9.92
10.31
10.36
11.11
10.82
6.04
10.51
13.04
11.95
9.52
10.18
10.09
10
10.57
10.8
10.66
10.52
10.5
10.41
10.48
10.41
10.79
10.59
10.96
11.13
10.59
10.71
10.95
11.73
12.05
12.03
12.88
6.24
10.43
12.62
12.65
10.61
10.7
10.67
10.75
10.7
10.85
11.35
11.23
10.88
11.18
11.01
10.68
10.58
10.64
10.92
11.05
11.06
11.34
10.68
10.15
10.18
9.94
6.5
10.85
13.01
13.08
10.97
11.07
10.76
10.8
10.71
10.18
10.26
10.14
10.23
10.6
9.92
9.98
9.64
9.34
9.48
9.69
9.66
10.14
9.91
14.17
12.62
5.49
9.38
11.22
11.71
12.2
9.99
9.47
9.18
9.05
9.13
9.08
9.24
9.63
9.46
9.44
9.53
9.44
9.58
9.93
10.13
14.72
13.11
12.44
10.41
4.52
7.33
10.01
11.87
12.2
12.53
10.38
10.53
10.28
10.07
9.82
9.64
10.41
10.28
9.91
10.34
10.35
14.8
13.68
13.26
12.19
10.53
7.24
5.21
7.71
10.03
11.7
12.38
13.19
14.51
14.05
13.21
10.23
10.62
14.89
14.08
14.1
12.42
10.7
9.67
9.03
5.21
4.99
6.76
7.82
9.51
9.78
9.7
10.86
10.71
10.41
9.62
9.98
8.93
8.63
8.48
5.63
3.86
5.57
7.12
7.06
6.91
7
7.66
6.56
4.46
5.71
10.37
13.68
9.91
10.26
10.24
10.17
9.89
9.69
10.72
11.23
10.73
11.19
11.05
11.19
11.19
10.65
10.83
10.75
10.54
10.24
10.89
11.09
11.03
11.48
11.55
11.72
11.79
11.81
12.44
12.45
12.35
5.32
10.46
13.92
9.46
9.23
8.99
9.18
9.36
9.81
9.64
9.52
9.82
9.83
10.18
10.57
11.3
11.23
11.01
11.14
11.05
11.31
11.27
11.44
11.23
11.06
11.59
11.89
12.32
11.58
11.86
11.96
11.6
5.06
10.2
13.65
9.73
9.82
9.62
9.1
8.75
8.37
9.07
9.18
9.12
9.45
9.84
9.7
9.83
9.57
10
10.08
10.42
10.85
11.11
10.83
10.82
10.66
10.12
10.47
11.44
11.71
11.2
11.77
12.26
3.68
9.95
12.59
9.92
9.91
10.36
10.25
10.37
10.5
10.29
11.12
11.13
10.77
10.82
10.86
10.78
10.89
10.8
10.6
10.58
10.56
10.52
10.75
10.11
10.08
10.36
10.43
10.22
10.55
10.66
10.77
10.57
8.99
13
10.94
11.23
11.28
11.24
11.25
11.09
11.23
10.79
10.4
10.77
10.53
11.07
10.57
10.5
10.46
10.84
10.46
10.23
10.65
11.05
11.19
10.59
10.6
10.3
10.51
10.78
10.45
10.45
9.94
7.52
11.1
11.72
8.62
8.84
8.91
9.25
8.77
9.21
9.52
9.57
9.31
9.34
8.56
9.26
9.9
9.93
9.46
10.17
10.5
10.6
10.58
10.79
11.12
10.46
11.09
10.91
11.41
10.76
10.08
9.9
6.51
9.94
13.52
9.97
9.96
10.71
10.55
10.85
10.87
11.12
11.2
11.58
10.83
10.87
10.71
10.73
10.51
10.23
10.06
10.21
10.59
10.36
10.47
10.13
9.9
9.34
9.47
10.13
10.25
10.59
11.09
4.45
9.98
12.59
9.37
9.3
9.75
10.13
10.34
9.9
9.77
10.07
9.8
10.09
10.72
10.84
10.91
11.13
10.92
10.09
10.3
11.1
10.73
10.37
10.36
10.88
11.43
10.26
11.26
11.06
11.9
12.13
7.86
11.67
12.49
9.66
9.42
9.77
9.54
9.31
9.26
9.27
9.31
9.35
9.19
9.49
9.2
9.46
9.41
9.32
9.39
8.95
9.7
10.09
9.96
10.69
11.38
12.22
11.89
13.04
13.02
12.65
5.1
10.11
12.88
9.87
9.87
9.59
9.88
9.96
10.01
9.44
9.28
9.87
9.88
9.3
9.04
9.08
9.48
9.31
9.18
9.87
10.52
10.78
11.34
10.67
10.78
10.86
10.7
10.85
10.87
10.97
8.19
12.6
13.1
10.35
10.23
10.37
10.54
10.45
10.54
10.68
10.34
10.46
10.34
10.91
11.44
11.15
10.59
10.85
11.24
11.02
10.52
10.33
9.72
10.06
9.65
9.64
10.36
10.07
9.31
5.27
9.71
12.71
9.5
9.23
9.26
9.43
9.56
9.37
9.21
8.86
9.27
9.86
9.66
9.89
10.76
10.63
10.47
10.63
11.49
11.67
11.53
12.02
11.6
12.22
11.75
11.6
11.28
11.56
7.43
11.4
11.84
9.51
9.49
9.54
9.73
9.33
9.36
9.63
10.36
10.57
10.51
10.34
11.33
11.2
11.57
11.07
11.03
11.38
10.88
10.63
10.36
10.92
10.83
11.06
11.64
10.82
5.19
9.44
12.76
13.62
11.09
10.52
10.75
10.63
10.42
10.05
9.6
9.58
9.49
9.62
9.59
9.56
9.62
9.4
9.7
10.08
9.96
10.06
10.34
10.03
10.81
10.84
10.96
10.72
5.9
10.33
12.49
12.15
9.94
10.17
9.85
9.4
9.67
9.79
9.92
10.03
9.93
10.18
10.73
11.05
10.44
10.49
10.56
10.52
10.43
10.5
10.79
10.93
10.42
10.67
10.67
6.31
10.72
12.85
13
10.49
10.58
10.47
10.43
10.89
11.1
11.25
11.37
10.84
10.67
10.42
10.61
10.2
10.41
10.85
11.1
11.19
11.82
12.11
10.83
10.73
11.02
6.66
11.14
13.17
12.66
10.92
10.72
10.72
10.64
10.82
10.98
10.92
11.08
11.3
11.24
10.61
11.11
11.2
11.4
12.28
12.19
11.52
11.6
11.8
16.58
13.2
6.29
9.58
12.27
12.83
13.25
10.47
10.71
10.68
10.45
9.95
10.54
10.7
9.94
10.29
10.3
10.73
11.14
10.88
10.86
11.25
11.23
14.02
12.54
11.49
4.42
8.47
10.61
12.52
12.77
12.66
9.72
10.06
9.45
9.22
9.12
9.38
9.99
10.21
11.02
11.82
11.67
12.15
14.96
13.16
11.91
10.62
7.95
4.12
7.03
9.37
10.28
12.24
12.61
12.95
12.04
9.76
10.08
10.23
9.83
9.78
9.67
13.14
12.42
12.6
11.84
10.27
9.68
5.47
4.03
6.86
9.25
9.91
11.38
12.67
12.71
13.47
12.72
12.83
12.56
12.42
11.8
11.49
9.78
9.01
5.22
4.06
6.1
7.69
8.04
8.06
9.82
10.09
9.7
8.97
8.68
8.53
7.07
4.52
3.36
4.97
5.14
3.43
7.53
11.44
9.55
9.73
10
10.3
10.27
9.86
10.09
9.91
10.26
10.03
9.94
10.14
10.56
11.04
11.35
11.07
10.87
10.18
10.06
10.56
11.01
10.98
11.84
11.83
11.65
11.11
11.44
11.74
8.31
12.2
13.03
10.39
10.02
10.09
10.1
10.06
10.22
10.01
10.41
10.11
9.78
10.1
10.25
10.48
10.91
11.71
11.59
11.19
11.27
11.37
11.77
11.43
11.4
12.24
12.83
13.39
12.76
12.93
7.7
10.23
12.78
9.13
9.43
9.46
9.28
9.32
9.48
9.56
9.53
9.45
9.82
9.88
10.15
10.57
10.2
10.09
10.37
10.22
10.67
11.02
10.55
10.29
10.51
10.69
10.86
11.22
10.79
11.28
6.87
11.05
13.48
9.64
9.68
9.46
9.44
9.68
10.35
10.23
9.57
9.51
9.31
9.63
9.91
9.75
9.95
10.12
10.49
10.61
10.43
10.09
10.5
10.93
11.44
11.73
11.27
11.18
11.08
10.57
5.76
10.02
12.96
9.24
9.33
10.07
10.49
10.29
10.12
10.16
11.21
10.85
10.53
11.07
10.89
11.48
11.37
11.3
11.12
10.62
10.21
10.12
10.59
11.31
11.18
10.96
11.32
11.86
11.21
10.94
4.46
10.25
13.19
10.21
9.79
9.18
9.39
9.16
9.36
9.27
8.91
9.06
9.48
9.27
9.58
9.68
9.79
9.77
10.01
10.38
10.68
10.3
11.01
11.56
11.68
11.2
11.19
11.33
11.27
11.48
8.18
11.73
12.15
9.46
9.97
10.39
10.72
10.87
10.27
10.47
10.09
9.66
9.4
10.07
10.66
10.91
10.53
10.12
10.76
10.35
10.1
10.52
10.5
10.67
10.99
10.99
10.7
10.94
10.2
6.9
10.32
13.79
10.66
9.9
9.72
9.66
10.36
10.5
10.97
10.86
11.02
10.33
9.88
10.38
10.61
10.66
10.82
11.12
11.32
11.5
11.7
12.23
12.05
12.49
11.93
11.32
11.46
11.39
4.15
9.92
11.78
11.73
9.72
10.24
10.39
10.06
10.04
9.56
9.87
10.06
10.78
10.71
10.46
10.57
10.92
11.3
10.51
10.59
10.53
10.38
10.51
10.91
11.04
11.64
12.09
12.18
12.86
7.12
10.01
12.88
8.84
8.57
8.9
9.06
9.71
9.8
9.44
9.11
9.11
9.31
10.03
10.49
10.66
10.21
10.55
10.86
10.97
10.54
10.82
11.24
11.17
10.53
10.31
10.43
10.44
4.56
10.68
12.37
12.51
9.96
9.69
9.63
9.54
9.63
9.51
9.38
9.35
9.18
8.3
8.91
8.66
8.76
8.96
8.99
9.32
9.49
10.49
11.31
11.81
11.81
12.23
11.89
11.42
7.25
10.69
12.75
12.86
10.49
10.76
10.97
10.79
11.02
11.23
11.27
11.09
11.16
10.94
11.05
10.85
10.47
10.72
11.11
10.72
10.71
11.04
10.52
10.57
10.86
11.42
11.31
3.88
9.42
10.75
13.13
10.23
10.39
10.58
10.15
10.01
9.7
9.62
9.57
9.3
9.36
9.09
9.79
10.48
10.22
9.5
9.86
9.86
9.38
9.81
9.66
9.43
8.86
9.11
4.14
9.36
11.02
10.74
9.23
9.71
9.33
9.71
10.16
10.1
9.58
9.28
9.2
8.77
8.91
9.57
9.36
9.19
9.2
10.11
9.97
10.03
10.01
10.18
10.09
13.82
5.79
9.56
11.97
13.29
12.38
9.91
9.62
9.15
9.21
9.65
9.95
9.95
10.66
10.26
10.55
10.98
10.7
11.63
11.48
11.6
11.82
11.75
10.61
13.98
10.24
5.99
10
11.7
13.75
12.86
10.37
10.57
10.38
10.28
10.66
10.39
10.17
10.22
10.14
10.64
10.54
10.83
11.52
11.28
11.07
15.61
14.55
12.79
12.24
4.79
8.99
10.49
12.09
12.48
11.87
9.34
9.35
9.7
9.73
9.59
9.92
9.56
9.53
9.38
8.67
8.16
8.66
12.46
11.15
10.88
10.1
7.53
4.51
7.28
10.15
11.01
13.34
13.09
12.95
10.82
10.87
11.11
11.43
11.7
11.38
10.72
14.45
13.36
12.86
12.01
11.6
9.69
5.47
4.88
7.7
10.3
10.19
12.33
12.66
13.27
13.8
13.83
14.35
14.04
13.63
12.69
11.91
10.57
9.11
7.2
3.96
4.31
6.52
7.73
10.16
10.57
10.35
10.87
11.14
10.82
10.45
9.67
8.88
6.98
4.53
3.74
5.13
5.87
6.08
6.1
5.96
5.32
3.73
4.81
9.66
12.77
10.01
10.02
9.96
10.29
10.3
10.39
10.46
10.44
10.21
9.9
10.4
10.39
10.71
11.1
11.17
10.92
10.83
10.23
10
10.35
9.9
10.29
10.16
10.42
10.68
10.92
3.47
8.69
11.43
9.36
9.22
9.26
9.32
9.47
9.22
9.61
10.31
10.37
10.62
10.56
10.34
10.69
10.25
10.56
10.89
10.55
10.26
10.46
11.05
10.27
9.92
9.91
9.59
10.48
10.19
8.35
11.7
12.3
9.63
9.61
9.56
10.06
9.66
9.93
10.35
10.41
10.67
10.52
10.58
11.02
11.66
11.44
11.41
11.67
11.66
11.91
11.64
11.09
11.12
10.77
11.13
11.42
11.11
8.24
10.39
13.84
10.24
10.2
9.83
10.29
10.5
10.71
10.62
10.93
10.79
11.07
11.24
10.75
10.25
10.34
10.35
10.88
11.41
11.05
10.83
10.88
10.6
10.55
10.81
10.67
10.96
7.33
11.08
13.64
10.06
9.77
10.07
10.41
10.21
9.77
9.74
10.01
9.65
9.33
9.42
9.67
10.06
10.46
10.03
10.1
10.75
10.76
10.97
11.64
12.14
11.76
12.06
12.14
11.63
5.75
9.88
12.55
9.63
9.71
9.27
9.28
9.31
9.69
9.59
9.37
9.96
10
9.83
9.73
9.29
9.46
9.7
9.71
9.49
9.35
9.59
9.92
10.05
10.16
10.66
11.3
11.9
3.59
9.59
11.83
12.23
9.81
9.43
9.67
9.78
9.79
9.93
9.66
9.67
9.4
10.09
10.39
10.92
11.21
11.15
10.76
11.11
10.78
10.35
10.33
10.67
11.02
10.86
10.84
11.74
7.2
10.4
13.01
10.64
11.01
10.86
10.36
10.2
10.5
10.37
10.57
11.1
10.81
10.41
10.19
10.79
11.05
11.21
11.99
12.27
12.34
12.47
12.73
12.38
12.55
12.61
12.01
4.74
11.18
13.17
13.15
10.35
10.85
10.96
11.12
10.58
10.83
10.97
10.84
10.4
10.37
9.92
8.91
9.44
9.5
10.06
10.43
10.39
10.28
9.88
9.84
10.15
10.91
11.06
7.14
9.94
12.35
11.71
9.19
8.91
9.17
9.32
9.7
10.28
10.19
9.93
9.93
10.56
10.53
10.19
9.55
9.39
10.43
10.6
10.11
10.02
10.55
10.22
9.84
9.81
4.39
9.26
11.5
13.39
10.86
10.3
10.66
10.6
10.22
10.49
11.16
11
10.85
10.8
10.73
10.25
9.83
10.19
10.37
10.47
9.74
9.96
10.05
9.97
10.37
10.72
5.55
11.45
12.76
13.02
10.53
11.08
10.95
11.25
11.45
11.03
10.94
10.97
11.17
11.4
11.34
11.49
11.25
11.27
10.69
10.35
10.77
10.58
10.6
15
13.07
6.49
9.54
11.57
11.75
9.91
9.8
9.7
9.44
10.08
10.09
9.94
9.39
9.68
9.6
9.83
10.16
10.23
10.58
10.87
10.23
10.31
14.62
12.51
11.36
3.76
8.54
9.73
12.28
12.97
12.84
9.99
10.02
10.3
10.4
10.42
10.99
10.8
9.79
9.78
9.97
10.37
10.29
10.45
10.28
13.58
11.93
12.57
9.44
4.05
6.72
10.82
11.45
12.99
11.74
9.57
9.57
9.49
9.59
9.36
9.86
10.16
10.05
10.1
10.29
10.31
13.41
12.03
11.35
11.34
8.46
3.75
5.39
9.39
10.3
12.54
13.65
13.49
12.04
9.65
9.79
10.06
10.45
10.55
15.17
12.99
12.79
11.71
10.39
9.12
7.28
3.94
4.2
7.14
9.93
10.58
11.15
13.1
13.98
13.72
14.09
13.89
13.72
12.89
12.82
12.24
12.03
9.62
5.81
3.99
6.24
8.72
9.14
9.22
9.82
10.05
9.75
9.25
9.87
7.95
6.71
5.94
3.73
3.9
5.6
6.16
6.66
6.6
6.22
6.24
5.44
3.55
5.05
9.01
12.62
14.56
9.58
9.54
9.26
9.33
9.32
9.43
9.86
9.78
9.61
9.38
9.93
9.6
9.7
9.66
9.8
10.25
10.74
11.23
11.05
11.05
11.37
11.25
11.28
5.49
8.84
12.64
14.42
10.33
10.55
10.53
10.85
10.42
10.62
10.11
9.79
9.77
9.54
10.13
9.16
9.48
9.86
10.18
9.73
9.63
9.91
9.61
9.88
9.75
9.93
10.07
3.22
8.97
11.88
13.25
9.74
9.55
9.87
9.81
9.49
9.71
9.99
10.23
10.82
10.66
10.06
9.86
9.92
9.9
10.12
10.07
10.04
10.39
10.54
9.92
10.42
11.45
11.53
6.9
10.87
13.15
10.14
9.92
10.03
10.13
10.23
10.4
9.46
9.12
9.09
9.18
9.29
9.34
9.37
10.04
9.7
10.2
10.42
10.42
10.26
10.43
10.58
10.66
10.78
5.99
10.58
12.49
11.96
9.16
8.77
8.85
8.51
8.49
8.9
9.54
9.51
9.53
9.91
9.75
10.08
9.57
9.68
9.59
9.76
9.54
9.51
10.08
10.24
9.69
10.37
5.59
9.56
11.21
13.26
10.01
9.9
9.91
9.92
10.14
10.68
10.41
10.53
10.79
10.15
10.09
10.02
10.03
9.97
9.71
9.78
9.8
10.54
10.47
9.91
9.47
9.83
4.01
8.65
11.9
13.23
12.57
9.77
9.93
9.86
9.67
9.65
9.71
10.13
9.88
9.74
9.68
9.54
10.13
10.19
10.71
10.9
10.58
10.66
11.3
11.34
11.52
14.31
6.17
10.23
11.48
13.16
9.39
9.31
9.78
9.69
9.36
8.82
9.1
9.84
10.47
10.59
10.57
11.09
10.62
10.17
9.82
9.96
10.35
10
9.61
13.93
11.68
3.73
8.39
11.72
13.2
12.46
10.58
10.25
10.43
10.23
10.03
10.24
9.8
9.4
9.7
9.89
9.52
9.23
8.73
9.21
9.71
10.18
10.54
10.78
13.05
12.33
5.05
11.11
12.41
14.04
13.1
10.78
11.06
11.06
11.2
10.69
10.48
10.26
10.37
10.4
10.96
10.65
10.67
10.71
11.01
10.5
10.22
13.86
12.59
11.5
6.21
10.15
12.17
13.05
12.54
10.17
10.82
10.3
10.21
10.66
10.8
11.61
11.47
11.73
11.65
11.44
11.24
10.98
11.16
14.2
11.42
11.17
9.05
3.43
7.54
10.56
12.02
13.32
12.53
10.27
10.9
10.81
10.77
11.06
10.88
10.61
10.7
10.75
10.41
10.35
14.73
13.24
12.37
11.55
9.29
6.97
3.69
7.62
10.17
11.17
12.75
12.36
11.98
10.21
10.26
10.14
10.37
10.09
9.76
10
13.6
12.94
13.07
12.81
12.33
9.24
5.27
3.52
6.28
9.82
10.66
10.93
12.77
13.5
14.29
14.42
15.19
15.59
15.54
15.12
14.47
13.66
13.44
11.05
7.66
4.75
4.44
7.93
10.01
10.83
11.83
12.92
13.25
12.95
12.99
12.47
11.61
10.97
10.11
7.98
6.43
4.4
3.56
5.36
6.34
8.09
8.23
8.95
9.09
8.75
9.08
8.07
7.4
6.1
4.12
2.91
4.66
5.14
5.63
5.31
4.87
3.21
6.92
10.25
13.11
14.32
9.77
10.12
9.78
10.29
10.25
9.97
10.19
10.35
10.61
10.17
10.15
10.54
10.49
10.64
10.78
10.81
10.01
9.71
12.81
10.54
6.7
10.74
13.41
14.47
10.33
10.13
9.93
10.13
10.2
9.77
10.22
9.73
9.96
9.82
9.18
9.84
10.01
10.27
10.4
10.5
10.74
10.61
13.95
11.55
6.21
9.41
11.7
13.14
9.35
9.82
9.46
9.43
9.87
9.9
9.64
9.88
10.23
10.02
9.92
10.2
10.19
10.04
10.19
10.46
10.75
14.56
13.11
13.09
5.76
9.22
12.33
13.61
10.17
9.84
9.55
9.88
10.27
10.63
10.41
10.62
10.78
11.18
10.62
10.43
10.05
10.17
10.87
10.85
10.95
13.52
12.81
10.89
3.76
8.63
11.97
13.16
12.64
10.45
10.52
10.32
10.39
10.21
10.3
10.33
10.64
10.6
10.47
10.79
11.53
11.04
10.63
10.35
10.51
13.06
12.02
10.44
6.17
10.58
11.32
13.09
10.19
10.22
10.4
9.89
10.17
11.01
10.86
10.71
10.64
10.56
10.21
10.55
10.51
9.76
9.56
12.97
12.02
11.88
9.26
3.97
8.94
11.36
11.99
11.41
9.46
9.36
9.78
9.13
8.92
9.97
10.62
10.84
11.25
10.86
11.21
11.34
11.56
15.72
13.41
13
11.47
8.46
6.34
10.76
11.32
12.82
12
9.64
9.59
9.58
9.47
9.58
9.14
8.94
8.75
9.22
9.81
9.86
13.36
12.3
13.24
12.12
8.54
3.47
3.69
8.19
10.95
11.63
12.76
12.22
10.08
9.91
10.15
9.64
10.1
9.83
9.87
10.12
10.56
14.02
12.98
14.47
13.67
9.8
6.24
3.89
8.2
11.2
11.68
12.84
12.63
12.23
10.98
11.28
11.6
12.42
12.29
16.35
14.65
14.74
15.38
14.54
11.74
8.4
4.23
4.69
8.87
10.16
11.47
11.57
12.76
12.75
13.05
12.69
12.62
12.37
11.54
12.13
13.02
11.95
9.95
7.19
4.05
3.95
8.05
9.77
11.61
12.27
12.36
12.74
12.92
12.86
11.85
12.64
11.21
10.33
8.27
6.43
3.29
3.66
5.67
7.76
8.64
9.5
9.99
10.01
9.4
9.35
8.56
7.37
6.24
3.86
3.8
5.18
5.77
6.39
6.75
6.7
6.36
5.47
3.67
5.94
9.07
11.39
12.91
13.78
10.83
10.91
10.28
10.22
10.02
10.58
10.44
11.02
11.17
14.59
13.67
12.48
10.47
7.53
4.6
5.47
9.32
11.85
14.07
13.43
12.32
9.93
10.13
10.35
10.33
10.72
10.65
10.52
9.84
13.49
13.07
11.91
10.67
8.5
5.48
5.56
8.83
11.08
12.95
11.84
12.64
9.87
9.92
9.86
9.86
10.11
10.48
10.86
15.06
13.97
15.47
12.69
10.62
7.47
3.36
4.85
8.37
10.73
12.65
14.28
13.86
12.75
10.94
10.92
10.67
10.55
10.56
10.25
12.41
13.02
13.14
11.16
9.18
6.49
2.99
7.12
9.14
11.21
13.09
12.99
12.58
11.83
9.49
9.54
9.99
14.06
13.05
13.69
14.21
12.86
11.25
8.61
5.06
5.21
8.37
10.79
12.39
13.62
12.77
13.57
13.94
13.68
13.33
12.49
13.05
13.26
13.29
11.6
9.37
6.11
3.15
3.23
6.86
8.85
10.53
12.28
13.8
14.19
13.56
13.11
12.87
13.16
13.34
12.93
11.91
11.03
7.35
3.95
3.36
7
9.11
10.42
11.32
12.26
12.94
13.41
13.24
13.02
12.05
11.47
9.94
7.19
3.68
3.53
6.65
8.01
9.24
9.73
10.27
9.96
9.94
9.58
9.39
8.73
6.79
4.35
3.47
5.05
7.55
7.6
7.93
7.91
7.79
7.22
5.98
5.44
3.49
3.2
4.63
4.77
4.97
4.94
4.57
3
4.19
5.92
7.1
8.14
8.78
9
9.15
8.77
7.71
6.57
5.06
2.58
6.12
7.64
8.53
8.85
9.04
8.89
8.51
7.81
7.24
4.49
4.09
6.65
7.52
8.31
8.69
8.51
7.92
7.54
5.53
3.09
2.56
5.66
6.72
7.53
7.87
7.95
7.29
6.35
4.17
3.11
5.39
6.21
6.24
6.43
5.54
4.78
2.72
2.94
4.19
4.38
4.25
3.04
7.09
5.39
7.4
7.76
12.66
7.06
14.37
12.74
8.85
10.96
11.22
9.13
10.42
8.1
6.08
10.62
5.66
2.4
3.8
3.1
0.56
0.75
10.93
7.28
10.5
11.77
7.74
12.73
10.59
6.43
9.45
4.69
2.25
3.06
2.66
0.26
0.29
10.84
6.74
10.18
9.25
8.51
10.64
8.72
4.02
7.59
5.29
3.75
2.15
4.23
2.72
0.54
0.64
1.34
5.63
5.9
5.15
11.04
7.73
11.19
8.54
3.97
5.95
5.89
3.94
4.57
2.58
1.6
5.1
2.25
0.92
1.14
2.02
2
5.32
5.45
6.39
10.87
9.09
8.93
8.28
3.64
5.46
3.61
3.86
1.95
4.31
3.14
12.37
8.2
11.98
12.94
9.14
13.88
9.78
8.24
10.33
9.77
0.35
0.16
0.24
0.14
0.49
0.001
0.02
12.07
7.44
11.98
12.42
8.67
11.54
10.69
9.37
13.43
9.38
0.17
0.13
0.32
0.001
0.001
0.11
0.1
11.79
7.15
11.06
13.36
11.36
11.19
10.03
9.05
12.96
10.69
5.31
7.03
0.06
0.43
0.75
0.34
0.03
0.11
0.18
0.3
6.2
7.21
7.95
14.02
11.85
14.28
11.64
9.24
9.77
11.16
7.84
8.89
8
0.42
0.42
0.001
0.1
0.89
0.62
0.93
0.09
0.16
0.34
0.35
5.78
6.38
6.09
11.19
14.59
6.99
14.27
11.13
8.68
10.63
8.99
3.98
9.87
8.32
9.13
3.85
0.66
0.8
1.12
1.38
0.24
0.18
0.61
13.23
6.73
9.68
12.43
9.46
10.81
12.69
4.5
6.4
4.98
1.65
3.09
2.85
0.65
7.64
5.49
5.66
9.13
9.17
11.48
7.61
4.88
4.17
3.75
4.67
2.43
4.83
2.69
13.94
10.5
13.43
13.65
12.82
16.1
14.05
11.62
11.81
12.27
0.001
0.03
0.05
0.001
0.12
13.36
8.21
9.11
15.19
12.91
15.33
13.94
11.1
14.31
11.26
8.11
8.73
0.09
0.02
0.02
0.09
0.001
0.001
10.17
6.63
8.72
15.39
12.73
14.24
14.45
11.83
15.56
13.23
10.09
10.55
6.8
0.001
0.001
0.06
0.001
0.001
0.001
0.07
14.36
12.99
14.94
12.9
16.54
6.61
12.53
0.001
0.001
0.2
0.26
0.18
0.001
0.16
0.01
0.13
12.8
8.39
13.92
11.3
8.96
14.05
12.62
5.97
12.73
9.84
0.03
0.27
0.001
0.26
10.75
7.73
8
12.66
13.4
14.26
14.28
11.52
10.9
11.18
6.5
9.11
7.16
0.36
0.05
0.33
0.001
0.08
0.001
0.02
14.05
8.3
12.89
11.86
5.57
11.61
10.06
12.77
0.15
0.22
0.41
0.14
0.3
10.88
5.87
9.09
13.94
12.48
11.94
10.46
3.92
8.07
5.95
5.77
1.2
2.87
1.93
0.37
5.15
4.62
3.25
6.42
2.89
5.46
3.59
15.64
12.38
17.48
16.67
16.01
6.96
13.03
0.001
0.12
0.001
0.12
12.33
10.56
12.02
17.76
10.67
19.8
10.15
10.07
0.001
0.001
0.001
0.001
15.13
9.62
14.15
16.84
12.38
16.55
14.21
11.85
0.001
0.001
0.04
0.001
0.001
0.001
14.06
8.6
14.75
16.62
13.91
17.27
13.71
8.3
13.63
11
0.09
0.001
0.001
0.001
0.001
0.001
0.18
11.85
7.37
8.86
14.27
15.7
13.53
15.15
12.67
13.27
12.91
7.61
11.02
6
0.001
0.12
0.001
0.07
0.05
0.23
0.07
0.05
0.09
0.11
0.01
12.42
12.18
13.78
13.12
14.58
11.18
14.28
0.23
0.11
0.04
0.08
0.001
0.19
15.57
7.79
15.05
15.69
12.76
12.46
13.95
7.31
13.71
10.13
6.66
0.05
0.1
0.001
0.15
0.49
0.3
0.05
0.33
0.32
0.27
10.93
10.56
11.84
11.23
10.47
6.07
11.16
0.24
0.27
0.44
0.001
0.14
0.17
0.1
11.09
6.71
12.11
14.91
10.97
12.65
12.68
5.64
9.44
5.58
5.36
2.97
1.4
0.43
1.71
1.25
0.03
0.79
0.73
5.76
5.15
3.77
6.23
3.69
6.66
4.73
2.95
3.04
2.5
1.62
1.53
3.17
2.18
19.15
16.83
18.14
15.39
17.03
0.001
0.11
0.001
0.001
0.001
0.001
0.001
0.001
0.001
0.001
15.52
17.15
19.51
15.74
16.21
0.001
0.001
0.001
0.001
0.06
0.001
0.06
0.001
0.05
0.001
0.001
17.38
15.87
17.53
16.89
15.17
11.02
0.001
0.001
0.001
0.07
18.08
10.47
14.83
16.95
12.4
17.84
12.29
15.19
0.001
0.001
0.09
0.001
0.04
0.001
0.02
15.78
10.82
14.19
16.78
13.39
18.48
15.71
13.14
9.04
0.001
0.001
0.001
0.05
0.001
0.08
0.07
0.001
0.001
10.57
15.77
13.89
7.96
11.86
0.001
0.001
0.13
0.001
0.001
0.02
13.3
11.31
15.15
14.63
16.86
8.79
12.22
0.001
0.001
0.05
0.25
0.1
0.001
0.3
0.34
0.33
16.17
8.49
13.67
13.66
12.98
15.83
15.29
9.4
14.34
11.1
7.53
0.001
0.16
0.16
0.001
0.07
0.08
0.12
12.57
10.95
13.8
12.62
14.55
8.63
12.74
0.03
0.17
0.21
0.03
0.14
0.14
12.29
5.93
10.58
13.47
12.89
11.16
10.55
5.3
9.88
6.23
6.16
3.48
1.75
0.53
1.94
1.6
0.3
0.52
1.24
3.85
3.45
3.4
2.04
1.57
4.32
2.48
14.42
18.36
16.26
15.47
16.38
0.001
0.001
0.001
0.001
0.001
0.001
0.001
12.84
17.99
15.33
14.49
14.99
0.001
0.001
0.001
0.001
0.001
0.001
0.001
0.001
19.48
21.22
17.61
17.06
16.96
0.001
0.3
0.001
0.12
0.001
0.001
0.001
0.001
0.001
0.001
0.001
17.94
20.02
18.78
20.46
20.23
10.78
0.02
0.001
0.001
0.001
0.001
16.6
8.97
16.24
16.37
11.36
17.13
15.34
15.42
0.01
0.001
0.001
0.02
0.05
0.001
0.05
16.49
8.19
18.46
16.89
15.97
13.67
17.39
18.37
8.89
14.76
0.001
0.09
0.001
0.001
15.41
14.79
15.28
17.3
19.24
9.26
0.03
0.001
0.15
0.34
0.07
0.001
0.001
0.01
0.05
15.17
9.57
15.25
16.58
11.1
15.38
12.5
12.93
9.29
0.09
0.001
0.17
0.05
0.05
0.11
13.04
14.22
12.1
8.18
12.41
7.17
0.001
0.26
0.3
0.24
0.36
0.29
14.97
7.56
14.01
15.13
12.03
13.89
14.11
12.7
0.23
0.36
0.91
0.03
0.14
0.25
7.21
7.96
7.35
7.78
7.57
3.8
5.6
3.24
3.14
2.12
0.31
2.57
1.84
0.65
1.05
1.31
14.61
17.4
14.17
15.85
16.11
0.001
0.001
0.001
0.001
0.001
0.001
0.001
15.68
19.11
16.76
17.07
14.98
0.001
0.001
0.001
0.001
0.001
0.001
0.001
14.14
18.26
15.09
16.9
17.47
0.001
0.001
0.001
0.001
0.001
0.001
0.001
0.001
19.58
18.26
20.35
22.71
20.4
0.001
0.001
0.001
0.001
0.001
0.02
0.01
0.001
0.001
0.001
0.001
16.49
10.66
17.07
17.93
11.32
15.69
15.5
15.91
0.01
0.001
0.05
0.001
0.001
0.001
0.001
18.44
9.68
17.03
19
20.55
17.71
20.48
14.78
10.21
0.001
0.001
0.001
0.1
0.02
0.001
0.01
0.001
0.001
0.24
0.24
16.87
14.98
15.47
11.97
15.66
0.01
0.07
0.001
0.001
0.02
0.07
0.01
0.05
0.001
16.7
8.98
15.82
18.96
12.36
17.23
14.62
14.81
0.09
0.11
0.07
0.04
0.001
0.03
9.4
13.89
9.83
13.9
0.01
0.06
0.24
0.01
0.001
0.01
15.73
8.59
12.06
16.16
10.75
14.47
14.54
14.21
0.1
0.04
0.15
0.22
0.001
0.08
0.05
9.76
11.15
7.57
10.54
8.81
4.32
0.66
0.83
0.31
1
0.52
0.1
0.3
0.73
0.63
4.01
4.06
3.57
3.34
2.3
3.43
2.54
2.56
2.75
2.14
1.55
1.58
2.07
1.53
18.93
20.2
15.6
19.37
17.68
0.001
0.001
0.001
0.001
16.61
20.92
16.51
20.57
19.81
0.001
0.001
0.001
0.001
0.001
0.001
18.72
22.16
20.58
25.03
20.77
0.001
0.001
0.001
0.001
0.001
0.001
0.001
20.47
15.12
20.67
19.63
21.96
15.28
0.001
0.001
0.001
0.001
0.001
0.001
0.001
0.001
0.001
0.001
19.88
10.81
21.09
21.09
21.51
21.89
21.37
17.04
0.001
0.001
0.001
0.07
0.06
0.04
16.98
8.3
16.28
18.21
21.01
16
18.77
18.37
11.86
13.69
0.03
0.07
0.001
0.001
0.001
0.001
0.001
0.001
0.02
0.001
16.12
15.72
17.47
15.37
18.06
0.001
0.001
0.08
0.05
0.04
0.001
0.001
0.07
0.03
15.07
8.44
15.53
17.21
11.94
15.99
16.22
15.7
0.001
0.001
0.13
0.05
0.03
0.14
15.45
12.55
14.35
0.06
0.02
0.03
0.1
0.001
0.001
0.001
14.21
7.65
14.53
14.06
11.35
15.09
12.82
14.56
0.35
0.5
0.22
0.44
0.33
0.001
0.16
0.06
0.19
10.92
5.84
8.87
5.87
0.12
0.18
0.17
0.25
0.39
0.44
0.54
0.49
0.13
0.5
0.4
0.55
3.44
5.39
4.08
3.27
1.39
5.14
3.52
1.58
2.67
1.99
1.17
0.75
1.95
1.83
19.11
18.89
18.95
18.67
19.28
0.001
0.001
0.001
0.001
0.01
0.02
0.05
0.001
0.001
0.001
0.001
22.98
20.09
21.3
24.95
23.04
0.001
0.001
0.001
0.04
18.42
12.4
19.31
23.09
10.07
19.24
17.29
0.001
0.001
0.001
0.03
0.001
0.001
21.23
9.97
19.45
18.56
20.48
19.49
18.51
20.33
0.02
0.001
0.07
0.001
0.001
0.001
0.001
0.001
20.78
9.96
21.36
19.56
18.19
20.11
20.79
22.75
0.001
0.001
0.001
0.02
0.001
0.001
18.76
12.44
12.32
16.29
0.001
0.03
0.01
0.001
0.03
0.001
0.09
0.15
0.04
16.52
15.28
17.35
18.81
19.94
11.19
0.1
0.08
0.01
0.001
0.16
0.04
0.03
0.19
0.35
18.22
7.69
18.47
17.43
14.64
16.76
17.86
17.33
0.03
0.04
0.02
0.15
0.001
0.001
0.12
0.07
12.5
16.47
15.4
11.06
17.7
0.16
0.001
0.51
0.02
0.001
0.02
0.41
0.32
0.44
16.57
8.37
13.02
15.47
12
13.44
13.61
15.49
0.09
0.19
0.08
0.31
0.41
0.37
0.35
0.01
0.17
0.24
0.13
7.8
10.84
6.79
10.58
9.3
0.12
0.18
0.26
0.2
0.39
0.16
0.33
0.42
0.6
2.6
4.74
4.81
1.65
4.57
3.13
1
3.1
2.66
0.2
0.55
1.96
1.67
1.05
1.55
1.63
0.83
1.15
1.26
1.27
22.76
10.73
19.21
20.68
17.32
20.25
17.88
14.86
0.001
0.001
0.001
0.001
0.04
0.001
0.001
0.001
0.001
19.95
11
19.19
26.67
22.24
24.69
21.91
15.99
0.001
0.08
0.001
0.001
0.01
0.03
0.001
0.001
0.08
0.16
0.06
21.12
8.47
20.42
24.91
21.47
23.26
23.34
19.5
0.001
0.001
0.001
0.001
0.02
21.13
7.79
20.5
15.56
26.13
10.66
23.43
20.27
0.001
0.07
0.02
0.01
0.07
0.001
0.001
23.72
15.91
16.39
17.55
0.01
0.03
0.001
0.001
18.18
20.1
19.86
19.8
21.74
0.001
0.001
0.01
0.15
0.001
0.001
0.001
0.14
0.03
20.2
10.67
17.94
21.36
12.58
17.19
18.37
12.14
0.01
0.1
0.17
0.11
0.2
0.14
0.21
0.22
0.24
17.35
5.99
16.43
12.96
18.33
8.07
19.9
19.67
11.22
14.29
0.03
0.1
0.05
0.02
0.06
0.09
0.04
0.1
0.11
15.68
12.34
15.43
17.13
17.68
13.43
0.18
0.06
0.13
0.05
0.17
0.2
0.18
0.18
0.24
0.22
17.79
7.29
15.07
17.24
17.18
15.45
13.97
15.63
10.27
0.12
0.08
0.34
0.28
0.12
0.32
0.2
0.46
0.48
0.19
0.18
0.39
0.27
0.23
10.38
8.19
7.23
14.01
11.41
6.03
0.16
0.14
0.18
0.15
0.27
0.48
0.24
0.51
0.4
0.23
0.44
0.9
0.59
4.08
4.26
4.44
6.31
2.95
4.97
6.24
0.29
3.4
2.62
1.12
1.44
3.91
2.56
0.59
2.1
1.99
1.18
1.11
2.13
1.69
17.06
9.19
13.35
12.49
22.5
11.9
20.58
24.55
9.55
15.05
0.001
0.001
0.001
0.001
0.001
0.001
0.001
14.97
8.21
12.26
9.91
23.2
10.11
21.67
24.52
16.7
14.76
0.001
0.001
0.1
0.001
0.07
0.02
0.05
0.04
22.65
19.74
22.54
0.001
0.02
0.001
0.001
0.001
0.01
0.001
0.01
0.001
0.001
0.001
14.88
23.69
20.27
23.59
22.38
0.001
0.001
0.001
0.001
0.001
0.001
23.61
15.55
23.99
23.95
21.48
13.56
0.001
0.001
0.001
0.001
0.001
0.02
0.001
0.02
0.11
0.09
0.04
23.64
11.37
21.44
23.31
20.25
21.29
23.08
14.38
0.01
0.09
0.13
0.01
0.14
0.001
0.16
0.001
0.001
19.14
8.88
16.59
15
22.12
9.55
22.78
16.89
13.24
0.001
0.001
0.07
0.09
0.03
0.02
0.02
0.12
0.07
14.56
19.95
18.04
20.63
18.79
0.28
0.07
0.1
0.28
0.31
0.22
0.06
0.07
0.2
0.09
19.37
8.69
17.05
19.34
13.16
14.05
19.94
14.05
0.36
0.12
0.42
0.32
0.07
0.54
0.4
0.33
0.4
0.27
0.13
0.12
0.29
0.25
16.6
10.75
11.47
14.61
0.18
0.09
0.38
0.06
0.37
0.71
0.63
0.49
0.67
0.5
0.48
0.64
0.19
10.4
8.61
11.69
11.77
9.08
9.97
10.55
5.31
0.34
0.36
0.48
0.72
0.23
1.08
1.14
0.8
0.86
1.06
0.6
0.9
1.22
0.74
6.07
4.29
4.15
7.21
3.55
3.52
3.15
2.03
4.59
3.36
2.28
1.44
2.65
2.29
1.95
2.41
2
1.55
2.18
1.98
1.79
27.84
19.33
24.06
24.7
25.64
0.001
0.001
0.001
0.001
0.001
0.001
19.36
20.25
18.85
25.92
26.09
0.15
0.001
0.001
0.001
0.11
0.001
0.001
20.7
10.46
21.21
23.47
11.92
20.37
14.7
0.001
0.001
0.001
0.001
0.001
0.001
0.001
0.001
0.001
23.88
10.91
22.03
23.45
22.09
19.65
23.61
11.62
0.001
0.001
0.001
0.001
0.001
0.001
22.26
7.71
18.66
17.58
23.95
10.95
22.08
17.52
0.03
0.001
0.001
0.02
0.02
0.001
0.001
0.001
0.001
15.97
7.62
9.95
9.17
23.21
8.49
19.45
23.35
13.2
20.16
0.16
0.21
0.24
0.07
0.26
0.001
0.16
0.13
0.09
14
18.42
18.31
22.34
21.05
0.001
0.09
0.36
0.05
0.19
0.11
0.14
0.13
0.2
0.05
18.95
7.84
20.7
19.8
13.31
16.38
17.48
13.81
0.07
0.001
0.01
0.06
0.03
0.03
0.18
0.09
0.13
0.13
0.16
0.14
0.18
0.15
16.36
7.06
13.88
10.64
16.96
6.6
14.68
16.8
11.84
0.2
0.5
0.28
0.46
0.08
0.54
0.6
0.13
0.26
0.39
0.36
14.41
10.24
13.94
14.53
10.33
10.27
0.08
0.4
0.24
0.57
0.83
0.57
0.91
0.4
0.61
0.68
0.54
0.49
1.5
0.43
0.57
0.45
0.48
0.39
0.33
0.29
0.36
8.29
8.69
7.66
7.77
5.08
3.81
1.28
3.66
1.45
1.02
0.75
0.47
1.69
1.85
0.55
0.75
1.59
1.09
0.9
2.15
1.66
0.91
1.68
1.36
1.15
1.02
1.06
1.2
4.5
3.42
2.4
4.02
3
2.37
2.48
24.31
8.02
23.44
10.79
25.53
9.46
24.18
18.53
0.001
0.001
0.001
0.01
25.04
8.25
24.75
11.62
26.07
10.76
24.71
25.3
0.1
0.001
0.001
0.001
0.001
0.001
25.25
8.62
21.4
11.42
26.64
8.92
25.22
25.48
13.51
0.001
0.001
0.001
0.001
0.001
0.001
0.001
0.001
26.49
18.41
22.74
0.14
0.001
0.02
0.07
0.001
0.02
13.99
21.75
20.39
23.45
24
0.03
0.001
0.05
0.16
0.11
0.001
0.05
0.05
0.11
24.4
12.44
20.48
23.45
23.59
16.52
0.07
0.03
0.21
0.24
0.04
0.06
0.12
0.06
0.09
22.21
6.34
20.15
20.24
22.43
15.64
21.47
20.01
0.19
0.15
0.03
0.07
0.11
0.14
0.06
0.16
0.03
0.13
0.001
0.04
18.19
10.45
14.95
0.33
0.32
0.68
0.22
0.28
0.18
0.04
0.19
0.4
0.18
11.83
10.45
13.47
12.74
9.8
8.39
0.21
0.33
0.4
0.36
0.5
0.1
0.33
0.44
0.43
0.61
1.2
0.48
0.54
0.39
0.31
0.53
0.36
0.47
0.34
13.33
3.97
10.2
7.21
9.22
4.46
9.38
10.52
8.19
5.59
6.3
1.09
1.26
0.75
0.95
0.56
1.06
0.57
1.71
1.42
0.09
0.78
0.47
0.54
0.57
1.12
0.83
0.55
0.57
1.3
1.61
1.15
1.06
0.83
7.61
5.06
4.35
4.49
5.89
3.79
4.31
2.89
6.09
4.98
5.32
2.63
4.18
3.58
1.39
4.74
2.71
2.61
2.1
2.65
2.72
1.91
2.24
2.36
2.76
2.35
1.77
2.12
18.39
23.92
20.28
28.5
29.1
0.001
0.001
0.001
0.001
0.001
0.06
0.001
0.001
0.001
0.001
0.001
20.04
21.84
22.05
28.54
21.33
0.001
0.001
0.001
0.001
24.29
10.63
22.62
25.07
13.12
19.47
18.33
0.001
0.001
0.05
0.001
0.001
0.001
0.001
26.51
8.58
23.84
21.69
21.28
21.8
24.74
0.001
0.001
0.02
0.001
0.001
0.001
28.28
9.06
21.04
14.15
27.3
8.8
23.71
18.62
0.01
0.06
0.02
0.03
0.001
0.001
0.03
0.1
0.15
18.36
6.09
16.35
7.26
22.92
6.72
17.52
26.55
13.01
0.05
0.05
0.24
0.08
0.22
0.08
0.16
0.2
0.19
0.33
0.44
0.18
16.84
13.56
16.24
13.93
0.03
0.34
0.25
0.001
0.11
0.07
0.17
0.2
1.17
0.48
17.58
8.53
12.61
11.33
10.2
10.05
0.14
0.44
0.41
0.51
0.12
0.45
0.78
0.21
0.39
0.48
0.57
0.24
0.59
0.26
0.78
0.48
0.69
0.34
9.84
5.82
9.59
9.07
5.25
0.68
0.97
1.87
0.92
1.34
0.61
0.45
0.28
1.05
1.18
0.81
0.69
0.61
0.41
0.71
0.95
0.41
0.66
0.85
0.71
0.83
0.88
0.48
0.86
0.57
0.37
0.45
1.01
0.47
0.72
6.79
5.47
4.74
2.83
5.59
4.93
3.59
3.14
2.33
2.32
4.49
4.52
0.67
2.16
2.42
2.25
1.38
3.32
2.12
1.28
1.84
1.77
2.24
1.81
1.63
1.49
0.95
1.67
2.15
2.28
1.79
1.23
1.23
21.88
5.92
20.81
6.85
20.81
6.67
20.52
25.24
0.001
0.001
0.001
0.001
15.35
5.84
10.52
6.31
19.1
7.4
15.56
17.69
9.29
13.23
0.001
0.06
0.001
0.001
0.001
0.05
0.001
0.04
0.03
0.1
0.06
0.08
0.001
10.07
5.2
8.8
6.71
14.15
4.57
15.68
22.53
16.33
14.97
0.08
0.001
0.03
0.16
0.09
0.16
22.96
14.5
16.98
0.001
0.14
0.07
0.07
0.001
0.2
11.61
16.03
15.73
19.42
16.08
0.001
0.001
0.13
0.02
0.001
0.21
18.08
10.03
17.79
11.74
10.43
11.2
0.09
0.26
0.1
0.1
0.11
0.02
0.05
0.18
0.3
15.42
6.11
10.54
5.25
13.9
4.61
9.86
16.98
11.85
0.35
0.16
0.62
0.5
0.11
0.52
0.51
0.12
0.14
0.52
0.62
0.19
0.33
0.2
0.26
0.38
0.47
0.48
8.53
8.54
8.79
4.82
5.99
7.28
5.86
1.91
3.06
3.53
1.84
1.83
2.4
1.82
1.41
1.27
0.63
0.68
0.88
1.01
0.23
0.38
1.2
0.87
0.57
0.38
0.85
0.63
0.84
0.66
0.37
0.41
0.52
0.45
0.97
0.88
0.82
0.94
0.89
0.31
1.02
1.31
0.9
0.61
4.38
6.49
6.22
6.04
5.06
3.73
6.17
3.67
3.31
4.31
4.41
5.27
4.58
1.84
1.92
2.78
2.61
4.13
3.16
0.99
2.35
2.37
2.35
2.23
2.99
1.83
2.01
2.23
2.32
2.06
2.35
1.51
1.5
0.76
1.86
1.77
1.82
2.31
1.76
1.9
0.73
1.44
1.55
1.6
1.85
1.37
1.21
0.95
1.29
1.28
1.36
1.1
1.57
1.35
16.45
7.17
17.19
8.25
13.85
7.66
14.69
0.001
0.001
0.001
0.001
0.001
0.01
0.07
0.01
0.01
20.81
7
14.14
7.95
14.43
6.48
14.57
0.001
0.001
0.001
0.001
0.001
0.001
0.04
0.09
0.03
15.49
6.07
16.59
5.68
15.6
5.63
15.19
0.001
0.001
0.09
0.001
0.001
0.01
0.01
0.001
0.001
20.09
3.52
13.43
4.05
14.41
3.13
12.07
6.75
0.001
0.03
0.04
0.02
0.04
0.28
12.35
2.61
7.44
3.79
6.8
3.99
5.68
16.33
11.89
10.91
8.26
0.25
0.05
0.1
0.06
0.23
0.12
0.13
8.66
8.97
10.09
9.09
7.81
5.1
7.04
6.43
2.58
0.14
0.3
0.13
0.38
0.01
0.35
0.61
0.28
0.48
0.26
0.19
0.5
0.36
0.18
9.83
4.92
7.38
3.75
5.36
5.45
2.09
3.03
3.35
3.93
4.2
3.2
2.54
4.38
4.52
3.05
2.93
2.2
1.5
1.3
1.39
0.97
1.63
1.43
1.75
0.91
1.91
0.77
0.48
1.06
1.52
0.43
0.9
0.54
0.61
1.37
0.58
0.22
0.63
1.12
0.47
0.76
0.71
0.76
0.6
0.67
0.69
0.75
0.77
1.19
0.91
3.6
4.46
4.24
4.52
4.95
3.01
2.62
2.16
4.86
3.32
5.46
3.74
3.18
3.74
2.66
4.23
3
2.88
3.42
2.37
3.27
1.25
2.91
3.14
2.76
2.26
2.92
2.19
1.05
2.27
2.03
1.85
2.23
1.87
1.93
1.05
2.38
1.71
2.64
2.3
1.91
1.53
1.37
2.09
2.43
2.17
1.89
1.76
2
0.77
2.68
1.55
1.44
1.32
1.64
1.11
1.44
1.35
0.99
1.56
1.76
0.72
0.99
13.49
5.71
12.3
4.74
9.35
4.73
8.69
7.24
7.25
0.001
0.001
0.02
0.001
0.01
0.03
0.05
0.03
0.05
11.31
5.11
10.58
4.35
8.58
3.51
7.49
8.02
8.14
0.1
0.001
0.001
0.001
0.14
0.03
0.06
0.02
0.06
11.37
4.19
11.14
3.19
8.31
3.33
7.97
7.23
6.7
3.68
7.98
5.63
2.77
0.21
0.001
0.46
0.001
0.44
0.06
0.07
0.33
0.001
8.77
8.62
5.06
8.76
5.48
6.03
2.79
5.93
5.53
3.28
2.98
0.001
0.08
0.24
0.001
0.11
0.18
0.14
0.43
0.14
5.25
7.55
7.52
7.84
5.55
4.46
6.36
5.83
3.78
5.15
6.05
5.86
5.85
0.85
4.81
4.35
6.02
3.89
2.13
2.14
4.27
3.47
2.36
2.99
1.79
0.29
0.2
0.23
0.18
0.1
0.47
0.46
0.08
0.23
0.17
0.2
0.23
0.26
0.25
5.15
5.87
5.99
4.68
4.28
3.95
3.28
3.1
4.37
4.74
4.32
5.37
3.02
3.2
3.9
3.76
5.47
4.58
4.09
4.76
2.69
1.99
5.04
4.08
4.84
4.56
2.51
1.35
3.98
2.14
4.25
3.96
2.4
1.9
4.05
2.69
1.79
1.76
3.02
2.58
1.61
1.23
1.96
0.91
1.34
1.67
0.59
0.97
0.82
1.33
1.9
1.43
0.61
0.6
1.1
2.16
1.4
0.22
0.64
0.74
0.62
0.51
1.19
0.93
0.22
0.8
1.01
1.09
0.55
0.67
0.64
5.25
3.24
4.44
2.92
2.79
2.35
2.5
3.61
4.44
3.81
2.29
2.56
2.58
2.87
2.94
3.12
3.32
2.84
2.79
2.49
3.25
1.95
2.83
2.97
4.47
3.45
2.4
2.05
1.58
2.39
2.02
2.65
3
2.06
1.98
1.64
2.01
2.19
2.56
2.08
2.27
2.06
1.36
2.04
2.02
2.05
1.44
1.48
1.25
1.29
1.93
2.23
1.28
1.47
1.45
1.37
7.32
7.37
5.86
3.47
4.06
3.52
4.94
4.5
6.13
5.2
3.88
3.07
4.67
4.09
2.96
4.56
6.35
6.77
6.74
6.74
4.64
5.78
4.87
2.91
2.2
1.18
0.001
0.13
0.04
0.08
0.01
0.03
0.06
0.2
0.02
7.11
7.07
6.89
3.18
4.04
3.37
3.89
4.31
7.95
5.41
3.66
3.78
4.02
4.15
1.73
3.93
2.87
5.35
6.81
3.43
4.59
6.55
5.07
5.31
5.64
3.9
2.45
5.64
4.39
1.47
0.02
0.001
0.17
0.001
0.03
0.28
0.03
0.04
0.16
7.19
3.51
5.55
3.42
3.5
3.01
3.81
5.73
6.9
8.11
2.93
3.13
2.69
3.42
3.92
5.07
5.89
3.38
5.07
2.89
3.25
4.39
2.16
5.83
5.06
4.17
5.55
5.5
3.94
4.39
4.83
2.08
1.51
3.55
3.62
1.61
0.01
0.04
0.07
0.001
0.05
0.001
0.15
0.13
0.11
6.18
3.27
6.3
3.71
2.89
3.09
3.2
5.59
4.87
4.94
3.27
3.11
2.75
3.05
2.8
5.29
4.68
3.11
3.27
3.19
3.46
2.89
4.65
3.84
3.54
4.71
4.97
2
4.75
4.18
6.71
4.78
4.05
3.9
5.87
3.61
1.39
3.96
2.02
2.44
1.12
0.01
0.21
0.08
0.04
0.21
0.27
0.21
0.28
0.45
5.83
3.66
4.53
3.25
2.79
2.92
3.66
2.87
5.05
5.31
2.83
3.22
3.44
3.31
3.38
3.77
3.82
3.99
5.87
3.29
2.92
1.45
2.72
3.47
4.31
4.34
2.7
4.17
2.75
2.8
3.42
2.56
5.56
3.79
2.29
1.71
4.25
3.12
3.81
3.39
1.57
2.07
2.39
2.07
4.31
2.65
0.7
1.93
2.03
2.32
1.98
1.03
0.81
0.95
0.81
2.52
1.31
0.46
0.71
0.85
1.01
1.39
1.8
0.9
0.47
0.84
0.58
1.57
1.65
0.86
1
0.93
0.62
1.63
0.74
0.15
0.72
0.34
0.92
0.52
0.83
0.71
2.91
2.33
2.38
3.69
3.18
2.62
2.42
2.65
2.83
4.14
2.29
1.91
1.79
2.23
2.81
2.52
2.24
2.03
1.96
1.49
1.8
1.32
2.68
3.08
2.54
1.84
1.69
1.8
5.89
6.23
5.53
4
4.19
2.38
2.76
4.5
5.37
6.14
4.24
3.59
3.22
4.93
1.4
4.15
2.28
2.63
5.46
3.99
5.29
5.55
5.52
5.77
6.45
3.6
2.7
4.68
2.17
1.49
0.16
0.06
0.13
0.02
0.15
0.22
0.16
0.26
0.23
4.7
2.85
5.72
2.59
2.91
2.43
3.31
5.11
4.93
5.46
3.35
4.45
3.93
3.31
4.79
6.19
2.95
3.2
4.76
3.48
3.66
3.3
4.77
6.37
6.39
4.64
3.6
3.21
5.48
3.91
1.76
3.11
2.51
0.001
0.04
0.1
0.03
0.1
0.09
0.16
0.03
0.2
4.95
2.53
4.31
2.41
3.45
2.58
3.65
4.56
4.43
5.57
2.71
3.43
3.31
3.15
3.15
5.8
3.33
5.23
4.02
2.99
3.82
2.03
1.31
4.8
5.43
3.36
4.54
4.35
2.71
2.99
3.22
3.17
2.12
3.73
3.38
2.24
1.1
1.03
0.001
0.15
0.13
0.03
0.12
0.24
0.23
0.2
0.29
3.75
4.08
3.23
2.12
2.52
1.52
2.07
3.56
3.48
4.87
2.96
3.06
2.22
2.43
1.92
2.94
3.03
2.9
3.16
2.5
2.15
2.43
1.37
3.76
3.6
3.2
3.6
1.46
1.72
2.75
2.58
2.72
3.27
1.53
1.25
2.09
1.53
2.09
2.2
1.17
1.16
2.24
2.33
2.04
1.16
1.4
0.73
1.04
1.02
1.54
1.34
0.45
0.3
0.45
0.87
0.7
1.2
0.63
4.63
3.84
3.06
2.35
3.1
2.99
3.81
4.73
6.45
3.9
3.11
3.04
3.13
3.09
4.31
4.22
2.64
2.79
3.94
2.85
3.08
1.89
4.13
3.88
3.94
3.22
3.81
2.73
3.95
4.2
2.15
0.67
2.35
1.48
0.48
0.4
0.44
0.84
0.67
1.41
0.81
4.61
5.77
5.57
3.15
3.52
2.38
2.5
3.38
3.21
4.36
3.75
3.8
2.92
3.27
1.2
4.41
2.9
3.09
4.52
2.94
3.94
1.91
4
3.3
3.84
2.62
2.59
0.92
2.63
1.05
0.17
0.6
0.49
0.77
0.58
1.39
0.97
4.48
2.41
3.04
2.17
1.91
2.04
2.17
2.3
3.19
3.55
2.57
2.03
2.33
2.74
2.26
4.36
2.96
2.96
2.77
2.5
2.94
0.92
1.47
1.38
2.01
1.96
1.72
1.45
1.19
0.61
0.79
1.2
0.84
1.36
1.3
1.25
2.58
2.39
2.32
1.54
2.76
1.76
2.28
2.1
1.78
1.66
1.8
2.02
1.75
1.32
2.32
1.26
0.57
0.77
1.12
1.05
3.47
3.56
2.65
1
0.91
2.09
1.53
0.76
2.41
1.37
0.21
0.57
0.89
1.08
2.99
2.64
2.05
2.5
1.96
2.49
1.31
10.62
7.34
9.16
16.64
14.29
16
16.87
6.42
5.97
4.86
6.51
3.67
8.44
4.54
13.22
6.35
14.47
14.66
14.79
16.74
16.09
12.8
5.84
8.92
14.32
16.2
11.91
11.56
6.96
4.64
4.66
8.55
6.3
4.04
4.36
16.25
7.17
16.36
14.59
18.21
9.44
17.76
8.92
3.9
4.07
8.72
6.26
4.28
5.03
10.75
4.09
4.3
9.47
6.63
5.25
6.27
0.24
0.06
0.17
0.001
0.001
0.001
0.001
1.55
1.35
1.93
2.11
1.17
1.99
1.09
4.6
4.44
4.92
5.41
5.05
6.81
6.98
5.79
5.7
5.41
5.53
5.99
6.32
6.71
4.45
5.05
4.66
6.88
4.45
5.41
4.45
3
3.73
2.62
3.7
2.37
3.75
2.79
4.69
5.28
4.81
5.67
5.39
4.54
5.29
4.63
4.59
4.8
4.96
5.34
4.77
4.39
5.11
4.84
3.74
6.07
5.27
5.37
4.48
2.8
3.75
3.82
3.51
2.67
3.5
3.09
4.56
4.19
4.07
5.96
4.84
4.35
5.11
4.22
4.24
3.8
5.64
4.65
5.6
3.73
3.13
2.74
3.33
3
2.2
3.45
2.6
2.03
3.23
2.07
2.35
1.67
2.11
1.68
4.69
4.48
4.26
4.49
5.47
5.21
5.31
3.34
3.54
3.26
4.4
3.52
4.43
5.03
2.72
2.98
3.08
2.95
2.19
3.58
2.25
3.96
3.97
3.61
5.27
5.01
4.92
4.36
3.45
3.59
3.42
4.13
4.05
5.15
4.05
5.53
4.48
4.98
4.87
5.21
6.18
6.47
6.07
5.75
5.18
6.6
7.56
6.72
5.97
1.27
1.78
1.61
1.12
0.61
0.82
0.83
5.26
5.94
5.44
5.2
5.94
4.81
6.22
5.86
5.71
5.34
5.51
6.12
5.19
6.26
6.95
5.59
7.64
7.93
13.84
7.1
12.21
1.24
1.85
1.35
0.65
0.77
0.7
0.65
5.81
5.85
5.15
6.91
6.43
5.67
6.61
6.71
5.37
6.43
6.36
11.17
6.31
7.11
2.07
1.81
1.75
1.18
1
0.84
0.66
5.99
5.67
5.13
6.9
5.64
5.74
6.18
5.95
6.13
6.25
7.44
6.42
5.87
6.46
1.25
1.93
1.55
1.08
0.88
1.53
1.44
5.64
4.41
4.88
5.66
5.12
5.65
6.52
5.08
5.38
5.89
4.4
6.31
5.76
5.4
1.96
2.53
1.79
1.88
1.86
3.08
2.45
1.95
2.08
1.58
1.2
1.44
1.32
1.52
4.77
4.87
5.3
4.82
5.13
5.57
5.86
5.07
5.16
4.66
4.2
6.08
5.51
5.34
4.53
4.84
4.61
5.18
7.08
4.52
4.9
3.09
4.99
3.38
5.09
3.66
3.48
2.36
2.4
2.68
2.89
2.2
1.19
2.77
2.45
5.21
4.82
5.51
4.92
5.78
5.47
5.81
4.83
4.53
4
5.17
3.49
4.95
3.7
3.5
3.62
3.34
3.45
2.03
3.53
3.01
5.93
6.96
7.7
7.75
6.95
7.74
7.7
6.17
7.07
7.52
6.97
14.77
7.65
14.3
0.25
0.64
0.36
0.11
0.17
0.1
0.2
6.84
5.28
6.07
6.91
7.03
7
7.36
7.38
6.22
6.84
9.26
13.85
9
14
0.6
0.26
0.48
0.08
0.51
0.18
0.04
4.75
5.54
5.26
6.58
7.4
7.06
6.66
8.04
6.28
6.3
8.9
12.7
7.54
8.71
0.4
0.7
0.72
0.16
0.27
0.37
0.38
6.93
6.15
6.75
7.42
8.53
8.04
7.99
5.81
4.85
5.41
5.81
5.44
5.99
6.31
7.33
4.86
5.65
6.71
6.99
6.33
7
0.69
1.03
1.19
0.47
0.36
0.36
0.65
6.17
3.47
5.79
6.89
6.27
6.4
7.42
6.9
5.8
6.56
6.58
14.69
8.27
8.43
0.89
1.32
1.08
0.79
0.61
1.39
0.67
5.5
5.69
5.58
5.36
6.53
5.17
6.07
1.57
1.87
1.78
1.66
1.12
0.84
1.08
5.53
5.46
4.92
6.34
6.87
5.44
4.8
4.62
6.09
4.79
9.07
7.8
6.13
3.86
3.25
4.27
3.76
5.19
3.1
4.57
4.15
2.27
3.57
2.78
2.86
1.55
2.94
2.62
4.09
3.79
4.56
5.56
4.87
4.41
6.15
4.68
4.33
4.37
5.81
4.59
5.18
4.2
3.5
3.98
2.96
4.06
3.62
3.6
2.91
7.54
6.87
7.64
8.29
8.68
8.84
10.04
0.11
0.001
0.08
0.001
0.01
0.001
0.06
5.24
5.32
5.79
5.56
7.82
6.14
6.51
7.48
6.88
8.4
8.82
8.12
8.62
9.34
0.05
0.05
0.001
0.001
0.16
0.02
0.16
5.27
4.84
5.95
6.63
6.99
5.76
6.53
8.23
6.41
6.82
8.28
8.55
6.69
7.98
0.12
0.31
0.29
0.1
0.07
0.05
0.2
6.54
6.36
7.78
7.2
8.31
7.02
8.35
8.66
6.68
8.97
10.94
16.37
8.8
14.56
0.17
0.08
0.41
0.2
0.25
0.11
0.27
6.66
6.09
6.97
7.42
7.28
7.63
7.52
6.88
7.09
6.39
9.19
12.78
7.94
10.93
0.12
0.12
0.2
0.1
0.03
0.33
0.15
6.29
6.14
6.79
7.17
8.19
8
7.19
0.45
0.43
0.61
0.15
0.17
0.17
0.22
6.36
4.93
6.44
7.39
7.76
5.65
5.8
8.08
7.62
6.97
11.07
13.3
8.17
12.37
0.57
0.42
0.83
0.15
0.24
0.66
0.38
7.18
5.92
5.65
7.3
11.65
6.61
6.62
1.04
1.13
0.73
0.76
0.77
0.76
0.64
5.45
4.63
6.19
6.87
6.01
5.6
5.63
5.4
5.7
5.35
8.4
8.07
5.91
6.28
1.32
1.48
1.26
1.24
0.97
1.54
1.43
5.34
3.9
4.31
5.13
5.52
4.55
5.12
4.05
5.31
4.28
4.79
4.26
5.6
3.61
3.54
3.6
2.9
2.86
2.48
3.94
3.23
2.65
2.64
2.44
2.17
2.24
2.66
2.27
10.44
6.67
8.45
9.35
18.95
10.11
16.2
0.001
0.001
0.001
0.001
0.001
0.001
0.001
9.59
6.95
9.92
8.58
18.08
8.42
17.82
0.11
0.001
0.03
0.001
0.001
0.04
0.02
10.29
8.12
8.82
9.21
20.11
9.05
14.47
0.05
0.08
0.17
0.07
0.001
0.17
0.12
8.49
6.07
7.29
8.05
9.32
7.67
9.23
0.08
0.13
0.09
0.25
0.001
0.08
0.04
6.77
6.11
6.91
7.45
8.7
6.33
7.79
6.02
5.76
5.01
6.71
7.94
5.83
6.91
7.57
6.16
7.41
8.92
12.98
8.1
12.69
0.15
0.07
0.21
0.11
0.09
0.21
0.14
7.33
5.64
7
7.74
12.35
6.96
8.37
0.66
0.55
0.32
0.2
0.06
0.32
0.32
5.63
5.41
5.95
7.72
8.17
7.23
5.76
8.76
6.14
6.77
11.29
15.22
7.49
11.62
0.47
0.42
0.42
0.25
0.37
0.11
0.39
6.1
5.73
5.64
6.97
11.37
6.65
7.23
0.75
1.05
1.04
0.37
0.28
0.59
0.43
5.27
5.13
4.76
5.81
7.32
5.91
5.63
7.15
5.54
5.85
10.84
8.55
6.24
7.21
1.55
1.97
1.91
2.48
1.5
1.46
0.97
4.49
4.11
4.27
5.88
5.09
5.07
4.9
4.18
4.28
3.12
4.28
3.4
4.27
3.35
3.36
2.25
2.43
3.39
2.29
2.64
2.29
10.6
8.74
9.32
11.44
19.05
10.81
16.64
0.07
0.03
0.11
0.001
0.001
0.06
0.05
8.39
9.82
8.63
12.3
16.24
9.93
17.34
9.19
8.63
9.4
10.91
18.12
12.19
18.53
0.03
0.001
0.02
0.001
0.001
0.001
0.001
9.8
7.6
8.81
9.11
18.61
9.43
14.23
0.05
0.23
0.04
0.05
0.001
0.001
0.001
7.61
6.84
7.21
9.39
11.08
7.69
9.28
0.23
0.14
0.25
0.001
0.04
0.02
0.04
7.17
5.74
7.61
7
9.29
6.35
7.93
0.03
0.04
0.07
0.001
0.001
0.08
0.001
7.54
6.32
7.24
10.24
14.41
8.64
12.79
0.08
0.2
0.57
0.16
0.19
0.15
0.11
6.76
6.87
7.64
8
9.02
8.88
8.26
0.27
0.13
0.25
0.1
0.4
0.01
0.08
7.84
6.35
7.76
8.97
13.06
8.06
12.11
0.35
0.55
0.54
0.08
0.1
0.46
0.49
7.24
4.83
4.78
8.19
8.11
5.73
6.7
0.93
1.18
0.85
0.37
0.66
0.87
0.65
5.23
4.78
5.06
8.08
8.94
5.25
5.02
2.17
2.63
2.46
1.58
1.16
2.51
2.13
4.2
3.51
3.94
4.8
3.94
4
3.14
3.78
3.83
3.29
4.89
4.25
3.34
3.4
3.03
3.51
3.21
3.3
3.47
3.72
3.1
11.49
7.81
11.22
10.32
18.42
10.59
20.25
0.001
0.07
0.001
0.001
0.12
0.001
0.001
10.05
9.29
10.87
10.6
16.18
11.14
16.53
0.001
0.001
0.001
0.001
0.001
0.001
0.001
10.36
10.45
10.39
9.85
18.36
10.02
17.91
9.68
7.5
8.23
10.73
16.53
8.94
18.29
0.001
0.001
0.02
0.001
0.001
0.001
0.001
9.73
6.64
8.22
9.44
15.26
8.04
10.04
0.1
0.12
0.19
0.04
0.001
0.04
0.001
7.97
6.35
7.28
6.97
9.34
7.07
8.88
0.04
0.04
0.18
0.07
0.06
0.11
0.08
10.04
6.83
8
9.12
18.06
6.9
18.02
0.11
0.11
0.03
0.01
0.1
0.26
0.13
8.83
5.95
7.39
9.75
17.31
6.53
9.67
0.26
0.17
0.19
0.08
0.19
0.06
0.1
6.7
5.57
7.41
7.75
8.21
6.48
7.92
11.94
6.76
7.55
10.82
13.56
8.64
13.46
0.05
0.28
0.17
0.24
0.22
0.03
0.2
0.18
0.17
0.13
0.16
0.1
0.11
0.01
6.37
5.14
5.85
8.19
12.18
6.33
8.36
0.62
0.49
0.48
0.51
0.65
0.2
0.17
4.83
5.95
4.57
6.15
6.58
5.07
5.18
8.92
5.66
6.03
10.34
13.16
6.81
8.75
0.69
1.33
1.5
0.52
0.42
0.94
0.94
4.91
4.1
4.11
5.61
5.78
4.82
4.87
5.12
5.44
4.18
6.57
6.34
4.19
3.98
2.72
3.06
3.28
4.49
3.6
2.96
2.85
1.95
2.81
2.02
2.58
2.31
2.72
2.58
3.78
4.04
3.4
3.53
3.81
3.35
2.56
11.9
8.64
10.77
10.58
21.24
10.28
18.05
0.06
0.001
0.001
0.001
0.001
0.001
0.001
11.65
8.96
9.92
11.79
18.02
10.57
17.7
0.001
0.001
0.001
0.001
0.02
0.001
0.02
10.12
8.17
9.6
10.29
17.87
10.83
20.82
0.001
0.001
0.001
0.001
0.001
0.001
0.001
9.98
8.76
9.79
10.86
21.32
10.14
22.37
8.25
6.49
8.01
8.22
17.68
8.23
10.33
0.69
0.05
0.001
0.001
0.01
0.01
0.3
7.58
5.51
6.52
6.92
10.06
6.87
8.95
14.12
7.38
9
11.99
18.42
10.04
16.5
0.02
0.08
0.13
0.001
0.08
0.06
0.001
7.24
6.45
7.48
8.13
14.54
6.79
8.96
0.001
0.19
0.2
0.04
0.001
0.05
0.03
6.74
5.42
5.51
7.49
7.67
6.46
7.78
0.001
0.2
0.1
0.001
0.03
0.13
0.37
0.32
0.14
0.12
0.06
0.24
0.26
0.1
9.21
6.99
8.12
8.03
14.9
7.69
8.25
0.31
0.24
0.21
0.15
0.09
0.27
0.06
6.47
4.92
5.59
6.24
8.23
5.14
5.61
0.54
0.7
0.42
0.26
0.17
0.39
0.62
6.27
5.42
4.8
6.2
8.81
6.37
6.04
0.96
1.43
1.47
1.05
0.81
1.88
1.63
3.77
3.43
3.63
4.8
4.51
4.18
3.73
3.76
3.17
3.3
3.26
2.51
3.08
3.04
2.72
3.09
2.67
2.44
2.31
2.37
2.23
10.02
8.86
9.63
10.31
20.08
11.47
20.45
0.001
0.001
0.001
0.001
0.001
0.001
0.001
11.88
7.45
11.23
10.97
24.26
10.11
25.01
0.001
0.001
0.001
0.001
0.001
0.001
0.001
9.95
8.47
10.53
9.65
25.35
9.09
18.46
0.001
0.001
0.001
0.001
0.001
0.001
0.001
10.28
7.06
8.6
8.22
19.87
8.95
10.27
0.001
0.001
0.001
0.001
0.02
0.001
0.001
7.15
6.09
7.87
7.8
9.67
8.2
10.74
0.001
0.01
0.08
0.001
0.001
0.001
0.07
0.04
0.01
0.16
0.01
0.02
0.05
0.08
10.32
7.08
8.63
10.53
19.94
10.37
16.46
0.06
0.1
0.05
0.1
0.07
0.18
0.1
7.89
6.25
7.8
8.96
17.16
7.02
9.19
0.16
0.06
0.19
0.13
0.2
0.05
0.14
6.93
4.7
6.5
6.66
8.92
5.5
7.68
0.07
0.23
0.2
0.001
0.11
0.1
0.16
0.13
0.37
0.25
0.12
0.13
0.16
0.09
8.58
5.68
7.17
6.56
15.62
6.32
9.81
0.24
0.13
0.11
0.55
0.15
0.23
0.32
11.3
7.32
7.58
12.24
16.32
7.48
11.88
0.29
0.31
0.46
0.33
0.18
0.32
0.34
5.72
4.33
4.73
6.94
9.8
3.92
4.43
1.11
1.64
1.45
1.32
1.05
1.32
1
0.94
1.41
1.01
0.89
0.91
0.84
1.02
3.64
4.1
4.31
3.53
3.73
3.52
3.13
3.58
3.87
3.18
3.47
3.31
3.29
2.77
2.74
2.78
2.94
2.69
2.19
2.11
1.98
1.82
2.28
1.91
2.02
1.49
1.87
1.77
9.97
7.23
9.03
7.9
11.74
7.75
11.41
10.28
6.05
9.4
6.85
11.92
8.29
12.16
0.03
0.001
0.001
0.001
0.001
0.001
0.001
8.95
6.56
10.55
8.39
13.09
8.48
11.19
0.001
0.001
0.001
0.001
0.001
0.001
0.001
10.2
5.47
7.76
7.19
11.26
7.03
9.57
0.03
0.06
0.01
0.001
0.001
0.001
0.05
0.05
0.03
0.2
0.02
0.001
0.04
0.001
15.34
8.27
9.29
9.94
20.59
8.78
19.76
0.01
0.01
0.03
0.001
0.001
0.02
0.02
9.06
6.66
7.81
9.26
19.86
8.04
13.97
0.02
0.001
0.02
0.05
0.14
0.07
0.08
8.52
6.54
7.78
7.41
10.76
7.29
8.73
0.09
0.2
0.28
0.001
0.06
0.05
0.03
13.29
8.31
8.94
9.79
18.7
6.71
16.51
0.4
0.17
0.1
0.16
0.11
0.27
0.13
0.13
0.11
0.19
0.12
0.08
0.06
0.14
8.45
3.85
5.95
7.63
15.76
5.22
6.18
0.16
0.23
0.16
0.38
0.24
0.27
0.32
10.76
5.03
7.79
10.81
16.07
7.49
10.15
0.2
0.38
0.45
0.2
0.3
0.42
0.4
0.56
0.74
0.57
0.15
0.35
0.44
0.61
6.03
4.24
4.44
4.67
8.23
4.27
4.29
0.43
1.02
1.1
0.8
0.8
1.14
1.22
4.99
3.27
3.26
3.98
3.86
3.5
3.64
3.82
3.53
3.04
3.22
3.63
3.61
3.2
2.67
2.54
2.66
2.85
2.38
3.04
3.05
1.75
2.14
1.85
1.54
1.47
2.42
1.79
8.73
5.65
8.45
7.57
9.2
6.65
9.65
0.04
0.05
0.15
0.001
0.001
0.001
0.001
7.28
6.49
7.54
7.8
10.56
8.48
9.71
0.001
0.001
0.001
0.05
0.04
0.03
0.01
0.001
0.001
0.03
0.02
0.001
0.001
0.001
15.57
8.38
10.69
9.74
25.6
8.34
23.12
0.001
0.001
0.001
0.001
0.001
0.001
0.01
8.79
6.4
9.34
8.69
18.86
7.42
14.37
0.03
0.04
0.02
0.001
0.08
0.001
0.001
8.5
6.05
6.59
8.08
8.89
6.37
9.41
0.01
0.32
0.35
0.1
0.02
0.001
0.02
0.13
0.08
0.11
0.17
0.02
0.12
0.11
8.76
6.31
7.26
8.71
19.92
8.89
15.11
0.14
0.34
0.32
0.07
0.18
0.42
0.36
8.12
4.38
4.96
5.25
8.58
4.8
6.77
0.53
0.18
0.32
0.44
0.43
0.22
0.29
8.5
5.33
5.55
7.31
12.26
6.59
9.12
0.16
0.31
0.46
0.2
0.37
0.87
0.61
0.38
0.75
0.5
0.36
0.37
0.71
0.44
4.14
3.47
3.65
4.39
5.01
3.25
4.28
8.45
4.11
4.23
7.9
7.62
5.49
4.99
1.17
1.9
1.22
0.96
0.89
1.32
1.04
0.76
0.84
0.85
1.08
1.08
1.12
1.15
3.47
3.54
3.14
4.1
3.54
3.19
2.43
3.27
3.24
3.22
3.24
2.9
2.9
2.52
2.36
3.02
2.93
2.33
2.39
2.31
2.02
2.36
2.47
2.91
2.42
1.88
1.92
2.25
1.34
1.84
1.96
1.3
1.59
2.05
1.57
0.001
0.001
0.001
0.001
0.001
0.001
0.001
0.11
0.001
0.001
0.001
0.02
0.001
0.001
10.95
7.37
11.13
9.28
19.86
9.1
22.59
9.44
6.77
9.38
8.47
19.44
7.55
16.58
0.001
0.001
0.001
0.001
0.001
0.06
0.001
9.43
6.65
8.56
7.32
11.01
6.57
8.87
0.001
0.001
0.06
0.02
0.001
0.05
0.13
7.67
5.24
6.13
6.27
7.98
6.58
7.6
0.17
0.06
0.09
0.02
0.06
0.17
0.001
0.08
0.13
0.04
0.07
0.09
0.08
0.06
9.75
6.41
7.91
8.47
19.11
7.32
14.21
0.12
0.11
0.14
0.1
0.1
0.27
0.19
7.82
4.89
6.3
6.12
8.47
5.83
8.35
0.34
0.28
0.23
0.15
0.22
0.42
0.6
11.87
4.75
7.47
12.17
19.46
6.88
12.2
0.7
0.37
0.44
0.53
0.39
0.25
0.73
0.59
0.24
0.32
0.68
0.71
0.64
0.49
6.47
4.35
4.77
4.72
11.04
4.03
4.39
0.54
0.64
0.72
0.47
0.51
0.58
0.8
0.41
0.52
0.73
0.53
0.33
0.8
0.61
5.86
4.46
3.96
4.05
4.35
3.59
4.24
0.81
1.71
1.54
1.29
1.18
1.36
1.25
1.01
1.31
1.22
1.1
0.84
1.19
1.14
2.93
2.56
2.49
2.82
2.85
2.35
2.27
2.75
2.34
2.68
2.83
2.86
2.19
2.16
2.19
2.08
1.95
2.44
2.15
2.7
2.35
1.74
1.92
1.96
2.09
2.36
1.91
1.8
10.95
5.98
7.9
6.69
11.21
6.26
12.6
0.001
0.03
0.03
0.03
0.02
0.03
0.02
9.43
6.28
9.19
5.73
11.21
7.4
10.24
0.001
0.001
0.001
0.001
0.09
0.001
0.001
8.35
4.86
7.6
5.73
10.87
6.27
9.73
0.001
0.001
0.001
0.001
0.001
0.001
0.001
6.97
4.87
6.52
6.21
8.91
5.88
9.32
0.001
0.16
0.001
0.001
0.001
0.38
0.001
0.03
0.05
0.03
0.03
0.07
0.06
0.05
0.04
0.13
0.03
0.01
0.01
0.06
0.14
8.44
5.64
6.44
6.81
16.8
6.39
10.25
0.07
0.1
0.15
0.01
0.001
0.03
0.05
6.12
4.28
6.04
5.78
9.05
3.84
6.7
0.14
0.27
0.26
0.14
0.17
0.26
0.29
0.48
0.27
0.27
0.27
0.26
0.38
0.43
0.24
0.26
0.04
0.25
0.35
0.43
0.31
6.92
4.1
6.37
5.06
11.18
3.96
6.08
0.34
0.53
0.53
0.31
0.34
0.74
0.43
10
3.9
4.33
5.58
9.28
3.76
5.36
0.71
0.96
0.78
1.01
0.79
0.93
0.92
1.06
0.79
0.74
0.54
0.34
0.82
0.75
0.4
0.82
0.82
0.66
0.55
0.65
0.45
4.46
2.65
3.46
3.8
3.92
2.96
2.73
2.14
2.49
2.44
2.13
1.86
2.3
1.86
1.38
1.88
1.82
1.67
2.08
1.62
1.63
1
1.44
1.24
1.51
0.9
1.6
1.44
2.76
3.26
3.12
2.92
2.64
2.96
3.29
0.06
0.001
0.001
0.001
0.001
0.1
0.001
0.001
0.08
0.001
0.001
0.001
0.001
0.06
0.02
0.04
0.04
0.01
0.1
0.07
0.001
10.59
7.7
10
7.82
23.27
8.39
25.16
0.07
0.24
0.03
0.001
0.02
0.06
0.09
10.15
4.97
7.47
7.29
22.25
5.36
10.33
0.01
0.04
0.12
0.13
0.02
0.02
0.08
7.43
4.45
6.52
6.59
9.86
4.35
8.47
0.09
0.04
0.23
0.07
0.11
0.31
0.02
0.12
0.13
0.18
0.16
0.07
0.12
0.08
15.24
6.44
9.03
7.88
18.84
6.59
11.77
0.07
0.14
0.08
0.28
0.51
0.26
0.47
0.25
0.22
0.16
0.57
0.31
0.43
0.41
5.95
4.14
5.33
6.41
11.38
4.22
5.6
0.3
0.29
0.28
0.25
0.21
0.36
0.39
1.18
0.51
0.64
0.67
0.73
0.87
0.4
0.56
0.52
0.58
0.73
0.72
0.71
0.54
0.5
0.53
0.51
0.71
0.51
0.73
0.59
5.28
2.67
4.09
3.17
4.22
2.98
3.27
1.69
1.31
1.11
1.83
1.72
2.17
1.54
0.95
1.16
1.4
0.88
0.99
1.31
1.42
0.86
1.43
0.99
1.19
0.86
1.26
1.2
4.23
2.94
2.15
2.58
3.25
2.37
2.7
3.71
3.22
3.53
3.56
3.64
2.7
2.88
2.64
3.06
2.98
2.45
2.36
2.2
2.51
1.97
2.54
2.32
2.29
2.16
2.65
2.02
1.42
1.73
1.66
1.63
1.42
2.35
1.86
8.53
6.45
7.95
6.3
9.82
6.21
8.99
9.96
5.36
6.85
6.26
9.38
4.65
9.13
0.001
0.001
0.001
0.001
0.001
0.001
0.001
6.38
4.45
6.49
4.6
7.54
4.8
7.74
0.05
0.1
0.03
0.001
0.001
0.05
0.1
6.51
4.47
6.34
4.49
6.81
4.46
6.89
0.1
0.03
0.03
0.001
0.07
0.06
0.09
0.06
0.07
0.1
0.13
0.24
0.13
0.04
0.18
0.23
0.23
0.25
0.26
0.03
0.11
8.14
3.62
7.3
5.26
13.61
4.76
9.81
0.14
0.09
0.1
0.28
0.19
0.15
0.29
0.1
0.17
0.43
0.12
0.2
0.44
0.17
5.89
2.32
3.72
4.08
5.55
2.71
4.72
0.24
0.28
0.27
0.39
0.24
0.47
0.43
11.7
4.35
5.85
5.04
11.04
3.36
4.67
0.41
0.61
0.51
0.8
0.57
0.44
0.57
0.41
0.29
0.49
0.47
0.45
0.64
0.89
7.29
4.35
5.42
5.18
7.14
3.56
4.16
1.31
2.01
1.29
1.21
1.26
1.3
1.24
0.83
0.71
0.84
1.14
1.02
1.32
1.48
0.56
0.7
0.58
0.9
0.83
1.29
1.21
0.46
0.72
0.71
0.77
0.72
0.7
0.63
3.68
2.68
3.14
2.84
3.57
2.87
2.96
5.63
3.63
3.06
3.43
3.06
2.87
2.59
3.79
3.59
2.88
3.4
3.21
2.89
2.76
1.63
2.45
2.49
3.23
3.09
2.43
2.59
1.69
2.8
2.42
2.13
1.95
2.68
2.4
1.64
1.97
1.9
2.02
1.74
2.11
2.2
0.96
1.3
1.27
1.74
2.29
1.79
1.69
0.02
0.001
0.1
0.001
0.05
0.001
0.02
0.001
0.12
0.02
0.07
0.06
0.001
0.01
8.68
4.29
7.15
5.42
15.37
5.93
13.52
0.02
0.02
0.04
0.15
0.03
0.001
0.001
0.03
0.02
0.04
0.02
0.03
0.001
0.1
8.27
4.26
6.04
4.15
14.29
3.34
6.36
0.08
0.13
0.14
0.06
0.11
0.18
0.14
3.94
3
4.71
2.86
4.35
2.03
3.72
0.12
0.18
0.2
0.11
0.18
0.31
0.16
3.45
2.42
3.9
2.21
3.33
1.88
2.78
0.23
0.3
0.22
0.42
0.23
0.35
0.35
5.49
2.97
4.24
2.56
4.82
2.56
3.17
0.34
0.29
0.35
0.59
0.74
1.28
0.88
0.39
0.23
0.28
0.2
0.19
0.57
0.81
9.05
3.62
4.05
3.81
5.95
3.26
3.74
0.56
0.58
0.78
0.82
0.82
1.52
1.08
0.77
1.02
0.72
0.68
0.61
0.77
0.73
0.77
0.73
0.88
0.92
0.78
0.72
0.72
7.15
2.37
3.96
3.99
3.74
3.18
2.6
5.88
2.94
3.01
3.66
2.9
2.56
2.83
3.76
2.91
2.84
3.04
2.66
2.74
2.83
2.61
2.16
1.86
2.13
1.74
2.23
1.87
1.64
1.93
2.01
1.43
1.83
1.39
1.83
1.12
2.09
1.91
1.47
1.65
1.92
2.07
1.02
1.63
2.22
1.67
1.84
2
1.76
1.06
1.92
1.98
1.96
1.81
1.62
1.18
3.1
2.61
2.55
2.87
2.7
2.51
2.45
3.21
2.33
2.36
2.65
2.91
1.68
2.34
2.43
2.69
3.06
2.87
2.39
2.17
1.86
3.94
2.75
4.36
2.82
4.35
2.26
3.18
0.001
0.02
0.04
0.001
0.001
0.06
0.001
3.98
2.63
3.7
2.59
3.48
3.59
3.87
0.03
0.001
0.03
0.01
0.001
0.11
0.13
4.44
2.9
4.15
2.42
3.06
2.13
3.61
0.16
0.001
0.001
0.07
0.04
0.001
0.01
3.93
2.33
3.85
1.99
3.03
2.09
2.29
0.03
0.04
0.17
0.02
0.01
0.12
0.02
0.26
0.11
0.21
0.26
0.33
0.25
0.16
5.3
2.66
4.13
3.11
4.34
3.29
4.17
0.3
0.32
0.25
0.38
0.39
0.27
0.16
10.34
3.64
7.31
4.06
6.69
3.46
4.4
0.12
0.35
0.5
0.55
0.42
0.63
0.48
0.4
0.44
0.49
0.32
0.33
0.56
0.75
5.93
4.23
4.41
2.77
4.61
2.57
2.72
0.91
0.83
0.76
1.17
0.77
0.85
0.75
0.96
0.59
0.57
0.9
0.67
1.05
1.21
0.58
0.6
0.52
0.77
0.84
0.86
0.79
0.64
0.7
0.65
0.66
0.58
1
0.73
3.82
2.93
2.87
2.66
3.08
2.94
2.56
2.59
3.03
3.28
2.76
3.09
2.01
2.63
3.73
3.2
2.97
3.01
2.03
2.35
2.73
3.19
2.5
2.99
2.41
2.33
2.37
2.22
2.08
2.3
1.94
2.24
2.84
2.33
1.94
1.97
1.79
2
2.11
1.75
2.52
2.15
1.79
1.74
1.82
1.85
2.16
1.91
1.59
1.5
1.38
1.16
1.65
1.75
2
2.56
1.29
1.64
1.42
1.98
1.67
1.88
2.03
0.95
1.04
1.12
1.16
1.08
1.84
1.25
2.49
2.96
2.32
2.23
2.72
2.44
3.02
2.28
2.7
2.48
1.92
2.47
2.27
2.74
2.12
2.36
1.84
2.11
2.23
2.07
1.91
3.7
2.28
3.44
2.33
2.54
2.87
3.1
0.001
0.05
0.06
0.001
0.001
0.05
0.01
3.98
2.87
4.02
2.82
3.24
2.53
3.03
0.001
0.02
0.14
0.02
0.001
0.06
0.09
3.17
1.55
3.66
2.49
2.4
2.51
3.22
0.12
0.07
0.03
0.04
0.06
0.01
0.12
8.63
3.69
6.42
3.62
4.38
3.16
4.36
0.07
0.09
0.16
0.3
0.21
0.13
0.2
4.04
2.82
3.89
2.59
3.5
2.78
3.36
0.24
0.17
0.42
0.3
0.39
0.34
0.29
7.24
3.87
6.33
3.37
3.49
3.3
3.17
0.23
0.32
0.29
0.67
0.5
0.73
0.36
0.28
0.24
0.32
0.56
0.47
0.34
0.3
5.63
2.76
3.23
2.84
2.76
2.72
3.1
4.75
2.98
3.03
2.42
2.52
2.79
3.15
1.16
0.86
1.06
1.67
1.4
1.47
0.89
1.44
1.01
0.62
0.85
1.32
0.86
0.93
0.6
0.67
0.54
1.37
0.63
1.2
1.19
0.56
0.63
0.48
0.69
0.42
0.81
0.79
3.41
2.45
2.98
2.36
2.52
2.04
2.29
2.64
3.08
3.07
2.67
3.12
1.89
2.05
3.07
2.76
3.13
2.77
3.38
2.88
2.55
2.72
2.67
2.55
2.92
3.05
2.82
2.62
2.34
2.7
2.46
2.68
2.21
2.69
2.72
2.12
2.23
2.08
2.37
3.02
2.68
2.86
1.53
1.78
1.53
2.19
2.55
2.3
1.98
1.59
1.91
1.65
2.04
2.18
1.59
1.94
1.68
1.51
2.02
1.93
1.83
2.45
2.17
1.45
1.79
1.46
1.65
1.61
2.03
1.6
1.67
1.25
1.34
1.56
1.74
1.41
1.58
0.95
1.43
0.93
1.4
1.46
1.13
0.99
4.57
3.66
5.06
2.71
2.58
2.54
3.23
0.01
0.09
0.03
0.06
0.21
0.06
0.2
4.01
3.24
3.94
2.48
2.59
1.91
3.03
0.001
0.04
0.09
0.07
0.04
0.08
0.16
4.35
2.36
4.41
2.74
3.17
2.3
3.56
0.18
0.12
0.001
0.17
0.06
0.08
0.04
5.58
3.88
4.74
2.04
2.86
2.41
3.23
0.19
0.32
0.16
0.07
0.29
0.38
0.34
3.23
2.47
2.89
2.62
2.75
3.18
3.18
3.85
2.21
3.63
2.25
3
2.63
3.09
5.1
3.47
2.86
2.59
3.18
2.73
2.33
0.43
0.52
0.52
0.46
0.24
0.4
0.29
0.28
0.48
0.27
0.42
0.5
0.37
0.38
3.7
2.82
3.04
2.32
3.12
3.28
2.65
2.83
2.96
2.53
2.69
3.04
2.2
2.78
3.05
2.2
2.32
2.66
2.61
2.64
2.44
3.51
2.34
2.79
2.83
2.64
2.92
3.32
4.14
3.07
3.04
3.05
2.42
2.97
2.77
3.97
2.73
2.42
3.04
3.17
2.22
2.69
1.31
1.64
1.36
1.98
1.42
1.44
1.56
1.07
1.51
1.06
1.34
1.42
1.14
1.09
1
0.54
0.64
1.4
1.08
1.01
0.69
0.55
0.72
0.46
0.75
0.79
0.95
0.85
2.87
2.33
2.33
2.47
2.78
2.03
2.38
2.5
3.06
2.4
2.56
2.07
2.36
2.42
2.36
2.25
2.46
2.69
2.15
2.23
2.24
2.44
2.35
2.11
2.2
2.74
1.89
2
3.19
2.17
2.48
2.21
2.56
1.91
2.03
2
2.56
2.25
1.96
1.66
2.65
2.41
1.85
1.99
1.58
1.83
2.2
2.24
1.94
1.6
1.82
1.06
2
1.99
2.07
2.4
1.11
1.33
1.36
2.33
2.42
2.28
2.01
1.4
1.58
1.42
1.58
1.75
1.89
1.9
1.17
1.56
1.21
1.67
1.13
1.68
1.52
1.24
1.28
1.14
1.36
1.28
1.68
1.68
3.49
2.57
3.29
2.45
2.57
2.07
2.4
2.9
3.39
3.64
3.6
3.66
2.63
2.94
3.84
3.45
2.5
3.17
3.59
3.57
2.6
3.36
3.29
4.26
4
3.48
3.2
2.4
0.18
0.07
0.1
0.21
0.34
0.28
0.28
3.12
3.03
2.92
2.06
2.02
2.91
2.86
2.67
3.19
2.91
3.16
2.79
2.48
2.83
3.43
2.46
3.15
2.32
2.29
2.9
2.62
3.63
3.29
3.13
2.7
3.21
3.44
2.58
0.15
0.19
0.09
0.07
0.21
0.21
0.3
3.32
2.69
3.36
2.55
2.25
2.1
2.67
2.7
2.76
2.66
2.45
2.3
2.43
2.71
3.85
3.6
3.27
2.36
2.51
2.54
2.93
3.17
3.92
3.48
2.29
2.29
3.1
2.59
3.39
3.61
3.21
2.23
2.84
2.66
2.39
0.19
0.17
0.17
0.15
0.27
0.27
0.36
3.29
2.43
3.04
2.9
2.38
2.32
2.04
3.39
3.15
2.74
2.75
2.3
2.49
2.51
3.42
2.68
3.06
2.91
2.48
2.45
3.08
2.98
3.11
2.96
3.11
2.96
2.84
2.38
2.36
3.11
3.02
2.64
2.44
2.11
2.78
4.97
2.48
3.27
2.39
2.59
2.47
2.49
0.5
0.62
0.6
0.99
0.64
0.63
0.56
2.45
2.81
2.62
2.68
2.58
1.85
2.19
1.8
2.5
1.93
2.95
2.93
2.27
2.72
3.24
2.1
2.22
2.38
2.38
2.59
1.88
2.8
2.2
2.25
2.21
2.65
2.23
2.18
3.34
1.93
2.21
2.48
2.17
1.64
1.83
3.45
1.88
2.39
2.31
2.07
2.47
1.75
2.53
1.97
1.86
1.89
1.73
1.71
1.79
3.26
2.1
2.44
2.06
2.21
2.02
2.35
2.19
1.99
1.43
2.11
2.43
1.73
2.28
2.1
1.25
1.67
2.09
2.11
1.73
1.51
1.77
1.45
1.83
1.93
1.32
1.66
1.46
0.97
1.27
0.97
1.09
1.33
0.98
0.61
1.09
0.8
0.74
1.36
0.74
0.84
1.01
0.63
0.64
0.74
0.5
0.6
0.85
0.63
2.25
2.96
2.97
2.61
2.5
2.68
2.45
2.66
2.69
2.29
2.03
2.2
2.15
2.85
1.97
2.05
2.32
2.26
2.65
2.6
2.14
1.88
2.76
2.33
2.4
2.27
2.14
1.83
1.86
1.85
1.84
1.96
1.75
2.04
2.08
2.39
2.11
1.89
1.58
1.81
2.09
1.76
1.4
1.79
1.77
2.33
1.76
1.38
1.96
1.61
1.24
1.16
1.67
1.59
1.37
1.07
1.73
1.37
1.23
1.53
1.57
1.69
1.93
1.16
1.21
1.01
1.53
1.74
1.85
1.37
2.95
2.78
3.21
2.27
2.43
2.18
2.27
2.86
2.94
2.78
2.84
3.01
2.38
1.8
3.33
2.96
3.25
2.59
2.84
1.92
2.6
3.32
3.72
3.44
3.06
2.69
2.61
3.15
0.47
0.26
0.34
0.66
0.5
0.62
0.53
3.04
3.08
3.03
2.31
1.72
2.25
2.36
3.33
2.84
3.19
2.67
2.24
2.34
2.11
3.35
3.24
2.41
2.34
2.8
2.45
2.66
2.96
2.8
3.14
2.17
2.93
2.46
2.22
0.72
0.43
0.3
0.78
0.65
0.71
0.57
2.68
2.14
2.33
2.59
2.73
2.63
2.19
3.55
2.41
2.32
2.88
3.02
2.23
2.82
2.25
2.72
2.88
2.9
3.02
2.79
3.41
2.4
3.23
3.07
2.62
2.78
3
2.97
3.97
2.64
2.31
3.29
2.2
2.17
2.17
0.72
1.06
0.48
0.76
1.02
0.93
0.85
2.54
2.29
2.36
2.1
2.36
2.6
2.83
3.11
1.92
2.42
2.44
2.89
2.38
2.66
2.82
2.84
2.5
3.02
2.48
2.85
2.39
2.46
1.98
2.82
2.22
2.32
2.06
2.76
3.07
2.79
2.25
1.95
2.44
2.4
1.86
1.95
1.7
1.91
2
2.5
2.15
1.93
2.5
2.19
2.37
1.88
1.64
2.35
1.94
1.72
1.78
1.72
1.88
1.69
1.87
1.84
1.25
1.97
1.17
1.55
1.55
1.66
1.5
0.87
0.98
1.01
1.24
0.95
1.34
1.36
2.26
1.87
1.8
2.47
1.92
1.67
1.48
2.01
2.14
2.07
1.83
2.08
1.63
1.72
1.23
1.82
1.61
1.93
2.13
1.26
1.61
1.68
1.26
2.11
2.08
1.82
1.61
1.38
1.76
1.74
1.37
1.54
1.51
1.52
1.49
1.56
1.16
1.43
1.3
1.49
1.75
1.44
1.14
1.17
1.25
1.48
1
1.86
1.53
2.28
2.53
2.48
2.15
2.24
2.63
2.19
2.3
3.33
2.67
2.37
2.75
2.77
2.79
2.81
2.96
2.64
2.89
2.52
2.51
2.86
2.13
2.09
2.96
2.37
2.39
2.44
3.44
1.01
1.53
1.03
0.97
0.83
1.97
1.67
2.67
2.68
2.61
2.52
2.75
2.77
2.11
2.16
2.1
2.52
3.05
2.67
2.3
3.26
2.64
1.79
2.59
2.26
2.61
3.08
2.59
2.55
3.03
1.56
2.26
2.34
2.55
2.37
1.9
1.48
1.13
2.16
1.7
1.74
1.32
2.38
2.98
2.02
2.8
2.78
2.62
2.56
2.71
2.5
2.42
2.38
2.34
2.29
2.13
1.82
2.04
2.11
2.5
1.99
1.74
1.81
1.78
2.26
1.56
1.68
1.46
2.13
1.53
1.45
1.36
1.36
1.46
1.32
1.3
1.43
2.1
1.51
1.36
2.41
2.26
2
1.75
1.74
1.3
1.43
2.12
1.95
1.9
1.25
1.31
1.27
1.25
2.01
1.91
1.35
1.64
2.28
2.24
2.1
2.08
1.87
2.28
1.57
2.09
2.44
1.84
2.06
1.93
2.56
2.2
5.87
5.78
6.04
6.52
7.71
6.02
6.39
6.4
5
4.77
6.55
8
5.37
5.27
6.39
4.9
6.08
5.04
7.64
4.85
7.2
6.2
5.48
5.61
6.03
7.25
5.71
6.59
5.41
4.97
5.07
5.59
7.52
5.81
6.5
5.67
6.01
7.02
7.62
8.11
7.18
7.69
7.83
5.38
4.9
7.87
8.56
7.17
7.54
7.03
5.67
6.65
6.84
8.34
6.04
7.42
6.66
5.24
5.52
6.21
7.86
6.53
7.71
5.17
5.03
6.11
6.27
6.06
5.57
7.19
6.17
5.79
6.46
6.53
7.3
5.75
6.46
1.83
1.5
1.7
1.05
1.3
0.97
0.97
2.49
2.31
2.3
2.25
1.34
2.32
1.5
7.26
6.05
6.83
6.15
8.35
7
6.85
6.92
6.65
7.18
7.37
8.69
7.75
9.13
7.26
6.16
6.19
7.28
8.39
7.04
7.4
6.39
5.25
6.85
5.9
6.84
5.64
7.33
5.7
5.48
7.2
7.1
8.15
6.34
7.57
7.03
5.07
5.77
6.93
7.32
5.94
6.38
0.92
1.19
0.68
0.71
0.43
0.42
0.65
5
4.71
5.07
4.72
5.29
4.88
4.78
2.23
2.17
1.49
1.19
1.36
1.46
1.36
2.43
2.9
2.16
1.77
1.46
2.85
2.38
9.09
7.1
7.37
8.04
9.58
7.91
9.23
7.16
6.09
7.34
7.34
9.5
6.02
8.82
6.47
6.42
7.69
6.17
7.69
6.17
7.67
6.59
5.08
7.06
5.5
7.85
6.42
8.12
7.66
6.26
6.16
6.37
7.29
7.24
7.08
0.24
0.3
0.23
0.49
0.42
0.43
0.35
1.1
1.07
0.64
0.48
0.54
1.15
0.92
1.75
1.8
1.87
1.58
1.14
2.05
1.25
7.38
6.31
7.1
6.69
8.97
8.12
6.66
6.84
6.16
7.27
6.29
8.45
5.83
8.4
8.33
6.08
6.83
6.6
8.46
5.98
7.68
6.46
6.33
6.46
8.03
8.37
7.31
7.86
0.27
0.31
0.32
0.17
0.24
0.05
0.2
0.29
0.48
0.61
0.21
0.24
0.47
0.33
1.27
1.6
1.81
0.52
0.65
1.1
0.91
7.72
5.87
7.38
6.32
9.77
6.6
7.75
5.33
3.93
5.7
6.5
8.57
5.16
6.11
0.08
0.21
0.25
0.14
0.17
0.29
0.19
5.68
4.41
5.6
5.86
7.43
3.83
5.82
0.27
0.55
0.41
0.3
0.47
0.37
0.36
7.57
6.22
6.16
6.89
9.51
6.29
7.22
5.6
3.97
5.69
5.1
6.55
4.51
6.3
6.27
4.2
6.1
5.22
7.62
4.64
6.79
0.04
0.18
0.16
0.16
0.37
0.34
0.19
5.03
3.31
3.84
5.42
6.4
4.66
4.82
0.53
1.64
1.09
1.05
1.05
1.14
1.21
7.59
4.97
7.14
8.34
9.25
6.63
8.79
6.59
4.49
5.56
5.64
7.79
5.96
7.97
6.7
3.59
4.62
5.7
7.69
5.29
6.32
0.83
0.85
0.83
0.8
0.63
1.13
1.17
0.39
0.8
0.74
0.62
0.46
0.66
0.8
0.87
1.13
0.96
0.82
0.8
0.99
0.85
0.28
0.3
0.49
0.21
0.34
0.48
0.33
3.55
2.84
2.86
2.99
3.4
2.53
2.65
1.08
0.87
1.1
1.08
0.93
1.42
1.7
2.37
2.92
2.64
2.51
2.09
2.79
2.6
6.7
4.18
5.75
4.81
6.43
4.01
5.66
0.16
0.36
0.24
0.28
0.27
0.4
0.54
1.35
1.22
1.14
0.98
0.62
0.84
1.05
0.61
0.07
0.21
0.54
0.31
0.28
0.38
4.2
2.89
3.87
2.62
3.82
2.21
2.72
0.87
1.43
1.37
1.6
1.62
1.59
1.75
2.95
2.91
2.74
2.9
2.57
2.46
2.92
0.001
0.17
0.08
0.03
0.04
0.21
0.21
0.05
0.35
0.26
0.26
0.24
0.15
0.16
0.2
0.25
0.24
0.17
0.18
0.27
0.4
0.84
1.58
1.4
1.29
1.22
1.43
1.46
0.06
0.23
0.34
0.13
0.08
0.16
0.09
0.13
0.17
0.15
0.3
0.25
0.1
0.22
0.32
0.54
0.52
0.22
0.49
0.59
0.41
5.12
2.82
4.29
2.65
2.97
2.35
3
0.97
1.13
0.9
1.14
0.97
1.15
1.16
0.22
0.21
0.24
0.44
0.44
0.28
0.35
4.21
2.98
3.09
2.82
2.86
2.54
2.43
0.38
0.3
0.59
0.68
0.55
0.86
0.71
0.64
0.4
0.55
0.61
0.56
0.7
0.76
0.9
0.65
0.7
1.58
1.37
1.12
1.25
)
;

boundaryField
{
    symmetry
    {
        type            symmetry;
    }
    inlet
    {
        type            calculated;
        value           nonuniform List<scalar> 
1442
(
17.24
17.2
17.56
19.31
14.68
14.99
11.37
14.31
15.46
16.08
15.88
17.15
16.55
19.83
20.41
16.69
15.01
15.64
8.96
15.25
15.18
15.56
13.33
17.12
15.52
13.42
16.09
14.49
15.59
14.42
19.24
14.71
13.25
15.23
14.69
15.73
14.38
16.49
14.98
13.83
15.76
15.7
17.38
15.12
16.33
14.2
20.44
18.66
15.5
10.45
13.8
14.41
15.32
15.05
12.68
15.86
16.06
14.61
15.41
12.9
12.84
14.18
14.7
15.64
15.97
15.1
19.03
13.88
11.04
13.03
12.84
13.1
13.18
13.46
13.06
12.53
13.63
13.56
13.86
13.24
14.48
14.79
15.31
15.12
14.79
14.79
13.95
18.23
12.11
10.16
11.22
11.45
11.01
13
12.09
13.36
12.95
13.07
13.36
11.75
13.37
14.83
12.28
14.18
14.05
14.37
15.52
15.96
15.05
14.76
17.95
10.53
8.4
9.9
10.63
11.78
11.96
12.14
11.23
11.21
11.7
12.71
13.32
12.33
14.24
14.54
14.75
14.52
13.67
13.79
13.33
15.49
15.34
17.75
11.71
7.89
8.66
8.97
8.48
9.88
10.99
11.32
11.04
10.3
12.12
11.48
13.49
12.85
11.78
12.64
13.71
14
13.47
14.17
13.61
13.4
15.18
14.45
16.49
9.85
7.27
7.49
9.31
8.07
9.21
9.76
9.94
9.04
9.84
10.12
11.45
11.39
13.25
12.99
11.54
13
12.78
14.25
14.54
13.72
15.7
13.11
12.95
12.67
13.82
8.73
6.9
8.4
5.59
7.36
7.82
7.86
7.72
8.55
9.14
9.23
8.87
11.43
10.05
12.78
11.36
12.49
12.76
13.39
12.78
14.06
14.22
14.45
14.12
14.54
12.61
12.82
9.39
6.93
6.22
7.78
6.57
6.68
7.4
7.44
7.26
7.4
9.32
7.96
9.83
9.48
10.5
11.55
13.19
11.76
12.3
12.73
13.29
13.49
13.49
13.69
14.91
12.21
13.4
14.82
9.03
4.47
6.05
5.96
6.1
6.72
7.68
5.98
6.43
6.9
8.22
9.46
9.22
8.95
11.18
9.8
10.79
11.98
13.11
13.4
11.87
12.21
12.1
14.02
13.19
13.01
12.22
13.31
14.6
6.57
4.07
5.51
3.86
5.48
5.76
5.46
4.93
6
5.99
6.34
8.13
6.54
7.34
10.4
10.43
9.96
11.62
11.57
12.95
12.54
12.84
14.13
13.46
13.1
12.74
13.96
12.99
11.74
10.37
3.69
3.34
3.19
3.75
4.9
4.06
4.21
6.26
5.77
6.42
6.48
6.82
6.32
8.35
8.46
9.64
9.82
11.29
13.19
11.92
11.96
13.5
13.01
12.74
14.09
14.01
12.27
12.06
15.81
7.79
2.74
3.87
3.93
3.86
2.87
3.31
4.1
4.72
4.52
4.6
6.06
6.14
6.92
8.73
7.98
8.12
9.6
10.78
10.89
11.97
12.37
12.23
13.74
11.82
14.2
12.94
13.1
12.1
10.66
15.46
8.34
2.68
2.86
3.4
3.31
3.07
4.7
3.51
3.62
4.84
5.64
5.25
6.93
6.51
6.32
8.46
9.54
9.2
10.52
10.54
12.02
12.12
13.46
13.48
13.92
13.08
13.38
13.16
12.08
12.72
11.1
9.87
2.81
2.38
3.31
3.66
3.47
3.05
3.39
3.64
3.32
4.13
5.73
4.47
5.5
7.15
7.69
7.74
8.4
9.64
10.18
9.88
11.66
12.21
13.3
13.91
13.59
13.15
13.28
13.17
11.1
11.01
14.58
7.99
2.48
3.3
2.54
2.42
2.68
2.62
2.83
3.19
3.74
3.87
4.63
4.99
6.31
5.7
6.8
7.32
8.59
9.69
10.32
11.68
12.23
12.73
14.5
13.64
12.19
13.74
13.13
11.46
12.09
12.28
11.63
11.34
2.64
1.45
2.92
2.36
2.6
2.84
2.01
2.81
3.28
3.79
3.46
3.84
4.53
5.31
7.19
7.72
8.85
9.71
11.78
10.04
11.92
12.35
14.77
12.34
13.98
12.37
11.82
12.86
12.4
11.24
11.89
12.58
2
1.48
1.42
2.23
2.01
2.8
2.48
3.09
3.02
3.36
3.32
4.42
4.08
5.37
6.25
8.74
9.1
10.14
11.19
10.64
11.56
12.71
12.36
11.85
12.3
12.69
14.38
12.22
12.16
10.72
10.48
13.58
10.07
1.75
1.52
2.29
1.52
2.28
2.92
2.51
2.47
3.59
3.11
3.49
4.63
4.75
5.93
5.78
6.72
8.77
9.65
9.22
11.7
10.67
13.58
10.96
11.68
12.77
12.98
11.16
14.21
11.21
11.42
11.51
10.85
10.59
1.85
1.99
1.75
2.07
2.57
2.39
2.52
2.97
3.43
3.7
4.29
4.41
6.44
6.18
6.95
8.69
8.23
8.82
11.08
12.19
11.78
11.1
10.99
12.93
13.12
11.59
12.25
12.56
11.15
12.2
10.38
10.41
12.89
2.08
1.32
2.4
2.04
1.44
2.22
2.6
3
2.72
3.45
4.25
4.44
5.02
5.94
7.18
8.52
8.08
9.7
10.08
9.68
10.63
12.02
12.26
11.77
14.47
12.89
12.95
11.09
12.13
12.24
11.8
10.99
11.75
1.97
1.3
1.83
1.87
1.57
2.58
2.35
1.86
2.98
3.42
4.71
3.72
5.75
6.22
5.96
8.02
9.57
10.18
10.69
12.12
13.2
13.17
11.05
12.86
12.58
12.87
12.43
13.06
11.56
11.4
11.26
11.49
13.86
7.96
1.66
0.87
1.41
1.48
1.41
2.06
2.18
2.24
2.46
3.17
4.86
3.85
5.87
6.74
7.64
8.14
8.64
10.18
10.03
10.68
11.85
12.46
13.12
13.03
12.66
12.67
11.55
12.73
11.61
10.75
10.92
11.67
10.83
7.91
1.77
1.46
1.8
2.37
1.75
1.75
2.17
3.51
2.85
4.39
3.97
4.5
5.25
6.74
8.02
7.2
9.78
10.03
10.76
9.86
11.79
14.24
13.95
11.77
12.21
12.36
12.59
11.14
11.66
12.38
10.86
11.22
10.68
8.66
1.39
1.9
2.13
2.14
2.08
1.88
2.39
3.1
3.78
4.01
5.81
6.24
6.36
8.13
7.99
10.12
9.58
11.1
10.01
11.37
12.1
11.19
11.43
12.56
10.86
11.7
10.86
12.24
12.87
11.96
10.21
11.77
10.15
9.04
2.28
1.6
1.87
1.91
1.32
2.52
2
2.75
4.23
5.9
5.47
6.38
6.72
8.35
9.23
8.55
10.08
10.39
11.82
10.87
11.21
12.57
11.84
13.57
12.3
11.89
10.84
10.8
12.36
12.58
10.37
11.04
10.37
9.6
1.58
1.84
2.12
1.83
3.31
2.41
3.09
4.73
4.49
5.84
6.8
7.06
8.82
7.41
8.96
9.07
10.1
11.67
11.66
11.66
11.6
12.76
11.63
10.52
11.61
11.3
11.81
11.47
11.87
11.66
10.36
10.66
13.81
6.91
2.05
2.99
2.92
2.25
2.63
3.33
3.99
4.43
5.33
5.72
6.49
8.1
8.64
8.28
10.5
9.67
12.22
11.5
11.77
12.87
12.54
12.85
13.61
11.93
11.92
12.94
11.27
11.91
11.15
9.98
11.79
10.73
10.24
2.75
2.78
2.77
2.51
3.15
3.55
4.38
5.32
5.77
5.78
7.79
8.96
9.25
9.29
10.01
9.95
10.48
11.4
11.47
12.59
13.47
11.07
10.34
11.1
11.37
11.91
12.2
11.69
12.23
10.26
11.48
11.5
12.27
2.9
3.8
3.38
4.01
3.99
5.05
4.79
4.96
5.84
6.65
8.87
9.49
8.5
8.82
10.66
11.12
10.97
11.43
12.48
12.27
11.97
12.5
11.77
11.44
10.61
11.94
11.55
10.96
10.13
10.53
10.04
10.66
11.1
3.48
3.68
4.03
4.65
4.99
6.56
5.48
6.66
6.86
7.27
9.48
9.92
10.86
10.19
12.2
10.29
11.47
10.43
12.11
13.08
10.01
12.23
12.04
11.06
11.25
10.78
12.22
9.73
10.53
10.63
10.04
13.79
9.46
4.18
4.88
5.83
6.47
6.13
5.99
6.23
7.79
8.41
8.4
8.48
9.35
8.94
9.34
12.03
11.48
10.63
12.65
11.81
13.62
11.67
11.84
12.3
12.61
11.65
10.94
11.67
11.2
12.83
11.98
10.48
10.76
6.21
6.38
5.39
6.37
6.19
6.32
6.53
7.76
8.55
8.59
10.22
11.31
12.1
11.9
10.53
12.27
12.61
12.31
12.7
10.12
11.62
11.19
11.72
11.21
12.72
10.73
10.14
11.62
10.94
9.58
9.71
10.2
6.57
6.39
7.4
6.6
7.34
7.25
8.45
9.45
8.11
8.14
11.14
10.95
11
11.88
11.5
12.25
13.26
14
12.13
12.1
11.88
10.74
12.28
10.29
11.9
11.59
11.26
11.19
10.42
12.07
13.59
8.26
7.96
7.35
7.49
8
7.65
8.58
9.68
9.35
10.37
11.94
11.3
11.86
11.6
11.77
11.74
10.99
11.87
13.56
12.47
10.85
11.78
11.53
11.33
10.46
10.77
11.44
11.32
10.12
11.55
10.88
9.83
8.74
8.48
8.71
8.79
9.28
10.23
11.02
11.33
11.98
11.77
11.23
12.39
13.09
13.42
12.03
13.05
12.74
12.75
11.58
10.73
11.52
10.95
12.15
10.63
10.77
10.95
9.99
10.46
10.88
12.55
7.09
10.5
10.17
8.82
10.99
11.4
10.28
11.42
11.83
10.84
12.29
12.14
11.99
11.24
14.64
11.7
13.42
13.12
13.42
12.26
12.91
12.4
12.43
12.88
11.18
10.33
11.73
10.44
10.73
13.15
8.41
10.79
9.92
9.58
12.3
11.54
12.08
10.77
11.34
12.12
11.42
11.41
11.84
12.56
11.67
11.39
10.92
12.11
11.22
10.84
11.26
12.18
11.23
10.46
11.64
10.8
10.33
10.3
11.16
10.29
11.09
12
12.14
12.79
11.61
13.64
13.12
11.66
12.94
13.02
13.26
13.09
12.98
12.56
12.31
12.79
11.81
12.08
10.99
10.55
11.47
11.43
11.54
11.06
11.16
11.31
11.79
11.98
7.43
13.16
12.49
13.65
12.5
11.44
11.59
11.37
12.63
12.81
13.85
12.38
12.63
11.48
11.4
12.99
9.63
11.86
10.93
10.83
11.51
11.02
11.35
9.96
11.41
9.59
9.91
11.27
7.46
10.95
12.74
12.49
12.44
14.41
12.94
12.42
10.84
12.45
12.77
12.96
11.97
11.4
11.21
11.05
11.53
12.35
12.63
11.59
11.44
11.99
10.17
11.02
10.22
10.08
11.59
7.01
10.59
12.53
12.57
12.8
12.45
11.32
11.94
12.93
13.51
11.72
12.18
12.88
12.16
12
9.97
12.81
11.13
12.11
11.46
10.5
10.74
11.28
10.26
9.22
11.98
8.05
13.54
11.16
13.53
12.95
11.18
12.96
11.13
11.19
11.85
12.05
12.76
11.34
12.25
12.69
11.99
11.33
11.49
9.04
10.77
10.67
10.81
9.56
13.66
10.17
8.75
12.83
10.38
12.09
12.54
12.53
11.66
12.22
10.97
10.31
12.79
11.05
10.91
10.66
12.46
10.7
11.17
10.03
10.09
12.41
9.84
11.19
13.65
9.37
12.41
12.61
12.12
10.98
11.5
11.02
12.91
11.53
12.41
11.08
10.71
12.57
10.17
9.79
12.09
11.07
9.62
10.99
11.45
10.05
12.5
7.49
10.72
12.29
13.16
12.19
12.92
11.16
11.77
11.03
10.22
10.94
10.41
12.24
9.65
10.97
10.35
10.82
12.88
9.94
12.62
10.41
7.24
12.35
11.6
12.26
10.57
9.94
9.9
11.09
12.13
12.65
10.97
9.31
11.56
10.82
10.72
10.67
11.02
13.2
11.49
7.95
11.74
12.93
11.28
10.57
10.94
11.48
10.2
11.39
12.86
10.44
11.42
11.31
9.11
13.82
10.24
12.24
7.53
10.92
10.19
11.11
10.96
11.63
11.9
11.74
12.01
11.06
9.81
10.72
13.07
11.36
9.44
11.28
10.07
11.53
10.78
10.37
9.83
14.31
11.68
12.33
11.5
9.05
6.97
10.54
11.55
13.09
10.89
10.44
9.26
8.46
)
;
    }
    orion
    {
        type            calculated;
        value           uniform 0;
    }
    spline
    {
        type            calculated;
        value           nonuniform List<scalar> 
3716
(
7.14
4.33
6.66
4.15
5.15
5.19
5.55
8.1
4.67
9.34
5.45
3.66
6.07
6.62
6.2
4.13
8.59
4.73
5.46
5.58
8.37
5.69
4.12
6.23
6.77
4.98
3.88
4.12
7.88
4.66
7.06
8.35
8.52
5.64
5.63
3.96
6.25
7.09
5.42
3.35
4.5
4.25
7.92
7.77
7.68
5.1
7.64
5.52
4.27
6.18
7.13
6.95
7.54
6.08
4.03
4.97
5.54
6.41
5.17
5.11
8.76
8.85
4.77
5.1
7.36
5.65
4.9
5.84
4.43
7.85
6.26
3.62
6.33
7.65
9.06
3.87
3.76
5.59
11.62
8.1
11.12
7.24
9.13
5.67
3.98
6.4
7.52
7.49
7.27
8.16
7.72
4.45
5.05
6.62
5.85
10.53
4.86
7.48
8.63
9.93
9.98
6.24
5.52
4.7
5.66
4.35
8.16
9.84
5.5
4.83
7.49
9.37
6.27
7.19
8.07
9.88
8.87
5.16
5.31
5.7
8.9
7.32
9.85
6.22
8.29
7.79
8.96
9.96
9.81
9.28
5.65
3.48
5.78
6.16
6.25
4.64
5.9
4.54
7.22
6.79
6.65
5.62
8.8
9.96
10.35
8.91
4.9
7.88
9.32
10.3
9.85
10.35
10.59
9.61
5.43
2.98
4.78
4.51
5.87
4.71
6.25
12.06
10.08
10.27
6.92
5.9
10.2
10.03
10.81
9.48
3.5
4.64
6.73
5.8
5.59
7.28
11.48
9.03
5.52
7.63
10.73
8.73
5.88
9.45
9.64
10.55
4.69
3.34
4.61
5.13
5.51
4.63
5.17
7.54
8.9
5.92
5.05
7.77
8.79
10.33
6.57
7.98
8.55
12.22
5.88
6.11
6.76
6.89
7.96
6.02
8.13
10.37
5.07
9.84
10.46
10.27
10.27
11.4
11.77
9.72
8.04
4.75
5.96
6.87
7.14
5.92
4.49
5.58
4.66
4.44
7.69
7.81
8.9
9.14
6.58
8.11
9.89
9.33
5.58
4.72
7.32
9.4
11.09
11.86
11.66
11.05
10.56
10.54
3.93
4.15
6.99
7.77
8.52
4.22
7.12
5.07
9.27
11.03
4.43
7.03
8.79
10.05
11.68
10.98
4.79
6.61
5.77
4.86
8.94
8.67
8.16
9.87
4.55
9.48
11.53
10.71
3.69
6.29
8.21
9.65
11.3
12.11
12.6
12.63
12.78
12.67
12.41
12.51
11.66
8.32
4.76
3.7
4.2
5.69
4.97
8.37
7.45
8.24
8.85
11.21
11.47
4.81
7.97
10.44
10.26
11.43
11.16
9.71
3.55
6.35
5.93
4.77
4.14
4.77
6.03
7.87
6.6
6.29
4.89
8.53
7.37
7.35
8.55
10.75
11.34
5.5
8.86
10.64
11.72
11.05
9.88
4.98
8.77
10.14
11.01
11.49
11.19
11.24
10.9
11.02
10.53
2.98
4.34
7.42
8.49
4.94
4.49
8.04
8.13
8.77
7.2
4.13
8.7
10.55
8.8
11.74
9.84
3.45
3.42
8.53
10.58
10.46
12.68
12.43
11.47
6.78
5.06
7.17
4.83
8.5
6.71
6.4
8.49
8.28
9.96
4.67
9.52
10.79
11.05
10.07
5.89
10.23
10.38
12.46
11.94
9.53
6.62
8.49
8.84
9.21
8.73
7.82
7.85
3.64
4.01
8.14
8.59
5.3
8.72
8.24
4.32
8.91
4.02
8.74
11.29
10.59
9.62
11.06
13.06
11.97
8.36
4.2
3.94
6.92
9.28
10.44
11.39
11.72
12.23
12.07
12.63
12
10.71
9.46
3.55
4.38
6.62
4.22
9.1
9.45
10.27
11.2
12.89
8.06
12.25
13.65
11.9
7.04
6.68
9.89
11.28
13.51
13.91
14.09
14.38
14.52
14.5
15.37
14.42
12.14
9.5
6.47
8.02
7.78
4.62
6.21
7.02
6.59
4.67
9.18
6.54
9.52
3.7
8.26
10.91
11.68
11.77
11.87
8.85
3
6.36
9.72
11.79
12.67
12.35
13.88
13.68
11.29
9.06
4.22
3.76
3.97
7.53
9.98
9.54
5.7
10.09
3.96
8.05
11.74
12.37
11.11
7.96
3.67
7.3
10.27
11.66
12.62
11.1
9.17
5.8
5.21
5.47
8.5
5.17
7.2
7.71
5.32
10.89
8.82
5.68
9.9
6.59
11.07
9.64
12.38
11.34
7.91
8.63
10.77
12.05
12.69
12.51
10.48
7.78
5.55
3.18
5.6
6.82
8.52
8.88
11.34
6.18
10.41
6.96
11.37
5.85
10.21
13.34
11.76
8.66
9.45
11.85
13.54
12.75
10.39
8.19
5.14
3.87
2.99
6.21
6.1
5.92
9.23
9.25
11.21
10.15
6.68
11.08
6.55
10.59
13.26
11.71
9.04
9.99
11.73
13.35
14.87
11.83
8.78
5.48
2.67
5.05
6.61
7.74
11.04
10.43
10.28
8.92
11.68
13.01
9.6
5.64
8.87
11.13
12.5
14.12
13.29
10.78
7.07
3.24
3.15
3.76
6.04
4.06
3.72
8.05
8.35
7.71
7.69
7.25
3.99
11.68
3.66
9.96
10
8.9
12.8
12.21
10.5
6.91
8.54
11.31
14.05
13.76
11.27
9.34
6.13
2.77
3.76
7.74
6.81
8.26
6.53
6.96
6.79
6.89
4.7
10.21
10.14
10.07
11.35
10.73
11.26
14.05
9.23
8.81
11.03
12.12
12.82
13.38
13.04
11.85
8.58
4.06
3.14
2.96
2.69
3.56
6.56
6.24
5.17
5.44
10.55
7.59
4.61
10.94
10.29
11.51
12.27
4.15
9.04
12.34
12.79
10.27
5.92
3.72
7.2
9.1
10.87
12.99
12.96
12.77
13.74
13.48
12.97
12.77
11.29
9.92
7.74
4.41
3.65
8.22
9.57
7.79
3.8
9.74
9.33
11.29
11.1
9.55
10.87
14.7
12.7
8.1
4.85
6.82
8.4
9.78
10.58
10.67
10.47
10.86
10.79
10.54
9.3
7.23
4.68
3.58
7.77
4.44
7.38
4.92
9.92
9.53
6.77
10.38
4.77
10.11
11.1
11.91
9.46
6.29
10.52
11.49
13.1
11.07
8.36
4.95
3.35
5.12
7.39
8.31
9.66
10.25
9.74
9.21
7.8
6.55
4.18
6.32
5.85
4.35
4.34
7.49
4.01
5.48
7.37
8.72
5.21
5.49
5.1
8.8
9.73
7.64
3.68
8.71
10.95
5.23
10.56
12.45
8.98
3.7
3.04
5.16
9.1
10.76
10.8
12.07
11.95
9.9
7.06
4.11
5.6
5.39
5.86
6.23
5.72
3.78
3.63
6.17
4.84
8.43
8.15
4.66
9.1
8.5
10.11
10.2
9.11
10.39
11.92
10.87
8.85
5.14
6.73
9.15
9.19
9.87
9.64
9.76
10.11
9.48
9.53
8.48
6.84
4.41
6.69
4.4
5.95
4.45
3.85
8.38
9.04
5.94
8.51
9.01
9.53
11.56
10.97
8.26
9.07
10.08
11.14
11.89
11.88
9.15
6.45
3.69
3.89
5.86
6.9
7.31
7.52
7.59
7.29
6.71
4.72
6.05
5.87
5.2
3.66
8
4.68
5.87
5.4
5.78
6.59
6.55
5.49
9.34
4.77
8.94
5.34
9.11
9.83
7.37
10.64
11.5
9.28
6.2
3.6
5.53
7.42
9.54
10.89
11.39
11.8
12.19
12.2
12.05
11.4
11.55
10.17
8.05
5.02
4.45
8.02
5.09
5.27
6.75
7.49
8.1
8.38
7.06
10.47
7.56
4.58
7.38
10.76
8.6
7.09
4.87
6.78
9.69
10.83
10.01
8.67
7.25
3.74
3.89
5.94
6.62
7.41
7.82
7.56
7.43
7.17
6.13
4.12
6.29
3.5
7.55
4.4
4.71
5.32
6.68
7.87
4.06
4.53
8.76
7.12
9.81
9.7
6.76
10.17
8.41
4.98
7.97
10.62
10.15
7.76
4.41
4.85
7.65
8.34
9.31
10.24
11.11
11.32
11.28
10.75
9.7
8.97
8.99
7.54
3.98
7.55
5.67
3.8
8
5.35
6.92
4.2
6.47
5.8
7.35
4.88
5.13
5.18
5.66
7.79
6.96
4.81
7.92
9.6
10.29
5.6
7.72
10.37
9.22
7
5.29
7.79
9.66
10.19
10.41
8.73
8.12
6.93
4.48
4.11
5.72
6.5
7.02
6.97
6.54
4.29
4.69
8.43
7.33
4.95
7.04
4.34
5.63
8.33
4.62
5.27
5.86
5.73
5.13
8.74
9.46
6.62
4.17
7
9.51
9.58
7.43
5.05
7.52
9.33
10.56
9.33
8.04
4.66
3.9
6
6.76
7.87
7.68
8.04
8.27
8.11
7.45
6.46
4.13
3.35
6.35
6.34
5.91
5.38
4.58
8.12
6.22
7.96
6.64
9.84
7.46
6.97
7.85
10
8.26
5.96
4.3
5.84
6.62
7.96
8.5
9.1
9.96
9.57
9.8
8.89
7.27
6.56
4.45
8
7.69
7.21
6.59
4.49
8.55
7.76
4.81
5.59
8.14
8.33
8.98
5.46
9.74
8.49
7.19
6.81
5.54
7.62
5.73
7.86
8.97
7.01
6.05
7.29
9.49
9.66
6.6
5.98
7.33
8.59
9.31
10.06
9.78
9.84
9.4
8.34
7.04
4.46
2.96
9.59
7.77
7.13
6.36
5.61
9.31
7.07
5.49
8
8.94
6.95
7.52
7.36
7.07
10.58
7.37
5.78
7.58
9.99
8.05
5.47
7.19
8.89
8.97
7.98
4.46
5.78
8.01
8.95
9.6
10.67
8.81
8.77
7.95
6.63
5.25
3.93
5.5
5.67
4.51
10.33
5.16
9.47
7.87
4.93
8.3
5.1
9.85
6.83
9.25
6.72
6.8
10.66
4.92
7.97
6.43
9.55
4.91
7.65
9.94
8.75
6.51
8.51
9.26
7.55
5.43
5.27
6.79
7.75
8.82
10.39
9.96
10.5
9.86
8.77
7.56
6.48
4.06
5.93
5.98
5.97
4.42
9.1
9.15
8.26
8.52
7.7
8.36
7.07
5.72
8.13
7.93
4.35
9.12
10.02
7.06
7.42
4.71
8.48
4.74
8.52
5.17
7.39
10.25
5.45
7.48
9.37
8.89
9.91
9.12
4.09
6.34
7.68
9.85
8.62
8
6.17
5.15
6.66
7.79
8.85
9.41
9.94
11.44
9.63
8.97
8.62
7.57
6.46
4.4
3.18
3.12
9.03
8.41
9.23
8.44
6.91
4.99
9.25
4.76
9.96
5.16
10.18
8.66
5.81
10.06
5.52
9.81
6.31
10.43
9.85
7.96
6.85
10.31
9.68
7.49
5.2
7.75
10.15
8.72
8.25
5.16
5.95
8.18
9.54
11.82
11.61
10.53
9.41
4.76
4.56
6.75
7.11
7.9
8.18
8.32
8.45
8.93
8.45
8.58
7.11
4.47
8.42
9.68
3.76
10.14
8.05
7.07
4.56
9.65
5.03
10.4
9.74
4.97
9.57
6.33
9.99
6.04
10.51
10.43
10.85
5.49
9.38
10.41
7.33
10.01
12.19
10.53
7.24
7.71
10.03
9.67
9.03
5.21
4.99
6.76
7.82
9.51
9.78
9.7
9.98
8.93
8.63
8.48
5.63
3.86
5.57
7.12
7.06
6.91
7
7.66
6.56
4.46
5.71
10.37
10.46
10.2
9.95
6.51
9.94
4.45
9.98
7.86
10.11
9.71
9.44
5.9
10.33
6.31
10.72
6.66
11.14
9.58
11.49
8.47
10.61
10.62
7.95
7.03
9.37
10.28
10.27
9.68
5.47
4.03
6.86
9.25
9.91
11.38
11.49
9.78
9.01
5.22
4.06
6.1
7.69
8.04
8.06
9.82
10.09
9.7
8.97
8.68
8.53
7.07
4.52
4.97
5.14
3.43
8.31
10.23
11.05
10.02
4.46
10.25
8.18
6.9
10.32
4.15
9.92
7.12
10.01
10.68
10.69
3.88
9.42
10.75
4.14
9.36
9.56
5.99
10
11.7
12.24
8.99
10.49
10.88
10.1
7.53
4.51
7.28
10.15
11.01
11.6
9.69
5.47
7.7
10.3
10.19
11.91
10.57
9.11
7.2
3.96
4.31
6.52
7.73
10.16
10.57
10.35
10.87
11.14
10.82
10.45
9.67
8.88
6.98
4.53
5.13
5.87
6.08
6.1
5.96
5.32
3.73
9.66
3.47
8.69
8.35
8.24
10.39
7.33
11.08
9.88
9.59
10.4
11.18
7.14
9.94
4.39
9.26
11.5
5.55
11.45
6.49
9.54
11.36
8.54
9.73
12.57
9.44
6.72
10.82
11.45
11.34
8.46
3.75
9.39
10.3
10.39
9.12
7.28
3.94
4.2
7.14
9.93
10.58
11.15
12.82
12.24
12.03
9.62
5.81
6.24
8.72
9.14
9.22
9.82
10.05
9.75
9.25
9.87
7.95
6.71
5.94
3.73
3.9
5.6
6.16
6.66
6.6
6.22
6.24
5.44
3.55
5.05
9.01
12.62
5.49
8.84
12.64
8.97
11.88
10.87
5.99
10.58
9.56
11.21
8.65
11.9
6.17
10.23
11.48
3.73
8.39
11.72
12.33
5.05
11.11
12.41
11.5
10.15
12.17
11.17
9.05
7.54
10.56
12.02
11.55
9.29
6.97
7.62
10.17
11.17
12.81
12.33
9.24
5.27
3.52
6.28
9.82
10.66
10.93
13.66
13.44
11.05
7.66
4.75
7.93
10.01
10.83
11.83
12.92
13.25
12.95
12.99
12.47
11.61
10.97
10.11
7.98
6.43
4.4
3.56
5.36
6.34
8.09
8.23
8.95
9.09
8.75
9.08
8.07
7.4
6.1
4.12
4.66
5.14
5.63
5.31
4.87
3.21
6.92
10.25
13.11
10.54
10.74
13.41
11.55
9.41
11.7
13.09
5.76
9.22
12.33
12.81
10.89
8.63
11.97
12.02
10.44
10.58
11.32
11.88
9.26
3.97
8.94
11.36
13
11.47
8.46
6.34
10.76
11.32
13.24
12.12
8.54
3.69
8.19
10.95
11.63
14.47
13.67
9.8
6.24
8.2
11.2
11.68
15.38
14.54
11.74
8.4
4.23
8.87
10.16
11.47
11.57
12.13
13.02
11.95
9.95
7.19
4.05
8.05
9.77
11.61
12.27
12.36
12.74
12.92
12.86
11.85
12.64
11.21
10.33
8.27
6.43
3.29
3.66
5.67
7.76
8.64
9.5
9.99
10.01
9.4
9.35
8.56
7.37
6.24
3.86
3.8
5.18
5.77
6.39
6.75
6.7
6.36
5.47
3.67
9.07
11.39
12.91
13.67
12.48
10.47
7.53
4.6
9.32
11.85
14.07
13.07
11.91
10.67
8.5
5.48
5.56
8.83
11.08
12.95
11.84
15.47
12.69
10.62
7.47
3.36
8.37
10.73
12.65
14.28
13.02
13.14
11.16
9.18
6.49
2.99
7.12
9.14
11.21
13.09
12.99
14.21
12.86
11.25
8.61
5.06
8.37
10.79
12.39
13.62
12.77
13.05
13.26
13.29
11.6
9.37
6.11
3.15
6.86
8.85
10.53
12.28
13.8
14.19
13.56
13.11
12.87
13.16
13.34
12.93
11.91
11.03
7.35
3.95
3.36
7
9.11
10.42
11.32
12.26
12.94
13.41
13.24
13.02
12.05
11.47
9.94
7.19
3.68
3.53
6.65
8.01
9.24
9.73
10.27
9.96
9.94
9.58
9.39
8.73
6.79
4.35
3.47
5.05
7.55
7.6
7.93
7.91
7.79
7.22
5.98
5.44
3.49
3.2
4.63
4.77
4.97
4.94
4.57
3
5.06
3.11
2.72
2.94
3.04
2.79
5.89
4.78
4.2
7.77
7.4
6.6
5.61
2.7
8.29
8.08
7.58
6.54
4.27
8.99
8.55
8.01
7.18
6.06
8.94
8.65
8.15
7.14
5.02
8.28
8.24
7.51
6.68
4.23
7.54
7.36
6.56
4.88
5.27
4.76
4.14
2.89
5.92
6.12
4.09
2.56
7.1
7.64
6.65
5.66
8.14
8.53
7.52
6.72
5.39
8.78
8.85
8.31
7.53
6.21
4.19
9
9.04
8.69
7.87
6.24
4.38
9.15
8.89
8.51
7.95
6.43
4.25
8.77
8.51
7.92
7.29
5.54
7.71
7.81
7.54
6.35
4.78
6.57
7.24
5.53
4.17
4.49
3.09
7.9
7.46
9.87
9.22
8.58
7.57
11.22
10.43
9.68
8.86
7.5
12.3
11.66
10.44
9.14
7.98
5.41
12.42
12.31
11.22
10.14
8.27
12.5
13.11
11.25
10.52
8.39
12.93
12.84
11.1
10.33
7.01
3.7
11.08
12.11
11.2
9.34
9.95
10.13
8.23
3.7
6.8
2.53
3.95
4.46
3.7
2.3
6.35
7.22
6.62
6.46
3.82
3.35
5.23
8.14
8.31
7.76
7.97
5.79
6.82
8.9
8.79
8.62
8.41
6.59
4.77
6.82
8.96
9.36
8.98
8.53
7.29
5.08
7.2
9.26
9.4
8.53
8.52
7
4.67
6.57
8.55
8.58
8.12
7.82
6.88
4.24
2.9
5.1
7.29
7.96
7.32
6.62
5.04
4.57
6.28
5.1
4.27
3.67
3.47
10.68
12.9
4.88
15.07
21.99
20.22
18.57
13.66
9.72
12.63
3.54
14.38
20.87
18.76
15.34
11.65
7.07
6.05
9.82
12.55
15.42
5.03
15.04
22.16
18.77
15.42
10.08
8.58
11.25
13.75
3.74
15.62
18.25
20.29
15.51
13.53
9.52
10.99
13.33
16.28
16.16
20.92
18.53
16.91
12.72
6.9
5.27
9.2
11.45
13.82
15.41
3.64
15.61
18.62
20.95
20.74
16.26
12.21
8.83
4.83
3.59
7.64
9.76
12.34
14.65
16.39
17.26
16.95
17.72
18.8
19.25
19.78
18
16.1
14.38
10.12
7.98
10.32
11.67
12.94
14.84
15.72
16.44
18.06
17.49
16.81
16.05
14.33
10.09
6.14
3.75
7.8
9.58
11.58
11.99
13.74
14.73
14.89
14.27
14.12
13.08
9.09
6.18
8.95
9.83
10.47
11.06
11.03
11.87
9.76
7.92
5.71
5.47
6.22
6.93
4.26
11.16
7.04
14.36
17.24
11.12
6.34
14.36
17.2
10.55
13.87
17.56
5.97
9.96
5.18
13.39
19.38
19.31
8.92
4.08
12.06
19.67
14.68
12.14
13.2
18.8
14.99
4.44
9.13
12.9
16.54
16.61
11.37
7.03
11.82
12.86
19.43
19.03
13.32
5.36
4.74
9.39
12.78
13.96
19.51
19.81
14.16
9.84
12.06
3.61
13.52
18.29
19.08
14.54
10.48
9.58
11.79
13.35
3.68
12.86
15.48
17.08
17.11
14.01
9.26
3.97
7.91
9.98
13.23
13.69
14.38
16.59
17.92
17.01
16.68
16.73
16.89
15.11
11.83
4.14
6.76
9.62
10.54
12.25
13.26
12.4
12.64
12.24
11.86
10.19
9.36
5.96
7.91
8.19
8.19
7.78
7.34
9.19
7.42
13.38
9.07
7.03
13
8.84
6.24
13.37
7.14
11.41
11.11
5.79
10.25
6.62
11.72
8.71
12.76
6.42
11.41
13.29
9.39
12.57
16.69
4.95
10.67
12.3
15.01
11.51
5.39
13.88
16.84
15.64
3.81
8.91
12.4
13.07
15.55
13.09
8.96
7.81
11.21
12.67
16.1
15.88
12.35
11.07
13.23
13.04
16.44
17.12
16.7
12.27
5.46
8.67
11.04
13.14
13.76
15.1
16.04
16.39
16.33
15.59
14.94
15.15
14.86
10.91
3.74
6.08
7.33
10.39
11.8
11.48
10.9
11.55
11.97
9.55
8.53
8.26
8.13
7.83
7.22
5.4
9.18
4.96
9.35
3.3
12.51
6.62
11.11
11.08
10.23
6.96
10.17
4.08
10.43
11.39
9.84
6.56
11.97
10.72
7.02
10.89
14.71
8.14
10.08
17.51
13.25
11.72
12.7
14.91
13.2
5.55
10.7
12.08
14.97
13.15
12.19
6.1
4.15
10.9
10.96
12.21
14.94
15.24
14.65
12.24
9.88
10.89
11.09
12.05
12.92
12.76
12.22
11.57
10.45
9.37
8.29
8.03
7.25
4.77
8.28
8.44
11.26
7.02
8.61
11.28
5.92
6.75
11.18
6.39
9.79
7.01
10.5
4.46
10.36
7.39
10.25
4.62
10.27
5.36
11.44
8.93
11.24
5.16
3.85
10.5
9.68
11.09
5.58
12.12
15.5
10.49
11.83
15.55
13.28
10.45
7.56
11.89
12.11
14.47
11.96
7.57
12.48
11.85
13.34
13.19
11.76
8.28
10.32
12.01
13.27
13.55
14.14
13.63
13
12.45
11.06
10.14
7.67
4.71
4.1
6.2
7.07
7.26
6.6
6.68
4.22
6.24
7.98
11.41
8.05
11.22
5.45
9.85
10.46
8.87
4.26
6.44
7.87
10.67
10.31
4.3
7.41
10.94
7.33
10.97
4.17
9.69
10.73
11.92
10.27
3.98
10.13
13.88
10.11
10.29
12.99
11.04
11.69
11.43
12.92
10.79
6.37
4.14
7.15
9.83
10.26
11.49
11.77
12.19
9.98
9.29
9.44
11.19
10.66
10.51
9.47
10.08
8.07
5.13
3.98
5.07
5.36
6.13
7.21
3.59
10.02
8.03
9.82
4.16
5.17
7.81
10.07
5.39
7.67
11.44
7.69
7.33
10.59
5.76
9.87
6.11
7.18
10.87
11.14
6.72
6.33
11.24
6.22
10.3
9.16
12.11
5.17
8.28
9.85
12.46
10.16
10.01
11.26
4.8
7.28
8.63
11.07
11.59
11.4
11.76
11.67
10.74
7.55
7.33
8.51
7.07
7.56
5.94
7.79
6.61
5.69
4.12
7.83
10.41
6.83
8.16
4.74
7.84
10.58
5.35
8.23
5.03
10.92
5.35
9.66
8.01
10.16
4.88
7.73
5.85
6.29
10.54
10.11
6.46
10.83
5.96
10.36
5.27
7.52
7.23
4.51
10.65
12.4
9.61
11.52
10.22
7
11.09
11.55
10.74
6.5
7.47
8.52
9.47
10.15
9.58
8.78
8.43
8.44
7.71
4.99
9.37
9.66
8.79
7.85
6.66
7.34
6.77
8.44
6.68
7.06
7.04
5
9.88
6.58
5.68
11.02
6.11
6.01
8.97
9.46
7.11
10.35
5.48
8.66
11.71
5.48
9.03
10.89
4.42
11
9.86
8.4
9.37
9.33
9.76
10.98
9.92
9.98
7.4
5.52
3.72
10.69
9.46
9.12
7.43
7.8
4.65
8.78
7.48
8.36
8.55
6.82
4.99
7.91
10.36
6.19
6.82
9.34
6.02
6.49
6.6
10
7.08
10.08
5.38
8.23
12.58
5.01
10.17
11.09
9.52
6.74
10.08
11
3.55
10.46
9.5
7.96
8.89
10.25
6.59
6.4
6.78
5.88
4.74
7.69
7.51
7.86
9.99
5.14
5.77
6.58
7.82
9.8
8.28
8.51
10.75
8.73
5.34
5.61
7.79
4.43
5.1
3.46
8.66
8.02
8.74
8.3
6.3
4.37
4.4
9.18
9.67
8.07
7.51
7.23
5.41
5.46
7.09
7.2
6.01
7.05
7.32
6.64
8.26
8.88
5.41
9.71
9.91
8.56
5.2
5.7
7.98
8.14
9.39
7.53
7.73
9.02
9.83
10.28
8.47
7.51
4.99
4.23
8.54
6.61
6.65
7.48
6.55
6.88
6.78
10.32
8.82
7.7
8.6
7.05
6.83
4.6
6.09
7.97
4.57
4.61
4.29
6.5
8.47
5.33
7.08
4.8
7.65
5.49
5.67
9.06
6.87
7.69
7.77
8.8
4
9.67
8.94
8.13
7.46
4.46
5.45
10.12
8.7
6.77
6.51
10.7
6.75
5.62
4.57
9.98
7.63
9.66
10.07
6.95
7.82
6.02
5.64
6.83
5.97
4.5
10.46
8.89
5.41
6.78
6.75
7.62
8.01
7.98
7.49
7.14
3.72
10.27
10.27
10.18
6.94
7.28
11.75
8.79
6.62
3.79
7.85
7.27
5.37
4.28
8.39
5.76
7.71
5.76
5.58
4.84
5.84
4.17
6.87
8.38
4.75
8.58
6.8
3.74
8.6
5.96
8.92
6.71
9.24
5.28
8.06
7.27
5.54
3.72
9.92
8.06
8.41
5.68
9.52
6.45
5.12
10.59
6.57
9.3
6.89
4.38
5.36
6.33
7.79
5.2
8.88
7.65
3.69
8.31
8.45
8.13
6.38
5.49
4.05
10.2
10.77
9.67
7.79
4.54
10.3
9.1
10.84
7.97
7.32
4.23
8.73
5.42
11.15
6.87
6.48
8.05
9.28
6.84
4.72
6.48
5.77
6.93
5.74
7.52
8.34
8.04
3.74
5.97
6.72
7.55
8.07
7.81
7.23
5.89
3.68
9.92
9.93
9.81
9.32
3.36
8.41
6.07
10.71
10.58
4.26
8.03
4.42
11.2
9.04
5.53
5.3
9.06
10.76
6.37
5.2
8.36
6.91
7.2
6.65
7.02
6.44
6.11
5.6
5.23
8.03
6.16
5.89
5.51
4.94
11.03
9.89
10.06
7.42
10.7
9.95
6.33
10.42
9.13
9.39
5.52
8.29
5.36
9.86
5.44
5.87
6.75
6.06
4.67
5.35
5.06
4.69
7.99
6.22
3.65
5.72
6.38
6.65
7.22
6.77
4.51
9.72
10.17
8.79
8.28
7.03
5.85
10.38
9.18
7.18
10.91
7.59
4.02
9.01
9.35
8.78
4.48
5.92
8.71
8.93
4.9
4.6
8.37
4.75
6.78
7.38
5.41
12.17
12.65
5.69
12.29
5.55
11.66
4.7
10.69
9.89
8.04
5.49
3.56
10.21
9.05
10.29
4.96
8.61
4.36
9.66
4.6
8.21
7.31
9.34
5.12
7.7
5.27
6.52
4.85
5.4
4.33
4.05
4.62
6.12
7.58
4.58
5.19
5.95
6.64
5.97
3.75
6.56
12.07
5.07
11.01
3.45
9.78
7.66
10.32
4.17
9.63
10.46
4.12
9.91
9.42
3.71
7.54
10.03
7.74
4.91
10.15
4.71
4.98
4.67
3.29
3.24
5.2
5.95
10.21
9.8
9.06
8.46
7.49
11.31
10.84
8.71
10.23
9.47
10.91
10.2
9.17
9.14
4.57
5.54
7.82
7.08
8.23
4.99
7.05
4.87
4.97
11.92
12.19
11.18
10.87
10.2
8.48
6.94
11.9
10.68
7.84
3.88
11.47
7.22
10.96
8.99
4.25
10.09
4.1
7.7
9.24
7.93
9
8.8
8.51
5.45
7.68
4.42
3.92
3.18
5.51
13.16
14.06
13.25
2.79
12.89
10.77
9.3
7.22
12.05
9.32
6.51
10.69
3.92
10.38
11.04
10.54
6.27
9.95
4.32
7.14
9.37
9.12
5
5.76
9.95
7.59
7.42
7.13
4.83
5.09
5.19
4.33
12.51
12.99
10.95
8.95
5.86
11.16
3.82
12.24
8.78
11.41
10.93
11.32
10.12
6.44
8.5
10.08
7.37
8.93
7.49
4.35
6.25
3.68
3.07
13.79
12
10.45
8.28
13.01
9.68
5.63
11.99
9.06
10.7
10.24
3.8
7.96
9.72
4.08
7
7.33
8.37
7.05
7.16
3.98
8.38
3
12.43
2.77
12.52
10.84
8.72
13.04
9.97
6.36
11.62
9.53
9.88
6.32
9.41
4.96
9.92
8.25
8.87
7.7
7.79
5.63
5.33
12.95
11.56
9.18
14.76
10.44
7.78
9.95
10.83
9.54
6
7.93
10.82
5.62
7.99
9.49
8.24
7.89
5.91
8.54
5.97
4.58
13.6
11.67
9.08
6.08
12.79
11.54
7.18
2.97
9.87
10.34
10.24
8.14
11.08
5.9
7.59
7.9
9.62
7.76
5.91
9.05
5.91
6.37
11.83
12.94
10.46
9.13
13.06
10.21
10.69
10.26
5.6
9.89
5.82
9.91
5.42
10.09
5.61
7.32
7.77
8.19
8.56
7.98
7.45
5.85
8.9
5.52
6.16
5.56
12.76
11.44
10.62
6.92
13.32
9.56
11.88
7.61
4.02
9.62
9.03
8.65
3.83
6.34
7.63
8.04
5.43
3.49
3.48
11.86
12.58
11.27
8.87
5.24
12.39
12.49
7.62
11.37
6.6
11.14
8.04
10.38
9.31
9.22
4.81
8.71
6.64
8.09
4.1
6.51
5.64
11.63
13.01
13.39
12.16
10.9
9.3
6.65
11.67
9.66
5.78
11.45
9.68
4.98
10.59
10.8
9.1
4.31
7.23
8.48
8.44
4.83
4.75
8.99
7
6.31
12.19
12.6
11.8
10.7
10.12
8.39
6.56
10.87
10.89
6.78
3.81
10.85
6.86
10.57
9.01
4.52
8.57
3.64
7.62
8.68
4.57
7.08
8.56
9.06
9.64
7.55
7.71
5.12
3.91
4.5
3.89
9.97
9.57
9.02
8.3
6.49
5.3
3.11
10.74
10.79
7.35
10.22
8.63
4.39
9.27
5.01
9.61
7.33
8.29
4.86
9.02
5.82
6.82
7.26
6.58
9.04
5.13
6.23
5.14
3.26
10.71
10.98
10.07
7.06
10.43
8.64
9.82
10.79
7.84
7.45
8.98
8.8
4.22
8.8
4.98
3.78
12.62
12.27
12.2
10.76
10.81
10.4
7.12
5.83
3.69
9.48
8.27
5.28
10.03
7.8
8.55
4.52
7.32
4.59
7.13
8.25
4.74
7.43
7.62
6.82
7.58
5.48
4.35
5.57
4.11
9.91
9.76
8.95
7.7
5.62
3.76
9.78
9.21
7.47
4.13
9.08
7.27
3.82
7.87
4.72
8.41
4.79
7.75
8.43
8.29
4.51
4.51
4.21
5
4.44
4.9
10.22
10.48
9.18
10.1
9.14
5.65
11.01
8.69
5.66
8.57
7.74
6.63
8.19
5.11
6.87
5.13
6.29
4.04
10.03
9.41
9.73
8.62
7.65
6.44
10.17
9.31
4.51
9.64
8.16
4.51
8.08
7.62
5.86
9.48
5.66
6.74
5.99
6.32
5.01
5.48
5.39
9.51
9.7
8.51
9.62
8.22
6.07
8.58
7.82
7.84
6.99
8.82
6.63
8.34
7.93
5.74
5.8
9.06
8.58
7.84
7.57
8.55
6.77
3.89
7.33
8.57
8.5
8.03
4.5
6.03
3.05
9.86
10.36
9.12
8.91
8.51
8.23
4.75
8.77
4.91
6.06
8.36
7.72
5.66
6.52
6.54
6.96
5.27
8.38
9.15
6.83
4.59
8.36
8.32
5.44
8.92
8.93
6.8
8.44
7.12
8.1
4.74
6.17
5.48
5.47
4.94
6.31
8.43
8.98
7.02
4.52
7.46
4.59
7.04
4.43
4.59
4.91
4.54
4.7
2.85
8.99
9.13
4.77
8.63
7.25
5.35
8.24
4.66
5.92
6.93
6.89
4.96
9.13
8.67
8.59
7.77
6.54
5.83
9.8
7.47
8.53
4.9
6.42
6.65
5.52
3.9
6.41
4.88
6.19
9.37
5.41
7.07
6.29
4.53
8.31
7.15
6.72
6.27
4.25
9.08
8.58
6.99
5.8
5.52
7.6
7.04
7.27
6.35
8.5
8.99
5.33
7.72
6.24
6.5
4.52
5.21
5.32
5.06
3.68
8.99
7.52
5.1
8.19
5.27
7.43
5.19
6.29
4.42
4.12
3.36
7.53
7.7
6.87
5.76
4.56
7.25
5.79
4.79
4.88
3.74
4.81
5.75
3.59
7.2
4.74
3.76
4.05
5.39
3.99
3.22
6.9
5.59
4.01
6.21
3.43
3.69
4.44
2.91
6.7
6.21
3.76
6.17
3.89
4.69
3.95
5.94
5.47
4.85
5.21
3.23
4.19
2.58
)
;
    }
}


// ************************************************************************* //
