/*--------------------------------*- C++ -*----------------------------------*\
| =========                 |                                                 |
| \\      /  F ield         | OpenFOAM: The Open Source CFD Toolbox           |
|  \\    /   O peration     | Version:  v1706                                 |
|   \\  /    A nd           | Web:      www.OpenFOAM.com                      |
|    \\/     M anipulation  |                                                 |
\*---------------------------------------------------------------------------*/
FoamFile
{
    version     2.0;
    format      ascii;
    class       volScalarField;
    location    "0.4536";
    object      translationalT_O2;
}
// * * * * * * * * * * * * * * * * * * * * * * * * * * * * * * * * * * * * * //

dimensions      [0 0 0 1 0 0 0];


internalField   nonuniform List<scalar> 
60268
(
2769.580783
3656.510396
3475.151385
3585.467184
4010.614151
3989.859833
4312.537463
5349.18876
5327.831927
4341.838175
3759.094021
2594.200899
1662.753467
3205.963815
3556.214834
3247.115363
3343.777868
4277.746491
4617.870037
4842.709964
4012.107964
4311.846574
5266.942853
4578.911753
4487.323306
4508.862596
3457.35005
2707.149531
2924.436628
2728.651616
3455.180023
3436.711713
4125.136365
6492.405056
2702.125696
4024.279156
4246.689848
3621.69062
3693.460146
4791.292953
5050.423518
5603.669053
4816.850584
3936.197368
4897.7065
4381.621837
3691.349744
3885.473149
3560.111922
4646.034709
4060.113042
3719.542933
4022.178129
2382.698328
2098.464646
2241.135533
6461.51037
1741.722198
3159.763276
3813.552175
7029.5406
5519.656483
4322.797388
4809.770465
5664.656692
6375.7116
6056.113061
5482.529522
4818.617191
4964.631581
4544.540832
4183.426955
3977.974899
3848.172248
809.7133261
1549.108641
2850.243411
2535.409971
3797.048026
4969.981723
3918.016765
3561.832088
3297.905789
3464.633868
3825.591492
4203.527935
4605.739077
3537.288423
4454.510846
4405.219973
4265.606139
4791.380897
3465.38321
3599.193293
1295.286591
2673.237433
5448.118945
3493.518681
3639.791879
5247.954781
5146.482069
4088.633846
3734.167631
3285.06654
4480.088205
4223.887211
4412.30156
4968.008682
3946.12824
4393.452371
4551.511905
4186.660774
3881.050246
4209.102992
2466.490458
1486.825865
5308.052993
5070.098626
4160.844696
5106.603229
5479.123599
3338.160181
4618.219347
4953.957991
4633.691471
4821.776738
5034.308214
5023.505601
4634.88629
5133.013481
4316.214124
4032.464094
3919.73569
2105.387815
3775.292065
4110.407248
4484.721556
3065.340389
4638.211146
4949.497716
4395.362677
3974.874999
3524.014592
4750.375846
4189.876145
3569.008484
4583.430484
4207.233386
4244.864774
4237.257515
4377.723357
4114.212933
3315.943275
3743.778122
4196.408271
4953.905785
1986.392884
4724.690072
5181.124556
3774.938324
4243.933879
3669.994779
5475.316843
4728.615146
4184.384315
4673.64949
4273.407959
4645.793316
4244.166682
3833.727335
1168.216376
536.8630362
5384.392061
1693.77925
3338.143946
4293.696862
4046.277442
4446.775033
4005.622723
4518.935345
4649.622089
4126.979256
2748.720985
3362.763059
4400.884211
3797.806161
3942.412337
2123.433044
1641.302965
3517.212671
2184.123291
2221.948704
4417.736018
4146.122897
3929.452361
4493.802979
4921.426908
3903.352954
4825.278303
3974.951222
3690.170582
3832.101072
762.5167893
4798.907025
3923.978574
3978.139972
4248.967977
3915.353753
4250.985612
4379.861604
3805.645668
3790.040813
3188.73977
4923.109663
3383.740454
3873.202293
1243.910273
4059.686263
3238.087095
3288.019566
2769.561157
3370.351692
3702.654656
3802.705252
5649.427982
4555.934452
4052.003647
2224.402351
4117.06675
3401.834908
4763.6765
4310.800698
4756.25858
4026.257725
3569.620026
1722.773323
3148.241788
5628.034066
4799.162665
4253.454347
4085.539805
6725.159412
5335.684173
3131.186443
3900.813011
5107.356766
5919.6163
6030.710885
5838.059853
5161.869769
4165.841843
4549.348866
4513.292459
3980.3242
3708.640634
3855.105449
4053.149439
3779.985277
1313.459298
6181.769892
1434.672745
3530.750168
3487.55112
5055.341985
6632.212727
5687.119024
5960.500877
4959.020742
4425.473405
3945.001902
5146.454761
5405.596247
5387.46789
4935.681587
4686.441886
4845.845774
4254.225617
3781.342679
3872.299956
4115.579079
3832.325704
582.9501662
1955.132696
2877.346035
2646.956053
3333.855642
4559.113102
3117.639376
4693.293919
5994.478697
4393.051929
5295.239572
4879.217751
5494.762917
4967.625029
4760.934636
5731.372698
5557.618298
4796.346054
4829.716435
4494.594269
4439.41426
4268.777557
3786.32447
4542.719373
439.9014558
4740.168545
5475.584647
1654.375462
4513.115698
7219.468857
4320.808235
3861.716696
4709.596703
4809.208459
5787.962856
6739.32654
5581.90079
4718.216662
4689.362353
5555.690466
5064.923275
5304.276625
5074.942085
4351.802614
4325.624562
3987.614898
3641.943927
3764.151092
5376.982531
2545.015705
4934.685653
3253.610946
3639.071664
4978.347837
5041.102898
3967.833271
5432.235651
4152.386075
4228.426596
4704.051422
5975.647851
4531.638322
4149.258256
4278.480184
4939.062699
5133.084446
4642.938088
4119.812919
4300.707604
3713.129061
3660.559828
3815.499459
4653.535945
2606.391846
3756.606442
5875.059818
4665.846025
4507.948973
6187.109044
7325.935107
7054.174592
6471.500013
5394.109789
5000.014613
4799.502223
5473.028381
4677.270563
4660.962225
4857.03674
4460.73532
4607.941109
4305.416439
4011.667147
4175.772642
3414.011133
483.4146076
2590.267018
2657.718819
2055.142508
1995.545252
3443.862113
2080.673399
2334.707281
5277.178979
4038.965893
3805.361257
3867.843717
4250.224208
4235.772517
4957.084358
4370.01093
4123.722174
3441.143979
3334.239931
4039.33963
4242.229632
3618.531728
3883.088984
3489.544149
4721.984957
2201.251409
1564.366551
2857.678702
3810.133735
2954.190239
3587.518022
5767.967552
4186.635483
4715.228125
5162.961418
5242.533991
5098.290297
5350.433113
4337.204241
3885.289759
4256.073633
3688.639022
4013.209548
4267.493465
4251.9317
3486.268107
3020.206746
4617.241434
992.0618084
3764.031401
4453.854024
4225.562541
3606.046344
4119.81009
3730.570038
3238.432368
4509.816766
4404.257333
4614.6527
4519.812469
4662.558222
4431.583083
4668.090012
4055.181358
4175.614604
4197.155656
3553.218115
1843.638706
1807.259619
3140.657408
1855.09329
3681.221391
4403.176043
5056.597478
4595.864953
4193.252598
3644.270165
5731.824614
4319.943559
3713.216935
4147.30613
3895.746826
3575.21935
3938.636748
4295.354799
3932.291415
1460.726173
2586.130544
1949.324965
2194.866518
2720.025316
4566.148619
3995.301236
4332.453935
4497.339345
4678.333528
3877.356009
4711.83589
4783.633205
4181.149223
4350.517614
3297.504264
2953.406132
3646.678735
1257.794486
2187.993765
3084.541326
3648.718978
4064.942152
4489.214112
3866.393258
3409.688984
4208.318067
3212.079759
4419.606083
4371.789077
3695.153227
3717.138638
3388.686412
3947.113948
2010.502374
2762.491983
1630.540226
3604.860514
2383.633014
4214.607954
3648.180344
3927.056184
2224.32584
3051.423755
3612.176491
3323.840512
3345.049946
2003.853998
4587.457095
2140.730132
4544.211941
5289.685479
3026.467028
3212.255629
3348.302303
4719.36136
734.5198752
907.2566003
3181.438891
3514.40654
3636.528276
4860.687956
5391.713556
7403.570589
6347.625585
4783.00356
4918.345123
6116.89077
5156.44572
4002.610799
5229.851188
6738.219375
6176.448629
6961.562101
4978.69336
4738.792016
4959.812315
4674.859654
4344.491104
5003.920793
3790.970846
4121.701752
3739.860515
4788.946176
1887.919815
2020.999499
3516.21711
2651.656512
4132.411318
6553.890568
5024.877422
3647.417762
6536.712703
6458.452296
5853.611148
6717.168344
5685.957639
4774.381409
5468.597633
6263.551287
5615.200689
5099.280678
5161.223469
4701.622083
4976.175949
4708.399968
3589.7235
3988.651495
4078.252023
3760.263493
205.6685465
3215.622923
2365.028393
1588.799606
3632.287464
4666.895032
1601.84164
4173.959807
5698.924883
4415.999579
6015.843185
5816.566903
4757.571193
5646.646768
5255.142079
6269.258733
5906.135174
5458.712638
5221.776128
5289.741598
5356.855273
4683.514658
4407.393505
4478.532002
4342.594996
4187.805348
4050.556882
750.4587953
1418.640739
1368.310469
5373.22707
3040.659924
3904.573454
6602.093464
6387.053847
4994.90499
4715.200968
5326.370626
4875.261713
6119.586818
5281.087465
5503.739675
4993.981654
5749.338397
5370.58768
5685.753615
5096.356907
4753.290366
4231.528493
4014.005244
3753.437702
3890.585227
3667.346116
1136.148049
1320.516273
4957.392338
3649.144767
3624.312539
3360.373878
4285.205444
3953.014828
4114.565819
6400.790017
6835.321086
6411.904351
4455.496594
6183.550461
5113.331363
5405.621968
4699.831964
5610.33196
4985.435952
4079.858048
4050.033832
3941.314517
3553.143652
3700.853713
4027.618784
3983.388016
847.0752529
937.1152076
3319.817066
3039.264099
3210.841054
5176.855016
5608.091138
5566.56148
4923.989504
6842.498384
6663.408878
6216.713416
3451.382122
5947.055142
4737.840929
4777.538238
4099.537474
4723.005366
4121.818293
3712.802482
3112.610914
3730.928834
3520.061019
3549.844291
3358.511595
2662.433458
4627.027648
2736.754265
421.4050532
3544.200793
3177.953903
2785.29809
1816.258968
4168.879593
2956.501768
2998.51614
4920.889988
6729.704357
5345.661146
6015.688475
5382.654116
5008.163331
5778.391317
5144.292539
5346.629348
4609.434008
4080.672475
4110.876234
4749.758082
4180.400113
3944.735396
4358.225491
4025.88225
2558.269569
2210.346239
1908.977153
3035.271334
2796.699115
3714.091728
6245.162072
2831.910055
3304.539275
4322.596044
4787.933626
4999.165699
5605.298042
4872.883399
5106.244387
4977.738459
4596.078823
4521.956283
4143.574459
4113.567608
4025.732009
3772.176763
3865.218817
3823.470969
5002.791738
1320.652466
4099.659795
4015.476049
2183.920626
2794.97932
2753.099205
4152.714782
3228.218884
4985.317851
5534.048902
4831.003066
3009.839561
4972.044689
5100.944238
4763.947876
4472.151041
4601.24672
4719.942225
4521.245012
3953.656749
4430.158186
3782.968806
3486.222634
3518.117081
3405.86202
2172.886326
4089.35122
1595.474878
2826.490585
5332.848857
2907.071294
3691.95266
5433.733234
3127.330692
6253.14898
4401.318319
4338.764424
4953.188747
5201.289306
4594.722254
4076.222722
4062.062775
4630.414716
4207.349468
4442.764762
4392.360783
3549.740264
3135.141634
2097.137444
1497.094163
1971.108306
1843.744766
3855.00498
4346.533616
4701.214755
5637.101587
6151.308089
4331.933834
5891.926919
5007.466269
3285.073165
4365.607859
5368.816483
4747.614643
3938.830595
3828.784109
3630.299537
3212.677944
3536.373715
3485.031749
2958.911432
1088.718722
2450.693964
2550.642561
2927.900961
2159.322533
3631.410102
2644.867208
4884.073696
2967.355409
3003.346869
4368.708833
5575.704002
4519.150878
5483.726219
5273.027181
4427.41616
4793.188745
4359.074333
4468.899352
3925.316765
4058.044158
3637.319218
4125.632713
4358.908656
3045.784935
3417.691741
3512.259155
3433.937421
2607.272515
4663.623319
2464.290796
5255.074868
4883.407801
4281.611109
3534.606276
4740.084026
4452.138852
3933.689184
3853.755167
4548.111271
3978.400777
3895.838743
3316.980882
3407.875684
232.3106045
1547.308368
3078.492889
1517.809081
1902.476523
3207.521003
3065.510902
3210.045337
4624.514912
2635.479742
2972.522717
2564.377125
3683.331768
3439.350452
3828.014209
3692.884005
3133.48855
3172.453913
3633.373209
1082.45616
5676.487358
3594.074422
1787.449276
2997.01638
2835.914354
5675.031967
3284.033032
3477.000607
4088.922293
4255.30421
4277.096615
3365.692574
3948.838878
3442.148298
3584.280565
3130.016079
3434.084946
1576.091534
2883.398599
1883.943194
1213.674922
3154.14141
3564.646709
3445.593328
3007.825379
4168.568919
3670.556815
2259.107875
4505.682467
2566.877422
2918.266633
2450.811978
2664.627891
3281.589647
4044.521207
2895.129958
1109.400242
1582.523811
3767.437374
3494.273549
4988.267545
5132.051695
4038.918125
6317.51104
5810.705579
6327.560143
5235.56181
6535.718056
7406.758966
4756.327039
5553.031863
6259.733392
6101.631104
5537.395893
5293.57663
4442.406543
4884.114537
4688.783336
4505.828024
4380.844598
4282.473914
4626.419279
3849.850386
3547.492179
4933.155573
1150.333523
3172.393282
3396.187455
2200.871391
2438.16312
3307.695368
5100.974658
8375.710495
6067.560155
5995.215381
5997.141269
7745.09689
5808.097611
7169.96731
5015.866708
5605.727287
5374.270854
4928.25497
4655.171727
4813.644221
4779.546579
4838.281895
3882.475298
4247.512208
4505.777269
4214.121827
3980.039836
4640.338619
1655.342257
323.7090016
1474.856623
4640.771001
4339.222564
3481.170198
3878.573857
2184.847134
5449.294215
6930.040838
4428.092555
6400.127146
4928.938453
5403.621349
6022.604881
6101.77629
4912.894682
5193.820326
4785.798881
5539.993919
5130.584984
4731.748929
4434.800216
4131.386015
4236.745299
3658.455474
3221.403693
3448.434394
775.4515138
235.0268564
1735.376972
7837.151438
1690.395862
5271.574503
3936.59423
4653.671558
8820.039991
3851.778578
5924.456147
6625.549265
6623.198677
7313.802112
7993.885573
5516.255277
5189.285318
5500.656825
5101.034892
4480.366189
4443.388906
4254.640117
4284.779628
4041.94384
4505.563091
4769.86452
4643.593244
3370.646831
1768.817105
1654.459435
1054.717494
1370.64739
6316.584802
2113.626962
4021.159694
5835.013804
4197.52201
5349.823921
6874.939642
6241.91918
7055.105244
5369.505119
4618.242061
5487.178128
6419.679442
5433.149563
5041.826505
5350.89936
4789.268745
4356.597331
4422.102541
4685.546761
4503.616015
4467.793863
4671.172475
3967.956623
574.5170047
4038.640911
1065.827025
1247.984532
5382.435028
3415.665734
3888.751531
4437.326269
5621.301492
5402.440804
4949.877891
4995.191709
6760.452559
4554.199879
5774.440981
5449.293224
5689.368436
5318.408681
5217.60115
4425.446251
4296.990022
3520.325979
3660.79927
4188.184009
4680.944599
4473.632197
3758.542571
3696.430183
4212.34037
1521.646962
3239.443691
3054.912928
3889.922036
2567.074551
3552.581831
1781.329193
6478.953186
4475.507932
5380.192631
5514.623101
4929.552966
5594.582953
6302.588303
5288.750094
4950.503366
5119.014321
4599.709175
5482.077682
4154.675302
4565.526937
4374.358092
4065.078452
4578.752589
4367.748342
4569.300561
4215.059143
2392.579757
1671.739726
2600.720031
4129.900511
2096.056151
1895.773354
729.6147453
3835.43974
4431.620699
5017.900704
3526.264638
6393.717212
5267.83313
5124.056162
5596.534821
5450.196591
5996.20184
5169.607478
4545.725673
4521.783442
4021.596313
4538.059039
4423.131606
3848.485742
3513.380415
3851.243891
3178.088241
185.4969475
1752.093775
5134.955874
1711.800269
4159.140477
5468.773274
2944.866618
3225.04704
4920.03466
4397.71621
3291.12419
4085.066304
5093.978461
4506.271559
3655.338309
5115.869299
4892.157609
4537.934761
4237.060878
4601.418579
4371.812671
3487.349033
4461.206845
4139.88691
3769.680775
3874.580201
3697.712056
241.615677
1361.981879
3476.0831
1641.829218
2397.81033
4567.916582
6449.498541
5260.291848
4285.707748
5951.677723
4732.264997
6943.013438
4898.719817
5228.134079
4335.613035
4795.049833
4481.085591
5038.381354
4375.945383
4008.70499
3845.111145
4254.230816
4614.759325
3945.933508
3707.947829
3221.655758
3373.874743
2816.423835
3407.31978
3689.564667
3407.121551
1861.537993
3305.374179
3774.740275
4159.974178
5934.938397
5049.710873
6186.834302
4964.629043
5402.643519
4090.933505
4165.683549
5902.054861
4188.895187
4385.798908
3917.879083
4292.523312
3811.368158
3729.1794
3659.438261
3899.79115
4060.974996
589.4196247
3431.76596
2510.242868
3263.516308
4275.479986
3791.460916
3474.217608
3354.118965
2411.734216
3526.445146
2682.165981
6891.122404
4526.684263
5480.84033
5054.995388
4990.061528
4477.538221
4080.741443
4693.702099
4217.506623
3555.638773
3566.115065
3222.193744
3036.84467
3223.579606
1554.911381
1537.582878
1267.390539
1584.79673
2347.531316
3284.285067
4534.252363
3681.123073
2987.748352
3312.808992
5024.35271
2925.023546
3905.185538
4095.128979
4146.224346
3457.895333
5461.13869
5109.33532
3935.456095
4160.777569
3517.039985
3545.567769
4110.509352
3822.522611
3681.37351
3417.279196
1929.199117
712.1332902
1687.901728
3269.927723
4869.303523
3675.683056
3375.755183
4055.996319
6353.399375
3818.942064
3085.693264
3583.382119
4185.21076
4767.774152
3643.093559
4170.950062
3157.155968
3280.804315
4047.261742
3659.360231
3570.949055
3814.61209
2584.320256
713.8364287
3369.943938
4729.398504
2258.620722
3738.708012
3066.191855
2268.315553
1847.228736
3602.892494
4205.770743
3429.101265
4391.330356
4551.565183
4192.834832
3221.943588
2729.323985
3671.719645
3329.069652
3226.410582
3654.652342
3565.192663
2212.442158
3674.939016
2554.009011
2255.79938
2927.362213
2336.529492
3986.452488
3490.851675
2645.490097
2249.140309
3759.588831
3114.109421
4593.3879
3955.099614
3499.147624
3681.886902
3809.255502
3954.00679
3319.34681
3617.19574
3091.565767
2708.890982
1607.568203
1117.093449
2567.193246
3207.273632
2892.394516
1761.746509
2901.65731
1948.149504
3814.056855
3501.730866
4036.589138
3064.240678
4007.103536
3817.285864
3440.781213
3633.406995
1086.274254
731.8114943
1661.439738
1373.635
3255.005243
2510.483818
3410.167639
3221.699347
2175.250082
3741.118029
4114.122612
4037.070016
3693.79566
2038.668129
1759.694043
1242.535884
3874.743198
4242.247419
2610.841828
2419.506422
3111.994866
2872.18795
3189.628775
2217.014787
2481.138213
1760.693293
902.7785391
4289.356063
1941.537558
6944.4783
3928.932152
5824.653067
7075.62725
4113.294569
6148.730837
7312.942308
7192.404234
8707.260213
7347.712567
6559.670551
6466.241213
5572.92807
6080.588075
5654.483374
5741.32598
5117.644454
4682.068146
4230.487608
4527.665885
4237.679096
3713.435559
4134.73356
3911.658711
497.2390559
3242.449524
960.4754193
3880.644589
3109.081857
2390.868452
3959.879059
2492.471837
7095.918423
4829.03099
4373.063043
5291.97076
5668.364188
6058.65636
7142.704842
6188.902254
7174.327631
5796.277988
6008.552407
5322.999626
5487.861361
5136.049499
5146.277214
4820.228939
4388.258618
4111.041429
3808.366342
3379.634467
3513.314186
3927.913
222.120478
4600.839762
1836.07924
291.877639
4496.406911
4839.791153
4922.324524
5351.926806
4946.33809
6877.582008
8325.345824
6398.275218
6775.129525
6626.620459
6001.217475
6726.06366
6355.318718
5195.30651
5688.547839
5217.059244
4810.110574
4968.714828
4322.468118
4480.694576
4103.373469
3841.006977
3914.760764
3739.332153
3777.15809
3722.254512
1995.063031
2306.216007
1700.554507
2349.012631
3776.745731
7459.069296
5335.613573
6117.583992
4937.477742
5659.029114
8316.212387
5260.786503
6727.327624
6210.157987
6738.092878
7278.834081
7916.283834
6554.000739
6844.205618
4980.816605
4918.444785
5351.991706
4761.219131
4105.058335
4360.981048
4955.965954
3803.286556
4123.138541
4228.302195
4108.37132
1372.202793
3078.589382
3073.889461
1726.48818
1890.386808
3934.247011
3563.128717
1919.60288
4410.191371
6014.424877
4707.7614
7002.533996
6696.632684
6815.428622
7301.811036
6745.43567
6888.81611
6827.960463
6798.659791
5855.113855
5012.125774
4980.884109
4714.597698
4501.942598
4245.209625
5215.970204
4820.955208
4395.288904
3951.691001
3358.120349
661.3706585
1223.58827
2747.738607
3648.217833
1921.859562
4841.390414
5599.782204
5158.650445
4993.298484
6495.435001
7768.969287
5586.703348
5963.383886
7446.503915
7342.92973
5731.908951
6928.590625
6036.021561
6201.049529
6431.348387
6119.858115
5463.240801
4520.217405
4359.356639
5301.062503
4148.553295
3983.475196
4299.710658
4032.192345
3731.851419
1041.22574
3031.024403
2732.061013
5126.352626
1394.250462
1784.503273
2072.699374
3057.407368
4362.276495
5225.547027
5615.716822
6298.999547
6715.666803
6305.124222
7157.787399
6316.847127
5390.894526
5665.478967
4281.65651
5835.13943
5142.617647
4837.129564
4552.131745
4197.884183
4686.741596
4334.973837
4006.916457
3605.573344
3595.357469
4298.556774
2231.521209
1215.660159
3756.614236
4240.632401
3791.563757
2098.174823
4538.479487
3977.414462
6044.678586
3928.870519
5186.660515
4927.977073
6060.625414
5015.370288
5024.142156
5662.353603
6063.977388
5535.333148
4779.397883
5669.933816
4924.950339
4858.943105
4857.296173
4425.77402
4380.561556
4207.173947
3510.190539
3698.326506
921.9814776
1259.084405
1920.332896
2047.675565
2083.136264
3138.309983
2853.475635
5767.430846
4252.895923
5714.729911
4472.715097
6679.911509
5680.928083
4645.453048
5798.011323
4956.032442
5071.668465
5333.644633
5235.87419
5055.908153
4115.079232
4600.853906
4479.027822
4804.223533
4746.746155
4348.971912
3775.83297
3458.778864
3568.031287
4053.379976
3353.531239
1766.397742
2880.063688
3367.155111
2663.710852
2467.648994
4863.134196
4998.652186
5068.062483
5885.175823
6271.772914
4990.803419
5988.147324
7014.906902
6082.483734
5587.666651
5999.619381
5202.279922
4285.291813
4588.518389
4319.100251
4824.786412
4656.721791
4265.470818
4414.594264
3961.264058
3943.080481
1423.226026
790.7364316
2335.222028
3840.110554
1205.963993
3079.379365
4055.7569
4152.440377
1700.318588
3161.85758
4848.272353
6117.375385
7534.76669
5568.47631
6896.907037
6100.867271
4803.964227
4884.79676
5266.662422
4681.203
4621.998943
4714.782304
4401.702895
3577.078604
3617.087978
4186.74911
5130.388591
4194.33181
188.6999363
211.6833731
1423.731044
2026.708786
2231.746033
2721.927791
3713.260535
4117.442288
1988.356481
2244.166713
4306.982801
3168.9604
5448.231408
4741.207175
5153.499736
4847.357299
5782.833005
4962.358964
4805.848795
4575.754026
4157.188998
4069.020034
3368.843114
3777.358289
3656.126943
3665.387671
3749.349123
189.7164617
185.1383839
2168.598653
3639.773222
1247.040689
1138.642184
1086.441885
2566.268719
5679.974183
3894.960224
3997.735535
3284.11819
5727.274326
5345.603452
4568.191589
4553.75186
4429.61807
4557.8989
5906.926598
5240.654579
3487.451953
4297.032062
4240.858352
3937.229074
4019.65846
3546.292492
3499.565163
3730.026044
2128.693569
2295.766481
2285.080838
4583.870859
2900.928234
4398.550998
4363.347885
4960.419075
3289.844525
3402.800306
3132.06703
5043.191696
4237.797553
4404.612342
3985.138509
5073.822223
4546.995721
4489.195217
4406.285768
3643.876862
4167.438426
4175.520452
3757.442226
3934.781323
3585.357616
1805.673685
5646.83433
3269.110163
2986.750292
4865.559686
4009.96584
2413.767122
4369.312911
4000.396775
4173.245057
3156.908535
3516.740279
3824.575343
5198.095706
4714.312001
4100.12032
3856.717695
3614.193594
4461.885625
3935.278765
3319.834506
3800.584534
3513.398951
3759.503267
3883.038129
3267.076642
2432.120651
3153.653075
3952.082482
4382.58277
1498.084687
4194.061085
3617.207359
5226.744109
3487.176125
4358.71226
4864.233077
5467.84708
6138.645464
5037.108761
3585.11785
4346.569562
4465.556175
4266.085247
3717.199386
4063.854259
3694.998601
4268.012174
3383.378395
329.3951159
1396.304236
977.4522713
2449.16246
1384.906735
2953.344646
3890.139222
4275.732073
2639.619265
3110.71305
2799.992551
2777.779861
3513.123514
4585.936921
3847.85375
3804.729326
3785.697449
3736.168089
3819.619718
3569.440964
3583.0934
3420.176034
3379.463197
1387.321349
305.0717904
1675.527787
2088.103155
1766.556862
2846.129654
1923.233677
3781.768085
4590.571851
3817.477149
2919.499605
2831.495229
3617.707305
4615.800613
4233.104244
3947.407881
3166.246328
2728.727692
3111.563888
3183.693469
3346.53712
273.6107158
2285.884585
2699.700336
2626.383316
2069.990576
4173.340685
3771.349972
4521.272123
3936.316087
2353.948696
2166.505377
2958.689727
2877.321161
3252.174067
3739.731904
2391.171493
2420.127355
2730.02054
3184.45587
2168.460795
2335.353044
2822.307479
3976.312027
2927.523496
1842.230928
2323.364803
1770.633121
1727.007593
3068.583873
2621.348112
2545.947475
4075.603658
5721.797712
3858.493837
2602.120112
1865.234855
1872.690907
3311.838039
1630.538487
1196.166004
2313.426021
294.4566633
1684.120454
2821.895299
1908.335317
1188.326885
5714.279571
2294.317505
6695.016783
4276.253625
4723.916019
5226.579152
6657.217372
7245.33059
8156.482908
7900.105903
8241.933016
6928.643513
7383.746433
6669.036735
5784.136972
6745.708705
4890.800845
5084.969013
4547.739489
4567.483652
4557.508667
4254.242088
4053.944514
4330.936414
4255.615403
3887.762575
718.6250165
244.3029957
704.1134002
4025.834523
2062.397981
2696.834237
1710.995732
3885.28852
3533.21812
3381.799208
7694.905269
4840.202275
5397.645212
7025.61981
8119.230231
7336.035123
7620.046613
6750.484548
6535.464979
6109.458952
5121.878552
4998.409754
5324.374578
4482.373107
4865.675026
4354.143244
4331.759368
4263.20965
3902.624208
4081.149344
4021.91675
3551.092061
2095.227579
3022.195332
448.7451342
6066.987814
1903.319566
2389.862505
4141.503484
8105.455367
6767.714522
9624.212612
7082.08399
8515.852707
9496.692457
6543.492735
6734.984638
6346.96204
6783.785583
6834.309839
6600.194569
6507.738422
5296.919232
5052.77696
5553.824366
5300.124641
5053.595206
4666.356571
4259.425233
4535.638905
4213.655748
3764.692864
3731.240675
4007.528086
196.4960237
3609.300879
3698.963452
3228.804587
388.56452
4420.031798
2895.167197
6277.842728
5565.939677
5147.782935
3889.967949
6547.677823
5159.460939
4987.327443
5588.568483
6953.159573
5942.578968
7488.654118
5764.7053
5091.859965
5350.331269
4891.415058
5348.348285
5028.548061
4882.979665
5195.567374
5043.700221
4258.046696
4421.12564
4609.854315
3881.779461
3697.699386
1202.002576
1506.413827
5355.205905
3535.024812
5525.383359
2992.439619
3961.864368
2640.490036
3561.423346
4147.409954
6894.082576
6459.437361
8215.176736
7694.906239
7357.955417
7212.541375
6745.554854
6859.942971
6925.782644
6186.9138
5981.589792
5686.893507
5346.644844
5062.920405
5103.95366
4647.853194
4460.160518
4985.930157
4214.118837
4010.033539
4132.811523
959.917021
1959.518187
1208.212667
2406.800999
907.5393553
6470.535602
4530.520755
5471.006726
5485.128584
7294.169216
8078.680762
7520.276665
7229.766955
6949.457433
8371.679582
6420.87875
7285.398192
7176.212846
6307.675167
6239.11096
6508.394546
5903.173233
5483.341236
5385.137557
4911.867119
5275.64126
5169.307911
4584.22252
3934.178465
3345.951595
3849.854671
201.8162422
1788.564715
1689.031067
1062.750808
2434.998879
2825.296696
1911.132764
949.7219362
1705.520985
5487.476451
5657.528246
5137.715775
6949.986554
5361.251753
6292.683499
6717.42438
6408.736834
5777.656319
5721.096187
6111.022049
4312.497338
4910.498447
5415.350338
4768.912686
4391.024547
3533.323739
3725.042008
3661.349429
3587.92093
3423.915269
3329.121289
6806.13076
2301.627139
931.5231066
231.5880294
1923.670992
4380.779449
6520.367408
2083.744142
4949.378805
6808.900821
4643.865061
5922.392272
6624.887819
5721.98433
6198.301201
6206.137831
5243.480777
5956.493796
5811.398494
5201.862149
4324.65452
4999.875668
4224.008957
4505.055982
4199.985073
3855.870019
4028.283948
3887.504771
3610.974881
2888.080546
3139.278801
1075.533317
1227.169192
3431.727157
3703.211726
1482.357725
2807.871423
3166.074283
3574.054152
6027.233382
7214.467846
5051.003373
6870.187622
6017.077447
5557.322015
5679.78445
6334.239783
5427.964954
6964.135798
7095.535974
5503.222783
4628.815394
4782.501079
4457.589621
4089.386211
4060.604688
4338.261645
3985.556205
3498.740256
3471.845254
3042.021256
263.270887
2388.728088
2396.304251
1229.647166
841.9793219
3020.176869
1721.651664
4947.371712
5345.334112
5692.58484
4921.727825
4875.336577
5878.343138
6884.248602
6237.176526
6128.073758
6722.107408
5773.596512
5947.786707
5375.212259
4181.138954
4362.551282
4108.815239
4182.189027
4324.970448
4226.166168
3877.112009
4253.57756
3880.083206
4160.673802
1279.835833
436.899053
1920.752364
1168.941291
5155.173865
3821.619857
2818.730841
3729.564451
3903.169601
2591.500675
4279.966689
5609.266364
3901.299638
5194.318936
5086.130861
6291.269195
5634.268027
5761.990907
4832.570456
5192.344817
4317.25867
4010.651816
4142.692409
4149.24504
3959.370094
4268.067995
4451.749884
4321.05693
3458.638911
1539.284494
1030.878083
1393.199626
503.1006847
3952.712187
3022.953413
2845.316858
4375.100427
4949.761008
5007.956392
4207.678938
5428.903011
4400.215335
5189.497608
4995.128212
5596.178743
5684.427054
6402.629019
6043.267791
5522.775355
5026.255819
4406.107434
4257.313799
4249.129772
3837.682517
3989.786255
3973.265519
3628.815335
3248.590053
3796.350222
2706.458079
2423.899941
523.9877442
1309.337505
3837.893581
3247.519534
2054.41017
3449.442885
6537.178051
6621.611085
5159.431843
5660.388944
6605.1927
6324.976534
6324.831987
4738.662014
5565.954492
5585.686129
5019.534324
4396.279598
4272.538106
4331.382216
4115.107951
3677.836078
3590.505207
3593.45727
3850.371615
2447.087881
303.2763045
1716.210543
2768.909753
6108.387169
3094.806526
3982.851526
5828.344862
3064.977972
3698.649906
3447.882421
4709.480731
5311.081728
4294.554549
3898.92061
5884.856912
4336.725082
4782.552888
4724.951932
4059.665667
4052.109968
4038.862492
4689.960596
4842.30922
4762.747335
4600.372033
3760.168632
3536.104333
3116.149736
1496.220764
2615.526706
3416.993425
335.9669519
2534.585329
5711.438776
5007.883917
2750.578196
5368.393997
6066.99201
5076.084424
4679.291658
4973.529252
5310.342249
6008.539568
4693.984734
3483.621779
3917.640415
3715.509722
3926.513975
4002.075898
3977.788752
4192.378427
3745.074062
3411.326312
3751.23623
2038.795591
924.0048609
797.9627213
847.1430234
2367.932068
2926.383496
3729.988097
2192.438033
4268.093618
4651.380263
4094.924827
4499.639829
3818.585821
3989.077667
4582.085789
5543.498965
5243.593953
4513.329415
4354.478145
3471.261473
3895.91482
3658.541086
3245.165906
3670.820889
2782.392173
3114.220461
3228.604463
193.5231363
234.972878
1230.381483
1117.580476
4158.118683
3403.563402
3725.051682
4250.125172
4740.968245
4197.267129
6449.298401
5133.322782
3773.566006
3238.468857
3612.372721
4133.048544
3477.630487
4979.557256
4128.775751
3814.286048
3239.286884
3187.721643
2583.345555
3232.0787
1102.47741
206.7853298
2001.498142
1071.64403
807.8566282
1912.14754
1575.009541
2281.281833
2763.910337
3025.71829
4317.670043
3721.14913
2750.506631
2787.869483
3678.884252
4251.957857
4458.288046
3210.801277
4151.158701
3934.99418
3640.478775
3787.832777
3768.730835
3472.251538
229.1612559
4153.739244
1124.583774
1689.832075
2440.856949
2828.800252
2766.025752
2583.541866
2690.101135
2905.785246
3303.049403
3098.398684
2392.313568
2998.181698
3508.353103
3322.325725
2990.203442
2680.036726
3017.447343
3490.808275
3108.582984
2354.301794
2420.511887
1767.673921
5904.230424
1017.050447
1242.01651
2691.057631
2292.401821
2151.270538
4102.952051
3730.414994
3721.855761
4015.393202
4250.460838
3424.803108
3492.975903
4392.564272
3425.193615
3380.415095
3257.79359
3808.251975
3373.618434
2410.33574
2721.592572
732.7110833
305.1991725
1494.292032
2229.105768
2258.953672
3437.353128
2208.424357
2211.793592
2166.038153
2589.517017
3324.837051
2605.115236
3512.329904
3737.939801
2548.262135
1867.560225
203.3619933
1346.063035
3807.80964
2998.76541
1407.944476
2518.250614
3054.468691
2602.944892
2418.197554
2349.485614
4013.038727
2223.210722
3868.947971
1594.373417
2652.866381
2215.775331
1337.319931
3586.573589
184.724802
535.8578913
4659.042809
5322.346447
909.4828248
2928.135213
8046.413872
3332.489745
3954.093588
6660.665139
7951.393317
7835.408421
8259.819399
9018.763016
8024.918651
8562.546213
8508.708551
6165.660824
6141.911121
6575.971672
6391.736639
5480.654373
4752.665066
5000.342792
4763.503587
4619.334944
4051.144039
3879.30265
4412.707472
4239.048075
3816.781621
3517.211878
195.865493
3015.309332
1721.718504
3101.821399
4202.411947
1749.378816
4625.30037
1246.842504
8079.118093
4182.008195
4045.453974
6520.248315
6882.43625
8154.224604
8964.611757
7829.488779
7733.2913
7332.648399
6521.92734
6015.354005
6188.159766
6006.815822
5603.988812
5330.048132
5225.001614
4468.612323
4429.884653
4480.825976
4028.238312
4601.057193
3733.85343
3402.513215
3645.834575
930.2032791
1738.747809
2304.854331
3640.545466
7900.295438
1934.406503
4534.669269
3824.172746
4771.762503
7211.573255
10100.13636
7476.127961
7932.477219
9251.266124
7141.026965
8125.227611
7849.485595
6114.244569
6097.980086
6237.850894
5439.262015
5038.193016
5526.859508
4715.211185
4516.870007
4507.529466
4562.826731
4327.721554
4200.999297
3318.38069
3418.698456
3825.003966
3176.686097
245.1348345
242.0194853
1838.482925
2226.129088
6468.905699
634.2788517
6095.268683
6690.166444
5954.699564
4812.516501
6405.771963
6013.255491
6927.864332
6867.660966
6796.643018
6943.737689
7441.08024
8147.799062
7593.335344
6737.749071
5438.546289
5189.436765
5541.587257
5299.919376
4851.351222
4326.818565
4096.008179
4208.083746
4038.225998
4184.397089
4256.919588
3761.613566
3318.238101
194.7235174
2277.833482
5063.846449
1623.674688
5751.691339
5907.493981
4978.429641
4942.497599
5417.574637
3708.715811
6017.060127
6268.440864
7453.007612
10198.52215
8149.589659
8068.054688
7369.806361
7442.1652
8149.095015
6952.228487
6676.627799
5926.960931
5817.052949
5576.413328
5533.308317
5527.649642
5552.549815
4411.646481
4025.702229
3671.692031
4315.816965
4301.702487
3545.852065
273.959853
1254.491938
758.0958283
2764.536954
1852.844131
2595.984569
3083.597312
5005.659238
4468.525667
4460.920341
6839.299722
5931.970579
6407.236695
7364.809427
7935.326247
7212.639992
7996.142008
7903.744149
7315.038629
7217.233866
6705.136263
6376.268635
5358.228166
5306.892909
5335.121858
5037.376316
4817.109827
4952.570935
4370.151248
3986.811004
3171.795968
3575.963222
3605.338464
1869.024498
1588.541478
1149.352987
1195.244486
1522.166279
4427.265332
4077.365532
5078.260761
3355.785297
4446.272959
6630.477851
6414.002156
6547.752583
7850.865753
7308.974315
7298.959218
7634.926513
7655.334936
6709.421335
6991.844556
6206.459495
5686.469733
5106.22465
4625.59173
5236.983092
4128.074037
3931.714004
3922.521407
3359.21476
3495.862947
3552.860264
3327.908289
220.5631949
4026.936839
2280.271748
282.1175914
1314.813918
3159.049613
1060.02023
5823.733694
4533.391649
4251.082718
5000.376246
7031.653459
6108.847436
5844.407788
5853.186926
5521.196801
6533.445555
6708.895037
6207.220416
6101.047781
4413.019998
4963.740031
4414.462121
4633.288318
3812.036975
4544.720956
4519.437507
3683.567192
3662.767645
3675.902928
3119.638417
3156.212218
1322.781878
2091.218472
1640.626777
5210.443824
3695.188151
3418.388788
1055.97968
2488.319822
3377.554542
6480.771756
5965.140287
5774.023458
5996.522484
7373.700107
7023.718966
7837.880272
7822.752724
7217.466487
6307.914888
6801.550475
5440.238747
4780.872653
5011.122679
4990.962869
4715.281387
3798.356036
3858.705181
3779.025969
3525.699696
3705.171549
3882.927034
3842.336903
282.7900156
2891.651135
1671.094331
574.4691062
488.4849913
2260.300046
2554.594725
1964.241297
4703.290638
5443.47664
5980.447055
5665.789871
6487.745946
6597.121623
7498.005846
7880.759446
6794.865598
5845.650226
4586.79182
5176.677474
5738.475381
5193.645518
4903.784388
4555.062867
4604.142059
4230.104301
4402.765644
4209.792596
3764.698538
3370.462293
3826.085098
6071.865243
647.6929983
1142.750007
1008.147831
5255.800216
2425.269681
5532.688213
4674.606137
4204.065915
4295.168756
4873.27372
7136.23423
5735.982919
9412.892962
6611.459143
6579.407072
7226.198301
5874.857725
5814.480491
5469.423095
5094.192857
4966.560501
5171.805701
5133.024928
4489.344885
4190.147832
4336.252739
4569.248739
3753.000612
3579.777398
2824.597675
562.728797
541.4978722
1645.43739
2355.779513
1901.987636
4510.684059
3942.605701
4285.189263
3660.533141
4841.086365
5440.208943
6447.264313
5960.110339
5390.846545
5056.144108
5462.422684
4989.018301
5402.755098
5645.465563
4948.057595
5274.836184
4027.429886
4654.779741
4681.800951
3755.376904
3740.984056
3586.78487
4521.040854
4280.685859
3784.306031
2690.249563
744.1385365
3121.640524
643.9291708
1524.515904
1783.857745
1429.637243
5231.181449
4050.342736
5421.81261
4611.901142
7453.635013
4525.045352
6755.129056
6023.617639
5858.681712
4963.87942
4864.967499
5494.690456
5450.908138
5400.649763
5040.947735
4436.419171
4910.379126
4367.21706
3757.496114
3339.963547
3615.000315
4038.075598
3504.692522
3986.488485
1365.531628
3226.684629
2729.65284
7099.32446
5779.80096
3430.047716
6529.941917
8019.196326
5065.160807
4341.363947
5976.588955
4630.442999
6132.361617
6158.689092
6801.140848
5606.89766
4423.691932
4345.587299
4438.026615
4219.24044
4375.182264
4652.053304
5090.969197
4681.624436
4929.459239
4022.295724
3611.783126
3800.483839
909.6783728
1383.684152
3018.988017
3606.20511
3380.312198
1985.898211
2925.482774
4165.599738
4244.798473
5154.619229
5789.092023
5111.015549
5287.735862
5739.917069
5355.503135
5487.394746
5408.641148
5745.734391
4941.061387
4847.216152
4734.736953
4293.43026
4057.988477
3962.898787
4831.332849
4277.529802
4340.941628
4048.517662
3361.980831
202.3108535
443.0650135
1127.281859
2637.553984
2039.686933
1298.026732
929.3938553
3664.957855
5083.852727
3469.465004
4001.874997
3145.383072
3985.246146
4415.932384
4568.298349
4976.581567
2768.18892
3954.926004
4386.923573
4332.291527
3933.622836
4139.99788
3806.389428
3824.127996
3699.626398
3024.768483
3217.601727
3535.717044
900.711892
3039.53282
4817.631394
1095.377335
2536.642978
2314.213758
2510.719679
3460.410795
2166.935306
3389.98729
5137.883644
4671.142419
5803.262554
4763.906647
4716.493727
4284.384451
3814.164487
4769.449232
4210.766468
4662.276064
4426.641004
4121.316994
4174.667822
4162.275123
3458.104934
4181.474434
3384.57456
630.3693566
3226.578418
1290.404924
1049.894033
2385.363199
2166.561622
1821.211837
2108.877843
2826.63306
2668.255352
3992.83926
4123.451813
4040.374724
3149.864086
3866.204101
4273.448847
4401.563186
4422.208837
3439.87022
3802.568075
3782.568214
3473.761915
3749.638186
4056.069877
3810.207236
3468.106891
783.9928022
288.705829
966.1754675
4438.867921
2098.982143
2088.055181
2843.484922
2023.557724
2853.429844
2936.994239
4621.547129
4217.613255
4596.325124
3611.666374
3341.540882
3725.551838
3797.445177
2963.541635
3356.727787
4017.481489
4499.703614
3813.050127
3386.010572
4101.556938
4088.283897
4984.598551
1391.338086
6824.999315
3550.508963
2719.703605
1647.408878
2482.214084
1827.759503
1827.94726
2873.658312
3753.716331
4598.516119
3940.68579
3929.421346
3512.662736
4014.178845
3779.377552
3834.137528
3353.41977
3384.224741
3531.911525
3617.144763
2705.954722
3189.635315
548.9626732
436.2603352
1196.229396
1018.062587
1346.835643
2385.449269
4137.048476
2267.813242
1634.359772
1691.790516
4235.178942
2026.398376
3340.751869
3116.547322
3048.705979
3324.358969
2845.498732
3171.157339
2546.820777
2791.527529
2639.072411
2833.740408
2194.780268
216.260782
2846.86763
3339.341196
2551.594834
2604.051342
2247.357258
1706.26574
2296.374971
2913.661911
3123.266874
2265.135209
2125.356647
2035.488204
2369.19312
3278.640028
2176.170538
2482.275436
2739.618858
2803.315588
1940.891165
1555.73014
3632.10342
2654.57465
1354.573128
1241.403587
934.4771505
2542.323889
1623.439651
2141.478845
3020.557017
2833.757622
3082.192637
2057.292355
2050.199901
1098.727634
1966.027625
1678.458138
1062.516317
1514.499996
1696.612201
1182.18993
873.5067388
1455.014043
233.2803739
2942.188584
224.2289074
1347.366665
2585.509506
6477.179634
1816.887092
2026.424179
8458.477652
2193.463751
5810.18799
6714.136442
7954.613899
9026.355146
8905.13615
7699.469526
7149.076598
7745.942505
7502.786024
6826.175968
6637.665824
6393.961002
5333.988235
5111.653077
5410.373774
5201.378267
5098.123806
3817.750229
4323.500251
4405.462541
3999.800153
3862.061078
4081.270752
4092.999119
204.6831986
227.6359354
2550.571649
596.0282143
3791.297157
2562.298022
1179.941522
2952.647998
4137.349287
9796.857138
5649.14813
5839.833393
8097.508543
8773.485084
7527.633696
7854.367194
7793.422113
8196.362714
6970.622144
7103.054526
6598.708085
5954.388018
5818.972686
5695.412782
5519.451332
5382.668692
5138.148885
5272.894435
4497.139703
4610.945552
4786.370968
4003.480765
3593.900413
3422.311082
227.6338164
1766.884629
1008.819787
3720.130023
2606.774539
7774.645499
4662.031759
7188.333733
6699.950952
6280.69729
8552.892738
8919.549495
9115.231705
7432.006617
7668.230869
7716.203219
8196.889688
7899.769095
6755.205424
6638.104386
6731.160488
6349.472262
5929.723835
5044.399204
5484.949024
5215.867354
4164.47165
4263.602762
4206.395718
4466.384635
3620.78939
3574.839221
3573.76513
3677.696715
223.217599
199.986953
199.9125912
1408.688817
2712.406843
6539.228435
3022.819835
5951.819652
5878.802389
8676.222451
6219.294186
7758.601279
7344.496962
9685.179179
9105.733735
7777.908239
7739.265641
8295.33189
8777.814985
7532.444641
6852.942376
6006.27939
5921.823118
5564.637218
5418.40476
5188.203456
5334.99431
4294.334309
3999.073955
4565.981293
4677.252694
3892.08299
3678.331706
3883.690554
2598.941429
229.7247686
1556.377282
2889.503944
7353.994223
4208.772187
6500.201766
2492.550031
5381.231452
4133.938223
5405.220548
7280.534853
8094.490621
8649.98057
8555.022618
7764.836834
7762.317246
8858.581399
7952.877236
7365.653411
6600.538938
6640.29999
5860.80611
5885.616277
5507.483314
5382.913352
5167.634804
4343.790883
3985.366251
4212.115389
4419.873477
4285.588282
3841.016242
3610.100103
262.6102937
289.4944592
781.0578472
7406.31148
1921.403984
3277.281406
3545.729562
2838.952562
3700.61383
6662.095096
5186.783475
5867.064346
8494.376362
7895.026703
8623.836288
6902.262767
7943.847611
7812.418295
7948.794674
6964.028896
6482.904341
6388.589239
5798.387727
5738.931496
5342.788472
5040.25136
4587.985748
4374.508133
4560.841674
4395.725272
4305.296526
4391.661778
3877.637808
3208.160517
3355.970937
536.9730967
2333.471794
3077.660264
1426.346943
1327.209867
1461.915605
4305.049668
4622.856446
4317.925591
4095.899049
6411.202121
8891.31547
7891.441786
6656.867747
9281.815245
8883.751919
7011.068592
7647.057133
6765.02406
6158.67414
6447.731908
5355.23158
5011.164901
5181.532442
4587.079307
4640.04112
4498.956414
4702.437263
4292.476418
3819.808449
3974.414422
3398.911981
3556.898713
3514.412369
414.3288217
2724.694649
275.1337792
696.2467344
2447.155849
4817.960696
4234.592152
5421.616318
6023.649242
5709.017482
6292.466173
6254.69047
6384.115631
6217.399935
7431.963223
8216.724835
7085.091281
6806.033607
6296.100531
6113.684986
5490.281396
5418.003058
5654.359703
5467.294326
4699.079998
4909.812558
4037.986312
4094.179538
4539.835445
3895.673932
3548.417763
3339.556298
3182.15888
5112.890011
1736.973538
390.1851803
3113.189306
2699.025818
4210.044909
2640.338379
3174.544833
5441.665659
4792.049401
6872.830298
6799.948817
7272.743241
8404.609059
5846.628839
8218.491285
7596.637722
6649.886328
5960.638949
5276.913701
5083.789431
5002.992067
5112.171689
4337.165325
4896.66027
4515.802629
4002.971359
3629.023997
3523.795612
3832.974318
3853.680495
3539.860313
230.6880772
761.6612497
2480.252865
1184.829552
477.4644739
2333.944463
760.5979652
3940.535245
3785.166884
3134.117677
3146.236631
6031.657106
4972.17704
7589.809128
5743.168805
5392.673218
6570.775028
6740.960484
6564.021173
5774.290616
5563.670156
5851.929956
5138.146951
5431.463581
4849.31467
4105.470437
4348.669183
3837.968007
4083.740803
3677.770192
3820.533431
3517.36992
3450.17266
2331.460758
1365.966578
2733.23087
240.1595175
2497.503006
4425.288109
2407.596539
6071.170889
5173.703659
6740.125253
3472.478891
5675.081
4966.090569
7817.243619
6803.420933
6752.238288
5815.600342
5252.152531
5427.535548
6658.913392
5184.343605
5240.2635
5675.216049
5578.86291
5067.9083
4855.06679
5087.071631
4072.939941
3960.709068
3045.1882
3070.036722
3619.985341
1411.215429
4898.255315
1320.702214
1537.850312
4421.723832
2203.751947
3500.463706
2972.052462
4441.405461
3755.421619
6183.842422
6201.406945
5510.914039
5932.062533
6103.681206
6767.23187
6565.302899
6924.782476
7160.060375
6545.656512
5897.622351
5983.216681
5202.995315
4728.213951
4134.837565
3819.388708
3616.049234
3677.380664
3508.604901
3919.451923
3400.936981
2936.968693
1476.841863
3561.931302
1858.020366
3704.396597
3674.601554
3650.924982
1709.568348
3423.379927
5894.405633
7330.93849
7358.831835
4248.216072
5529.414428
5256.906471
7299.931351
5931.848106
6346.39564
5035.613444
5141.918789
4813.307831
5449.704048
4181.92252
4409.017202
4383.785685
3923.073252
3396.643321
3693.793873
3781.625692
3203.850971
3509.577219
3313.763631
202.7454624
1463.345979
6819.167195
1588.133715
3502.638188
5799.370992
5889.349702
3439.028459
4447.305494
4745.849058
7212.01658
3420.508391
5605.925194
3428.21042
4940.261808
5357.137007
4820.566711
4466.833583
5850.043509
5111.632654
4557.841889
3865.511139
4468.870108
4370.890318
4353.598442
4419.051976
4261.036053
4813.464401
4443.063983
3906.899074
3933.491548
210.5651684
1294.876671
986.2543716
1813.537512
2685.025336
1186.225629
2565.238452
2597.204641
2990.242339
5022.045217
4303.633733
5849.119336
5723.304924
6025.762742
4611.495464
4951.369551
4505.233623
4004.078257
5856.756068
4924.742498
5050.032126
4290.222965
3619.179069
3973.849426
4571.241337
4648.961363
3681.21995
3559.578296
3182.41293
2937.163733
479.0947756
442.2256205
415.0759371
2734.609258
2495.735764
2407.684192
974.4031682
1656.866629
5077.348481
3506.56472
3329.477854
4644.127544
4752.897659
4413.413281
3725.397832
5035.364688
4533.57979
4254.858444
4773.947303
4071.454566
4176.539375
4715.825842
3093.793069
3587.96764
3876.777354
4098.129534
3751.81592
3335.836309
3133.770629
218.9157678
2520.00622
339.0751127
401.1607588
3946.974122
3577.10936
2479.560858
2654.814466
1588.139561
1707.938794
1994.009208
6162.809423
4814.479201
6343.027297
5998.700883
4173.971574
4175.544517
4213.584381
4449.874796
3837.839378
3752.023543
3594.160887
4623.330657
3689.430526
3999.614774
4476.582864
4194.45826
3544.963516
3659.055159
1084.208063
628.4220586
1337.69478
635.5491932
3340.05936
4390.290298
3826.005054
1000.22323
2302.102481
2283.011172
3755.372441
3338.420671
3829.702055
6619.072712
4550.837331
4688.819161
4580.525445
4606.38586
4121.2933
4198.832346
3850.508048
3842.24999
3953.925984
3194.410247
3701.939373
3953.369073
3657.866401
3432.537866
1337.046157
742.1408686
911.0046315
2562.482092
5449.795731
1356.679472
1673.14571
6510.044739
4343.231672
3630.066936
3594.694081
2912.344528
4717.836685
7050.659868
4058.197157
3456.1655
4424.050811
3975.285689
3538.177661
4418.231992
4194.871346
4200.210892
3625.133103
3236.929027
3450.237947
3218.924418
3418.119003
1618.318398
455.0632441
2930.471757
3353.586809
3109.624534
1741.547222
3317.47397
2646.737851
4095.300198
3366.853753
1716.334254
2610.237732
3676.910814
3521.829581
3106.780522
2052.960185
2825.152519
4428.752279
3495.469081
3294.356287
3262.116892
3549.067552
2971.035234
3199.900834
3399.583626
2816.920967
212.9913521
215.7268673
1809.576516
2490.086222
1479.473647
3414.302683
2809.928808
4489.795405
3654.546215
2906.636353
2841.926802
2639.785785
3228.423308
4030.273911
2273.54896
3156.716832
3261.971426
3598.810523
3263.313172
3020.869451
3538.941262
3426.278233
2831.748968
3322.264002
2806.78399
1280.28808
3819.884774
2604.234003
2255.335527
1775.853174
3867.789064
4347.031607
2919.345486
2593.006613
2630.196913
2069.908707
2616.899923
2661.203588
2857.091098
3663.552902
3822.910386
2912.776653
2414.112045
2263.946908
2550.518173
3546.992436
2875.347855
2867.737426
2572.988389
1693.152609
925.0730189
952.9517601
2680.232284
2679.398313
3828.054833
1285.064213
1617.205078
2904.75956
2808.811746
1872.287445
2509.518686
3635.369334
3330.801953
2883.720623
2955.041251
3550.615452
2850.070751
2774.750029
3490.848145
1593.672034
513.2833031
1079.824536
929.6035066
2760.044729
1946.525055
1284.712915
1488.870121
3592.197711
4283.162108
2333.483894
2043.363186
3077.797626
3607.581079
3216.115449
2507.762345
2249.120315
1556.812074
1248.266435
2984.789123
2683.73887
1704.154165
2052.884046
3301.371648
3462.593022
3331.524324
2812.069203
1862.341759
1847.595118
6848.793839
855.4467224
3619.660862
2824.957084
2234.099877
3015.412302
6495.827826
4539.037295
3522.303577
7106.643652
10689.71092
8565.289775
8061.637868
9445.215742
10404.75947
9025.015355
7439.458485
7392.423604
8396.385595
8078.770142
6524.14679
6245.820792
5844.708554
5666.542756
5782.742683
4839.898101
4687.001972
4304.798351
4863.319037
5268.041877
4371.197678
4093.909048
3961.030347
3207.58992
2371.370612
188.4003001
2135.586578
1373.695173
314.3386458
2094.439658
3445.067193
6389.532071
3592.867107
4371.097414
8025.017525
7441.333832
6242.071948
7361.524179
8487.665865
7837.239008
8589.432136
8519.626712
8250.638845
7474.79849
7333.535551
6922.694876
7000.176169
5835.672887
5908.295684
5291.585225
4957.297629
4439.517591
4862.946814
4629.885801
4574.770192
3631.941967
3346.359655
3334.499486
3553.443933
3792.047047
201.1398939
197.9601758
3712.684603
3946.80927
2333.902674
3377.311759
6179.121058
6509.914105
8259.458224
8549.717749
9594.177298
9374.516261
7998.050264
10329.31071
10099.94139
8993.871579
8199.485002
8553.822967
8685.839898
8526.486019
8545.699523
6800.526532
6009.310584
6099.244262
6126.356262
5697.142991
5247.995671
5052.794008
4865.466014
3983.694047
3416.910217
3379.47768
3665.788893
3874.149702
3770.933155
1448.483594
237.9679962
988.6430069
2656.431923
2861.190603
9022.640062
8083.58471
3845.749592
6838.60612
6449.634106
10943.47549
8869.554156
7956.018636
9068.98072
9156.375474
8956.027587
7274.660299
8627.494753
9372.684581
8089.242929
7011.03192
6924.923616
6098.107836
5489.776476
6113.12779
6149.344518
5333.401537
4377.12196
4648.078322
4593.333221
4312.110224
3892.70341
3869.738542
4117.977344
3789.008376
232.1308191
1730.230688
399.8941032
485.5066025
1647.94671
5950.763766
7768.502509
2518.948872
6058.584475
6277.547371
6456.133879
8871.958411
8705.581644
8689.965303
8398.05192
9376.642652
8040.010792
8466.278774
7967.422393
7329.888678
7082.276813
6129.163645
6021.732765
5410.575647
5324.383836
5965.114689
5696.958316
4169.622564
4579.792135
4563.856444
4294.095923
4162.909037
3472.941292
3169.566674
3245.827047
1787.466793
2919.701959
966.1782136
1679.006367
5887.03867
4579.498945
4252.230165
3955.791996
4328.779824
5328.547277
7328.599921
5852.692598
8755.251534
8547.827875
8667.619961
8077.804145
7817.161503
6683.045989
7798.997916
8313.699211
7371.195961
6785.913206
6706.115722
5836.335921
5381.30039
5610.49878
5560.317888
4551.919326
4457.728057
5206.771344
5151.358601
4017.309104
4257.097167
3926.096118
3786.898543
616.6535516
889.9100936
1135.179482
1271.303827
5194.547864
2959.905286
1064.573693
2141.403651
5030.836093
2797.060607
7981.787015
6866.21412
8125.916764
9488.756908
8388.049957
9111.470677
7155.550455
8026.635473
7335.016831
7427.603899
7184.278002
6826.030987
5848.495862
5982.784436
5331.055313
4904.634049
4995.946457
5545.080536
4203.21281
3481.62915
3067.666523
3647.45067
3484.55046
3079.236087
3251.829848
518.1848614
3507.417229
236.7668689
3735.177973
1004.062778
2676.880051
1672.121053
7131.123918
4843.796406
5316.079886
6725.749466
6832.485656
6124.157054
6067.637643
5327.772855
6904.457174
8479.607753
7622.598516
6773.773985
6307.450754
6146.770784
5821.541703
5229.634293
5056.834769
5180.456948
5274.968631
4567.082397
4563.021487
4213.55693
3418.492496
3615.649005
3380.509727
3192.763003
3549.185906
1278.265968
251.8819526
6645.650432
222.5640676
377.3035022
4599.461753
2801.425402
3708.533853
4452.257313
5200.804484
5386.590573
6910.39785
6901.453721
7546.484132
7596.61883
7469.552135
6095.577199
8304.376159
6775.629448
6734.648702
5999.41281
6294.06853
5953.82832
5262.664026
5049.661588
4434.786668
4689.996018
4363.542611
4154.493542
3379.659074
3841.893194
3810.770016
3510.096787
3582.215988
2144.806015
235.1988912
1937.036411
4385.886967
3063.093766
2230.637548
3786.38272
2712.934388
3238.208286
4138.219943
4089.992513
3867.122271
8505.339242
7833.898694
6812.829665
5476.670588
6861.575032
7297.860503
6773.925976
6370.014425
7140.935471
6070.535424
5535.24424
5066.433981
5746.028611
4576.640396
4664.22422
4093.406584
4202.133815
3747.368033
2978.90157
3609.916336
3668.713666
3409.425284
187.7116762
1879.469615
197.594003
3464.072597
1360.81359
3463.302839
5768.674077
3695.664955
6621.736001
5826.837145
6340.698879
7547.9189
8666.978267
6754.871819
8198.856608
6553.165745
7624.692919
7012.987274
7114.894094
6364.151728
5762.085332
6585.563915
5878.208796
4410.865208
4194.83078
4169.7695
4506.358826
4220.288915
3879.065241
3898.971765
3188.495997
3651.916783
3985.210346
216.2710643
1733.010437
4605.575293
1900.167706
4494.695739
5561.188272
3631.369816
3354.386391
1908.706567
8172.290557
4719.643207
9173.857173
6565.612331
8322.850535
7091.654808
8642.451455
8291.448905
6935.063651
6413.252815
7535.393671
5634.03313
5534.720488
5311.289424
4389.647011
4423.246948
4322.471154
4263.477319
3958.136737
4187.919124
4439.125769
3897.259863
3516.294081
3267.614675
206.5906792
490.1979519
4274.440426
1354.062612
5224.598665
4593.381784
5330.764562
3861.508529
2694.553975
5200.928703
6083.740706
6065.282348
6106.480455
4750.339336
5221.942629
7267.650232
6320.970236
6439.940385
5631.253239
5058.704832
5397.085825
5907.33853
5736.135434
5503.254771
4442.878068
4074.854544
3970.124085
4263.259683
4259.775611
4004.227829
4005.568258
3676.798934
3695.980407
3108.670941
1570.899606
1379.685866
3240.922746
1573.588735
3616.375391
5318.775881
3083.479134
3874.82571
4882.336713
6558.611337
6249.468487
4789.642485
7111.266776
4521.032263
6416.814354
6015.138939
5585.535636
5718.167157
5636.125744
4992.720944
3771.840577
4848.505227
4947.733006
4342.130077
4585.424658
4422.381884
3798.837036
3135.498275
3666.493093
3367.707863
2885.365954
1283.38008
853.9146435
883.1312765
2058.941195
2687.221046
944.884968
3710.09767
552.896652
2011.566909
2269.760886
4273.814599
2944.285011
4107.189927
5496.477326
4573.562858
5160.452256
6051.824193
5423.454379
5798.610236
5607.990135
5006.050758
5116.868875
5176.459598
4082.515732
4019.12316
4973.753444
4885.835489
4208.456392
3183.914347
3285.493317
3517.583008
706.8142385
582.2390283
1172.827871
252.9683744
2526.745404
4366.585987
3143.759325
3605.454622
1725.196009
2863.818323
4127.141181
3278.482489
4423.323498
5481.009921
5860.843179
5343.618345
5157.590172
5597.276752
4924.637159
5076.604015
3653.175964
4920.256104
4610.625333
4749.316245
3987.261954
3678.523497
4573.899571
4068.291537
3564.998586
3127.007742
2715.956474
235.7286129
459.5145843
234.2752342
1508.58106
240.8131154
3041.497538
4091.606841
2814.713903
945.4182805
1977.952158
2638.048496
5545.209048
4029.00058
5326.032544
5295.060116
4729.875832
4873.074223
4107.957195
4599.362637
4380.239708
4755.06722
4685.629184
3699.717761
4126.650637
3926.07936
3471.688396
3840.019088
3634.428567
3338.259792
3178.678204
1144.477791
555.8474765
568.5692293
502.0543013
1821.522656
3687.613664
2470.745514
2411.579683
3721.633657
3945.703589
5324.329027
3964.330865
3816.003557
4168.99971
5024.294436
3517.496162
4017.953493
5475.313616
4938.950138
4156.326421
3877.918212
4191.826572
3934.640078
3871.974537
4288.174281
4162.818085
3598.172557
3587.153488
3258.333929
226.8636075
4025.870015
940.1275466
572.2763017
423.7978134
2361.57123
1166.139571
1713.64274
4545.703871
3666.883996
4451.583306
4880.882738
4042.250584
3447.873646
3377.964404
3384.125978
4085.320921
3079.430303
3952.605662
4764.499016
3367.390499
4188.713504
3664.880398
3267.687226
3028.957136
4181.132285
3826.557165
3360.308264
3400.821986
2100.216815
211.1923696
1940.27896
1446.692692
1075.392166
2259.400959
3168.737361
1995.507702
2321.194037
3795.875106
4032.061088
4084.679805
4888.168643
5773.142262
4321.131953
3694.557403
3731.353148
3737.791076
3769.985055
3977.772812
2859.344505
5401.678287
4791.051961
3946.456868
3465.018051
3644.881635
3860.584733
3033.652809
196.5469559
891.3524763
331.32123
1748.455424
2071.875834
2561.820424
1780.685781
1610.695824
2473.24282
2988.134157
2594.634748
3941.275515
3734.229698
3831.375638
3144.63448
2472.925149
2660.316574
3702.503175
3237.990364
3746.589074
3301.842028
3081.815019
3548.329496
3437.17691
3323.867503
3472.334556
3128.126001
234.0022459
349.788861
1723.160879
4090.955948
3438.443083
3874.635804
2699.862216
1384.867966
2249.647904
4106.63805
3292.219403
3115.576101
4300.847272
3669.695656
3196.812285
3647.523183
4166.669929
4013.650161
2970.869574
3366.080632
3021.341022
3694.423725
2892.810913
3308.790819
3185.476294
173.0569302
653.6260892
1423.738379
2010.420588
2522.545689
1568.265507
1321.647967
2441.674917
2861.117023
2551.363353
3809.104173
3841.609426
5103.545447
4135.236596
3802.382006
5192.915428
3987.556242
3392.866264
2716.757869
2575.91797
1819.546783
2554.525768
2654.908467
3306.975717
2668.490039
247.3170835
2069.913151
539.4403208
550.9493058
1882.04628
2050.199884
2230.886697
1183.919568
1831.14415
2252.461565
3440.376187
2549.443394
2313.886117
3101.537219
3002.297891
2698.659538
2403.457044
2044.621659
1387.783312
1596.874694
2384.876399
2754.689843
985.6372486
508.7619109
1624.054443
1754.386499
1729.789382
1460.570821
3026.932747
2444.753525
2094.032683
1842.801872
3004.886964
3809.387005
2335.701966
3172.844275
2274.482722
1813.306477
2535.793549
2489.585618
208.4352741
379.1118324
926.5966445
1385.029865
1016.976045
1582.480492
1982.004563
1603.867233
1477.651986
2206.085081
1935.213247
1811.79769
2697.068071
1193.620986
1232.312774
203.1242687
983.1466021
2364.525425
3149.786551
3404.152475
2537.203406
5169.177727
7913.895684
6644.749292
4945.185334
7270.906871
6445.32165
11227.63163
8690.293031
9905.46254
10931.68024
8978.449881
8568.817393
7969.198984
8428.608816
6588.904693
6414.312083
6218.022512
6197.292384
4881.006732
4864.074121
5343.020207
4156.204095
4133.161732
4561.654397
4270.323627
4032.278202
3355.630287
3504.515683
4088.750838
3649.449247
222.6721248
213.6686175
3565.437398
6934.707515
196.4339415
1395.934549
5098.757847
5629.111716
5296.665331
6212.452574
8792.645357
6557.017893
8915.625468
9531.19503
10224.08911
9956.230156
8394.866371
8572.805365
8911.886951
8032.585119
7365.512993
6835.216775
5374.716457
6633.891409
5743.375575
4982.076612
4719.472585
4530.252317
4300.908816
4573.675363
4154.786092
4635.034887
5284.197692
4103.971328
3860.517159
3813.201255
185.8092427
437.6095892
1452.848433
2426.905212
2664.441208
1857.117084
1437.359754
5899.651855
6990.535555
7567.68339
9394.425921
10793.14256
9455.354442
9374.296104
12035.37969
10935.70196
8773.830799
8445.869876
8923.549142
7608.555485
7681.261211
6728.452984
5571.115987
5477.990992
5200.87754
4745.483558
4784.46327
4603.893332
4681.137583
4699.585034
4599.033541
4303.883558
4222.378748
3537.423119
3190.96479
3529.927483
285.6368523
2987.471449
368.0334843
2300.561267
3832.48323
390.1256791
8206.896945
8459.886536
7001.731201
5658.430799
8211.231117
7332.93629
8892.739662
8980.86301
9637.794782
8090.464577
10046.95445
9266.10226
8613.90286
8412.389592
7274.104097
6562.483752
6651.3094
6000.205212
5470.772041
5506.101116
5142.345599
5351.627324
5141.395788
4664.195599
4279.621933
4169.295617
3898.405738
3593.647313
3840.901819
3530.026699
202.4463465
3959.80355
2524.02331
4334.416264
1958.466809
2881.530181
5480.639058
8173.822943
4387.876545
6572.060032
5561.164518
7672.138594
8251.725981
7502.931733
7833.688759
8335.204307
7869.003544
8668.996166
7409.208837
7281.425029
6987.930041
6315.310902
5620.128632
4677.439449
4982.317727
5504.654836
5472.308152
4232.695585
4207.895293
4548.481201
4694.32365
3889.899135
3755.407377
3388.00643
3191.982525
3297.167722
222.5147883
4727.775771
2000.254153
3100.96571
3826.693095
6072.600121
5835.478759
5229.636101
3463.658404
7324.125117
5236.66613
7727.951707
6991.913573
9247.3268
8526.338016
7601.464765
8355.633398
9352.483115
7975.711404
8341.42624
8573.375403
6864.735466
6327.186356
5279.001104
5894.953474
5177.877325
4604.980261
4319.646683
4691.493988
4741.925177
3995.515661
3454.171481
3214.73818
2771.759267
2947.268223
3421.570317
261.9493938
307.1119617
874.5917862
840.8785143
481.856728
5814.998883
1729.447597
2417.203716
4462.605778
7229.377891
7768.475325
7620.810951
8983.90468
9103.365575
8835.265401
6983.785394
6863.815054
7538.883937
7068.431118
7301.227157
7020.619569
7605.165128
6377.968666
5836.750618
4917.333462
5525.860755
4778.456793
4043.338592
4207.479634
3829.528532
3564.335887
4044.50105
4110.332803
4020.558996
4399.238775
3562.162605
251.0280687
578.5292036
5358.081451
1218.294704
612.7402094
929.8807523
3000.321803
5266.956037
5769.694136
6441.83085
6744.874802
7264.503996
6941.675037
7742.329979
9672.706388
8021.4948
8164.953158
7906.446991
7116.979419
5667.686755
6248.308692
6172.647503
4977.495184
5122.137352
5181.819193
5258.039698
5344.603263
4920.245399
4406.923923
4034.548041
3468.765467
3036.316952
2738.212411
3172.67827
3399.418062
1339.541529
716.0239238
225.1230843
5272.248882
1850.568148
5086.130841
4058.486237
5202.549196
4191.150257
5730.31276
4823.120241
7344.846049
6022.721108
8979.750889
8819.980747
8048.60245
7783.29883
7332.738721
7882.303932
6509.235247
6477.396107
5667.780577
5812.221818
4871.061614
4758.928861
4109.67898
3863.942027
3837.549961
4377.724632
4168.961639
4462.882762
4177.761199
4135.203981
3893.944246
3427.138179
241.4663038
2717.686899
704.932716
4345.273647
2598.372183
3499.747777
2566.006295
4850.466117
2825.884691
5184.787094
5205.663626
5209.113252
8446.388574
10533.35239
9000.952554
7923.3854
6332.699515
8010.203305
6557.426531
6812.79731
6428.24783
6051.541201
5267.532458
4822.364393
4737.767774
4584.810876
4279.139776
4025.853244
3652.203504
3339.799153
3617.251324
3885.452705
3702.518699
3899.668787
3347.532662
657.6628761
1048.265075
1336.394992
1306.714465
3429.380496
2835.35132
5171.096564
3714.306075
2820.681115
8157.226064
9100.495553
9467.1714
9988.756267
7779.935253
8141.698111
8399.094256
7337.188828
7210.675401
7656.00139
7313.526736
5803.636883
6787.677185
5623.949747
4971.31215
4133.203046
4469.470229
4480.483463
4334.299382
3835.549304
3567.913362
3492.622047
4036.203573
3852.126131
3561.968644
2840.635264
4632.348589
1945.845085
4966.86926
4196.802245
8443.455044
7094.306687
3449.65152
4713.358612
6827.243037
8492.245731
8220.445204
5960.157178
6487.753268
7748.400953
8818.020719
7549.831748
6638.209498
6396.713966
6470.677929
5698.078082
5235.406164
5393.51858
4944.011143
4503.249572
3526.172507
4652.58853
4299.14757
4336.829669
3867.704954
3336.982655
3302.506267
3770.7602
3683.081513
214.7761145
330.8593864
2000.599338
2414.350306
977.9836109
6467.520747
4925.6378
5906.952007
5806.796012
5197.702071
5756.642635
6900.525798
6503.452933
4658.016272
5718.050883
5597.158909
6466.066191
6435.58932
6598.867463
5520.743467
4570.431628
5700.838731
5707.943637
4701.991895
4463.854561
4030.700832
4082.515245
3713.709709
3426.546318
3748.587067
3459.878012
3365.379201
3295.21557
3371.98638
207.8030896
459.7847949
1982.50663
3527.468433
2968.392791
2001.862237
4808.773116
5982.307515
6271.053806
6032.063197
7495.068279
6150.563378
2952.992327
5426.036876
5015.462335
5894.398477
5712.914561
6469.230866
6413.913499
5179.63483
4879.027009
4020.619533
4956.648397
4929.350021
4257.920883
3935.870689
4288.478885
3843.094812
3796.755386
3636.570403
3386.356047
3262.389635
3004.310072
237.380115
232.5295146
534.6461258
1015.619271
790.5585306
4892.658722
4737.501358
5604.987218
4776.434116
4496.026405
4567.721948
2794.69613
4403.254522
6182.84955
6498.590305
7244.360539
6488.101977
5901.6184
5637.685419
5812.404713
5174.288906
5548.026702
4795.858377
5402.372597
4534.674493
3801.752868
4483.86554
4280.958282
3714.396233
3390.17831
2758.981279
2764.141104
2896.273666
195.0618473
1126.989437
211.7273387
651.2265959
1809.631211
1183.659973
5359.39485
4173.464295
4578.251082
2728.549494
2620.644084
2346.401894
5400.258769
5796.287473
3427.964527
6996.695028
6365.497656
5951.209547
5500.531151
5960.477064
5095.005467
4902.193984
3865.191789
4760.574896
4280.207655
3915.072661
4612.793436
3803.981804
3694.197265
3389.02519
3457.526685
3656.904924
3024.631298
915.1129266
2448.21475
1116.39706
663.6454834
3109.178153
4544.306373
5101.559056
4520.456301
2665.28609
3052.354151
3862.339116
4600.291191
3430.930233
4011.062903
4910.326928
5268.558878
4553.813081
4717.464032
4831.387918
4962.002645
5042.502895
4298.06098
4617.595529
4318.204732
4293.593681
3558.668221
3285.842843
3213.38649
3243.063737
3719.364602
190.7361844
226.3390276
1017.443846
1807.749157
485.2983905
2325.395664
5712.414066
2505.660461
1802.243584
3262.293375
5723.053518
5392.827289
4256.911012
4059.009844
3708.277588
4122.979816
4299.239004
5722.596875
4079.524813
3963.497042
4552.031745
4507.556839
4670.114397
5127.767184
4342.43059
4061.830973
4005.356952
3349.290784
3213.590317
3203.621103
2713.843329
2480.56172
1554.991978
1899.895972
2736.160031
936.0030918
4751.286227
402.1995913
2977.473287
4033.523713
3864.126396
4602.831848
5364.452282
5209.901719
5391.595152
5240.203159
5237.714909
3194.322147
4684.720601
4161.439127
4083.873076
4637.97597
4566.451562
4778.918042
3920.082494
4045.272191
3892.24893
3643.37423
3444.149706
2998.360971
3032.269602
211.6749956
361.0862969
676.2916037
2668.499659
5666.121564
2046.16775
3584.795713
3205.018276
5227.842842
3861.651971
5048.399772
4379.305991
4905.20186
5058.428125
6761.499301
3406.302921
4882.984489
4456.810018
4884.280258
4716.535931
4054.984829
3490.470994
2458.340859
3611.881493
3429.087902
3070.090585
2816.583834
3112.898791
3416.173954
1343.219841
246.0375643
620.2912582
2504.855627
638.1854357
2952.138934
3147.310759
3276.700166
1816.54094
1432.209299
1061.416289
4219.558531
4690.989714
4224.538595
4460.330152
4313.262128
5340.494617
4537.796076
3998.806048
4580.925143
3994.237697
3468.590019
4077.04843
4075.457045
4410.865649
3286.607948
2331.318074
2623.025675
242.6436592
284.0656371
306.3312987
1255.632186
2878.013296
4241.171001
2413.823656
1327.826693
1612.021883
1275.480472
928.1850418
2363.31529
3045.926439
3543.78077
3264.505873
3811.20385
4991.456427
5080.390901
3478.881879
3513.910773
3812.437687
3245.662215
3061.561284
2944.744766
2824.492567
2533.043974
2369.434054
194.6733933
189.9497624
557.5405682
3085.44519
641.7326292
857.8899279
908.3989965
1671.584581
2009.534371
1055.842182
3625.346204
2875.675517
2532.303964
2965.416694
2685.209252
3075.707786
4300.965833
3973.602518
2542.235147
2974.928454
3208.846098
2559.229258
3085.913881
2968.384939
3076.451389
2973.548117
186.6000346
1224.132208
2630.672567
660.4339072
263.3430201
201.2849185
898.4961169
874.1323954
1971.369619
1960.22088
2161.259463
2941.180488
2598.668923
4416.856679
3300.941458
4139.880239
3946.847478
2858.81494
3413.400983
3034.788586
2220.255042
2894.967321
3227.375297
2656.828718
2674.527688
3269.713561
1329.151747
1717.493414
1301.321697
1010.344456
3212.39402
1344.300668
2021.858003
2670.182857
3171.894575
1732.424404
2173.859681
2249.109853
2266.757497
2575.5828
2381.34424
2609.808879
3262.580866
2512.949887
2384.000879
2553.170166
2876.065422
203.6044955
536.1863157
1618.028375
1404.377716
1414.107617
2208.685544
1952.99982
649.4493653
1039.436538
1278.678495
3220.865463
3313.43934
1522.246465
1637.664815
2421.061303
1550.879145
1941.143943
2505.447534
1287.552343
354.2373983
851.1371538
1152.397862
3677.189115
2569.381144
1376.338317
1268.635622
1580.171632
2254.976324
2850.716225
1412.886604
1765.008522
2440.786991
1279.694447
2551.076496
2273.964982
2878.698235
2148.370023
3521.899758
213.0634528
199.384495
190.7879279
2219.847123
2764.389561
3299.211611
3973.345144
7618.203972
6137.035914
10506.78818
9769.526905
9782.898789
7539.74004
10269.65797
7786.034684
9376.699946
10865.39051
8563.22931
8660.10678
7913.285517
6676.885498
6342.741259
6007.411883
5672.692447
4768.036065
4909.790058
4121.136947
4357.37899
5076.812737
5178.345929
4751.623872
4312.473547
4188.04821
4101.347486
4025.20812
3228.754821
3156.878088
235.5792338
332.2069492
1322.362598
1183.115886
4120.556103
8905.296404
4014.726953
6020.178046
7395.921123
8454.790301
8305.66129
9481.714894
9688.26152
9249.07059
9082.732899
10004.5739
9685.334006
8862.963146
9431.859293
7978.726311
7145.88246
6976.221643
6713.174373
5474.604406
5616.724502
4681.558343
4800.21761
4331.834966
5254.990279
4211.225427
4093.884617
3704.729431
4036.603346
3657.506987
3198.932421
3568.335203
3272.998558
1340.302162
3299.272679
3962.793213
3021.161407
3963.245747
3521.018269
3473.838028
5140.724052
6185.921788
5308.414399
5988.874162
8222.103682
11752.24657
9581.993022
9693.917274
10247.11209
9141.774977
9928.309515
8392.291945
8213.528115
7087.921704
6792.673051
6353.450989
6250.589339
5946.466213
5058.756662
4641.627195
4320.327022
4879.038232
4525.389514
3652.507195
4148.466824
4351.886918
4860.212286
4240.486092
3897.451778
3222.184279
3927.170077
1235.75516
4898.683259
3531.13932
3317.885748
1852.945242
1687.563416
5855.292145
7812.940917
9483.265428
5754.228134
8501.712026
7441.163185
10492.73954
9772.087476
11440.41863
9709.877299
10816.52132
8539.274661
8397.035808
7442.106242
6445.449683
6477.714413
6076.284247
6379.844982
5290.798974
5197.683858
4519.721022
4560.987685
5182.566858
4632.557844
4029.431902
3957.020757
3812.468202
4343.192094
4404.415646
4230.248943
2891.760837
310.9974061
3427.845013
1182.179642
3681.273613
5352.754903
1553.869873
4468.059094
6661.105086
6983.797459
6221.775461
9046.509338
7919.345991
9375.510126
8978.901238
7940.262783
7908.518287
9062.332184
10160.09918
8511.630497
7568.051522
7239.912061
6655.910908
6561.458586
6246.696246
5526.518114
4439.958538
4869.503407
4241.10834
4617.313923
4787.786749
4578.944217
4205.314634
3926.228247
3714.793956
4042.809295
3482.285561
204.5571908
206.8589882
201.643898
2138.376893
2564.754027
3374.015309
4087.720101
6820.528902
5536.844425
7021.950794
7373.664139
6886.040571
8218.656844
7784.45915
9743.572998
9655.411398
9668.226651
8115.434597
8347.749418
9108.365859
7668.507482
7409.553349
6423.119421
5599.224934
5695.97276
5621.014039
4697.825844
4184.944039
4567.17814
4177.854071
3648.71372
3295.108505
3853.37279
3681.144439
4062.998039
3951.33108
3253.445019
2521.600049
1049.470954
221.1957359
3104.626869
597.5354051
744.7729182
6827.682798
3178.691449
1231.775773
5117.385107
6044.739748
10185.99795
8600.883001
10022.34636
9339.791908
9769.794162
8506.971592
7882.894681
8629.28424
7537.119905
6917.888284
6831.286895
6644.773846
5661.120812
5351.238925
4851.475337
4617.583413
4518.933979
3691.887913
4095.035689
3883.731237
4033.124313
3933.894154
3675.38813
4162.725797
3005.891957
2897.382103
218.8166808
245.8543162
2318.961582
3454.05877
1571.639991
4015.950801
6436.426385
5211.352785
7698.590735
9545.968761
8667.355847
7089.091425
9551.630225
9885.325151
10626.00214
8461.362512
8232.066995
7733.873054
7696.10322
6918.519731
6894.72771
5890.198653
5295.621048
5354.93694
4795.716605
4462.891372
4715.449866
4459.854513
4721.3029
4530.146978
5112.24488
4204.459317
3859.794757
3783.564142
3554.058988
3592.114337
241.5945774
1804.371951
1646.687236
460.3406564
3066.393664
3978.232726
2609.350865
5227.094209
3155.497894
4680.243802
6691.326192
5884.144408
8900.219512
8792.337832
10213.16876
8015.799491
7771.995362
8883.986045
7355.843595
7159.483555
6280.929387
5790.623998
5736.28703
4296.608043
4831.874732
4910.982129
4328.929239
4973.701067
4985.536613
3645.189162
3728.279848
3653.233374
2872.682287
3242.201866
3045.911647
3122.092884
212.1389596
632.3218881
1661.144782
1676.386181
5953.017559
2850.507477
3671.325435
6350.362372
1920.176785
5387.280028
8377.692481
7582.425011
11946.18414
9454.178299
10777.929
8709.022035
8345.99005
8230.909089
8580.801813
7638.561492
7559.809365
6775.133323
5751.200605
5063.122175
4431.434956
4288.984341
4336.424859
4533.151037
3506.027347
3436.398801
3085.464828
3515.569042
3662.506884
3570.420342
3276.90101
3385.857394
2905.953941
751.1819807
2734.300171
959.8100586
1480.440258
2598.744151
9117.366382
9756.362213
3689.027383
4465.469195
8866.600164
10060.85955
7641.734088
9511.679035
8506.88456
7661.902151
8092.72837
8272.809771
7934.062278
6769.808765
6427.808622
5910.628719
5330.014653
4889.270766
4942.079356
4516.799794
4732.832232
5330.531206
3856.862633
3538.141057
3113.211248
3274.464661
3970.885588
3493.713946
2977.599862
224.0068984
3437.574705
3417.39668
2750.338927
3375.797711
4598.745747
6558.335768
7127.975364
5842.355403
9016.714971
10071.06845
7489.711782
8056.551155
7551.918555
7071.090516
7396.561433
8518.970951
7595.695842
7926.476393
6342.362188
6017.689617
6320.624596
5354.370749
4727.585102
4700.423674
4127.307116
3912.971903
3805.899579
4426.911191
4071.867444
4146.181334
3360.734405
3121.686131
3196.388235
3374.805733
194.8448685
208.3640305
193.3658465
1033.2732
591.2954478
5103.313376
2118.014632
3177.407332
6200.162831
4559.123505
8424.283715
7837.855455
4710.552319
5506.054884
6007.210905
6422.73992
6504.826866
6879.101742
7690.261799
7676.767376
5590.341775
5383.197118
5425.643083
5244.073621
4690.185812
4257.610368
4413.20221
4155.239174
3950.670892
3333.263927
3053.773471
3246.880402
3151.891806
3277.436497
3097.39035
176.7158203
503.9320786
1998.08418
2456.184492
2829.00356
1702.96818
2991.641904
6515.837945
2253.655885
5191.081404
2744.256004
5537.653101
4479.610956
6278.331072
6105.802745
6824.933504
6032.132841
6109.009277
7143.234804
6690.568216
4493.35281
5250.972722
5549.904315
5944.254111
4769.904785
4664.110187
4280.549113
3745.62469
3661.229515
4255.237156
3975.518862
3727.53403
3465.724547
3485.841768
4813.008739
1464.733975
978.1300146
774.7355227
800.1918344
1361.988223
3851.188733
2861.381605
3527.141296
5717.273376
4495.749088
3806.031588
4530.5207
4813.457291
8287.835624
6731.683567
5292.067394
5059.794018
5109.745953
5395.323461
5840.371124
4632.943873
5141.091355
5053.584882
4833.694665
3790.541306
4165.576721
3952.273881
3440.725472
3128.635885
3330.591439
3668.247714
3248.830339
3197.608291
2636.127642
571.6056338
1318.339249
799.4850182
2328.833798
1536.871695
1297.175398
2879.473797
6073.621867
6422.714802
4089.484336
5732.769926
4884.385312
6368.821454
5116.585479
5494.511324
5791.478255
5715.79335
5684.241936
5695.625578
5501.487639
5694.220079
5025.401528
4866.40049
4533.735046
4485.907079
4321.847805
3557.060859
3206.412879
3229.683435
3505.350989
3498.780121
2766.729269
2665.771082
414.2685827
2790.837352
221.4434249
4900.91459
1472.378293
3344.600867
4387.753879
4875.963591
3104.376211
4861.218356
7234.609299
6766.326935
5282.83025
7491.843138
5787.416578
5492.533607
6345.491733
5508.639732
5056.518052
4667.09454
4714.255589
4865.199415
4712.72218
4348.692263
4623.709909
3791.99394
3577.926705
3368.109503
3581.619854
3101.965119
3361.815704
3356.575929
1567.763966
205.1540005
462.9850013
1359.748347
1097.783064
2578.276826
5194.992333
2753.744881
2995.34085
2075.212014
5504.35776
6452.341309
5407.394104
6795.359871
8399.824225
4677.324389
4578.336137
6006.523042
6166.550356
5365.673012
5357.530361
5390.732009
4950.960956
4552.631345
4083.051797
4313.457045
3687.925401
3552.907188
3608.959967
3991.63718
3726.302938
3241.188628
517.2098035
701.3956844
3019.837127
299.5501861
4070.795982
2714.863641
1379.884681
5347.72866
4768.707803
2293.738383
5233.159342
3946.614756
5682.257243
6484.519983
5921.105592
4727.046087
3892.679705
4864.184544
5411.219435
3766.712707
3999.907675
4308.193572
3774.347504
3546.502976
4038.352239
3832.265045
3260.945128
3746.267583
3498.438178
2920.214531
3324.220349
263.2889758
256.1918886
1017.814992
542.3807946
1609.074526
1678.466919
2654.038513
4180.893366
2784.84428
2746.193208
2712.237144
4156.945936
4973.947776
5218.447747
3709.49931
3989.027699
4830.927819
5030.59721
4947.4796
4702.267177
4854.63856
4632.462758
4470.447452
4507.012266
4005.508693
3380.238647
3291.715586
3273.505472
3973.048761
3516.029016
3172.368291
6395.90507
260.2012395
1424.964431
1081.325715
982.6594605
2726.150535
3678.178923
2052.086673
1373.721234
745.1091143
1700.182283
3117.624337
2713.691931
3349.928102
2599.296121
2940.39049
3989.813344
3230.214731
3704.374286
4199.246507
3750.961314
3314.510714
2976.091742
3305.944644
2555.54352
2770.330644
3548.64352
3253.824911
212.660712
214.0350412
536.5804511
1854.549413
2750.954421
1244.495776
2955.650444
2918.761104
1430.936047
1682.750567
3309.398238
3847.401749
3993.092667
3384.078745
2510.789201
3178.924989
3485.962673
3010.227191
3754.457906
3950.716241
3662.090517
3223.26979
2475.841361
2552.283319
2301.29733
2594.301551
4006.665629
3185.299841
817.0140694
553.2198497
503.5985829
1099.315897
3414.045929
2391.40516
1935.19863
2442.044571
2233.130952
1127.014109
2528.706134
1942.857991
2008.725455
3784.189843
3201.496859
3923.482526
2821.912014
3411.514227
3161.395049
3049.341028
3501.482607
2989.855808
2988.925923
2939.877411
2548.869294
2918.806994
3667.298746
2286.728363
202.9203543
217.8412726
1312.209877
2459.264384
1824.270437
2230.547126
2312.409334
2307.580754
1402.082674
2026.297321
2580.259798
3030.581773
2814.928442
2603.88703
1925.503012
2614.669199
3198.654304
3419.028196
4179.313742
3123.81539
2839.661581
3176.695915
2686.424165
2778.779793
3070.604893
185.7599722
203.4749544
1776.433936
1114.872962
1269.901545
1490.714348
534.4633166
1409.908717
2603.569273
2508.934305
844.7038553
1924.37103
2460.054865
3049.735351
3359.683561
2903.598326
2233.068372
1836.663597
3019.921915
3292.737723
2707.399191
2435.294435
2704.265801
2250.482049
2053.648716
2199.745867
216.2381939
853.2231535
2339.503278
1555.807243
1137.554348
1367.471296
3631.47383
2228.842905
1333.543825
2823.787012
4131.270701
2880.569916
3862.738737
3694.03913
2583.197292
2991.090611
2728.798872
2218.108033
2069.941312
2220.529249
1813.649879
1774.819361
184.4502051
740.8755838
1957.624531
844.6986072
1053.720731
2123.124609
2976.222033
1394.46326
2504.491144
2495.604783
2915.726848
1742.100789
2451.346331
2176.045196
1720.890675
2218.238135
1699.667342
1963.121629
2333.181491
2858.825838
613.4794566
960.612829
1197.684699
1351.42983
1536.95888
785.4978879
1648.439814
2086.624121
1105.151912
1401.132583
1227.727193
1522.347455
1975.90704
1163.839665
1439.890243
716.0955494
1969.048105
774.3785429
2230.532689
3534.740331
206.6031067
1022.317591
2348.167874
3542.238466
3363.964664
8422.496368
7370.264167
6538.978302
9600.183655
9642.838179
9242.151674
9410.477896
9771.784538
8654.507862
9773.74998
9475.234865
9147.691237
8297.7008
7759.253998
7965.423362
6745.339698
5347.212913
4565.909995
5211.876317
5286.39622
4624.056005
4074.873789
3739.431072
3991.257415
3762.575271
4663.461418
4729.804119
4404.137912
3916.908456
4082.438452
4756.214849
205.9501816
2744.494735
3407.343031
4149.407059
258.4071221
3551.703887
5277.648989
6328.442355
6227.538243
8222.377376
11850.19443
10128.68487
9091.417988
9581.11816
9724.305943
8961.632392
9560.245085
9832.105066
9225.475106
7863.518734
6696.324462
7390.138217
6081.662303
5385.142671
5266.193765
5728.592398
4339.39164
4797.849517
5108.268031
4655.110357
4925.76651
4070.346179
3778.464036
3464.026558
3123.219307
3074.647114
2905.493722
2697.451318
2860.667769
200.6591657
737.7926963
216.5292396
1971.825931
3073.806076
5677.881588
7063.800249
2434.670621
9002.2148
8344.496726
7655.752237
7475.7497
11325.45075
9754.583948
9657.128713
10147.52461
9717.486857
8527.027338
9177.65396
7072.391687
6390.385028
5907.95915
6450.162469
5883.867203
5726.20957
5774.119176
5466.535102
4706.868685
5218.617298
4594.655799
4493.105927
3790.751033
3950.495245
3593.733104
3517.383667
3839.042629
3907.673846
2361.331265
3313.487305
462.2311068
3021.094172
2346.046997
6255.675793
8207.711461
4305.816539
7505.33558
2776.395105
10826.57928
8178.666445
12067.94477
10262.49015
11177.92845
10065.10022
9792.847747
9835.109675
9234.780852
9774.983013
8106.685292
7792.558532
6552.741096
6644.060313
5622.105994
5404.91349
4728.862779
5262.319183
4488.716934
3941.132353
5099.991444
3612.89561
4238.210843
3568.527265
3628.937699
3924.446494
3861.234532
3890.530312
219.1618147
203.571403
360.2489767
1932.862179
231.5286782
5465.589802
4768.679689
1054.852943
8850.137874
9656.239829
8962.315896
5205.943058
13081.71938
12050.24481
10125.1583
10812.85869
7459.14393
10243.47558
9404.826354
8699.687369
7907.396501
7532.18569
7290.402496
6474.744606
5557.492784
5160.742663
4651.868321
4233.649313
3959.414801
4611.614235
4019.041337
3535.8252
3559.071817
3833.865595
4065.112631
4248.228595
3646.425756
3050.949209
235.3595507
243.2190859
258.2071325
1406.051628
2826.324882
5977.312413
3674.755154
3536.693402
4034.294667
6566.894963
9642.294675
6696.636135
8349.152838
10726.91528
11189.90928
8969.776791
9567.718463
9556.095413
8720.166859
7680.702514
7950.50641
7276.907303
6607.188989
5841.10586
5720.17121
5409.61561
4898.134998
4266.460289
4472.64512
5134.299853
3918.117608
3726.249549
3408.036151
3247.825061
3868.881356
3518.810514
2801.738233
3455.633484
598.0955578
1381.692174
392.9831563
2439.819457
1628.078544
4264.932954
5431.292805
3565.800907
1389.270676
8751.72085
6282.446541
10096.44357
11442.04402
10943.72459
10187.59446
10494.25985
9166.528826
8894.117621
9038.300114
7869.158395
7381.641961
7035.212758
5775.966917
4791.197166
4952.542492
4719.320634
4705.944977
4534.966846
4209.457306
4085.658282
4958.958361
3877.232807
4034.734502
3987.749646
3793.079194
4101.978354
3709.967875
1859.192803
235.7340992
843.7618207
2379.5041
1976.243325
3588.576869
6582.299428
6223.879519
4913.500456
8801.840774
5121.925112
8159.175246
9853.458854
9960.275977
10847.4403
8461.615162
8560.619495
8701.950283
8436.030917
7815.032174
6534.866353
6546.030914
5779.241914
5368.413023
5807.162295
5451.939392
4654.103447
4094.2255
3753.46307
3385.893411
3589.494569
3658.226852
4255.404793
4132.53619
3691.177964
3839.077085
3850.923995
193.5824904
215.8794756
2231.113085
4176.617082
491.7407813
2047.086969
1743.68176
3096.124743
4432.784316
4209.380135
5534.671063
6801.323657
9108.981291
6505.611466
7047.220422
9070.954268
8803.311204
8255.689462
7642.862575
7007.46914
6610.797257
6614.616962
5703.708231
4412.349942
4922.892478
4544.303897
4757.377635
4540.420409
4019.131157
3703.558061
3717.444928
3819.376644
3601.870491
3863.407682
3749.123786
3257.594709
3254.017995
197.7437811
180.7489043
171.8451611
167.3751827
1760.740149
3335.787986
2529.084872
4691.515511
7230.303855
6154.672629
4020.513085
7877.138776
6827.825995
8134.331487
8302.960637
8895.959308
8544.533825
7677.155663
7346.752871
7289.869926
6759.415182
5553.50338
6134.277045
5408.711097
5638.231282
5200.342185
5219.534613
4792.285339
4420.709293
3647.727856
3629.42071
3981.789968
4189.211389
3806.525532
3845.318786
3264.907666
2880.6424
188.2875046
828.2814345
1917.98902
1955.966225
3539.345866
3130.032411
935.6127916
7733.233331
7541.898029
4556.563753
7730.30463
8361.702169
9109.826536
8290.540409
7083.569783
9716.470859
10531.87862
7758.670306
8463.119486
8044.532784
6195.523679
6141.513095
5881.425716
5583.188461
5686.320331
4550.590493
4261.826463
5151.19999
5193.384426
4188.502295
4273.363763
3446.297958
3370.128642
3300.773545
3657.576041
3389.271117
254.1627233
2157.540371
2495.046072
3832.999966
1475.796997
3642.550428
4091.918414
2960.074717
6088.170414
3690.338033
9850.555457
8820.03288
9035.547142
5900.557352
8824.422826
7879.093672
8297.097791
8523.949903
7116.197578
7386.772528
5747.013834
5719.904198
5958.107225
5046.509477
5094.307215
4590.296248
4636.488131
4184.352468
4297.050256
4263.624373
3769.945905
3887.0825
3264.998665
3677.301973
3119.74975
3005.978461
172.9336026
190.0113147
2849.038474
1618.816605
1315.442933
1663.527537
1085.859465
6390.255299
1748.531771
1590.819122
7897.573268
8585.681667
7502.285211
6966.690593
8899.807406
7366.71816
8884.315054
8445.613997
7032.977335
6965.307411
6476.41588
5214.482196
5331.082876
5766.990667
4475.505789
4294.917127
4263.601041
4427.385769
3764.480037
3209.593249
3790.6842
4655.624254
4463.311448
3531.856266
3511.91244
3271.60297
204.433367
1060.376062
4036.252999
1406.968642
392.9660558
2956.418489
2988.009667
3029.292172
6770.985872
3012.947854
5110.866381
6563.882824
5444.218248
8261.806237
6175.32708
7014.19901
8160.939656
7279.091429
6377.33264
7311.846207
6457.465239
4787.059366
5503.947462
4953.383872
3851.039133
3944.021486
4433.69942
4203.021464
3557.842521
3904.79411
3853.127501
2968.780632
3617.915578
3466.181623
3332.08481
128.668872
141.151507
2742.916901
1330.305154
402.7189419
3086.128959
2025.83638
4358.191375
3646.779997
8767.963821
4604.10315
6602.432857
5736.412656
6516.176884
7367.758868
7895.342311
7055.978499
7736.359197
6608.336547
5700.882173
5520.323586
4849.993689
5228.363655
5122.586854
5197.015109
4236.413857
3948.132661
4248.161542
3711.819941
3530.142835
3745.09697
2899.788182
2777.56951
2996.563081
3050.173241
231.2049727
2423.597858
1057.679051
408.2619275
1191.309942
3197.85853
7595.836643
1958.555784
1282.196099
4405.013849
8827.676524
7041.625968
6594.530859
6593.869713
5767.225156
4850.610337
6538.207059
6124.811188
6427.411728
5947.666266
5275.27574
4954.33137
4833.738014
5091.91908
4558.808871
4739.319058
4404.963118
3966.282223
4770.86047
3500.731307
3967.314907
3303.741258
2918.333152
2853.526472
2366.234248
1297.906919
908.788568
2698.043834
2177.124416
1966.864977
5326.687255
4538.049994
5138.210843
6674.715139
4845.030559
6308.591794
6911.535373
5975.65258
6045.150724
6971.448084
5986.077135
6363.15602
5892.016728
5936.902877
4934.708168
4809.206765
4845.165681
5442.404092
4858.159081
4891.386177
4791.817923
4153.686684
3825.890094
3812.613096
3852.59657
3664.783439
3524.042956
3232.870771
255.6782562
769.543481
666.2820496
2000.200369
2908.426497
1434.66569
3497.60311
2163.088101
3333.410752
6515.342653
3048.909542
5741.442766
4995.176583
3975.174661
6539.233948
4891.637559
5586.458594
4209.476116
4829.884888
5838.369359
5582.301468
4875.10966
4630.283217
4519.003337
4778.546803
4507.125193
4251.325347
2934.020334
3358.262325
3257.115615
4277.797201
3708.388618
3469.227249
509.5533339
277.5799543
1130.96588
1982.013063
3688.611525
1828.955436
2149.056347
1616.808379
3853.179294
4289.020598
1493.798147
4179.447925
4637.389353
5040.685955
5192.417517
4158.936087
3591.876219
4294.7654
3899.432526
5282.438904
6206.266857
4721.153751
4146.352411
4078.800922
3949.642436
3790.030425
2958.576188
3029.523182
3427.804433
3204.840126
3792.588418
2593.559792
972.6828054
1470.956523
677.7144997
2352.377438
523.6630428
2208.709971
1805.582156
3746.080309
3870.792717
5601.057243
2784.470932
2934.163288
4285.243049
5135.866028
4425.308121
4728.987009
5282.675017
5497.6872
4735.887317
4806.467478
4024.756485
4469.928615
3564.114576
3267.804211
3609.162293
3815.020768
3113.140728
3346.53798
3409.806795
3353.969309
2975.430813
1095.302745
1429.131837
513.9094016
1041.102788
758.2216563
1460.704834
2575.408199
3683.981575
2385.29628
5438.227955
2880.346441
2048.411427
2162.170347
4101.90323
3629.10555
3565.534298
5026.547791
5612.911604
4719.882908
3856.065898
3154.56558
3619.580274
3409.681859
3426.940827
2641.515537
3200.171056
3347.034934
2985.478216
3250.11787
3095.946632
2946.261161
1768.655818
216.1713358
402.5844732
1445.608316
1095.975841
600.425813
3283.243761
1812.007428
1645.345238
3112.828356
1458.489806
3967.884231
2568.534189
4092.864585
4101.441843
3901.394022
3669.582395
3972.643475
3955.32564
4130.590475
3564.667865
3662.990389
3946.488629
3647.197289
3193.089058
3323.2433
3366.242266
3221.21376
2854.331907
2755.023396
203.7571916
815.6246398
707.9683608
1908.206513
198.0649111
787.4638357
2262.046302
3151.770032
1929.5893
2214.097611
1836.715133
3040.252633
2936.303906
2804.709231
3464.670069
2255.734207
4383.702844
4881.856252
5018.265884
4974.005066
3115.632122
2607.879205
3131.561221
4041.42066
2484.881547
2903.473647
3246.396431
3170.618634
3042.220278
545.0606188
1754.601823
905.9059151
374.1775456
1615.52093
829.899765
2797.549797
2198.948119
1164.046275
1713.054833
2752.967437
3264.383649
2685.511502
3153.139505
3096.838927
3022.049462
3402.203508
3799.693496
3907.996458
3301.314535
3316.835243
2307.902576
2014.073608
3457.948991
2370.362155
3217.90591
3220.314428
2975.711946
162.9907979
280.7423285
315.0486025
627.9421131
836.7723429
2895.534647
2224.522196
1658.422903
722.1238258
3555.764576
3208.033267
3024.036073
3491.08554
4882.509278
3265.424197
3127.582697
2634.845252
2709.8608
2564.455312
2601.030106
2680.226941
2445.050406
3235.160519
2525.928202
3439.3303
3524.059337
1980.942982
3645.760231
1535.671282
1260.200228
1381.870838
4350.783817
2364.357065
1677.288088
2384.19161
2165.747517
1030.434255
2844.312996
2669.186165
2358.057532
2241.776389
2251.208673
2947.549724
2756.259225
2790.366157
2880.048513
3805.887889
3634.382415
3556.284958
2580.451378
2580.96133
249.1642841
859.3543868
927.8808914
1269.121727
1019.197509
1873.804125
1241.378295
2425.508732
889.0893104
878.0243873
1960.989722
2832.187741
1789.590579
1405.186339
1425.974853
2309.494649
2385.12398
2439.864283
2026.45172
2480.456623
1916.240291
2074.468034
2252.758545
321.0465127
1453.040637
1799.157457
762.2308445
745.9524492
1126.824738
1286.160113
1223.657746
985.3170597
1408.73041
2172.698906
2345.974593
2476.331446
1606.835455
1800.092251
1846.879088
2414.173653
2252.046625
2211.043565
889.366599
298.6178157
312.5203074
952.0683666
1107.479215
661.7078042
1333.625845
976.7076876
2033.127529
1374.343471
568.672884
1402.2963
1554.462303
3442.376803
346.004082
757.2983608
196.3395993
592.9360097
1111.03286
1931.933627
711.6330017
5276.474928
3983.192537
843.183276
12594.2864
7489.584727
10766.00085
10808.11203
13372.82817
9801.675483
11548.73125
11709.1134
9327.604134
9334.86709
9456.266242
8880.039133
8442.429468
7703.298774
6742.210562
5741.459911
5312.962284
4945.615894
4184.557135
4150.301943
4003.45615
4394.498463
5029.250354
4305.3112
4278.607595
3787.74348
3861.113402
4070.576387
3697.005288
3501.597967
3223.484198
815.2384109
519.4469035
1854.833849
4538.060562
6358.974593
330.3784268
1010.32074
6219.54828
9671.437498
8089.728429
11060.99344
11603.62729
10295.08117
10650.56827
11118.30327
10618.21054
10171.50676
9019.477421
9153.786909
8795.369418
8027.138048
7405.996728
6062.143904
5792.032922
5279.967729
5224.35926
5476.748211
4853.460853
4249.421295
3942.751308
3654.850609
3407.838599
2925.331049
2746.837467
2540.472662
2178.227106
3057.783163
3339.530149
2913.664266
229.8952192
3485.320114
3516.787439
435.9731573
1884.396506
3742.907026
5261.898877
6986.717083
9617.416479
6874.613268
8930.908285
11736.88708
10271.19216
11350.2887
11316.01976
11744.97336
10003.63456
10051.14541
9178.837672
9684.105137
7844.16268
7277.018983
6391.828379
5865.625197
5739.970966
5536.250384
4116.359394
5000.184958
4927.422041
4050.248562
4100.668308
4445.430424
3727.406218
3381.52051
2693.589314
2983.600829
2983.178006
3625.721366
3952.63494
961.6278704
6235.862627
4429.620359
837.9581994
3400.988349
3108.672671
3311.651529
7337.647336
8897.222217
7963.211662
5980.584792
9599.096776
9448.244098
11745.49339
10417.5914
10872.34085
10827.70611
10098.13428
10116.39967
9267.777914
8491.526371
7448.341711
6871.827987
6650.304265
5305.07416
5587.991368
4888.502221
4864.806296
4236.935236
4525.902601
4065.535096
4033.753963
3313.450999
4401.961345
4194.843637
4298.188517
3518.997096
3060.477659
3884.44625
2002.208883
200.0187658
198.5104293
1989.035365
583.4021091
2965.478293
5572.105655
4619.419059
9335.220086
5244.292788
10167.52395
8536.588074
7477.090268
11973.17828
11388.39003
10229.53293
10121.50643
9059.373476
9214.112558
8955.72764
8713.524647
7050.509876
6805.005296
6062.876759
6218.196611
5088.336339
5396.491074
5576.816421
5104.71064
4779.377287
4121.276109
5547.269231
4353.675056
3937.188644
4424.201448
4049.204767
3547.080848
4581.975984
3524.587791
1134.851772
525.0819239
520.741606
1855.826068
3091.673617
4220.102254
2446.977032
6348.603995
4535.640107
9210.404072
9145.684303
7340.834091
10743.75414
9432.198113
9620.791419
9914.067052
9322.13178
9848.057416
9481.120385
8853.35092
7672.51122
6300.557947
6178.700588
5124.788926
4675.812387
4943.053264
5238.75983
5386.58916
4865.817296
4813.19768
4693.918267
5392.590978
4949.504801
4729.259257
4194.021634
3858.356769
3417.773067
3665.891909
2025.929064
1106.417768
2672.032519
2002.004111
2885.356053
4947.168122
5496.916619
6397.805549
5475.163726
7956.119738
8532.436527
9957.700193
9800.432542
11969.73506
9363.006617
10707.58342
9933.444789
10683.51699
9126.397984
8310.336041
7421.007224
7134.195812
6214.645517
5392.840251
5150.40338
4461.576344
4205.574603
4628.580022
4186.188193
4326.193167
3856.838152
3981.175758
3876.302672
3590.201103
3551.597103
2986.100994
2880.6796
2934.071449
1164.102536
1022.462956
352.101577
3210.943835
2599.935821
2464.4804
5225.983014
2825.54951
5605.764633
4760.954486
9231.342272
7825.799116
10843.38427
11358.65032
10153.68743
12021.10733
9523.052392
9836.295615
9259.665128
8380.40523
7920.473705
6999.989999
7485.987562
6196.227557
5018.835015
4383.408226
4271.227719
3996.003614
4200.411603
3821.37264
4084.579201
4217.94196
3991.481013
4789.315227
3917.482904
4029.904375
3847.344704
3407.819149
902.198676
216.3971578
204.0000201
199.0662152
3994.028378
528.5793775
799.0771618
6314.143034
8785.890056
2788.40306
5342.402682
9001.416039
7490.161583
8107.197119
8490.424231
9765.070123
8805.651243
8925.689822
8524.100581
7727.537291
6887.901808
6985.607235
6573.453952
6277.043923
5122.669388
4622.884886
4635.957806
4552.137198
3995.010069
3887.280343
4355.641987
4204.340074
3782.998657
3474.588246
3873.535885
2883.38844
3897.736808
3328.886779
1687.375053
334.7882801
249.1266084
789.3649344
4247.156701
7467.937893
11283.30363
6852.296209
9896.183654
13326.19408
10126.21145
10938.28758
10059.45083
10343.66933
10598.61152
8023.436844
8813.842062
8560.599682
8883.292308
6972.626728
6062.056206
6016.860008
6123.656777
5491.644516
4842.760035
4876.632836
4287.521886
3858.04037
3260.676872
3889.970772
5185.321261
4353.33706
3543.233004
2804.081812
3278.494972
2845.814566
2701.408955
1250.716721
237.1073394
249.2432596
6953.827387
2096.663825
7967.54496
1959.438978
3215.880705
9582.668541
7675.630174
7215.32994
9731.864107
9659.933569
10593.53546
10190.77873
9866.45671
9679.274381
9242.495263
9455.462248
7368.228574
6089.549469
5904.586919
5509.020324
5706.476147
5033.402391
5544.902085
4956.034864
4742.431919
4361.523067
3898.900375
3368.865354
4010.644315
2992.917898
3552.424007
3203.639442
3551.851644
4272.918642
222.3208835
225.9323892
3185.944932
1134.980995
1995.129909
3231.328202
1183.636569
4219.166997
3491.924816
7010.564956
2987.106585
9575.994216
7235.241888
8733.61173
7439.398681
9621.644362
8877.01414
8276.405468
7697.89575
7411.088528
6807.163598
5182.813791
5134.27101
4786.323735
4495.731853
5295.877212
5066.582056
4008.414181
4977.468072
4943.397981
4485.146552
3492.56725
3110.931398
3199.11007
3070.818088
2936.425525
2662.337293
199.1796724
1024.862169
222.2080401
3232.539249
2038.366611
1129.297836
3185.481668
3095.479215
3189.156482
4752.783598
9705.457633
8173.253524
6948.952859
7144.299708
8059.15118
8414.400675
8713.230829
7678.900326
7197.701775
6657.24953
6543.245471
5814.426519
5646.027001
5093.680171
4722.524106
4901.815348
3875.271247
3237.137775
3567.076699
3675.811093
3921.899011
3870.050764
3406.080354
3651.1858
3422.956761
3376.971099
596.7136667
227.6703188
234.2233212
1014.126173
1341.169189
1372.837468
3541.14305
7015.638311
4467.289565
4701.322787
8150.755039
6696.704263
7585.87984
5816.970682
5253.865919
7958.74488
8088.839618
8257.255606
7382.447954
8053.499527
7077.170047
6126.779198
5292.755245
4444.194523
4377.081208
4460.648822
4529.385296
4383.594648
3800.441045
3265.819068
3953.823642
3093.712567
3780.25816
3753.561695
2649.832647
2615.853365
205.6353873
897.6083553
3976.077161
373.6944228
1395.808148
4822.332553
3952.51811
5738.75228
3121.186034
5783.607657
4813.684447
9481.844921
6706.380095
8235.353281
8325.977149
6956.760117
7818.866937
6905.072175
6737.523448
5415.327078
4902.692147
4574.414166
5450.717028
5420.028808
4563.648983
4849.490448
3981.242933
3901.525391
4122.111841
4126.426692
3711.193445
3024.981313
3117.456633
3243.228568
2922.405268
184.3573845
172.4477292
1564.192699
2165.774197
241.0822003
3879.727683
1314.913598
2446.064555
1259.548747
3176.960953
5557.500615
7758.601121
5583.913714
5245.402549
3335.392246
6685.759126
6205.756822
6353.629123
6379.918333
5789.714953
4631.643698
5231.817795
5388.778027
5019.269045
4743.377326
4256.058827
4665.397037
5132.487258
5068.161323
3886.968931
3858.646728
3912.597479
3221.555984
3462.010153
3321.164637
253.5393285
2229.846371
2355.881084
555.8431063
543.172514
2713.189562
2660.00738
3017.07
3653.354986
5114.736502
5726.51506
8217.45951
7429.187691
4134.9329
5462.29669
8841.847416
5422.184128
6181.740955
5251.191639
5618.673584
5964.601609
5229.578071
4955.630652
4263.081104
4077.176493
3897.219286
4109.765316
3889.393121
3908.610537
3262.104383
3081.617235
3479.099713
2940.969497
2457.240875
1641.606371
224.7182932
246.9219565
3068.041214
3210.112801
4181.099983
4510.777435
3007.050614
1206.870503
1170.213675
7894.785194
6635.732121
5012.176469
4450.790326
7596.150183
6940.899981
6543.853481
5115.18855
6067.755664
6467.69759
5612.862229
5158.39493
4504.895108
4546.554086
4029.369498
3743.464846
3780.974587
3531.663846
3563.456413
4627.720782
4416.362209
3079.321924
2550.296817
2487.39031
189.1602419
543.0506019
1010.381048
1767.864138
3301.019149
838.511521
1463.402881
3679.650026
2738.543842
1784.736268
3957.083108
7771.847229
5786.870592
5880.301373
5704.389041
4746.334672
4892.909144
5077.392147
6326.805397
4989.26789
4435.612245
3928.780123
5362.972961
3823.68626
3667.96145
3590.099633
3071.608194
2995.909271
3871.659943
4244.630357
4141.593764
2984.707505
3177.822712
242.0128228
3030.429893
2529.681443
1006.249699
2438.957022
1593.424845
2897.590208
4164.456805
1755.55968
3665.242677
4985.339701
3618.621406
4178.642327
5305.74362
4611.431667
4517.335521
6099.12859
5284.755988
5088.370392
4160.618733
3568.159266
4614.100224
4514.574325
3769.777375
3464.081195
3546.821634
3343.335865
3497.075409
3207.692875
3155.403039
3403.707438
2849.627063
234.4654873
3545.557843
1309.550974
217.9094882
4053.10031
1486.084216
453.647414
2824.592984
914.4027047
1734.430566
2779.672323
886.8084396
3126.705967
3821.637683
4236.667693
3984.376709
5149.859172
5339.251716
5392.980161
4600.334141
4694.084893
3905.182622
4163.34112
4066.063865
3761.338939
3549.702203
3204.679909
3637.121359
3241.243084
2759.773242
2988.411785
3249.188429
1550.103916
2697.068857
206.5035811
1041.231194
2269.316918
2299.758804
3416.864781
2321.178496
1513.383288
1039.919201
3298.862308
2904.8989
3385.095709
3770.65119
2713.756765
3858.235703
5582.754114
5336.728366
4481.481804
5134.806605
4101.029077
3611.365019
3398.470088
3664.466126
3230.529331
2684.703151
2972.567866
2787.144478
2930.969313
2594.922697
2484.767878
727.6592051
234.6436664
5014.884936
226.4500891
470.031779
1033.3214
3213.124014
1615.061423
2112.095418
2074.494433
2503.849825
2336.06236
3273.539488
3769.011017
3652.452843
3236.998479
5000.218579
3111.608147
3300.456454
3500.104701
2960.008743
2420.251717
2816.203774
2550.619696
2547.098385
2761.211057
2995.684289
2688.578461
2825.594447
2589.831982
182.1222194
887.0870318
192.4072229
1622.117417
1323.097262
1612.332283
1965.959129
956.1732411
3976.450658
3100.676701
2224.439097
2896.971762
2844.239987
3159.929072
4128.376278
4253.95287
5129.644117
3453.394647
3592.014534
2514.116725
2095.52196
3186.617368
3486.348936
3138.532326
2907.277384
3111.888884
3337.065231
3243.437737
2588.823158
162.2044855
410.0218009
725.8823201
868.5135506
2370.472796
1748.459366
1983.219549
3682.029359
649.2248697
1439.089593
2036.078158
2113.41522
2198.072188
2404.270667
3050.603106
2412.994532
2284.528394
2023.609845
2508.655525
2363.553079
3235.6903
2851.515437
3260.173101
3440.172347
2912.499217
2547.497247
3891.683487
2917.605288
477.4623217
2499.795941
2092.373067
412.42918
581.1109936
2839.083578
611.5676555
427.1546668
802.0335533
1799.780999
505.6115989
950.541798
2369.164585
2997.164365
2531.216176
2524.544121
1987.336879
2111.377241
2007.64983
2235.664753
1817.488746
1898.473008
2157.099493
2478.43501
2273.234672
2959.526255
203.7712521
1736.109016
1448.699889
632.8318596
667.3741442
271.7211835
2319.024873
1386.821485
462.3629585
531.7144021
679.9449351
1362.985473
1750.819117
2525.747601
2980.083973
2655.902076
2907.095676
2910.834888
2584.53335
1993.928834
1652.968984
1981.74698
2168.596566
2538.87659
1987.336048
2899.630929
1685.427134
203.6655621
255.7658998
462.5861825
395.8880588
896.8083763
426.5663769
1890.87157
1736.528016
869.6735537
684.4353287
1958.616618
1075.969815
1038.062817
1960.206905
2250.52908
1740.719971
1381.659601
1236.468979
1521.684537
1960.58123
2530.071556
837.3383457
364.6034017
1486.93749
549.0402534
424.1578907
1004.773602
1097.612566
1430.814263
728.6340782
389.5762535
1094.504238
2779.827907
1854.767674
1183.885744
1149.632055
1028.927777
1808.505971
1744.008086
1885.80066
895.690462
852.796502
196.7540115
491.1743336
856.1565982
538.8882848
515.0840106
336.4477915
886.2034851
3029.299724
2019.450028
1769.548117
2255.527157
245.0618453
253.1728018
257.7585102
263.1843407
3632.35067
480.2066438
3280.861398
3424.001915
3629.752163
9900.98326
8550.494012
8228.288019
13063.01108
10784.94796
12199.17151
12799.0541
11911.1554
10236.10983
9253.623605
9497.855893
8608.932396
7648.637192
6281.625002
5665.357119
5550.329914
4787.50358
5068.560792
5403.242359
5057.12393
5520.696896
4887.221582
4066.905263
3424.166463
2829.069396
3494.708449
3106.090453
3005.636859
3018.730702
3343.180633
3726.529112
199.7431954
222.7248047
198.5084728
183.5613963
8335.237716
3910.04467
2915.363873
5698.268791
3290.862825
6305.857729
8971.011534
10604.58249
11555.71405
10796.99857
11065.26548
10425.8421
12307.89155
12081.45476
9254.97023
9236.146533
8746.091354
7803.662813
6496.643665
5596.196486
5030.076245
4563.338817
4570.143728
4437.817252
4724.00966
4900.624365
4992.342719
4820.324668
4694.705316
5255.629919
5550.84826
4454.855528
4276.673588
3498.010834
2900.15724
2830.713572
1143.48078
209.526616
10736.10993
4297.387275
2944.494789
3238.158874
5459.932792
7238.322639
5485.043455
7141.39986
11824.96492
13196.29381
8977.025967
11976.16879
11819.34001
10872.62602
9650.16776
9449.992249
8887.298521
7694.094227
7278.865213
6321.491263
5491.919863
5078.585251
4993.062363
4864.383753
5086.564633
4803.18695
5462.599766
4679.096146
5433.225136
5118.346568
3981.16396
4008.928893
3867.310153
3049.60901
3570.708777
3377.802134
3143.470178
236.9898197
1453.073671
3883.92137
243.8322638
4521.601789
3556.408245
4719.213571
3453.961643
4825.59067
7820.185095
7976.558327
11047.3756
12132.89708
10671.00696
10370.82037
9348.121997
10191.84012
10033.30295
9495.337529
8488.933156
8050.088763
6644.425785
5965.755558
5458.794381
4942.396889
4564.393567
4776.715565
5413.224224
5155.784008
4808.614653
4188.640779
3662.280814
3703.223731
4031.085678
4471.251578
4266.760149
3535.286251
3802.63681
4011.833149
1197.97452
181.89935
189.5732019
3641.181749
421.1044742
3743.243282
3632.904278
6171.244891
8727.722243
11632.54887
12804.27922
9547.949137
11475.49237
11719.30074
11709.19945
11567.09443
10816.0326
8685.318523
8756.053127
7797.016348
7862.255657
7368.057278
6330.647153
6250.182889
6265.404156
5237.181258
5150.7978
4954.99327
4674.080119
4242.760009
4217.681099
4170.13431
4378.730425
3457.717581
2587.511819
3302.441892
3588.765529
3111.725728
3753.923773
213.0651129
237.4709163
1942.256303
329.0879832
2133.746052
3872.719439
6024.281337
4810.161874
3793.030042
5505.965347
9193.080848
7337.630924
10813.72303
11332.79676
10948.40056
10039.09203
9652.488597
9748.377719
8549.189388
8756.450363
7364.570942
5972.512213
5843.080153
6168.628028
5214.457523
4863.108485
4176.284621
4905.200853
3818.470037
3929.84656
3814.022536
4432.694998
3762.489749
3805.852126
3431.65404
3339.274788
4272.428181
4265.525262
3466.691044
2516.501346
1676.965642
695.2703772
627.8374485
1568.876351
3992.215596
2919.650847
5955.375519
8492.204483
6857.214821
10746.22946
9922.462474
11811.70378
10565.46555
12017.49893
11616.52369
11302.10804
9973.025567
9967.322504
8923.881815
7506.097011
6908.320691
6071.429595
5417.692462
4926.580806
4539.802736
5095.35144
4620.247285
3855.531074
3748.822593
4503.657989
4222.723114
4051.575938
3343.598918
3256.462245
3393.585439
3199.02156
3132.656176
4110.105746
176.4666155
2220.215053
1033.443967
302.158417
3695.918407
6859.953391
2105.212142
4007.822641
2611.445864
7615.735357
5955.443272
5984.61129
9595.455769
12082.90287
10413.75999
11976.87635
11103.84038
10621.12255
9497.861306
9942.098654
8137.642558
7744.63825
6377.982343
4523.545941
4277.304757
4811.699907
4693.974578
4638.838159
4396.106709
4314.844088
4437.338921
5313.753604
4094.524
4276.578952
3665.645495
4035.194939
3778.737966
3866.035167
3602.590121
1808.507747
237.7652844
263.3518254
268.8295629
2499.670942
3732.232913
950.5230042
3444.261097
6640.38855
10442.76119
8715.894805
10894.94257
7743.074365
10777.98022
10652.86058
10140.94844
10164.75943
9886.215126
8779.456753
8129.829188
6319.74995
6887.833593
6387.879096
5931.35818
4960.627572
4811.671212
4985.867581
4294.531337
3685.507432
3917.386288
4009.21182
4657.117036
4188.573748
3956.727116
3114.907852
3101.235045
3636.910981
4216.375133
211.2558222
229.4059376
2391.183811
475.4737147
2976.105203
7064.154506
2552.979073
3923.409232
4966.999567
7339.851018
7137.82687
6671.629443
9614.863419
9950.469027
9121.395268
9534.561742
10137.44928
9841.832158
8478.202608
8019.442068
7189.594661
5709.073033
5880.49258
5099.020387
4851.510322
4708.908911
4034.848197
3622.032381
3683.124781
4162.578977
3674.332175
3410.74178
4481.567474
4491.093515
4347.125228
3748.726468
3388.954229
3085.380851
222.5591637
221.9330907
527.0180012
395.6973572
1784.340359
3645.680526
6726.006741
5010.524184
5107.890735
6921.525256
7941.114075
6648.015446
10971.95162
10573.71422
10523.91922
8704.550688
9570.195488
9258.822784
9546.111407
8273.447657
8173.030457
6491.713862
5365.833194
5039.402393
5380.532998
5252.911691
4994.122954
4931.64926
5109.031313
4558.783344
3968.213066
3354.707912
3023.191079
3924.836703
3760.164291
3484.032237
2723.86781
3030.459345
228.8030293
2904.070367
307.3555852
3244.823759
514.1801371
567.7505686
3453.521057
3274.627367
3015.00239
4553.444122
6373.961098
8145.97083
10770.5052
8301.129112
10379.36098
10077.99976
9119.446284
8479.986989
7120.373346
7759.969097
6771.843123
6329.814174
6328.962644
5438.050941
5277.295981
4681.002843
4062.466986
4505.45958
4254.821422
3848.886221
4173.372857
3654.551643
3748.438021
3514.058792
3256.494409
3148.255176
3485.279849
3216.28849
1948.907968
329.910825
1144.347218
2132.477376
785.5530341
5192.882499
2668.334161
3611.650361
1651.402571
4085.98917
8798.217743
7679.854877
8457.162406
8044.808479
6529.309833
7504.329785
8385.072388
7578.717695
6299.172332
6392.47889
6637.366463
5654.368875
5643.501944
4854.603579
5223.717926
4927.742898
4715.319246
4144.974084
3436.223827
3649.083388
3947.889255
3891.181205
3412.26232
3053.656033
3378.257437
3017.958973
3237.491374
239.6512679
2713.275716
3827.593767
1846.757459
5165.777187
5278.716086
2550.143177
6295.840009
6760.665818
6262.223617
7834.88504
6037.064509
8794.236489
10636.01122
7818.418523
9038.117617
8396.104129
8696.809287
7428.22002
6951.713432
6852.815326
6038.274764
5307.356668
5662.95137
4828.619173
3965.444623
4177.8063
4547.673401
3652.154654
3319.253894
3395.768783
3385.582963
3267.556648
3540.985469
2962.996845
2967.278843
3238.636406
225.6217988
186.0062829
194.7135919
4043.449988
1537.941436
2381.493038
3985.475873
6490.15872
2870.66991
3497.682551
6586.492478
6686.690608
11479.22634
9816.671043
8244.675788
8952.05053
6889.219821
7787.388686
7363.769782
6166.704708
5704.469064
5820.977692
5724.638699
5113.451295
5290.854282
3724.631903
3905.993383
3923.330646
4231.062035
4312.497648
3774.289657
3536.81935
3006.6253
3116.276272
3146.034961
3033.256037
192.3163645
202.1094178
193.0157834
1481.64661
537.1056534
245.6205664
836.0774076
4342.442127
3011.32439
4388.572735
3790.002348
3272.185742
7063.084688
8394.438857
8135.882599
8256.066745
7630.103864
9486.668235
7591.661358
6424.375662
6500.834377
6133.443667
5476.038439
5614.663125
5732.774943
4763.560297
3968.212755
4850.868078
3887.60359
3944.251458
3637.472627
3204.90075
2480.478798
2260.063394
2291.768391
2410.690688
725.3419637
1458.623236
2829.276686
652.4779669
2740.123024
581.7987318
3306.713479
1258.573721
3158.241241
3400.006256
5536.145321
5211.599017
6444.78728
8609.893405
7483.011231
7412.875194
6097.765103
6395.29392
5668.710842
5954.968799
6306.424884
4721.736197
5167.315289
5069.120379
5415.641358
4068.415778
3869.093375
4398.053112
4124.49229
4118.483713
3772.251355
3304.463573
2751.90415
2699.841488
2759.971382
207.669037
455.6170358
1550.888705
1417.045647
649.6875555
2818.093801
313.7966225
3703.206179
4945.620259
3977.329078
4182.425268
5028.919894
6044.506128
8368.565835
7153.913672
7883.936374
7683.938355
5537.179308
6043.371601
6462.22931
4837.858976
4570.234833
4341.022704
4140.794618
3733.911528
3931.194951
3971.814382
3344.621654
3580.012441
4149.450815
4017.010116
3767.770607
3415.053009
3063.233369
2958.672658
206.4438626
183.8885809
251.041611
652.8943231
4784.720022
4375.266446
751.8174137
4271.980138
3243.876397
3334.437759
2672.744466
3877.230564
5039.235183
5743.009403
5708.319491
3683.837294
5114.796387
6089.142904
5721.153765
4730.677464
4854.105045
4872.080349
4801.210958
4139.173742
3552.369188
4054.617858
3788.555348
3889.441056
3773.407786
4063.19626
4262.845158
3830.272486
3424.686941
2693.461044
244.1050348
844.1912071
1337.021727
3211.636537
1382.546103
5152.414771
1993.752814
2203.546107
4285.654456
2688.053612
4363.57754
2293.303339
5401.311155
4827.744247
4564.460651
4718.263614
4253.801917
6093.017511
5678.646713
5845.0419
4288.357054
4150.606633
3941.14757
3903.074887
3743.030733
3455.769121
3583.936274
3529.998369
3039.367782
2906.570804
2943.493261
2958.681427
3380.763485
227.5329459
589.8350264
248.96002
1858.736914
1242.930773
1308.502181
1801.367924
1718.785746
1955.272312
4214.107893
3426.446437
3524.588792
7850.011661
3042.260767
2593.947635
4679.302076
4477.512976
4054.772888
5946.528568
4638.727508
5977.402262
3904.458308
3336.778709
3557.177653
3804.687255
3426.346236
3611.556823
3282.425688
3670.933174
3331.376391
3143.450071
3137.29757
3017.409838
1711.359137
207.2297043
213.5518894
1073.310346
2905.193546
224.4547314
984.161225
1667.864856
3475.998914
3721.982402
4085.114052
4218.610877
3961.812168
3708.451003
3130.706082
5833.949956
2597.973897
3468.408334
2830.773037
3894.424045
4791.683275
3550.913784
3337.141895
3219.178711
3098.173788
2534.525683
3351.572668
2801.786254
2784.418424
3123.512988
2937.635967
2403.915585
201.5252072
208.0541457
1435.532401
2456.363086
821.8330473
808.8029424
1342.620448
1701.717211
1990.148679
4932.266807
2246.622101
4117.555406
3937.439862
2836.518559
1957.005684
3773.46688
3312.009777
2922.860745
3247.221391
2340.247376
2564.196455
2953.615611
3282.377941
3188.106924
3399.662528
2691.821247
2483.990211
2407.92733
2642.794973
2668.351597
2812.534922
235.3272123
225.7422047
381.30555
3581.266697
1316.172988
1205.584665
2216.256914
487.3602687
2559.310762
1613.196666
1433.644427
2637.743355
2587.908315
1476.128336
3696.543072
4106.893831
2151.662052
4227.077701
4109.258253
2869.614399
2681.955301
3258.600475
3177.329056
2792.174884
2849.040063
3178.028109
2434.120089
2505.83493
2086.932538
2480.562553
241.300882
209.8011588
2117.931559
2422.333213
2988.681812
1503.3401
1126.095196
2190.272932
1051.017995
1917.69144
1788.307585
3711.180484
2585.598115
1385.855694
2998.82749
3218.639734
2153.42378
3468.713754
2894.075573
2370.495641
2638.93359
2705.730446
2822.466456
3369.583269
3026.794171
3323.03569
3106.613982
3067.717858
2679.620757
207.7869364
1782.014865
1217.731755
2162.093297
293.7724604
566.4002669
1207.279538
1155.898241
1488.6911
2109.750533
1714.620581
1966.067838
2380.917081
2148.38032
2380.935303
2634.686742
2785.507856
2490.998682
2802.125401
1253.606654
1668.100233
2448.834476
2734.484837
2361.197379
1888.787765
2067.275523
2553.705934
249.4097776
242.6494938
2050.705766
1199.192813
2038.999796
469.0354767
317.3195654
1735.426188
1274.663775
362.7308747
2049.683453
2858.674205
2304.342215
1840.063546
2147.457497
2729.684144
3124.020736
2382.226753
2787.286207
1419.572886
1729.921385
2355.45923
2760.714067
1980.334196
1519.085795
1283.449445
2431.101846
2001.679842
2363.01609
746.4562933
1307.83798
201.8030197
857.9638407
676.6559494
367.4872621
1422.192964
888.1976153
978.7035954
1578.43634
1977.408132
2014.652282
1876.69711
1243.736055
1737.98433
1567.716176
1743.514645
1771.348082
2239.415626
2160.733479
2395.533833
3761.636801
1544.298828
474.8658675
598.637587
237.4846386
240.5101429
309.5906372
1600.166267
1232.981559
2751.44168
1345.472917
717.2023817
2246.000488
2228.455044
1243.432897
1449.900311
1847.423076
2569.732563
2282.783876
1904.582194
1624.922336
1826.833906
2166.824138
1508.847533
210.3350864
1460.765088
747.6108512
1290.447619
1267.2065
745.7129399
1946.892825
1543.259396
980.356997
851.5339858
1596.046574
1504.670251
1797.498646
1467.983744
1905.29727
1684.283394
1503.691454
479.6487649
1189.803484
2369.742664
1382.159725
544.4166667
1918.903738
1916.881706
1139.710143
476.9334447
1477.590102
1455.225844
967.5051122
231.9622406
212.7833571
176.5147324
2790.043085
4193.900425
9004.961742
5509.034466
4195.357287
11664.5977
9846.112718
10996.28805
13696.19638
11950.48137
12825.12776
11607.02109
9981.371068
9939.377194
9721.976289
8913.683201
8342.659882
7758.273946
5375.177745
4574.007285
5445.593649
5733.261437
4982.083798
4753.258738
4840.508824
4802.99026
4227.907386
4503.312192
4062.583349
3990.177882
3627.606434
2975.468527
2304.677096
3681.638637
3407.358453
3217.634154
2180.69206
746.0916773
208.5579438
426.421965
1744.344221
4934.881484
2194.498676
5644.939018
4565.646557
4844.832124
6539.945194
14314.08949
11955.96955
12095.45522
12536.09036
10438.96465
10524.59474
9522.946342
9644.518299
9429.781564
11851.58332
8076.651158
7086.97429
4675.477723
4961.77543
4478.000307
4535.021864
3721.806182
4697.3808
4055.807349
3601.695486
3169.542677
3981.454986
3611.306352
2886.506774
2512.096489
4371.990638
3605.979244
3314.164588
3875.245124
225.4533824
353.1253698
233.9000613
5040.855793
10992.06592
3819.939104
3974.007022
13872.84545
5149.236234
5618.83607
8577.866811
12330.88151
13614.88784
12763.79674
12776.81091
11067.67005
10506.84932
10188.65207
9280.758207
8250.705244
7955.769214
9365.645179
6283.894744
4427.697114
5151.404164
5936.661926
5380.083835
4446.023989
5018.799729
3751.684463
3811.677275
4114.376644
3665.620758
3405.983447
3831.959825
3666.97397
4033.74758
3220.859237
3146.947548
3104.893293
1433.58684
961.4405007
224.3027252
225.5645292
221.27523
2691.69652
6379.66632
5473.931309
5562.877658
4715.471902
8767.691114
11482.29776
11380.96864
11932.43118
12328.03794
12064.21548
10831.32767
9915.145915
9662.063281
8145.567621
7493.452091
5461.757499
4568.214431
6743.397417
5291.879565
5166.034778
5313.858264
4429.461812
4121.415518
3862.078198
3796.958112
4254.876472
4808.569963
4686.271277
5463.625224
3206.479433
2928.8744
4712.724379
3565.901275
3351.919044
1040.710286
1563.536753
503.1871422
1612.317032
414.8013387
3520.458137
4309.673314
1440.059072
7058.963402
9734.875092
8690.253505
10073.20146
9374.669278
11332.02716
12457.34875
11803.60111
10622.80785
10789.00708
9524.577926
8895.765321
7990.300728
8266.036936
7220.881681
5460.187484
5130.024107
4718.48582
5032.151644
4894.052638
5618.736774
4752.363627
3968.313848
3350.844541
3404.633582
3692.69373
3578.58986
3651.86906
3450.169771
3471.318929
3482.519788
3350.163816
247.1033013
2973.339346
231.7743538
1505.006676
803.5788525
1713.274721
4091.633212
4501.044032
8655.568173
7124.826252
9827.750457
10751.05223
10777.51379
10825.23097
12135.86168
11725.50474
10302.60218
10630.04926
10310.45275
9016.877492
7477.055836
6992.05827
5989.383597
6247.173494
5700.271975
5142.794281
4460.342108
4748.619263
4559.325706
4053.092767
3416.923528
4112.619116
3254.819033
4098.510009
3628.002057
3086.558424
3645.423131
3390.350133
4190.033895
4217.788054
192.3092252
2205.49179
202.0091143
221.8779988
321.3569087
363.5056086
4255.280826
2804.950436
4809.180597
3236.824423
8143.531798
5236.628346
10435.80429
11316.99635
10620.80953
11140.66657
11664.01201
11297.37039
10175.77319
8828.363843
7907.375185
7196.442097
6446.087754
5449.318543
4555.112615
5113.773451
4834.41129
4169.800787
4223.124732
4230.899792
3878.227665
3240.071577
3364.749687
3376.138876
3866.727566
4157.280521
4189.515022
3888.075404
3950.366741
4162.124142
5716.037198
3495.560292
1515.791719
2197.268619
4976.24174
4470.902862
3630.503536
2050.07464
7747.597766
11381.63633
10674.26802
12968.11235
11590.89872
12498.63765
11584.79181
11204.39224
10605.20609
9768.880265
8458.18737
8409.530141
7359.351935
6406.133714
5585.121458
5600.373823
5419.282625
4669.968069
4844.077884
4397.113824
4235.588051
4161.213299
3893.758803
3725.495795
3667.10554
3493.475475
3944.831489
3819.746981
4112.685097
3514.235423
3536.530361
215.2947464
2372.433503
618.1591257
279.8754883
888.3436012
2952.360918
3728.205863
5571.435095
6797.897246
5941.335239
8454.556394
8555.3056
11148.38849
10855.56162
11917.42766
9445.928286
10000.24891
9651.031366
8806.661664
8572.488754
7686.886231
7246.727515
5901.184881
5241.342088
5523.976789
4693.026981
4216.3638
4433.772629
5289.788308
5350.101934
4836.894402
4360.148137
3982.433532
4219.098243
3442.317612
3699.918052
3474.776167
3592.960654
3702.211125
224.3699942
211.3776243
1150.583461
834.2609018
863.3587102
3616.169913
3765.132387
5932.803351
8820.42282
8119.840368
7582.9926
8237.192833
9773.773789
10053.76144
10736.27539
10607.52397
10415.43873
9868.642375
10098.13014
8397.993724
7097.309374
6408.645946
5277.208403
4576.243166
4715.550418
5330.609513
5258.358677
4364.454995
4400.654036
4342.407118
3521.437591
3851.828272
3229.152208
3467.171957
3867.23569
3483.763659
3445.139377
3444.392991
3265.586188
179.4504631
181.1210218
198.0481063
4192.41851
260.3181097
522.1811832
355.8427832
3956.866207
3443.721506
4932.134331
5743.785473
8035.330913
7869.93464
9841.958611
11276.10328
9648.781937
9949.179648
9040.800503
9257.346942
7833.502757
7552.259983
7422.955069
6487.511757
5605.84555
5430.454686
4862.942284
4112.060364
4269.950909
4137.157819
4197.094146
4441.656296
4535.767892
4570.520441
4226.571101
3471.21189
3229.25379
3733.735413
3201.015045
3146.496722
4071.288719
5876.109376
946.3791833
1873.956277
480.8186412
552.9889011
4247.702827
4898.558308
1977.625379
4433.991053
9087.763272
9433.392874
11068.85304
10564.38833
10697.99034
9512.313928
9553.118887
8388.924362
8376.567811
6953.850158
6217.914833
6047.947429
5269.198828
5623.37358
4789.927341
5082.502807
4999.994206
4838.099871
4792.072869
4943.593487
4648.647749
4276.149139
4268.725728
3354.245832
3887.88038
4303.639843
3694.608251
3383.724923
3639.036952
1684.587606
218.5482354
227.378938
3976.60832
2363.177835
4840.81677
2397.853025
4877.200125
3967.360151
9572.115208
10716.03904
7092.948285
9194.194195
8360.324076
9797.698537
8456.214736
8654.731518
7840.764341
7549.695717
7283.826925
6605.065279
5761.709044
5904.046328
5188.908413
4774.853049
4686.780079
4416.205721
4217.581692
4138.272871
4098.269541
4109.373666
3625.574896
3986.959851
2744.925898
3006.508074
3046.369649
3040.739533
1447.277809
1972.342262
223.0695685
239.1099646
1261.966282
847.9938499
3495.083672
8533.894734
8635.877649
9743.291505
10069.65869
5225.028363
7265.887384
11775.6239
8275.839729
10067.67371
7905.611657
7847.516331
8299.260264
7816.801514
6623.247866
6189.407483
5549.569585
5451.174225
5150.689765
4596.341852
4579.696207
3756.218864
4163.112779
4152.7935
3260.235265
3587.779731
4106.335366
3288.602208
3068.254316
3240.63984
2961.413446
190.5161389
1129.704898
184.9865555
186.3757015
4343.490189
471.601342
2053.988402
3770.083829
3881.80367
1635.773356
6387.333995
7890.2933
5080.51444
8749.015788
8116.258258
9507.666207
7859.617301
7615.170338
6653.595914
5668.796039
6917.95366
5694.05259
5485.529708
5423.698021
5355.896628
3674.823478
4100.019193
4677.490274
4644.127084
3945.311054
3312.889793
2823.024335
3074.207268
4120.609411
3142.103931
3472.317217
4173.720838
180.3280087
1279.500255
1928.359034
578.6490901
2353.871865
217.1097861
2820.033309
1391.393917
7976.254183
5457.821423
4381.25732
7030.509873
5395.06746
6479.705134
6775.457435
8558.819245
6074.939474
7889.349997
8263.781934
6808.90207
6582.496376
5801.465195
5599.665112
5858.737787
4878.608508
5239.097354
4220.083793
4538.782322
4368.880404
4383.316669
4103.274781
2899.214714
2403.195793
2953.311441
3165.629335
3366.94933
3518.330541
195.3213385
200.0278998
216.5375722
2042.87442
1654.861386
532.7401118
593.3618502
8696.801027
8733.327863
6535.663527
5277.412733
4798.876454
5266.420818
7027.475695
8698.371674
5945.203267
7039.892648
6342.64175
6669.115813
6300.757381
5404.507607
5152.850657
5348.538805
5364.769786
4507.367645
4374.544926
3621.939526
3981.468688
4097.417809
4251.583629
4010.048402
3579.044946
3264.633969
3135.013549
3474.67194
3352.107985
1273.364977
1652.141327
1543.694876
173.710479
2009.03147
2707.702087
4334.012347
3460.108312
3202.100662
4153.322322
2726.018604
4276.763555
4085.258936
6512.517798
5132.131984
4638.81127
4618.634539
5214.486454
5804.882819
5541.097424
4260.135896
4467.124319
4307.458231
4265.270195
3640.848005
4176.761432
3635.82755
3564.196313
3938.168051
3432.249551
3234.713178
3380.19115
3433.074857
2683.18488
2533.735744
185.3067433
178.7146633
272.0547984
1404.178976
777.2661281
3265.032216
1514.487288
5304.8539
2243.80612
3022.311604
3588.850603
4715.88404
4164.855369
6131.814965
5668.00043
5860.934238
4467.022041
5059.899946
6627.466173
6123.21954
5786.195871
4930.247081
5094.194969
4588.940085
3271.554545
4053.573504
4341.465601
3386.057537
3612.295375
4680.659534
3633.942404
2958.644083
2946.156196
3466.539003
3238.325042
190.057288
1260.542545
796.9323589
367.3398235
426.04935
688.010651
3782.553672
2025.578536
2060.670356
4594.199669
3176.831322
3891.72645
4581.436527
8616.270336
6488.012501
6300.31874
4317.629594
4827.290005
5360.350762
4741.563823
3853.39704
4081.11332
4559.811579
4774.439964
3675.593372
3314.353205
3807.518864
3800.692948
3546.467691
3191.367762
3098.938075
3149.577855
2803.402462
3345.965432
2320.901892
2328.247218
253.4741771
1254.809939
1003.872839
2555.307492
2484.08364
1794.637277
2717.079157
4290.011749
1815.643805
3129.981447
4333.43548
5833.343191
5165.126731
6624.07913
2908.664465
3877.887263
4256.602547
4031.901639
3663.60422
3145.502378
3281.335379
3450.07028
3787.00966
3464.825228
3661.784157
3350.703666
2740.839072
2834.074327
2929.084239
2962.321856
2391.163933
1070.581806
2174.64303
292.4818631
1189.116152
2720.233097
3490.155878
2113.673716
1626.960704
3001.445543
1630.896567
2118.062107
4750.946345
2802.85477
4740.839248
3763.497018
3097.807343
4899.293102
4456.844294
3970.52347
2732.363186
3619.605811
3826.735547
3919.91205
3538.06205
2573.945531
3526.028628
3431.619375
3405.596551
3599.93579
3903.695206
3898.377436
3385.775453
3394.25564
613.093708
238.4037604
241.9841311
534.9461059
3517.924364
2760.956853
2214.19497
5071.914511
3797.713197
5023.308215
4477.795017
2866.054393
2907.878554
4117.135204
4347.111266
4395.915183
4126.359649
3146.838554
3617.495119
2100.430745
3078.310453
3720.20024
4014.05145
3314.071178
3287.03663
2780.383247
2778.336687
2588.225038
2542.947853
2608.213897
2963.166164
3098.12159
248.3678311
250.4692573
431.4797035
1116.10197
4132.465085
1533.600028
4112.158987
2021.355062
2932.094838
2032.49704
3786.354646
3477.088651
5741.419618
2027.800777
3612.985882
4061.372418
3653.561468
4203.90043
2661.236162
1681.717308
2792.597302
2909.486984
2930.525547
2557.017373
2803.562007
2983.597451
2335.218468
2499.758009
2436.177179
2438.603715
3105.585932
186.5765901
191.7828403
213.5321409
421.7026298
2144.228865
1331.888894
1932.489013
1510.622152
1511.284356
601.0417957
1579.964495
2780.545721
2870.186185
2495.154251
4143.860278
3145.245795
3651.342652
3521.555162
3378.564737
2518.970984
2955.310135
3796.975524
3439.95897
3191.944055
2791.984414
2395.978758
3053.682595
2874.928604
2203.326873
2250.331942
249.1056063
233.8709153
229.2227659
1897.076966
1750.682724
1304.985076
2878.715183
1396.11585
749.4076638
2447.948033
1624.863732
1280.687379
2880.271696
2039.584292
2552.786305
1758.47897
2225.801692
2961.794173
1528.04693
2276.885558
2150.002634
3129.948714
3627.528935
2998.960562
3095.589072
2211.569463
2943.382371
2759.541118
2078.971131
180.1823469
1964.203256
364.4983364
2316.508574
1661.646632
743.6295316
1341.693547
478.62102
730.7630257
585.5825042
1343.994166
1691.124926
1783.254421
2204.186747
2394.845971
3339.13028
3513.522747
1558.233799
2251.650559
2652.858422
2986.983995
2366.404641
1824.139774
1808.246705
2675.933847
2707.849052
2753.888391
1519.669582
1365.327029
1671.667549
939.3794953
2245.270773
274.5726881
620.2015409
633.7186005
874.4248939
1300.13356
1391.257016
1925.407409
2113.945227
1559.626754
2071.130133
3253.540439
2089.269944
1634.119721
2250.431057
2041.85126
2188.128063
2664.829028
1627.635132
1682.518004
2097.051806
2349.98799
368.6273549
2405.434585
1031.062757
1921.7598
549.3857853
1214.166103
1267.012945
1026.101747
2190.043426
1224.364033
1092.56106
1742.348446
2175.317745
1450.032681
1893.33356
2306.732842
2023.795806
1960.16089
1825.432483
1647.374782
2221.107374
1687.53252
1428.242188
1443.387772
978.1322231
745.3018978
383.6205652
566.5826208
495.3377578
303.0923095
685.1628243
2692.586969
838.4012894
823.7091589
1399.595805
887.0891759
1134.011656
1750.163596
1987.944937
1209.135541
952.7403789
1414.683279
1554.070873
1833.200943
1370.408822
187.8226395
363.911372
279.9950343
280.9314291
1306.049488
1689.314688
855.7489649
949.0101923
1052.700398
919.7471181
699.8286186
1421.489354
1963.968836
1659.494413
1133.415547
1926.51815
913.3016524
706.1866479
280.9871476
437.5429039
1552.52349
1691.015314
1255.117377
2704.61388
864.4620694
1415.870792
978.9552483
856.2401894
6137.022061
7634.776032
5316.212636
6077.213455
8662.301011
7478.539799
9786.658139
12840.42189
12979.36392
12965.41379
12268.2469
10945.10964
9540.312762
9065.471631
7624.416652
8058.867938
7206.030349
6574.060999
3503.189952
3343.515817
5303.272343
4327.524586
5380.175675
4399.189712
4774.274265
4536.868037
4585.068265
3698.268469
3147.591946
2662.019691
3060.707048
2872.9647
2993.874438
3616.694159
3710.331502
4020.069321
6144.506366
6003.329664
3042.928501
270.706535
1298.163765
2683.078471
9203.032079
9192.912106
10766.75917
9198.7001
7701.446537
11839.59437
14451.68551
13240.21063
13133.30777
11075.42725
11100.66096
9382.355213
9282.181142
8843.696685
7904.368142
6427.354591
5984.3116
5279.412291
5851.01587
4325.656618
4284.597114
3908.452126
5072.016293
4141.586607
4394.945512
2830.790634
2928.039228
3122.71332
2520.797514
1912.734665
3580.443249
3353.468624
3407.12884
4122.708154
3190.825993
225.9104703
223.7160339
2023.396238
231.5096512
2101.033886
8264.403223
7086.191995
6736.428787
8009.523335
7321.928988
5954.657552
7678.741025
11228.34161
12794.81818
13459.37597
11453.95444
10693.65057
10545.31669
9266.628638
8376.280922
7846.169088
7074.625764
7040.714735
6079.355814
3067.628179
5039.614486
3797.103245
4519.389772
4623.720565
4169.703642
3689.974986
4240.671512
5007.578175
3778.363187
4728.433059
5238.785492
3376.205706
2992.31407
3006.857854
2318.009399
2413.752477
198.0045133
213.4356232
2521.420484
306.7825153
471.8660153
2722.488077
1018.748002
7705.564358
12349.40362
10577.78246
9434.325964
12651.83674
13696.99573
12994.16875
12055.73447
11946.13503
11055.48323
10139.37002
9410.649916
7588.856863
6975.143683
7097.819502
6540.139482
4601.738068
3331.397623
3863.786396
4236.745768
3500.31968
2995.270194
2694.17642
3116.151557
2867.428042
3725.313874
3549.935032
2981.945942
3445.859725
4274.478052
3362.844323
3283.10114
2909.721549
3887.479461
1445.084885
1883.352051
1413.072788
1552.680343
878.5460146
2380.808528
5224.239102
3201.309527
7952.396758
9321.62493
9181.085771
10190.26977
13243.45645
12740.86442
12811.2895
11380.29916
10450.86035
9458.716385
8313.287223
7114.301317
6698.434969
5617.340926
4044.928106
4345.287617
3699.782185
5209.20032
4229.32947
3314.994828
2938.361591
3126.846278
3493.692045
3572.234838
3281.594301
4410.481442
3343.793043
3038.085593
3667.658575
3343.612
4111.281924
4513.429117
208.6236367
4892.579581
1505.921838
429.623707
768.3127849
2900.545088
4434.063142
4127.778399
9080.59413
7358.460771
9608.395591
11752.06779
10978.49765
12176.05188
11029.88349
11067.05526
10109.8737
10180.23305
8410.976943
6761.33675
6155.196302
6505.471393
4859.471916
6103.331579
4459.15226
4251.735323
4343.278231
4148.354651
4259.575733
4056.291848
3813.697459
4191.898752
3198.61817
3824.463513
3925.686943
3260.482159
4339.697659
4172.413576
3549.955861
3168.218932
209.2136401
4322.108701
4103.345255
2405.263948
399.7520877
921.4541499
4310.988413
2854.688583
1951.715685
2631.913066
5941.94139
10657.45561
13445.71586
13552.89829
11844.81413
11345.35606
11481.4759
10127.14426
8789.317148
7767.736267
5729.786396
7073.028557
6867.838427
4854.357466
4709.078417
4457.970292
4300.888093
3920.886742
3871.772302
4441.528634
4019.203048
3902.00551
4661.848488
4620.58567
3460.386135
4206.386896
3535.424077
3358.83806
3635.922324
3270.42071
187.2428609
272.082902
2372.501821
241.1647471
166.940162
3391.487897
2449.925141
7188.827296
7267.373785
6646.501884
6613.865931
10830.58754
11578.57569
12126.76197
12668.33329
11883.39789
11162.2261
9833.72102
9511.142044
8494.07599
7493.964203
6974.339351
5918.903242
5654.67781
5289.224664
4866.780438
4641.351856
4891.065162
5291.096576
4459.970795
4874.692653
4225.568793
4238.792052
4157.819823
3346.433079
3513.832335
4405.911636
3866.455487
3547.894089
3633.970472
240.7674555
216.5391104
1714.657474
461.2623198
387.4194756
221.4319326
1186.725532
2011.834292
5855.819061
9240.08372
10543.59877
8380.814955
11562.34697
11038.47437
11637.91491
12160.65441
11438.35151
10676.71706
10287.74914
8644.321726
8220.243607
6462.25207
6030.514482
5350.250989
5611.697997
5913.474289
4602.176714
4121.227122
4157.893914
4214.592186
3941.970883
3745.459806
3897.681371
4657.585302
4860.653506
4267.832687
4065.575811
4478.773465
3893.337986
4413.042041
171.0485821
2184.190876
563.8488424
637.7112964
9071.67314
2578.680776
3657.154809
5322.324869
5406.129662
7141.279145
8250.370102
12018.15622
9023.386761
11822.35479
11193.33327
11504.28709
10768.70974
9028.455516
8170.69603
7766.673897
7499.987274
7087.115838
5660.953156
5812.379806
6361.508913
5460.749337
5159.46887
4859.313317
4190.531941
3887.050166
3959.441946
3836.473326
4231.227506
4403.531568
4424.465818
4221.92904
4163.270169
3558.182905
3107.769888
251.9601241
1785.474973
242.3962002
5920.285569
1271.064158
3146.218664
1095.628786
9446.785814
4134.973304
6479.864434
10021.58532
10219.60019
11518.88831
11422.32051
12284.26616
10356.46621
10329.81379
9343.97798
8357.030852
7661.847714
7532.089194
7142.911528
6231.732346
5715.213436
5445.961327
4562.054136
4605.964683
5034.437016
5255.152543
4279.159947
4792.446051
4015.792718
3492.160775
3805.495167
4154.416568
4467.576762
4401.66765
4744.511406
3921.063574
220.0831522
3032.70303
4767.651747
561.033679
1570.723918
4187.559549
5753.698176
3447.985104
5794.340125
7161.687697
7495.215475
8822.90337
10473.27479
12453.39579
10021.80187
11111.9123
10643.4784
10637.84447
9468.574766
8543.857181
7498.484525
6538.369694
5914.385557
5681.364869
4555.314648
4626.11381
4222.468388
4382.427844
4694.069853
5751.031709
5434.714227
4429.814523
4211.971144
4697.09687
4739.977824
4526.323759
3902.241161
3751.477488
3960.546726
194.2507774
6555.861303
202.9598481
215.3223926
3605.893768
4640.848172
2337.517518
4949.674058
7945.26944
6248.665973
10120.40817
11519.70067
9401.160693
10481.90754
9786.072232
9981.120782
11137.81804
8768.789197
8120.458289
7327.101198
6215.39541
5775.237057
5320.587207
5898.56597
5215.051212
4078.197391
4057.509445
4427.386914
4350.445381
3593.20819
3543.634309
4003.58049
4272.340348
4415.48826
3644.513899
3429.318575
3498.893249
3318.33086
203.9913395
1459.952862
204.0820864
487.6211719
234.2360719
3127.332037
3349.245338
5899.966365
8366.170053
8286.616296
6650.765642
10023.04807
7180.590268
7767.188025
9334.771047
8716.051217
8583.750019
9485.131916
7830.15101
6077.313056
6965.765883
5421.90002
5781.130065
5356.739435
5247.109301
4726.008648
4560.343215
4425.742401
4150.961976
4152.999151
3631.272595
3579.383864
3348.260273
3918.312026
3683.627187
3575.884766
2740.743603
2618.661921
233.8175049
359.5492111
1439.973083
3176.623961
394.3438129
606.2228085
399.0654458
4656.27704
1313.777563
4791.209045
8901.963678
5793.194682
7814.258586
7963.466257
9972.169438
9791.147826
8376.793326
8802.74629
8122.602882
7326.789465
6658.146482
5752.703494
5159.008856
5550.829912
5552.641203
5621.594003
4861.732857
4713.350098
4660.585066
3924.272117
3583.635553
3663.357413
4214.20597
3658.453999
3236.764972
2614.053534
3039.965258
3121.094648
1191.324062
1217.079742
679.7485976
425.7261354
1292.662117
955.7546768
2511.020093
548.0181086
6154.428101
6247.651371
3759.865597
5123.09611
8141.318542
8263.022563
8622.399473
7965.21301
7930.045044
7573.4847
6737.982808
7405.435806
5504.653799
5844.580484
6195.809213
5625.492869
4508.034115
5120.758982
4287.522585
3954.802564
4284.337092
4734.095895
3792.177521
2951.519396
2644.246919
3072.062735
3617.861729
3968.438305
3215.650888
242.994273
1121.486465
1146.796588
501.4419098
4337.374629
1780.991463
3309.605674
1392.029232
4966.201058
3101.23328
6512.504441
5729.064242
6801.665503
8827.153473
7694.061274
9112.00466
6541.681502
7688.15898
6018.893702
5743.582188
6166.57664
4876.372835
5492.843073
6101.774484
5366.535074
3748.918445
3855.194044
3487.263921
3802.466908
4564.275527
4011.754571
3259.872146
3466.400522
3159.274222
2871.185944
2694.094418
3212.154931
309.292708
1591.741121
2665.13459
244.0696092
235.1911
2301.450952
1265.57659
3772.039493
3429.346339
2580.751529
3793.607539
2288.82057
5369.874275
5590.44183
8829.779509
3824.296134
5652.193626
4098.58636
5070.443668
5036.527385
5851.334795
3791.302471
4169.556243
4056.875599
4341.873272
3498.484453
4046.873909
3640.455353
3473.264042
3444.090658
3270.068975
3060.28798
3593.995923
3704.604712
3344.306442
3525.672136
199.6722228
812.5366634
4636.747186
573.3874874
391.5155935
2537.31525
206.2448383
5330.885487
2359.091076
2505.927545
6336.870679
4799.34262
9848.988184
6392.928266
7209.783637
5852.408512
5389.808564
4808.689619
4151.148562
4006.973769
4862.438067
5375.004042
4035.990545
3748.474301
4192.617133
3473.671542
3537.145291
3542.869642
3507.528034
3593.99812
2935.383543
3019.374492
3041.8257
3380.375772
3160.601196
221.3182777
1541.073306
5538.423303
3041.801193
269.7059382
3277.447931
2850.632025
2890.073159
3747.521536
2745.888122
3124.563767
5734.759399
5774.084211
3634.871837
6870.644143
5370.136741
4965.206333
5018.738682
4392.265548
4661.505415
3999.613343
3352.242407
3895.999039
3410.398761
3944.525756
3343.780368
2835.47154
2989.088508
3161.866008
3100.906222
3122.465068
3145.55978
2920.553518
2970.059544
2762.813009
254.7706159
5070.806136
1118.979665
1843.167346
649.9875784
1879.369272
3698.762161
2995.738906
1904.908126
3691.12509
3078.665246
3074.132712
2572.108757
3661.412102
4381.81417
3922.71627
4935.386631
4009.529258
4427.430017
4401.952644
3586.097284
3781.289254
3382.426845
2985.799434
4087.424297
3868.803564
3125.788115
2873.374708
3433.034476
3194.639492
2755.056549
2786.4504
2572.67158
2333.333134
747.616613
192.2538202
926.3097031
2453.47888
291.8217355
1290.581709
4085.95986
1655.974186
3289.072352
2872.879754
4370.265859
1830.715196
2204.630088
5089.730674
5218.89073
4526.270084
4961.143
3740.670707
3627.864757
4013.62637
3040.091206
2623.881713
2489.06625
2387.86822
3393.7806
3337.343781
2859.135521
3215.86131
3950.763301
4028.371065
3294.083532
2599.427568
2779.849998
201.6647646
214.1338504
714.4967212
757.7553658
323.2472129
3013.236186
605.1903547
3070.599742
1184.089228
2278.113405
2217.3508
2437.690132
4607.623101
3435.977917
3865.884108
4692.929054
3480.541485
2196.100381
1619.046483
3492.203229
3659.989296
3590.796421
2614.96351
3109.314669
3347.402223
4253.021381
3220.886903
3316.045174
3901.281683
3318.333861
3141.576887
2500.895535
201.8707634
224.010057
222.9351091
365.9469548
994.4791209
4209.986806
1025.301597
2164.234594
1777.443709
1982.900694
1787.413406
2642.799812
2380.389164
2951.465992
4305.175852
4790.687078
4252.530647
4344.208888
2363.685145
2884.200756
3286.085092
3300.124612
3725.254167
3607.770579
3073.688964
3348.992075
3403.603173
2996.952872
3138.883352
3327.876864
3798.979014
3127.168521
214.7440118
205.077266
203.361764
1009.381905
1085.499421
538.5549023
2665.292837
3018.723838
1286.672503
2897.32144
1862.987114
1758.61072
1382.940197
2842.635344
3181.555018
3483.136144
2936.335905
2760.137973
2879.459835
3105.630947
3213.09927
2765.636479
2662.612505
3629.4296
2754.428573
2033.547466
2576.42337
2661.639582
3063.021569
3194.71335
2914.848085
178.0940838
1583.427199
196.5175307
211.122119
530.3848909
3406.211369
1503.80928
3576.825031
1423.566798
1926.0283
1801.619261
969.2381801
3079.30603
3001.9853
4040.348415
3405.666019
3319.567695
2470.248743
2404.4246
2771.363428
2251.360537
2243.584796
2681.396441
1999.071263
1985.537693
3164.395589
2200.319198
2194.466509
2230.207911
2183.198652
314.78318
1627.097418
200.1916261
1956.569366
2382.341267
955.3179637
2705.886728
1045.405044
1769.644158
1852.500756
1886.464327
3974.943446
2561.696073
3781.897008
2627.943245
2428.705924
2445.249306
2887.328245
2318.915678
1854.084674
2315.796611
2011.699241
1562.09827
1918.160772
2488.774148
2751.19975
2365.628984
222.1529926
465.7995639
755.192975
778.0721785
1624.207809
1219.307154
2641.727177
1433.036245
349.1948183
840.2580854
1063.188774
2465.936368
2058.272573
2183.891076
3077.718312
2385.702588
2062.679001
3406.415165
4256.656956
2663.799777
1589.906098
2040.635146
1946.71723
2038.977717
1957.492621
1882.808055
2241.311676
186.5837504
306.3598423
627.9866389
2203.59384
902.8066139
1655.277271
552.2897968
1171.458105
1716.540983
1330.665176
1912.272877
1229.428313
1860.777566
2115.665959
2434.520796
1894.686209
1572.993457
2871.04618
2315.527575
2125.911742
2339.373455
1829.351871
1575.247611
1847.883424
1837.939655
331.5286374
1212.145723
1764.749553
873.2115388
539.5015891
1397.576415
317.8693012
1179.659351
1503.345898
1073.151753
1502.148658
1920.422827
2330.884222
2746.623896
2403.007961
1398.599142
1634.716526
2098.834659
2443.224601
2806.022707
1833.053564
1581.483479
1310.295975
555.1352326
204.9679473
386.9751584
718.1223133
1271.399151
1173.160926
1145.69544
366.0913601
214.3759546
1354.507767
1700.541233
1984.577112
1777.499214
1834.916598
1352.983429
1546.609052
1500.540651
1773.651919
2338.508886
1980.510013
646.1315879
2580.950124
502.6381442
867.8618956
1104.667975
852.9623321
1096.239652
1335.118022
2074.080255
1051.752688
1261.218794
2470.240699
1688.398619
1611.322973
183.8893179
189.160902
3540.87375
2016.067045
586.2858286
2859.7737
4750.982083
9120.673969
8158.69623
13308.10322
11187.05338
13597.59158
12759.48995
13921.77023
12324.16325
11697.08672
9726.609388
8666.392323
7114.434059
5828.976699
4727.267389
3181.300199
0
300.8474026
2163.782574
3064.440255
1838.033724
4246.150247
4597.861582
5005.121921
3929.459785
3483.788633
3119.119517
2683.181509
3167.813591
3136.959302
3237.285344
2980.052798
2172.447231
3459.99113
4121.341127
2295.709705
1738.635277
1118.486147
8672.018903
8858.967658
9287.37448
9329.920252
9562.567059
9142.622712
10891.68672
13123.13928
12717.30994
11035.05128
11091.57703
9790.118821
8565.545653
8180.780573
6328.550987
3042.834708
0
1.109466564e-12
2473.004117
2659.395876
5215.889499
3331.201041
3415.0254
4946.076017
4322.12722
4115.503386
4124.783757
4971.709622
3614.961835
3584.565579
4285.617209
2636.091311
3913.585485
260.7827237
228.5088636
2625.90565
833.5796645
410.3817071
5917.131078
10421.48503
12009.86742
12487.92465
12572.59223
12951.92014
13031.87781
13420.6041
12357.15687
11401.5722
10432.08051
8816.226859
8238.528377
6060.163722
6126.215668
4023.248428
3199.706848
0
1437.314028
3615.742336
5090.574544
3036.408811
2870.347001
2043.116364
3028.879603
2621.41262
2472.141961
2685.147791
2790.822637
3134.478028
3215.041138
3204.03618
3685.253825
7702.860255
1394.535611
1250.254299
389.6972593
3052.796355
3219.078239
1198.933577
6666.731483
10352.82657
12005.26547
13950.45624
11469.04603
15715.75898
14834.8691
12717.17857
11678.17096
10117.38025
8949.82231
7141.174524
7025.207547
7088.15191
5829.022055
4734.279667
348.8484574
3816.948363
3182.104594
3352.728038
6613.73921
5662.272192
2029.802004
2912.018373
2947.056748
2594.41541
2145.892732
2533.850352
3350.454484
2998.897522
3273.11124
3979.862489
1648.741511
1368.394963
439.5000269
977.5974605
505.883126
3696.24167
1496.437705
9018.701001
10017.60295
12716.27566
12826.49912
11594.60318
13667.6461
13749.7646
13636.95886
11807.25509
10347.68861
9755.637623
8355.479337
8315.751284
6607.991449
6476.248637
5619.469212
0
4853.605179
4158.595197
3774.749568
4451.410759
3960.343909
4066.745649
4428.553098
4578.070539
4628.158825
3958.950087
2819.848716
3360.956748
3648.707651
3861.994464
4180.714155
3795.840202
206.7204995
191.6257116
269.544952
596.4645619
1406.553252
4158.354547
3797.656865
8106.689556
11322.25366
8358.332065
9140.242284
11007.18126
10877.86889
12599.62587
13310.30156
11549.79249
11023.85878
9389.317246
8962.164027
7785.82266
7935.401342
6591.556941
4310.86145
3601.040508
5627.711854
1393.520352
4774.868675
4175.927009
4124.10845
3602.951771
4876.287603
4682.024125
4313.11419
4614.185031
4216.481673
3837.038113
3485.256826
3012.044825
3845.109885
4369.756256
5158.849418
186.4990499
194.3796441
3237.399473
5746.20096
3015.849914
4337.496531
4628.283863
3840.892723
9544.07277
8125.424
6788.572285
6743.510807
13690.98833
12046.05326
13939.59257
11693.57479
11806.84034
9396.624266
9354.892088
7162.902343
7023.34526
7067.319535
6365.494105
4126.632381
5970.746129
4129.963652
3634.364665
3334.298945
2684.751301
3559.076799
4094.032046
4814.002576
4148.079922
3117.488088
4098.589754
4864.763307
2789.372722
3647.249404
3581.159833
3207.14982
3487.713146
196.681626
496.2423229
457.1605889
552.9809941
1062.254198
1444.576148
2738.752634
6137.927474
9877.790398
5091.396444
11930.93356
14990.43978
12365.32014
12818.27023
12860.21336
11345.86903
10215.2203
9219.77089
8512.636658
7473.782905
6358.314438
4778.595613
5712.505627
3960.269248
4178.747749
4246.934129
3581.319467
4721.536151
4737.043648
5378.375328
4812.929413
5174.202009
4915.718243
3802.850985
4392.38371
4976.734616
4046.019653
4522.094083
4616.517613
4918.407602
1525.479862
696.0862439
2398.167953
284.1689003
227.394023
959.2398019
7732.695104
3795.084632
8300.905733
10537.69201
9829.467288
12678.94428
13409.76828
10859.58459
12455.15648
13185.63941
11128.52882
9882.649601
9255.951492
8948.774548
6746.936784
5604.006174
5550.625799
4719.889494
4989.926711
5530.42426
5289.147544
4696.281257
4780.789826
3629.547006
3614.418264
4147.290937
4346.817139
3961.037035
4303.511958
4317.687187
2963.899009
3705.585652
4274.82948
3994.541581
1974.606636
288.6588645
2668.533895
1090.11271
3222.311357
2007.323026
6617.016312
3552.555957
6120.953176
7609.213708
5196.914656
9123.110736
8811.936703
11992.72089
11687.43717
12265.18727
12131.39049
10221.95054
8459.914366
8561.207188
7636.667717
6541.789048
7075.495687
6647.976471
6280.25622
4525.653984
5109.350625
5759.440805
5502.994767
4591.284597
4174.604264
3493.75225
4343.25644
4793.697462
3518.571068
3488.926999
3255.183739
3337.354275
4210.143026
4233.766825
213.3426968
230.1134378
207.0174695
3086.783875
206.0972364
340.4068971
4156.295131
8782.313182
8308.671885
7184.240643
4842.217816
5023.945651
10745.07008
9872.407547
10817.52746
11984.17834
10961.66427
10050.67223
8561.217716
8915.417128
7881.745858
7278.173719
6840.71024
6269.596116
5389.210362
5453.367887
5135.925692
4999.264875
4680.560424
2478.710971
3394.542418
3317.601637
4296.693359
4930.990228
4880.44638
3325.352845
3298.738646
3768.81191
3091.404118
3122.248413
337.4868367
373.9345825
1630.908297
6354.162858
1089.377075
588.7042122
4530.167359
2344.475211
4589.498705
10894.90351
5946.043109
12288.85266
12629.92026
12784.38055
13295.17889
10234.00422
9533.786044
9558.760203
8873.449385
8246.154007
6266.309904
5965.40337
5645.413244
4498.847233
5551.33478
4901.784417
4413.796535
4666.520862
4806.79823
3841.15591
3907.867361
3689.139705
4320.400613
4190.478479
4882.347704
3505.891096
3948.616217
4021.4744
3841.228356
208.9941052
216.4430352
444.4867487
583.3947029
917.4502063
3851.867092
1180.92948
1926.801531
1890.902033
8864.731562
11027.87948
9212.784821
8833.96156
8962.750695
10844.04894
10308.54837
9921.357285
9301.285211
7426.26636
7639.829169
6992.841538
6304.615189
5578.141835
5613.568225
5411.51897
5123.934441
4783.029732
5366.324123
4426.743241
3795.194133
3930.812901
4110.85474
3857.753663
3097.478151
3321.223546
4040.082502
4064.236863
4080.467257
5002.899318
217.6356869
965.0240279
219.3174551
1703.131866
2142.714184
872.3892329
2437.510423
2012.701782
3647.943652
3132.953625
8878.329041
9637.115774
8332.106818
7782.299505
9654.369173
9688.048085
9234.223068
9106.117466
7689.149221
7667.912588
6253.483566
5713.308731
5603.538094
5356.455317
5011.498745
4898.657486
4898.55861
4839.686457
5666.861104
5172.259186
3193.402569
4177.076616
4336.332146
4144.742007
3785.210904
2824.889121
2960.531427
3186.362033
3385.950837
195.012436
1315.558875
2549.548704
173.9303793
1594.882884
4898.781086
4047.048552
2526.662319
3957.629295
6964.254303
7691.239936
5383.998469
8418.81504
8355.682333
8843.666262
9474.199018
9285.201551
9127.357665
8278.939259
6337.741861
6254.370744
6097.850739
6706.556575
5455.470466
4506.2514
5080.700835
5066.601678
4030.805006
4449.210887
4549.521747
3761.035786
3308.330837
3599.104587
3246.146538
3657.193612
3552.485687
3056.771741
2750.194234
235.9357048
998.0824769
244.3409986
361.4944931
213.8348435
4065.611786
4420.434139
1643.993689
3689.627361
4350.836182
4735.530462
6806.848261
6168.535911
6523.923393
8209.027392
9250.655467
7485.539984
8345.776684
7703.345815
6644.309583
5951.632396
6117.194558
5529.171962
5517.904829
4822.771398
4052.44634
4077.587529
4892.264501
4198.939843
4365.547971
3870.975033
3390.380877
2990.998244
3425.014281
3459.349338
3536.057989
2912.018447
3368.421301
1919.579464
1241.66671
1004.278971
2363.57562
1916.536156
1479.673588
993.4587221
2741.702538
4985.103245
4480.083613
2789.632755
5936.243891
7152.703981
8714.603197
8629.379444
7243.630309
6639.661166
6826.154703
6969.473319
5822.336267
5778.447489
5830.925957
5093.901909
4703.178365
4763.859915
4421.628518
4136.457054
4281.657609
3794.409783
3111.545979
3307.692304
3074.866391
3149.9695
3046.238953
3258.788836
2984.079407
3052.703615
248.1921738
821.6016646
994.9172443
684.0972053
3240.258264
2507.722449
1154.289189
4705.556125
2589.757634
7043.722625
7191.461301
5487.349165
7617.262212
6773.787194
6332.0937
7822.126263
6442.778886
6114.926261
6600.189086
5746.047065
6035.98054
5661.755004
4925.237634
4900.667747
4369.484079
3891.84062
3656.521376
3426.80049
4222.402436
4015.374003
4128.655402
4680.191979
3093.434389
3417.653932
3040.354418
2738.422801
3097.070783
1156.776233
893.3382359
2440.084042
2220.700723
3362.109425
1490.198287
2054.005647
2830.873518
6764.428922
5459.093067
3136.554347
6324.02856
5443.661304
4647.472601
4405.85702
6617.322873
4345.42415
6963.476281
4750.627714
4218.697836
5463.793736
4681.33264
4008.809857
4365.032829
4861.728614
3286.485206
4219.68131
3360.662464
4346.453599
4487.225221
3649.406004
3383.282353
2546.188876
3132.743437
3127.176473
2697.543171
226.7394413
1359.36188
768.7661236
2325.295758
295.4833624
1829.130998
1947.317648
3472.05177
1434.978384
2059.844795
4146.175517
5039.830075
4203.231256
3759.172032
5942.873188
3596.468036
5490.657158
5172.731676
5587.242713
4503.535573
5173.578093
4152.737317
4158.498445
4254.261931
3879.137592
3918.391819
4024.083165
3501.361402
3999.313101
4601.850884
4001.131601
3448.78717
3404.964803
2827.284513
2980.570058
202.7228477
208.9416659
215.3781523
288.9387729
1531.955043
501.5270797
2142.380636
2034.12734
1309.505248
3809.518925
2020.192491
5629.145627
2154.45495
2823.684852
5509.94238
5553.568011
3638.715774
4816.955689
3831.320174
3189.638718
3189.723619
3978.241193
3696.376716
2765.183119
3688.664613
3611.224849
3790.162042
2937.729047
2924.512372
3647.798125
4081.387365
3148.173354
2590.096157
2923.234138
2988.210852
214.4922571
214.2199131
464.0810121
1326.759794
264.5802528
583.4936405
1158.982841
5002.647363
7273.048944
1535.747448
5324.889577
3619.025101
4387.064893
5355.923748
3450.887882
6583.701937
7162.941839
5888.910603
3365.211735
2959.579322
4405.534311
4203.28263
4232.969023
3520.693342
3989.912548
3590.551005
4491.431171
3419.814888
3349.80593
3495.828091
3366.201578
3303.459059
2945.61817
3028.973062
179.7986247
182.7625143
197.4145717
189.2834465
266.1886423
542.9920681
632.4067492
1785.578026
2057.276419
1716.658766
4271.836407
2488.708058
4935.902472
3370.603021
4321.442042
4247.268971
3969.825294
3064.211592
3027.928817
3289.225063
4105.679862
3427.70397
3272.157768
3360.345542
2743.731276
4354.895374
3690.423001
3050.218604
3189.299673
3817.868232
3487.517527
2900.64698
2575.850776
231.6211599
217.7122054
215.5212664
3296.712005
2327.314723
987.8772689
1501.341735
2652.711525
2246.673423
1835.422961
3926.549578
2291.051134
2550.642144
2445.633939
4005.050349
3612.482859
2732.549028
3128.40257
2586.509767
2999.567121
3975.414006
3227.932024
3611.37413
3557.934775
3141.862022
4212.659232
4226.199801
4034.076937
2908.010551
3283.630578
3352.682752
3537.474009
229.5586594
211.0903664
553.5132641
1215.43988
211.8613717
1197.292038
1264.140594
2050.792952
3206.868742
3350.788203
1925.123867
1949.4223
3103.265795
2953.534738
2269.926752
2996.27737
2422.954826
3358.41409
2949.420871
3146.004466
2972.908595
3142.765915
2472.002157
2121.089771
2593.563951
4492.593657
4393.459817
3373.471588
2895.083246
3056.446323
2897.820967
231.2333893
1032.008636
1541.51091
1504.602372
307.7371676
797.4614587
911.0593515
2209.316872
1672.395333
902.4041865
1437.85544
2667.724305
3749.041117
3007.945174
2305.960608
2365.768107
3177.88816
3083.23781
2997.497991
2837.336729
3205.7516
3315.882026
1784.797275
1332.835724
2599.795293
3417.922589
3120.667066
2356.742477
2548.125591
2442.861429
261.098626
607.4739156
1139.419132
1393.062573
1174.506538
2228.07298
1191.342679
1224.926802
230.8379352
339.1260008
580.5757281
1500.520513
3072.081505
2813.123117
3521.015231
3283.273279
3659.815757
4329.433805
2989.805362
2799.256037
3080.285453
2291.645845
2909.424247
1867.833785
2518.506597
3069.14368
3018.154456
2295.679876
1416.610318
272.0805463
213.2793564
207.7150819
409.2037359
748.0141261
394.403304
970.6211313
413.5571323
320.913573
909.4959678
1037.931526
1080.660384
1641.059017
3046.223416
3720.650332
2323.550707
2548.916958
2442.331269
1624.308525
1449.241955
3009.909335
2488.252875
3342.421543
2604.150143
1629.170635
1900.586035
2713.47368
2862.082556
168.2254091
194.1965959
293.5038323
359.2848452
918.8181808
1254.753592
333.5987615
671.1888813
869.8192791
753.8044215
1001.263518
671.8697904
2251.926913
2623.311548
1360.332757
1995.698342
779.2629095
1363.121247
1520.80717
2222.457056
1488.067573
3017.38926
2731.07592
1988.00255
1622.645237
2422.814927
202.6537933
181.5071245
194.2788464
192.9166188
445.7848979
1005.199804
556.6968417
1152.640614
661.6291799
262.8248544
374.4411215
507.6387828
800.7668079
1790.457327
1785.724978
2088.749232
1890.47632
1365.3837
1483.216341
2093.265209
1965.751561
2595.056739
3230.39649
2232.932203
2158.032413
236.7561214
243.0452659
476.1627756
666.5750405
866.8114803
839.3656149
818.182109
266.6968054
225.426526
363.1903931
1376.73812
608.2585206
957.2468666
2041.761477
2255.836979
2572.478006
2107.707443
2592.682358
1916.798425
1759.511823
1537.040058
2503.149975
2018.023537
644.2623805
275.4396211
280.0197301
599.874511
953.6394876
448.1666917
393.6742097
401.7507186
929.2123677
1211.644479
1637.977561
1374.61994
1771.570203
2277.961482
1777.260977
1558.308876
1754.932177
1073.457754
1484.830111
549.9050369
789.8104295
685.2641463
532.3118893
354.0479327
538.4615509
1843.240887
686.0080028
1592.726397
194.1149499
196.3999338
205.3251465
217.9422322
6624.035019
4325.455231
4729.739303
5646.117061
6589.257974
12329.91429
10979.80091
8884.313709
11415.27407
13528.12495
13029.76053
12796.96202
11745.80231
9979.642407
10319.40553
5714.43842
3405.994349
0
0
1382.714917
2376.902609
2797.16537
2613.764429
5308.377624
4476.302826
5913.752603
5371.318162
3759.166067
3549.977055
3083.768725
3089.376689
2787.092743
2713.560785
193.3199307
206.2474105
379.1628361
900.1600277
381.1240888
4728.89873
5012.5389
4626.216759
10014.25702
11306.61853
12616.65777
9819.317634
14551.45574
12980.88363
13171.5332
12730.48863
11698.60614
10022.02761
7729.141363
7721.011252
5276.004592
0
0
1385.125932
1851.449166
1943.235404
2633.126175
3460.370674
3271.896686
3531.624715
3150.365366
2847.838631
1987.981504
2322.661439
4121.28445
2189.289666
2203.595462
220.9224226
229.1534375
2308.877822
4863.03661
926.9120554
1643.521692
3289.299072
4981.189818
7005.887842
10648.16527
10278.78937
13932.0208
14827.98768
16631.83269
14435.86184
12465.68898
10522.09793
8167.485822
7618.60311
6312.854874
5079.951295
3672.062161
0
0
2373.584689
2796.096965
3965.951889
4432.093782
5084.725578
3670.822447
2553.889174
3763.424999
2700.259309
3036.464805
3202.797159
3888.443239
3455.872108
3532.389953
179.7150788
628.9006004
3474.013536
197.4159967
3742.445173
1068.411244
1290.336595
5083.094255
5222.58861
8735.974078
8882.080312
12788.48035
15367.92717
15628.03836
13884.56752
12116.83754
10277.5017
9224.066929
9177.243587
7917.927935
4932.348765
2757.306256
0
0
3496.102749
1244.267665
3586.849979
3868.204846
5746.511604
4156.142285
4034.22832
3681.789544
3763.973772
2988.105845
2956.383069
3808.227394
3955.277265
2224.11131
572.9112414
1577.079408
3422.315014
250.8941742
1281.139539
4328.693368
3526.458261
3734.81408
7081.506067
10129.56683
13815.61442
12747.04366
13972.07126
12918.96187
12551.90077
10898.2201
10018.84038
8868.485993
5490.14021
6790.057948
3763.611167
0
2687.024196
2391.406324
3423.030187
4365.86489
5700.540355
9621.468608
7131.943332
3640.929284
4135.054231
3470.550191
2919.02601
4614.835655
2850.394458
2191.306513
2619.009457
219.683423
207.4391049
1158.314675
4639.515626
3931.529416
6910.405558
7048.598065
9377.59876
12626.14032
10321.12433
11770.20146
13678.28624
14035.39067
12921.01154
11879.96742
10743.58285
9406.564259
8895.276262
9424.033774
6808.140957
3993.799278
0
1880.244981
2931.751899
2942.440166
2324.589101
4029.905611
5290.229916
2624.13045
3599.578082
3353.412743
2808.774907
2760.520541
3608.122654
3369.617425
2763.268313
4575.628344
5266.851326
896.1564115
201.0698338
5145.921269
1666.959311
4951.160293
5722.41189
5077.329168
8822.633027
4467.560999
10054.64304
9945.018103
10298.56268
14749.2308
12932.41238
13358.91098
12093.90233
9372.554785
8407.087668
8638.417892
7887.395853
6910.22717
4644.587745
1056.746976
5848.605345
4371.878647
4425.423072
4250.173665
3374.226809
2558.80326
2620.035251
3458.770223
4454.943072
3994.879884
4551.972652
4155.848643
3215.953337
5657.546644
4833.948071
4632.193833
229.1576318
1116.39494
1969.004042
222.069902
374.1798582
930.8417336
1899.164079
3703.827556
8806.897885
8563.198083
9699.962083
12575.47584
14110.04225
13183.77942
12226.13593
10951.53112
9637.855772
9342.153058
8300.591178
5416.040043
7923.538977
3813.499982
2496.232695
2182.57643
4373.57771
4262.635412
3211.749094
3261.902077
3671.325764
4717.844895
3666.543118
3766.950361
4780.259215
4065.64016
3598.362126
5767.218559
5343.896493
3187.216939
2857.170174
3661.265781
5104.16615
666.3489496
805.9492104
172.6332784
1816.612467
209.7151044
1790.115409
5663.719926
6281.06194
11565.8204
7756.269782
11859.21119
8403.67323
11609.93543
14171.74423
11888.31082
11318.31373
11468.01259
10197.67995
7980.326747
7642.737953
7862.788476
5460.283308
4904.647466
5286.742465
5520.756988
5294.889037
7382.842936
4890.49276
4902.995023
4841.120685
5036.952997
5008.688348
4382.906919
4802.848288
4750.503722
4614.457549
4328.536915
3989.096945
3795.669044
4191.261429
3914.265053
1235.062713
997.6735737
2231.288297
361.6369843
2197.350284
3110.3114
4306.892628
7784.933625
7762.307161
11308.10038
6779.450225
11075.31939
13485.77715
11053.58835
12817.23858
12235.4788
9969.125325
8932.309486
6870.060716
7973.313463
6128.870142
5891.013906
5510.146224
4285.620729
4730.344321
4477.705745
4932.074648
3935.397978
4141.86318
3726.837548
3824.02771
4078.685558
4562.573822
4399.571769
4969.847715
4645.586352
3978.023295
3734.907115
3076.222509
3626.969072
210.0161211
207.9131938
1192.817114
543.5677282
3180.560228
3827.054758
2826.502254
7305.21344
6050.027241
9583.303854
10107.95871
11537.07923
11496.21018
11912.93424
11438.5982
12022.99421
9668.531727
9698.063019
9167.509286
7189.812899
6405.191102
5184.190437
5209.493404
5798.084424
5536.768754
4823.006744
4890.026826
4144.754971
3950.513387
5136.273357
3376.190988
3779.004261
3251.47405
2860.944713
4969.247852
3987.01202
5167.956072
3464.464975
3849.928069
3622.731055
245.0665168
474.3290383
423.1518395
257.7421816
1988.299187
898.1872806
8534.248011
2456.080786
6779.247102
6374.586428
12270.97555
13907.2643
12487.45696
11463.58674
12157.46833
10717.61735
9979.863982
9475.163491
9352.322016
7934.297197
6991.125268
5899.304196
6051.964096
5784.370434
5578.518435
4951.836243
5545.566484
4842.229057
5037.17992
5393.061289
4786.809333
5636.324964
5322.55115
3235.83598
2959.912608
3408.217643
3523.581686
4183.839663
4003.188255
3444.515726
3989.691287
1368.929049
704.6574262
2275.039205
1223.563547
4262.658374
881.9437344
3685.640011
5047.843011
8579.124665
11784.90987
11113.43895
11573.59154
11967.87441
10542.81089
9988.566507
8962.525268
8690.422992
8539.355649
7273.754448
6575.229221
6035.76293
5849.891596
4690.649338
5240.720965
4830.683707
5144.961272
4278.007697
5426.469708
4787.295934
2884.215757
2512.423814
3899.932249
5200.005896
5600.620083
5348.212129
3294.10387
3030.538177
3257.155095
213.269687
634.5583695
437.5108948
773.7959516
2261.846448
2726.995232
3548.196373
2679.238418
4206.937439
1608.507368
7895.786462
9707.28483
8700.318373
10551.95719
9674.490681
8968.296626
8162.801306
9194.201036
8168.025865
7010.663345
6664.964274
6229.040822
6380.891735
5366.508128
4986.804644
5492.256178
4537.344869
4242.645207
4397.803592
4029.677093
4063.452411
2828.443469
3343.422762
3055.67697
3365.225477
3868.764851
4124.604621
3325.937693
3248.234803
206.7027961
217.4956128
225.8345285
3158.400714
490.0156991
1881.175247
6350.748047
4127.113033
5776.724518
5895.029537
8990.542978
6701.253101
8520.933524
10606.54114
9105.242366
8367.580342
8749.540204
7606.31823
7842.081249
6805.686571
5899.811495
6235.414579
5049.799724
5278.904413
4955.404514
4488.080041
5106.816707
4214.253217
3920.260599
4072.171782
3744.835273
3481.430694
3629.816218
3488.939359
3970.773484
3892.716555
4197.288256
2949.714092
3335.084417
243.5074475
3943.963004
4083.420556
584.3437399
3641.776301
5327.634068
512.7237141
3086.918291
4195.803168
5785.293974
7509.77556
5748.989356
9263.58912
9410.387699
8230.838763
8153.883239
8038.121016
8065.269661
7134.656362
5590.807264
5968.450281
5212.273656
5185.018362
5704.354207
4948.97873
4226.692191
4488.666421
4104.328167
4336.573854
3111.539903
3830.390603
3342.048935
2803.321303
2966.974254
2807.746125
2638.543745
3373.333626
2946.983994
161.2337244
1132.543898
184.2646789
258.7923664
4787.756325
6250.429157
2339.976994
925.5962733
1626.494077
5610.863738
9868.124897
6999.572685
11721.59914
9789.510648
6217.289363
9352.079083
8430.529392
6698.988976
6986.319587
6257.743993
6673.027583
6261.663471
4920.327158
4390.629775
4434.781759
4206.595786
4474.285621
4786.70583
4298.552928
5158.112485
4081.455976
4506.649699
3186.525915
2882.369194
2839.221019
2671.937841
2369.212538
3435.599938
1217.242359
224.4411269
1679.873063
239.7774085
4337.787616
887.9154401
4448.351596
1708.506342
4476.471014
6545.084874
4195.251578
6415.564968
5527.948556
4723.482933
5175.504522
7639.808008
6582.147895
6381.883132
5817.916085
5003.687103
5369.504443
4591.042285
4046.229889
4176.733256
3961.760549
4226.412992
3988.325596
3479.629306
3745.42674
4339.908063
3972.612347
3586.676378
3033.873962
2365.635979
2919.888375
3258.760527
3122.179833
1074.085264
164.6805425
1540.697751
1551.697552
896.9256026
2230.701895
579.2541598
4513.481837
3096.564268
2645.259541
4335.949444
7749.850724
5778.76877
4571.619778
5504.663828
5362.340825
3315.724536
5859.651303
5408.590303
4477.808674
3927.237255
5336.24411
5200.485751
4144.112919
4352.355722
3380.981364
4521.656459
3336.118686
3610.336206
3751.047996
4109.474636
3751.290951
3099.58469
3258.915258
2981.561628
3900.132107
3558.472403
193.6368453
894.0015731
751.3896097
401.1000092
225.2874839
947.703205
1485.240664
1815.932106
3076.478093
3992.702379
7742.84946
5894.508054
5872.497054
4984.601408
4678.530784
3807.928518
6017.154381
6428.562453
5530.387566
5273.9028
4753.743625
4329.917663
4575.217038
3084.791657
3827.151758
3184.034181
3520.621909
3313.853744
3282.222955
3708.131305
3977.381358
3811.344666
3628.07238
2928.296737
2846.380761
3320.648024
230.2163521
227.9949798
225.330563
405.182418
202.7413233
204.7696437
268.11314
1400.226374
1055.941781
6179.762634
3496.88807
4945.411537
4683.702716
5378.163762
4475.83553
5400.492943
6098.573592
4720.565063
5111.570259
4449.572977
2873.791864
4168.895207
4945.051117
4155.84069
4210.77327
4124.600721
3463.06554
3774.410433
3189.509919
3323.698938
3117.130827
3039.810534
3429.693601
3270.50071
3044.455513
267.1378476
266.7541196
248.3827809
449.0274198
1274.027741
1680.22527
2995.476293
1344.889387
3768.331894
2448.89729
2999.968955
3896.686227
3204.430255
3670.977002
4701.225664
3135.040614
4501.447183
4562.099958
4341.340179
4240.069115
4069.755895
2885.083771
3851.091518
4772.996154
3611.791709
3079.287015
3832.582825
3430.294098
3904.751919
3262.338838
2865.480723
2817.038428
2828.917941
2636.201124
2706.856897
183.2771229
179.2125137
184.1211153
1797.169284
2145.47375
1852.108424
2414.104979
2499.313185
5929.907863
3739.339576
2316.788368
1085.597505
1788.204876
1825.377413
2419.757976
2620.751247
4682.523676
4356.133706
4228.808783
3977.94963
3764.424439
3392.277986
2699.989606
4061.902033
3845.375247
3456.186259
3463.025953
3421.856762
4056.261312
3054.977474
2742.463961
3193.633987
3061.210666
2699.697214
194.3457961
195.9988749
1780.879005
2883.667256
3898.642712
1153.668841
1144.887347
2201.762019
1584.83436
2931.912976
2371.559174
1461.854804
1502.758932
3072.321071
2324.898748
3225.115395
2912.626101
4106.446634
3962.307322
4357.363555
3360.864258
2251.656331
4064.120004
3625.076508
3674.920068
2709.681187
3704.31368
3526.280461
3383.445081
3015.479503
2311.833893
3115.447564
3054.555859
231.116013
2153.438897
928.0409153
1298.245469
2530.127696
767.3318617
2020.718211
1367.75478
564.3823319
2266.029117
673.606347
639.4322269
1631.549889
4853.081712
2720.043009
2994.202952
3448.552606
2855.600841
4163.106906
2307.913899
3570.4517
5021.633574
4270.130129
3041.81818
3647.608064
3180.212379
3714.67579
3803.439613
3462.266927
2774.460853
1668.371564
1928.086531
875.8733845
385.4195844
534.2351656
821.7848529
1313.026739
644.641878
1306.369533
666.8969361
995.7451478
451.3370176
662.9543409
1421.015813
3185.660133
5140.501315
2567.290603
2651.735346
3301.298759
4613.274686
3963.231578
2102.065643
2128.386842
2636.106713
3480.754804
3430.768364
3186.584213
3023.197687
3424.093491
3244.646402
2880.127308
2309.74999
1590.893131
257.9604302
253.9646909
258.502373
570.5436173
770.6488646
747.9097432
1285.54254
889.8333781
1707.90549
1602.336064
1156.45356
907.7160281
3477.453818
2095.478222
2064.432176
2556.893894
2294.826998
3423.299726
1841.258353
1693.306542
2352.390867
2778.678453
3260.570189
2566.025695
2933.41504
2186.933034
2170.232987
2107.414896
2356.155867
1671.679913
229.1660553
246.6890598
282.0481398
268.8487018
269.7273672
962.7679962
546.8662447
228.0974807
990.9799825
1663.031025
561.7985175
2496.796756
1999.836357
3176.876657
1995.672921
1513.123141
2637.719294
3201.092945
1219.778335
971.1361663
1825.045402
3232.927235
2517.932216
2004.484023
3219.238258
2316.196863
2004.758115
2205.24481
2506.309076
260.3835714
1885.7496
1733.444038
296.5908466
1274.810775
335.0977974
190.2969504
212.290031
1234.103247
1710.348757
2589.437266
765.4108631
1426.028921
2058.099222
1686.855193
2109.207279
2301.747255
643.2472251
1048.015409
1427.690253
2312.977796
2327.023773
2165.410876
2812.008656
2569.627922
2252.945202
2072.251017
2172.332783
2109.480128
355.5925049
224.9977456
972.6585876
210.9860316
214.657308
573.4981424
218.3510202
2006.43327
621.4336559
869.3386106
1293.385234
1654.605113
1294.311844
2678.462094
1822.142426
1169.817078
1120.450745
972.8127309
1858.995807
1991.678534
1833.937524
2128.541688
1437.848233
1120.667227
1264.655771
274.2902475
960.807075
1126.604594
509.4532365
1376.117615
839.596936
234.2870303
1494.542351
1093.866995
1038.032438
1709.361781
1653.757257
937.6052355
1525.143444
897.0892849
1198.06892
1298.161388
1296.027037
931.4037808
1743.761362
2148.030944
2434.540146
2049.759188
1214.602776
258.7110683
224.800264
871.1554945
658.9400646
386.3016303
718.517598
1384.047309
559.5797069
808.2890798
1491.350817
871.9632492
954.6766503
919.6549695
713.2070252
778.3750672
1376.446094
827.5819053
982.1101096
1212.01959
3228.730159
188.7277322
954.2300474
213.4268362
242.8904639
1288.996852
1518.083212
336.441499
326.5617837
1125.771432
804.4974489
588.3123
1112.268196
1436.211919
908.5415087
1732.186138
222.5580435
223.3592973
234.8382247
230.4661504
4420.092253
3625.260829
7205.022852
6891.992015
9618.203667
16546.69124
14999.87753
14531.43641
15486.09582
15568.37564
12684.92523
11403.88412
8554.3102
9495.962827
4869.737432
2829.421406
0
7.396443812e-13
3335.559165
4696.580474
3872.689642
3648.174831
1988.349621
2211.5513
5214.040443
5893.455857
3175.016069
5268.093577
1616.558203
4291.634938
3438.078607
184.5231138
470.9949478
1035.948658
5727.752537
6062.458427
7429.263703
10920.87333
3232.5894
6605.065136
11559.63943
15330.18185
13513.79142
15317.11588
15426.51129
13565.13885
10826.77681
10327.9578
7728.175581
6803.317388
2191.800632
0
342.4810247
1538.140018
1884.631664
6004.322549
1930.722463
2454.108494
3858.114258
3231.642253
3882.206816
5676.272478
3803.479055
3648.314037
4590.510413
4738.175965
253.7516757
980.6442249
1918.239375
219.4690647
4792.984909
570.7773904
950.4639616
8138.415955
8078.885117
9050.727017
14403.26725
15103.73026
16958.49323
13736.99849
12646.78481
11140.46254
10767.33512
9010.558938
4668.656447
2842.570199
0
0
1373.765747
4054.337307
2989.530243
1783.115665
5199.887209
4386.525732
2496.713914
2157.461346
2240.473729
3889.095904
4122.949731
5806.495757
4621.173512
4067.601889
213.9550519
796.5771103
2190.773996
309.4218482
2406.835635
1139.90582
1045.34589
7079.270638
9172.752458
7926.126086
10460.25484
13362.70315
13893.67673
13805.8971
12685.80093
10262.44131
8923.429895
7004.032782
5855.512589
3994.914951
0
0
3480.313313
4826.553162
1933.348947
3210.946629
4849.683538
3930.923604
2793.870663
3906.334169
3540.301095
2815.965516
2886.631469
2687.298765
4147.259967
2574.488886
210.6082663
1509.346922
1028.144131
2886.331987
2294.776422
2093.316501
6335.775206
8582.729057
5818.460439
11196.93067
13943.77092
14500.52779
13496.7414
12469.06885
12443.22906
11304.99135
9847.905038
8603.645025
6451.068182
4339.676712
0
316.987415
2539.103977
2094.162687
3248.078584
3252.495119
4089.57234
5493.739651
4994.324208
3236.560075
3961.069829
5591.960588
5475.295609
4921.544831
3854.082877
3903.968648
211.9091231
210.6897306
200.2440462
189.0883114
1714.346547
4959.892574
11045.86143
4018.126374
9717.71446
10749.78451
11472.63309
14088.84628
15396.5594
15013.15951
13252.96619
12294.70398
10646.92897
9721.451939
7376.488083
5110.699992
3703.536159
0
0
2270.182453
1144.658441
416.150024
2777.835223
3539.769032
6002.082029
3966.543288
5472.760919
4450.87973
3803.343301
4303.567016
4629.015392
7732.753727
4881.753949
4491.947953
264.935562
254.1322565
254.8934118
1632.29891
250.276306
7156.767571
4725.160325
4980.421593
8356.855906
5748.38498
11972.76702
13046.11103
12149.76655
14626.5193
13415.22213
12437.54162
11569.45132
9697.357461
8977.239516
7536.142432
4837.681074
1.101719383e-12
2530.821222
3061.069667
1640.463908
3720.740718
4157.66717
4756.86458
3213.85446
2820.576695
1038.579843
3630.318187
3117.200802
3466.29038
4943.716855
3463.509306
2957.752096
3350.700033
200.2854544
218.7724823
1488.310447
3266.588852
5563.462506
1191.119962
6639.794379
3646.786302
13213.92465
12124.52484
12567.60445
15618.6258
13483.77819
12057.42444
13253.51609
10872.89448
8906.207656
9830.129406
7384.040758
6300.905582
2813.894822
0
1.479288768e-12
2187.093722
4149.265121
3901.631733
4937.226353
5202.682254
4075.479779
4514.65273
3067.646802
3038.446957
2434.439544
4085.743193
4207.964546
4050.221592
3276.942142
3041.391653
2359.17683
168.9620693
164.6221759
3135.110354
3793.827672
884.7245448
1342.167356
6407.734811
5021.829017
9548.489041
15580.82392
13953.12917
9547.648188
11430.75232
12769.97899
12529.12963
11799.33741
10322.68659
10653.46263
7965.066076
7580.948534
3608.117585
992.3617375
5198.937288
4186.267115
4985.95908
5670.519515
5413.975105
4021.76268
5831.672194
5355.987378
4112.806646
4181.219124
5181.703316
4777.825223
3853.373396
4216.909072
5522.384489
3132.53814
3002.870078
2385.5181
222.441887
1614.636306
2790.62299
1813.145077
1390.29581
5094.375432
5168.366276
4818.723314
4248.427895
8419.493297
10719.98113
12535.47583
12660.2265
12095.74593
11053.03345
11866.22849
10093.76024
9871.553004
8498.305221
6076.723073
4913.221804
3843.725724
3814.661442
4796.153926
5655.637628
4961.289523
5698.335591
6288.652173
6200.844895
5861.236112
5685.732241
4886.407346
4535.093353
3956.259074
4127.707397
4502.772806
4480.894934
3358.864592
4365.170428
4633.990602
4419.30988
2567.628397
3161.213654
255.0934456
1800.072102
1574.068112
3298.797865
4946.577076
5136.244503
5204.973773
7081.4663
8381.590197
8576.361518
12761.27474
11826.59482
12001.49956
12257.66708
10700.23879
9797.210314
9589.475173
10715.57612
6696.397952
8013.127934
4001.32823
5041.818815
5515.287186
6553.304393
4910.998439
4261.051149
4626.518337
3821.203857
4338.111682
5186.529324
3290.829869
5395.987209
3615.088516
3937.531789
4057.777265
3572.623719
3328.834351
4115.642332
3799.286776
212.7063815
966.3013998
197.3693252
715.6861007
4562.423962
923.0358284
8455.871964
5865.130468
5694.830251
3537.612459
8151.997621
11744.1049
12396.55757
10021.11092
11967.46218
12573.66443
10262.07582
9062.851343
8237.29363
7136.327891
6315.316412
5581.356011
5431.635273
4585.86414
4725.64895
4484.691502
3830.029646
4070.188137
4722.261048
4257.165854
5669.388054
4933.841859
3971.096094
4371.835128
3416.920793
4308.531119
5848.498388
5100.077771
3477.736315
3862.749001
199.6531438
573.2440251
243.1290744
486.0552364
1406.253676
2094.561815
4952.718148
3345.494882
3831.783269
3852.222868
3464.206289
10634.84232
11940.36337
11239.30605
12115.95084
12286.83228
11052.42921
9009.209062
8643.123224
7215.297252
6423.094699
5988.043277
5700.467722
5936.535656
4471.511746
4773.327782
4785.732841
4816.42201
4417.609577
3266.044346
3601.298072
4433.945963
3871.484141
4269.85219
4259.110729
4373.234967
4364.631913
6344.113605
3916.25787
4055.100989
209.73463
5923.19944
226.6245085
240.3112463
4041.663893
5835.391859
2832.910023
2994.345238
6662.267248
5117.366632
7320.755327
10725.33505
9258.235194
10253.24291
11470.75092
11705.7301
11210.15413
10339.23439
8773.143993
7432.177197
6751.141267
5528.157055
5219.256629
5451.758916
4550.899029
4906.203351
5244.648011
5368.822299
5123.482619
4299.650415
4066.632864
3482.297495
2913.294894
2365.532467
3482.811948
2818.18215
4230.427063
4037.690965
3610.925159
4045.932435
1900.094296
1002.224396
221.7910332
4510.378209
1991.360013
3501.528635
5333.76176
2332.803105
4896.269326
9271.774006
6363.328714
9866.323555
7990.049608
11425.80495
10653.04594
9797.37253
9148.200597
7619.949073
7495.250716
6943.226502
6830.073978
5980.598215
5288.30044
5760.268057
4810.342452
5039.502303
4450.007877
5260.534638
3978.832202
3482.219498
3290.854454
2897.400082
2370.802392
2997.054159
2650.647018
3063.592217
3463.176745
3868.775398
3672.98593
261.3849166
1157.002862
407.514995
1757.769346
282.2653816
3926.870334
5564.335214
782.3211614
2723.049295
8813.207407
6308.74754
9905.887112
11222.15887
10600.15997
10415.04729
9710.777861
8825.013154
8137.677661
7963.771341
7674.802209
6807.405033
5671.01677
5749.424495
5563.547496
4053.040294
4721.508805
4553.085203
4062.05581
4500.739612
4304.265933
4076.68156
3597.247942
2911.992044
2199.888649
2238.919897
2513.256629
3094.888176
3045.902106
2641.660792
1641.438273
218.2559286
1719.638126
896.0559298
478.8268004
1447.696616
1779.523422
4416.231263
2910.098615
1644.032286
8785.833085
8422.217609
8724.519066
8814.502254
8307.319164
7755.810404
8895.271203
7332.823074
6420.041378
6534.236517
7328.009533
5938.667118
6129.926812
4865.680345
5418.000011
5811.816651
4654.063209
5139.378638
4900.808432
3737.602432
3458.540637
3296.87321
2947.758132
2889.262762
3025.15935
2341.504467
2922.643178
2660.519055
214.3060417
199.7799674
2624.600702
550.6372176
211.8341567
1096.869746
674.2340038
2036.617352
4937.518267
3277.657054
4445.187741
7367.534687
8492.226146
7846.10176
7645.0699
6663.011194
6764.500871
7607.89895
5717.325696
6576.331399
5041.459384
5754.02918
5152.316628
4836.470647
3975.356373
4335.098227
4051.920103
3930.921797
4468.630951
4252.595831
3484.755786
3026.195311
2817.196366
3182.437362
3572.349885
2832.410897
2831.094704
3087.448625
221.3917839
218.3763018
940.0150626
287.3045289
2163.407418
549.0580739
2675.151086
2464.516199
4300.938223
2506.808061
4802.474869
4993.145451
6267.184526
5497.556221
5529.906069
6257.831906
8130.23153
6548.607769
6851.919895
4336.066591
4695.56588
4657.279805
3701.413389
3893.74591
3339.781336
3714.724659
3410.255042
3440.013269
3607.863375
3355.987551
3958.195319
3479.4362
3477.292643
3309.140338
3555.360854
2831.13375
3151.503334
187.7676351
211.9070987
980.3478476
221.8681508
1819.074453
2370.188429
269.4928149
1655.279997
2784.471097
1530.867674
2462.349863
4383.858465
3664.874672
3952.4507
4796.496998
6808.237131
6180.989191
6450.548094
6052.675049
5738.747411
5191.25226
5249.394326
4013.641833
3914.565076
3714.989222
3143.173785
3426.104135
3135.823599
2994.798583
3115.787946
3131.864419
3614.521608
3026.360287
3125.825775
2776.795496
2498.331616
2094.17815
217.2365515
190.777176
210.4195795
225.6463918
2590.309098
1023.151403
1212.452532
2666.572066
3281.414248
3183.093154
4271.59854
3466.58492
3479.8353
4177.700388
3191.123528
5239.539384
4792.64563
4055.467305
4825.862156
5153.828652
4117.653373
4381.458067
4321.946864
4178.361806
4080.818263
3163.062255
3471.624897
3343.544004
3066.536851
2676.576862
2724.395219
2957.035577
3158.035886
3294.432279
2282.199967
2609.164247
174.1875323
182.1579764
188.4999206
290.4905435
2561.095753
2288.938442
2687.830393
1684.490456
5450.199057
3182.992685
4482.401813
1482.872128
4405.449909
3106.88113
3186.427891
4375.800097
4900.141988
4630.161648
4360.076515
4111.204896
4693.414769
3659.941365
4022.605431
3756.367041
3906.186253
3446.2243
2802.772313
3073.232448
2749.551081
2544.092495
2873.411419
2639.473349
3574.907506
3754.724886
2781.944567
157.5215715
151.7397291
147.8435106
152.4101005
565.9631783
3982.606299
635.9405874
4159.532113
2321.801962
1188.319835
2656.43478
3991.840468
3480.886992
3727.499001
4612.332927
3767.100363
3338.860839
2919.900674
3101.573283
3973.642353
3888.962928
3493.809649
3420.955467
3941.515041
3830.392628
3863.433065
3171.352283
2847.880086
3204.262998
3339.725112
3235.901268
2812.09549
3093.334335
2953.570633
172.7443399
185.3980797
206.0011024
1504.746858
1240.518275
2021.686957
1354.176132
1963.618996
3655.711471
1066.034722
1448.157533
3644.250177
1730.015597
3082.142185
3200.379663
4426.650516
1954.071577
4117.303202
3476.101006
3014.14615
3026.342479
2955.708125
3826.64321
3824.139044
4340.918291
3535.488385
3084.719362
3038.11719
2999.621611
2258.088409
1941.196189
2071.73155
2252.370551
2164.126046
239.5626297
242.7861957
2708.332582
3728.4492
219.7183651
215.7891249
217.624171
3721.288552
1022.559761
1110.724355
2006.037726
1460.362762
2801.965253
2986.921255
2947.052812
2258.063773
2652.122309
2982.376839
2362.747152
2303.330143
2681.966845
2765.046511
2558.98853
3642.532744
4257.223386
2545.815323
2712.58919
2817.634149
3142.479707
4081.105752
3286.055693
2374.695717
2638.341018
271.1226822
2162.345519
271.7818758
266.390404
619.7907017
900.2660538
2483.621115
731.2471906
2753.345005
1213.641648
1198.193344
880.6703594
1617.913305
2012.634305
2324.335076
1104.846456
2727.823602
2834.460989
1922.761415
2153.127607
2305.312178
2753.417821
2394.185557
2775.614188
3104.283576
2859.311109
2819.598017
2279.65195
2349.015664
2496.955483
1940.461706
1616.698854
2721.467171
233.5583611
245.4375148
202.9747207
461.6328462
2935.500659
804.2053585
1531.514622
524.4590332
792.9015522
1554.622318
840.9229678
1742.896422
3369.125422
3011.064207
2019.61165
2710.436945
2081.850848
2428.282223
2769.755653
2073.644606
2037.847489
1829.950635
2318.011862
2247.05636
2180.34327
1848.596368
1863.406357
2324.588425
2774.223957
2689.295623
209.6898524
215.7822938
841.3622013
825.8883911
1324.216892
204.9788135
248.8854637
373.0461719
289.8484002
667.9472274
2069.410804
1691.988971
1609.980634
1704.000331
1607.735064
2052.138658
2134.571618
1742.885795
2142.257628
1970.279616
2074.109768
1268.712264
1644.385648
2272.974816
3016.354427
2223.609475
1926.223268
2091.005763
2367.258262
164.6331624
291.8530379
553.3243812
719.0218825
217.3481099
338.1040265
205.1942409
317.1686441
384.9775024
1007.822204
1279.971404
1629.971362
1513.628116
1799.037682
1816.381907
1762.603132
1711.150926
1346.576515
2560.01432
2130.698117
892.5718455
1551.446674
2162.391117
2269.734526
3154.067618
1701.364625
2270.091437
2087.224942
241.8110332
227.7616225
350.1933975
644.0007792
1158.679071
355.1505304
216.3689497
206.0695539
449.7977591
1217.19834
2437.379956
529.5154922
936.038402
1651.645722
2615.620994
2193.256937
1915.89382
2341.219492
1990.836678
1881.199749
1151.339357
2347.995833
1822.180631
1923.452649
3294.998177
1956.943938
1621.857776
209.1964744
521.0178298
785.9349614
1001.690325
539.1483878
206.6915032
195.9728326
378.2567745
1502.495317
1986.463503
755.5530324
895.2427347
1382.59424
480.6908711
1585.901931
1346.797283
1123.596445
1491.150724
1390.815166
834.6767208
1523.871383
860.1167917
1610.473991
2278.369918
1796.342167
288.9690368
427.3107796
1044.826814
617.4130816
621.082409
331.5166057
904.504029
2223.69889
726.9364296
697.3082732
1413.708589
617.5736067
413.9448938
1694.130322
1856.317653
1644.166296
1411.997391
550.3136184
768.6368692
757.6380746
689.0440612
831.2859769
2205.119606
322.2828671
272.2110333
426.0575637
290.8392815
580.3749058
1026.13674
1447.804275
1344.420123
1444.145822
1183.347697
755.2472789
2252.126809
1675.341509
1893.446649
1497.660727
844.2170448
344.5617369
1185.686461
1353.404038
605.7673752
923.2521232
1008.282251
1064.455444
493.8554668
835.0734516
838.7713645
2340.026495
549.4225166
344.7002196
1847.746971
333.9134246
5798.026323
8289.118953
5268.210415
5005.224937
9916.692597
11703.4269
13522.08698
16485.43829
14199.57159
15153.93922
12434.41288
10507.56304
7348.269349
5390.552878
0
0
0
3636.638319
3701.06167
2445.863219
3943.270865
2807.892323
3349.457943
2260.568096
6019.491417
4613.876369
4158.257754
4677.246744
2686.874617
204.3772441
379.898048
2767.200472
4294.106682
3216.789062
3229.02053
12318.35549
10466.26901
8378.507035
11207.65515
15063.83267
15395.31613
14212.92417
14520.43497
11477.14826
10430.78806
8068.364914
5156.825088
0
0
-1.972385025e-12
5461.413378
4871.453992
2495.877108
3086.350609
2093.84892
2372.602419
4726.775181
7061.438929
4985.067592
2770.561891
2691.464428
3174.786979
302.7021687
1048.41975
228.3681218
511.7826597
3197.426879
5760.818768
6814.581878
11728.65786
10750.24506
11830.1442
14060.49641
15013.58616
15380.39883
14227.60968
10809.70661
9785.321483
9377.030384
4468.104423
0
0
454.3433656
1942.933881
859.592159
3584.393911
5683.353717
4125.203638
4116.508376
3115.894293
4121.738437
4215.43667
2978.360754
2039.040041
2881.681287
190.7367229
2930.298668
4259.268947
4479.75699
2730.100454
1438.588998
3000.898716
8524.361188
10568.37423
10936.80646
12109.09587
16376.84532
15209.27432
13587.30801
10922.31717
9406.191809
10202.75861
8036.577854
3692.273481
0
0
161.9765755
2418.86258
6046.324768
8680.09288
5854.583742
2980.833936
5551.094512
4559.424006
5984.425269
2374.322145
2491.583206
5114.464348
5828.368165
4918.18789
2564.407685
2249.511026
1615.324585
678.4539574
9399.408304
1970.461817
9290.895784
7211.969348
8920.186295
11741.39695
14242.2722
14529.11466
13980.70399
12608.81888
12335.89022
10686.56508
10334.19851
6971.839052
3850.452584
0
0
1449.235128
2657.03789
0
2234.816176
4163.150057
2574.607161
3213.664608
2371.407423
1214.182661
3468.776647
4168.309621
5133.774137
33.49005703
3640.771236
202.353942
3019.332552
463.2252092
173.2721981
1007.239231
1108.069037
5168.233649
5163.113722
7183.654108
10960.98658
9559.643754
14941.13747
16023.83326
15979.49703
12784.36044
10801.26595
8567.3795
9045.137091
4716.517435
0
2438.026697
1577.673405
2046.994027
2511.786501
4333.350779
3992.190696
2020.834386
1885.946127
2755.563699
4292.967455
4018.930598
2070.542314
3189.736201
4019.450565
2327.804555
189.8002854
195.987845
224.8308036
329.8764645
301.5074653
2382.131234
3485.365828
3027.780598
8930.778745
12936.39571
11527.03286
13152.10047
13151.57643
13116.3356
13070.44822
10660.60625
9969.200436
6781.151688
6250.128032
3940.210702
0
0
143.8109348
1847.325616
2270.730238
4379.315445
4283.045157
2551.897439
3321.876988
4050.677603
6148.709984
5785.319098
5252.914941
3307.379047
2562.496967
4237.514635
3101.166335
248.9657898
257.885635
257.1892908
255.6405347
259.7646201
612.9994035
1596.800054
2941.814474
8055.969107
10110.98655
11777.99783
15096.38177
14065.14426
12959.28628
12806.29088
11575.07106
10151.09241
9033.81341
7128.022227
4221.081119
0
0
1548.063471
3532.149139
6634.03867
4341.057426
2771.535373
4105.413854
4202.4737
5537.098729
4486.29895
5132.350171
4581.492722
4734.675511
3952.543791
2706.800109
3450.446743
3971.050795
162.5019638
192.7583711
199.824879
970.9105857
5080.235836
1171.236907
5018.585477
5435.55797
5417.305531
7699.373247
11726.28418
14131.61715
15642.89289
13347.2067
13057.71746
12304.47801
10566.15137
10079.12404
9318.317264
5619.308731
3327.670905
2717.405542
2288.594673
3454.106997
3907.8048
3213.075641
4056.701822
2572.56473
4338.575551
5743.600786
2838.696882
3806.496165
4153.843416
4141.181207
3548.682053
3426.306534
1998.821233
1724.253935
2090.887844
2072.289326
242.1989233
250.6441588
422.9342918
5891.690257
2355.55117
2959.543183
3513.450686
4677.16259
5330.809676
11248.69264
13282.05223
12151.50987
14448.46173
12322.26052
12059.73739
9739.115636
10979.49679
7409.308442
3918.005465
1864.539861
2641.941401
6631.219214
4919.463254
4851.759697
6165.415325
5063.878587
5251.57976
5836.605673
5756.257978
5243.982137
3948.494354
4671.381853
4887.83178
4528.784648
3882.206031
4983.908551
3488.355943
3725.555638
199.4822694
211.1624636
3476.471564
191.5484089
871.0810722
2120.635115
3585.735522
4941.104753
4577.872762
8816.304945
12859.31653
11936.73517
11977.40774
13186.94214
12521.82364
11715.06972
10520.54753
9578.044217
7359.383908
6374.057421
5457.943336
5597.266437
4669.839546
4736.682277
5108.039005
4414.368388
3765.705048
4395.204105
5791.892131
5468.107229
4267.053472
4054.392147
4550.575387
4751.441581
6160.288977
5776.538256
4194.221752
4169.585577
4186.550459
2996.506615
2820.386272
197.1738878
166.0730579
2307.03579
1728.94553
615.6267344
1786.594134
6729.560015
4991.667777
5963.027984
2652.516701
6833.5291
7128.298307
10724.21483
11468.81904
10579.22299
12618.69427
10887.18503
9296.116714
8043.069098
6498.061809
6274.467009
6812.986213
5859.916422
5020.827985
4940.30383
4970.690502
4958.983283
4586.828335
4636.038216
4837.951273
4663.248075
4161.030951
5387.675365
5211.120412
4080.564385
3790.747177
4182.450244
5006.084628
4348.731126
2785.375265
3028.566241
226.9147603
2608.223063
4765.190626
343.9660235
1340.116657
8078.17876
8236.506255
1638.272147
6355.405342
4615.512743
6769.239883
12924.15636
10361.05621
13709.2629
11349.53472
10889.27695
9922.087375
8760.061794
7533.117645
7257.71304
6343.611339
5967.321923
6358.114823
6133.467617
5151.952736
5088.544516
4620.814649
3886.582921
3805.547652
3128.874218
3177.186774
5408.741303
4735.773124
4289.673695
4464.767063
4255.941292
4582.121231
3885.108014
5725.019458
3909.086204
217.3859987
2080.188274
207.4265136
202.4370878
992.2483204
5076.944937
1871.245157
3412.526869
9440.082779
9901.596753
10550.76537
10333.82498
10528.7515
12346.54978
11849.33723
10547.88778
10109.54978
9524.955362
8511.233131
7166.592758
6690.146804
5365.837848
5703.905978
5020.387751
5082.05556
4724.414617
4723.938916
4061.896341
4284.920195
3215.469036
3883.653783
3494.219781
4517.128212
3649.916362
2854.766719
3937.485169
3554.492732
3366.738321
4514.483361
3237.994262
252.5516564
251.7829586
251.8492284
647.1909855
936.8793815
1188.337538
7191.937773
2036.012983
2229.608183
4518.208326
8600.974568
9170.738942
7719.523508
11302.83798
9962.135318
10006.78334
8546.175634
9313.937164
9205.774273
7996.172495
6906.919017
5491.820117
5683.874894
6040.68052
4738.016475
3920.899797
4163.573374
3972.163028
3767.551907
4261.03877
4493.219721
3795.09926
3294.369256
4154.860723
3626.134356
2351.829603
2349.974751
2479.909564
2406.423445
2726.244707
211.1198482
1101.881818
2301.797952
392.3717039
658.9044897
1243.901003
1162.319926
2808.284089
3765.958465
9637.080603
7501.755994
6752.037331
9647.18864
9887.435261
11088.03978
6480.508147
7572.868886
7967.141921
7477.75718
6954.149842
6136.467678
5448.854569
5907.373294
4372.13978
4779.590267
3884.983441
3700.899238
3846.23191
3230.447945
2763.831077
3203.893685
2971.186734
1961.872885
2700.907101
3199.986453
3778.202663
2667.802048
3529.752526
3367.842695
236.8101158
200.3987425
1501.273048
1206.414111
533.6378191
210.0657284
1008.78459
2915.816059
6790.453393
8887.146152
6356.270426
5855.477476
6540.556661
8608.152836
9418.012254
7158.639469
7059.689867
8301.997403
8568.815163
7206.123883
6268.623889
6292.292865
5634.179431
5084.297582
5123.999763
4919.208512
5417.680576
4367.875735
4093.288733
3928.806778
4174.429605
3561.826452
3512.519249
2980.695618
2731.57807
2560.712648
2874.393455
2134.307038
2013.746755
216.201067
384.9831231
949.1204758
459.8252279
375.8683933
399.6901901
9438.526597
4984.268972
5768.653478
6287.488733
4968.968611
5489.893294
8325.494082
8562.586514
6608.738148
6947.228188
6569.957064
6271.034091
5293.614897
5855.756391
5281.677986
4976.906375
5981.636542
4810.210047
4670.575315
4037.235826
3939.823121
4674.152005
3825.189178
3131.808952
3216.731828
4001.542979
3012.824599
3355.32264
2807.75882
3031.651116
2819.175433
2195.534381
207.6459428
232.3259613
1249.112483
218.3340308
513.8648695
791.6739344
4046.902549
393.8999448
3168.167511
4578.473274
4372.485643
5735.791605
6422.61695
6588.510692
6953.494716
5613.521634
5856.895999
6433.226854
5308.057863
5429.344995
5474.454594
4880.291733
5248.496472
4814.272287
4695.528746
3964.858378
4064.382898
4871.67685
3113.839052
2946.65626
3249.09421
3312.028657
3775.061744
3059.287807
2610.632685
2903.094486
3062.138229
3213.244425
219.8268033
226.3636075
221.2299335
730.6748132
1541.217423
704.1435112
510.391217
4546.788596
4505.734378
2078.34568
3165.713319
3813.308509
6306.080924
8186.776468
6413.240975
5505.550369
4221.49976
5216.938911
5389.055802
5485.996341
4811.016595
4098.789197
3491.426076
2856.469438
3517.532157
3430.307091
3265.625692
3853.937765
4052.041191
3758.037764
3391.328505
2694.154263
2744.048278
2550.782327
2492.546988
2586.047399
2495.405385
214.2290265
211.1857915
216.1870996
309.2356404
461.8369519
2091.537696
4620.824226
2988.377288
2061.456173
3681.442623
3806.647799
6621.87216
7535.268175
3791.602542
2081.03779
3764.677248
3790.711325
4625.850315
5078.743277
4589.397343
5309.49501
4145.667349
4392.782421
3191.584048
3715.149888
2955.298289
3137.705874
4119.459553
3161.917921
3166.133852
3029.50353
3349.920874
2441.907089
2478.245362
3219.435735
2914.638949
215.5489366
192.5605222
1211.460753
642.3098892
638.946662
1684.758013
3158.406063
2868.726994
1940.241146
778.7381042
4578.630636
3949.003827
5207.741167
4312.138721
4969.755736
4499.978027
3518.162262
4777.237735
3369.880098
3488.540382
3609.656633
2887.666858
3453.703177
4064.309808
3980.420051
4317.065837
3516.335557
2472.446037
2897.756707
2414.047191
2992.119369
3025.136934
3234.045507
2358.786854
2586.755576
2628.505754
199.9102899
206.5837939
191.8331986
525.946306
579.4123947
775.324812
392.623163
2959.496479
1754.494328
5635.747746
1618.993494
3694.63733
2924.233106
2077.650297
2917.296104
4038.216755
3640.975753
4469.601498
4193.392263
4183.195567
4086.049367
4299.026287
4440.611865
4355.577491
3093.64982
3548.550178
3411.969351
2994.594284
2461.683578
2092.516256
2302.371701
2289.528042
3434.675806
2679.093933
2941.140436
216.3246634
214.1252182
211.0818538
1894.677489
1998.04794
1047.493978
791.2035508
724.7475183
3964.424451
2919.939177
1786.001393
931.2840628
2908.388686
3018.18922
2762.476396
2359.453276
3694.408355
4332.056491
4402.91578
4114.717167
3434.500993
3360.42187
3729.665245
3385.523565
2608.465936
2710.663716
2880.882106
2871.871365
2964.346245
3144.837145
2344.248796
2472.775196
2777.262316
2880.051192
218.3614184
237.3550913
251.8122458
3135.27686
444.503529
329.373589
528.0864754
1855.783216
1719.061927
1637.149468
1122.612733
1562.919674
1655.194484
1007.952463
995.0130535
1927.106843
2184.159348
3398.927055
2690.202905
1972.248533
1872.578625
2624.435296
3041.345325
2853.322333
2227.948984
2118.188835
1813.866021
2181.019379
2285.786814
2105.833136
1853.314221
1916.401142
2218.378913
203.646822
210.856221
269.4738045
314.7371944
1195.90339
752.0902669
796.0389289
424.783526
524.3137776
345.9327787
249.7897609
1257.247295
1719.01137
969.9435435
2429.439214
3170.48134
2284.9761
4644.439678
2897.33389
2901.919375
1743.511717
1814.929163
2861.572804
3094.792437
2604.732176
2135.273999
1780.990822
1681.269233
1640.679275
1616.338591
2063.193299
2104.979009
171.0231227
193.8406424
720.9414602
1100.691933
267.2547736
882.3552698
513.1045292
1182.285216
1049.662246
511.4659642
707.6469461
1393.081609
1238.546839
1655.381847
3119.515681
2035.072944
2299.493536
3203.573978
1752.482127
2576.389317
2082.732285
1169.900095
2096.036118
2226.72647
2501.877759
2721.51715
2399.228616
2270.735888
2060.846996
1876.169359
1774.978835
1829.439578
230.7795504
636.455791
840.9541381
411.2207968
530.1655725
568.7560493
673.6109074
623.9631051
630.088844
534.244224
209.2574828
625.8995038
2255.09922
3047.005835
1858.944769
2279.695096
2795.392292
1541.121157
2051.700651
1467.964571
1195.044746
1790.426452
1790.840031
2906.093111
3292.012672
2438.327611
2401.558648
2024.953671
2182.086335
172.38824
188.8958426
317.2782313
420.4788261
638.7819631
1100.428846
296.7236989
204.4861827
284.9372967
794.5338392
2504.046669
2085.681557
700.0800301
2222.855964
2555.569619
1646.974527
2016.226379
2310.533886
1901.19818
2073.83505
1463.532677
1587.48336
1680.836921
967.2476132
2498.654051
2828.780623
1510.734689
1605.23791
1954.406603
236.0653085
226.1511587
746.2568561
221.8323027
254.1153675
450.2411466
772.9166595
518.1232974
1190.132822
2323.279404
498.6928222
690.077144
2346.682038
2537.991406
1428.100493
1947.789197
1198.569648
2186.411152
2188.812616
1338.430461
1076.197745
1355.799023
1591.062997
1572.764915
2041.939279
1532.646487
1390.420718
211.3555758
196.6052372
534.5119812
454.9705577
258.1842455
319.7004447
859.5770991
939.6366929
805.5480794
1237.571579
241.749807
1867.06112
1590.281389
1479.292827
1662.299295
1780.728586
1013.636636
2192.990491
1778.13047
1385.455458
1009.165042
1107.774391
1519.054626
978.6828233
1659.768572
1760.202517
278.1687119
303.2273664
488.0773904
468.7554031
207.9795317
465.6687697
665.0350628
570.1841869
1187.253072
1304.356731
1936.355493
937.790697
963.1076748
1395.460689
958.6220512
1432.174651
2051.910858
2158.511824
2077.895044
2238.055052
2114.314905
2073.198786
1275.505594
1316.574674
237.1995345
662.1546012
286.8359756
322.6977891
706.9676206
885.1708277
1801.946768
961.8878689
706.6526118
1738.249651
1130.297411
1260.101531
607.6398262
768.5356586
1442.269983
1850.224137
1694.160952
2343.39123
1639.874334
1242.416245
422.0674957
674.5512167
1059.623213
1505.497227
1138.02828
341.9844134
460.9548443
1800.349109
774.970297
1001.172526
1064.719933
615.8775021
752.2933108
216.0649125
219.4439625
201.7375742
2592.475483
579.0927621
4146.184239
4605.979468
7886.236894
4408.268007
9438.433418
13355.9164
14712.53608
16699.03698
13903.76853
12857.34547
11664.70076
8942.547826
5573.447572
0
0
0
1.044203833e-12
0
3474.694782
1808.719031
1019.40594
2770.276401
2531.348109
3757.128426
4814.86416
4688.384231
3549.562216
4171.774433
1245.126798
2134.699563
380.0758889
2430.073565
2789.873557
3014.74018
569.7481445
9637.165294
9107.758672
10845.89901
11713.44501
14873.31644
14893.7478
13000.84306
11825.58821
10247.85232
6306.311664
4782.660701
0
0
0
1049.811561
-1.775146515e-12
0
0
536.6426995
559.002812
5816.022858
7442.94354
4929.321991
4964.055541
3552.962871
3235.093433
185.2959041
3178.723409
5137.618111
1482.13661
3691.75806
1006.876505
3086.28917
8680.142553
8080.83184
11377.68733
13452.73634
15848.2537
14926.42255
14390.52985
12138.76706
10674.238
8582.092735
5078.108818
0
0
2301.281096
1808.570861
3666.989317
897.462031
1629.186032
1130.591424
3449.677822
5928.629252
3709.008922
2698.045864
5567.300752
3695.398182
3452.390483
216.1161028
207.9894035
202.4663127
204.4462043
1548.473678
1175.562114
2030.583718
3468.602202
8180.486357
11877.17595
14129.53941
15904.02664
12768.17353
14991.66642
12126.22134
10906.71945
11285.83249
4436.059174
0
0
1.109466577e-12
2825.87747
3416.325104
3523.425729
-2.218933144e-12
6341.060535
5844.517387
4695.028108
4128.437044
4064.487631
2960.957798
3097.273386
3485.630085
213.7522757
208.5231198
209.5876978
192.1103328
2737.496766
5894.177816
6803.135892
6057.18047
8469.367905
10009.48676
16741.97354
16634.15347
13408.12313
14964.88057
12081.85892
10979.68184
10781.37265
6214.264269
3343.098649
0
0
415.4268256
7507.338632
7614.853842
4148.678956
2145.447322
3242.743564
3168.300567
3067.608532
2898.437576
3134.085813
4042.149722
4137.126686
6392.618101
5757.056547
178.4469869
175.0145809
183.3361825
862.3877805
1853.174549
200.1606803
8537.519398
4822.387995
9020.979739
7358.076876
14315.32564
16153.6537
15920.53928
12796.00658
11384.79743
11944.5943
9114.187949
3503.360322
0
-2.218933142e-12
4698.527409
1442.028068
2802.895846
2851.138181
2885.822008
4036.320874
3053.698978
2014.707785
3988.994484
4963.76066
6001.22848
4317.789245
4207.661124
4270.308324
211.4291954
235.1220281
1189.581154
507.6525174
214.6204147
2416.031779
1891.838173
2791.028401
12894.11202
9828.73154
13706.16179
14862.26685
14198.88676
12876.46907
11199.20512
12781.63769
7712.779849
4964.901266
0
0
1668.850853
2040.306427
3397.059892
3661.731961
2746.269191
2448.413657
3315.161353
8618.5506
5989.805919
4671.971384
5897.25853
6219.671691
1915.303721
2969.392435
3928.766836
222.3542735
217.2076609
4055.822844
231.6595413
237.4449751
312.6755681
794.0325488
5599.600006
9920.265121
10496.33633
14734.54702
15378.90707
13939.13469
14352.7559
11465.83343
9751.619803
9341.941681
7823.626991
3625.919948
0
706.8232352
2304.632404
5163.496015
4643.238853
2448.367877
4257.767301
3576.248874
3500.975548
3664.998401
4907.860891
4233.376635
3105.036737
3182.990896
4084.449872
3297.475475
3767.497411
202.797862
4845.574689
2402.954769
200.3309787
1491.399841
4587.031824
3639.911489
4794.06089
5867.676432
9992.576958
10416.19512
13342.46113
14669.97632
12767.14588
12917.5508
12178.07829
11241.84073
7315.529448
4716.078316
0
0
4606.642991
5671.860556
4576.912866
4254.96537
4976.357217
5757.180844
5173.082135
4771.099779
7051.277072
5731.56472
4779.395131
3606.752968
1626.619905
1872.939855
3329.370249
4845.864372
203.0008181
567.9834015
218.3562035
2709.78605
207.9680889
1824.972565
3673.669095
1650.327286
7155.733703
7586.1532
9555.097999
13188.44292
14765.89014
12467.3504
14695.95737
11264.07934
9568.362167
7944.549028
6414.933307
3293.715488
0
0
1958.627645
3847.409185
6588.834791
6876.119549
5405.729135
5814.942313
3681.071043
3374.32414
4970.09415
4647.595913
3980.663173
3622.519174
2487.794037
2579.393426
3449.880151
3758.906146
2339.778774
226.2428539
218.6648749
2845.351487
3203.116535
3381.857216
5979.925433
8235.169591
6970.893832
11635.15134
7672.928047
10649.47337
14524.02824
14404.93937
13498.89083
12459.472
10620.21008
8953.466093
7504.841359
4452.65147
4476.116853
5343.900544
3277.251053
2161.240843
4837.008341
5165.059664
7401.651917
5788.490419
5213.300223
5758.368768
3982.938526
4881.43729
5289.318653
4160.188722
3554.673301
3836.086562
4052.308017
4133.676576
3687.699081
5642.111747
4600.435599
2763.786199
216.611223
220.7980755
229.0678982
1385.028199
6368.328295
570.2935597
9170.085336
9890.993709
8597.831883
6263.756679
8408.604556
11372.84022
11713.99778
13879.81654
12726.75031
11732.95991
9427.747463
7142.935692
5213.848999
4732.44196
5747.757222
6037.726934
5842.842941
4743.383087
4055.109935
4007.292273
3796.224383
3616.720787
3597.23596
4731.89468
3980.882124
4314.086558
3407.408579
3683.314593
4151.016699
4563.822155
5476.449916
3695.357738
3604.041221
4374.807129
3158.618583
247.0987226
237.1029455
209.2008734
1226.394847
631.8762597
231.5279834
6297.124531
634.0835935
3038.224178
8453.16647
10587.55996
12279.38368
11265.79075
12246.41717
12054.79395
10782.59878
9959.491331
9062.640173
6299.722433
6729.075716
6049.19503
6120.368809
5897.134168
6425.176057
5453.702548
4940.279288
5012.11346
4324.941497
3822.846909
3038.993451
4072.411621
3236.893238
3620.519445
4277.299965
2951.038645
4277.744935
3017.745558
3206.18871
3370.062207
3040.204165
3400.375453
223.737387
295.3865899
207.1869613
203.4459489
207.5015555
621.2697257
5833.788061
4891.474376
6383.831928
8716.388883
9880.316433
11344.21442
13590.65877
12917.36792
11490.87717
10783.60014
8428.761374
8570.088868
7718.227631
6814.141191
5531.773645
5245.144638
5622.374361
4875.625043
6442.657659
5946.798383
5809.695676
4794.29696
4044.272149
4773.0314
3658.140668
2814.703939
4225.604778
3786.70177
3044.667958
3217.257543
2841.924737
2813.755733
3282.545047
3289.331874
621.6369403
378.5925408
398.3277131
382.6168792
1421.446036
665.7949503
1445.339135
4061.17602
4303.735958
3332.844161
11935.41356
10462.02701
11864.41428
12865.36155
11148.66533
10183.98818
9018.778072
7622.100811
7876.297559
7381.599456
6771.897211
5351.835342
5576.558788
4769.027724
4024.433585
5168.715953
4447.552488
4065.159665
2825.34911
3173.313642
4174.378768
3845.927419
3911.81426
4731.739579
3880.754381
3458.481633
2944.441527
3032.408064
2312.826208
2920.769915
442.0332389
2953.857913
2397.697956
225.4249859
1225.812134
1301.096972
2415.258343
5700.847845
7280.201758
8279.124909
8925.465193
9187.050761
9780.260915
9085.44815
9017.913687
7288.883635
7949.665928
8325.068589
6716.817285
5153.156391
4448.521028
5001.519893
4454.019586
3975.404181
3509.2589
4124.406669
4292.089119
4304.185718
3106.057089
3355.688247
3132.376869
3984.930575
4173.690748
4146.133696
4474.671287
4660.509425
3420.689459
2319.385892
2495.902775
1042.738019
2452.907112
407.8352885
219.7630747
258.3505073
426.6485954
2556.56093
5663.75961
6349.843594
6652.658182
6098.909672
8997.603595
5766.407856
9446.97034
9981.066233
8028.635788
8773.663685
8273.773563
8492.306455
7270.870279
5443.826998
4346.270755
4340.328366
4422.350305
4354.954702
3496.519463
3815.048223
3428.233053
3552.962873
3226.279734
3537.033819
4729.038863
4353.308975
3502.74141
3128.99467
3265.014257
2991.320037
3137.372529
3166.83219
209.5569993
220.815733
597.3863164
551.3024696
486.1920049
314.8059728
5694.261525
5718.83883
3802.871451
7594.555474
4166.180648
6133.644299
4931.865723
8067.737041
8160.169692
7757.772723
7282.331878
6400.548062
7514.744178
6361.951996
5516.767124
4884.884119
4428.804152
4318.594413
5256.773801
5283.183713
4128.773147
3724.571271
3288.948974
2796.882914
2584.643464
2770.581868
2990.947907
3576.348323
3289.599707
2504.596779
2559.45883
2499.242628
2398.720037
234.2158489
361.2297203
1277.691987
795.7483614
4851.031161
3623.518524
2803.460012
6779.982649
1880.190833
3880.693985
3507.960856
5262.408411
5022.507784
5200.008149
6094.498605
4011.391684
6172.040147
6843.618262
5476.505354
5193.170241
3878.444579
4068.697368
4338.346203
5341.077511
4963.140283
4020.974451
3611.517179
3694.456795
3084.8916
3378.449116
3652.834167
3179.85053
2964.248999
3259.453567
2652.948197
2240.682
2236.617549
2728.35122
205.0684126
227.8157483
261.2172522
3054.385119
536.562243
3548.286988
5131.818082
2259.89118
3929.179317
1891.17918
3950.384675
6192.094621
6225.628459
6531.897795
2709.042957
5797.467957
7160.029819
6947.767236
6814.265304
4744.888558
4411.557666
4862.151045
4415.363883
3831.628621
3266.61053
3593.229587
4448.990572
5771.705504
3638.10561
2996.760096
3015.222332
2882.324336
2879.652536
3053.358455
2645.901965
2151.378636
2211.630946
209.8847522
220.449399
248.3836777
2944.281269
264.2767148
1752.429675
3493.017423
1716.473789
2715.678018
2813.550821
3276.636521
6095.50466
3370.547309
4672.888469
3379.998172
4519.320297
5316.606355
4725.582242
4134.403301
5081.995492
4216.907903
3753.438029
4495.687928
4295.072218
4287.256448
3542.783578
3125.694837
3140.11893
3298.559146
2704.609544
3140.349591
3324.94681
3234.155207
2976.887073
2650.086011
2419.091713
2414.74744
218.1283715
278.1214513
2198.65212
201.0868768
183.2856364
1252.845357
1743.901424
462.4694307
713.4135482
1527.527788
3719.305892
5030.769277
1297.550469
2530.905174
3226.494264
4525.208433
5115.112436
4683.141509
3270.629892
5454.409145
5084.506496
3467.192518
4331.42061
3621.943531
3585.80812
3293.329768
2985.619761
3133.851519
3382.095714
3206.601544
2749.156078
2416.602584
2827.096375
2403.486336
2414.813469
2747.970437
217.5480351
436.4816465
1138.048048
582.7012857
1618.081887
538.0693115
680.9420778
980.6353204
693.0991726
1208.89552
1582.426715
1596.650847
1541.928128
1906.888682
2135.840546
3047.335257
3263.446935
3382.3425
2935.808939
4397.380163
3126.498593
2617.971333
2689.09304
1867.117888
1531.208682
1811.326403
2553.331028
2489.49215
2158.427916
2817.458022
2751.284527
2707.268192
3151.03131
2730.128156
2882.580824
215.3917064
936.3126304
228.6885305
433.9978726
1734.700837
1905.662781
1233.684466
395.44347
2478.582381
2443.161369
3025.196997
2836.822244
1454.366537
1566.191996
3318.551366
3022.980776
2134.83584
4059.58928
3347.119634
3527.302481
2740.104487
3392.303277
3229.682067
3481.78096
2092.408537
1953.955962
2952.048356
3313.709567
2844.525824
2190.9576
2528.175205
2548.354876
2821.768976
2595.371414
221.1468415
204.9256737
187.4954935
189.7874368
324.1350061
1351.517662
1388.957629
950.1128257
1150.328252
2137.830719
1683.903293
587.4773727
2088.845152
2210.142227
2201.951289
2488.68396
2505.453609
1693.986085
2504.84219
2762.576978
2758.503516
2681.620744
2423.835019
2123.578662
2967.149387
2650.401499
1779.237309
2142.036538
1739.959361
2130.53687
2116.993658
2035.650594
2177.3394
2282.255772
255.9195969
236.6402142
227.8023368
2261.052889
931.1740118
970.4008869
1314.981694
495.73774
2785.959196
571.1603137
1412.520278
1002.933767
863.3417578
1588.789656
1268.265406
2294.873455
2558.823078
2520.295943
1545.162037
2136.869977
2743.991577
2595.996646
2697.951172
2698.296094
2759.131991
2676.655064
1806.971611
2479.713943
2641.948866
2229.48815
1987.059739
1663.631747
1975.092865
237.9363977
571.7145415
223.7480482
1016.293297
435.0342939
4439.820446
524.5409862
1680.065747
773.2264685
1162.966547
988.0680059
328.2245985
1255.351796
1286.564461
1265.261833
2238.841006
1371.707073
1251.428578
747.1720449
1326.270781
1760.568816
1625.415908
1879.599263
1416.20324
2899.818368
3051.299755
2398.65696
2105.154376
2746.849284
2226.34279
1340.453774
1090.604847
629.8731113
271.2867123
288.9501162
593.2257666
2362.800407
680.1229722
285.7611082
1331.520417
1197.529787
1404.651929
898.7825526
1752.961487
712.5104772
381.3820943
2370.185697
3202.531081
1443.607195
1388.464939
2078.027566
1396.953058
1670.20288
2508.92106
2219.59059
2128.400248
2537.806019
2168.549581
2499.425221
2251.903292
2313.004837
2369.491986
2101.649399
197.2997896
877.0202797
724.7433391
377.5185677
1424.326777
215.9021137
357.5481345
350.0076904
2230.722203
852.445687
1869.011915
770.9727229
903.2597485
2256.57183
1832.586749
1417.961835
1024.272877
1890.093312
1042.911244
1002.486473
1967.173915
1581.324821
1920.218788
2172.34998
1317.453851
1372.198742
1676.216664
1426.320642
1563.779733
182.3350875
602.1526611
371.8809418
892.2683334
436.2363943
190.0223055
187.2377833
428.0222848
1889.351462
377.4887633
896.5604496
1966.886864
1403.988892
980.176651
1022.834374
1558.125181
1378.995183
1878.20361
2039.786746
1769.555458
1527.677843
1313.682438
1785.183403
2236.301745
1639.942795
1401.607568
1008.852702
1625.940102
569.2103775
1307.953483
952.8796668
715.9016836
298.6781628
267.2432953
360.9607862
262.2595988
1170.918481
988.7608504
1163.554407
1910.900298
1225.047855
1406.223484
1366.430835
1757.559112
2297.112919
1939.125355
2478.985553
1178.049016
1471.716638
1494.735752
2300.187659
1890.30442
1927.22495
1242.916672
1374.813685
1176.729434
311.5901767
632.4483783
552.7333322
311.392923
416.7355593
302.7718471
1099.65423
526.2721351
820.3023648
1150.839769
1033.906002
2266.422853
1200.721203
1562.570281
1059.865313
515.0928891
818.9156077
1296.343923
870.2423659
726.1680699
1020.068311
905.8423311
1578.864168
232.8116849
216.5732341
567.5189751
334.3797882
1286.228488
1058.26442
312.5999256
380.6024869
1066.720303
581.1865556
1601.250917
1575.734429
1005.276472
1860.780004
1478.972268
902.7466823
1142.106226
1496.396459
1001.593939
917.0428206
1031.398152
598.0067541
2116.280115
282.160797
365.4813593
642.1513929
1158.7221
1239.099345
1119.19571
1191.994506
580.4337183
642.8672761
1065.528582
991.8200305
1118.985249
1107.134844
1770.362313
1165.712032
1787.776015
1902.809091
1391.818278
212.2815378
1034.540487
160.6175694
856.8661068
1034.638976
172.9788021
197.928115
199.6576521
387.216705
356.285615
1848.873749
7158.474762
7484.735296
9595.073587
13489.54416
16638.27068
15606.62943
15564.28956
11698.81846
10072.81119
7414.362066
5635.573368
0
0
4.671438219e-13
0
0
4512.754125
10133.3045
2801.859386
4514.091826
2191.197202
1571.129472
5523.698622
4839.909462
6235.709209
3948.711281
220.5119501
217.7466104
222.1493055
1780.113298
1237.860745
4425.698329
5154.590212
7905.383473
9711.718231
15471.23162
15690.35445
15273.29998
15009.14569
10861.26528
10045.19259
8286.655914
5569.724688
0
0
7.396443846e-13
1324.181804
-2.629846689e-12
1527.252422
3599.758081
4979.712384
8693.809475
1542.061514
3118.800189
4831.27291
4405.341672
4047.761729
3358.881668
233.4977577
231.4323682
199.9975522
6220.627916
2515.955286
5761.73775
4009.139656
3077.283979
11153.14
11957.50938
15204.89309
16217.41758
13422.68463
12760.26873
11545.00336
8366.618847
5521.607719
0
0
-6.339809014e-13
122.6141779
787.8976985
972.9811388
1664.392156
4424.116103
4692.807147
5663.161051
2966.259139
4366.149388
5095.845509
1398.54774
3058.988711
208.1425921
200.9481247
192.4983984
193.3444087
4948.368878
10080.60271
4525.095329
4479.668868
11792.57338
8065.387382
13481.22165
15938.25632
14398.007
14908.15655
11462.04148
10116.46252
5138.521153
-5.000649651e-13
1.479288763e-12
2823.440799
290.0940413
3803.641599
6257.590139
937.9836099
4872.699209
7640.422255
4465.895972
5881.681446
3653.326043
4454.325507
4126.662565
1281.80819
171.975133
188.2235021
185.9255752
4519.341452
193.5654966
829.9302809
3942.192253
8752.174865
8513.509065
7896.328926
16098.50108
15505.93176
15061.93213
13203.14797
11663.85159
7933.240665
5806.217291
2657.494228
0
0
2965.446078
4528.647675
1563.888752
3079.426855
4766.403198
1686.494174
1594.45472
2354.463435
2974.986596
4558.934656
5257.679208
5183.993629
4730.816089
3763.771463
194.37737
210.4150185
496.3992145
232.1803966
344.8323887
1055.185861
5638.068015
8458.190273
3435.122342
13024.78555
16099.0629
17568.82388
16060.27143
14150.59963
13216.92347
10647.95346
8605.020225
3391.794662
0
-3.698221903e-13
5067.332015
5655.003203
302.7497745
1493.355765
4076.108437
3613.964513
5031.437748
2012.047745
2716.017562
7372.496992
5445.338526
5624.462471
5303.212553
4748.226413
215.9747956
209.1190241
215.6365111
214.4702357
6768.768885
7215.531656
661.4227768
1617.069624
5909.936678
14551.09933
15554.99365
15426.13136
14345.66399
14333.13456
12270.61919
10871.89355
9520.879094
4935.001506
0
0
665.6321561
140.5367523
1864.891976
1678.648001
2445.111435
3462.00005
3910.773968
4567.84656
3964.557139
4034.899735
5506.136963
4429.52909
3719.150439
2708.838332
2834.257133
162.1490861
179.9654918
1022.452623
7376.957978
1345.676644
2239.696088
457.6178924
2741.058081
9883.447725
12190.24271
13557.83849
14926.99795
14217.81795
13636.38615
11994.20389
8939.429424
6086.611614
2721.013859
0
3244.081402
1750.757557
1490.062239
3563.775495
4478.27678
4934.058135
2479.831289
3062.813819
3304.213998
2726.43305
4438.616293
3654.444181
4614.803499
4299.36207
5887.162263
4410.711116
222.2827779
219.8229061
4833.298164
3713.551032
506.9154989
1233.832857
2771.993923
4979.445852
4343.595424
10542.38172
11563.79663
15127.23662
14206.90769
13659.14275
12864.03181
12741.99784
7704.80474
5592.825875
0
1508.508318
2893.036123
2242.20684
3085.41853
4461.59689
5802.751253
5485.724709
5862.500126
5753.845092
6603.872558
2462.273392
5890.251676
4966.212133
4697.374248
3531.617113
2841.664816
3400.041599
212.8443271
3286.004572
613.1387251
959.631874
563.8906168
426.680808
4072.496472
10094.89133
13876.35043
13958.30318
15038.87553
14295.40513
15219.78992
13976.62278
12787.56013
10388.31241
8077.20742
5179.268062
3981.231834
548.2113045
3046.258888
1232.541363
3706.865457
2949.868215
3817.1256
5627.664464
5745.496505
5457.85109
4618.884942
5208.536626
4866.117762
3514.824041
3349.353226
2780.148949
2370.511887
3250.637169
2160.102729
3190.082945
228.6176126
258.7380709
212.7285679
1161.934404
4578.476949
2473.245877
5697.315675
11479.83228
9221.19018
14233.75245
9488.833816
8981.65401
13408.30526
14126.91686
12737.02305
10881.14186
8350.61334
6586.062017
6181.354922
-6.098894735e-12
2525.367247
679.6495478
3376.609859
4072.891207
6192.505888
5446.982535
4422.451368
4083.952349
3846.464164
4854.500113
3964.142761
3340.234148
4474.662171
4595.435209
4128.344437
3168.331637
2851.166052
3951.637792
5030.606011
4493.569725
188.1515228
234.4386731
4101.962708
566.393952
1375.905124
372.4024024
1838.339501
4821.790675
4052.092073
7876.970153
7811.818661
12416.60668
12366.45727
13055.2743
10976.18634
9456.527906
9210.045655
7579.332085
5048.364236
6035.123505
4798.141529
4720.323387
5753.889385
3973.103849
5558.600325
6651.793926
4831.838557
4286.010741
3870.536301
5454.861226
4620.479882
5416.441439
4724.914235
2646.220648
3942.33413
4476.140434
4395.822078
3689.49361
4159.103322
4060.064377
4906.078538
234.7513501
231.1871782
1215.141792
887.6506708
530.1049823
548.6635816
2479.301813
2602.631671
7974.501198
8278.60158
8418.993686
12915.19405
11559.90066
13653.52632
12386.10203
11862.42003
9660.130899
9945.211747
7029.904746
6057.431764
6568.933584
6203.383577
5632.093056
5172.299612
4286.372108
3963.924828
4878.186702
4504.453716
5039.306004
4890.728452
4043.58967
3249.245637
4013.514706
3370.787132
4334.243659
4052.795716
4503.575663
4147.616894
2234.889037
2959.389806
3082.013002
217.7295365
207.0509557
3957.7247
736.5995521
1533.949345
2122.211681
5751.660986
5050.694484
5100.323413
5715.2813
9900.830907
10913.26
9997.359195
10322.95567
11498.67486
10758.89093
10378.89211
9216.34717
8481.95647
7709.672233
6543.993141
6578.486172
5733.287331
4706.809179
4447.20572
5310.911375
4400.024374
5190.41831
4965.449041
5838.759201
4239.508601
3957.483654
4025.674078
3206.589114
4357.669921
4669.410765
3135.379802
3117.657007
3289.240675
3673.27224
2767.639911
1011.993745
3037.531108
1062.508209
661.9346086
4086.354847
5490.971353
2722.028307
4123.156717
4828.339867
7889.536207
9470.330949
10678.54305
10249.42076
11975.9585
12023.39711
9785.861621
9266.40875
9019.44761
7737.828592
6061.774902
6062.336486
6155.800823
4891.971009
4745.735627
5237.986129
5443.295295
4654.449129
4408.442383
4199.60146
3116.784475
3154.07728
3622.222869
3700.199938
3828.105396
4409.108267
4366.6083
3183.438929
3579.892998
3547.206148
2301.288178
198.1294282
3671.026613
1269.635391
2572.592698
5625.237731
4089.081755
2050.269417
4167.363391
3136.653024
3407.939385
5627.847501
8941.905572
9885.035048
8860.000188
10460.2935
8324.440016
8124.145725
8415.457317
7229.788832
5729.657329
5633.471359
5881.37988
5569.519113
5045.072039
4206.045922
4304.6731
4404.355331
3903.423314
4043.040669
4187.660656
4126.121929
4131.833251
3011.07941
4081.366636
4704.321306
4275.704561
3064.871995
2841.527884
3861.024692
4037.540342
458.8195931
757.6802986
1105.786998
526.8235525
2677.14541
357.4260985
7778.179139
1447.719909
6584.897849
5626.582807
7655.10571
9845.433127
4255.679507
10287.36691
8742.985678
7695.145109
8055.596179
7873.642015
6174.506679
5263.05347
5376.413148
4884.209657
4842.027069
4921.421945
4215.202062
3996.617561
4049.332673
3807.142957
3829.641247
2605.209393
3065.189555
3052.70056
2619.866648
3456.391285
3385.271623
3349.70458
2790.124905
2549.584484
2892.546885
1738.730449
214.2212372
983.7692243
634.9864023
2026.686576
575.3103953
4083.924635
1882.950692
8622.067307
3615.326167
6694.173877
8665.494293
8241.67857
8002.672759
8129.986265
7672.322771
8823.215827
7054.567896
7786.318818
6915.781809
4952.478463
4811.70229
4405.228813
3812.059051
5059.027991
3763.881268
3064.410473
3005.834968
3102.91134
3013.9805
3126.789664
3667.54471
2834.66403
3084.915825
2666.942466
3302.548653
3518.03852
2548.166622
2390.354123
235.2787767
1084.258769
399.8647197
2237.117282
5046.242409
1165.532911
1866.871487
4606.483182
537.6762639
2277.303993
3862.611192
7359.797077
6138.518358
4183.84399
7177.271181
8024.629621
5658.928844
7650.120242
6618.263949
5672.352111
4967.318064
4716.322221
3598.283553
3679.628115
4375.183803
4309.097609
3946.996515
3362.246914
3041.689688
3121.472619
3178.18623
3253.684731
2502.017306
2728.370257
2815.553101
2879.98843
3085.236891
2837.150499
225.5745811
249.9542848
248.3654883
3385.199954
670.7056991
235.1542484
1567.556866
3677.107591
3858.783056
2146.002225
3179.311962
7147.698336
5701.90571
7872.598064
6040.629448
6769.486062
6485.592688
5572.950688
4940.847389
5787.137513
4746.307147
4342.966328
4319.279853
3943.427703
3493.34066
3298.615507
2849.315154
3205.310273
3199.371778
3092.979731
3219.491263
3507.394097
3588.270875
2970.194953
2864.464556
3138.803665
3723.917391
2564.639296
201.8578768
195.2209442
1389.493534
1207.479452
1141.657159
230.9819207
1874.040467
480.8309341
4043.017552
4939.583232
3717.093082
2257.175399
4987.480925
4085.43755
4297.891628
3915.825992
4103.503688
3301.316263
3783.637793
4571.884074
4346.641406
3697.498436
3765.890065
3573.772282
3791.667094
3424.113075
3171.372029
3998.33187
3308.492552
3258.186056
2291.361118
2187.58086
2523.445123
1948.435607
2670.210785
2521.834438
2819.711795
420.6535852
1593.945186
1769.943645
412.7193037
549.7629364
2538.592392
315.1275366
2691.695573
3730.717153
3066.193468
1507.611551
3556.746447
2424.010063
3849.768674
3579.840322
4555.212944
3219.733421
4997.636512
3366.984545
3794.410062
3013.324858
3382.006358
3008.755368
3589.539922
3669.071022
3128.287715
2967.478014
3284.873554
1819.669684
2307.170185
2302.686106
2359.090772
2496.629863
1999.141089
2318.896757
1828.458619
248.9623603
278.2883974
684.6804783
760.4156979
412.7863043
1572.666213
2693.514353
1395.231341
2254.350725
2833.444567
986.1078699
3100.535751
2689.933134
2950.642982
2019.413462
4356.421113
3477.035891
3712.082004
3476.159804
3047.065139
3646.41525
2707.085769
2895.175492
2686.79075
3056.18363
2996.182873
3264.865384
3057.623695
3379.397161
2731.079756
2286.244665
2501.778717
2621.948419
2402.743995
2241.074086
2344.785056
261.4229034
252.3956581
256.4079232
283.7557545
536.6102614
2796.175518
812.4777057
1624.8462
4978.932246
3622.247358
3179.766873
3602.950051
2246.627443
3145.254713
4009.55572
4924.297696
3293.217328
3137.612828
2869.116516
4220.437604
5699.837754
2383.948875
2752.092447
2957.234064
3830.353873
3197.877008
3344.83426
3238.88333
3397.327109
2629.603987
2463.196606
2405.524951
2425.86956
2395.022858
2067.976109
235.6223396
542.8498485
232.5780514
262.18422
2167.231438
384.8318028
2395.098355
5929.335196
238.8131071
392.2181482
2517.798562
1323.212749
1423.137746
2551.15584
2921.721125
2818.470263
3052.739843
1844.554588
1674.548518
3435.524458
3111.247862
2369.098669
2307.631975
2149.104368
2481.867865
2272.220425
2166.645086
2595.495444
2123.68365
2195.713625
2296.246097
2388.536031
2342.632089
2686.526533
688.4033276
1438.623991
416.7512986
2299.713171
823.3714219
3020.992709
5142.317628
658.3094982
1757.617554
3459.568865
2801.762546
309.6754751
1754.002382
1860.407582
2536.285967
3070.967322
2919.494113
1592.84075
2578.191393
2949.971794
2877.478939
2536.506377
3244.069806
3059.065019
3388.636871
2821.207634
2281.234173
2324.466746
1735.926766
1338.820284
1621.130944
1974.977929
2247.39882
1595.28217
351.6564496
950.7723883
647.4921262
1816.354962
992.3366197
469.7440788
573.4864031
2090.526775
1115.091506
1740.334884
606.5426988
1705.809331
1392.523271
2983.176156
2139.751249
1162.07309
1302.658997
1505.389888
2485.653359
1988.513981
2762.987919
1544.027953
1776.592971
2441.240165
1960.129387
1821.357565
2585.895092
2337.113404
2603.048161
2441.179147
1953.146805
227.6585766
231.62973
565.0567625
518.9909666
502.5110585
2038.599187
266.3251816
1619.509592
595.2236838
2104.57035
1630.146415
923.9888891
1705.6504
1003.05267
2245.55219
836.252993
2280.872012
1180.876502
988.9112102
2108.971013
1583.386509
1918.505073
1286.238798
1911.597862
2171.599861
1997.934714
1906.111301
1970.115098
1915.099187
2046.79616
1876.7456
177.408196
650.2371697
194.423744
450.883156
782.8114429
1023.784727
869.7287548
488.499397
784.9326964
1088.369576
1349.638742
1004.544388
1648.532766
1889.952469
1168.263103
1589.472786
1986.855559
857.3581819
1199.044311
1653.472398
1405.917893
2368.554514
1969.222322
1819.741759
2191.750331
1920.844111
1710.257233
1560.850238
2212.689192
1996.043587
206.5743671
376.4587084
233.7070753
239.5623585
237.2224728
233.940574
703.6411362
1555.869311
979.0054757
1600.117401
712.9318383
697.9584449
1121.648254
327.1278414
414.1860505
916.222943
1118.595877
756.3807611
712.207268
1432.678634
1291.837508
1781.492674
1635.944921
1734.565344
1405.145012
763.7399348
901.8202021
1355.491738
180.4607792
218.3203613
216.0236739
232.9228033
246.0324722
814.2131037
272.0989654
671.3982506
1631.85424
1672.008635
1632.454111
378.8335116
283.5939557
338.9968137
668.7806305
761.4869804
1586.21757
1477.61828
1052.173083
1950.414489
1973.23625
1671.743694
1480.810995
1118.588373
1130.742492
646.1485624
565.0539092
169.0711495
177.9325592
178.2331216
319.2813666
1101.544033
164.0922252
1051.209903
436.3267567
1130.887997
1400.774178
486.4052566
507.7931537
720.9235092
363.1242055
293.6588979
1338.954233
1575.638217
1258.250181
1690.520696
749.7906121
805.300336
968.4035751
1245.418742
1059.504443
966.3809307
200.5632009
196.9831154
825.3198165
989.4481229
255.4969828
208.8335225
366.2595851
2306.604787
458.529601
1035.579259
1568.769406
1087.999184
330.5527356
261.3440734
906.2803343
743.9184084
1008.593035
2300.347721
1820.321091
1053.017242
750.2565098
1164.516237
915.2380784
309.4716805
798.9003635
422.5183423
585.7965653
635.2029859
1110.733075
895.6065033
1246.526153
1109.072521
1114.462563
837.015235
434.3788583
922.0101065
1182.537265
697.5942316
1189.207464
1298.384968
410.5680071
293.6317262
441.37748
675.1336171
754.8482938
395.6642222
803.4608887
956.7181715
958.8042393
941.2561235
908.7270171
989.570204
193.5974902
1029.306399
590.798214
458.4570048
371.0023195
3403.730898
8579.339071
3933.423137
10374.03175
12246.68684
15593.83994
17595.60925
13708.13185
10833.99405
9984.770866
6009.142781
0
521.7236472
1108.104762
605.741931
3089.493167
2297.79663
264.9315427
3246.087783
3817.324249
6369.341753
2181.570432
3280.783389
4376.19249
4537.967039
244.1393981
251.8037805
1535.067236
398.8900829
308.6612663
521.8425
1157.426027
3006.381042
13883.36979
16303.08339
17111.08889
14941.76387
14453.71189
10308.89866
8407.207571
5068.793023
0
0
1.849110961e-13
134.2866532
3970.532608
3111.298604
865.3346201
1476.981186
4761.487731
2995.823042
-1.775146515e-12
3883.179149
3657.314033
2595.163201
1884.653174
218.0173511
224.9262777
237.7327817
3149.925502
248.9012578
3481.217155
1956.062398
7638.080445
11544.95643
14391.59185
15221.47627
15870.01526
14324.28787
11886.59043
9718.37684
5629.559171
0
0
1277.768215
3874.623261
696.7946125
0
-1.109466572e-12
0
0
1664.125844
1875.678008
4157.117735
2299.210593
4558.640221
3448.932073
189.3703826
200.9000362
208.8918634
1059.997472
6156.744351
5711.38049
10352.89942
7476.915941
15867.6371
13936.54882
14343.30275
15630.57098
14307.38004
11667.62203
10081.53034
7244.754432
0
0
-5.071847208e-12
277.6290629
1861.656944
85.19972711
-1.479288762e-12
1717.921758
2959.087569
1719.510741
1610.662182
304.0333635
2965.826417
2235.541689
2450.246998
227.4915447
238.0932194
234.6865125
229.3965237
228.9725911
1659.251017
5318.18037
8651.178831
8326.522667
12606.62333
14588.66368
16018.75464
15336.69809
12019.06128
11045.48565
7613.974904
3414.465173
0
3439.132253
0
0
0
0
4835.094228
5736.830358
3880.508013
5436.302611
3003.809258
2966.369523
1979.437664
1340.89478
4196.357716
197.3871042
198.1349385
939.9042618
679.5156208
234.7477341
1430.537391
3561.327859
11153.76504
12889.28661
14003.56761
12593.93216
16934.6531
15476.62807
12584.46706
10929.84565
10202.01797
3813.642637
0
0
4091.191895
-1.109466576e-12
1031.335896
934.8353807
2567.212593
2771.421433
3186.962378
3330.500817
3711.494428
7381.655949
4949.185945
3937.976164
3581.521102
4369.960663
232.4137597
2284.206318
2320.436349
255.1727956
1680.765388
5793.039487
1997.972895
7496.874921
5331.658495
14496.91922
15731.28629
14629.38556
15790.40057
13665.81522
11883.06975
10004.22813
4754.25986
0
0
4000.594765
1083.701571
127.9242774
0
1786.849707
2014.855646
-5.071847204e-12
4903.697519
2564.335301
3539.993551
9874.900533
3840.857929
3390.207468
4254.406869
5778.49075
207.8989938
674.1434288
4561.4102
217.268436
3863.707557
912.6049636
3136.309061
3543.036461
9466.247309
8823.537431
14316.97603
15206.42211
14966.07454
14537.87427
11179.00285
8660.645557
7451.99437
4226.480718
-6.339809004e-13
751.9539323
2449.319636
1449.766105
3298.050859
1344.899762
1214.092045
-8.875732606e-13
1054.584285
2816.113926
6478.388126
3105.206507
6736.157073
4992.426629
5419.142066
4804.152529
4576.114599
3269.8395
4178.129719
2888.447115
333.6569514
948.0219331
3620.855533
206.7411414
12018.22903
12390.34388
15664.67863
14953.26498
15086.94507
14964.91286
12540.82959
9915.958443
7717.066406
4045.390945
0
1879.973213
4005.262807
2615.554687
3174.24233
4676.045989
3831.220838
3581.053799
3909.49191
5251.664623
6450.099312
5557.14716
3617.436027
4181.202304
4694.088
3813.513681
3610.396609
3814.429211
1404.248319
218.2215943
3289.028317
1548.311088
838.9556669
4760.191306
3513.167446
8487.898457
10005.8461
12715.10427
10223.79232
13159.31085
13582.57304
14491.41735
11624.6914
9133.587795
6364.701527
2981.175254
0
0
0
2630.634272
3577.475111
3942.839186
3091.60719
3459.873336
4574.489309
4774.07796
5652.816182
6366.603602
3453.38036
6503.559534
3153.285284
4053.585492
4199.716855
5539.176885
5099.230386
4973.812177
221.757816
240.6557189
269.5594587
4686.805902
2469.781564
2149.241743
4344.777134
11444.49231
8892.551912
10954.16967
10598.77756
10691.54326
11702.03133
13509.80067
11133.42746
11390.9195
9295.79423
4973.675759
0
0
3005.951329
4360.969888
2899.165197
3300.078252
4037.129679
3717.400809
4276.699262
4986.491479
4911.330619
4725.233893
5099.683469
4537.29834
4696.48429
2974.079158
2977.643817
3381.960625
3247.20638
5769.309474
5641.292552
208.7625046
210.3723396
232.6135599
1519.790431
6525.123516
5773.950593
6010.591874
8165.32131
5968.364248
6480.799247
13008.23853
12695.58084
13147.24664
13401.56784
11790.95574
10065.33605
8723.917172
6863.446449
6020.248552
5928.755989
3147.952814
4864.701365
5106.581978
5966.773239
5889.546258
5128.770302
4391.865625
4466.228802
5029.034702
4254.727198
4116.367656
3778.894069
5434.193775
5432.106321
6011.648639
5636.666347
3308.691217
4421.302794
4835.88434
5217.769301
5546.57559
5715.943862
265.3819576
2882.976238
400.9405457
4466.741473
4028.015119
4673.281498
5259.463023
6224.501705
8470.708222
10864.41833
9108.403514
12305.21817
13597.38565
11676.61135
11585.60931
10563.12394
8825.441726
7885.127625
8083.701854
5612.036251
5832.918303
4828.644657
4846.046828
4815.372578
4353.599692
3608.93805
6067.141222
4343.035837
4158.014823
3895.121006
5010.395562
4455.289686
4104.805584
5495.722819
3902.332603
3735.84537
5447.612872
5117.345373
3189.998238
2642.846448
3217.661455
278.2947697
344.8743382
2051.150226
4101.89453
1561.490255
6175.207526
3834.15843
2621.345622
9760.833315
8132.314233
10807.5124
10006.98075
11367.62039
10220.77402
11996.47244
10738.23031
9796.075956
8586.610279
7233.557809
6845.271296
6656.74473
4899.559742
4850.525821
4006.605037
4463.748417
4485.685676
4862.957698
3786.207466
4824.004178
4945.402742
6845.832131
5588.633341
5050.819483
4115.294568
4001.530671
4030.574072
3345.663235
2753.227948
4247.672744
2738.517714
2203.490342
5974.033021
2292.825393
1316.541941
236.3290316
7433.808696
1890.396099
3261.031947
9604.979704
7646.534817
9748.841248
11915.73624
10902.33851
11750.90315
11494.43068
10668.29355
9403.392955
8404.234979
6983.119349
6901.966823
7231.430986
5626.997048
4454.796874
4435.363039
4886.416923
3969.808927
4303.976264
3629.153625
5073.638969
4501.782083
4714.867473
4077.197492
4264.506716
4803.827852
3624.478912
3453.467793
3879.551025
4013.165606
3300.607236
3276.733587
2737.541844
218.307647
2164.603008
1554.833362
4594.92979
695.7926523
416.8659824
1089.411743
7654.637694
6440.630268
6148.085245
9321.476099
8877.302545
12190.65667
10375.69798
11395.35838
10009.29926
9461.522866
7240.907288
6297.364284
6366.497521
5474.252744
5544.464812
4517.214693
4379.499188
4100.549006
4253.648043
3992.991252
3914.33838
3642.098521
3979.551415
3489.012032
3608.585863
4115.770307
4191.882176
3237.350349
3580.744928
3718.37015
4094.826122
3189.158574
3843.488859
202.3479941
2644.860534
1531.934666
3215.985097
798.673494
227.4518891
292.2655942
3174.937486
5127.069243
4480.53446
4956.555527
5840.712757
8046.83716
5557.960633
8453.633724
9089.672712
9961.718303
7730.440305
6260.871205
6261.966246
5012.297056
5201.333462
5088.170453
4759.188468
4019.391811
3301.251297
3049.709367
2410.706882
3918.171621
2857.782371
3032.058813
3416.518389
3295.049855
3371.47503
2766.201603
2628.843325
3737.967265
2301.350137
2037.623337
2174.941902
2590.16705
527.5373258
2214.810916
1401.003633
395.2370083
244.0061084
236.3664815
1384.984324
2579.954905
3807.507823
2871.015579
8302.173766
4255.418798
7145.635483
8963.066745
8840.230125
8297.182538
7070.059779
6504.698953
6661.262384
5412.843603
4504.321736
3959.074759
3856.726218
3390.584692
3368.577564
3723.503772
3041.028887
3217.835335
3366.305864
2570.644463
3438.643637
3890.24529
3933.14901
3067.214128
3228.378972
3729.286686
2949.715234
2728.836815
2166.151546
203.6203938
1533.271631
587.9989232
1118.158993
310.3238154
3916.396045
2230.531657
3965.468345
2964.416389
3601.965245
6198.563732
1523.171506
4425.268994
5352.371362
3972.094538
6268.278481
5137.804592
5313.732861
5761.957598
4629.324381
5246.481475
3953.932188
3584.155398
3726.196193
4102.30586
3092.353218
3737.641791
3409.879873
3119.409867
2751.047445
2306.468515
2048.283432
2653.804247
2937.595843
2661.053505
2726.386001
2594.94277
2359.23171
226.1238654
212.7420954
213.8985131
1780.686583
2729.842742
222.5062346
777.3288599
1375.638334
2353.539714
5498.946132
5633.34998
2810.373816
4823.446271
6207.24145
4082.151941
6202.365715
5085.460156
3995.796731
5935.139688
4816.635284
4531.188074
4506.157999
3647.15988
2975.621685
4746.38262
3568.234465
3228.486262
3120.879837
3238.721169
2665.527977
2026.580702
2267.118007
2839.589788
2707.566673
2708.812779
2646.857506
2508.906312
2333.86071
162.6620523
166.1316051
483.707606
443.7167717
929.4871613
1926.580811
2814.49185
568.8299453
8627.812641
1189.32739
2764.076431
3284.127855
2434.218229
2425.134151
5286.951227
5311.386885
2936.304614
5201.231597
6262.063261
5545.056761
4410.797509
3739.500249
3099.367956
4590.923354
3860.480499
3290.771238
3462.437924
2776.263389
2663.411262
2668.463936
2136.289591
2345.053939
3229.345727
3482.128498
2998.898433
3125.442512
3475.686687
189.1028041
238.275822
249.8698237
255.6557858
610.3191855
2917.007981
2154.5744
1075.522039
2635.428317
4074.825798
3277.430912
2904.928813
1588.680358
1534.288295
2195.66617
3817.797684
2696.971564
3128.365991
3867.548063
4363.216107
2856.312561
3465.4505
3000.037457
3749.660065
3135.87553
2929.418377
2745.928133
3284.479795
3084.416549
3013.504336
2768.072075
2240.892905
2406.729846
2830.622994
2981.349485
2167.404031
1854.873048
196.2177142
192.8933379
1883.428679
206.6400378
214.8339074
3585.487768
946.1761965
1724.480326
4004.46557
3025.291604
2981.480752
2751.300019
1859.928993
3064.462276
4694.89462
2834.426167
2576.678658
3600.860336
4060.955376
4847.29545
3560.621237
3304.679398
3355.658701
3588.028968
2767.853487
3183.176915
2835.416909
3246.059295
3707.403821
2423.038481
2074.440968
2263.644419
2159.263394
2863.697031
2969.138811
2747.90653
165.2788075
1482.765442
243.5212982
1269.985704
4047.490932
193.5795823
629.4776106
1725.364606
3087.314
3630.544897
2240.321599
2207.566583
2323.701967
2415.587676
3021.308328
3446.769389
1873.082912
3520.87796
3209.252316
4642.886969
3744.176357
3075.692059
3810.663817
3454.566922
3610.271176
3724.388908
2955.093781
2641.829474
2757.089162
3164.18349
2098.334467
1804.585221
2078.935257
2514.040891
2408.06185
2527.18106
232.9926925
229.4896257
1376.291388
237.1719276
666.8090783
610.1477749
350.4809644
534.6708481
1453.730583
1858.49669
2686.566647
2395.518697
3976.651279
2386.668035
4063.370754
2055.967033
2118.621349
2261.809183
3308.322441
3460.006817
2817.344242
3235.989139
2193.051987
2902.577639
2694.730745
2761.960516
2912.607154
3223.278415
3675.752383
2165.199772
2006.788436
3276.199096
2922.597998
165.3945757
158.092114
1547.72499
188.4663374
410.7271538
1328.596108
756.3870351
496.8752067
592.06256
1156.432059
2523.513456
1571.921012
936.9734357
2409.875288
3063.909534
2648.216292
2756.000593
2461.425732
3779.591989
2442.195096
2438.648331
2936.947662
2744.983888
2183.648881
3071.224969
3051.888783
2301.141255
2464.394279
2220.803154
2488.26116
2047.449176
1661.238248
2816.424547
165.5260716
1413.918601
170.5657831
169.3302493
1114.745613
2587.823991
2619.609643
1753.278855
2728.374377
2198.068813
1735.959466
1077.611342
3248.596746
1943.470137
2913.125972
2662.751214
2329.776649
3570.430704
2712.938108
2215.115572
2540.894597
3201.516137
2047.486403
1735.059736
2654.048058
2311.507468
2484.643573
2159.160066
2015.313729
2329.996664
2474.652388
2059.88467
534.7346371
1200.292053
352.4568169
1243.09809
796.0431559
500.7029068
419.5360863
797.2649022
1839.258168
2058.545087
1383.768082
635.5839068
1373.067595
1868.864362
2474.514646
2065.920098
1611.682288
2125.55604
1538.07148
2054.361754
2395.669108
3334.623952
1841.116014
1573.385742
2062.730893
1749.728998
1789.510104
1771.132467
1928.302437
1930.802869
2291.389292
1136.109899
221.0204347
379.1526822
2217.515259
174.8801789
563.2876872
1343.493132
1748.042969
1921.117665
3231.869511
1245.674058
1105.744206
1295.879345
985.0637342
1816.147117
1979.28975
3026.60807
2254.30313
1528.791974
2047.690541
2666.699411
2298.630815
1656.262429
1856.620218
1676.675202
1380.340258
1711.946802
1788.08201
1473.265555
1796.599296
175.3336637
214.0095052
1903.597688
216.1558481
567.1130273
1581.656415
1350.792494
751.0537805
734.7773114
543.4536537
698.625041
1090.178049
974.3706422
513.8921154
1608.183877
1268.085978
1454.184733
1701.204915
1094.469975
827.07718
1499.793032
2200.97564
2478.395487
2739.450119
1892.164043
1980.354732
2151.635653
1717.380675
1426.881786
2180.502689
402.5935024
248.4710808
823.8191363
839.5668088
670.0500494
218.267952
812.2264056
948.0198862
1041.500669
1457.091131
562.9715402
987.364735
1048.752691
913.2271961
1094.305898
1000.379099
1177.738319
747.5987692
954.2719061
2177.566093
1973.034062
2055.986431
2055.063746
1547.160443
1796.048247
1627.929999
2301.699492
474.9773728
194.6273782
230.6344216
170.6829583
184.4565938
460.1132776
381.147085
758.8283761
350.9331304
872.2577866
251.8922743
743.3460124
645.0276494
540.3371595
445.377587
564.3291749
822.4209339
694.2679426
630.371998
1297.14567
1379.55453
1708.675602
1822.085136
870.1628583
1232.012224
229.090363
226.1895903
219.842661
225.7776478
233.602471
222.5274461
1105.463471
549.1133328
980.7458855
850.6560608
224.8041568
262.3574161
638.9209819
1195.995585
540.5590428
409.6354171
633.3441021
1125.923021
805.1095289
1408.29995
1575.372032
1357.223712
2236.843221
1668.036916
1321.940845
215.5896233
239.4814753
251.1648003
994.7492548
893.2563854
939.4517418
1244.393409
211.419621
480.9298488
632.1333182
2478.956729
1007.758879
574.9076183
645.697016
1007.930869
885.0371224
887.7871582
884.2022314
1054.363614
290.8247605
454.5307681
1016.463659
673.4136672
947.5097339
347.8713339
555.7208501
615.5565474
451.5686405
1516.940553
1205.321985
565.9831928
637.2175358
247.8009876
238.5478986
246.9838279
765.406545
1345.163123
5250.858964
3989.963824
7882.307169
9940.998419
12869.56888
13575.21158
15870.90946
15923.37747
11724.02895
8221.732196
6227.282726
0
0
0
1.775146516e-12
0
2342.543781
4105.422147
4562.172363
4708.727035
1814.515135
0
740.4216597
0
2580.555138
186.5053279
198.5590544
3388.117748
1480.13462
922.9561521
3499.936967
4347.48062
6872.8153
9805.49452
14990.63638
16004.83549
15054.05127
11738.96409
10881.89258
6262.192498
0
-3.328399732e-12
1.267961797e-12
4387.947488
116.5381662
1208.931614
1583.822047
2855.934105
4877.469773
4760.694808
-5.917155053e-12
4837.114493
3658.427417
4436.998393
249.3247522
258.2262193
267.5558547
259.1140085
392.7175222
746.7930465
7634.417145
7715.491349
12885.52727
15376.25333
15495.23753
15618.29084
13275.57705
10760.27497
6572.348112
0
0
-7.396443852e-13
2869.603888
3686.19839
227.3432347
0
2085.224249
0
8872.11604
5191.330224
3302.383713
4352.854031
3217.190195
6104.828198
180.9492344
189.5241664
186.1010344
1837.06359
189.5899979
11824.24897
6904.590967
11925.37035
15068.91167
16706.59525
15719.26953
17284.21943
12539.8439
9262.743729
7767.906244
3072.57162
0
0
2.730994652e-12
0
0
0
-2.73099464e-12
-1.109466572e-12
4163.512122
2974.271333
2596.419142
4135.820683
5465.121562
4872.399146
3334.369079
231.1677913
230.9599295
230.948394
228.2487705
4501.2976
1689.154484
4127.491234
8980.068379
8226.223879
11808.02571
15318.90288
15162.8345
14238.83953
9346.008304
8420.436248
3749.805623
-2.452598835e-13
-7.396443812e-13
1.183431015e-12
1038.119022
1914.956783
0
-8.068847795e-13
5496.23491
4549.513408
6637.493343
3551.269009
2716.067603
2386.419001
4676.488156
2441.043596
217.2677615
204.5023772
195.5496595
3279.819379
883.6865581
206.0080843
2850.478449
9102.727303
13111.83012
14187.35512
14917.58032
15684.94701
14131.56749
14415.50848
8480.395277
4637.517808
0
-6.33980895e-13
0
-5.325439566e-12
1.267961796e-12
0
3288.811086
4714.854735
4549.478638
4994.688574
4316.056414
6119.657344
3795.021515
2753.754171
2262.884322
4031.981293
204.6002582
189.5952843
1588.362754
1495.571931
220.0735592
2465.761115
1542.988929
2927.403761
12354.78852
12959.53871
15609.72267
15250.65305
13915.4146
11939.25311
7610.685782
5861.627066
0
7.396443811e-13
-4.437866305e-12
2448.385745
3234.461281
1946.140189
5253.762685
1421.119137
2409.214465
4661.752658
3230.14643
2296.916387
3524.709613
5071.138044
7073.157028
6768.093488
5344.052508
216.2444898
247.1182769
234.1781124
220.1155253
1707.325326
1090.705183
2503.651239
1510.024547
11763.05308
9857.92522
13065.38739
14673.43081
15410.65176
13232.10717
10091.8104
8452.698124
3325.963623
0
4573.721758
3996.935819
805.8968148
10470.76649
6299.862337
2011.181864
4879.488213
1839.295303
3448.622302
4067.207431
4474.186578
3874.774933
4529.864062
6847.56331
6029.515022
5776.38663
202.8380346
214.2779963
225.2161089
233.6181692
1878.612098
215.9134042
632.1447049
4178.998665
9116.132528
8334.053761
11571.16035
14946.57473
14902.39754
13584.26854
12065.55414
11073.49021
4618.724865
0
159.8294127
-3.550293045e-12
3310.144185
2315.331075
6033.363439
6194.289426
3014.46648
6004.133451
5539.88321
5675.344116
6154.186391
5629.586302
4285.245158
3533.961121
3340.230155
3048.652188
3171.719448
3068.758884
220.1642948
241.7496137
226.0604654
208.9452392
212.2976414
5344.818285
4816.091289
9337.080678
11011.83068
9666.327531
11758.61017
16526.04338
13965.94579
11988.76154
10223.35028
7194.276706
4102.607183
-3.20990767e-12
0
4.437866306e-12
4992.338656
5695.530204
4878.018114
5591.478823
8008.125692
8425.448947
4643.905231
4512.691828
1535.133019
3533.352109
4074.992949
5704.111657
5980.282197
5332.970938
5949.453462
4498.096145
2854.207318
195.0372524
199.8719134
184.2197147
602.846092
7512.194663
515.4773642
5422.439127
6299.898729
10647.92111
13061.21538
10952.36608
14997.23076
14876.36288
12649.66101
10435.86083
8116.951167
5646.914064
1477.152616
1174.223406
2783.192183
5701.257961
2899.701181
4709.448094
5123.064231
3669.140499
3151.228658
3355.831427
3138.020314
4271.023374
4136.755121
4724.235243
3704.820032
3065.886536
2579.338546
2506.167545
3186.773193
5309.145415
4921.434513
194.1558147
904.4573507
234.2036117
299.5362772
281.1416928
2188.757393
1045.245251
6545.390705
9339.864754
9751.262345
11901.32618
13695.54909
13585.45098
13987.98565
12815.48877
10923.80567
8195.946345
5987.303724
10280.69012
1337.204063
3937.810669
5936.078805
5320.157731
7762.401157
5163.61726
4940.195851
4092.008251
3670.696398
3909.262281
6049.269919
5030.80438
5072.463257
6229.82692
3777.227071
3142.53335
3903.513801
3775.912933
3513.860995
3087.649673
3308.009129
2998.381447
343.1404047
192.0752362
181.5006258
180.6563256
5803.664307
4296.972126
259.8358545
2814.741992
5615.098711
12348.84152
9457.928543
13665.87829
12846.77262
11879.4846
11188.42659
9307.598791
9539.226275
6794.85599
5997.671013
5641.048551
5571.731106
6911.190316
4378.270824
4890.849518
4489.568621
4468.422127
4384.299772
3979.828973
3860.34436
5646.681602
5645.437705
4581.467071
4334.856161
5077.015566
4802.940279
4976.435155
4330.142514
3709.640898
3700.78765
3349.235211
2931.128931
198.9987763
183.8958884
2872.463301
5937.622978
2680.497417
239.888713
924.5874642
3892.049584
13367.62611
9209.802892
7732.800896
13119.92595
12311.70323
10962.15701
10812.13223
11031.64952
9328.345268
8665.119161
8025.894493
6134.507625
4885.901077
5959.336989
3820.411508
3974.324701
3306.082371
3586.047342
4589.152474
5068.921526
4397.22784
4586.781227
4477.999036
4578.085319
4569.47146
4698.87023
3498.535304
2513.270235
2893.199537
4080.89669
4804.780084
3146.855234
2612.656441
184.586808
186.7964005
202.1505275
1438.700644
223.8449771
920.84922
5827.889039
1591.104905
6852.27314
4068.907434
7026.759018
5127.440427
10680.06709
11698.66885
9526.495617
8960.089941
8443.309552
8718.305346
8011.240325
6757.431987
6070.687824
4805.764998
4154.646348
4387.175435
5028.372204
5287.168136
4290.307301
4789.121784
3831.256879
3609.232532
4117.614672
4903.207657
4285.156672
3323.293718
3582.071495
2651.193753
3743.991383
3500.86989
3916.930294
4106.676636
2884.875104
246.2387737
1237.249822
1310.049602
1753.767903
254.6129806
741.0401042
1849.134988
5129.862441
3404.830787
4059.586626
4444.495815
6935.101607
9714.083481
8946.772291
7868.322164
6938.142965
6691.736426
7162.352723
6163.440643
4878.136998
4861.452333
4568.392966
4131.718628
3884.574718
3738.770866
2923.63842
3628.760226
4629.204623
3411.453425
3759.800611
4242.265939
3559.662012
2323.263122
3080.204473
4149.008529
2255.877534
2085.263612
2694.493202
3658.148237
2511.619113
224.2353095
217.8409579
220.2440233
682.0036089
4422.337014
1724.715502
873.5225426
1796.414162
1303.033523
7458.228275
5942.662423
3835.936733
5899.117813
6853.93992
7073.384174
7125.978934
6617.906334
7557.448215
5869.822466
6563.377122
4960.721806
4562.069962
4018.897364
4090.24116
3590.915435
3127.552347
2832.913661
3153.207567
2621.804054
2797.198119
3075.970071
3329.607934
3116.100336
2543.785406
2686.424256
3246.729448
2248.541067
2396.897355
3075.706941
3427.988445
217.624203
202.253684
1913.694202
5055.026102
1790.244273
459.8936504
4836.556771
2259.09478
4560.999993
3166.297885
2069.247684
4948.568771
3976.507014
4283.607812
8344.950912
7636.508895
7257.831511
6033.779837
6900.139724
5971.583944
5196.203389
5076.41759
4877.953904
4003.616464
4187.574891
3756.17341
2893.195323
2921.608751
2937.231727
2841.77899
3163.81084
3296.361377
3443.84983
3259.084822
4081.610041
3775.960308
3074.915054
2579.642376
2752.501732
2018.177137
579.0554011
839.4585079
2111.901333
815.5377023
1691.04233
4267.327072
6776.152871
3099.907913
3418.800199
2835.874995
5974.526484
3485.187298
2687.669622
5960.344983
4976.271117
7049.406606
4227.904496
4243.401842
4427.432671
4494.075934
4143.533261
4031.753817
3612.802083
4306.737961
3227.52698
3249.083637
2744.874017
3121.46887
2999.681434
2901.582627
3211.416894
3014.795421
3206.110842
2855.426084
3311.83822
3075.970735
2467.351982
2462.504378
836.3317637
196.1561229
1063.654715
1824.464222
1794.248504
1959.21139
335.8327775
3047.627056
1296.873674
2340.553928
4246.669922
4388.980809
3073.225544
3164.379455
4517.547149
5145.226736
4436.226966
5305.843285
5232.350599
5185.773026
4535.312495
5085.61276
3955.08183
4286.340363
3096.328776
3387.771417
3103.05645
2608.712679
3288.310835
3068.027295
2933.102227
2476.82303
1863.634144
2179.478326
2330.319847
2266.610982
2353.584246
2486.248994
198.2381883
211.1258108
225.2310984
2510.801731
2409.904308
978.543188
1823.634062
4627.822689
2441.732091
4418.818089
4762.127796
2669.206002
3952.240666
3788.926136
2510.116149
5310.168768
4809.395168
4775.035981
4624.390707
4277.997714
4142.355239
5889.960503
4100.743044
3470.937841
3565.658256
4453.832263
3514.768342
3265.369084
3410.506238
3593.151059
3318.295751
3535.216109
3256.696563
2987.83155
3460.835615
3494.075048
3763.409926
3230.590747
283.670079
260.6004277
267.6372518
3339.713254
729.2657338
2585.336324
1644.998848
921.1483617
1652.525478
1479.468722
894.9888141
2283.619343
2027.267637
2958.867814
3177.870141
4780.894053
4070.518741
4535.581897
4049.555979
5086.767103
4059.609838
4180.913139
4062.327302
4060.312804
3262.416911
3440.69268
3406.24974
3188.590021
2914.807049
2840.061863
2753.562364
2849.499029
3269.551483
2808.608099
2478.834088
2351.895453
2252.933962
184.1900541
201.1564652
456.8899284
1671.071688
1741.00537
704.823958
1856.535847
1066.595834
695.2881194
1781.679933
1296.560608
3215.808551
2617.520585
2298.410301
2984.821788
4377.745384
2319.406527
2787.267443
5213.9481
4861.212331
3455.506105
3978.327892
3325.363877
3311.991064
3219.171248
2682.421184
3475.105913
3521.614107
3490.442457
3161.865039
3007.103282
2727.498262
2908.937901
2615.890939
2856.62065
2718.560168
214.5732959
403.8397056
212.3247066
578.4098799
456.6745529
912.4748437
495.4572815
1152.244757
3479.670521
2689.000376
1007.103959
1667.556852
1503.177341
895.0691725
4306.149712
2913.595259
2580.47168
2182.58379
3222.487843
3835.953759
3671.639317
2956.387341
2374.345415
2856.842104
2274.995279
1807.983556
2834.621642
2838.112288
3416.350624
2693.624092
2292.847796
2439.277529
2347.754699
1779.33319
2127.812279
179.8250729
1024.745329
183.8188607
226.3493272
349.3683498
511.5644682
1227.649805
201.4443818
1286.316981
3161.160192
916.9190561
2432.12568
1584.366645
1663.384029
2135.631688
3005.912534
1905.790473
2394.818308
3621.810528
2533.586929
4045.676363
3680.413939
3739.42055
3230.050062
3081.796461
2975.204546
2816.278093
2872.622668
2280.418102
3440.6208
2314.403531
1918.652917
2277.755893
2050.349092
2305.165548
218.1808964
222.2714503
211.6917731
211.0921438
232.5321566
2693.328801
654.8453988
900.8862604
1211.77155
1295.86942
1106.887392
634.3518344
1028.509483
1292.680681
2511.938054
2514.331432
2431.997342
2402.751322
3085.191043
2093.943147
3287.602316
2960.801983
3201.24276
3318.6906
3140.134121
2357.095637
2716.390044
3259.312268
2226.124897
2590.32784
2521.162892
2290.900208
2339.916261
2130.096333
221.6929298
220.5984082
218.3350675
217.7329949
447.3825948
2688.704934
470.2518868
1193.687851
2369.486424
1822.392153
351.7792366
1255.519649
1280.560507
1454.050213
3020.840909
2974.441385
1595.963492
1900.874853
3543.873592
2652.425791
2972.35081
1848.442125
2821.191534
2881.489492
2793.668298
2407.766056
2463.670577
2870.371555
1846.74027
2023.710441
2264.150749
1901.010721
2291.608051
218.2248405
219.0140174
213.4969516
204.7380258
1227.81941
187.3229463
1124.98774
1064.354107
1198.299515
205.6968854
445.8964127
1690.525646
1388.142813
2248.416517
2810.200692
2671.061114
1619.100291
1622.358069
1910.046553
2305.164489
2671.166661
1332.821428
1996.356699
2531.780531
1756.679611
1460.162016
1441.417263
1913.673722
2134.552173
1576.185877
1708.127684
1724.230168
188.685915
186.3048351
199.7720506
737.7272879
197.8240848
1237.496989
1334.561667
587.0274501
229.690184
464.7449245
935.1537346
844.5550322
519.3454871
1866.743546
1372.992872
1064.711386
1131.842776
1326.134346
1705.363033
1933.596955
1145.235872
2451.855601
1984.962757
983.3672651
1233.423962
1533.599832
1769.879143
1696.158699
1487.6264
1145.197189
196.6690286
215.2630474
220.07918
226.8293918
233.8023379
656.4992426
1027.823592
418.5180041
333.2817929
436.3385816
1912.720198
650.8381449
1180.262898
937.5357728
1031.203542
1312.078437
1399.200113
1313.308328
1663.422111
2143.542362
2106.578207
2545.282203
2002.26039
1609.714657
1348.347815
1214.874568
1480.563343
1314.792649
1209.940335
189.5523977
198.9548874
963.3689795
181.2703464
185.2283874
1567.115432
1101.838035
1285.232338
503.5084991
315.0455057
1915.140193
508.8833838
1465.779606
1704.008357
502.1455989
983.6770618
1089.341092
1154.666145
1098.130412
1326.729382
1778.904596
2404.341393
1658.442387
1385.87596
751.978001
1112.76184
1813.55161
2065.370302
204.4984553
200.0113773
203.8958914
370.2643642
674.8545737
552.5962331
799.1728595
402.4124448
709.06587
1544.188492
807.7724162
1566.760316
1929.976922
529.8314653
1064.033892
1138.80361
927.9758467
1292.797772
1922.47855
1825.39137
1524.720656
1323.720068
846.3633368
1064.86833
1184.757112
1954.773162
171.1245785
411.4104762
648.6514321
642.9311976
720.295152
1093.421479
759.1601503
717.5372609
715.9244705
1350.313905
2442.25378
695.7687597
1326.655429
1489.288268
1352.160714
1004.62309
584.3885103
1280.221731
1663.884698
1376.874163
1536.105555
836.4274426
1017.435309
1097.706537
212.8523851
301.0249725
469.6603334
541.931141
550.2526857
501.8224993
1091.946429
690.2222699
651.428644
2047.736776
533.7515327
831.3266842
1079.56549
2116.528631
862.4621572
645.9314937
535.9399973
1846.659218
1808.879086
1275.166469
1186.552849
203.8740307
857.1158781
336.8320862
475.6625705
1242.340238
642.4733843
994.5312063
655.6972356
460.6612327
1092.043726
1121.683608
1159.286896
876.1929859
251.1484935
210.6877923
4616.438565
605.4801544
193.4671057
387.1605639
800.8603239
3224.321262
2540.864566
2641.322538
10887.27677
14635.17171
15838.35598
17109.44911
14570.37291
12584.91871
7579.680925
2662.543478
0
0
0
5294.697575
0
-9.342876395e-13
4789.621379
5543.307391
1240.181697
5754.752578
4561.809514
2297.573776
2465.612116
0
218.9153929
631.0041848
567.6888092
231.424368
2419.65895
1841.43779
508.3297782
4993.42386
13665.39023
14204.05093
16036.00978
16404.54867
15784.04136
15411.19597
7867.964029
3367.734009
0
0
2908.586485
1797.53718
3467.839045
4755.939763
4382.073171
2534.139827
7429.846049
1.109466572e-12
1996.372033
4076.569329
1997.292393
2383.555864
209.1686738
233.6189088
832.4975195
476.0576874
473.3716659
989.6597585
2671.598187
7328.190612
7518.160981
11820.10791
16180.16917
14165.36609
15459.16968
14772.96867
7436.291896
3439.59419
2.95857752e-12
-1.109466577e-12
5740.965593
-6.455078239e-12
0
1.479288763e-12
4278.739552
6023.953185
2216.681357
5103.883162
3833.849876
4953.237162
5098.005267
5171.531063
233.5037959
235.7349901
252.1482148
1858.743297
718.4389058
934.9288018
2435.037816
7417.77567
5882.086747
15373.91066
13909.37736
15136.55482
14291.94744
8706.309458
8731.45998
3579.433617
0
0
2422.080599
1561.08679
0
0
0
3158.998094
5229.975154
5254.463961
6563.825336
4646.452631
4834.473367
4042.560637
4745.527949
163.5681084
163.9214953
2056.293525
5113.474924
1728.099677
1239.550878
10199.12755
7713.19739
9592.027963
15387.93421
15568.54408
15321.90499
13378.12545
9358.682972
4533.334506
0
982.3766811
472.5909393
2103.174605
0
3046.389671
1390.234717
1442.999025
6640.918517
7683.889089
5373.469264
4155.229392
3607.880068
3898.680527
3024.223887
216.336103
2999.183821
3096.060882
191.6676654
187.1670756
2549.529379
3275.687209
7491.77805
9423.028174
14873.95475
17529.5497
15517.1845
13702.27803
9918.692997
7336.422632
0
0
467.2431206
0
918.5788054
14.53164983
1948.27083
2917.587282
3983.073006
3326.763924
3532.712181
5204.772873
6919.779631
3617.653548
5943.087414
6335.795522
185.4261467
1039.107809
199.0438603
1642.668021
274.9358795
422.186656
4430.891968
6099.462264
11052.02971
13178.34766
14226.49358
14098.6016
13655.99484
11862.7499
8339.930388
0
0
-1.065087913e-11
3608.938488
2247.105488
2183.495473
1400.776746
1680.548099
2020.78715
2658.748374
2550.662387
1851.619542
3928.960337
6037.61776
7354.070564
1734.242922
6365.712011
189.3185349
196.8269967
227.0343198
231.2213385
241.9961467
1470.367088
437.9173516
4029.49044
6170.548937
14038.16528
10855.1098
15636.84707
14325.00146
11501.19467
8352.163827
3461.119742
0
0
5191.985426
2925.809819
3808.751869
2470.612835
6583.334501
2316.814441
3108.862518
5876.444216
4015.834826
4032.636484
2892.715669
4483.868113
3625.979612
4414.816128
3988.435962
5158.833864
198.0714709
221.2904097
207.5046791
224.1736776
244.8584005
246.7210684
6150.923761
2283.570031
5747.963659
13550.1475
11918.89751
14109.31855
15357.33723
11046.01943
10762.36908
6245.252066
-1.596698242e-12
0
1423.073639
1705.940363
1743.726408
4002.406643
2268.531032
3968.049012
4940.023054
1908.396591
6052.636509
4509.014654
6146.700949
6762.05718
4050.720939
2159.27779
3651.816052
2543.518871
2353.133558
171.6893282
197.6237504
212.825912
213.1010945
2416.118024
3904.808086
3904.590825
9181.902067
11095.5832
14669.24255
13356.59085
14398.50146
12702.26272
9792.064031
7409.91141
3128.905779
221.9852954
5.917155045e-12
5019.978964
4463.858344
3349.929347
4642.357873
4494.92413
3423.655018
3071.39819
4054.902449
4085.428319
2811.791091
2876.492673
2181.498166
5229.984563
5403.075808
4121.932294
2511.398399
4707.608376
5584.243705
188.3806385
191.2170153
248.3065136
497.4753937
5241.837758
3014.606346
5075.875876
3649.1105
5464.303271
9831.798123
11155.96819
14146.36312
13108.24553
12792.86243
12642.42811
6431.071933
684.5037948
859.3153652
2229.315756
4725.68279
6472.429327
6314.201143
6818.939658
3065.258957
4295.117407
5475.992299
6032.154711
5586.489952
3484.753095
4173.941495
3484.275456
3459.72225
4429.630908
5197.013836
3542.394169
2887.877381
2994.152905
3473.695131
760.007231
834.5017404
233.8090752
283.6470255
1870.189623
3108.93076
7215.519858
9633.369114
6449.277842
11048.01995
13113.58122
15944.87033
14105.78072
13394.52063
10624.36702
7373.991966
4418.197278
5188.406904
3844.995314
4999.540161
4755.839048
6154.187214
6381.784479
8436.251949
3795.091614
4596.521442
5705.603641
5301.56898
5184.026569
4405.627004
4166.653486
4663.613171
4123.214585
4240.322626
3577.897399
4131.059459
4170.922637
4745.265909
3208.452285
4025.325805
5097.419832
184.4863535
189.0078338
177.5157585
176.1392484
493.1306682
2083.10086
3501.824899
956.2865787
8841.07058
12587.75169
11948.64705
13278.04415
12844.42701
11415.70325
11472.63403
9416.478031
9556.729363
7682.012168
7104.948052
5634.940718
6117.714985
5326.159785
5007.548727
5312.117601
5776.209095
5782.007397
4138.280001
3718.786976
3462.857648
3399.466499
3763.933332
3971.359518
4295.057905
4721.647397
5814.124831
4909.531685
3144.209563
3310.66313
2905.868113
2002.785173
2754.380159
5401.417817
227.9349957
234.9849392
288.2012473
589.9917689
6736.140652
5503.132418
8285.367464
5174.319534
9813.324854
5349.707028
13763.77458
6851.272788
9441.377034
11057.65135
9811.843537
9206.433229
9008.395282
8176.941098
7013.725836
5670.629653
5350.860323
4874.752223
5440.723711
4357.374253
4564.95065
4164.606286
5515.326999
3772.891147
4156.707755
4203.252783
4717.946819
4402.534277
3481.973209
3180.961222
4748.261172
3238.309723
3464.587505
3627.017654
2717.16696
2320.082209
2795.852093
216.8028267
210.6400341
213.4351275
4812.47982
4124.231098
539.1986542
4627.476911
2150.18474
5240.024635
6330.992443
11187.20012
6725.885771
6392.322646
8310.892994
9820.72753
7161.922483
7366.93379
7738.329229
7180.797949
5842.048115
5089.24356
4760.750698
3921.534336
2993.662861
3769.311391
4314.443711
4957.533317
3691.127729
4244.568244
4243.342338
4273.713122
4565.286404
3761.144374
3657.2334
2969.412144
3430.107575
2507.618274
3090.599658
3860.41098
3652.524879
3944.309882
206.1134755
1079.250652
2105.562128
218.7538929
4246.118484
4669.92268
1731.145552
3790.121273
10204.10993
7289.092011
7208.957551
5815.728371
7931.195204
9869.366435
8159.898792
9065.029721
6584.733586
6559.167294
5567.780725
5724.842661
4561.732083
4376.746018
3409.996969
3167.423197
3829.327851
3963.616119
5703.016229
4192.616301
2904.214107
2811.930053
3972.0177
3765.69428
3876.085544
3164.171554
2734.938173
3554.186213
3176.193076
3169.370868
2748.414818
2899.611728
206.0054711
188.6153792
4219.282757
176.7159376
997.867526
1872.221779
1002.736043
3122.105964
2592.493881
5827.04842
6202.562033
10325.68897
5768.616524
8801.913361
8318.047209
8985.524316
6724.896763
6697.218213
6855.548815
4797.359965
5806.38291
3841.684439
2724.65868
3327.723465
3199.130583
3286.431127
2929.108798
2936.889277
3064.723505
3376.660126
3518.182131
2805.112525
3345.649481
3761.98458
3757.420762
3507.586555
2786.841146
2286.209609
2489.720872
2950.662133
1461.021091
1474.749735
218.3662472
219.947193
2118.455279
1303.059405
1913.980391
2505.399425
4956.292809
6370.29131
4977.30719
8859.069736
7822.757338
8319.792881
7373.830542
7565.855919
5047.363063
6304.120799
6268.863837
5793.92071
5339.241738
4651.752526
4743.349136
4606.386862
4660.071291
4256.429243
3991.261813
4033.783745
3396.325943
3135.072666
3544.797471
3323.307621
3486.514434
2978.217354
2757.211891
2397.148444
2174.580997
2239.161065
2896.925652
192.9542611
189.6056233
172.6364172
1682.809279
1134.299267
3327.405771
2500.171919
3612.509961
6745.358895
2679.597249
4735.858139
3681.731582
5408.249106
5864.521314
5799.582738
5648.44317
3758.752616
4883.120178
5561.654948
5253.055093
4200.208309
4824.561045
3979.33913
3400.374516
3416.982775
3339.633053
2885.060931
3343.394823
2989.400862
2906.471743
2693.377397
2810.093774
3617.486248
4470.059967
3631.416014
2784.346434
2735.127984
3369.409482
2863.184873
1084.893205
196.2131023
5514.328116
252.4446709
652.0558685
1333.477388
782.3325297
1861.589475
5429.740287
5460.591472
3518.885596
4216.586606
5560.482779
2817.7545
5023.2664
3962.751456
4402.017573
4687.40485
4997.472449
3999.765604
3623.085992
3652.788179
3605.152721
4420.095175
3615.454047
3391.33796
2522.015919
2507.399321
3225.851558
2985.703212
2648.095876
2220.41329
2541.554367
2913.195326
3357.740139
2978.132065
2575.468102
2508.404054
1115.304342
165.8143803
300.400581
467.5073357
298.9764232
228.7799084
968.5600718
703.6490217
2303.107603
4923.440068
2535.770649
2159.079815
4414.779251
5042.93614
4532.336702
4902.611918
3915.357049
4256.668052
3826.499715
2758.801838
3024.838679
2652.945063
4447.210165
3506.862931
3796.310545
3938.100912
3962.765186
2654.411898
2350.282656
2497.031468
2455.028911
2647.717358
2861.096181
2585.701537
2323.273707
2901.262992
2937.362652
2417.55869
229.480655
211.8692443
219.4023913
216.3536476
355.6770802
643.2280049
764.1638305
2400.313033
2018.302403
1454.931119
2143.304969
1919.305301
4229.922039
2936.213142
3572.377554
3862.333186
3393.272141
3514.786195
3771.004219
2723.664336
3069.521032
3611.831581
4438.464131
2984.055758
3316.840271
3568.817227
3752.777577
3392.560384
3035.193027
3786.617094
3114.766381
2683.021981
2977.961154
2854.54521
2401.903126
2097.697054
2229.983561
207.5371498
206.2418395
208.3319042
193.2090438
186.3595115
303.2332645
2061.723982
1090.447976
2610.718646
1884.955844
1570.974972
3601.535533
3354.360273
2498.519301
3532.580169
3477.086488
3494.861304
4004.476184
3571.241979
4005.58112
3303.799819
3366.253297
3861.294097
3904.444043
2938.20798
2815.714202
3210.547964
3109.834494
2587.641069
3582.473642
3429.877461
2102.526412
1817.470269
2036.753346
1926.342624
1705.587
160.2673677
146.7780402
280.3039927
345.3763815
162.4359345
177.2781975
1104.311975
2503.407159
1347.977666
2600.052748
1952.645891
3014.572577
2353.011903
928.5531735
2896.924556
2686.27897
3142.362548
3215.804615
3841.075828
4157.117852
4555.975188
3508.584178
3585.102438
3514.875266
3594.992328
3039.722753
2502.141484
2810.660059
3059.109425
2851.623024
2381.808429
2239.901514
2269.414174
2124.550945
1938.793687
2249.248951
240.3996055
207.9324469
192.5667592
189.6221705
183.4664669
852.0759444
3022.571908
538.9456797
2236.355768
2306.335643
2283.690144
2160.014797
1123.28647
1997.963611
2189.357179
2139.055468
2736.205227
2412.873228
3731.219265
3932.811527
3031.915341
2380.289639
2869.145544
2121.677742
2631.323862
2869.381432
3297.743792
2828.995501
3096.315268
2545.61349
2351.834515
2302.293326
1979.710465
1682.066436
1609.173166
236.5799733
251.2990364
234.5446837
1829.372637
443.5082461
1764.478207
486.0967625
2165.073648
2839.443025
1248.054833
1845.455803
1518.153331
2162.162569
1806.846853
3825.159387
3617.685365
1316.190585
2451.705342
2594.200932
1990.20164
2359.346035
2399.145501
2759.581671
1992.029978
2233.355978
2115.972393
2360.608192
2246.078286
2469.120599
2962.631338
2608.648318
2500.148416
1923.099706
2102.933055
262.2699717
731.5608267
1109.962194
787.3544562
506.4482718
428.7665672
851.9432302
2780.806919
1074.779113
1888.066438
2783.837374
2337.135803
2666.971368
2561.118831
3811.888575
2573.462021
1617.900979
2681.007701
3915.706417
4061.126669
2383.953234
2164.106396
3073.358282
3020.24965
1812.585034
2491.78744
1807.664385
1659.729164
1972.924567
2310.853634
2469.797421
2103.137149
1592.570875
220.4758639
220.547006
222.0273446
671.3415182
484.0755806
198.9482932
2167.185933
1369.991928
771.4892864
2051.625207
1552.991802
2304.132584
1262.580327
2096.615991
2524.826532
1761.540043
1642.999361
1877.081108
2124.257168
2301.579107
888.7954476
1509.470654
1957.823531
1916.05002
1455.070345
2234.934806
2153.369058
1595.372996
2235.470288
2193.774649
2416.653918
1967.840414
211.5022509
224.9693529
229.883784
367.5879003
337.9864861
416.1875858
212.7819761
1351.976998
746.1867373
1810.750234
1035.863252
2016.338991
587.7429231
1090.189249
2524.300118
2892.348338
1824.95897
2622.326806
2757.998525
2384.101683
1373.446068
2201.057607
2478.388869
2446.156234
1750.421459
1701.73771
1872.85853
1370.698842
1399.233487
1797.242074
2427.102411
201.0989655
200.7230049
219.489696
708.8976774
729.0151955
251.1456587
1413.230191
2147.954053
415.0039967
1661.462356
1046.706929
1155.080836
1534.564422
3165.401578
1729.212096
1797.968967
2243.565729
2009.140207
1386.407969
1783.954853
2140.745329
1673.653688
1222.903157
1528.126524
1514.302734
1660.601509
1658.447867
1729.71313
1573.266288
179.3514363
182.3044606
186.2785683
187.1884656
198.5793626
221.3565252
1330.691537
179.7095447
1280.683112
165.6359828
941.1548901
1565.645172
1264.202624
3203.902592
1863.114915
1816.707269
2349.81511
1696.32194
417.4780174
1583.61332
2450.75082
1633.480355
1552.891056
2121.124927
2376.006461
879.8892669
1449.293121
1989.855429
221.538874
226.4309339
180.9412189
169.0204558
449.2924713
1420.956676
217.6116164
1226.752631
381.5359166
217.1287199
343.2405679
1099.884772
1645.097222
953.2400435
1605.890588
1314.915899
1740.530001
662.5583037
791.7193715
1424.807809
1195.582408
1263.40591
1106.087156
1333.560511
819.061914
920.7002817
530.6324768
891.0272444
993.0541608
250.317056
1824.578117
254.5913904
230.5440587
453.6111755
543.1613958
457.1258252
347.1495969
845.8105845
982.3561355
692.3233316
1410.727865
1701.526839
1365.960433
1091.552755
1331.37585
1292.123778
736.0043074
1417.368858
969.6236911
996.4207159
702.8207012
205.0399747
1166.479646
564.7439082
201.5978285
215.7690902
214.2778176
225.2368538
274.2820321
394.8778761
1043.038091
1154.905019
788.1357977
2057.990971
1609.915206
1317.778455
534.21005
548.3124915
684.588631
854.7245485
1129.234033
1510.763193
1151.663773
286.6596918
222.0704031
210.935351
225.2969728
251.7703705
598.2778315
408.8382419
1802.026704
1385.840193
639.1226268
959.1201472
1356.661462
1131.630945
813.4473148
944.9962219
560.2874534
747.8806946
786.6549053
553.9081759
2130.978466
980.0664229
753.797713
1040.680378
789.0745617
888.8574655
696.4718484
179.3167792
962.9650858
3655.673901
5586.44503
11898.95962
17678.67745
16619.17712
15488.95237
12857.5578
9884.135991
4462.098256
0
0
0
0
0
2329.826869
3882.157181
5494.174263
3332.221906
2.958577526e-12
0
2334.96988
2967.703665
1358.376759
219.1270888
370.0147564
417.7738703
547.3574908
2312.188309
221.7433813
6423.654647
4267.098625
8461.983584
15392.99831
16234.10536
14816.76807
12726.62263
11752.11567
4059.381777
0
0
0
2.218933145e-12
494.2999746
2357.434965
2158.158975
5678.589851
5560.060133
3403.992683
1733.438135
3915.078396
4314.540289
6011.660182
181.1396982
182.3195719
182.2241615
188.04054
3207.877249
4828.503121
5397.743043
3007.702947
8338.835113
10167.60785
16724.46885
16892.62337
13220.09522
10061.70889
4843.341477
0
-1.267961803e-12
1177.529022
6346.73503
3435.115503
1.109466573e-12
6260.063905
1540.968701
3130.419111
3236.67372
3750.719751
5652.039096
8050.800998
6142.226247
186.9188366
215.2841012
214.320383
762.8650893
222.526441
7767.659531
6299.216248
7536.881679
11205.43668
11438.89889
16268.20925
16909.0563
13457.69454
10096.66362
4968.67357
0
0
674.8382652
5.071847188e-12
-5.461989279e-12
4.437866309e-12
643.3609872
1043.550219
5613.169277
6285.126164
3912.946281
2451.510094
3433.168472
3874.158205
5208.074042
210.9657759
207.7352185
433.7368938
789.6977424
811.1434616
878.2285323
10268.62007
7201.593499
11038.84046
13295.53942
17443.00356
15677.84969
12711.89828
10137.55169
6823.653492
0
0
-1.267961802e-12
6679.754157
5155.645063
1842.307691
2802.449697
3332.459226
4161.204189
4802.015492
4162.125374
6243.894298
5736.123303
4047.720031
5595.323069
195.9259841
945.4030051
175.323151
5244.149686
8858.130145
7077.119481
10903.89187
11374.38124
13506.84836
16659.13406
17110.14906
15692.2759
11984.97393
8157.79039
3.606845401e-12
0
-1.775146514e-12
3510.23632
1992.506191
2225.42923
1522.643101
2204.039439
2732.069124
3446.157682
5585.019572
6879.834657
5787.989332
5008.978472
3962.242805
4707.344366
251.430853
249.6769614
267.57529
493.8694443
4126.917441
8602.380952
7119.513116
8735.834185
9024.996749
15348.16018
16635.21584
13707.62362
10678.42755
9176.602658
3308.80208
0
1956.064928
-6.656799458e-12
4125.829906
2917.829188
1605.010485
1457.271381
2881.154505
3640.108601
3060.548992
5743.476248
3871.865295
4205.076812
5387.218843
5990.591916
4245.667474
2145.299571
227.9137222
247.3342446
229.5231539
223.3466594
2571.28817
2554.373665
6884.672681
3778.414532
10400.18728
10224.44722
17262.43522
15067.70743
13515.13118
10537.3392
5419.470242
2004.899148
0
3081.733246
1152.77124
3295.218592
2072.113371
3564.101419
5545.363477
5456.707071
2737.752431
3766.081593
2244.574506
1977.972236
1139.582326
3655.416164
4359.641413
3207.480247
4433.022562
209.8762299
214.0531839
216.0446927
215.218307
398.5511891
586.2216477
6262.797656
6432.118943
4247.412764
9926.981317
11936.09009
14723.05914
15014.99084
11284.19959
6415.334862
-4.56108629e-12
0
2715.774859
4129.711143
3973.729076
2730.407182
3117.616104
3584.040321
4024.036667
2518.438737
5943.460245
6929.325012
5395.644509
5641.51779
5796.280719
6846.995735
4568.554379
3510.032417
4597.897782
183.5289345
898.4124411
4735.820582
1633.975993
609.0631153
6642.284959
3633.507402
915.1615223
7269.756433
12890.90682
15229.70423
15149.29532
14966.54397
11816.43162
7627.869823
5171.786858
0
0
1754.644168
4321.213382
4981.274689
4291.706334
5114.769681
3328.441331
3001.81026
3384.577739
5216.797648
4697.822059
3580.21604
3654.235528
4082.526896
4320.944341
4131.306047
3426.015367
4640.087041
2938.152903
4018.278312
4042.296388
202.1160215
409.8529558
219.6305518
227.8022104
524.3971468
2765.577961
9011.898022
13195.06669
12996.76455
14207.4213
14910.88497
12829.12866
8239.498217
7963.249363
-6.449206375e-13
1957.317376
3663.621654
0
8121.098763
6079.487957
7561.005166
5590.813303
5835.780857
4110.997594
3632.0716
5068.940909
6597.729225
6049.093089
5150.451596
4938.921529
5240.080934
3745.075754
3987.513893
5123.551792
3620.241187
4220.875179
4183.015367
1313.672344
178.1504729
178.2116481
172.3513823
171.6335772
1198.672614
2397.893436
4619.031364
10829.21479
11955.90745
12641.3978
13587.72198
13264.06198
10960.67858
8757.074313
7481.210834
6248.499974
4327.548296
2678.492166
4105.647621
4029.997994
6560.880141
5812.389515
6305.392223
6164.498222
4026.336415
4218.909358
4852.035453
4457.615208
5637.402575
4541.724814
4603.904133
4171.498821
4285.527643
4207.220796
3382.073431
3479.835623
3707.991197
4475.850349
2949.544663
3362.322893
2313.832766
229.4002849
231.4149568
228.8696391
450.6543852
222.7661305
2045.532247
256.5672904
4207.683124
6336.820296
9312.708739
10138.50898
12082.80439
12550.97693
11743.32517
10441.98567
8366.4474
7162.053974
5476.136008
4523.820756
4571.518193
5182.655679
3977.175384
4454.034975
4109.804372
5504.837955
6258.960733
5191.419793
4816.45038
4044.27798
4996.333036
4926.293348
4031.373093
4143.59438
3724.347536
3123.945369
4640.02769
3083.397852
3208.15917
3280.974243
3227.205542
2840.776636
2622.262548
195.0524582
211.7532785
219.0163672
215.6979146
212.3431679
945.7641782
3302.981226
415.4471271
3671.340645
6938.882363
10910.74004
10149.48146
11601.09534
10407.47461
10335.39494
8311.56691
7822.295458
6098.499105
5004.973855
3721.837043
3606.919412
4650.630081
4842.982372
5242.20137
3929.46463
3248.883182
4040.661587
3847.668086
3577.468357
3727.582766
3570.994601
3496.842197
3442.812741
3800.727761
5004.600014
4152.584343
3672.984887
3259.681702
3514.343284
3070.920386
2911.461379
221.3822993
208.957814
199.1402103
377.1744018
1983.203122
4330.465636
3976.681099
2641.516199
2317.928218
6231.913321
4864.041105
7202.58062
9326.787251
10880.43312
8767.55343
8112.503414
7121.61643
5669.504952
6173.769011
5340.808419
5375.368312
4515.259417
4250.683056
4600.996846
5169.24786
3299.435759
3518.702962
4800.194097
3909.294653
3344.149004
3331.703796
4208.175196
3417.841404
3420.642869
2652.080572
2546.764971
2042.987571
2183.508446
3126.734465
2593.558902
2566.784831
222.4063051
235.4050422
210.6127303
198.8257638
4389.6012
1642.064469
2712.547524
2073.969668
2537.056891
6572.60982
3910.762803
4471.378375
8894.330244
9164.50816
7509.669663
8161.105952
7074.004268
7097.683791
5460.644264
6124.275004
4943.67566
4935.97037
3974.871338
3767.277905
3647.464631
3909.76321
4073.686092
3557.702331
3032.057111
3343.681723
2688.160956
3446.884565
4312.307447
4059.382691
3482.826102
2607.972688
3011.910077
3484.008968
3200.618791
3674.486034
2642.727709
223.1634106
226.73754
1610.861366
1079.714396
1135.943336
3724.95316
1982.665619
1091.21191
2911.58396
5742.314028
5975.433176
7458.406552
9031.535933
8535.034816
8733.118824
7693.99249
5826.131859
5769.735817
6180.206069
5327.566139
5033.085115
4096.249429
4025.099404
3964.094066
3480.314542
2964.934595
3561.266996
3077.676919
3068.197156
3019.594736
3801.156025
3973.575104
2907.473094
3192.177774
2528.711263
2311.756527
2423.333999
2225.769033
2478.928123
2418.855305
193.9965212
216.9066612
453.2854714
1001.997091
393.6008444
2788.665246
3361.264464
1063.656582
2014.8882
4146.411577
3917.35921
3421.321151
4390.67128
5446.921565
9371.634638
7623.695915
6163.751803
5897.352301
4951.479695
4949.027362
4750.870548
5148.166274
4735.966086
4075.444337
3180.544956
4156.531115
3370.019938
3394.135062
2995.718599
2710.396993
3293.69921
3181.391405
2945.763388
2489.107923
3205.370529
3079.604811
2639.171315
2561.062272
2341.929245
2306.358548
177.698574
180.688683
399.5027974
412.0798951
2662.941338
1551.838791
408.9225358
2031.066731
1090.612203
4389.826656
3642.602655
4394.259052
3081.926816
5952.196153
6474.562454
4567.82117
6849.353472
4171.956754
4138.102559
4865.520468
3868.613377
3643.287373
3680.637849
3081.469291
3301.595513
3812.668811
3897.937674
3570.136091
3334.955988
2769.179925
3380.018153
3296.738562
3640.163271
3233.162676
2877.5833
3186.974949
3072.087185
2706.281618
3039.007063
230.1740907
237.2296048
241.4091814
531.3338418
1210.59193
582.2956033
622.501508
246.1527743
3007.340277
5910.025894
6642.88612
4736.25889
1330.325116
4638.498188
8576.955995
5207.108688
3395.363361
5019.590373
3790.41325
5303.338341
4903.781575
4254.314952
3921.144002
3825.110903
3141.224405
3590.659395
2738.685855
2279.075518
2348.003399
2363.367934
1911.944654
2966.860306
2968.972035
2588.568206
3245.312288
2894.189017
2404.806324
1969.364756
1861.99176
230.9559546
259.0127708
257.9869938
217.8869233
204.0003
512.6871667
192.3449487
1973.681078
3904.30841
3899.548194
3858.412394
2752.99856
3239.195224
4737.351653
3474.416809
5611.106677
4377.623697
4442.459513
4486.95296
5346.663809
4443.293146
4204.640703
3225.215597
2769.106842
3315.149733
2637.103294
2991.007956
2813.656663
2277.449886
2333.05298
2248.492084
2654.513644
2355.317982
1997.974315
2170.085778
2368.690172
2518.682897
2284.94442
224.4287996
216.1489595
219.4671016
215.8834958
815.6697593
929.8412845
4477.413799
4505.2143
4698.020932
4406.290886
2400.250664
2116.034008
5758.458191
2469.966904
3935.473804
2451.421656
4383.343422
4438.699259
4038.770473
4189.765464
4203.433167
3133.798172
3559.847436
2981.007673
2964.457749
2703.748594
3157.960496
3139.243256
2630.984965
2498.642385
2587.136198
2728.421816
2414.48212
2071.135293
1799.080747
1669.278215
1811.847284
184.9830455
198.096328
178.3334985
174.05892
185.8773445
196.1707262
2766.285317
2424.493347
2082.70608
3146.459844
2396.696186
3548.916353
1985.783219
2746.39909
913.0560987
2708.882181
3282.911244
4163.391128
2301.089639
2747.745709
3177.198937
3219.246848
2166.620911
2814.046111
2871.564383
2990.529287
3300.145698
3214.375202
3211.608238
3039.048805
2348.314103
2784.863414
2947.18664
2563.933457
2197.876441
2683.179361
2222.498146
205.8641765
850.9175906
212.6915615
221.4687764
225.6428268
2570.56534
655.9049161
490.0940121
3869.448526
1806.888273
1736.03138
726.515061
2795.820969
1561.671106
1383.018254
2949.787803
4127.052744
3417.44006
2190.333274
2501.191219
3027.003727
3620.990907
3286.59154
3012.162632
3054.423308
3032.304379
3634.580118
3641.628356
3239.126596
3057.972026
2800.215602
2821.242552
2033.903717
1977.743399
2142.098723
1976.807199
2568.063172
186.6428721
197.1749954
390.24671
2430.48932
550.4835414
1544.19846
899.0630847
3793.169224
1799.092108
1464.81672
3334.921328
3128.908613
2206.832933
2780.30151
979.4746121
2771.47564
2795.660715
1976.753199
2252.324534
2203.186721
3110.072787
2046.050336
2579.910224
2523.646276
2979.103497
2940.717549
2408.524089
2742.587772
3116.106337
2226.7431
2110.985343
2009.109788
1950.338167
2344.599001
191.8850304
199.8480236
223.7017753
976.5693614
398.5130101
312.1718365
654.8010193
1778.485809
2697.284708
1401.006662
653.701982
2048.371685
1554.262401
1852.867099
2014.513925
2186.583175
2365.515803
2808.33577
2940.482013
1821.176787
1445.363005
2017.151366
2184.606935
2777.315848
2418.87836
2722.7821
3091.756269
2556.793919
2259.679723
3079.498905
2149.286237
2114.697357
2224.910534
1847.913657
236.2945463
249.9426369
1540.892668
251.4962002
251.1491639
241.1112908
351.4089085
1963.181366
1015.88668
1169.601134
1616.612257
937.8429168
839.3380858
913.1504028
1829.119611
1976.737029
1670.897137
2894.579141
3179.68484
2120.07268
1885.543277
1956.585217
1455.807466
1879.221666
1912.362117
2222.884004
2179.643237
1833.976656
1794.044261
2279.184616
1594.381142
1408.619619
1525.832799
262.0853723
247.0338349
235.0396163
213.3631123
194.2269179
189.9047021
818.0129835
1236.503081
1878.236475
2136.239311
1014.274754
1469.916427
818.111799
1372.128789
1779.656242
2378.884563
1271.271134
2754.682053
2228.261308
1763.685188
1290.397388
1529.734333
1473.126224
2302.801972
2343.211676
2213.537417
2703.013276
2289.914843
1971.103907
2650.054445
2723.926937
1859.496748
193.7971651
196.6399156
192.4249217
734.6338655
415.3898006
2082.844268
795.6800355
199.1928135
1132.04897
221.9823598
905.8646938
2758.715603
603.4895564
2042.225907
1704.604532
1350.432144
1984.170242
1757.084882
2105.98704
2299.420719
1571.617054
944.5668271
1872.03624
2723.565268
2562.140537
2410.757517
2761.983657
2492.996074
1595.574471
1531.33385
1964.670603
212.1961869
228.7489888
228.030049
814.3891844
2050.730673
266.6355488
227.8996471
1094.391872
647.6244198
455.6616547
1113.062494
1878.17981
1863.316981
1204.553281
1791.752224
1978.252295
804.4052729
694.1807516
2272.405838
2164.856714
1614.153619
1623.275755
2042.136978
1644.579509
2141.419615
2116.956487
1766.100127
2074.556755
2151.209673
1260.300038
415.9693993
260.393621
802.6762503
2761.661973
880.3326173
905.4650927
1897.216162
406.8103202
292.6490701
609.6472934
2638.537447
703.3892867
1352.778477
2177.802742
1918.961843
1307.499431
1277.017588
1489.7309
2074.483014
1175.899421
1420.859
2361.364046
1728.486088
1626.600613
2513.532589
2246.457595
1660.100678
1636.151905
186.0903383
233.6354838
2350.372044
234.2102398
385.030798
1278.531445
623.3581644
400.1111084
422.7874114
901.9039787
488.3031161
1992.47336
1517.368473
3305.643891
2068.388557
1934.542462
1347.885808
820.2353949
1970.157303
2074.632822
1105.00419
1829.077205
1446.855296
1151.995324
1895.066723
2375.298441
1555.278114
1524.386953
240.2026352
233.7356127
441.3380969
1557.157866
285.9444434
212.9110785
304.8951104
964.0387463
909.859793
881.5417464
1357.08588
2245.383394
1174.803429
1477.177576
1700.087661
675.2363676
1628.354312
957.7942766
693.9615615
1332.253646
1189.139413
1098.421344
947.2005795
1290.513369
228.392609
235.8075292
1109.164844
1120.024673
282.1788458
641.2295425
568.6286055
1164.673795
606.8442042
317.2972434
1194.046277
973.2898468
868.3717512
691.1181457
1083.683508
621.7825688
1420.041831
1817.584168
1134.295754
1265.804231
1261.485163
1143.090062
590.0841282
1020.56108
202.5964643
253.7925804
365.727015
583.9012478
694.6980439
580.388303
252.4266954
249.7461942
340.0755801
254.8588189
701.7231013
1379.494254
1065.284898
1179.082612
1371.419532
786.2766357
296.3448535
248.4488186
253.5144654
513.5504977
364.0993007
1156.000838
498.8182398
718.8609051
1103.963237
213.1778225
229.7486932
421.5264355
432.1262132
1524.126131
550.4886693
2198.07228
7268.656741
10879.72318
12247.02685
15888.11526
15118.5328
12030.08777
5642.711594
0
0
0
0
0
2.535923593e-12
5309.052796
7161.871585
0
1082.157179
5178.004195
5693.022729
994.291054
0
242.8029913
221.8891848
1808.671726
216.5979141
615.6458909
2052.64244
6506.69383
7861.108713
10169.36892
14652.42759
15970.17469
13661.20496
11363.05729
5767.463537
0
0
0
0
0
0
3412.962512
1826.791989
4262.658798
3675.090666
6178.503005
5427.008327
1870.263939
2903.233988
219.0806006
210.2179091
1031.402701
203.1150012
793.5282985
205.3498394
2915.116623
5157.468721
8331.358302
15653.79441
17777.46939
14823.29416
15034.84784
6022.779576
0
0
0
0
0
6285.943801
1433.562301
2021.473709
1332.231887
2551.125331
923.6697869
4818.581744
4388.005429
2993.061458
218.0960756
224.2384799
222.1004065
214.2789978
2907.583363
1309.882685
7847.967733
14804.21567
16295.20785
15630.80758
15966.23732
13677.57539
11112.60618
9880.829643
0
2391.337282
0
1150.877842
9664.115413
4164.73688
6997.300761
5164.31246
458.75464
2693.59843
3710.453589
5398.773307
4066.644314
5408.430338
213.407297
219.564619
219.3776691
214.9540062
859.4467635
1822.939744
6375.967273
7599.382863
11782.24583
11900.67032
14875.87578
14923.90885
13600.92153
9209.913627
3489.09685
0
0
3663.779535
1850.83475
3514.821615
6574.109293
2056.642473
3130.438314
4980.662975
6340.709657
5806.082814
3329.273014
5952.939896
5414.131692
6029.594567
253.3209697
1453.105392
245.8503785
1149.572846
1451.597321
8231.056814
15308.22172
16655.6394
12473.96992
14756.56294
16456.75494
13965.77604
11911.44224
4119.100883
0
0
1473.607183
2476.750228
3785.095781
2609.518411
1648.372851
3426.325421
4569.37499
2468.702326
4634.164518
4006.073845
5690.311046
5244.407807
4165.214674
6871.522908
247.3138961
251.4243635
242.4731356
2232.241046
1796.527083
2147.476895
6154.211725
10983.24919
10659.27758
12053.8594
16268.13469
15149.39711
13266.37088
5889.538119
0
0
1441.264909
3035.746146
5190.746789
4364.60157
4237.390927
3464.656771
3917.416998
3428.462546
2822.935577
4987.894157
4462.125068
3232.437041
4009.122046
5250.090655
3586.342084
180.9971474
1753.512878
250.0159198
1043.315512
2956.832979
7788.55974
6124.487039
10507.53664
11170.94779
14462.44963
16701.76642
14881.90556
11769.35658
6402.045686
0
0
2944.686852
2243.487426
4259.59244
4836.239261
2726.526296
2094.133895
6084.555312
3715.447475
3536.941032
1438.376365
1863.095677
5202.729783
4410.241898
4678.656974
5687.227972
4063.195119
175.9555467
734.9888869
1662.077266
733.0362295
6255.875536
1467.806045
4620.01428
7425.309158
7802.507544
11171.85714
17367.67662
16010.97636
13979.84287
8274.985174
3421.376173
0
0
0
2490.084242
1554.970223
1845.137757
2375.597364
1640.728637
3225.438481
7696.39299
5711.258187
5517.815429
5043.02699
6001.196091
3296.61109
3641.465851
7454.472941
2603.368869
5251.347087
4190.550938
239.9040648
229.4487133
4312.821147
5281.472619
2953.777884
1288.717773
4069.646511
1195.419191
5574.773182
13777.29229
13007.39516
14834.83956
14357.68063
12745.07239
7002.749389
0
1.61490423e-12
608.9810358
5.547332854e-13
4103.70702
6424.494987
6171.365621
5061.841154
4435.500182
4450.520033
4651.471951
2777.548509
3355.987694
4312.842342
3746.656878
4152.368857
3692.539077
4027.137099
3825.838668
4454.604386
4678.486394
5182.147761
4956.917163
3141.167583
681.8448086
2351.931332
311.6018318
1369.595564
504.2471213
1968.562812
7223.750938
12608.87109
15037.17208
14534.80296
12600.80052
10155.49254
4745.03377
0
1987.990183
1374.083171
1101.534387
6456.177296
6297.351986
5500.318916
4439.454174
7756.265643
5752.422012
4674.775682
4506.272768
4181.415564
5122.616289
5646.896226
4970.339001
4401.77023
4147.484361
4115.354333
3827.305232
3861.045192
4880.386456
4279.105584
4561.03269
239.7189611
2844.781959
216.4565646
2245.513048
400.8192521
3282.533905
5490.71086
9280.405631
8383.484354
9912.741156
13754.92472
14186.25969
13375.14701
13827.41865
9195.390705
7659.42576
6739.356304
5613.355434
4327.056671
8906.34046
7988.537376
5258.380232
5399.093377
4347.08654
4356.081573
4677.182418
4323.41264
4044.475328
4144.24129
3583.149921
3178.973651
3966.383947
2817.155178
3481.255351
4117.016246
4297.44504
3129.496337
3702.410988
3202.352012
4264.96371
1841.238359
2253.341089
234.7463211
2073.491305
220.6308799
235.5472444
242.8062017
2531.64792
260.8347416
3082.44303
2166.061773
12236.16205
11159.07528
13024.6921
12943.03554
11128.47804
11795.87281
11150.86713
9079.14198
7139.712679
5741.880607
5009.31089
5210.725685
5568.895579
4681.912592
5233.90107
6472.865294
4331.755957
4981.278834
3879.326663
5022.552601
3636.111884
4639.39291
4133.536834
3603.59486
3225.33194
3731.660621
4140.933153
4370.994837
3469.284221
2888.145855
3041.313663
2513.757825
2569.797186
1879.129566
218.644753
181.4805048
199.5917954
1996.052431
2171.337834
2637.694589
7831.095101
7425.912972
10278.05312
12038.5959
12141.54222
11353.93729
10903.82777
10224.27801
8241.775472
8232.004042
5842.741073
6239.949023
4948.447759
4734.533696
3927.694516
3744.782031
3569.136004
4260.066589
4131.693753
2466.020608
3167.020755
2451.680617
3614.472459
3816.644672
3232.174743
3602.437746
3387.857448
3046.416815
3271.837901
2470.016859
2651.501218
4326.81355
3125.654539
1958.081733
1968.748229
236.4912389
234.6478238
225.4154914
216.8809454
375.0061616
704.1735203
5715.28718
1729.811437
6312.367032
7159.154428
9080.036146
10091.44655
8344.404766
10771.71512
9928.22843
6879.79591
6008.392198
5147.931306
5479.644091
4557.461896
4053.862644
4160.934705
4764.917565
4623.726393
3659.759343
3318.148831
3242.63799
4658.696564
3702.322612
4131.985305
4182.076871
3121.429613
2607.599243
3321.795811
3357.293513
2437.345233
3268.015979
3454.941138
4637.600644
3383.265998
187.1965798
210.3281642
197.2810208
207.3125736
193.233137
213.3799618
1914.057753
6020.843897
2762.639281
6850.002903
8188.085257
6573.477706
6139.066789
6911.30517
6716.439308
7399.307686
5721.641625
4893.694334
5225.896533
4354.311446
3885.626868
5035.9473
4087.511865
5089.535917
4284.507519
3896.91883
3347.829152
3820.279109
3583.392886
3086.468193
2515.941342
2516.249854
2621.38954
2945.758216
3528.850165
3646.647145
2546.970784
1939.079945
2213.351624
3296.929121
3816.826177
245.663476
251.2641128
240.6849298
249.8475461
272.0885044
3540.791012
4242.616013
4597.160418
6688.626394
2826.304077
7091.580556
4437.453383
5468.998179
6848.769993
4741.506562
5787.332567
4241.316421
5597.206167
4698.442178
4598.574333
4758.204009
5190.54283
4339.51203
3901.527007
4343.38668
3113.117406
2438.960747
2371.313591
2493.054629
2749.329977
2515.974221
2686.418728
2536.247405
1892.883542
2796.499113
2021.654485
2001.97312
2068.64692
1834.722552
2365.481454
206.2679119
186.2370887
186.7747659
898.0066248
897.1953178
3111.128496
713.3850886
3138.442063
6115.113417
1646.429445
9322.227349
6312.26457
5916.66081
5654.804765
4101.033651
3635.120096
4197.783189
4675.074837
4540.307853
4646.181691
4298.163998
4517.797269
3977.712716
3154.324393
2699.524712
3981.784499
3119.014053
2860.600232
2727.864617
3462.636899
2832.822413
3283.724557
2734.644052
2255.8423
2169.95126
3097.575286
2530.951979
2260.412562
2320.362655
2155.545641
188.2703806
183.6235359
199.8806845
471.7916746
1753.607074
189.1135349
1105.092067
4675.624798
2129.044691
5141.307911
4192.054312
6345.742452
4574.821813
5260.237437
5503.13623
5051.15207
5854.240071
4914.378026
5525.73282
3818.822869
3366.228029
3626.420751
3028.114589
3039.425267
2716.188662
3153.035265
3376.828647
3120.376159
2754.155356
2297.543279
2282.175332
2005.999375
3110.335493
3039.390312
2715.919199
2726.905127
2129.6385
1943.14727
1976.21135
225.0672465
221.9864004
216.6189476
733.9983223
1968.736424
430.759185
1307.816047
978.6247477
1596.000087
4294.023928
2985.540811
6290.198
5233.077533
2778.939068
4298.00738
4711.111162
3424.450555
4894.026965
4555.430317
4878.541835
5054.593046
4361.435567
4339.183976
3747.954358
2698.795472
2828.612852
2735.998845
2626.355457
2275.097557
2646.138728
2400.116277
2061.109646
2164.67164
2653.732682
3204.180451
3283.490201
2810.252484
2753.31639
1905.744012
247.0015688
249.5071168
263.8845013
2807.572977
251.1211858
775.8256603
231.5817047
4229.648303
5110.277558
4026.816785
5740.839811
5292.371794
5506.917244
4765.243852
4685.670855
5166.720031
4798.519862
3837.721915
3844.061801
3795.551999
3341.943919
3381.620626
4146.86756
3370.492657
2494.931191
3251.165392
2516.840738
2144.089072
1818.626714
2182.675451
2224.68506
1832.485866
2805.443912
3050.291909
3334.036832
3260.318069
2958.996281
2696.470256
155.137172
168.5949227
360.0548758
168.7478201
1150.929872
1131.985165
1520.606734
3873.45911
2917.75281
4761.298439
3559.286792
3151.752326
3084.312328
3947.717051
2821.794675
4259.92489
4035.413519
3552.525516
3302.101642
3110.599841
3826.940711
2850.901883
3033.077654
3508.633374
3093.521893
3407.687499
3187.790773
2663.525371
2716.136235
2426.375159
1667.261277
2304.879527
2495.42552
2650.879259
2695.149889
2706.893111
3228.235984
192.2520541
229.6539462
206.9875864
203.772383
193.9112448
187.9992651
206.1203031
4632.129685
2496.640674
3980.41038
1892.224238
2454.362574
3331.294185
2837.850307
2538.389724
3486.416441
4180.25288
3991.243827
3419.561576
3098.479362
2961.118613
3567.592829
2152.278301
1607.409895
1610.401168
1510.372424
1992.994047
2561.473246
2406.375197
2571.625459
1928.496574
2255.564184
2267.532664
2341.294408
2411.967232
2022.042358
1566.717913
258.8127938
265.0662563
258.7061806
709.5063713
251.1644508
395.9701691
3301.782856
2549.951291
4849.51364
929.0982332
1508.873401
3067.668904
3369.849242
1706.018639
3024.053878
2028.174268
3986.69989
3863.571555
2844.49504
2625.223616
2925.780865
3550.437902
2694.361511
2323.302169
2202.388992
2031.419527
2147.232762
2237.634375
2612.658529
3184.425057
2921.415938
2575.482275
2326.070942
1978.375351
2411.779049
1803.039646
228.0372334
243.9158845
239.0767006
213.5089285
210.8535259
2161.860995
574.6402399
5024.723202
625.1729029
1172.806984
1050.495384
2688.366856
3389.745162
1486.077525
1880.296501
4344.209873
3455.327028
3104.079279
2138.287137
2162.426557
1999.765614
3340.460765
3240.799253
3055.775195
2544.556128
1754.719398
2665.892023
2478.425874
1574.021054
1636.965535
2898.030136
2400.714403
1992.35126
2724.20953
2701.988603
212.3342939
200.8971486
195.6810587
198.6196199
1560.256376
187.4759135
2465.247304
1694.049988
196.372852
1729.47192
869.3300181
3846.696773
2314.41052
3281.899269
1017.920482
1154.316142
2652.343057
2218.231221
2446.967922
2247.092379
1904.910193
4196.059207
3014.338515
2249.426538
2643.433423
3005.916356
2841.486501
2829.502737
1957.272604
2108.410759
3033.098222
1972.866585
2279.754757
2421.477037
191.1370381
208.4456483
1440.919493
536.562327
237.3973585
1014.850134
2089.041366
808.2584535
844.4933849
1116.291255
2372.527308
1301.318129
1564.091428
2075.252297
1181.837023
1732.760974
3065.744336
998.4751529
2542.54209
2907.996298
2104.555866
3379.802745
2331.135693
2630.916407
2912.079267
2114.540946
2668.512927
2383.59266
1713.501254
1633.290412
1748.902415
1411.888242
1855.959755
201.0903831
198.9841313
192.9784974
316.576752
199.7411885
1361.78612
536.189664
1497.562018
942.4394678
947.5787799
1628.963511
1016.524955
1921.70584
1103.851662
935.8537099
1499.292981
2295.458827
1109.261785
1930.71483
1973.684632
1773.356736
2864.462745
1842.530809
1727.132029
2444.201772
2302.960933
2212.871632
2017.93925
1642.900359
1570.64627
1594.056704
1298.014101
194.7296479
182.764306
217.9441512
503.7384853
437.5359419
1457.129539
860.3036263
1918.678309
832.8693479
2335.470191
259.572367
348.9468467
1219.925704
1004.350203
898.5565579
704.0093571
1981.928952
3097.409263
2968.14879
2230.235003
2384.346581
3063.376487
2175.682056
1640.044816
2616.898277
2104.608504
1898.916998
1888.272114
1969.788999
1665.421108
1521.585964
210.6374073
212.8923389
217.3903663
289.3832087
1582.113229
1185.579237
1660.789726
687.9849343
341.606079
405.1569976
337.1846872
1215.054356
1103.77334
954.2858001
1148.457905
535.8803925
835.7333588
2305.560356
2585.723055
2296.322788
1600.142528
1224.992888
1089.890165
1477.727848
1902.303302
2291.069476
1394.953756
1176.707602
2034.485098
1388.315711
200.0466497
282.033655
623.0816545
726.6882345
1662.227215
238.0977851
223.369065
229.8381506
271.780502
1013.780209
571.0855968
749.3483646
782.3428897
961.7348123
461.0662195
785.8952312
1756.699371
2183.487166
2151.693771
1864.23572
978.3037104
681.0672904
1069.734354
1674.314978
1335.334535
1055.673971
1100.675247
1219.502224
231.240004
319.2213337
1186.069308
1374.795155
1069.788362
1493.337239
368.0293902
214.1991446
253.0392018
452.8337444
1634.055939
671.4373556
429.7203737
587.0378136
865.2081229
1109.563281
1067.094465
1313.85965
817.3469575
1436.850394
1968.773309
1694.303784
1128.228805
1281.795991
808.7441103
1082.871778
1153.966531
781.0542252
778.1093354
545.2160326
422.227202
574.3722361
591.6139426
252.0693553
298.4984738
984.6344904
331.6850214
1246.016945
963.2667709
686.4128738
1890.945628
2074.128645
1667.119602
1819.220497
1425.219403
1109.482289
1454.811996
1820.696641
1161.276243
1068.201861
810.8240515
838.4901234
1370.494958
255.2542116
224.8261735
259.4442139
553.7646018
316.8367079
225.2817509
226.3460356
990.671028
1139.447703
965.5982659
757.1262377
2062.75303
1346.643212
1222.105745
1245.090388
1230.855531
1603.293439
1318.288849
1279.473651
703.7726314
817.1913774
792.714524
224.3561241
230.8674349
475.2509401
503.5593473
317.7062443
337.2568531
1319.262657
791.7909354
791.3657727
546.2813451
953.442854
194.3071349
458.2939648
475.3195017
481.0015864
1541.323026
1775.023168
1158.219732
578.5048349
271.3177387
384.7596172
621.0733476
617.1744214
307.298285
716.683884
600.2541115
253.7287541
243.8093022
229.0157793
219.9368971
214.144584
1213.518279
3055.481659
1080.807671
5628.076601
13588.71271
15425.34071
17093.53796
12947.3085
10772.49045
3618.991018
0
0
0
0
0
0
639.4565151
4388.300986
242.8274711
3319.069814
3218.257026
3645.417298
5183.834485
211.503568
209.8066234
210.0945042
197.4715904
2959.271995
6502.991543
2185.75672
5956.602474
9542.314006
15712.99016
16477.75709
12992.1718
8374.606347
3711.242004
0
0
0
0
0
0
5112.796941
1.849110961e-13
3860.067044
3863.906223
3442.041739
3543.871766
4053.827423
233.1692759
229.8189741
2615.059609
1731.083311
216.4034204
4670.543139
4498.16254
3888.644304
14499.70417
17091.15784
16867.97894
13445.26511
10168.08627
3565.891992
0
0
-4.437866289e-12
0
2.535923605e-12
5496.485675
6057.49813
4685.20784
2261.76164
3823.758252
4614.69144
2769.000809
4058.920756
4545.522602
186.5298571
183.8652112
184.527518
1999.599219
2662.692337
795.0606899
3327.595185
6205.168054
11974.44489
16229.3392
16550.65496
14198.08512
12469.11546
4571.264163
0
5409.461485
2354.064819
2007.603471
3924.592423
2239.760398
4831.979285
5244.218691
6076.51101
1541.122754
3917.778433
6292.358418
4138.03358
694.7266916
181.6861514
203.8785832
241.9877982
243.3167891
629.0267143
3664.231755
3564.694975
5085.0333
15139.81325
15513.81296
15379.79059
14077.15949
12674.82972
4788.419908
0
0
0
1440.291951
2985.725083
7155.967064
3732.050834
2997.497202
4842.181645
5016.868391
6078.117164
2867.693486
3709.242453
5746.903916
3282.869725
210.1246512
213.8297727
414.4091217
4266.252981
4701.711318
4319.299887
11148.24334
7092.398988
11198.38406
15717.06848
16642.56341
15629.72328
13201.9079
6526.481638
6.415301459e-12
0
236.8942869
1786.189441
2657.300111
2287.698024
6796.471056
7724.858945
5959.76944
1984.548285
6098.268706
5154.428742
3249.790497
4394.94673
1416.434145
1220.871312
262.3638419
264.3878489
624.0710029
4208.330357
4343.658601
5281.132162
12399.47343
7569.442861
15361.98672
17167.33198
14920.47982
15747.43685
9756.336273
2890.059161
0
341.3617245
4652.641138
5307.984154
4966.465564
2089.347279
4141.767917
3225.594595
3692.457224
4010.654129
1892.109977
2646.766303
6418.269947
2416.274086
3116.892255
5434.134963
6182.774541
209.3770566
3644.359622
211.4499637
934.3710294
2503.949855
7113.599353
5932.95015
5611.223466
13457.01856
13432.45881
17286.60412
14649.58576
15036.89255
5861.186839
5.427568105e-12
889.4462286
2980.290876
5534.771655
4405.222613
2397.861926
2121.937458
2900.167038
2719.719182
4124.180488
5203.136143
2132.44979
2250.415766
1779.790917
2435.796109
3205.321769
5459.981739
5214.593826
244.3073247
227.9450497
202.9424117
2213.10606
4858.291231
4520.548169
5090.642327
4031.594402
4718.166644
10798.81452
15860.11419
14872.61114
14245.0335
7853.223718
1369.012754
2723.314044
4.437866303e-12
4412.208474
3533.396064
6052.158807
3911.029258
4580.7379
3790.384474
3972.16666
7830.330066
4001.923683
3511.420546
4682.668457
3214.620952
3151.584786
4451.656761
3949.92908
3167.60972
3929.380703
1705.673146
504.2703675
625.0379305
1839.561702
6941.08083
1120.080316
1376.201716
1304.152037
7192.692982
9072.179133
13957.95385
15756.65157
13273.0471
10719.61224
6821.675886
-2.402073447e-12
3178.713289
5685.306839
7053.761322
2820.62263
3010.792595
4711.164718
4490.294107
5475.825625
5758.744079
6252.246132
3878.01658
4965.650322
7430.030951
4471.476754
4195.019593
3535.730179
5083.937922
4031.185258
3584.514063
4974.857398
3213.969092
2931.309845
1068.725564
1560.142187
230.0632981
2761.529419
395.3673851
767.1956018
745.1422445
5871.294349
7253.604743
12711.33513
12002.10894
14454.14984
13073.29641
10741.93255
6988.605178
7558.714067
2389.635537
8375.595186
7815.793551
8581.770652
3550.176581
5946.930989
5390.593139
5150.512785
5361.461806
4114.1749
3244.417587
4354.795383
5105.822326
3560.60879
4501.414776
5978.244719
4783.701939
4320.006255
3850.028592
2906.058574
3245.433005
3950.568839
3722.013003
2849.638272
3147.276837
3493.280124
211.4988712
213.9882728
263.2850875
2515.054667
777.9496227
1235.79845
2359.958174
5909.442275
6917.517494
11974.19086
13218.0821
12889.8557
12474.5332
11331.79291
10482.3081
6814.980998
7047.035391
7608.12045
7752.050874
7804.601675
5226.44552
4790.647387
5937.206493
5736.92532
5828.438877
5133.591544
4814.20027
4982.532805
5400.429512
5283.311683
5176.554568
4820.159222
5486.34919
3274.847376
3526.903053
3695.375974
4142.017928
3872.380495
3370.80486
2786.827981
3832.033485
3005.358516
217.594004
208.5390912
206.1221042
1264.034131
202.1881942
3228.599715
1042.469338
4421.899553
7595.712272
9947.499601
8904.723837
10132.55465
12139.09626
11612.56059
10121.76577
9267.093709
7671.37176
6441.83664
5883.091246
6018.884159
4211.547734
5835.910087
4070.073753
4107.940316
3301.679435
4110.119897
4365.440144
3429.23146
3155.95816
3881.106781
3962.2883
4408.982067
3322.430852
3453.735174
3589.389054
3414.130519
2911.801685
1949.465793
2758.108375
2821.626691
2120.570167
2529.192816
181.3478207
199.9380615
1571.351279
2184.564365
181.4200381
1449.925488
212.2937082
5507.615593
8553.211527
2241.29595
6718.548176
8986.074751
11940.3214
10729.21518
9604.771284
7891.600187
7502.964607
6914.165188
6748.082596
5088.75461
4458.290833
4361.478379
4925.676798
4590.979776
3963.515478
5438.793648
4490.379738
3544.262956
4414.986198
3016.351677
2023.845567
2154.974074
3102.465063
3364.775162
2500.732128
2249.627067
2059.282326
2237.646404
2144.951548
3284.523508
2598.361284
3071.768268
198.1917994
164.3713871
806.7444746
927.2296621
181.8636288
1256.87915
1042.120852
4805.179973
2252.839387
6836.837466
9216.616262
9731.898449
10916.14108
9147.525479
8715.117036
6617.773542
6181.131989
5468.572693
6452.568492
5597.445654
5981.193221
4896.629066
3810.193462
4221.383208
3104.806954
3467.879205
3294.820604
4545.370655
4448.623698
2972.389321
2906.90127
3052.549475
3340.867051
3367.30476
3282.890303
2932.170036
2394.374017
2334.71414
3064.686379
2844.638333
2439.776146
206.1889442
224.7347111
204.3542999
213.326965
224.05942
757.6785287
961.8006672
992.2096043
620.9011175
6274.50442
7490.77464
8912.398668
7655.770062
8592.753053
9070.267995
6718.476143
6722.823078
6046.129412
4897.037564
5583.798173
4750.056502
3818.770484
3035.670034
3334.554654
3750.946983
3944.383995
3698.775263
3439.247653
2970.085224
3682.482689
2598.181509
2548.485495
2006.378486
2336.126612
2865.118084
3504.127497
3021.778238
2919.190786
2367.457082
2399.614769
2406.142094
500.7308703
195.794593
213.1273471
255.3125499
285.3366598
314.5458327
280.6740773
997.7324243
3425.156171
8233.773188
7392.414666
5350.053946
5687.681411
5885.556935
6944.886269
6668.773448
6502.426668
4079.278434
5603.773124
5533.571438
3984.490772
3641.175416
3311.455662
3899.360322
4008.084442
3500.759247
3032.610731
2535.51447
2896.721969
3385.017179
2293.054058
2560.114907
2663.472288
2732.23389
2921.00194
3324.457816
2586.708757
1947.267406
2481.823125
2396.522643
383.1849108
483.3555601
202.8287866
216.4806845
197.3731437
384.2130985
335.1288948
231.3018764
852.6097454
6418.846803
6319.684468
3022.845493
4754.913509
4418.303388
5057.466222
5209.836196
6687.997672
4902.139639
5847.081797
7275.46289
5077.192545
5489.084452
3777.328472
4181.822194
4365.953646
3195.96457
3472.724998
2890.581063
2610.235782
2577.26735
2972.360517
2398.992551
2558.44755
2764.714013
2642.111028
2963.890836
1740.120858
2428.457412
2614.953727
2384.24433
188.7640815
185.8782845
179.9155045
1597.954542
183.7074692
456.44801
412.760717
709.3306474
4777.008284
4372.005766
5081.669773
3250.980734
2876.540125
5164.764918
4530.015864
3210.203499
4520.56458
3515.453196
5107.326181
6938.484329
4686.776708
4430.734137
3418.824632
2946.620674
3699.67454
2572.46587
2962.057534
2467.741571
2551.618606
2425.672081
2737.218496
2837.019511
2256.210691
2456.806092
2385.062677
3125.59168
2612.902901
2602.134261
3038.730672
204.7152694
223.0198507
193.068482
204.3196043
2223.45701
453.4575603
276.2892346
689.5809063
5534.898378
1775.613142
5001.293669
2544.004296
2113.4362
4610.765783
3712.349471
4906.228568
3204.115931
3732.201766
4480.087738
5711.630755
3451.079021
3635.600525
4605.086973
3282.589754
3076.85459
3274.097873
2647.561286
3228.335449
3131.901777
2912.324057
1943.965542
1810.853144
2038.798808
2269.191923
2384.743064
2933.677539
2401.435248
1932.685034
1915.176566
257.4885348
257.3202136
234.4388836
2638.73532
2459.899891
2078.530676
939.6874538
7148.703528
3704.223105
4567.88961
6271.153564
4875.457996
2828.92517
3848.031097
3846.558618
4104.112964
3523.108183
3586.940109
3983.345202
3941.610247
2950.874614
2353.896698
4009.528759
3227.953629
3351.056634
3710.893549
2613.813107
2586.305308
2655.448762
2684.223123
2735.922295
2030.397495
2204.663215
2721.869783
1874.034655
2992.08392
2469.006356
2305.563207
249.233029
234.4660581
2346.033713
462.859143
1959.94593
1082.08985
680.1168934
370.2652623
5637.468811
2711.259708
3168.254274
2878.298067
1403.901079
3706.841831
3422.969346
3608.978434
3496.339684
2530.889738
2801.795943
3843.18034
3164.184036
3733.291946
3741.336171
3236.053448
3267.896188
2912.590473
2846.47115
2236.666229
2274.190174
2017.460828
2759.94533
2357.507679
1936.812696
2836.680958
2330.100566
2055.572326
2196.631327
198.8198147
186.9675187
406.146329
1589.23597
320.7065514
1245.921448
457.4325438
185.6926175
429.9593459
1907.911871
1462.181865
2288.363316
2245.518179
2127.384091
4389.504224
2480.093263
2827.980928
2398.021992
2851.99521
3310.970631
1765.052128
2370.654353
2324.22057
2632.060008
2637.323057
2510.807205
2408.827972
2207.175419
1696.59107
1395.059423
1476.065405
1688.721353
1688.797194
2189.988873
2610.589444
2439.855391
2902.818849
180.4315598
180.6611629
1433.871733
192.2780414
1114.011851
1186.704303
2229.881514
315.7053249
2900.55442
1000.355453
857.3708179
4650.112289
1624.032055
2162.641929
3014.850275
3257.218014
2695.539592
2014.533494
2809.144359
2269.707598
1852.151817
3259.858973
3007.412413
2458.368998
2272.640624
2800.903818
2768.899005
2505.905892
1975.382506
2498.716074
2454.337813
1672.549789
1657.44795
1779.917449
2078.17677
2026.547681
1650.942099
1031.783813
368.0562543
388.5105277
193.246642
1287.785533
430.6443209
231.9338532
1186.037251
1867.595243
2058.013907
2699.149015
1361.671882
2009.696466
1834.012919
2189.366852
3732.837132
2316.821953
3048.093341
1893.665198
1894.303794
2777.119973
3120.825669
2567.570175
1882.989236
2265.537538
2182.04683
2133.198494
1931.129316
2485.743832
2432.161712
2566.716724
2690.937443
2267.714131
2019.216044
715.0276591
237.4215254
291.1535387
1138.024049
462.1849857
203.174489
194.1744299
195.7086539
469.0989051
1201.981706
739.5891072
1925.510264
969.038482
2325.375772
2024.906902
1543.198076
2282.740347
1043.739726
2190.897695
2363.592878
2533.207848
3582.514108
2643.969118
3330.95136
3201.173409
2923.946766
2104.140137
2188.907252
1612.548065
2001.531471
1820.141828
1969.876442
2283.677369
2031.078441
199.4544206
197.0190717
505.2923638
1713.001923
584.2711488
658.8583082
429.7192943
216.7894973
796.9594378
765.9794566
906.4036798
2821.475738
537.7992616
2271.175876
1220.968538
1023.515632
1595.578062
801.6364279
688.5517509
1549.895419
1626.307965
2891.298496
2796.837405
2064.495972
2003.308813
3372.360654
1716.168968
2154.356432
2077.427633
1857.528018
2735.364023
2195.721637
1944.017345
204.9838418
235.2177718
222.7925254
231.7116172
640.4405375
1537.706376
854.6762899
1628.695395
1225.482957
579.8661849
1225.717638
2861.909692
1102.906859
1239.295078
929.5545492
694.8162535
619.2980405
835.8881797
1718.865962
1128.863906
2238.5847
2691.90052
2187.062724
2070.455322
1805.032817
2388.009072
2073.674186
1826.255767
1952.650313
1079.099468
2080.424479
1710.274888
205.6153638
210.4905038
628.2977424
195.9993186
188.5758396
307.7933969
206.7209627
1591.305046
1236.237636
718.5379686
1582.556081
2090.707746
1171.385119
833.9510503
1053.895428
270.8566544
595.3781856
1255.043446
1335.844533
1333.919383
2175.830366
2597.576031
1860.346062
1463.254425
1650.50072
2598.854256
2012.259541
1985.11571
2426.016188
1832.756273
2554.585083
193.7047352
2610.076894
511.5783486
205.5140974
208.0670048
204.5712951
426.5271552
386.2866277
2001.436462
1268.215661
834.1972591
1908.939771
513.4141888
470.2603075
678.2652478
569.0175078
698.2548668
2025.755403
2301.774344
1069.910854
2126.617111
2555.867378
2150.944796
1843.106226
1814.361874
2400.877604
2654.594339
2426.953742
2065.251971
1865.304522
204.3253875
207.3894047
193.622717
191.6061787
1914.375605
601.2575322
1409.108834
2006.593048
495.6210727
1579.356752
1574.983096
342.1203654
526.3251797
842.4610342
315.2458274
258.032005
560.0079404
1385.653154
1352.723895
1346.604912
1705.176271
1489.8947
1244.480237
1297.671718
1338.96079
1455.204272
1442.445162
1670.342848
233.4025463
244.3818758
248.9637418
752.6660662
1717.621371
260.6199896
1637.455942
1597.147161
673.4591988
1242.003614
432.6890228
576.8517426
958.5193343
1467.961969
751.6790407
518.9223636
519.2886996
1200.082372
1429.534296
1238.782266
1134.868426
1604.773463
1783.951635
1436.686957
1607.413345
1040.455372
1265.704498
223.0330113
228.3290222
1959.74029
549.3309767
405.6841862
1241.20209
375.8045663
350.3958581
1010.480575
1225.145663
1052.264218
979.6601216
1679.440942
624.9895637
596.3984048
1026.982678
1778.747275
1525.135607
1392.590238
637.2962113
829.2625346
1301.858096
1582.345323
1117.700269
851.6139906
1387.145847
1594.065898
208.306115
517.0652812
654.7486367
192.7037505
177.9642561
983.4515377
914.9061959
925.5524469
497.9850266
1170.868221
1263.274367
921.2298427
1543.025586
1655.599577
962.0368055
1415.630583
1085.571603
1113.483457
462.2479453
474.1501382
228.760984
228.4526277
525.7886709
222.3207817
219.9163953
195.0632013
188.9685679
453.4264926
940.7864571
803.9257069
1305.009016
1783.241103
2058.81797
3363.498923
876.6748409
864.788159
983.5693814
1175.022749
688.3543892
222.3038215
220.8051977
234.6424373
1012.289323
1186.796303
912.8852876
625.2471639
1102.302109
1776.485174
1690.188683
252.870192
268.3246238
277.6186119
289.4667538
684.844496
6024.101867
1670.101884
3207.255469
12783.70542
17506.48859
15457.35597
12742.67889
7672.85548
0
0
0
0
0
-4.437866287e-12
1974.586799
2238.179709
2308.181481
2400.137944
4017.051142
4677.801765
6511.879723
4197.098817
4196.512689
4666.742639
4533.012471
4698.318031
6165.632383
11134.17746
11206.58723
16188.25066
16685.45908
16340.58157
16167.38168
7394.105322
0
0
1.365497319e-12
0
2736.708966
4599.795176
2361.652697
5695.646481
5507.727863
1227.392137
783.4220802
5305.444124
3957.703612
199.0908626
205.2489628
1005.167744
3480.138273
245.9665143
6073.163774
2644.313434
6419.314646
14527.426
18585.18004
16199.8657
10481.18634
7189.267181
0
0
-1.775146516e-12
0
0
3211.362814
4265.070786
4524.446016
3441.133939
4995.33525
643.539127
1586.847106
2792.619029
5090.617587
246.9476198
241.4664572
2508.331337
222.2835784
224.6588249
3438.479796
8748.8866
14232.41739
9658.813768
16768.28543
16514.58589
12969.77411
11778.29066
0
1765.408512
11068.6969
5643.441841
5514.440533
3070.149555
2932.291622
5839.463375
7143.364031
5925.128418
5060.653073
2092.236733
3269.540547
3842.601451
186.2923241
189.3541874
170.9413679
3802.038967
4948.98857
3780.480843
10186.93157
7848.085847
11324.82055
15541.53409
17948.55881
14169.56878
11693.58062
3021.231408
0
0
816.2166606
9119.782641
2441.33666
6320.930653
4264.526539
4777.642497
5216.198536
5375.30763
5960.675097
2206.893168
1885.147123
4960.65368
2153.842757
201.6105036
195.6354739
175.0930395
4356.594388
353.6406588
3714.053883
5065.854127
8155.747866
7884.78948
14032.77736
14588.00487
15723.3979
13380.85364
3537.440425
0
1519.822091
3311.692661
2377.989719
1549.898737
2168.853066
2717.638971
7824.855438
3087.412466
3158.571969
2429.007751
2770.999071
3088.058565
3603.347387
5112.855673
4999.108064
171.3894628
191.5415019
180.1946099
1637.807272
1113.765802
2329.548198
2131.381308
3771.959248
10882.49044
16897.79217
16736.62627
14286.5984
6517.023908
1519.46703
0
2889.486903
3638.33954
4730.127028
4372.230516
3709.290574
3557.799071
5123.96009
2415.77142
1838.502553
1573.514747
2372.483057
3538.916859
3075.462483
5488.213953
5335.576088
1676.911724
2382.700572
1538.778482
2579.295569
1693.582133
4531.34956
5488.673566
2987.764798
10718.03881
14187.47729
15816.10015
12513.85717
7241.68728
168.8308101
394.8251034
605.4175612
5588.410379
5429.23605
3270.401237
2523.152726
3016.315549
3770.087524
6205.395253
4078.559944
3278.922056
2661.681542
2293.497245
2668.85181
2473.786035
2637.624231
2701.858695
4901.509737
257.8559043
256.973078
265.3842168
456.5028732
1228.991504
2290.829701
1966.668591
4352.94501
9656.935945
13810.23024
17537.44528
14249.15138
10960.05717
3756.084649
0
3260.762983
3.798276057e-12
0
4806.83175
4294.269191
3417.261878
4209.198582
4556.850725
5507.084489
4185.195178
4641.316595
4884.056594
3924.220761
4560.796463
5797.740348
5110.777383
3631.897283
4416.234541
3129.992191
2677.863501
2071.466284
4552.981886
602.2819278
174.5004038
1862.054965
5368.13186
6851.648841
6451.955055
3861.028873
10233.43669
7559.372055
11939.58452
14198.69779
13433.34667
8707.507946
5795.618379
4376.490578
4905.82891
5076.441881
4834.222929
8727.676173
2935.746644
7739.145785
6534.954583
4126.749533
4312.130506
5489.687828
5796.088515
8335.378854
4562.020592
4711.144641
3861.028478
6408.607116
5532.690333
4207.614088
3728.22105
5654.99583
2433.915779
2985.635049
3154.309378
2874.647254
2637.754616
221.4661948
1751.305024
1761.197723
210.9300437
275.1213643
861.0587825
5308.34188
802.7934146
5243.576141
13672.02287
13862.84273
12722.85782
8243.689261
6779.039204
9174.290817
7986.337616
6978.878849
4876.178686
6272.116529
4382.413075
5651.39265
6461.320686
5910.596514
8638.479996
5703.306268
5490.545253
5289.874904
4111.547881
3738.207045
3672.744079
1939.341643
2549.885407
3045.891861
3258.482711
4021.313579
3432.062817
1966.674828
1890.242269
2462.955837
2843.311689
2558.523159
1842.822659
219.0612316
236.0768739
254.4120393
252.4490473
218.7818449
3285.4526
1127.626551
1349.253505
9927.525811
13451.45039
8059.573252
9585.447677
12759.28242
10403.78417
8264.111473
7863.39248
7159.39765
5167.466845
5008.891124
6365.862426
5431.975262
4455.534721
6465.918341
5037.394618
3318.344823
3884.761639
4034.888146
2775.762101
3485.748518
3996.242201
4285.062674
3250.725337
4898.778192
2877.312028
3633.368836
2322.418274
2249.577057
4264.3949
3152.553352
3183.391062
3054.858129
1765.444722
255.8255159
264.4532359
264.3047046
1129.184005
271.1288381
1778.936388
1368.303629
6600.338856
7878.830723
8900.335069
11054.29107
4756.428573
11044.08727
9500.216032
8501.147023
8673.162641
6859.141527
6750.402868
6156.886607
5544.984417
5116.342928
5059.806327
5974.22082
5227.076632
4833.325533
3874.562346
3346.407691
5611.869059
3149.212614
2816.493204
2584.521888
2865.651454
2605.991539
2274.451303
2280.351619
2970.85766
3171.882331
2643.388205
2795.848184
1999.94738
3432.704131
2306.63937
271.5031511
240.9755177
235.053195
2880.29238
2168.770188
941.844468
8192.082379
6899.699763
7093.428508
7173.188022
7388.338344
6117.458459
11603.71587
7219.984273
9446.536538
7477.38257
6715.656882
6103.519129
5065.565023
4937.32405
4420.155179
3842.900735
2821.676286
5146.133574
3933.933481
4499.738506
3337.185452
4171.166864
3203.942249
2848.272156
3551.719459
2067.113512
2674.063605
2207.550575
2808.168855
2535.608123
3247.961602
4396.769716
2717.515734
2351.552024
2887.315407
2018.196341
264.3322065
1639.193443
873.0650054
2267.322819
3834.14431
3198.503282
8103.029253
1333.669235
5581.576239
4556.639571
4726.612148
8329.248395
7232.467889
7046.185853
9552.135187
5462.358232
6067.522108
5476.095244
5738.555888
5066.895267
5495.164792
4131.49898
3649.044873
3657.57888
4733.92231
4131.558776
4433.954829
4137.689103
3929.004099
4588.149854
3889.380857
2530.877612
2518.428552
3185.9497
2486.777952
2764.668927
2426.177135
2258.721452
2178.608219
2884.716992
2827.048755
215.3957846
211.0174884
212.0738915
208.6469988
3524.767089
5449.049782
4016.358933
1601.649932
813.5558416
3628.550813
3455.739248
8119.874588
6779.487951
5734.26187
6705.635959
7070.020769
6372.163168
6038.402197
4645.338517
4022.438064
5545.494015
4485.399966
3501.989528
3176.793722
4360.002076
4081.054327
3037.680621
3637.95011
4131.097693
3898.688955
2814.87186
2767.002218
2650.791234
1921.329569
2239.775969
1927.57216
2294.480072
1774.884474
2364.784334
2551.337821
2974.506016
220.1813577
222.999554
207.6825144
714.8434063
336.7613428
4265.657239
351.7823882
318.8784601
4236.153145
3513.397779
5294.854775
4409.039933
6519.481527
6722.440065
4842.703225
6015.95447
6231.616795
6906.876238
4394.499617
4325.612139
6402.755088
4219.212125
2463.515716
3364.51518
3828.987806
2929.319458
3410.986759
2551.128957
2562.38796
2640.437618
2904.763979
2575.520322
2489.836577
2374.71585
1954.927133
2065.835817
2432.82828
2142.068835
2263.703003
2232.956921
204.149094
450.9119436
267.9528075
213.9794293
227.4790414
636.2789115
927.1809098
458.5016603
4702.275218
1489.164616
4963.942566
2563.401446
7224.494667
7244.764132
4176.795433
6396.236241
5167.220311
4166.304522
5092.110011
4213.88212
4738.427103
4228.506969
4150.072707
2699.095082
3835.161684
3799.278694
3040.212058
3402.250584
2833.067692
2352.400566
2209.447225
2895.507279
2778.128464
2425.317942
1931.367513
1946.770863
2455.433742
2290.210404
1932.565274
1499.695715
179.0967713
584.4051478
312.3048536
221.7135775
212.3184671
202.397262
4774.192535
2046.014788
485.3940364
3598.376517
1069.800229
5034.375947
4216.838999
3825.554051
5547.485853
4649.01736
5069.253857
4627.901101
4885.449408
3859.044463
3683.57409
3256.348184
2197.906818
2028.350921
2149.936267
1832.928839
1915.833873
2655.460885
2417.97186
2574.037796
1847.229221
1828.775243
1908.283828
1536.528762
1950.326782
2329.255781
2541.479661
2736.95054
2846.256465
231.6958419
215.7571282
202.2972486
282.1912267
597.5138118
670.7762562
1547.714014
3048.169487
2901.372599
2011.081191
3163.338772
749.7882194
2987.906023
4950.835607
4624.714971
5293.708696
5633.613141
3906.872183
2978.748397
4902.628159
3156.11674
3312.07234
2667.170584
3155.979537
2182.09684
1856.210317
1663.427768
2058.344163
2344.313151
2275.220045
2392.642297
2180.621674
2106.320444
1570.071899
1352.174708
1555.881568
2102.247978
2066.580577
2269.310101
233.9082926
230.9046463
233.414932
252.6458722
257.7392643
239.9729123
446.0127604
243.1254807
982.4523172
2295.487903
1195.391177
1121.852675
5161.484037
3756.814875
3853.33757
5846.633334
5444.861461
2662.828829
5308.726197
4088.053875
2595.854103
2809.139654
2891.353885
3732.701341
2764.03557
2350.908328
2312.824419
2676.652373
3195.184475
2385.3714
1830.630654
1878.750446
1529.758572
1619.876802
1877.118546
2714.902735
2554.020757
2442.773553
230.1498314
215.4147879
878.2757011
2551.697704
722.9978719
1921.800056
537.8854051
267.9979011
2602.842766
548.6461004
3613.466142
3018.405799
5706.489043
4826.778966
3870.503159
3241.451352
3740.094706
3805.713156
4234.174292
3238.649121
2335.806402
3108.146737
3250.733687
3606.445269
2594.708485
2073.446083
2289.933682
2293.730949
2793.474445
2685.213731
2506.910373
2586.231989
2262.496691
2413.269195
2642.531887
2516.538889
2322.470641
233.1653077
204.7820447
222.8722105
333.451459
345.6253028
556.6581444
354.1585119
278.8637024
201.6167323
212.6430588
2052.483553
3111.689624
3006.808141
2996.396521
3426.079789
2211.886853
932.0169245
2666.089494
3027.993458
3163.99144
3269.572463
2443.819254
2636.385124
2453.246217
2733.336635
2696.705417
2382.488052
2238.512488
1783.12931
1938.265482
1822.861465
2288.642651
2043.600726
1710.556398
2167.846989
2339.270681
2328.281628
165.5113471
183.8283421
407.8186064
183.1093833
186.3784309
192.0657043
197.6948662
209.7831759
273.5471039
1852.413273
3195.260909
2499.872558
797.2432861
2699.788185
4056.846419
3184.607722
2604.647834
2855.700151
2879.234327
1917.420824
1860.3303
1557.000086
2654.223752
2123.235415
2141.560917
2373.098848
2434.033486
2505.929279
2224.033003
2383.094814
2324.409123
2522.28105
2222.324738
1988.90936
1733.526145
1672.8006
208.3782889
646.3663398
565.0452314
203.2662354
1380.408649
207.7801269
207.0820046
353.7025049
703.4737661
1006.380542
736.4615823
1504.405972
1320.002597
2312.191953
2804.068189
2659.720908
1660.990261
2702.908344
2265.560527
2376.261888
1869.851439
2367.09336
2726.565897
2088.438842
1826.549
2634.318503
2559.160042
2903.866417
2692.067956
2513.418481
2432.102738
2364.831969
2459.117471
2557.038128
2074.799934
226.8335792
1374.624112
235.8444153
1408.552693
219.4891587
260.3968482
261.0208535
267.5652584
259.2180078
1304.696005
1769.36059
2957.395707
1819.639697
2499.969457
3261.106618
1992.64574
1526.801709
1323.968534
2276.224449
2715.998281
2155.76355
2005.063886
2393.762831
1606.917746
1332.244999
2155.777983
2915.691648
3070.721931
2438.92734
2426.902093
2434.214804
2295.338241
2097.148221
2263.92448
1051.105345
634.1677247
268.3708478
829.0135963
808.7755837
278.9284539
219.8641383
185.631511
593.9915017
1119.44438
1428.364747
3131.986507
2022.17044
1746.148499
1937.555399
1004.243407
2214.12072
1161.364301
2094.978386
1665.905459
2548.17878
1382.104038
1558.350701
1603.753432
2174.847004
2006.813147
2009.638216
2647.522515
2439.950825
2272.687134
2492.011512
1554.499535
1353.758634
599.0981973
168.5812666
750.482333
636.535871
174.4563056
370.1857573
383.8124256
285.3268513
200.5131037
1523.683172
764.5564749
1033.517806
1240.645961
2217.905782
1684.480195
2223.941731
1541.904191
2562.20245
1978.203381
2179.860862
1159.848533
1719.587472
1507.561414
2439.950116
2725.342876
2018.107467
1222.461724
2034.919391
1793.919644
2130.872512
2139.448936
1472.435595
220.7406405
222.2070593
1008.538113
373.1894373
228.1786408
1560.423624
358.5982109
560.6722866
382.0690994
1969.993417
498.2990018
1284.226607
878.9721708
998.3773591
1172.448184
1212.453391
1298.756237
1333.468077
791.4893216
348.2775924
294.7342673
1439.756324
781.1758553
876.9507811
2015.832213
1761.240599
1326.570457
1529.2118
2030.077448
1997.800864
1887.260166
197.7277161
211.9304407
785.9532651
216.5883042
217.5641962
364.0367851
2001.695664
497.8061891
1073.892969
1338.001802
1580.023561
829.7761772
2080.932109
1821.332184
1031.633303
551.3721435
342.5539848
858.292591
1786.797453
2137.582715
1009.409148
742.35191
2297.921702
1967.180879
2480.490172
1434.271923
1808.523975
1566.396154
2371.206898
2238.517333
367.415827
873.7377913
197.7910012
203.6694136
191.0811649
556.0196185
1152.512842
1618.226987
2640.500407
2587.130347
1165.074506
1198.440932
899.1327865
850.6935342
804.3790495
655.6015359
532.0873952
661.5682843
523.2444795
778.4888357
1189.818002
1906.661238
1608.552464
1435.929614
1678.938707
1821.787284
1207.072189
1559.084917
659.8786091
682.6500069
208.9224144
220.4584536
259.2339874
219.4842879
640.0373471
969.2462395
641.0427233
2062.132924
1081.608711
665.2493209
919.4005998
850.384019
1105.487624
572.0726938
412.7158062
463.1528463
617.2722395
1276.52305
1628.370224
1412.488823
1311.661644
1302.320803
1307.305925
1569.544566
1340.957919
213.2124675
225.2271939
227.579915
232.8351406
221.7689242
703.5340393
531.6612448
1803.781589
1265.994503
238.8337941
233.3557115
941.9095928
1028.957177
1968.233908
948.1010878
709.3260993
967.655535
1339.988115
909.9250577
1040.390739
1244.521839
983.1629796
1151.592416
1644.433772
684.8125442
235.4726688
238.3608599
459.7066381
228.2896016
204.4881765
413.6027793
826.3643095
713.1533095
301.3309282
296.8539888
570.9639295
1608.720429
1340.908528
810.9559919
783.1446403
1226.614154
1162.082894
983.2376256
798.7833733
951.3901863
818.1450201
669.434079
1360.120982
231.903141
617.3784266
546.5242908
227.4752342
223.3338179
1003.944176
335.617715
204.0946482
202.5226093
428.8046961
895.7206156
264.0760778
584.4978956
1248.309519
1723.554561
1192.542278
443.3249113
523.56291
220.5942252
232.4011954
260.5487909
202.9824634
205.4365732
377.1729303
540.1085441
1152.67946
270.3520095
3963.863148
218.2863477
219.2144929
234.2299574
238.0151889
232.1204882
840.0361623
5253.782364
11356.40332
13940.36575
14482.17172
16899.85942
11747.69524
3521.348514
0
0
0
0
0
342.7612555
238.0286496
2648.89234
6140.521778
5643.250407
1933.100536
2142.144884
5091.322092
204.5643148
217.2274396
219.5794413
2873.905052
1517.232342
434.6244199
3216.303382
4502.389255
10993.08911
17824.40616
15568.61556
10756.94919
4453.308784
0
0
0
3518.936334
4374.418878
1015.04569
986.5787034
3355.804429
2272.282781
6625.561086
6883.885879
3204.690704
4199.657306
185.6693712
198.1333214
196.9033788
3130.139896
4714.325325
3522.494424
4814.227272
7868.267109
14847.09
14618.56104
15339.71717
9120.788876
4027.096749
0
3.944770035e-12
1900.077444
322.5977774
3668.046478
5504.343661
3206.601154
3961.330995
2888.990096
6790.672907
4956.503816
3308.415906
2907.788026
230.5305562
225.4084952
3533.204339
6606.786752
6064.22331
10256.08315
9076.916378
11364.1193
11381.22176
15823.11905
14893.52582
10513.08954
4611.799359
0
-4.437866307e-12
5199.039858
7244.346521
3429.340769
2253.886684
3587.124235
1691.449367
3526.433686
5733.554161
8556.258516
3625.258444
4191.205209
3485.326733
248.9487554
228.0429495
401.4465046
1517.863471
495.3081829
3226.02045
4207.178532
2215.792701
8298.996196
12158.71367
14469.21223
12402.13438
5119.317955
0
0
7987.821722
7274.519365
2426.572236
2928.733922
1276.186361
1305.86646
2827.632852
3027.60855
3511.596733
3034.794474
855.4362485
1521.876411
2639.045196
213.8373117
232.4143365
2805.810441
1345.934846
2555.552083
6538.027453
3135.524235
11096.84731
12719.8819
15046.96542
11609.65319
7947.859481
0
-5.547332842e-13
3977.927262
1612.601781
1913.9033
4467.083212
3492.77359
1828.98732
796.0308626
872.0977218
2122.40669
4575.160134
7717.50536
2989.694296
3258.438394
5369.826796
1975.496944
236.1554419
952.5279316
1617.372134
2930.211222
4219.652557
1156.788194
7021.981803
12760.52175
15752.86156
16216.39657
11954.77196
-5.213409361e-14
0
795.0046333
6133.320881
3335.29449
2946.343762
2059.216055
2135.754267
5911.426685
1830.975195
2191.587348
3236.598087
3766.030749
5443.944448
5431.161824
4575.912245
2938.176931
3095.367934
883.2326725
197.9531062
189.539958
181.2822313
761.3145381
3503.999723
1150.96663
5993.490137
10315.76094
14569.37294
15622.15823
10968.71377
6360.835701
4799.322926
8384.456638
7560.197846
-1.775146517e-12
1956.825052
3078.024822
2486.809514
1711.02254
6732.81213
5995.244442
5826.330517
8139.433844
5235.912322
4568.433032
4008.577836
3929.353544
4123.58347
5306.84383
3150.501661
3628.886351
4356.504628
411.1005112
1115.840299
774.8052938
193.7275444
185.6061275
2666.329842
1782.766057
3441.001469
13526.40531
16296.68038
13895.92502
13735.68236
13324.40791
8268.333516
8330.751345
10606.83566
6967.958194
6095.065202
5881.371691
3550.763284
6346.592961
6217.985217
5780.443266
7664.936526
5969.042251
6148.371421
6181.002313
5735.410203
4168.197496
2435.29036
1412.901608
4202.211946
5698.770698
5136.350062
3093.16197
2649.084376
3571.166391
2988.138685
3369.183323
1899.443861
2595.516918
600.7273414
1743.845626
240.5877233
226.6541078
3441.686283
886.2617282
954.1015463
5511.234947
12088.61308
7028.350822
11777.08416
13429.02753
13367.3423
10617.03822
8269.807926
8747.408055
8906.590194
4997.765109
4766.208305
9119.793039
4909.781868
3885.456502
10018.06932
6609.993453
4525.973056
9067.890178
3786.780786
2900.812065
2993.602793
3310.82296
6245.330408
4911.911264
5372.026404
2702.593882
3942.97095
2456.021338
2832.69952
3259.060521
4102.210199
3597.393281
3080.24805
2041.531504
2697.494723
204.4534693
231.8278395
2500.612294
4691.513877
4099.698417
2900.933353
5831.115316
3696.418244
11558.80974
12263.86358
14567.62016
13108.74954
11571.04209
8743.542088
6909.30969
8395.20923
6758.793801
7007.929036
7949.437731
5739.673176
6551.093216
6607.8648
7355.911029
7161.931023
7111.859886
5005.101565
4281.326207
3845.536914
3100.911808
3981.58815
3777.033361
4524.424067
4584.233121
6170.949298
4573.023737
4469.079295
3071.387323
1821.250356
2923.469473
5946.484029
3306.654747
2936.473293
2445.846742
200.3092375
3697.321066
4772.736915
1711.397027
4253.711261
568.0759621
3812.948633
10528.14264
5713.612212
9299.508247
11308.08564
10627.67155
9402.107841
8835.031457
8012.634819
7437.556608
4433.671173
4468.18349
6348.049006
6012.833623
6551.832834
5177.907834
6121.651323
6842.368892
4863.624072
3354.662556
3265.472427
3827.493897
3393.094465
4473.956072
3387.794736
3542.292122
4559.620187
3010.209928
4089.993846
3532.943675
3026.665706
3151.481648
3506.676383
5293.760848
2775.345988
253.3170758
3241.363076
2982.821481
747.1238017
434.1442683
3048.882379
3820.685966
732.8068789
5539.89065
4947.239726
5010.58371
7168.76617
8508.021759
8119.01681
8499.114063
8359.937565
6030.984941
5472.321387
4782.43352
4718.027301
4584.277204
4239.37893
4653.551715
4733.099343
4464.752742
3613.521213
5398.896969
3942.016587
4423.575569
4123.325247
2360.339526
2119.596564
1933.995458
2125.396319
2176.620061
2489.550559
2837.374213
2150.42076
1899.393197
1860.656672
2413.352202
3470.976677
2866.007371
523.2001671
226.4816487
1034.776768
227.1877995
1076.154938
7040.975712
1966.637649
6897.302108
6383.54055
6131.376934
8783.378437
6501.550581
6999.473516
5820.540814
6773.892067
6842.727046
5503.845695
4818.879043
5234.838955
6606.452496
4743.175561
4708.89012
3571.063485
3724.172113
2781.917071
2797.091989
3809.468003
4504.265577
3200.635791
3339.563165
2030.169327
2419.88792
2622.446422
2857.682298
2861.899608
2913.180643
2667.074211
1996.222733
1690.100546
1612.165051
187.8807198
902.3291989
757.0013844
2129.271499
216.2761676
234.8903625
3922.935358
4210.647056
7269.04188
8368.219864
6178.27157
6398.699205
8450.905343
6602.967991
6967.248382
6662.831661
5834.17565
3775.609256
4979.763345
4174.36976
5216.898068
4947.296059
3723.38058
4527.990009
4478.116802
3951.735929
4007.640642
3711.223903
3754.950148
4289.794934
4141.485904
3329.670766
2715.030755
2435.216616
2342.708066
2191.083373
2849.474177
3167.597222
2276.943833
2488.029608
2448.85202
229.9143734
1430.847599
1363.573362
263.5789902
253.8492584
2169.988393
2862.599685
673.8533442
4226.547891
4946.179461
5309.927658
5526.110604
8152.433352
5663.720099
8218.261242
5088.296509
7016.821709
6751.110808
3831.373769
3145.082287
3162.420767
3441.837571
3198.815917
3340.718716
2988.550129
4008.974928
3514.235805
2905.368365
2947.254432
3877.150833
3517.438671
2366.067572
2772.523285
2694.858361
2596.2603
2420.42087
2503.544225
3311.044778
2464.222052
2103.419759
2409.317227
1294.952759
214.7324152
1884.349094
243.246016
267.2607077
807.2624992
1467.183317
2341.78261
2520.958894
2844.754134
4192.919008
8278.825445
6506.036089
5178.657967
6077.691987
5386.397414
4286.982532
6521.805405
5251.154361
6095.861477
3943.02332
3655.223243
4092.949042
4165.769203
3574.357151
3874.097186
3046.618614
2633.392097
3187.64379
3128.331118
2567.807824
2030.983131
1707.155374
2472.643541
2479.821524
2301.14079
2092.28855
2468.284451
1762.995045
2280.980286
212.0905387
217.2447384
1921.578259
634.2133717
236.9406475
1896.911446
2047.659141
1593.101808
2382.161337
848.1872712
3447.653848
4234.058204
5530.693601
5806.426545
3782.893539
4807.744052
3808.721706
3807.878809
5092.200757
3456.052364
4155.702152
4323.266756
4566.050189
3758.607873
2659.389638
3631.144517
3004.618061
2527.970832
2358.551717
2992.26778
2973.625351
2705.984531
2729.048125
2814.418166
3216.586267
2156.025688
2144.002354
2288.370865
1865.157156
1884.797821
221.7035488
589.7994711
2142.842151
202.3956413
1943.025681
593.47974
761.56552
1234.89574
993.7340244
1425.699748
4280.429567
1684.690814
3854.311128
3311.335219
3429.735734
4112.912221
4385.857295
4166.55881
4098.216338
4115.506953
2643.052508
4039.17749
3923.74814
2562.082137
2747.079223
3275.803071
3503.685695
2252.874945
2399.129208
2519.827598
2791.383615
3090.71113
2682.555774
2325.739485
2296.895264
2202.811592
2118.07155
2019.745733
1838.179012
219.3856444
215.4148385
285.3419297
542.6873317
2167.039711
188.9489853
3451.005735
3053.021994
1517.052292
1223.911704
2411.458798
1743.636801
3184.109018
3301.4775
3325.470174
4150.352335
3401.499925
2936.828345
3156.782964
3209.435003
4476.914189
3432.593727
2979.891815
2294.380678
3141.763389
2332.667356
2563.156296
2335.257785
2915.157251
2273.608178
2687.418184
2101.592086
1392.29087
1981.841557
2139.327496
1873.763823
2186.175489
2084.664523
1628.395798
207.0278871
218.6113038
455.5804295
1105.234681
219.8532928
234.000353
1535.493599
480.5967569
506.0844339
2195.944423
1202.657458
2878.325349
4328.986705
2932.041464
4990.354933
4055.791084
1928.309817
1415.386453
3271.821857
3565.357269
4417.207879
3573.005323
3100.818371
1731.529674
2106.212792
2086.790524
2834.334025
3564.089078
3568.703407
2842.78248
2550.879681
2426.358044
2138.500256
2031.915382
2113.012065
2176.125901
2260.264895
2249.714968
230.7326482
237.9957143
294.1483657
1569.599348
200.056127
200.6587722
202.9572959
218.6153979
1997.084851
3555.684954
1934.569385
1657.062906
3403.25133
2783.242471
4236.055193
3874.739396
3159.654099
2774.778227
3922.200749
2648.381407
3231.339066
2503.198996
2945.534341
3465.152046
3930.544657
3675.438856
1972.605085
3449.56754
3329.95504
2716.223051
2108.514666
2142.112936
1694.663225
1644.87609
1963.711109
2135.296376
2124.810244
194.7774427
206.5159872
196.172402
202.6028978
216.7884042
1114.996954
1221.071956
212.400741
1186.401595
1211.123108
897.5338166
1455.43237
1021.546472
2080.706041
3510.344804
2503.873049
2813.034156
2222.209805
2562.009404
2442.255521
2446.301872
3942.57301
2937.215894
2750.515113
2480.273745
2595.198642
2444.694621
2358.8065
3114.420874
2733.768914
2404.106345
1901.00629
1412.170625
1806.054779
1484.896514
1774.400432
2615.916522
215.9994561
216.5849122
353.3728594
234.522382
255.6273232
239.3949906
228.0528264
673.2438665
1757.460239
991.9329631
2625.244369
3825.410118
617.8745169
567.3254387
2130.447973
1998.305297
2054.332031
1930.880055
2920.154249
1793.962606
1864.45028
2354.458929
1916.773516
2357.831097
2590.460822
3307.369334
2247.433905
1572.583573
1998.597676
2680.692949
2398.974112
2570.524783
2170.122484
2010.011057
1862.852916
1765.491251
195.8541366
529.5660201
918.542723
350.5879243
212.0853514
212.4506534
199.5707006
1506.876945
195.0455789
1503.633992
2931.90311
5493.930806
200.9060744
718.3622679
1573.150841
1933.287799
3567.989805
2540.587745
3571.970234
2853.864343
2094.937649
2561.241107
2348.685512
1911.742092
1667.409674
2606.614802
3057.040788
2965.52341
2592.567203
2909.707174
2745.828337
2624.248311
1880.898989
1983.026214
1738.482687
249.9854122
725.5717842
342.2157206
443.8562595
360.7255504
242.5479155
262.3787829
273.0720242
259.8555075
1134.876602
3029.336914
1992.580881
518.5914818
1518.911213
2083.77907
4221.43863
2107.014244
2402.265885
2727.4469
1378.022151
1795.938309
2093.314235
2237.005909
2702.161274
2174.555441
1358.729606
1952.19349
1696.28009
1755.467358
1985.452132
1650.787437
2367.390571
2128.791239
1735.121501
254.3417537
234.9258542
230.3805042
236.5572428
236.6188316
884.1822529
385.9420866
226.9211401
327.4828595
1656.324781
878.9522109
821.4187579
800.9527761
347.7487
1773.473292
1403.481879
560.7053918
1499.656188
2022.043017
491.9874382
1081.212744
1383.897502
2066.472744
3023.634548
2655.605206
2517.328136
2397.98518
1708.884645
1956.52257
1891.257321
1588.486416
1813.41806
2149.875332
974.621741
224.629051
240.1439515
234.6088765
227.5935946
216.0574691
774.4939413
703.7854627
214.5518646
1096.508381
589.864019
1459.396098
765.32094
1225.309295
2543.849597
1409.90974
1582.133179
1157.081298
2718.914403
1514.599748
1893.28894
1550.553122
1927.131286
2847.697311
2971.803283
2653.688192
2726.286706
2110.48345
2728.459489
2344.107841
1479.385169
1229.857869
169.6420209
1191.746809
187.307292
195.8677394
469.8824074
218.9854441
399.682545
763.1526134
573.0059479
555.5514647
505.8563072
1731.52464
792.7283711
1698.103224
1690.171701
1857.479372
1146.925613
952.5156274
2200.079478
2674.227974
998.846804
1047.26479
1513.978827
1859.542914
1419.704596
1778.816661
2002.1514
1423.508573
1878.401659
1673.363649
1378.283149
2186.01605
196.6428314
197.3060923
212.597427
217.3960727
1419.115712
229.3341758
932.4776248
1362.395433
409.7794946
509.4768951
1967.66861
1191.713844
554.5449936
1155.21328
1733.730782
526.1103294
343.3812141
2164.41378
3198.335952
1814.953061
1209.723059
749.2634753
1286.144634
1133.513172
1444.046085
1355.189015
1061.08069
845.9468379
1463.624628
188.0566273
195.0717159
178.2568068
180.7462633
479.3389182
194.5650242
311.2084128
1332.630412
1337.806157
1858.897901
2176.985665
1035.544021
1385.35109
1199.463726
867.5894034
552.1600362
1017.829655
2178.052932
2475.444049
2457.933446
1644.52739
1199.91177
1837.507844
2459.197497
1373.225614
1465.066319
1390.969412
932.368324
179.4412359
564.6864921
303.687572
386.3795263
258.1694572
233.3013793
219.660755
768.9302132
1001.917209
989.6175848
832.7470143
187.6493516
256.2259725
389.1311533
390.8777589
284.1782511
666.873162
1363.176803
1316.352144
1751.343678
1163.508387
1236.741915
1218.825201
1642.349084
1423.763294
1437.803015
1815.49377
213.9904004
228.6833154
224.8631537
217.9914616
227.3634689
231.8444446
786.8283754
650.323669
1486.812565
1004.502614
648.5302874
572.6430326
869.8213059
596.4299141
532.9912129
558.248672
1145.877232
1021.932366
1348.315899
1102.898242
1379.633197
1730.231095
1196.920762
1112.200255
715.4947695
215.0823057
193.5901597
196.2342229
247.722053
909.3213145
730.7251716
1630.50599
2810.785307
375.9426697
356.813514
378.5964125
664.9118751
448.0562649
1360.052044
342.8672394
1640.717218
1602.775645
1242.769525
1366.316538
1569.894877
1714.066065
1384.676559
1785.655745
241.2984251
249.4002555
784.9780165
1330.914602
871.923351
1452.284894
235.6697346
209.3250666
285.7606503
382.6390626
2139.137606
463.1249744
298.0686673
538.1699857
1029.790724
2345.854796
1585.941257
1463.644585
650.6106396
518.7363411
838.0558795
421.6066666
225.8565544
230.93095
235.5274953
1383.704022
570.8647496
261.8164273
2089.35269
210.3798157
3164.382637
194.4803272
818.4788495
2822.705135
6697.83046
8112.112946
15375.26952
13282.12018
8786.325775
0
0
134.495229
2608.69655
4105.076106
3029.743541
4678.259508
6152.231287
3545.030524
2368.89843
1295.97425
1852.835513
4742.770249
3858.543611
3059.801353
4493.113541
4073.126364
1721.801651
320.4576319
1709.289267
1284.48278
8782.080993
14930.34594
14995.53377
14824.98988
11405.88819
0
0
1510.775328
5600.448566
5883.722512
3998.450034
1794.125547
3178.045683
5390.250612
4711.559217
3216.088456
5518.134946
3921.065856
3281.517825
205.7457236
205.4191858
222.2757764
233.8368379
2417.772919
2486.53707
4464.954248
5494.393319
10159.22036
14410.77459
18121.71329
12495.61343
0
-6.339808997e-13
4151.32198
3129.489802
2950.921971
3741.511983
4144.780675
4147.960859
3617.28487
1943.608505
2733.39946
2824.373253
3666.977665
5301.744645
253.1328645
250.3901973
288.14776
1399.485276
1275.62385
5435.429158
7123.082822
5116.113123
6239.072935
16976.37857
19161.22859
10110.65925
0
4284.378107
3016.097493
5239.717836
3822.13161
3585.125947
2864.864834
2823.420688
4200.85501
6785.732869
4006.551767
4123.029468
3839.817285
5644.112766
172.5837496
374.8604624
2628.280545
3299.512143
164.0656942
2415.472912
5507.612964
1570.915146
8321.727892
15573.61461
16260.98491
11741.73754
3411.352976
0
0
6947.20879
7530.108382
2138.639304
2530.436974
2135.453313
3061.400746
2853.842306
1832.21692
2163.244779
2999.519289
4661.33987
2979.946753
3741.033872
209.4743227
270.0013795
647.8956726
2542.240394
1724.960374
892.2438423
1228.398019
6252.765192
11426.72381
16771.77974
15684.10453
7473.254737
0
0
6122.932317
2046.415389
2179.082167
2999.339763
3373.415583
3357.549024
3369.714234
1878.33415
4698.710259
5226.017708
2756.862758
1262.068852
1449.731595
2744.671842
3049.176815
214.3134051
509.1711051
216.123434
3749.199293
2785.820624
5292.763589
3770.230148
1780.68733
6777.116321
11757.5958
12306.92546
12607.60028
6376.077543
1674.00744
1454.004859
3739.608887
1789.707418
5729.047396
5023.710003
4854.629177
3478.191391
6596.991214
5170.890536
7327.549672
1682.978328
1642.573301
2591.344418
2919.742372
3229.737595
3420.122727
2221.265134
1503.876411
2352.422441
187.965051
189.9715919
192.7194551
374.492881
4418.916472
3242.547744
4174.292458
8002.47004
13138.2839
13588.3051
11307.01058
7985.572875
5750.36195
4209.965363
4993.616848
5385.929539
5881.983787
5987.045988
1.363025131e-13
4851.492133
4376.344434
2200.780445
8217.563853
8592.443654
3483.83192
4024.452477
4914.883174
4441.025237
3438.442627
4818.676865
6956.955702
4144.618671
5965.468627
3265.419176
3168.03926
3792.254022
2774.438835
3778.15624
3391.264004
4080.24257
5178.253801
4115.432696
183.5621702
1359.823239
1588.68305
193.9503362
196.8617121
228.1010499
220.1254777
4046.499338
10333.19786
10294.82401
13533.40737
12860.83785
10914.45885
10308.69677
9184.125223
6402.077376
10461.28932
7822.740106
4734.298343
4391.029473
4848.104726
9876.497496
10319.64199
6591.899906
4940.740132
2665.720823
3215.569708
5405.342753
5014.613618
4417.628002
3550.13279
3320.13326
3142.636736
3198.754586
3248.053651
3611.311021
4193.204256
4572.808606
2636.704923
5609.849043
3046.112615
2568.457596
2404.721181
194.5640568
709.4013475
197.0426879
195.1318167
200.879662
404.3526541
729.1762353
5777.575662
4309.605016
6127.414363
10227.08548
11726.28016
12335.12471
10811.51171
8141.250722
9540.96522
9020.196639
5951.914366
6963.68924
7979.828394
4613.493206
6258.640371
6123.446289
5393.032642
5552.676967
3837.075315
3730.496553
3495.169323
3724.582126
3681.461374
3231.613014
3714.15431
3334.703548
3163.479216
3141.004168
1784.947161
2978.614988
4099.359475
4318.120318
4282.709797
3942.946824
2868.248959
3052.978555
1015.14461
652.1329271
225.0342668
1079.26022
818.825415
5319.653242
2728.669044
5384.424147
3281.17069
10268.90838
10031.74248
10300.43413
11259.28854
9949.403129
9043.885492
7630.754763
6972.465364
6025.24483
5327.158786
5303.886088
5441.32946
6793.926843
6315.725472
5910.301746
6482.803099
5678.912808
4774.315761
4296.584772
3433.373208
3506.986898
3773.794446
3219.573066
4106.766913
6262.301775
3441.309813
1910.565319
2065.608473
3247.450539
4119.463767
2331.672596
2209.2337
2231.792741
1923.794299
4534.427362
609.6746986
232.7335636
4649.757831
809.4196394
1189.122385
5185.7417
8288.131165
11386.87913
12325.57751
12110.52936
9979.720835
9954.927078
8879.941994
7852.438906
6756.68091
5830.461098
3582.347162
5441.967195
5066.627619
4874.626398
4416.408837
4969.345639
6227.115971
5683.978794
4640.373003
3793.135494
4998.345774
4452.782087
3428.342312
3680.69934
2536.642779
3280.55452
2987.220891
2555.37049
2033.503423
2538.643704
4025.240464
3652.006696
2219.495637
2361.62147
3344.655255
193.3159295
1467.656603
2850.397639
2735.696516
229.7926495
2482.961221
4308.413849
10795.3806
8167.179198
10293.10658
8507.530894
8924.934691
8342.29116
8805.113787
7224.641327
6266.30044
6135.976077
6801.209497
4695.57749
4502.730774
3585.802575
3950.805072
3607.285679
5934.83643
2765.812018
3546.861942
4293.488023
3385.098024
2769.485971
2827.034169
2303.307943
2456.238442
3864.862352
2253.597896
2159.327792
2139.464954
2568.057656
2349.491633
3688.793864
3127.731332
2708.749617
277.4382565
2757.751825
2239.902652
282.7437337
498.3149583
539.248233
2383.664709
8793.385349
7986.02397
7361.009324
5658.935241
10441.85418
8487.979891
8124.445504
5937.492609
5200.345984
4910.269917
6134.919479
6045.359612
4858.788498
3501.912177
3083.459083
3722.930325
3450.676427
3904.20668
3972.203384
4565.72435
5039.783623
3623.405094
3091.093922
2949.268529
3454.447812
3276.875311
3374.25954
3301.488487
3627.632865
2772.145902
2289.699541
2024.943816
1810.041977
1791.957513
181.3347785
180.5650756
181.6455535
177.306714
175.2987357
175.4794111
3492.106522
2673.171979
6904.039014
4584.046337
5338.210894
9824.201368
7599.7088
7765.819793
6083.050337
6575.924627
4778.600246
6425.493424
5155.898259
5215.512219
4065.41996
3911.509081
4169.538346
3243.957276
3750.519971
3673.34991
3968.480756
3216.341824
3744.794142
2496.213708
3024.894964
3572.88025
2860.617498
2456.721806
1994.716515
1805.47347
2739.645567
2755.269483
2560.872483
1415.354272
1700.064899
181.293303
201.200422
201.4454704
199.5944753
189.0235121
1604.121744
2766.411591
1385.534089
5796.942597
6285.126877
5213.796652
6322.950998
4510.493221
6318.254994
4205.858197
5805.112619
3915.118612
4896.792123
5867.317985
5771.476975
3735.84617
3602.641877
2931.239045
3452.513152
3787.926816
3514.543387
3840.37135
2936.12832
2729.06649
2864.319503
2592.238135
2269.323799
2628.777346
2198.265111
2387.410495
2551.343091
2211.743259
2134.811407
2832.894017
2866.181625
1891.004559
215.8127105
215.7190966
213.4794789
214.2345661
1755.293051
1853.393899
2467.657154
7662.754196
2494.624962
5667.860074
4684.667114
3287.063837
3980.650991
3458.608351
3538.422807
4095.37923
5539.414914
4618.936075
4996.927402
4417.946464
3145.41079
3225.032816
3023.545591
3471.274088
3445.037189
3539.465335
3611.705634
2150.910389
2444.619633
2509.462248
2472.296596
2404.654511
2668.872719
1654.828452
1727.272121
2453.804968
2293.183905
1628.553422
2170.060234
1524.991805
279.5399632
235.0727664
232.7071924
536.9637226
678.4612196
407.3692634
4127.20595
2866.757335
1852.589477
3002.972613
1339.020955
680.748624
4888.454925
5504.327397
1959.28379
2685.443973
3337.066555
3645.302631
3219.457563
4699.011765
3937.433495
3521.990695
2867.231239
3474.42419
2698.831185
3045.876128
2870.660343
2545.293657
2820.854522
2571.881497
2416.577958
2922.211276
2711.132002
2356.633454
2052.839656
1933.837877
1495.852968
2011.463955
2064.290748
2041.080933
225.2957724
227.3429988
368.9238045
213.4897196
214.5778248
2904.694123
1022.088907
2125.585111
1454.528093
3119.756848
562.7991453
581.6654338
4727.230252
1706.932166
2694.687844
2035.451389
3445.263887
1916.279075
2637.002796
3143.203288
3198.642169
3397.311353
2870.748577
2899.275459
2662.537166
3275.866213
3658.060142
3470.50256
2761.324808
2220.099664
2373.391033
2393.639424
2258.319773
2428.583851
3088.94946
2356.948299
2153.199157
2321.856497
2196.278017
188.398546
195.7969354
216.3443477
702.1980139
1291.051466
2124.21221
252.0255651
273.0119191
322.8271738
3321.665566
963.715573
1637.424344
3109.100467
4993.044854
3996.973975
2475.781308
3338.647509
3208.203597
2235.172197
2724.748084
2956.116826
3472.341278
3483.544489
3636.282665
2697.412714
3533.286748
2876.51101
2494.96911
2273.726131
2848.845553
2467.21677
2480.992169
1838.88712
1914.531175
2218.456999
2258.674482
1949.952351
2218.538938
2328.345761
229.8890863
218.8361024
1652.207377
4397.167963
243.1015202
242.540849
958.7036904
916.0633881
3681.638162
990.5077556
1635.834445
1541.155787
4372.102846
1529.869894
3492.750926
2775.112657
4221.832481
4523.524271
2739.63625
2654.182895
3738.816608
3527.291891
2713.64105
3291.767167
2865.562897
3036.248843
3225.086853
2240.811876
1907.513173
2734.796629
2829.6385
2292.702181
2014.204822
2224.400469
2860.977913
2056.251934
1393.68465
1691.152464
207.5457207
200.5159222
5377.980511
166.3018573
175.0060684
192.2287035
284.2219116
621.8719038
1018.207503
2387.994626
198.164041
407.7852618
3473.258471
2133.136076
2431.31088
1214.896181
2514.945674
3555.285069
2456.443575
1954.379698
3033.39447
2561.51487
2207.939438
2425.113327
2665.462285
2585.566918
2771.212057
2823.821425
2298.918844
2023.257697
1730.829705
1853.844379
1872.448097
1963.265303
2074.606234
2224.5016
1805.494834
193.7726495
1233.83722
2851.806682
537.3162312
481.0765078
207.8511815
213.64778
292.0695007
541.6668107
1452.788055
974.5326906
2457.87522
1708.211831
2919.448536
2936.417204
1614.32538
1564.976674
3808.691574
3487.463643
3403.557048
2280.71484
2190.329246
2996.527549
3084.815913
3453.587182
3157.493406
1957.507785
2088.526461
2231.142889
2352.082357
2137.673293
2189.551214
1933.163677
2142.242096
1713.346943
1931.034638
2089.402
347.8309289
1661.907751
1537.486441
191.8663805
174.2426964
2222.121368
585.0250965
425.7146899
892.1521047
1946.46814
567.6853763
2493.940288
806.9457293
696.0779553
1702.315086
1284.554192
1849.687382
2610.838545
3167.357051
1736.995643
2444.938719
2694.427526
2902.965299
1663.654117
1768.347685
2179.748152
1992.645588
1941.083131
2149.180942
2227.244683
1875.399118
1936.386848
2036.262881
2205.372363
1723.029079
1591.655874
202.5627845
695.160675
376.0910975
229.2459667
192.5797385
185.5413308
613.7206981
434.6472378
1173.875631
732.154246
1025.044179
2616.516289
1960.224067
388.3579996
806.8190233
2513.004552
1131.824905
2102.048179
1679.890483
1113.586355
1228.433822
1781.004138
1962.962346
1789.909061
1670.74223
2023.754113
1877.275844
2404.368192
2263.295983
1901.905252
2179.521293
2003.238456
2379.826443
1828.018828
1651.923804
224.9063005
235.2134659
681.2702932
256.1587467
249.4805723
254.2995981
241.6984437
1632.861977
927.5790253
625.9986973
1644.325162
1206.625642
1832.724869
867.2888052
1064.189447
1848.768003
2323.624499
1741.722727
2262.148426
1704.926715
1724.059737
1729.223738
1749.714613
1567.622134
1483.357076
1963.668033
1533.39895
1983.491724
2140.919786
1889.102163
2275.907342
2053.133063
2253.691658
2068.364919
206.9997914
975.8398976
655.9121506
265.9757062
260.3219439
255.7182509
496.4654449
750.4143597
300.6606977
809.5691928
990.9556824
2128.118077
1234.112078
633.9819404
1019.324922
1229.131729
606.3243027
408.7803289
1493.870758
1072.16525
866.5082007
1300.965467
1029.511533
1457.351507
1756.623375
1221.093097
1617.290605
1590.516912
1836.164161
2171.279742
2490.762777
1721.357139
2059.492752
188.3046079
511.4721852
153.1586452
158.6056169
164.7359492
168.2376614
164.0779124
169.1443466
363.5217898
1186.513282
1101.338199
1348.776312
446.0967888
808.4858397
890.4295205
426.5163296
349.9145217
672.9258889
809.5956939
1691.097287
1405.58475
1917.46667
1278.887959
1831.727704
2131.229161
1867.038275
2129.110315
1628.690892
1636.873828
1783.573434
2011.089491
1358.350975
230.420914
233.2677144
233.7005256
219.7511678
216.5321554
216.9936723
202.3213735
439.1802045
739.3276968
1567.704497
626.747784
1214.1254
661.8713516
803.8239796
1210.005645
981.8740199
905.6976971
749.9605565
922.1964884
2035.036651
1632.186389
1769.823298
1437.649204
1912.892355
2199.990408
2113.919451
1953.442662
1853.35098
1895.24672
2188.68393
2164.825543
1232.192953
636.0812499
250.1783015
234.9632483
380.7916456
284.5562435
251.0041773
302.2554004
802.2088343
1066.49435
949.9573962
1947.72133
726.3141086
1315.929625
1294.829033
1261.579688
1537.358881
865.7204867
599.6165856
1832.980668
1712.23785
1765.679231
1457.698167
1598.496547
1585.638874
1886.366594
920.0962115
1716.434915
1236.57697
1535.397207
198.0399311
222.5977084
467.077897
369.4296761
1116.665011
366.7521604
395.8271331
513.4908168
810.8590494
818.6627708
1130.17529
1612.285764
294.158993
962.5587234
1649.731738
717.8897743
467.8630323
1421.552406
1517.79686
1001.648962
742.888964
372.9916907
504.1989871
1218.604052
1038.098069
614.7107248
1884.8459
1488.7365
202.6575154
237.8410477
229.5313266
214.1547394
206.8350941
200.2922747
200.0748652
187.4994142
1069.42892
1076.166286
531.6926906
704.6644526
890.1497142
1348.953751
1844.925518
683.1037654
392.468719
1302.332045
994.1941573
896.3683459
764.6443044
934.7177998
1394.265878
1223.436289
795.388016
1064.381602
981.9558321
222.3355817
232.7395455
231.9894938
231.3434649
263.0129637
288.0531063
252.0693524
421.1390367
968.6985612
428.9111345
948.9483271
888.726652
393.5800543
713.1747303
742.7694425
445.9506947
865.978132
535.2905604
496.8203087
988.3737127
745.2994099
1000.893602
793.3771963
552.672049
934.9225755
293.8692166
258.4478932
315.2508618
759.2393778
452.0096473
344.293611
531.7865728
1214.709436
370.7892239
827.8848772
718.204198
617.2578719
1306.046751
791.3267982
662.5235373
443.3108216
618.0285159
1234.299296
740.0508289
1166.192912
959.0419368
689.8398962
454.4523011
192.7260144
711.348256
179.148276
731.9777584
237.2883037
1395.465278
903.024143
517.6716792
809.3945034
830.0630373
850.2230702
899.6057839
820.3753718
800.9000795
444.5266677
399.808865
1080.618082
180.2679954
209.4381998
530.9851197
983.7213952
704.9134571
1077.201716
1096.803679
1383.540491
1166.894492
198.7661389
597.0603633
2359.282819
210.2382674
214.2437902
1654.092077
2518.057312
6886.374797
5349.50789
15534.96891
13448.71752
8386.617669
0
0
5.071847208e-12
2649.697935
392.466069
4193.514137
5613.325699
5704.556649
3428.601052
2364.755295
1716.483245
3705.098587
4360.976953
4076.470952
4073.897325
2257.246886
193.9985004
185.6646381
1785.885678
200.6764336
496.5825519
8999.2026
10989.58857
11405.89265
13677.6126
12480.54177
11693.74203
0
-5.917155024e-12
0
1955.347413
4867.860729
6223.702793
1749.048074
2840.191319
4124.822201
4981.358835
3646.219898
3562.875308
5904.689912
5956.646758
4952.091717
201.7271081
234.5013107
198.6803574
2502.021098
224.9514877
819.3905386
4005.153267
1033.00094
3583.028761
10487.67379
16390.35622
13763.44845
0
0
7726.064384
1784.282921
213.5335817
5736.342946
6173.355621
3757.135871
3927.417704
4018.928612
4229.118265
5749.562058
5102.683787
2824.90828
5596.555291
177.7612653
221.8494453
384.6380652
250.9642941
1340.103014
3293.66797
503.1682141
4895.758928
6683.585079
13487.50358
15329.17477
14559.21165
6304.297283
0
592.9775598
4186.589846
2019.459155
1771.613679
1255.565628
2771.533441
1820.3719
2621.273495
4488.555682
3563.685647
2935.694266
3647.238608
2701.921263
2967.61496
533.5063693
3056.422017
489.9543902
3655.657403
234.3244227
2392.033388
4560.86265
6500.456767
10003.67036
11839.19809
13598.03521
8066.271648
0
2969.443532
8387.26422
5445.900261
8322.699645
3004.460233
5250.512391
5549.901204
3270.642314
2378.506327
2704.581526
2596.181246
3027.752686
4824.392069
5504.672498
2205.277169
236.6951993
222.6854954
205.0809428
193.9323769
2846.52587
8858.049702
3580.139256
7242.417173
11838.33423
15632.84458
14813.13824
10966.11448
9272.919286
8321.861846
6904.327566
187.2713602
2996.168239
3353.247981
4641.498972
3396.199646
3551.12991
5360.827256
3647.65683
4786.199042
8889.156083
4366.170318
3680.535279
2429.762131
2641.071741
1784.700746
2124.206116
2371.726343
3249.487432
200.2813348
204.7120728
214.4776879
1579.369933
660.2275258
2949.640383
1902.86319
3106.705435
7336.269571
13857.82075
12257.41044
12690.80149
10590.54813
11112.67064
10754.42375
8374.355956
9264.74922
11564.72337
7769.437585
8207.215863
7056.470837
10315.77593
5698.070665
7832.875868
6201.860039
4809.217126
3373.689057
4379.890311
5272.807181
4575.47981
3346.222526
4271.475605
5124.567113
7185.006437
3548.455833
3306.77218
2535.383978
2978.307218
3065.658282
3647.582111
2968.422794
2134.741068
2573.421957
1734.834413
1777.362673
215.1997541
868.3184402
355.9151498
901.8772332
9086.887647
4333.36578
5367.198979
9147.825732
9407.274507
13120.75793
10665.31325
8359.4871
7296.879518
9593.684794
8630.752222
10574.24968
10826.44302
10192.24791
4475.176385
3692.483979
9417.004872
6691.250667
6296.182655
5820.129202
6827.457967
7108.994714
3584.261034
3857.892431
3883.546048
4723.792522
3449.654715
2934.207874
2858.538096
3733.625592
3158.885787
3131.221471
3997.76281
2261.096676
2984.581835
2441.719287
2405.614721
234.7707151
1332.1906
293.3221829
1196.369743
328.8085302
4220.246272
9832.959858
4974.213875
9214.786795
7032.685349
8233.022681
12598.32879
11317.69358
9599.904521
9879.908517
7800.958912
8058.155863
7333.049345
6124.7112
7362.104267
5797.152867
6077.316898
5574.499126
7358.734612
5460.952184
3652.750503
2785.162829
6103.469245
4687.758232
3562.276859
3206.609044
3428.320636
3147.211553
4919.300716
3495.510712
3850.75989
2586.064495
2812.741613
3265.721854
3795.515365
2834.251206
3034.417039
2790.710373
211.4790542
887.0313167
460.5176692
200.9622088
5309.555861
616.3374849
246.6173476
7940.031306
9165.557949
7778.123082
10574.79001
11858.30323
9680.600898
9662.958171
8306.823708
7636.984787
6942.547844
6049.879401
6268.991327
6654.531259
5533.005719
5150.753519
6377.122595
4506.167943
4533.64333
3512.364315
3587.661016
5190.999067
4411.422724
2958.138088
2590.472178
4155.063085
3576.985664
2929.404605
3710.212192
3043.855682
3199.083971
4037.578739
3341.666703
3652.235976
4154.400001
3090.554515
201.4496005
489.4188454
254.4629134
397.448296
3396.645251
935.0227885
1108.610349
4317.950212
3476.52488
7812.204166
2861.256006
8282.388365
8185.141779
9743.665833
8144.924563
7459.723868
5240.92599
6447.158102
5929.395567
4372.595683
5191.386472
5625.339815
5022.763388
5279.299734
4623.744123
4566.744654
3533.723516
3449.822552
3523.34551
3692.054096
2733.702825
2751.357867
4562.757632
4570.650323
2848.754244
2741.930578
2820.737699
3732.588977
2646.548858
1947.956569
2151.216343
2986.167194
200.5773117
211.5475411
210.5585616
205.5415256
5218.649368
1540.91887
765.0608307
258.0608757
4021.121496
2337.852305
3747.535755
9684.291763
7570.583345
7448.287546
9100.447828
6920.187185
6321.476042
6452.077512
5865.781319
5273.695629
4395.986863
5250.3886
4547.412635
3726.171248
3863.229678
4519.302888
3308.428978
3182.77662
3643.191879
2604.267874
2524.238879
2520.853255
2555.559493
2671.022156
4035.047316
1743.842724
1504.290594
1274.179288
2147.5474
2112.816402
2053.41772
2368.360379
221.1894171
219.7950995
211.4413528
685.1450903
6194.652507
545.5326675
184.2910831
5465.851595
6803.969001
644.6985274
2858.024293
4510.175014
6876.62794
7105.324415
7788.175013
7817.292575
5819.650979
6436.697675
5084.319251
3764.049807
3383.45029
4165.627889
2948.738728
2438.265338
3072.289498
3360.177337
4168.243233
3184.759718
2749.434011
2671.384486
2732.213501
2649.793326
2478.297921
2224.984705
4132.17349
1694.604004
2218.381387
2422.517402
1766.625149
1923.968079
1995.203425
1969.777871
245.4680013
580.5982677
234.1522569
226.9366129
220.771394
2407.612403
2184.517481
1735.13881
291.06016
3674.030846
7891.721223
5973.969631
3430.14968
8080.383342
6879.802926
6580.383036
5554.495845
5675.327136
6345.701768
4381.477091
4412.956807
3951.087461
3427.150624
3149.329591
3141.219279
3815.080732
3535.687264
2656.234164
2820.258947
3373.281636
2272.646271
2013.312317
2016.635897
2549.593584
2565.416712
1850.888659
2018.216295
2909.070983
3579.7507
3182.813067
2142.164773
210.6810302
204.5873278
178.7553823
173.7618072
159.0397245
320.9328219
1312.791795
3785.127164
460.3455032
1274.18157
6640.29229
5243.668862
4653.046871
6693.674141
5848.124439
5742.153848
6659.312243
5079.165043
6762.542485
4444.649074
4567.370046
3576.176834
3255.112837
3350.018629
2656.524623
2545.759548
3443.470416
3836.955215
3225.65849
3001.051316
2896.131057
3261.422756
3560.776673
2849.017918
3172.566021
2844.623531
2579.395362
2537.795972
2304.293647
2628.417234
2557.454787
260.4092035
2072.06747
2139.087203
890.5148311
2317.37396
3004.021836
3917.841897
2448.46332
2903.955941
3425.437681
5171.736274
3105.58451
6433.327467
5975.671124
4826.741462
3395.938323
3998.99759
5015.010576
4502.78435
3887.621702
3558.574754
3940.508296
3443.590324
4470.260224
3733.903038
2585.808454
3891.979685
3468.423789
3188.548141
2624.039896
3072.539411
2921.770245
3415.889197
2592.305604
2337.074495
2519.000079
2746.002276
2684.755343
2209.508248
2278.45162
254.2366941
3025.039131
339.8731619
367.2831045
277.042909
3525.385778
1072.235832
1501.265082
4328.548869
3708.384142
4000.037932
2790.41345
4759.925092
4407.732656
3856.764869
4728.619055
4209.66916
5203.237162
4936.647087
3572.983403
3472.668704
3108.490187
2692.753733
3274.140178
3010.735389
2192.360713
2455.836225
3141.97656
2358.118001
2539.970632
2562.999207
2372.575561
2808.6098
2339.133487
2069.762624
1884.688293
1999.928219
2137.911103
1716.30347
1620.964443
535.0960538
273.0877104
271.134022
3604.674013
1327.114506
1775.746131
6284.10769
2733.554528
3034.526472
3606.256488
2876.745048
4396.18435
5995.865669
3453.834335
3601.209082
4573.358364
4979.897421
3931.346951
3244.936287
4475.145503
3847.002285
3021.500509
2549.684436
3244.467999
3165.441816
2101.685263
1862.915468
2308.853175
2550.718601
2742.040516
1686.568484
1749.476178
2567.37017
2183.612785
1556.178438
2153.98627
2313.27836
2555.410706
2614.662863
255.3562167
263.0746625
1309.803669
407.7935765
252.4589115
1428.946745
1953.612379
2229.623704
2147.165756
3186.245635
2481.143212
1792.586153
3899.391393
4250.13645
2450.19056
3055.369157
3838.568871
4926.172198
2888.089932
2112.282049
2832.854361
3225.376731
2674.682076
2459.858731
3059.052524
2961.054926
2643.534685
1926.371909
2546.226739
2502.784581
2361.504112
1849.145226
1714.272963
1837.850977
2094.282907
1890.375191
1915.015356
2121.672887
2605.696934
249.4491187
267.018633
4042.593147
269.5656583
267.1399516
270.8508836
455.7927738
269.0001125
2932.921448
3584.830807
2320.854515
1913.798402
5065.404393
2247.736385
2514.503456
2863.45054
2976.505773
2903.238316
2705.172799
2120.763796
2842.366703
3386.038841
3005.550423
2258.278281
2196.940058
3315.639619
2788.600754
3358.342216
2704.641721
2241.768057
2266.580219
2600.348002
2523.847103
1871.952335
2227.359515
2603.734823
2215.317618
1829.246472
162.5782344
175.2336746
1114.300235
165.1806687
357.408708
329.9025803
205.5167727
225.2628084
2295.923122
860.7490088
2211.842141
1458.681686
3107.775402
2161.220085
2332.045364
1686.918435
2218.019331
2594.49681
2248.804455
2104.703292
1507.185616
2208.657697
3369.2227
3365.065435
1849.908405
1793.857016
2047.860173
2197.517576
1772.210789
2130.501042
2391.531109
2984.338634
2135.295737
2358.437933
2357.039533
2587.232297
2490.566988
1463.125237
165.9970687
179.2333383
540.563215
181.1758228
166.7202075
160.0228106
1652.716455
2809.933907
3107.739782
1991.10766
1878.608755
1150.531871
3049.006961
1564.961383
3611.43477
2841.22411
2072.289797
2070.659126
2169.315227
1421.731369
2437.901701
3483.097459
2874.783812
2745.356925
2843.525213
2782.845345
3117.196853
2638.417443
2398.56901
2198.280096
2649.153771
2177.935357
1507.598824
1540.074051
1952.873506
1294.700341
1529.460961
202.52541
189.6675693
187.9984036
202.5072952
197.2558757
2328.750698
1651.442472
1619.151986
306.3017398
1157.32173
812.7344664
1742.751727
2176.082138
939.1417671
2824.020134
633.0264108
2817.508492
1462.785759
1686.826923
1771.708798
1617.078776
2438.793172
2338.979418
1945.282858
2103.213764
2481.3723
2831.429808
2469.719305
1483.708104
1392.55255
2198.622269
2510.391099
2386.310747
2247.58881
1581.834912
1363.505366
187.8007318
269.7783167
190.4073653
195.6291761
606.6926005
2184.436739
1410.47965
2447.152413
909.1156268
2273.108083
2114.904372
1566.231764
2530.53524
1143.029294
357.1649344
954.0338219
1560.905669
1956.920174
2642.440824
1635.79747
1804.716625
693.7695993
2274.064214
2549.822281
1637.22459
1949.559199
2040.642781
1684.520388
1701.691837
1376.119368
1344.137727
1326.609249
1166.037006
1441.275491
2248.587658
2134.244459
360.2622364
1342.864297
405.1567524
595.0266684
2385.253557
3122.409803
2362.834678
592.233425
934.6473442
672.8836682
618.8364477
1808.293685
2001.534318
629.3710414
1079.845
1177.538125
1976.078634
1650.252127
2541.15886
2687.326313
1505.217423
1049.9882
845.3752983
1054.391116
1143.909585
1564.465331
1960.616333
1333.314833
1214.605835
880.5655129
902.0512515
1312.87947
1885.432341
2039.577297
1776.736838
395.4859627
486.0351777
226.7583582
234.5986841
1684.797889
207.8074851
561.4948653
650.2783505
1683.178826
230.3646585
398.8211087
1039.94896
1203.550806
1222.063377
972.350975
1124.808613
1543.078295
1269.175061
2167.818551
1822.549877
1398.607001
1082.700699
1338.089662
1361.469559
1194.342271
1626.585932
1888.641078
1740.761001
1736.523656
1111.680159
1067.667044
1166.347152
2025.518647
1589.935325
196.0131353
200.333515
217.1966739
229.9040184
242.0113543
250.1242626
259.26726
959.4550036
945.0973102
361.7622257
272.9129112
258.9650906
972.2929552
560.1113642
1254.586498
1043.728836
1745.100023
1318.34416
3295.290545
1501.323419
1630.136046
2044.575286
2042.561301
1831.75302
1448.533171
1584.409036
2029.632079
2278.457713
2371.082645
1775.233999
1235.03191
1343.982978
1735.250636
207.7114973
479.9332362
211.6378195
226.9472437
234.432604
226.530101
211.464246
1227.749972
1434.524801
233.8136639
255.2218249
421.4612297
956.2214411
740.6764606
613.3092039
1353.830701
1440.040379
1091.252789
1006.219823
715.8978378
1056.854017
1372.696462
1668.099706
1426.276807
1407.121766
678.8903745
1092.952334
1424.090978
1802.383786
1373.04556
1145.141462
1267.286864
188.1915227
188.101938
179.1651113
177.7507177
178.5502953
184.7776588
601.9446173
650.2805083
310.1948916
535.2608542
765.7496617
292.6678047
341.4105644
571.3117279
779.7392665
657.1683236
678.4619975
845.4463874
1055.867168
782.3168453
624.8483962
1561.596839
1739.953738
1450.769227
1432.011753
1554.011421
984.5391893
1043.235571
1632.42747
1467.792033
1891.836023
197.2896151
206.8932974
190.19986
189.1749771
189.0651744
179.8340124
174.0934506
174.3257359
1182.001031
821.851963
948.0840793
978.7769827
860.473281
507.0132725
769.4853662
1159.668469
1621.465062
742.3129781
1050.854826
919.7999987
1060.696128
1492.694499
1126.794464
1432.919601
980.1913306
1452.681497
1254.336065
1067.16378
1168.913356
211.0762098
200.6801454
195.8986321
614.3303697
431.382168
189.5671456
177.8228502
392.7609722
1544.815189
1136.666361
654.6788421
705.6615582
1020.052531
383.1410447
559.3432369
2077.484709
1482.788968
983.007821
1345.093512
1259.725014
1191.378293
1614.045604
1021.623848
1112.236433
1601.205376
1335.223459
1567.619258
1232.315597
213.3589561
309.9912036
675.6088108
444.6106185
212.0869012
220.3006166
222.3736525
667.9027758
1516.656624
500.3918287
1681.717798
1100.024556
523.4181992
920.3924263
1866.244238
1118.138393
736.675688
1820.962863
1213.444346
1603.840222
1755.397374
717.205001
744.375366
618.4779805
979.0615781
1520.765238
193.0107448
266.8771043
490.0990142
505.0342332
232.4355868
289.4960177
258.4727646
452.2166549
1240.72506
413.6461112
254.0773994
398.0646279
604.6949377
776.2589359
1910.849905
617.7080166
374.0458786
1045.417957
797.342818
1039.100798
1893.574924
1095.342097
1359.418151
819.6704327
613.3070275
281.113555
580.6431659
536.5065825
553.9261087
528.120954
1025.542813
983.2488856
241.1992607
258.1065502
605.578588
499.7728942
476.1328221
1033.041028
1101.546071
1347.825787
531.3127117
307.6426482
670.0357188
802.9936169
663.5614415
1312.003476
565.992037
676.0335069
223.4965622
472.0249369
629.7381835
354.7640101
628.357817
379.3100855
533.7757269
457.2799233
371.530205
818.576646
1039.76999
1412.742364
537.9588563
423.2150789
195.2436257
1565.466489
1442.916901
769.8588123
609.5662746
798.0732153
552.9622148
198.4440233
223.0619024
728.8245219
505.0871694
2091.679367
2817.306844
6079.344026
6608.922889
2943.790726
13382.4899
15586.26085
12818.93358
8902.938255
5945.908436
5964.674212
0
-4.437866248e-12
1594.454557
4621.139119
6078.178651
7219.354192
4010.816732
4561.252484
4589.943224
5465.432183
7641.518466
5752.541243
5651.60522
3016.685414
1931.748223
2066.495487
168.5053462
2185.252566
178.2784623
4314.012407
4953.612718
3883.506823
6573.009237
12735.91887
11994.85368
15125.73224
13565.73264
10137.17225
9315.700697
6675.573035
0
0
1520.566135
3683.230168
3011.401871
3913.406226
2279.990053
1978.403165
6886.7012
8269.603974
6881.271582
4256.47826
4545.363179
6700.191561
4908.964073
2621.52013
198.965024
229.7579544
429.1195167
229.5906775
1591.271534
1464.673546
2646.360348
10198.46988
13048.69212
15269.59186
12481.4408
10648.85325
9025.539926
7859.674639
6762.753569
0
0
4205.776379
5680.926004
6604.046056
4734.854381
4975.617779
3502.691422
4384.210852
3401.596347
3278.682894
5314.245534
3845.393603
3617.336444
3547.215651
3940.421901
256.0699411
540.3490484
3269.741036
239.6935684
1348.823106
315.899588
6143.721733
5476.007393
9347.286599
9907.481625
13454.97985
11638.61879
7903.289172
7632.464264
5764.202067
8121.146788
0
6336.80233
6483.776209
5489.498641
3648.412895
3878.850679
2476.405584
7096.986662
6031.478972
5444.28654
4910.112598
4621.48221
6164.063727
6362.241766
5758.162398
3926.506782
167.2952757
2855.395508
2826.373683
3932.912848
418.4249098
1332.677711
6764.567772
5744.634546
13938.44184
14035.90056
12483.71257
9911.164809
8592.073384
7543.987906
10062.82129
5405.718267
8019.748603
7890.215085
8907.271517
2415.938023
1770.754954
3471.106611
5751.326156
3546.649341
3866.29463
3306.485025
2747.274216
5325.365204
4102.024841
3724.759271
3409.887676
4341.821399
5066.28992
6975.785914
7150.608224
216.2701384
208.941711
2050.054051
207.3404098
3944.463648
808.2490955
3236.634256
4610.117371
9623.178859
10523.59836
12516.03349
12727.30751
9041.297211
9316.790703
8107.585788
7754.226809
7116.959842
8922.957814
8107.68104
6776.464348
8192.41072
8175.967762
5146.937292
5349.9538
8838.475407
4157.636647
3208.762033
4797.707519
6498.186782
6543.264762
4771.466678
4749.125236
3680.626872
6897.721494
3035.779569
3110.055855
3285.018941
2723.585775
2642.844952
2383.382671
2230.115364
1967.779268
2800.613135
177.9715973
193.3185437
197.8568827
2068.545641
5263.565579
3483.048593
2394.204791
4470.212399
13927.93317
13275.31082
14007.8558
13623.36561
12274.1675
9534.154346
8117.593885
8592.430097
8084.682785
6007.670456
7983.462707
8712.819504
8400.461061
4438.084626
5101.896093
6176.851672
5872.176739
5291.55615
7197.498924
4985.608043
3734.434263
3161.345674
2588.478763
2592.326532
2552.910301
3483.451877
2816.428302
2387.942469
2816.307804
2467.138157
2142.25624
2119.229963
2469.123763
2714.754029
2832.673441
223.6021111
354.2790148
204.6748009
5153.216431
4412.206966
1528.627054
2241.821584
2365.639169
5186.745804
9229.622661
6545.746399
11458.40823
9843.64817
9166.716939
9339.683388
8992.374044
9776.092834
7196.810518
7371.134823
6218.587928
7046.475648
7696.772471
6420.356274
5840.68773
8659.951388
5046.857906
4736.33904
7160.389655
2171.870819
2639.131614
4231.766235
2749.160593
3699.931631
3503.517304
2507.875616
2784.057905
2973.996007
2992.433415
3107.812683
3012.318735
3265.949932
3188.644453
3103.976804
244.0531785
246.7170759
228.4706691
234.3342097
1665.627038
944.3665398
2650.438123
3596.646013
4324.170535
3306.587783
5068.229331
9417.474964
7335.437179
9282.42471
9251.154782
5638.869698
7864.108309
7602.786294
6808.387164
4894.251539
6444.186616
5126.973411
5892.426027
4924.42922
5511.96034
5000.002815
4180.641348
5578.731262
3916.834455
3620.800773
3023.660832
4396.198816
3353.462874
4845.33294
2934.590507
3103.122857
3053.928556
2743.682973
2968.619659
2906.126836
2924.957711
2917.159439
2721.999621
191.2213546
193.7439108
190.297316
1037.86435
8669.02854
2712.489823
1890.860383
4401.433265
5190.040472
6069.457348
4566.113318
9779.46527
8835.979155
9275.712476
8514.541664
7477.373385
6544.143312
7446.516961
5753.603425
7776.292734
4783.798339
5517.196092
5590.875141
3359.455706
4107.286421
5291.943376
5409.713202
3648.272291
3747.686115
3491.989483
3267.046917
3462.406332
2211.084269
2838.203341
3188.444893
3556.506282
2551.666336
2181.057093
2238.713893
3174.170827
3376.523334
2640.252404
235.5987184
234.9132519
234.5212644
2327.687453
3532.855779
422.9550982
713.8808389
1205.449568
4017.363698
4660.040074
4521.627496
6027.646025
10247.99532
6276.279745
6486.283085
6779.761297
5479.641637
6090.301444
4750.233271
4393.409193
5477.974525
5027.26612
4687.402366
3504.011468
2826.568896
3139.838669
2415.959399
2871.912342
3472.996826
3590.805546
3168.274519
2500.671388
2837.407752
2957.836951
2073.483878
3051.791798
3695.724645
2256.806052
2019.514747
1850.943717
2176.575443
2610.269917
270.6742754
229.0403816
240.7796376
2440.11291
2172.964129
222.5363917
420.8494005
1481.128999
4793.197478
4864.149285
6231.199635
7029.901682
7581.316503
4867.51128
6217.078927
6297.353329
6026.312944
7149.290989
6356.307055
5882.449318
5669.059722
4980.716457
5940.088091
5601.045078
3640.420111
4942.270292
3614.82133
3447.593809
2696.196405
2651.464078
2859.595392
2171.28081
2110.990832
2500.156813
2743.698141
3377.695344
3794.531375
3235.048603
1633.617836
2833.322861
1652.526464
1655.217113
207.3167457
194.5664295
201.8685311
954.2578055
1405.088006
845.1533974
2643.625517
1868.324075
995.6301805
1224.23174
7449.638733
4835.129779
7109.140023
9039.882906
8181.608548
5463.965205
4640.666176
5585.005379
4829.046675
4423.479073
4908.496347
4339.117683
3723.91682
3320.542162
3334.551521
3582.206342
3331.455213
3356.253243
3427.852531
2709.485238
2351.050838
2134.632526
2361.569317
3417.25856
2609.374233
3325.838111
3086.053957
3213.923212
2025.16704
2526.124579
2288.064411
175.0507705
185.4215213
177.8346134
182.5045687
183.125011
3041.703419
5813.891827
1295.444743
942.0285802
4539.158557
4398.844363
6924.826741
6046.477846
6769.041506
5725.307022
7008.232469
4637.017613
6107.571647
6669.634813
4729.985908
4208.242838
3315.202914
3378.618151
3289.974566
3314.861898
3803.352488
3688.031076
2673.68682
2694.910683
2837.776006
2962.961055
2790.529854
2135.416654
1889.461473
2162.164142
2153.039752
1916.295553
2426.640451
3146.708387
2078.374
3003.830751
228.8481265
254.005004
244.2997146
249.1540086
241.1955442
3516.490186
4446.928972
4710.847511
448.2024386
2054.217126
2376.032358
3813.685495
5584.324105
5324.072034
5020.4622
6116.835786
4225.107043
4619.209877
5341.432528
5095.229967
4052.729233
5186.201566
3525.946663
2809.094729
3132.938082
2873.402964
2757.054224
2301.13333
3033.880762
2940.536036
2994.779825
2590.692953
2220.230244
2560.490816
1841.823
2507.941693
1846.912954
1697.915191
2403.700883
2118.890826
1990.572538
267.7598667
248.6648479
228.0828174
1694.257826
4541.603219
469.9617286
1501.046248
878.2753194
399.783727
3918.156895
3417.122254
1800.084652
4712.600924
5748.274893
3546.210867
5628.044058
4013.231465
3814.950738
5381.589181
3123.621598
4080.904764
3173.929206
2577.711861
2048.696119
2967.85532
2743.649452
2182.965341
2350.931174
2281.744849
2860.825593
2497.200027
2031.302033
2045.011873
2376.362549
1845.845066
2168.686095
2182.597727
2086.369314
1846.393971
1694.224675
231.1032307
246.1771684
248.3598736
2418.174349
701.2923033
258.5809951
254.2344967
1393.218215
2070.948285
5992.149182
2583.571441
590.0695849
2711.268823
4862.817574
2745.138739
2355.403771
3624.868049
2729.402785
5133.652056
4959.964099
2927.178876
2609.341588
2022.16027
2679.240728
2251.364721
2745.696334
3020.254855
2844.535435
2317.245189
2358.944889
2076.217188
2226.791555
2434.68897
2348.956584
2501.881053
2452.999447
2368.763628
2031.045493
2276.662629
2379.148707
1578.663797
775.6813175
205.9738666
332.6062575
281.6490544
2413.057934
1945.315728
276.3188974
3765.571806
3473.939113
3195.439781
2597.745427
5175.471128
2626.917085
1461.735001
2189.704469
3399.029589
3675.197434
4535.244781
3629.02847
3508.167816
3007.542096
2836.762897
3554.155923
3554.562464
3208.820319
3430.258723
2722.210399
1673.157282
1648.819518
1896.632856
2031.520652
1710.183277
1841.200168
2153.166704
1892.29248
2088.327272
1881.059216
1916.604464
193.1833965
831.286514
2233.922251
4646.179671
196.1656989
2480.425988
1446.22265
3236.187971
1394.701014
1173.491248
3580.038314
1754.211274
4267.420994
5911.689419
3134.335138
1609.873599
5356.049839
3393.054906
2481.09658
3164.015218
3253.730766
1714.988534
2912.572267
2756.723655
3247.054988
2899.548179
2676.558284
2827.648167
2765.639776
2021.266739
2083.416119
2191.472016
1764.308334
1802.465511
1579.095595
2154.459076
2365.051532
1752.899803
1942.134109
172.4337797
1330.920465
950.4550753
277.7552627
181.7501259
1012.847853
2323.788015
1193.417054
201.5858827
491.2341702
1890.645443
1732.623281
4478.650764
2087.01933
2127.552702
2743.928758
4603.342136
2623.09645
2093.403847
2419.827247
2937.408392
1949.736869
3397.079077
3284.412529
2857.836545
2698.427398
2921.004851
2865.584995
3134.030558
2144.261102
2732.422073
2494.393758
2061.071578
2257.858558
1811.707862
1822.448142
2046.333361
1738.322693
193.1098276
700.1232876
791.075568
670.1336175
351.7881743
179.8670955
343.9279914
410.3266685
1379.454948
183.0678338
1912.389224
1024.79886
2539.830008
1592.182453
1253.361198
2671.217403
1437.690884
2376.394417
926.5991728
1324.925229
2556.209424
1658.585023
1380.373764
3095.231783
2533.131934
2378.965083
2562.98081
2256.783895
2590.925892
3282.875077
3011.032443
2818.242498
2457.982874
2560.192003
2104.591943
1860.90916
1739.439991
1891.338028
178.0309019
164.5820063
179.3249826
1039.773042
325.2215049
165.0967896
163.1054303
1565.253608
1057.796001
1748.36579
1848.375487
290.9610196
1965.131507
1097.608182
1210.04745
1882.872211
3006.5945
1841.684629
1965.921301
2415.650688
2253.813427
1852.720503
2253.6969
3161.963178
2691.643723
2404.916505
2678.502569
2626.762572
2633.416488
2995.965938
2837.306177
2668.764722
2410.130118
2629.962419
2230.834643
2646.575756
2554.414523
175.5102057
177.2092827
183.9703663
1253.258525
183.3311396
197.5620804
2068.031683
1089.933046
2557.694776
1012.078752
2548.296239
1936.545965
2343.982911
913.3404606
2102.585328
2370.092504
2246.174116
2143.836645
1051.999716
2053.245643
1646.53094
1940.031644
2129.050606
2118.650027
2053.622009
1860.387039
1882.060564
1925.416217
1907.662943
2309.760855
2316.128238
1792.954948
1616.999319
1808.934319
1827.458905
1923.007889
197.2851663
198.6988121
604.2434966
668.8210788
217.1510038
806.8493889
194.4925954
675.6279116
736.1662704
1429.535121
2224.180257
2695.431819
3259.620698
1912.275119
1769.358761
1008.083231
1096.905932
2093.037641
972.5922889
2061.742224
1403.526312
1807.267218
2943.222875
3159.071946
2163.895645
2026.704027
1924.330177
2326.512247
1957.1734
1484.322451
1309.349583
1195.299879
1236.904699
1576.812126
2315.123357
254.9451907
219.6397227
213.2788166
218.1313244
1080.121494
2479.949591
1539.846054
1236.529848
1242.200455
1278.172481
1590.696914
1043.156773
2494.734129
1474.634344
1547.686469
2191.9602
1815.790516
1097.72429
2916.427458
957.1880937
1954.169173
1407.887307
1527.063974
2104.625473
2215.348996
1789.459564
1448.704975
1645.068012
1460.19714
1541.236415
1263.752094
1428.917955
1125.294841
1221.533959
1501.32598
198.4403489
213.4869713
206.7830984
211.2117063
2400.374033
2243.621898
1858.778327
261.0341219
587.8429763
1104.391983
425.824597
223.849737
1012.971637
749.6363736
430.6583921
678.0815594
984.8835973
1177.733819
2340.301787
1279.917945
1493.747753
1583.465578
1345.140083
877.1605979
1065.817799
1025.649422
1523.691548
2208.109005
1770.352796
1757.740451
1130.458408
1025.407002
1499.102629
1343.697051
197.8205762
217.159303
203.263974
210.4913059
857.4801915
2310.919052
495.6513031
766.0756408
983.760959
1018.698597
483.0267693
638.3325731
675.5928011
696.3368213
948.7748535
1181.755513
1130.641735
706.5520487
609.2092524
743.7159097
1222.834684
1887.234637
1520.609236
1317.41746
1176.620522
1566.240766
1511.406064
1400.07545
1587.656624
1452.738365
1639.579279
1639.321539
934.6252792
203.2237916
231.1971699
214.0745073
194.3218489
606.1098619
1613.507314
379.1351416
608.7610382
552.5889284
566.9703229
581.8952089
321.9962748
271.4299592
794.8062068
604.295593
940.2669797
1128.080237
664.2754719
2248.907624
1170.302073
1866.643187
2552.1744
1567.936799
1226.445853
1688.553853
1601.60866
1173.89604
1019.843895
1864.52662
2562.929381
2321.856933
1473.783611
238.026758
222.3443546
212.0675819
2396.792713
214.4125918
192.3421246
3373.441367
534.5242806
470.0820448
991.6814175
472.0254534
689.5856547
1115.808508
925.3521713
1610.943451
1157.579852
1511.845687
1351.633179
846.0453295
1207.580527
1391.357128
748.2564953
791.6712207
1336.068824
1482.795481
1183.888836
875.3589598
546.0151147
1899.910245
1972.880793
204.6043797
203.0584273
556.0666689
204.2222693
208.6180181
2002.636707
418.3329736
302.5249425
727.4728019
866.5837654
242.52428
474.2942022
1493.081576
1634.28498
1835.292448
1107.597058
1414.040599
1825.960714
2281.438682
1181.5074
1539.176666
1874.500214
1299.291568
1414.530141
2086.719416
1903.20261
1664.463947
1250.281999
1168.746113
211.5117389
479.0314684
221.2837256
208.5018018
204.1632588
566.9035255
694.2456957
257.0593848
325.8278371
565.7758643
434.43028
499.0567227
2043.633286
670.0665062
566.7807107
930.0501486
1396.306893
1197.023163
2334.666334
963.9369995
1369.432955
1475.18142
1433.883527
686.4382598
804.0251209
1339.080891
971.6921466
826.3864537
246.9725219
240.8456206
230.5482949
563.4674947
626.8861079
438.328826
199.5182405
1200.019177
217.1525351
305.3304897
963.446989
685.9369154
1056.207993
931.8263597
1603.370592
1095.60759
788.5719923
1650.702796
1017.767535
1318.383005
1285.696089
1694.215699
1641.083213
814.905393
1139.049624
1198.411341
169.4690583
188.3646394
250.4163391
385.6809773
495.3377368
899.0659201
680.4868901
337.3555574
506.5038279
1852.363505
1270.266543
190.2657004
552.3226284
1183.161594
700.9939035
1834.502572
2056.341149
1179.367316
1287.823496
1020.152697
1071.532567
922.7356956
912.799595
899.5333633
206.2319006
208.5640164
213.0766379
186.7819095
181.2792522
178.0166493
218.0079231
722.5694858
386.7105131
1556.095652
275.8782018
263.6917333
525.1081532
720.2040761
1570.549289
2352.154421
755.2501027
1138.938406
1154.390409
962.7776321
890.1708453
183.6482097
200.7267515
202.1846102
1811.344412
479.1631004
1085.003436
823.915693
810.6243217
328.2295612
255.8416816
435.2702282
685.0123872
572.425965
1204.930571
560.0855682
226.7511321
248.005616
242.2543774
888.1983071
6735.192102
6296.690088
3085.771436
5600.108715
12877.71229
14655.12539
11979.94362
7351.418451
8507.337721
9825.990615
9696.004401
9618.641903
7790.237507
5445.934822
0
4725.00841
3492.549768
4368.945329
4405.40276
3976.154073
4189.327385
4848.15532
5004.889899
2841.684196
4300.140001
6484.083018
6233.067284
3669.804705
2860.294949
2499.788564
2238.768222
231.538028
4319.833877
4072.956801
1637.475212
4058.83199
3395.392956
8017.801053
9390.123571
10155.55897
13132.76929
11343.36144
11358.35373
8206.972716
9279.198267
11890.68764
9371.333109
6099.665086
6565.440764
5010.71609
0
0
4453.387377
5078.901271
3339.551993
4989.74116
3620.555187
4188.902265
3763.579171
1818.154135
1996.242747
2589.752177
2798.36967
4215.794656
2826.324228
5554.268232
2066.987785
178.0718068
178.4116545
191.7854985
818.3082958
509.1861872
615.5214269
4280.518161
9406.887819
9591.593739
12628.60066
12224.93321
10787.50105
9242.826127
5385.286932
8096.282155
9240.338788
7583.247984
8736.950171
5287.799523
3496.198073
0
0
4362.372146
4822.223413
5204.558475
3325.571782
3250.723291
4366.753364
3798.018495
3982.243506
4881.487444
2976.950783
2357.694802
1928.00216
2747.336562
3069.916633
3727.586185
725.5493032
2160.64181
2403.209603
5714.288965
3071.504734
1244.802396
1170.309088
6011.66124
6351.811188
10282.88235
13002.35008
11937.78883
8362.163898
8301.329604
9927.839602
11441.53495
8170.415038
12346.78529
7702.790962
5631.925831
9639.867262
8548.915908
-7.735212597e-12
0
4911.46166
5395.511765
5444.251122
3921.554835
2696.518037
2969.588301
4552.800974
5334.143537
4296.673977
3557.604246
1981.372953
1588.50831
2838.208184
4517.357386
5380.857989
204.9197004
531.0715936
2178.341404
5288.708772
1176.581303
628.8117197
4582.670808
4887.940108
9775.523298
8754.5501
11397.99956
12076.43712
7771.184518
9010.603478
8870.282658
5417.048557
9007.483226
6929.433769
5176.816469
6796.897376
8047.780418
6414.242687
6949.732496
5288.954443
5096.630363
4420.333323
4564.046493
3186.181043
5125.96743
4562.614625
4414.519856
4654.982295
2664.760521
5732.912265
5147.493968
3429.357769
3491.915756
4343.833398
3303.395885
2849.028314
4839.110203
4045.611752
5112.042129
188.3594415
203.7740395
4736.970518
731.2454956
589.7290901
554.6278262
3260.943019
2582.661623
8590.425879
11469.13089
11579.17308
11805.78433
11727.88462
9772.005426
7384.33533
7764.527891
7428.814079
9316.724045
11016.38845
8036.132429
3664.749996
9595.400273
8557.664456
6023.700697
6702.341668
5622.538736
5654.468005
5225.491052
4544.336498
5316.111145
4877.254538
2142.04123
3852.709379
2800.994748
1562.077695
1531.064244
1916.150382
2225.55467
1867.898152
2838.118313
2081.180796
3404.784868
2003.00594
191.9969433
180.4081923
2906.244096
855.3408971
188.639671
192.2146864
618.1164291
5762.945899
7228.89239
10631.63361
8930.633948
9397.363321
12447.74151
6509.107597
9277.867629
7621.317601
7585.51261
7665.447254
7875.907141
9130.84025
8843.616767
9373.345199
7677.249354
5971.219463
5109.0618
5997.16059
6367.222706
5400.950683
4365.746298
5120.671611
4360.426495
2396.037423
2410.701527
2491.481823
3727.545118
3236.115514
2889.650412
2769.201424
3238.758119
1756.686621
1919.648865
3584.608124
4869.520792
231.4067364
209.1762657
1164.513641
328.5005466
2352.888791
1450.075863
229.3728874
8392.805163
6963.637974
6514.869969
7949.323284
9055.222426
9755.868258
7178.910506
7881.405378
7048.418544
7944.680519
8187.417567
6484.532564
6218.432019
5118.392359
6095.122213
7350.714534
5864.432191
6017.901697
4310.784709
6369.558403
4765.419185
5499.171383
3342.86738
3036.566442
2459.956303
1588.259718
1370.805859
1883.888783
2543.848444
2861.380529
2483.285811
2158.58471
2222.965342
2320.233758
3527.368304
3879.058792
245.5678919
255.5694049
393.788935
957.3834425
361.3884283
384.8470897
1334.61882
4557.623779
3351.449101
7742.758226
8404.334209
7065.664931
8675.375684
7487.968203
6904.174486
6153.167918
6997.759934
6203.139908
5423.152306
6512.605061
6461.841864
6165.699099
5614.449453
4940.945683
6580.883442
4595.812866
3649.341612
3836.592391
3636.539851
3932.013848
3129.34308
1979.175367
3958.705392
2162.111775
2824.584951
2974.794124
3424.740468
2698.667182
2915.831567
2457.862714
2136.947115
2349.237905
204.6980666
223.8351568
253.3649625
3941.311274
3220.581917
1077.731759
1413.112291
5197.297286
2407.539233
4217.444013
4284.971146
6636.593629
6557.25609
7740.305535
6099.536024
7281.846207
5645.22898
6423.443942
6925.395389
6847.755175
5748.869769
4602.550653
3529.683674
4230.58435
5845.138003
4327.675299
3906.61604
3482.174981
3993.78074
3879.540399
3557.365008
3494.368299
2467.894893
2256.867406
2526.44387
2274.666668
2753.843529
2711.21817
2967.473113
2724.444729
2796.896455
2310.486132
225.4394948
220.9110524
1006.891214
608.1037282
1114.257292
214.9552332
1117.460164
3017.227888
3894.376263
4696.706658
5898.896608
5207.972398
6670.499403
7132.093093
5424.078597
6507.153684
5498.005827
4972.27721
6075.975601
5858.834956
6364.708534
5203.389384
4711.907473
3946.939235
3880.94886
4598.051969
3561.403466
3243.49199
2862.315704
2981.918449
2364.033832
2266.884386
2996.613285
2646.862838
2154.124966
2763.560623
2531.330203
2757.632224
2747.580096
2586.566406
2435.751894
2923.268993
249.5965512
250.2331292
664.4587693
3618.20112
746.7676676
1493.187304
202.373392
472.3235004
2365.939085
2169.021679
5201.334518
6567.023908
8543.993824
5779.694599
5840.33529
5929.971384
6358.136902
5400.10043
5285.371758
5499.932422
4085.772673
3348.690341
4023.452343
4166.593581
4133.697312
4044.982451
5099.188061
3647.031884
2444.322865
2620.837884
2206.664368
2135.869047
2190.519513
3105.971912
2605.550281
1800.041268
2422.001512
2791.161484
2094.015572
1826.205292
1774.716085
1372.076345
263.8924991
4042.04146
2025.113058
260.18801
2439.479388
1027.558453
664.575669
827.3889244
1109.618768
3176.097191
4878.261975
6152.450859
3994.37206
7695.042163
6749.606293
5263.791332
5010.080174
4790.059564
4366.441931
4267.808694
4531.504423
4252.329782
4097.911849
4721.582365
3049.147153
3665.337187
2968.271902
2886.203997
1794.178418
2046.613023
2383.574223
1899.418255
1456.640229
1872.811988
1947.403425
1594.471473
2370.19839
1672.087385
1452.217319
2297.822984
1405.039877
2420.697258
2371.711218
189.4372434
1298.637114
1322.866485
2188.424389
2654.352749
360.4114355
764.1630872
4212.285754
4101.539893
6224.347694
5292.794976
6034.389531
8571.327224
5937.466177
5070.755068
4207.113451
5120.724372
4276.052042
3737.928105
3967.736064
3454.967814
3502.32364
3515.480078
2384.305643
2729.031474
2473.571828
2938.333545
2593.906604
2316.356063
2266.195553
2551.639387
2502.055252
2427.09618
1855.359588
2691.678549
2406.149348
2301.660188
2121.600363
1816.905262
260.2669221
387.3504991
2383.680035
228.5366185
191.9367214
733.5715707
4423.898834
213.97349
1177.844039
403.5567533
2976.375483
4676.421167
5606.532003
3610.62624
5612.477058
5192.115262
3607.989627
5943.016655
4275.572988
3869.007434
4149.861698
3091.690561
3513.490512
3590.94353
3533.164712
4204.508621
4101.002601
2452.092776
2642.54017
3132.080741
2408.738448
2179.591566
2352.397302
3588.462231
3234.420875
2277.641798
2046.221537
2066.2829
2305.737536
2124.113063
181.6790737
194.6880104
2315.555169
1057.762329
1702.528896
471.3584955
866.8552568
964.6596697
525.5272679
2755.713478
4987.740819
3798.368098
3712.283622
2306.395584
2875.612411
2976.482152
3113.984176
3730.304836
5056.200311
3142.045231
5323.52233
4732.374603
2689.243819
2763.6969
2177.741386
2096.059578
2018.104676
2214.983486
3282.24033
2675.184385
2888.175056
2476.089301
2466.238113
2217.593352
2250.788621
2508.102859
2475.966054
2037.062996
1715.264911
1767.852603
201.6005593
475.4184405
2640.367077
219.4028796
2381.366649
581.9014512
443.1738531
1444.098688
2818.521136
1016.798061
3826.23732
1377.530868
2412.866341
5012.984112
4829.621425
4302.702351
3930.023938
4179.866742
4704.160295
3563.310545
3932.6177
4063.412355
3846.843798
3367.02163
3040.142688
2885.344357
2380.675284
1876.432452
1738.837508
2269.748339
2555.110404
2689.66575
2266.498957
2217.183351
2165.600905
1759.359459
1809.340609
1705.851429
1781.853765
1749.249821
199.8516808
201.5698457
873.6629276
990.4495328
462.2025847
967.2606052
2583.726633
1851.380971
4924.856247
3398.897475
3299.441001
1422.081664
3801.828268
2337.866381
3477.833967
2328.939496
2593.494324
4386.363275
4513.293912
4393.358677
4147.79901
3149.791127
2386.041678
1822.849341
2830.907966
3188.177786
2799.472268
2500.371086
2150.058027
2309.692597
1979.599143
1905.363684
1773.701571
1686.108618
1767.636993
2072.689686
1911.479792
1512.818454
1525.969211
163.8470972
1907.835204
3531.831646
2412.814812
210.9392073
196.2736545
2126.71058
235.7463335
5050.584785
1124.088474
2458.298652
300.7628365
2612.105348
2860.173941
1565.146881
2621.444536
2839.584142
3462.536345
3768.34323
3596.946916
5099.066933
2951.962901
2126.392497
1766.58987
2300.371792
2789.118336
2711.545453
2683.842218
2346.422901
1927.58198
1808.426905
1993.766409
2324.270447
2093.026521
1816.840889
2125.205019
1927.392345
1907.015218
1777.601946
1321.629073
1123.179391
2501.803725
777.3724376
231.6825946
2534.613154
1434.512685
1027.413327
672.8107659
2256.271262
1299.724909
1516.191329
3200.515517
848.865821
868.5058372
1520.814378
3367.964522
3580.059808
2488.934888
3257.452956
3499.657636
2446.237092
2582.963346
3414.186798
3183.367571
2888.334152
3070.163844
2833.951432
3188.217343
2881.724525
2023.08038
1546.283332
2225.564309
2369.264133
2277.350206
1830.535915
1958.395135
1889.684881
350.8172584
228.6878958
844.3404708
1434.110343
784.2322985
4075.691948
800.8508707
1977.15236
544.5184554
1474.080618
2756.635244
2869.048937
4750.640447
1241.431569
1723.330942
2754.221127
4558.64241
4712.045007
1682.659194
2215.008962
1798.206108
1216.139492
1736.804547
1762.117158
2287.840286
1564.393463
2918.529529
2163.887128
2673.152179
2616.815954
1977.164376
1650.747813
1508.361079
1837.996873
2088.547912
1418.434161
1624.981622
212.2747277
218.1083746
224.4252075
794.8696398
208.6408578
3173.465897
221.4855017
466.516604
596.0103034
510.6392984
853.9411246
2012.671936
3408.272362
1435.469118
1190.171798
2367.584661
3132.49805
2056.192978
2309.64195
2096.779505
2483.647564
1436.175436
1428.102223
1709.164634
1301.324345
1670.373779
1409.265434
1784.71736
1911.724734
1968.996474
2665.39177
3001.612424
2054.377683
1723.94125
2368.397031
2158.643098
1944.063542
192.8704903
230.3896966
209.1940694
536.7982284
528.1316234
217.4129337
204.2139994
214.7461785
926.9308088
398.6848308
821.8215464
938.7335083
1814.931626
730.3256848
1768.865344
1709.361605
3115.031253
914.7056601
1585.857199
2634.299547
1543.343871
2564.138482
2072.837674
2393.146141
1871.916177
1740.411872
1583.558612
2214.990737
1859.063333
1421.296986
2239.580678
3152.388769
2393.835081
1495.631928
1954.167717
1827.405216
254.8491531
243.2187834
267.0787894
259.1525655
257.8621073
811.4220195
949.4935914
1245.950841
1013.678511
1339.9956
2602.97762
399.4945327
475.120293
782.6960242
1891.352353
1833.606491
1392.127708
1207.794553
1591.917729
2017.575896
1298.095232
2234.928005
1915.267548
1997.54808
1902.271062
1784.960576
2114.443215
1775.556965
1821.413173
2129.65758
2094.452319
1884.836973
1867.476778
1565.912109
890.3174154
254.9230629
229.9631276
218.5039556
217.4801807
328.4643759
398.2400621
591.0106426
971.1174915
226.5066592
2580.591697
2249.248104
2795.587927
2934.197125
1642.555216
1547.57779
2236.433529
1144.906907
1594.087627
968.1308513
1299.908617
1820.78273
1290.870266
1391.683034
1780.013736
1342.273418
1165.882945
1759.478346
1845.986707
1881.093851
1177.636262
1350.111717
1517.755155
1752.763503
1411.364496
256.0668812
250.7703715
259.271424
863.125724
1894.132431
432.7659887
337.9431226
392.9165216
670.0095227
1530.200148
2759.105437
2876.559948
2211.047638
3092.518115
2187.900445
1232.984293
1005.692507
1894.830557
2508.0528
2195.804928
2051.256657
1248.466644
1064.837537
1600.95069
2191.610292
1726.057359
1568.490539
1905.778127
2158.950061
1126.801646
1334.32633
1497.186213
1628.676718
230.999081
230.7316979
256.6255815
4233.644198
217.2677025
219.7363735
482.3015966
200.0054818
558.6113514
857.1921078
970.0296391
1914.128058
2401.775952
1373.583516
2570.168908
1401.482605
1986.543387
1285.621742
1694.439768
1352.752149
2145.824007
1845.761133
2071.469152
1847.175479
2053.727338
1558.080258
1428.181082
1330.850813
2750.561489
1646.313611
1069.697269
1883.79484
195.5494073
215.1104954
2319.543336
232.876507
255.9157276
681.341825
744.2248246
216.5235188
689.9675741
937.8061874
214.2482776
1122.584305
1597.89241
996.6963185
1729.785476
901.7638596
777.3792211
566.8605878
1057.208886
478.3208988
1112.153916
1639.557724
1435.978473
1120.236405
1632.402804
1905.797679
1541.114952
1007.989146
2213.663252
2303.405653
1148.075382
228.4989007
243.9796968
220.9297171
517.4767048
212.0765138
519.3301728
521.854455
286.4057268
744.4168715
758.1159728
422.7063163
1026.049094
340.6855939
577.0960495
616.7923298
620.1914032
957.1587827
894.2973716
1377.311968
1134.576634
916.8805054
1578.650316
1287.671751
828.2985499
899.4862974
1297.462194
1159.632387
874.9648846
1463.448316
1363.978778
182.3039715
200.3434017
184.1140785
190.1064604
181.0238837
179.3380391
444.6148971
308.3416653
328.7493992
376.9116317
578.1574927
1623.551485
341.7462976
442.6699189
2013.977218
1155.027471
848.6756335
719.7491572
998.7928512
771.5105797
474.6668933
1356.597778
1754.729993
1276.962716
991.8744365
1086.420569
1762.817624
1155.160785
1071.64356
662.73811
792.9948989
256.0217774
808.7363216
1300.423292
359.5967635
367.1250232
247.461934
328.0955379
1194.906981
685.037586
693.2313723
2008.152447
522.84876
339.1740768
507.2278293
1097.344067
458.9782299
491.5967017
445.5891566
875.4573143
1323.123151
789.5254355
606.5150198
505.4003355
815.6681989
687.1124489
894.851224
629.8232441
1587.672653
1118.393879
179.2459602
238.343518
590.2574082
583.4511158
271.5063937
467.2041927
1281.430737
851.6524664
1297.379129
1008.796388
365.8059554
1461.416841
2255.744758
1358.752009
713.5935809
502.7065842
838.49264
1007.994695
734.5545083
715.8450207
535.1860703
570.1112731
1513.565025
739.0137058
946.631307
283.0620613
263.8847034
354.7135434
377.0812188
259.1693321
203.9947513
854.1221098
861.3292933
737.6884326
1014.014587
602.725189
685.612396
376.976145
488.4318524
900.153053
523.3836103
504.545489
635.2828945
1164.71946
433.5680253
480.3698478
151.6230319
208.254286
201.2579641
632.9805576
542.469517
417.8464049
425.2624918
1881.550724
415.524706
362.1250601
604.5225828
1268.747796
595.1644802
222.3179292
542.9833083
1118.491545
1100.589742
864.1273977
748.6690615
818.5989449
208.1406982
200.8106515
207.3471121
725.0281904
525.4277899
292.5679046
414.6185611
398.5034034
520.1960729
779.5288254
493.4328883
734.4719949
753.0947906
175.6652236
170.8538627
184.6169593
166.5077644
1333.084537
227.7088987
4904.511501
5603.233873
11419.61145
10609.3098
9913.274689
10157.51529
8350.273349
10732.70335
8780.072759
9307.938634
7888.529185
6842.101105
9170.736407
7469.532334
9802.320029
5513.182506
6348.434286
0
1691.565983
4629.797017
3777.771217
4142.552453
3912.223404
3243.921106
2131.515856
2566.20151
3070.766798
3661.625601
3766.416106
4301.204898
2462.345083
3155.482345
4084.142355
3689.537107
2736.360216
230.0209976
489.9363939
211.795409
535.6804862
3702.28111
1246.811945
1497.282382
1877.380511
6279.217602
10044.27388
12519.14418
10974.3188
10611.52781
10340.62533
9582.334648
7822.976821
9689.754617
10848.74608
10827.60051
6871.05827
8482.953542
5570.532103
3682.932298
4913.463155
4041.335059
5408.391336
4000.356707
2936.804153
2342.58982
6080.873756
5286.027069
3273.726502
2255.391522
1949.584589
2714.691416
3691.74595
2474.632244
2866.910295
3627.34116
2493.584329
2299.959378
206.3294569
209.0771765
200.8616076
195.7689475
448.2762176
2309.333461
4843.314146
6424.781394
7594.40708
11612.25259
10537.34684
9766.647033
7486.177093
9453.406534
9699.508621
8512.080506
7312.061729
10668.94293
8746.557366
7739.799905
8577.569314
8591.226516
6700.783257
7911.608752
3675.417371
2891.346572
4876.231458
5376.201985
5238.635791
5064.169338
5020.969291
4446.218534
3096.434654
3292.767734
3425.310256
4154.879718
4602.492736
2101.701817
2048.108064
3209.691292
2115.742382
2957.46722
2076.324924
3518.67627
213.0970703
636.4754445
319.9755753
776.1233
970.9800638
3993.300397
403.6298603
9439.969386
10422.3513
12148.9215
12317.34657
9296.168578
9764.224419
8742.968244
7918.094585
8083.650727
10568.12009
4919.418479
6939.941475
9741.925662
10654.02581
7959.993751
7649.119244
8184.371372
5798.485564
7957.937602
4514.098033
5684.347081
5762.979541
4704.09687
4343.325982
3997.80897
3339.047477
2117.802573
1659.00839
2453.995116
4545.477143
3265.982836
3266.011232
3478.22526
2283.010714
2034.908917
235.0332975
229.0965494
591.3025028
1675.883486
1498.186748
2101.398883
1645.361912
5888.615334
4510.194169
6535.385727
7714.533384
8808.884759
8855.54525
8832.794073
8021.967927
8661.519159
10390.60001
8256.258514
7328.274365
7651.857649
3973.505932
6058.80569
8306.995625
9363.345696
10344.2625
7000.904908
4723.995514
5495.821537
3522.342319
3436.33704
3519.933553
5051.951973
3602.392164
3604.301134
3240.481627
3027.876666
2559.063334
4319.001634
3728.118138
3183.079227
3157.581926
4805.486978
4152.134353
216.5044932
221.9670721
205.8375228
736.3735232
621.9155414
4913.077591
1017.128703
3686.268167
8971.240096
7826.52113
10248.9239
8357.233764
7957.987495
7994.979879
6721.641672
7645.721193
8455.513257
6203.243281
5134.948094
6826.713529
7396.772596
6567.816578
6173.112697
6669.670611
5981.820271
5383.265313
4230.355077
4468.916339
3386.879694
3823.823492
3748.832941
2688.554029
2610.522813
2454.999463
3270.68508
2868.288589
2989.518393
3358.718755
3235.857548
3611.344203
3052.463843
3616.694291
3321.886092
230.598827
245.1309596
226.7383065
847.3370859
227.3529883
218.9727082
4503.855103
2274.954764
4942.38262
7450.20527
6681.916217
8933.831481
9313.055595
8304.125437
10216.15874
9247.887488
8293.971038
6412.168453
7244.294871
9415.206594
6395.213112
6447.479884
4706.826433
4069.790283
4655.08284
5231.668337
5061.692379
4780.137268
2791.240209
2073.611268
2620.135303
4761.152219
3150.225346
3049.235601
2487.293961
1652.763549
1945.082517
2920.688986
3950.841753
3258.303708
2910.799597
2755.751785
4293.858376
236.7301802
223.4913885
342.4810141
1833.603755
758.395293
3928.683964
4539.763972
6970.284603
2181.70272
9236.828732
6078.215964
10710.07724
6804.578299
6302.603028
7951.519951
7027.965791
5765.50253
6719.34743
7082.881413
5606.736153
4557.307333
4546.06194
5261.668155
4312.647374
4082.312315
3602.470407
3615.292419
3514.857258
3061.696253
4342.32779
3680.582492
4092.732968
2518.867185
2126.056144
2659.651285
2935.584425
3222.845082
2521.431251
2680.278998
2591.83279
2970.612726
3233.140566
212.1148873
675.4711698
507.5330245
227.2391347
235.9598308
296.8318114
236.5483384
253.5800219
1454.981722
7900.338604
6855.388008
4593.23619
6372.317462
6821.16906
7158.298529
4224.455748
4968.735003
4634.081301
5860.684957
5481.698687
4272.167424
5392.010932
6802.333973
3712.341212
3872.875409
5099.893977
4848.897612
3662.139003
3956.799992
2679.53155
2853.358462
1545.259588
2089.056639
2916.784204
2298.599883
2164.986207
2477.53235
2633.441931
2398.070439
3116.636624
2792.948003
2741.731211
173.8246745
178.799424
1967.742612
167.9396772
1061.225095
934.9478376
214.906755
637.6097378
8650.886157
8284.212492
6412.288053
2772.686842
4804.998708
6901.157704
6621.432339
4592.136101
5620.643811
5380.348599
6344.424364
5764.596196
4738.812664
4706.47878
5400.916464
4656.743346
4539.648766
4639.062684
3551.548113
3135.032282
3218.905701
2513.060305
2624.80144
2217.116811
3524.685457
2190.674374
2252.540508
1572.936499
1806.177562
2372.626496
2405.611342
2033.323199
1905.631724
2754.973504
220.9798431
223.993345
1995.352325
246.0771351
227.6689985
2339.754491
830.4722723
3639.128149
867.3607578
5117.491606
7060.511604
5999.870554
3948.881525
3064.602855
3302.392395
5747.081603
4714.091433
3798.517756
6319.567383
4932.694659
4931.976608
4954.72743
4751.782932
3812.930627
4238.586605
4129.338841
3284.251768
3293.012259
2469.910521
2426.506929
2178.238179
2570.141949
2150.253851
1750.391011
2240.828472
3299.973058
1917.359408
1891.384693
2544.768025
2560.493364
2051.063888
2031.381681
226.1528569
239.5573167
223.4268217
218.1454349
3473.867026
231.8892206
3503.727022
1568.597102
2661.494424
4326.198393
2551.886558
7258.876512
6425.229368
5755.653743
4381.199424
5966.02722
3761.36107
3819.335061
5749.989615
5282.018229
4416.730533
4073.942247
3933.407362
3536.043275
3315.430588
4305.426619
2290.972915
1929.384985
2858.181742
1882.837866
1968.617268
1580.343494
1588.414141
1514.442174
1686.906734
2445.191308
2452.264523
2027.254968
1960.073279
2037.983268
2369.498936
184.7360361
198.1189275
1281.339148
188.5578117
295.0926876
345.3514949
4649.8026
3145.901303
732.4910145
2522.516902
1769.78913
5041.740414
3322.829442
6369.381885
4639.838429
4189.638514
4952.731762
2556.114084
3047.981874
4624.495293
3996.979313
4151.987673
3871.86063
3910.126237
3118.997959
2851.689735
2992.660763
2657.909049
2679.144817
2903.932742
1754.514744
2043.076703
2292.860305
1671.585242
1468.591613
1717.514098
2610.178427
1787.149164
1793.241202
1915.966511
2682.172727
199.4949862
205.4101143
2748.886819
195.7535203
209.850942
3544.775248
200.4491759
491.1821678
412.7583638
407.311934
828.1951709
6098.388102
2969.898773
4545.878666
6290.79289
3509.641629
3216.717078
4410.502124
4128.844356
3754.767147
4204.449414
3862.384068
3632.702955
3537.998494
5208.724517
3143.994047
2794.227182
2528.910027
2688.063498
2758.001094
2554.707437
2172.780317
2075.731009
2054.965807
1992.432412
2467.289557
2710.351685
3821.134795
2712.682429
1905.87494
1717.26792
190.8771548
2010.631544
464.4680268
496.6152667
354.4097839
301.6141185
741.3178571
927.1814579
4419.47464
1095.819537
2288.275833
2890.491625
3332.852024
3677.470759
6869.594095
3546.404354
3866.022651
2783.038629
2285.290523
3013.92308
3592.755457
3667.83522
4049.083101
3514.165252
2421.335222
2353.71863
2897.508765
3201.444113
2443.94817
2520.201329
2836.354135
3010.829886
2605.6313
2491.507359
2811.504938
2416.730233
2318.268034
2522.987626
2122.814225
1985.7206
226.5294401
2164.662358
226.1345312
3816.841516
233.6804266
366.9745118
2759.73149
863.2129232
225.2529017
515.4084631
3366.528562
3060.835927
4823.410239
3691.992232
5391.99977
4792.109104
4713.913904
3209.576643
3606.980074
2745.490264
4783.146603
4428.187143
2785.912179
3088.654463
2772.875714
2167.095613
2360.486345
3049.822345
2652.360048
3361.347576
2639.976483
3048.043954
3000.32712
2716.339578
2795.547556
2328.052473
2352.68384
2359.093307
1650.310219
1714.925685
2187.631443
1396.424514
975.107305
2599.376798
193.5799103
273.6207345
807.6414699
673.3995859
367.598671
4280.300805
3995.093917
2218.236877
3142.409683
3573.159205
2157.898576
4021.872029
3696.334881
3810.205859
2788.122383
2230.630498
1680.02805
2974.771176
1946.639399
2320.671505
2153.846508
2729.091059
2900.804168
3674.453341
2885.593287
1884.991036
2933.561169
2781.991345
2780.351471
2726.020695
2689.017193
3039.055501
2418.543774
2204.583898
1920.220863
215.2880102
2614.105331
3168.987711
209.1984292
560.9877506
222.3623665
203.6020026
3349.660535
3886.708254
2619.172133
1137.000807
395.8572016
1233.720853
2179.60585
4223.3761
3155.815845
4177.548358
3355.885784
3968.907381
2408.663286
3238.560537
3227.221231
3113.825529
3180.534059
2160.96452
2290.707866
2982.576546
3119.769704
2773.602779
2470.675852
2253.653214
1792.489656
1674.105357
2125.369373
2115.842407
1962.444577
1956.799425
1957.939568
2098.476316
227.4250906
221.464794
207.7512908
450.5370642
689.0411726
214.8346868
2295.343127
1852.969482
2368.627983
3230.717803
1974.960347
440.0674028
468.5657882
2795.655107
3372.293673
1189.425921
2552.608018
3253.585293
3418.037771
3057.19528
2695.732134
2165.715898
2200.617022
2371.6691
1648.589441
2789.228977
2662.785415
3053.019068
3170.547516
2338.160579
2221.617587
1285.294361
1459.646498
1685.018277
1719.305975
1488.70347
1795.204157
1896.100581
232.8593253
1886.554937
2581.071028
1205.326522
467.6325675
227.8028563
1882.773513
454.1342482
1474.579096
1171.39465
1844.714024
1548.677028
619.3173671
831.3421191
1368.263781
1960.916848
2364.02681
2838.965321
2588.94304
3719.934973
4122.814678
2322.397117
1752.472836
1699.057511
2466.366524
2500.257589
2928.388542
2570.259305
2094.498166
2553.986515
2644.848549
3158.959105
2172.755765
2340.166064
1389.4563
1297.466583
1655.811427
2127.767522
1131.619357
1029.755618
199.1392691
408.7826399
210.3502816
643.1151016
658.1331597
462.052987
1820.137273
262.3446201
1949.26808
1469.24854
1315.550967
453.8268215
782.653777
1643.850665
3823.364339
2076.583512
1895.630662
3392.72208
3453.970419
2221.734283
1899.297163
1911.34327
1833.481853
2070.087248
1730.852152
2102.510394
2744.538423
2746.957557
2859.28353
2654.281558
2486.149407
2031.434185
1746.239902
1953.173892
1694.308849
198.0866117
212.2358923
438.0574409
1121.243838
733.0873314
1133.755711
1039.528787
1593.754543
813.0643088
1234.486153
2562.126627
3605.681964
986.3118152
779.4225168
893.879757
3068.799743
1920.64429
1398.965216
1642.849626
1799.301924
2224.036063
1895.104426
1519.494765
1615.589869
973.3688696
914.5931341
1286.85809
1683.915139
1997.273635
1915.791737
2736.854524
2462.276589
2333.686458
1456.485999
1480.156535
1302.248917
218.7251821
231.7179923
223.3544914
692.8114103
2254.851791
239.9389762
382.8042014
1382.692104
834.232573
359.8850728
1978.685603
1502.89094
2112.910794
901.8171794
461.0967253
1823.874499
2617.424943
2813.159134
2068.641254
1461.011621
1763.179391
2193.147677
1947.588629
1508.073091
1903.487682
1563.082787
777.31443
981.023507
1897.062491
2362.762853
1352.485097
1367.504331
2434.887983
2445.283573
1793.170669
1448.222647
233.0235427
221.2879744
204.2834107
1558.961647
220.4909381
211.0465112
420.5483041
656.6024378
241.3832354
321.3820552
610.1846104
662.624081
1140.909663
443.0293504
880.7753779
777.7382457
1172.26271
833.5050872
763.888594
905.610399
1934.504794
2300.585957
2474.643485
1432.533135
1563.984499
2008.903995
1309.34094
1705.171966
1390.468041
1481.324092
2223.193197
1860.463148
2613.580963
1839.122974
1707.636885
242.5982778
219.2802379
213.3288427
676.280012
224.0216527
211.7595803
200.85306
1267.742967
528.4747507
899.1792891
1598.738707
430.8754419
1318.844582
1250.457059
980.6417447
1175.908152
1292.483876
1004.681241
1949.493746
1231.765389
1000.092973
678.0827353
879.8523225
1198.122022
925.3082273
677.1614155
516.8933673
1328.010431
968.776575
1414.341675
2307.766246
1349.872138
1245.891197
1709.673395
248.4306121
240.9924118
229.86704
229.6486556
231.1756999
374.3895509
245.2406763
693.5576163
1260.603715
1040.163811
1555.083076
1465.542954
1848.549253
1042.876172
489.2601501
1674.531635
2451.669273
1388.229705
1040.486785
727.2048459
725.2422608
698.4406652
602.4533062
878.5459767
1271.146162
1242.130638
794.9849094
987.6881663
1322.571541
1122.552131
790.7192783
946.5528578
1043.142086
198.1755767
201.1814114
197.7086662
356.129555
236.3399197
477.374974
1816.376627
1334.018336
534.9321783
1518.751483
932.3095359
1159.351922
924.0731717
195.0892521
1182.505672
859.8256668
896.3557022
894.8934171
1399.422617
2049.752748
1418.313882
1598.733579
1409.712539
984.67604
1482.488732
1541.395305
1501.243567
1084.371376
844.5122953
689.8384928
589.7511298
626.6276708
189.9519459
197.6244572
512.2900806
789.162105
1422.209794
573.2052463
204.8086043
202.3108296
494.2277244
686.5528734
689.550433
366.225323
1179.18385
2745.941801
626.6552689
807.897257
1522.767189
605.7720953
391.4944343
941.4594695
1247.347036
1559.45445
1180.334182
946.4768103
1053.899013
1617.421601
1878.379454
1203.378823
1395.043275
1387.429846
1033.596529
187.6826535
215.2697877
2612.070348
274.2865742
234.6824101
242.2097158
255.5223844
255.6783292
254.2329262
245.789993
381.3718796
380.4641877
617.8428788
1792.911624
834.1624106
986.0804464
1305.835761
1783.655154
673.0670655
1097.370979
1090.216262
1177.490196
742.7361722
1192.110446
826.3170327
1632.897179
1622.325025
1070.139604
1419.179675
1717.521453
1388.425424
302.0220638
262.0922546
714.0428728
266.8618713
250.8452817
261.2718074
231.6037171
389.1732522
603.7937972
403.379046
1297.667394
1151.866541
692.2456053
1531.664767
1369.456831
1959.554985
952.1358817
904.2729285
746.2905342
921.2228494
751.2620866
814.7195579
926.3610456
795.7006472
993.1342448
765.0420928
710.1752554
190.9501398
205.4670291
452.9369534
650.2595008
189.5139561
186.0140772
180.3071332
187.367218
581.6086049
492.5975398
366.4899174
193.4682571
649.4059964
610.1737404
454.4568454
521.4162632
669.6250904
365.7396924
439.8366888
524.9801718
655.0473499
917.4194588
1160.941241
1088.516018
1049.330139
1379.370071
1366.37171
1705.561412
738.185204
244.7013597
230.9031093
182.6701726
165.7786789
175.8168586
556.3804731
2000.108204
390.7416329
236.3325268
795.8990195
670.3903015
233.2975286
174.095969
644.9557824
656.3940595
358.7949208
882.0805643
631.0610564
1095.634504
814.3712758
1132.217817
1133.97664
1088.859872
178.4424244
640.9176085
197.2867647
205.9292005
224.4763931
310.2562206
1043.737436
635.6973746
341.2572421
325.0403647
759.4696332
666.1868022
304.0942537
300.0939439
913.4009746
929.1128646
759.3677866
385.0610845
697.7471539
990.1061165
905.1663012
1075.8422
748.4223167
194.9367786
188.4748371
174.3251936
169.6189297
350.6187461
363.7076911
777.5095712
362.8579149
784.3137171
433.7584162
230.1942057
355.6573886
425.2728916
770.6412742
522.1136749
339.734017
341.8511926
673.06906
222.5208367
571.9118586
621.4786244
373.6862936
1860.120354
511.5551043
711.5117131
721.8908073
578.5932732
1018.746052
216.6526969
204.5387741
204.4066006
195.3870657
199.7123945
210.9028997
204.2193566
1361.408812
9080.651937
6396.689455
8997.378648
9822.211068
8703.960005
7915.19019
10278.36683
8802.276084
9138.803883
9179.578601
7839.821329
8570.565621
6911.47526
7306.173463
10593.03682
6507.383578
8617.383054
10910.97022
5092.359981
5851.533885
6211.947269
4277.563311
3862.270642
2757.077919
3285.363804
3570.805649
3243.686196
3451.768256
4087.172271
5475.340304
3538.166806
4579.20999
4852.050956
3971.018532
3754.511771
3764.238845
214.3936386
217.8886631
1503.364871
4546.444515
223.1127729
832.9238091
7113.168547
4638.242555
3490.087024
7411.55748
7083.886858
8574.824146
8165.021743
8638.269467
7121.553813
8023.424405
8714.40103
7555.648766
7987.925398
9864.21858
7327.273709
10327.05257
8152.306674
8164.038474
5301.925498
5460.637814
5106.577784
3608.393828
3798.51921
3112.360151
2900.458459
4293.910501
2726.493808
4216.186643
4197.5618
3132.378281
3651.139305
3289.432623
3737.193996
2123.281984
2957.824009
2763.509053
3328.756039
253.0491206
245.6684267
3058.027323
420.3093547
682.6797793
239.2603616
1812.356349
5218.925164
5208.319763
6331.66039
8931.94196
5402.370224
5935.968083
7166.224708
6878.597166
7606.922789
7423.740591
8556.699229
7557.110393
8596.503099
7623.119741
9670.526246
6754.678564
5146.398813
9506.534365
7756.70661
5611.743326
5093.506059
4109.91341
4961.451211
4960.484654
5243.529328
2827.305269
3335.648017
3813.189769
2875.289965
3773.037677
2666.760917
2800.758071
3653.632043
3181.441173
2898.159105
3182.843601
250.0990859
226.8808269
272.9370912
417.9336473
492.5470069
1447.098964
6232.618278
2488.525088
6521.957989
10359.64887
9970.255965
10948.92727
9223.435371
6628.339689
6876.502099
7047.140628
9884.069428
8444.671792
8396.39471
7821.552753
7875.178383
9449.276005
7875.387987
5460.23061
6566.467621
5106.112936
6232.073104
3977.149712
3458.896942
2989.828477
3111.067042
3489.208993
5257.505446
3540.141593
2024.906096
2198.85116
2772.434386
2900.721338
3517.654285
2514.573511
1936.189371
2098.74507
2794.631286
169.0738824
180.8991215
227.9484178
437.1902704
1329.963803
938.9118719
1831.478117
1820.8172
2959.159358
7101.392033
6914.065638
6079.918524
8459.886533
7498.306207
6562.097996
7317.583118
7958.202947
5437.622713
5864.864597
6744.215434
8625.791809
6519.588124
6530.50299
8100.631587
6786.144861
5489.596882
6304.685065
4355.368271
3226.075024
2489.244353
3259.477986
2493.967561
2858.282071
4040.444272
2100.665271
2001.535388
1943.170047
2503.490524
3766.61305
2582.509986
2826.066546
2274.09604
1436.15597
250.3315733
260.5625304
261.9881626
253.1044031
3488.630786
2144.360515
4532.839871
2866.527913
5645.237537
10366.88812
6939.631038
6470.230189
6814.731105
8674.170224
7004.979194
9240.91948
4380.473458
6732.642858
6842.542166
6965.14291
5600.80257
5287.06303
5564.209634
5439.851681
5210.837855
4987.34881
3952.796566
3448.950942
3024.405746
3749.769385
4271.725979
5412.285303
2869.959834
2718.03748
2428.143385
2768.719177
2735.324688
2419.775481
3306.405426
2306.175289
2934.009219
2838.669971
208.3888386
230.5043425
238.1024372
258.1232295
2360.709709
3739.040637
867.050708
3877.25094
4552.133529
6985.386954
8967.62642
6824.913199
7716.010916
7936.73079
7268.441661
10522.31285
7186.968914
7283.974024
7744.990225
6446.967045
6180.723876
4512.333316
4660.536537
3123.46199
3854.700526
2899.267817
4682.440614
4045.10969
3180.047518
2380.541686
2709.697594
3488.646415
2880.866473
3321.32873
2564.559846
2648.599349
2585.136581
2844.492055
2539.846783
1785.216073
1629.144908
2033.891106
264.2337219
270.5751559
281.0533433
989.1149881
1482.856854
2280.282647
1271.551197
2752.51729
5842.249869
2099.478919
5299.810629
6855.795343
4763.582805
7165.676446
8415.936917
7913.587235
5615.625203
6537.888349
6946.215771
7682.470614
7581.031502
6272.446942
5573.640551
3690.332319
5251.095906
3633.266508
4315.791498
4585.121862
4107.335244
3205.667289
2324.023684
2968.388077
2914.691319
1977.654463
2594.988708
2376.46988
2310.349512
2086.209508
2317.961382
2757.964803
2507.275071
2598.003804
239.3368412
226.5255726
842.8505867
525.587392
983.5671468
4495.230883
1672.219106
2256.526446
343.9130056
6056.858614
4013.227745
7498.338843
7494.638349
8213.679483
5525.780207
4791.713719
6240.375245
4952.514967
5001.956501
7562.091021
5820.80418
4953.130225
5616.799413
3873.576511
3511.888343
3662.616036
3994.838463
4106.420386
3195.040189
3349.064393
1830.799238
2090.281594
2188.493658
2196.041589
1833.622342
2611.646317
2494.51009
2378.300664
2344.454679
2175.228334
2188.775654
2003.406559
218.8183319
1556.631242
2726.356493
975.5134847
393.1089631
813.4655914
186.7636082
3446.144325
6924.341409
3597.647508
6634.877806
3820.08281
4139.772251
7579.762549
6495.838833
4680.977464
3425.024998
4055.254317
4552.647612
6384.211439
5622.827543
4460.065842
5189.922529
4960.417541
3934.845926
3170.356278
2886.821236
2871.522589
2370.563659
2263.932444
2376.558706
2671.317362
3612.30287
2059.005534
2000.318002
1661.373669
1949.045043
2169.210069
1910.267772
2266.631098
2870.432868
3031.738736
215.3513599
231.9694175
225.3848036
247.6845551
3924.980196
239.2281747
3879.196866
4874.142159
4379.181434
8996.33701
5317.729738
6231.965474
3349.183946
3287.129504
3711.789268
4967.178374
2619.953416
5889.889018
3334.125923
3964.374409
5235.159313
5103.691943
3550.756016
3008.217035
3778.823
3350.383839
2640.350253
2786.505544
2634.49761
2429.761943
2047.150786
2639.509735
2852.931212
2718.870952
2519.633831
1892.839752
1493.346879
2467.199899
2505.098384
1841.908142
1619.904797
260.6675354
2547.363697
255.9564633
252.3946057
237.6418868
551.9253472
576.0374482
2289.185651
5753.052426
3425.553549
5915.565786
5723.61227
3472.237917
2895.913551
2675.07994
5088.781003
4391.214005
4461.77079
4021.468452
4569.788163
4444.953355
4116.894009
3780.50696
3497.939761
3380.407415
4216.841102
3547.159974
2938.18605
2575.034228
2992.078716
2064.94699
1751.858944
1735.819175
1899.083644
1840.126311
2103.339353
2212.407701
3298.082515
2306.946194
2412.049313
2599.274518
215.241991
222.3831831
215.0576214
200.7605802
190.6791539
174.5656273
3630.230683
1921.661463
1608.849589
1930.255183
3053.533461
2188.197174
6016.660105
3660.517505
2710.005532
4740.249186
4398.391739
3002.649328
2392.58133
3898.344659
3852.301173
4028.100377
3502.188754
3836.830378
3435.42078
3414.116556
3844.774788
3175.567408
2666.944616
2757.389623
3290.659129
2218.897656
1903.18572
1794.477645
1654.049284
1485.945954
1435.225822
2094.847993
1656.638041
1741.699244
1758.045179
176.2096592
177.3198411
162.707876
421.6486884
1146.06171
1901.093789
3292.83466
2248.474048
3056.203591
3739.371195
3546.22085
4362.156511
3760.98939
6227.254458
3594.537516
4471.663811
4680.300869
4059.081723
2297.258045
2681.404994
3508.141611
3002.927946
2514.253032
2767.002136
3214.756004
3402.378636
3182.783984
1963.343304
2238.890596
2286.521693
2175.260812
1940.457134
1842.813077
1951.197155
1881.494939
1946.739377
2346.003268
3192.375812
1970.034902
2156.395092
172.7577577
181.4733467
574.6979753
550.3656918
241.3559757
240.9135515
767.1794838
1793.823684
2570.376608
3500.033672
1046.686749
2911.130216
1348.758367
3450.873618
2639.630571
2837.866065
2337.170991
1954.310072
3306.370309
3174.050015
2337.066493
2388.258788
1450.21687
3015.685909
2943.324404
3324.84022
3560.260682
2446.497567
2554.33217
2125.947963
2673.03494
2648.403127
2275.624098
2272.242939
1905.88098
1949.778714
2170.464821
2176.318539
2131.367349
1541.643397
206.8483476
203.1841216
396.5275497
1163.009489
210.593164
2220.569693
1814.962724
2961.342712
981.5266722
1202.292265
1593.163395
1901.487012
1800.196753
2298.573586
3211.251418
2892.596177
3043.90727
2966.012279
3330.815674
1997.016832
2394.597524
1754.891672
1803.899395
3265.012398
2395.136235
2487.104686
3005.224964
2183.847891
1866.854299
2293.835637
1568.300437
2378.136664
2429.556582
2494.250289
2399.562904
2201.251311
1739.506379
1696.994251
1811.848394
229.7234207
228.6272184
1958.957727
2430.150303
200.6805484
556.860624
1867.543205
1637.065275
2504.04035
3451.654585
2087.805137
2940.629142
3822.204845
4953.368605
2866.461552
4214.358233
3486.893936
2126.584412
3438.561787
3435.630109
3191.887812
1617.377826
1493.684867
992.881315
1777.890641
1855.363407
1974.248053
1960.491852
2056.225793
2291.972106
1950.428733
1736.607449
1878.748834
1866.382832
2325.864672
2066.22698
1767.075248
2047.465358
1939.816443
203.7076424
1725.392171
2568.059693
412.3463483
193.2254958
190.1185792
2982.094395
727.042213
230.0390167
2331.09531
4982.622448
412.326007
2544.00479
1701.826917
2038.065558
3615.924023
2086.858059
1238.83096
2211.668982
2043.118868
2991.423218
2354.643891
3096.561307
2472.12237
2134.661559
1198.945201
1145.238558
1617.854745
2935.872555
2963.273047
2505.293264
1971.330436
2139.975099
2255.795408
2092.333136
2189.64504
2483.030041
2418.117454
2053.65456
2731.038335
233.7180524
222.0810216
218.7985543
737.188785
457.1439709
218.5191112
1007.739395
1738.610989
3409.969801
895.7212008
2285.621705
1447.040162
1138.987182
2219.022323
2132.701684
1619.090164
1982.969098
2863.433377
2365.810269
2686.584806
2395.590232
2005.139398
2069.577766
1818.284958
1798.944287
2076.184479
2687.580062
2469.615208
2338.066071
2618.009373
2095.732635
1490.571184
1330.968954
1851.722393
1732.158268
1820.738799
1625.92509
189.5035594
198.2233694
208.7136602
214.6080228
389.392837
586.8173494
186.4036208
904.8627307
1838.598846
3783.832702
1140.994056
1600.370434
608.1643791
682.5031246
970.9425805
1817.452724
1249.80491
2371.232222
2693.039937
2746.674818
2675.299289
2729.42916
1838.25849
2438.621656
1801.316622
1803.750674
1836.615005
2590.090426
2252.137711
2217.232928
2412.686146
1693.926959
1514.5428
1458.200856
1767.80442
1643.666318
1942.112846
237.226512
210.3841727
192.4644069
203.7958005
336.0939736
205.6790368
208.6943781
1530.239768
1522.922551
871.589751
1557.393559
1938.161173
742.2476415
705.6876872
749.0164563
1022.495468
1189.167658
2211.472582
1954.584951
3038.253567
2167.978994
2264.058661
2101.38526
1710.154438
1173.81228
1341.764942
2271.849092
2117.563889
1689.478509
1745.662739
1713.859757
2172.541512
1734.117137
1759.08338
1882.420297
2009.248843
2101.527726
206.6448141
214.614518
212.7103876
837.1277722
681.3450914
218.340561
305.2243102
2036.845764
564.7266169
928.7440165
1344.700228
1187.900872
1627.160591
896.2876822
1483.977776
1043.235974
2430.986073
1669.950022
1022.336931
1350.602606
2470.943963
1821.822096
1100.20595
1255.230371
1339.590873
1220.653974
1423.536464
1618.431843
1705.913007
1976.947021
1751.210742
2501.410438
2047.732295
1743.490071
1918.313636
1709.362818
198.8180812
203.9531023
198.8375653
1071.110359
233.9579462
209.3180724
290.4909837
239.7471359
385.0438909
543.2344484
1134.224281
2081.027653
1417.993746
1103.275943
752.0627335
3873.923186
1809.685362
1226.585559
1254.027266
1280.330055
2343.029048
2893.899286
1214.026752
1117.856197
1232.55217
1326.926456
1234.914919
1494.239961
1237.019835
1390.162686
1445.902132
1738.81519
1598.592379
1463.070756
1297.985542
218.1973153
230.4481407
378.3752868
675.8772392
230.3357984
207.1869898
1767.547039
703.6793478
2069.729945
732.9023975
3024.75368
888.4730982
1197.769681
2149.121898
1059.882195
2231.375716
757.5321068
1928.227948
1362.286555
835.5814929
1436.075731
1509.301397
1563.82727
1554.227838
1336.857516
2039.773043
1546.271248
1390.355438
1674.958185
1137.172255
1186.121156
1478.52947
1456.922202
1711.871454
147.9819819
152.0224715
140.8906686
223.354523
234.3576432
158.0275176
591.1942071
1163.424014
1145.927412
316.2873975
248.4134336
201.4185726
264.156939
419.8334954
1141.277437
2022.597607
1323.40562
925.2366785
1490.585669
1097.587732
1465.176578
2407.697379
2756.951623
2307.321216
1726.129844
2044.929518
2411.188451
2110.445959
2466.240331
1762.833574
1893.332823
2001.278929
1773.46865
1238.871972
207.1157893
205.3936914
202.4591419
199.9001878
447.5795905
196.0405489
178.9175268
1432.713806
317.51106
454.1565482
437.1746767
266.3170822
832.0925806
893.4165726
2926.351045
2053.301281
1563.428239
1456.218419
1722.640473
1394.274193
1558.800949
1130.189052
1068.588877
1137.077073
1420.660597
1297.149627
1182.224124
2080.168368
2591.786104
1953.29051
2275.953245
1961.874521
1550.241087
195.3175406
227.7963691
791.449727
470.1933253
262.1111999
255.2364988
450.5736123
3240.303261
1496.038395
812.1047034
681.384111
1276.019476
972.0876501
485.9792172
2017.240242
829.3417583
1087.327731
550.3538033
447.9934819
911.3892015
2012.626904
2042.883644
1334.225345
1216.354792
1135.178493
1443.450679
796.1021878
1187.061335
777.9919768
787.1122714
1136.59953
1363.920122
202.8033865
231.8570615
236.8253138
243.3455712
248.4297085
252.3570242
511.7046417
514.205174
257.5486167
269.0581588
349.1807814
350.3222821
930.8237597
492.0899649
2973.496051
324.1420887
1019.352799
578.1251454
1127.226758
1504.392668
1029.091119
1481.234121
1379.171901
856.8024751
886.9655501
1208.315829
1273.908112
1404.791344
749.4084102
833.3867625
1004.403092
235.3504184
503.4354108
246.9578659
261.8873931
249.840894
226.2521049
398.9593226
440.4587689
449.4877375
376.8437827
1459.883167
1488.67287
636.7113491
241.0382578
239.6322471
1501.105416
575.2138779
676.9322433
666.603292
824.9627936
1103.543323
1657.25796
1312.770128
723.1389915
981.2501325
653.1974949
607.0864235
1432.978937
1138.72052
1918.428743
1545.741231
541.3397313
343.3944062
340.2284054
238.8512521
237.7944329
277.3869783
328.0516922
350.4846338
962.5946752
352.4722514
880.8813669
302.7382205
618.7599275
712.879811
279.8463595
684.0010531
876.2995201
1407.878165
1731.221536
1514.58182
1664.773487
1136.468398
847.3126325
989.850774
713.1877264
604.6514893
962.7484013
274.2284233
235.0253172
336.4909767
248.2887142
227.0721681
216.4238721
224.8036853
362.7507174
495.4098936
1462.939682
247.5018052
252.8755111
558.9212719
755.5719658
746.3275729
368.6181979
400.4778285
722.2356477
952.8301373
797.561189
1019.300076
1389.191878
937.4102005
841.7717933
606.547303
486.1307769
1209.968765
1396.851639
245.0808748
232.9580197
249.1519339
241.6773603
241.5448066
454.1906219
953.8039251
985.2212701
313.232697
350.9557685
329.0616086
387.9045256
636.4361587
583.8567823
254.9069753
338.5105679
685.8700312
796.8882912
1208.54604
1121.461461
1294.638966
758.5495973
232.5935393
270.8875115
270.673807
318.9831787
248.4755649
249.038123
468.1019577
427.334669
353.097499
284.0096341
343.9549068
397.0499731
295.6837094
299.989802
941.3003578
180.5876912
656.541568
636.8771817
709.1178695
1214.037065
742.6177452
774.5751681
158.7116759
742.0475925
171.0746781
201.6352356
200.8981531
475.8500049
567.7193017
656.7914266
617.8806546
338.0173744
351.9498535
209.5311014
300.39935
418.0551301
1386.565066
1008.206895
215.0521885
240.0841924
258.7482586
568.6912228
1262.721098
581.9530921
317.5772185
423.7474141
209.0290546
200.9558462
227.9390013
235.1233077
257.1073415
3116.935387
3921.308477
4574.144175
9128.600825
9654.411887
4011.260371
7178.625476
8820.471579
7806.951754
8293.598629
8084.544222
5667.184925
8513.26411
6323.941574
5260.317145
8037.806723
6344.297675
7493.125728
5708.302166
5611.464021
5110.975625
3918.932313
4944.217101
4079.695345
4023.623438
3316.346846
3028.471361
3237.735074
2780.108453
3195.607321
5591.8248
3334.362633
1746.987851
2296.500673
2424.052081
2755.248273
2340.250311
193.5797827
183.7154293
192.4121202
203.5608503
1545.826512
5154.348713
2837.996369
1443.491933
6437.119404
5893.216314
5664.158981
6552.051711
7923.047202
8136.102907
6573.761071
5724.338089
6027.248637
7373.623381
9173.622435
6354.69918
6481.481049
5108.58963
5358.693575
5465.66188
5100.999157
4497.364933
4469.28984
4613.416984
3761.805705
3434.189685
2927.708411
2229.638563
3176.392409
4266.112361
2304.49693
3907.446946
4714.687753
2143.957223
1779.020535
2029.594866
3485.900052
2312.816369
213.0783204
220.3791893
224.6900557
217.6299908
4426.604587
194.1178249
1232.447134
1698.513725
4157.474791
8254.826227
6815.584504
8315.086098
5644.140137
7125.296654
6657.656524
5116.091422
6586.869905
6956.745221
8001.33373
6585.007299
7077.298172
5723.184395
7124.958559
6328.810271
4881.557977
5872.866129
3969.957003
4439.899292
3071.680815
2857.187895
3186.609126
3003.084151
2293.387239
2443.843116
2826.657356
2636.803139
4599.53123
3270.526871
3483.291661
3241.219544
2450.306727
2891.212984
1321.516234
1449.207148
215.2212521
201.7365385
191.8021918
258.8573802
281.0772796
9419.91738
9193.135013
7795.613551
9060.190445
8637.415397
6612.369892
7982.552947
8327.751877
8881.812428
8721.839973
7123.783676
6383.347489
7010.461713
6831.351516
5589.017373
5426.497213
5140.500796
4540.085638
5324.972525
6936.229579
3697.653431
3411.10725
3746.206383
3173.564905
2798.602176
2511.613205
2275.106062
3001.209023
2532.831523
2474.951648
3345.779384
2696.598458
2358.471911
2003.623625
2408.784065
2598.84246
250.3699232
243.7575589
517.5543379
1157.698869
2528.572451
3681.253106
3632.490395
6471.632448
6765.618415
3651.641323
9133.753637
5982.282362
5597.00182
7172.245344
8394.585719
6554.503914
7573.223676
6743.927946
6797.13213
5807.756401
7292.718522
5901.263723
5945.019921
4783.078678
4986.949622
3548.105373
3658.115975
3230.588394
2564.492686
2646.03753
2842.393757
2836.797652
2769.728085
4235.215209
2182.390221
2189.48131
2373.533741
2715.697391
2888.684756
2830.279033
2779.012221
224.0031677
211.1278634
205.9955631
210.1527754
1840.422886
803.9962484
3751.710064
4467.627201
4448.539887
7352.059735
2059.34412
6522.697306
5519.792805
5153.57098
6177.55711
5950.475107
5771.648145
6601.706896
4795.174749
5962.887365
5554.163049
5785.83753
5937.873219
5072.915737
5604.250676
4242.722717
4124.808041
4437.355483
4297.925866
3040.26153
2543.728296
2418.357705
2665.849902
2779.88602
3395.763767
2769.109404
2375.966202
2167.359366
2536.347874
1885.430038
1679.652973
2091.28358
226.2933874
218.3085431
210.8262786
193.8501485
2711.433805
1874.962983
206.7953233
990.9723883
3819.339411
6745.278822
6236.619454
9105.457242
6078.815099
6374.459452
7148.869978
9386.921119
6116.069921
6465.922231
8045.296168
5794.818556
5047.751402
5124.77023
4135.422738
3808.412998
4270.532906
4280.079504
3916.606774
4638.501218
3202.458726
2937.400619
3088.29249
4147.516547
2360.712822
2172.347632
2494.584402
2650.674624
2548.457311
2645.83922
1761.110798
3432.165103
1411.898879
1545.9875
234.819288
228.0061717
232.6091443
241.6657731
1700.378394
677.7909162
1103.194126
3045.49618
2917.715136
4876.743852
4452.155724
4044.668052
4906.035771
6818.606482
8110.297901
7038.389765
6188.087088
4782.259449
6677.320855
4990.162162
6002.144485
5428.258015
4385.000934
4114.392545
3815.834909
3508.43981
2896.632238
2635.389072
3589.377041
3317.641428
3222.509181
2858.145479
2385.740766
2438.294592
2725.558504
2451.000043
2515.294436
2382.447374
2974.535528
3103.364784
3458.083546
2121.543669
188.6087482
205.1736149
1467.001075
523.8937621
1047.166859
1234.882828
968.2895467
5262.090715
1313.615745
1081.497341
2577.323575
2139.722361
5237.136927
5434.914303
4113.475466
6363.166198
5657.512672
5799.847802
6081.017983
5789.321306
6329.798101
3396.094289
3895.073198
4261.196953
4264.332322
3057.63595
2905.368678
3597.519914
3233.359205
2454.604727
3062.315617
3063.760546
2513.050953
2392.500523
2434.376788
1916.765588
2390.279795
2575.039977
2680.49977
2710.483117
2370.970368
2495.276287
211.3556731
794.4043131
219.8087923
236.3601646
4316.505618
953.4695793
4891.133546
3387.829341
3736.245169
5659.982069
2757.577688
1776.429138
4764.685218
5160.284735
5005.314424
3787.081755
2920.731057
3593.736983
3694.080383
4991.874504
4250.26259
4025.426146
4164.167099
3639.163263
3611.017362
3970.359546
3293.483048
3186.922151
3041.364738
3185.547424
3077.168284
3095.706793
2866.582906
2378.957476
2381.22739
2005.944251
1787.874936
1412.101932
1807.13377
1842.242623
1592.219748
247.2143397
668.3541229
1580.895751
255.5332135
1529.52633
434.119957
4887.650148
2805.509469
3544.737085
6170.838946
2804.929587
2449.266234
3097.933711
4092.025435
3449.649398
4509.563785
2918.768669
2463.541094
4320.43984
4944.393926
4830.808039
5235.920904
4950.02345
4022.253252
3773.62019
2969.51446
3075.510884
2376.499184
2558.557172
2782.734547
2977.329119
2506.410616
2909.624009
1719.073614
2143.395276
2613.640011
3043.610156
2195.065674
1914.194787
2435.859928
2268.778981
213.1904886
224.3260461
200.1969587
186.4007163
187.2636404
194.6022193
450.2758045
1119.882927
1021.819152
7922.363345
6284.260785
3635.022925
4226.326612
3315.976809
3923.908239
4118.997311
5965.889889
3721.321754
4006.946989
2907.377279
4022.613845
3251.124689
4728.279017
4753.403543
4087.590118
2821.749844
2487.909651
3140.645476
2466.722461
2273.322031
1999.311521
2467.234932
2382.775076
2433.507026
2459.932729
2073.969425
2160.235342
1970.358766
2159.416584
2080.635834
2120.360483
2374.406871
236.9635241
390.4999333
224.0934718
225.9365785
1978.373641
710.8258849
5399.53159
2230.466734
1692.901541
6629.110649
4287.353707
3936.929835
2572.854229
3191.159087
3967.762415
2545.361797
2277.647532
1715.585922
3121.082679
3571.775209
3187.712604
3774.314091
2889.895437
2916.124758
2335.873355
2482.947713
3219.225315
2443.695648
2110.210742
2878.429626
2200.870844
1682.255192
1678.69724
1953.123234
1811.350895
2164.322689
3067.585973
2132.152474
2102.304812
469.4854446
195.1305177
367.4358339
898.3620964
222.6163906
222.8432268
420.4769237
5947.561378
1258.952367
3420.513387
2590.69887
3758.567875
2993.903783
3795.491919
4359.019725
3897.862069
4882.684518
3302.721797
3541.248615
2768.983
3038.982222
4062.486965
3814.677296
2678.893738
2935.273454
3130.658393
2429.956581
1831.256811
1379.352877
1569.347865
2390.195787
2927.531325
2792.715567
2181.523265
2011.340997
2050.971291
1820.469627
2586.306483
2694.299338
1412.001255
198.8098962
216.5624533
225.4044688
240.8996765
228.8938351
645.1993578
2148.073095
3106.684357
1820.792809
1726.78325
2009.980061
1031.624691
1505.021261
2446.392192
5620.821028
1718.939608
2814.764806
3417.698424
3259.522867
2333.259817
3062.160725
3182.624405
4384.91074
2456.950099
2511.595066
2909.439734
2815.708244
2634.599613
2003.017133
2155.93196
2091.508326
2275.612907
2675.930814
2182.636857
1911.463853
2061.967291
1818.701131
1678.766329
2375.345756
2315.879367
229.0945529
225.3866933
226.7906763
1432.098213
753.2981814
1931.31468
1213.501905
2246.151308
1802.736734
2450.499545
1835.646248
424.693876
466.9775215
713.0476192
3049.735544
2055.435544
2047.710384
3392.785311
3152.038274
4033.521516
3191.347903
2284.174712
2705.047959
1757.852403
2628.636519
3010.188701
2882.564809
2543.982345
2457.955604
2110.416605
2085.180855
1726.57214
1965.535571
1870.540678
2144.625693
2466.396307
2510.430732
2033.479897
1544.933621
196.9770816
179.6642817
189.9838434
949.0150995
454.7648983
698.0421043
586.0109907
2221.07098
2685.144071
4049.278889
2054.61648
2899.061461
2526.631687
1713.638817
2097.538338
2400.384955
3351.680267
2520.126025
4169.484999
3507.794551
4652.201927
2308.703053
1326.610137
1964.011558
2497.640817
2315.112248
3327.340311
3471.631429
2803.753359
2468.711652
2358.397099
2088.48689
2086.970359
2609.442089
2178.396771
2347.969994
2420.260494
2198.42533
1981.21078
226.8682427
229.9116202
442.1182694
1116.743783
807.6008036
639.016784
235.1454416
1575.513427
3561.574032
3635.397293
944.6699902
1436.315265
4403.970815
1883.766159
1880.79523
2543.604684
3114.921124
1867.927365
3838.120454
1567.017038
1764.174041
1550.924598
1565.318858
1510.523232
826.1347956
1598.649968
1342.91577
1226.229963
1653.528021
1799.144226
1406.781617
1322.017902
1715.70191
1598.386367
1551.740878
2326.739572
2035.311132
1751.460375
190.1179212
209.9636607
236.4632053
1147.801735
402.8309767
262.5978154
209.5597565
970.2258123
915.702165
5060.430488
1654.77937
879.2118983
1480.109959
1752.088765
2499.189636
1610.673172
2248.803797
1698.422344
2457.864106
3998.518679
2512.957666
2066.172855
2740.670099
2972.324443
2173.483064
1680.265147
1451.441411
1689.452024
1987.657571
2298.856655
1872.487465
1722.08188
1773.254641
2034.328023
2011.193291
1638.596561
1848.792841
2463.351137
173.1204904
199.1704307
195.6126731
1327.321011
303.6577196
543.5415579
412.6678005
251.4473305
2975.184084
2236.748682
1040.234273
1580.781174
1162.852938
1240.496736
1839.902122
1091.174155
1693.554867
2202.19661
1425.653475
3626.056532
1521.827369
2360.87124
1702.91248
1578.257632
1534.619277
1448.426463
1339.092758
2138.079636
2401.708119
1972.597555
1714.924227
1821.186309
1793.340778
1794.055031
1812.464786
1559.585564
1667.839189
243.5967356
254.9808694
384.2533308
887.6143639
226.4885887
229.0304632
232.7494352
1810.39254
1158.330552
310.5329747
288.677272
504.7226333
870.818231
1084.311617
870.2034934
1876.264098
2376.63387
2007.343577
2129.276975
3006.612718
2476.361786
3162.507136
2694.157939
2498.695488
2155.805152
2212.59105
2747.214671
2607.265215
1959.397662
2289.795894
2344.203736
2703.008746
2207.474763
1933.569087
2215.11163
1802.083956
194.479415
211.1203193
205.739288
192.5884809
200.7364613
190.5645117
188.7849639
4308.477061
1032.48008
526.8121351
813.4315841
661.6257063
555.3062024
1183.430381
1381.457992
2046.005129
1719.965784
2312.312271
3288.865127
3191.787397
1893.92496
1289.333012
2163.732343
2061.183302
1637.619231
1317.192392
1214.152516
1988.153509
2211.813512
2029.591886
2253.357422
1859.114485
2041.499981
2222.978836
2018.97724
2627.954985
198.0794605
210.3941667
211.0992575
208.4647725
201.596617
198.1770727
1735.493959
860.4678969
309.3382853
1244.511489
1108.082615
842.1495622
1487.400087
1994.70092
850.4420176
1558.158994
2595.238676
2856.865902
1188.203016
1188.263963
1544.564237
1552.036521
1575.093866
1650.144975
1541.83269
1144.133193
1302.311424
1828.077441
1494.714078
1093.025687
1195.236654
1919.103516
2084.512704
1544.907656
1665.717686
214.6711525
216.4756767
212.2613455
194.6534132
199.5441653
1599.15753
624.3033564
889.193457
438.6644456
309.5712057
1840.921752
3064.131358
3429.309936
2266.154063
1110.467287
2711.141011
2269.942753
1687.605429
1826.212887
725.7908262
1118.857929
1240.558947
1048.301726
1687.606555
1432.233593
1085.551839
788.0814699
1401.454224
2082.641735
1346.909881
1138.374233
1216.109949
1520.945332
1412.739989
266.9103356
230.7516605
250.2951829
258.3407412
235.1847221
787.1573015
412.2259189
773.87615
485.3399406
378.9776907
267.247893
1657.620162
2629.051459
2717.394252
1232.6784
1477.538086
1269.473418
1588.187981
1173.676777
760.3828549
700.7576136
925.4286624
1348.512775
2152.471258
1702.276913
1243.445551
1116.817946
1485.874779
1867.797395
1687.540561
1527.364667
2003.854149
1668.781771
207.5941255
213.2743168
196.9303782
237.0485729
581.2236192
451.1249689
273.5881656
2089.944322
219.9378909
278.3816467
521.4596447
519.1799419
394.7043736
745.993425
1565.014907
780.7124419
1465.533094
2101.861415
966.8698984
687.2070889
841.7783706
1959.757841
2541.29015
2795.954855
2148.330851
1836.697721
1991.758109
2059.282668
2142.876401
2079.081316
1411.866845
2165.061798
239.4319602
240.2941305
215.4156858
206.5908851
806.8917801
215.3589841
538.4399867
850.0716421
187.7500864
194.1478449
187.193948
838.3219432
553.4815199
987.1752933
1437.568265
950.2743253
654.7442048
1735.485304
1327.354653
681.9831198
527.2475521
651.4920888
1649.419432
1013.779599
689.8789804
913.2967336
1073.574516
1560.753869
1394.15338
1222.512481
1303.838699
249.8828559
235.6032362
240.3323081
446.2924585
816.9547722
264.8421921
1536.529095
505.9431133
321.7038757
316.9682016
869.9410224
313.147358
376.1739578
707.4215051
2928.907243
1643.904325
962.5408384
1527.191261
751.6493446
1934.137079
1877.460634
1991.263524
1267.068073
620.6644427
638.3575391
1048.174306
957.3469609
1362.61024
1521.28439
869.4549523
189.5885722
189.2157031
208.151904
217.0905051
229.0460522
241.8841362
355.3409135
388.5492433
248.4948956
223.3648707
475.6659016
815.9149969
1105.870564
2410.577255
1200.491808
703.4713291
1614.07585
1126.863487
1022.729314
759.702621
969.8692048
1269.378073
794.2075865
543.7347142
428.9832715
686.4404905
943.4522314
662.0094437
1293.490803
256.39317
252.3341472
254.7660158
257.8568365
255.8965545
242.5352273
224.9499116
233.559239
262.9546036
739.6965295
1460.136176
738.1924875
1660.569125
1825.410355
1265.452637
1066.768924
1465.578236
898.1975348
735.1185809
1163.112958
1415.308017
1552.000431
1028.093685
551.1068095
760.9131818
1015.508195
912.5057484
218.2189938
200.2567984
196.1595689
191.5561921
314.159425
333.7346784
299.4995565
233.3929802
270.6146678
1021.063127
588.183954
322.5434227
809.2686013
482.6279476
682.1229244
1130.226164
1522.704076
456.0198793
712.8749618
1406.914075
1096.951095
1333.553753
2244.512266
1670.255885
634.8967403
956.8515333
203.1666218
200.7460462
622.268325
217.1010301
244.2148432
313.5421348
195.4119437
204.3390776
1009.444239
1214.956669
464.0418071
348.6634619
354.8188178
521.4288414
231.1854189
693.5545833
787.64399
584.5224119
608.9668103
866.915853
452.2589487
1023.019195
1401.088013
736.0916449
214.1278599
224.9306445
259.4872782
265.0947721
260.645492
245.9275631
1779.066827
499.1386764
1683.06353
322.7267908
219.433918
584.7920285
289.025781
442.436077
1193.239641
583.0623079
695.1668475
827.3273209
933.3505678
482.0262565
206.9736183
208.6170943
224.8077814
209.400969
1689.522227
520.6647839
701.7302134
582.2979468
386.8563519
337.5489894
276.9248512
1334.671175
496.4341862
248.3778019
245.3494488
241.5532111
230.9415756
999.5798705
3315.974113
1988.020216
4255.291792
3060.822179
6792.63172
3566.762886
5027.414834
6687.852465
8544.674949
6056.61032
4363.971314
6352.342375
7462.677898
8392.227855
6203.801746
5799.336437
6013.655544
6930.867384
5320.45227
4566.617835
4463.468251
3885.745183
3435.468942
3635.411036
3506.202423
3912.076205
2946.995021
2543.239662
2517.610954
2679.177321
2545.533573
2087.992687
1749.456892
1673.198664
1822.780334
1997.438672
1985.449392
232.1776649
241.3301312
250.1484565
266.2483094
4230.335025
269.684233
916.1555089
4526.654224
8089.726723
7897.742099
4899.249268
5610.338017
3923.683289
5766.2046
6240.752763
5835.396973
6216.457808
6428.10741
6630.08512
7312.25407
6915.032335
5276.902103
5125.262597
5215.41949
5442.575222
4398.786075
3994.580955
4006.755296
3498.799578
3139.9391
3757.820025
4205.254746
3406.60218
2501.818653
1968.531521
1719.058366
5878.63617
3721.710471
2445.905879
2428.528286
3714.577861
3842.211064
198.1630171
203.528357
200.5917553
3028.914765
1560.846609
223.9648764
251.8240056
1122.390583
2599.370809
4568.397496
5811.233397
7563.039424
4727.146291
2446.30921
7161.226923
5551.257077
6307.8687
6805.763082
5757.491676
6459.88982
5225.274422
5992.123485
5113.625599
4898.536731
4831.719402
4959.519806
3930.987925
3479.753023
2959.445607
2818.610115
2392.761419
2521.268691
2608.612042
2882.09089
2745.384057
2389.827274
1974.662638
1674.720485
2113.265976
1860.535566
2322.484035
2579.183444
179.619559
186.909927
193.2530886
206.4405647
213.5399773
297.518602
2416.377069
6222.940944
4893.704226
6811.849101
5375.632814
3490.957899
5626.905681
5411.045066
5953.581979
6112.011611
6117.912514
6090.660199
6325.990089
6343.895686
5829.709585
6001.640124
5399.256433
5080.894496
4272.039201
4201.799803
4315.087034
4917.344347
3214.637546
3236.71916
3164.950168
2881.95029
2580.963588
3012.808976
2251.555148
3019.963223
2196.156003
2080.437505
1936.952797
2099.451722
1728.403791
1471.930225
2464.686509
229.040475
204.0940074
211.842244
375.3176618
1857.606617
1438.144367
1977.737944
4589.77404
6134.688528
4276.727882
6127.45684
3430.316937
6785.722947
6909.468772
8402.477457
6984.59987
6905.884312
6540.589425
4586.012808
6210.42885
5147.544088
6303.203178
5937.274221
4849.946522
3689.45851
4642.532417
4927.099825
3508.489308
2965.532251
3330.26653
3167.719277
3163.469397
2817.590804
2668.593544
2485.68662
1955.041549
1797.223155
1701.376072
1816.897937
1545.227563
2245.459928
217.5690935
215.4538784
221.737669
203.2494614
249.8648626
523.2186461
3794.509695
742.4598053
5905.129703
7142.16875
1876.184286
5435.339159
5217.040928
3975.518025
5637.750324
4388.774997
4530.585457
5218.271377
5487.987891
3686.198389
5031.771972
4269.484174
4330.810569
5411.410599
4092.653371
4022.690238
3549.051498
3992.908843
4783.191307
3985.526683
3002.738827
2529.042067
2452.877933
2638.244809
2800.35532
4060.104906
2549.047048
2516.845037
2598.378381
2265.380061
1552.134519
1668.423635
230.1732636
209.7366279
218.9317825
233.2882202
250.8376093
264.672859
824.7307924
1142.014163
511.5189644
4864.502751
2633.69763
5397.329153
6435.177796
5900.495089
4549.541602
4915.760828
5775.488594
4645.90059
5662.232955
4181.082346
3239.105423
4685.76593
5231.788265
5294.450866
5477.838596
4547.391562
4235.971583
3271.937808
3411.163671
3843.159453
3483.945361
2617.769946
3047.756415
2578.988104
2676.64126
2573.953957
2124.185426
1865.176269
3839.377532
2307.828887
2466.44401
2412.896873
200.7258414
202.764937
214.2422989
1848.187013
204.2352277
360.744504
1396.007077
551.8771623
2295.476955
5594.117028
4629.465312
3662.245882
3434.843308
5866.42587
5218.993105
5824.335219
3210.592579
4380.241293
5480.124963
4239.412201
6116.536851
5573.094771
4244.383128
5266.254902
5545.810621
4030.521156
3661.622097
2971.154804
3278.478863
2543.805835
3086.163003
3073.312701
2683.059454
2311.026724
2070.307023
1745.15299
1597.998963
1379.602967
2007.523449
2440.092819
1675.622128
207.5508744
202.6176534
292.7956316
2392.094852
975.0544584
397.2600214
6452.305399
3583.950897
2162.426626
1121.490966
2771.513964
4036.113207
3684.898078
3868.636543
2907.207218
4339.203555
4011.704189
3823.606811
4738.183767
5494.817545
4355.290254
4665.769158
4402.353496
4168.022242
4781.911387
4614.480866
5090.401823
4234.827607
3839.329456
3461.068588
2739.343051
3108.587487
3384.173909
2730.797536
2298.980453
1919.76137
2386.143843
2357.650484
2085.487291
1745.876949
2019.918488
211.2581865
217.8124619
225.2862155
209.9587007
798.0236606
2009.448328
705.0823105
2883.285465
3093.615972
3400.59283
2443.250022
2387.402676
2507.411372
3516.411819
5644.352504
4311.38253
2916.344081
4444.580236
5040.9182
6652.091412
5447.51714
4507.034114
3359.78207
4431.52682
3815.906494
3069.924982
3303.087016
3480.711326
3588.256855
3143.714615
2179.342096
2140.422487
2305.435059
2903.208021
2433.047872
1868.522246
1812.897245
1865.343558
1647.742421
1575.997461
1405.70741
196.1755594
212.2834652
375.5736375
233.9422209
1676.369957
5017.868158
3589.546319
2358.892344
2925.754249
7714.862209
3954.229341
1592.225385
4463.396061
3217.510148
3562.354261
2952.034354
3177.134014
2944.56127
3648.126448
6678.98814
5071.22664
4185.983919
5081.698853
4576.465974
3840.053411
3222.335127
3162.494217
3593.109212
2917.753888
3068.956572
3228.157774
2874.743902
3145.908268
1942.785837
2604.567943
2949.063226
2203.806007
2254.546262
2164.301621
1557.214257
1532.98559
212.6852079
858.8222702
442.9028892
1539.927536
196.1818343
1211.035821
660.87697
1379.859399
3383.014925
2151.747836
5247.623704
1526.775266
2587.05618
5687.610372
3706.070154
4447.988885
3457.290781
3335.207999
3319.398107
3359.147391
4060.634016
3656.961281
3945.61474
3997.449195
4272.690837
2590.471034
1793.34167
2117.186804
2185.656442
2731.20047
2370.056179
2962.499557
2472.61879
2630.665746
2251.410536
2424.10253
2336.74238
1905.968406
1899.924811
2161.917716
200.3784117
193.4152664
660.8548638
781.5131531
234.6980633
2034.483623
1198.861548
318.4097067
1461.821487
3061.08718
3564.078819
2030.855467
2598.883044
3872.045881
3597.036807
3088.574974
4429.001173
2681.902076
2569.710336
2114.607729
2455.286977
3195.647037
2201.585651
4621.400029
3418.171779
2765.469087
2340.975914
2380.922076
2670.76057
2482.605428
1887.489737
2523.814004
2796.850563
2418.117822
2299.099408
2210.029749
1919.590299
2464.242772
2284.367607
1822.63836
4770.294546
238.5154455
213.9687175
989.0299791
449.0602419
214.6135392
670.9434762
1265.880982
2276.054609
2092.587631
575.5283788
2201.578095
1734.524266
1604.854846
2425.651755
3129.254724
3673.34261
2542.244968
2159.995106
2266.573297
3191.763075
2326.5792
3245.446456
3232.541051
3827.103607
2875.51961
2685.933545
3543.25904
3413.386134
2766.803772
1643.449229
1609.757497
1932.119526
2401.637591
2408.911582
1639.508351
1719.234958
1431.503502
1210.130208
1340.997719
233.1775832
225.2598526
1702.136161
219.6753754
435.6845535
668.1774713
3057.006699
244.5565874
2349.888781
249.1528634
1241.154955
2770.310345
2268.094023
3033.775779
1825.635785
1373.145774
2973.888034
2564.404818
2110.748399
2261.854139
2760.301097
2777.570551
3023.199755
2412.761676
3234.218543
2180.363719
2128.902244
2596.066246
2179.218375
1845.725623
1912.426007
2155.465459
2092.542265
2128.598205
1862.275213
1549.154909
2107.922316
2609.271969
2232.278706
209.9897264
197.6014729
1182.624751
674.7847494
336.82413
1473.511224
2524.947613
1759.510635
455.9477021
186.9161933
193.0733031
632.6998104
2424.254522
987.2035531
1697.604396
2661.468734
2454.538251
1982.612104
1720.3012
1308.826691
1759.482538
2060.273598
1682.473806
1905.876633
2069.80671
2419.45168
1946.137423
1843.529564
1440.423283
1778.353934
1839.447744
1807.038408
1572.589398
1416.0958
1464.528324
1429.599481
1695.902532
1542.163843
2104.020281
186.2131172
201.2192439
1695.982802
200.3547347
1847.044595
1156.513121
2782.848994
686.671213
252.2361447
290.2930863
600.1432415
320.6778809
624.8784369
347.6652544
2138.283271
2367.599362
2505.771663
1728.438971
1161.963912
2163.838304
2091.416125
1072.028957
2152.810146
2015.146186
3092.773274
1971.083058
1845.87028
2391.916818
2422.96768
2157.192064
2461.420785
2141.150458
2058.243562
2032.203903
2372.95752
1938.355614
1892.848496
2054.470864
229.4083194
241.7557332
713.4235615
301.5749802
300.771558
1167.88782
338.3312319
1277.351503
908.8088634
1052.97537
2114.393337
2214.812872
1669.84795
1191.69178
2659.220166
2072.26559
2605.662755
2571.014776
2993.387195
1902.239044
1745.428577
2307.32998
1777.207767
1656.800267
1655.953664
2336.579714
2730.608495
2473.447543
2114.464366
1691.913116
1635.691995
2424.80509
2039.914599
1423.096224
1063.789848
1779.427711
2496.923566
1953.01578
192.4943182
206.4420877
211.5696414
205.2871478
210.8256282
219.8983966
854.8282855
1747.672186
614.3748271
752.6361161
2273.523889
4729.852061
2821.605499
3193.578159
1319.548003
2113.377177
3820.786833
3389.589773
3973.022775
2699.097162
2830.254851
2488.975338
2181.82703
3672.684716
2975.727355
2763.769588
1857.166973
2009.381848
2023.257277
1914.748567
2285.610627
2233.134888
2207.620147
2094.351142
1886.080843
1841.825222
2232.609973
241.4904081
217.483578
213.9450499
227.1211717
236.7007661
228.5074218
325.9533171
1546.215484
245.5087308
558.9638639
436.8152393
1452.301077
1758.891571
1516.830956
2755.587627
1646.245992
2292.826412
817.4669246
2286.307578
2939.170999
2289.898251
1073.534389
2054.851715
2630.552476
2513.86433
2349.300975
2610.586917
1827.958769
1568.401918
1937.592027
1637.012586
1652.346676
1626.333675
1459.100718
1851.798047
1775.436445
1831.294721
212.793574
218.072779
200.5037494
518.0129416
546.4577013
276.8781162
415.5078993
848.4765238
4805.927684
342.1993084
459.5282513
548.9507702
869.3319897
1640.367962
1862.3225
1167.09466
1468.085759
377.1177612
953.8370396
3713.033358
2074.436699
2560.053224
1975.652581
1921.762851
1613.719763
1744.459973
2235.584432
1485.053617
2140.530246
2231.528337
1744.098642
1610.461469
1650.090034
1664.84259
1548.915364
1382.411461
236.6821029
213.8109071
265.4391244
299.4704023
265.4132654
257.4110737
253.1045071
3244.388698
795.0964046
327.34608
705.4709623
657.4576229
186.8485646
807.8548118
937.088264
1561.806402
1253.225415
634.3919936
2822.877723
3357.957462
2433.377567
1947.143909
1391.682269
1928.260411
936.4295529
862.0278898
944.4517815
1414.601724
1629.593776
1628.540899
1941.741503
1974.403991
1405.848594
1369.229499
1465.407294
191.019514
195.1443968
197.2239747
217.7538816
232.4797924
234.0003843
791.3690821
228.4869818
759.6977262
526.5838038
750.4830654
820.7857408
682.0775387
2761.942155
2445.428866
2567.574788
3687.515215
3379.304323
3361.296565
1668.231607
940.9447149
1360.806611
967.744423
1007.733181
1270.679844
1109.898314
939.3726202
1704.292617
1737.192607
2072.543494
1952.053203
1996.60132
2081.714092
1179.373817
220.6950639
219.2136846
216.7987878
230.0871353
229.5157106
246.2731679
257.8510179
313.8303801
1081.498571
981.5343752
886.7450102
1532.942362
684.6774766
1759.121045
964.6797742
726.4955387
1413.971421
2192.1215
1037.05623
1278.20612
1152.418679
1590.267045
1338.556793
525.5506076
606.8105128
1303.394883
1044.589051
838.9848061
1168.657386
1707.112294
1256.872954
1401.939228
2070.748638
2065.725061
273.846502
233.5589319
204.1209875
177.6143909
169.3388592
1388.255321
173.2525449
1141.832258
763.9021414
641.0933229
2607.28833
1560.064858
1896.821217
2940.853029
441.7076735
1301.590896
2381.252346
1173.42987
975.5976613
886.6465156
1142.508141
1917.748259
1034.083623
728.7968214
1295.627559
1867.832536
987.9573335
1117.013221
1699.707001
1709.765184
1263.242014
1301.394123
1441.407559
202.9065687
184.2425659
753.9921879
186.8242637
372.2365489
162.3411425
182.7499547
691.3213257
502.4605716
197.6009173
506.9871253
1791.222087
676.3677179
713.7451197
360.6739992
1089.208652
1244.353154
1510.691045
1254.824307
639.0431383
805.1035601
1531.680502
1287.090616
1340.732875
1903.388861
1803.712664
1956.421316
1476.801961
1304.280827
1675.379532
1639.535288
1616.482955
250.0375491
248.1337946
262.7989948
277.7790453
273.3443843
251.7277723
1749.109438
235.9042178
226.9684543
489.6912557
1255.133466
345.3208548
1077.519104
561.0030445
647.799581
1358.421357
1331.253822
1007.718556
909.1643256
843.8760745
702.1585067
1025.753878
1251.948764
2144.550586
2702.127529
2095.644048
1216.447723
1161.689542
925.0047748
813.1398653
923.7269269
209.7781186
199.4258012
226.2268537
487.3383591
1514.265096
1571.134104
235.7791125
337.8342426
761.5259553
957.3848639
595.2178108
1257.55901
337.9156567
924.9355877
1290.1863
838.7333595
1450.954319
1637.836645
876.529788
247.2858575
416.2079221
943.8964667
1418.572964
1800.14841
992.7990002
580.9685321
1022.656048
1673.040637
1246.819492
152.9562836
162.3671846
331.6865053
165.7486898
1050.923448
177.8167569
199.2559782
318.0809455
375.7261958
337.9556641
1429.885822
1189.281247
979.8456163
2488.102092
1404.90616
791.0051917
656.1133732
478.8556677
625.20317
857.9189314
601.52233
572.1244058
764.5058135
1645.871016
894.3892259
450.6153447
744.556226
1329.361335
213.7882283
191.2876178
180.7983985
180.53276
885.0165489
329.5367422
248.5749817
252.5819895
210.7680477
217.07866
1887.244055
667.1110937
211.4895532
623.668248
1295.498213
2085.627718
481.0018193
415.5729256
408.0478504
496.2216259
602.8120203
779.8704527
877.1003007
1750.519992
1170.57531
764.1932848
999.1473873
227.2479347
230.978538
273.7816543
866.0029588
290.6796539
279.6187572
261.0993398
246.7979084
232.0148094
2069.273367
479.3286061
238.9611081
209.2337143
381.7146135
1024.833165
1156.777545
1633.197858
951.0851909
456.5968828
972.9386028
510.8635944
798.2452046
1369.650124
1249.809215
807.4362478
272.40673
250.6405058
279.7835317
301.3280808
273.3509798
312.50352
249.4540405
682.239357
270.1001059
576.7535233
408.952414
887.8963827
256.829074
548.5797225
856.3852436
700.826487
390.2427139
667.4110194
788.213011
742.8919723
782.938276
1211.046597
918.3022615
248.0269527
249.9822187
249.4193994
245.5072715
770.711866
310.2506764
327.255466
533.5565165
855.0696289
862.0235402
808.9174231
676.4132924
478.6190707
561.4794431
696.7802809
831.9571513
601.0113315
511.8918184
214.5594395
496.9099615
312.6296742
296.4613193
1358.457546
423.1936202
453.3441745
852.3243193
201.3555823
246.8429874
235.0507591
241.3039235
404.5636021
265.7418445
396.9924997
248.7947364
3664.058709
4794.475383
3905.803262
3835.934182
5054.968411
3136.091792
7311.044547
4805.233099
2929.042403
3561.77316
4052.140465
6125.564124
5428.33589
4718.413364
3868.737477
4961.440088
5470.802783
5294.775109
4932.418719
3891.489787
3307.443961
3324.829296
4169.505965
3040.741524
2959.314209
2620.076555
2587.437359
2541.832021
2762.116594
2806.303975
3110.520429
2038.673042
1774.862918
2370.465033
2711.956054
198.5125194
178.2059872
776.3507022
732.3943845
187.4186734
1513.091647
184.4098479
3624.236241
4858.003301
6719.711742
5010.193074
6581.78389
2813.694499
5715.646023
4122.449958
5479.620436
4972.078145
4295.101333
4461.016035
5341.714615
6527.332604
4694.947975
5213.724811
5901.65431
4649.607121
4991.431042
3973.6597
4452.845047
3859.906795
3055.543878
2879.266392
3090.977142
3211.728385
2617.07801
2483.357863
2384.63606
4793.892165
2416.083225
2496.244315
2567.009716
2268.386212
2464.138871
153.2472987
170.3133978
146.8647543
5766.854031
183.1668357
193.1471017
210.9372138
2292.236995
2291.282189
8317.059819
1360.363832
4040.782369
2017.351078
6038.069458
2335.382589
3727.476249
4861.720774
6376.029612
5598.486616
5660.373378
4449.468098
5072.663251
3508.055198
3603.186911
4157.497898
4648.12927
4257.893613
3983.873598
3812.467246
2827.143315
2963.212104
3010.595314
3308.005779
3083.609033
2518.872966
2010.610606
2834.193158
2526.099323
1887.354253
1857.486215
1896.325933
1970.170165
171.0585767
173.3550277
187.4698346
189.6585141
185.1542859
194.4174641
3784.168683
4292.451767
1383.682399
3497.165058
3849.666907
5064.527988
5501.352441
4117.646317
4260.138176
4453.689522
5400.36738
5744.275421
5500.494304
8017.156362
4882.031578
6422.923077
4561.134165
4842.748633
4403.907775
4459.889782
4005.499876
3476.67963
2746.094089
3251.220879
3642.612284
3523.297222
2996.283993
2583.196138
2799.39212
2115.83247
2152.729035
2172.508622
2404.630559
2323.575528
2036.011685
1988.87063
199.8986725
210.5938641
217.8942972
1097.945107
830.3847471
1709.416871
3386.147991
2230.629569
796.6911854
3718.550403
1387.626
5445.286332
4279.571864
2764.319716
5851.559695
6865.352089
5532.126209
7173.49191
5526.645701
4974.009591
6788.794434
4431.237737
5305.510433
4856.212475
3703.812884
4028.721979
2644.679454
2204.673355
1891.550941
2379.889058
2640.1165
2936.326422
2778.157232
2190.550505
2346.599965
2087.017453
1940.051839
1685.266344
1835.386523
2685.440408
2904.078717
229.4533554
230.6672591
224.3631215
1013.492276
248.809337
407.1571558
3214.843898
6181.00387
1186.170982
2230.701544
3623.849042
4241.259979
4200.261184
6528.13874
7991.885285
4844.828705
7152.310404
6211.438339
4948.286172
4914.794161
5095.49743
3558.075146
3714.257652
5184.715546
4339.017513
4054.40112
3403.525559
2762.502311
2810.721416
2341.728268
2804.292928
3037.882755
2910.573754
2109.170595
1855.570308
2370.071306
2205.631294
1945.137491
1734.455426
1399.106804
1561.133763
194.1800384
173.4865766
184.1812124
180.3010944
956.9063677
212.446071
263.3961255
247.6247246
2096.825943
278.6469529
3272.585835
3349.546245
3609.48134
5359.094893
4282.204708
4200.816073
4957.004979
4195.995894
5043.78328
4010.582916
4662.137116
3656.145426
4633.770507
4353.301193
4075.314534
3320.610111
3317.637397
3555.901957
3452.205931
3872.548138
2547.181368
2119.676094
2674.454156
2877.18293
2460.985538
2421.318111
1887.11078
3767.968967
2351.033413
2023.307866
2533.629872
211.743351
217.0846851
203.119933
182.5509046
4369.833821
211.1567775
866.9414163
1684.787959
6502.747056
1390.558271
5514.141445
2765.894131
4922.502491
2568.391804
4492.92411
4568.488692
3444.460497
2971.256445
3169.099889
4010.324146
3242.862052
5027.365865
6025.024229
4227.425359
4837.265748
4043.752978
3359.469153
2681.44264
3142.441652
2626.835321
2672.44005
2853.289668
2836.321763
2607.019084
2777.6481
3550.274302
3011.955809
2286.169423
1775.614698
1300.459484
2241.231702
203.3487986
223.8786341
222.4783481
212.9741712
319.4225995
1387.063306
5289.533822
2256.007508
5302.637202
904.7388996
1416.36393
2024.189394
3604.789463
3270.139885
2811.251086
3274.83953
3099.715429
3267.143292
2146.993703
2547.769038
4657.991782
3107.789514
4198.139728
3842.318159
3236.010963
4143.697288
3466.916145
2942.299455
2985.584311
3125.56418
3388.820127
2449.533496
2463.914549
2865.935641
3121.167826
2265.194195
2699.992816
2713.115468
2207.336021
2244.645827
1915.409799
236.3808554
218.6714893
2413.128027
187.4415569
1048.504028
2040.715879
946.5538673
1797.702322
332.6149415
1940.70907
2891.680229
2840.329782
2378.099177
2952.395544
2767.098008
1789.018669
2809.775629
4675.323557
4552.067968
3598.369406
3771.364939
3569.374635
4964.632566
3090.717475
3885.987984
3543.470005
3663.10506
3051.954254
2794.072252
3148.428296
3175.893669
2135.658354
2469.950725
2780.428078
2212.114474
1669.048462
1958.722559
2715.802744
2172.941071
2185.220507
215.1060324
171.3365902
1959.941044
179.5871183
4078.371972
1122.224671
1835.018284
2359.845865
3112.810393
2419.362363
2866.182925
2842.167784
3313.519608
1817.490356
2350.566054
3979.471604
2228.498691
3328.471222
3780.67965
4541.048765
4177.279833
3915.464457
2892.122321
3356.38113
3898.048761
3687.306065
2274.827387
3096.922486
2409.128067
2245.55621
2170.859837
4111.533557
2446.793215
2036.709222
2153.041788
2281.934423
2083.232469
1798.649059
2819.290936
2155.633671
213.4813162
204.8330094
200.6580763
219.5936037
657.6683134
2872.367453
2778.817113
1522.405547
3237.654774
1886.489098
2127.818061
2521.950563
1348.712294
3229.220823
3359.043263
4527.71861
2866.978855
2645.908746
4428.347274
3755.791986
1807.258344
3805.915208
3540.073572
2540.139734
3280.62948
3672.289738
2836.827659
2804.432163
3037.742232
2909.587214
3095.568625
2453.818897
2766.135218
2397.514927
2081.688329
2272.250472
2146.508035
1928.315431
1698.489408
1944.086323
226.9178729
230.1989256
223.9299122
217.5215856
191.698069
495.6289783
595.0886967
2388.060477
4501.10932
1430.399643
1087.921597
836.0947338
3181.220704
3637.693291
3283.619384
2925.584171
3118.272552
3515.541221
3363.675924
3000.956594
3032.207417
3400.352028
2633.522004
2295.613463
2918.518227
3015.504714
2503.521215
2867.33216
2404.573664
2744.716317
2017.316936
2077.672965
2615.137498
2752.568309
2515.86577
2142.38643
1794.963256
2142.464254
2004.331151
207.4833974
206.0677797
194.9828394
185.4848328
199.0007549
184.8942777
189.119521
1720.115424
223.1306422
636.6084359
1780.398451
1488.134352
2195.650474
2606.705281
5286.459476
1674.433343
3332.145741
2711.335133
3247.037475
2883.253687
2165.192263
1742.867029
3278.723718
3181.45968
3598.3938
3157.395848
1996.630225
2306.126006
2341.251531
2967.453883
2411.88728
2071.732865
1764.498985
1882.649143
2409.450912
2313.593803
2126.199562
1994.960171
1884.56785
226.1360697
231.1443277
294.2630808
420.5434917
450.2103177
293.321604
221.9755692
651.9325535
995.3260696
445.7299566
325.3851073
1534.006276
1441.423346
665.8827205
1845.418738
2961.39986
1506.314528
2425.976271
1846.593173
3306.826086
2249.798752
2289.038497
1758.200233
1618.045957
2078.102968
2922.763634
2738.782295
2494.747412
2634.096393
2342.280608
2395.639539
1866.709415
1778.945517
1526.705957
1885.821501
1876.562054
2003.573804
1838.317615
1855.666165
190.5679387
203.2131549
204.1434025
200.4544533
192.5012868
476.4591987
552.3912717
2362.28181
1083.929153
1151.139533
483.0713249
1837.588625
2508.1172
1655.70757
1559.383306
1944.923312
1898.746727
2200.379244
2083.058254
3158.612525
1460.902546
1694.39911
2137.522096
2001.317936
1950.037025
2386.830012
1936.520894
2705.923407
2348.715576
2773.356997
2575.154202
1849.083372
1989.755382
2049.701244
2027.098731
1805.545093
2207.665722
2241.238101
249.8890872
248.1006915
239.3122823
252.1157624
1304.384012
246.8821951
748.4510225
1916.211351
291.8871805
666.8772731
3755.891656
1227.335619
1566.472503
884.8535789
1463.023454
3898.509985
3095.789537
3003.803118
2037.065895
1909.646699
3694.406699
2188.034034
1684.353842
2210.781604
1854.772754
2084.721132
2049.299173
1955.9505
2389.255816
2282.137945
1731.561052
2127.286873
1616.017227
2093.877165
1961.400112
2114.86787
1856.059979
1527.43614
246.0423329
244.2392311
269.2335041
2035.01215
1953.172296
639.1581095
313.4413853
334.7413968
1437.006246
4839.366505
1226.679935
599.1243045
1006.488116
1005.319925
2666.308437
3208.249666
1289.366462
1362.947302
1303.223767
1794.461902
1215.115065
1533.117582
1131.14745
1498.574818
3044.631831
2295.802864
1341.584963
2022.121698
2387.848338
2431.392817
1539.702902
1496.603178
1514.879481
1788.755913
2163.297818
1478.786548
1848.874773
255.1117675
241.2581957
218.7145769
982.2229415
345.1759423
1504.682097
232.9921595
227.1100046
224.9875959
2910.086749
1086.673209
4010.809241
723.1106355
331.4901257
384.8704487
1855.295078
1081.723053
1058.082525
3792.047902
1822.619651
2111.549715
1760.750381
2294.621726
1309.058321
1376.026722
1208.606209
1570.841674
1775.881569
1528.332737
1687.621464
1750.197987
1886.469868
1855.838484
1648.460361
1329.180096
1813.976442
2610.764454
210.0198839
191.5188082
730.8976271
544.4866646
1029.19059
767.2905692
213.5238421
223.4209882
495.2620252
2089.439223
2004.870947
588.6751741
2411.381184
1781.326422
321.3688432
2681.407165
1577.594325
816.3130489
2338.821765
2723.012229
2867.925958
1344.807549
1107.624752
1351.327296
1406.525975
1482.071388
978.3658734
1373.178097
2319.527815
1864.803534
1167.477088
1327.296492
1592.046607
1426.373012
1260.179107
1124.674652
266.8425504
259.0213753
261.7832972
236.40724
699.0437039
238.9986678
971.1701925
1160.285462
2642.863405
2020.976162
328.5729744
326.4074554
1760.833861
1569.375396
1592.1861
2874.694203
1414.51996
591.394534
608.9917225
1017.214764
1465.836827
601.8724982
1381.93013
1325.899385
1039.943527
1639.996817
1752.88022
1467.707683
2052.833285
1927.921492
1098.407384
1272.030941
1155.729821
832.745372
1508.444485
193.5015967
197.3122451
215.0815202
234.4320367
299.14398
319.1332996
483.2132704
295.5483788
1821.890587
780.7679833
605.5952814
619.5694263
408.9660769
1301.94963
1372.499301
2098.16838
2712.184583
1975.579542
1224.085334
1131.559656
2479.100613
2273.495619
837.6472375
1146.946243
1245.985883
1616.715891
1604.772853
1759.431456
1492.612759
1540.24625
1701.866287
1305.74949
1568.148476
1256.83591
1442.179133
227.6035619
223.2111686
317.5599283
234.0116176
165.6400745
172.0081527
1466.290024
452.0567667
2043.653481
412.9061753
784.8150365
1036.479716
602.2575936
284.6693161
1116.222428
447.8789116
914.7755691
999.2191791
1743.080033
2108.249658
2799.547036
1779.898653
913.5028943
1749.444006
1469.66401
1158.83947
1599.734327
1578.978504
1470.38985
1616.004861
2547.33372
1734.440578
1761.230032
1652.303638
265.901854
247.1450308
263.6212219
256.819303
270.3231519
675.565887
703.1558775
270.693931
275.6044615
686.5989092
700.9825431
855.9193951
744.8893983
575.434388
1774.376617
1055.609655
1784.426075
1349.288653
2318.665486
1613.300708
1209.111196
1376.982615
1483.304794
1766.136157
1606.5081
946.5324351
1534.177725
1586.33373
1883.194715
2508.865537
2419.280485
2089.177077
2176.627772
218.907417
220.7286041
220.6592356
210.1496379
195.2679947
210.203192
221.246018
234.3219735
256.1141493
1000.830347
946.5749574
472.7684082
434.9040367
1061.953162
1305.077911
1260.879082
2120.305624
1169.348621
1216.646136
1234.323083
1200.052888
1573.654097
1456.197877
1448.739129
1035.813302
1042.475432
1083.11958
873.0572558
1481.061488
1940.360615
1363.13034
1282.973315
186.0138756
674.1800723
268.4004431
208.1247671
205.9558387
194.9541159
209.5062449
375.7548964
552.9865077
986.0913453
1130.440043
958.2239694
2036.017314
1609.552882
1597.943612
2368.855717
993.4163146
950.8937984
751.5535441
1096.193116
1081.999225
913.4647136
1112.325627
1565.20779
1278.640648
1436.753649
2697.37014
2530.141049
1200.969167
1238.908794
1965.319894
439.9738673
1040.403678
766.1695865
207.9292713
201.030162
363.8212366
430.0388638
328.3902816
450.3437193
2246.332821
1031.108295
808.4697603
689.0672915
700.0010436
1127.05235
1160.578852
1237.846521
983.169447
558.6146197
923.8967871
1260.458496
1765.041287
1235.476028
1406.724608
549.5897567
540.2648098
1528.250919
1782.739725
1163.297698
1278.748079
210.9297823
324.833188
256.4542455
267.700529
666.11291
214.9147036
238.6868747
263.8422025
1264.529208
2180.374693
970.0123373
504.5514345
441.2119202
703.5216657
865.7346951
750.9645222
766.9475862
936.6565746
948.9730896
533.4318971
556.723967
893.3634269
700.4139183
962.8592413
866.6975746
804.7978548
694.8443793
1469.757277
1425.682721
168.550977
170.9941534
396.2071762
1727.638832
972.1073125
288.9629556
279.3297154
1243.736374
1493.459359
327.2470934
1155.073506
457.5426799
1036.940146
505.599625
477.1536076
514.9047158
1011.989591
890.0493417
676.4776039
690.2789265
661.9979184
1049.453458
931.0215962
1012.466683
950.1568251
832.771084
1181.3404
195.0056833
201.9022909
725.8570961
461.545228
255.1086097
233.4893353
258.5210537
1702.640125
1255.61354
1214.62958
545.9589085
323.2856695
390.2194892
406.5285135
608.4312039
496.3401916
476.7241566
661.4516041
496.1374828
819.7378491
771.1449101
858.0235607
988.5142099
850.0910935
1013.059581
1165.341603
199.5410649
200.8540433
247.7087817
357.6296034
266.6535169
238.5815167
1212.115373
1032.43588
743.0845834
550.7436255
288.3461283
1027.600988
753.4473611
318.4383649
561.7219092
546.4611502
1202.490179
527.6367261
326.8912575
518.2850687
728.4498809
772.8758879
761.3041582
1008.341225
223.2655966
239.4044102
376.2215336
353.1775388
282.0898173
1033.210868
522.1746294
1249.825733
542.0531347
282.1644631
768.2939146
977.9823126
575.4337967
798.5257763
1469.270688
1462.736548
527.3262136
215.9162396
231.1485814
290.5390328
435.1106409
228.2602364
198.9798874
184.3737875
1191.638106
243.9668495
313.7804914
191.9406742
198.1312151
1139.857633
440.2283465
358.136776
638.0154658
942.2977173
883.5627355
676.2409349
178.8270208
2186.557196
1426.088165
694.161442
2637.502846
356.3836367
3724.41631
2002.231606
3141.556529
2837.649639
7668.757962
3851.988033
3835.998085
5096.40472
4170.970457
3215.804977
3951.200326
3556.321687
5493.367546
3746.420997
5300.678654
4166.682364
3996.311748
4585.049974
4571.114241
3833.541098
3383.292107
2916.75674
3224.836947
3789.873882
3419.209617
3201.626063
3023.085686
2574.073483
2289.637564
2112.012169
2459.433791
2350.432349
2431.270938
2428.564479
2233.213749
194.3539555
3266.366292
198.2976847
625.1603018
218.3638211
224.6943116
267.3073905
3762.330803
4954.609737
3815.160523
4937.837961
3860.585293
4433.595129
2745.830073
4278.682016
3137.721115
3816.946129
3372.224837
4131.065985
4194.088724
4627.947193
4056.013591
4571.622866
3520.481541
3792.017955
4265.403249
3681.004504
3381.568377
3642.268639
2968.32571
2590.407421
2598.637739
2550.442409
1891.720142
1969.054222
2420.971328
3661.724908
2323.837329
2233.902442
1853.419456
1356.132226
223.5766385
398.5947502
1370.723708
199.7016583
203.3108695
202.1671062
908.870045
5823.228161
2716.825837
1357.085452
2941.538737
3743.449076
6788.251039
5984.47327
1815.11593
3702.753274
5042.192112
4492.287249
4599.847069
4498.373689
4485.133183
5000.806133
4331.069612
5032.901103
4068.393999
4122.5235
3751.246677
4514.050522
3453.059397
3254.908185
2241.181988
3044.179932
2793.106485
2491.964027
2262.565971
2900.146908
4906.039768
3254.158073
2355.302325
2155.478234
2442.390458
196.7293879
198.5673327
424.9527584
177.8753322
176.1447835
2669.531244
2029.177961
1601.805929
1619.155147
3327.872972
3482.162657
2497.746835
1862.802802
3422.677593
4573.817364
5796.002802
6352.962283
5711.322234
7383.062086
4674.301736
4911.447121
4003.216538
4549.589091
4035.090371
4124.698359
3346.536851
3098.0881
3148.247075
3483.877851
3150.675257
2963.919927
2394.393091
2434.495953
3078.610034
3016.187669
2715.938161
2162.608853
2524.714813
2758.018514
2033.743223
1957.447128
182.5021067
170.5026873
4258.88486
188.4117296
174.9741623
996.5472136
900.5440436
1522.080976
1635.235598
1818.45344
3758.460532
4530.273276
5043.994401
2720.097341
5414.46807
4288.781239
4541.488036
4730.983561
5935.146159
3745.726981
5048.234491
5274.691654
4431.177671
5002.838203
4609.317349
4525.542079
3397.342368
2802.843549
3883.474742
3619.873743
3185.834717
3187.70941
2605.866971
2638.933283
2326.186511
1931.929451
1844.090958
2444.942272
2064.085958
2912.392124
2061.038034
249.5480091
240.5351442
242.0200374
1857.219188
1695.046953
1942.52064
1401.682892
569.1822729
443.5147568
1089.090239
1110.479109
1922.798366
2755.387356
4730.752317
5413.161859
3036.184176
3024.543944
3687.525772
4497.563979
3486.20717
3570.940471
3542.481223
2787.323634
2908.058637
4205.40122
4289.950291
4187.299471
2896.968711
2545.086305
2457.964146
2442.355372
2468.921369
2404.591653
2258.116302
2315.337551
2088.857646
1901.003378
1728.50559
1662.910771
1647.607368
1674.105171
188.1146609
188.3325491
192.5286333
2516.486676
233.4149191
242.7157877
475.0073065
856.6204629
361.5117479
360.0799248
3592.807974
4483.015196
2396.90032
3595.973955
4609.422087
3311.784618
5263.021617
5596.750443
5351.378708
4358.702143
5575.422974
4767.191929
3485.359866
4981.977542
4537.943049
4013.895666
4674.0419
4249.277251
2767.392995
2982.621986
3318.087621
3037.525781
3202.011725
3343.356644
3571.15344
2744.714232
2695.607876
2295.726251
3358.860754
2144.785606
1716.52344
213.7822881
201.1519924
3510.03043
1243.781777
1357.220247
280.184624
463.3232757
1200.624489
1379.204386
3109.183299
2288.613802
4301.304815
4590.558303
4557.400978
1100.174921
2799.133912
3108.037004
3438.451603
4660.893514
3648.490618
4794.126808
3450.642399
3375.219792
5416.807206
3489.322166
4587.621989
4091.647893
4144.645617
3125.693735
2736.781485
2664.310227
2711.496403
2161.155497
2324.521337
3035.211653
2930.733558
2355.05098
3003.456248
2321.818443
1953.122223
240.2526534
237.8051791
224.7097599
219.8763209
692.07374
2759.537909
949.1097228
719.7330112
1132.991789
3103.284136
2789.670137
2288.944523
2103.746305
2877.307109
5293.193197
4599.910632
3388.979686
3853.283261
3818.101067
4218.623727
3148.794748
5495.844154
3818.801214
3740.321779
5013.178605
4565.62692
3432.979737
3972.142583
3492.101541
3026.661223
3345.565634
2944.340682
2650.124614
2802.938784
3082.325428
2140.911364
1949.002251
2680.484408
2495.505004
2500.807484
254.6043181
257.0031679
270.3545011
1922.947252
261.7711086
3053.04949
3900.965398
1127.134984
470.4652639
1379.826094
2743.049575
2577.195726
1605.494592
2700.017528
2809.12662
2219.978353
3611.705526
3320.140789
3011.123327
3364.149243
4193.833186
4112.355058
4297.601286
3151.814972
2678.468884
3582.383442
3999.902507
2998.230867
3182.896698
2944.203914
3083.480658
2705.983464
2543.182049
2391.353517
2092.744796
2525.167099
2255.454326
2062.875328
1558.366509
1752.442694
257.2681792
227.8360964
779.417733
379.0420567
1223.263774
478.2758782
1777.927584
248.3572333
274.2749368
1130.239819
3851.567415
1322.520846
2267.947348
2575.380464
2135.748811
2352.896429
1327.704834
3556.961715
2609.494234
2891.225404
3564.717734
3439.029949
2529.620909
3021.073909
3100.558125
3442.830855
2449.378418
3526.084284
3434.033377
2388.821601
3367.94641
3675.460601
2289.417384
2528.948036
2761.791542
2131.28273
2081.852429
2174.63099
1826.34073
1398.070686
171.5514793
1975.561179
168.1760008
220.2969394
1257.906414
1406.613038
1031.280602
3566.706663
1181.006769
1387.981044
1134.620427
3744.009435
2649.10895
2590.296262
2977.175249
2208.94301
1743.1166
2431.142471
2696.981033
4238.618025
2445.636725
3012.662757
1807.995983
2648.351419
2460.970884
2232.714095
2354.442977
2158.758169
2364.206077
2434.177031
3128.887991
2837.383317
2789.909793
1971.675109
1476.638579
1840.60905
2082.484219
2185.984675
2104.295161
225.104719
1185.186203
209.6145571
200.1975634
2544.329759
2689.278879
1532.787608
852.2158851
195.3235601
1811.884425
2012.530136
1766.584649
852.6320397
2641.842186
3259.59188
2943.137432
1665.084049
2337.881254
2471.195923
3177.422842
2669.152999
3847.315808
3144.258074
1974.475267
2452.921367
2707.546265
3001.06081
2539.163032
2038.679014
2372.399662
2772.515045
2003.328443
2030.32343
2780.360863
1916.524345
1959.463096
1686.284115
1625.16109
2127.380399
174.4872434
171.1411748
181.1787142
194.7918832
209.2622993
214.9725122
513.1806778
2846.908665
2196.13548
1167.554218
1320.249723
964.3360044
1318.337527
2524.057766
2730.169254
2947.895265
1641.837633
1725.476594
3609.191262
2715.922071
2513.701823
2791.741497
2156.002635
2929.405633
2660.919147
2439.663203
3005.086935
2675.419131
2554.258548
2601.041577
2479.227236
2416.04499
1938.456085
1966.109118
2292.874287
2053.41296
2146.273868
1996.359566
1953.049536
226.6673058
209.51926
191.1586482
170.9460542
299.5406016
319.1423838
1271.717148
3034.037577
367.3693841
1051.619345
1096.345684
2520.762259
2292.411566
1464.138469
3020.255378
1736.053899
1832.167916
2303.278755
2725.7282
4318.418784
4036.958443
2279.447164
2191.644509
2761.571218
1755.060417
1887.733569
2099.274174
2160.943048
1940.141801
2785.136543
2433.894466
2139.188112
2250.120898
1978.730775
1815.860088
1838.933855
1753.103063
1616.277825
210.7042799
203.2119425
197.1191029
304.8690624
374.2345946
178.5623309
173.3923185
999.756308
822.4862907
1498.249571
1463.261234
430.482146
575.5762697
4283.391575
2760.378036
2539.939894
1976.606075
1726.803562
1927.724997
2558.046834
2689.471756
2933.035008
2413.49179
2174.184233
1728.693251
1485.820067
2349.531271
2518.377635
2593.128936
2201.195799
2404.555858
2378.263987
1989.423437
2363.761545
2448.663713
1632.649469
1111.418788
1247.337277
214.9284633
229.5477045
223.6982904
256.8332494
599.5241611
332.1871546
1191.266581
207.3881197
934.6649556
4192.951703
1112.09668
904.0766428
273.1508709
307.8005506
847.0571697
2253.391485
2729.855392
1683.110967
2263.729419
1810.898908
1882.715969
1951.303253
2020.055539
1874.420091
1084.052882
1485.339333
1671.092527
1543.75877
1938.856606
1994.596517
2580.211387
2717.752216
2297.619655
2064.607851
1950.402054
1922.153019
1938.663881
202.6365522
222.5489181
217.7593733
1100.783197
216.0980206
479.3792988
1578.797644
670.2723012
713.7111174
2515.177231
1617.568138
2754.122783
1346.018531
505.5218645
1264.633066
837.8405284
1350.796413
1440.822329
1769.062448
1965.206159
3155.014925
1971.66904
1772.461085
1702.629415
1095.577814
2414.562774
1982.683355
1549.093824
1444.512617
2071.570275
2280.795921
1545.237667
1568.507692
1927.745117
2016.389645
2143.03547
1956.390928
211.835101
243.6094211
2197.72655
251.4344003
298.0170939
353.8990835
450.0868489
425.2004942
2920.091012
388.5250381
839.0609602
1196.843887
1403.022086
1347.948289
3490.895617
908.2782054
806.0663342
992.0957549
2242.880901
1988.020665
1041.097248
546.7447063
1321.616046
1817.569106
1667.078936
1804.213339
1739.364009
1594.804606
1710.095203
1580.358842
1928.050404
1671.645537
1580.307255
1777.071779
2338.135877
1968.246259
254.1143472
249.5464922
333.1470325
301.0714058
550.5889127
524.7005244
320.3872154
344.8150226
256.9786499
274.4842798
954.8045531
636.0057411
1224.600164
2377.667596
1404.483645
1129.220435
448.0338341
1135.784742
1747.900728
2545.638614
2476.111209
1253.414286
1530.588749
1865.201561
1171.594178
877.762054
1143.559458
1312.11818
1420.026052
1432.355598
1369.522579
1753.093504
1565.576204
1251.645821
1553.960047
206.8008955
205.8415039
281.0275484
722.7886351
816.2348041
221.3748747
223.5531103
224.2441871
345.2079945
801.3763866
2150.114797
362.5308883
1785.41281
671.8609126
1356.580213
1277.69934
656.9758194
1003.876468
1446.099634
923.5656323
2425.302457
2075.888876
1875.298458
1397.739843
1518.464292
1808.222012
791.4150585
999.2649964
1168.221225
2094.869497
2083.365174
1601.767136
1728.966017
2289.863721
2074.080752
207.3491351
215.165514
219.8016792
506.800661
621.5991752
440.508053
490.339827
246.0368081
597.8372591
3001.820574
1680.940717
216.9700389
1990.194105
1525.464888
1512.62577
1853.981285
927.0899806
952.3438657
1340.051986
538.120698
780.6695161
1373.808881
1299.544152
1610.844283
1272.940848
1277.940831
894.4499553
776.7867646
1321.241613
1690.547784
1704.437908
891.7744467
692.0347574
917.6176182
251.4574892
232.6859446
301.9463805
502.4624118
733.653509
271.0041114
260.9253303
173.9856414
353.7221102
167.4783198
346.6394909
888.5709109
898.7084313
1099.993971
1735.881422
783.7933373
1141.855084
243.0234429
1114.814932
1418.506056
1416.398672
805.838678
663.4802409
1170.782
1961.210166
1749.92944
1985.908792
2030.83589
2064.504072
1983.518793
1426.782072
1453.73144
1549.229004
246.4373092
320.1213288
561.0360074
389.7614363
758.0995472
1281.772939
206.9743173
1255.045663
685.9215617
202.2722839
218.812252
234.6701756
394.784062
2321.300471
761.2892231
1413.199505
1925.065317
870.8890134
821.5698237
1166.751275
1803.931023
800.4499079
684.0442414
1561.090295
1480.506202
1764.895821
1591.705359
1428.114775
1279.71034
1331.634753
1539.603022
1677.999108
267.7847437
247.7767098
239.6990473
246.5069509
1705.907852
408.2005779
320.6103022
216.8917
216.8707022
277.1606486
513.8096679
567.1194242
1518.581625
852.9990944
940.0730981
1039.184663
1421.499337
1336.592072
576.7589583
685.5617029
1248.071963
1183.284084
907.6353686
1510.340883
1298.213953
871.6475955
763.4788113
533.8633629
1205.399342
2017.34918
1776.139051
185.5702123
181.7300183
180.925238
183.4793302
184.3005605
263.4567566
200.6880709
198.1847923
461.9645463
1057.047389
740.1065455
305.6114273
488.1371021
660.8172221
1913.759286
2102.305757
1045.556335
496.3211918
835.4373536
1390.090293
850.6745835
634.5258165
760.2359943
547.6491646
1019.487179
1396.984339
1433.365153
1275.540477
1322.645712
1505.346078
197.2731364
224.5269788
216.8407411
231.4109442
220.3688967
203.8954585
209.7999598
216.8330619
562.7516954
1043.527311
455.9226442
853.4273977
498.5803278
629.5530734
1731.295736
838.1455938
908.109622
2031.135152
912.0361005
795.6202294
794.2635557
918.0833748
1253.882963
1221.055982
1239.840788
1045.432221
985.9975288
1122.504762
1108.144493
889.6854615
1017.154991
729.7466742
182.7990756
187.8484732
190.4713245
532.2479229
189.3946398
540.1773882
1284.585193
1115.86499
870.2218337
399.9396827
389.7863021
539.6185693
1005.969568
1160.4294
1373.167594
937.1704774
1142.252619
837.8922131
913.7296066
1184.640424
1090.155452
1165.125198
1470.944915
843.0285061
1346.588357
1626.590753
239.9619657
241.3072308
258.0164005
480.2931653
1169.797504
1632.566075
613.9278742
832.9540326
245.6376644
260.0856493
235.1317568
413.5567989
451.4109907
416.2923341
686.8435595
1115.658962
913.2402373
1168.197355
399.179138
812.1325572
1321.698449
1226.749141
1060.764057
1550.538881
1653.560086
232.4298062
223.1665108
479.1338203
344.2998566
346.6778223
1115.303337
252.0100467
202.5823477
207.4706271
206.2041897
213.2751211
236.6051095
228.3432966
322.5930805
333.8403724
330.096472
333.0511115
173.6804128
912.2146383
864.9320401
576.8698007
584.6583299
953.7518583
1157.387563
892.4578971
256.0374467
217.867252
215.3336442
226.8482201
621.4349451
721.1633806
215.0692976
1211.666032
204.3471921
246.2576631
282.684783
302.0232782
328.2663823
800.5614239
1053.887595
485.6990583
310.8150934
1180.026893
1369.523966
515.5346893
492.8774972
686.7352667
822.9579908
257.915359
207.378212
1102.591537
820.1188642
1004.47079
1292.341192
417.3631137
736.4277915
1137.689819
347.9803993
439.0688798
551.6852979
834.4034376
1500.989136
956.3348109
532.2762858
861.0560929
463.4684794
342.0989514
714.2091082
1589.935952
558.3570006
195.1143163
205.9849544
188.0353419
270.1209811
762.5466051
1239.038528
236.092116
198.6188616
177.2782742
178.7457631
338.5428344
2080.485171
942.6533871
437.6983062
2381.580582
272.2311218
5093.076366
2407.265027
2154.191872
3172.033386
2036.52864
4780.125485
4253.074381
3781.470697
3886.311065
4422.400868
4684.950666
5570.799435
3789.30145
2844.360852
3778.055085
4545.677987
3635.303013
3644.181667
3199.0655
3062.341773
2717.903309
2847.570944
2332.241909
2296.87176
2649.149848
2347.36446
2183.579619
2016.118242
1957.806423
1547.137312
1991.197104
213.6208902
206.7300639
192.2505683
177.3473636
497.4038468
989.0708848
221.3006427
182.4419393
3112.706937
4708.495573
3117.723982
6527.33751
4511.155656
4457.218662
6413.295103
4168.64683
2755.103473
4024.349418
3657.525168
4262.883242
4775.915715
4747.572179
4690.315519
5120.172626
4795.009676
4134.007178
3216.524868
3243.307635
3171.926072
2762.607424
3429.678413
2262.800426
3084.096907
3384.892101
2693.969665
2908.939399
3644.547091
1799.216966
1689.682611
2277.975171
2235.288788
213.5842554
218.3406963
227.2318977
225.3124584
218.1006833
210.1845412
204.780697
769.5044404
672.1516734
621.9176906
2607.417784
1726.246165
3821.420233
4492.576677
2047.218203
2625.819666
2532.283266
3247.116939
4656.137718
5011.707917
3738.086449
4969.463928
5262.165574
5337.69295
3624.171967
3188.779677
3659.057862
3516.457634
2939.801872
3645.22665
3814.279222
2939.983291
3018.998743
2871.261895
3007.923324
2193.801977
2087.203936
1977.695696
2259.860328
2072.426431
2144.570563
258.6550889
223.9186303
216.5267696
199.6234419
185.2798172
188.8772063
2179.486182
4102.958039
3832.992284
2977.050857
2502.92447
3080.912377
4860.614067
1363.671309
3889.366261
4167.051975
5666.245638
6166.762703
6901.665905
5248.228409
3889.197201
4187.059581
4126.116205
4462.315075
5034.894534
4711.974162
4695.314956
4399.746261
3372.40417
2841.667758
2340.067752
2701.045164
2496.259561
2368.90384
2339.908634
2504.020852
2491.412632
1919.206042
1709.000221
1728.488602
1802.697053
190.450766
428.2359617
200.0341216
3209.996987
537.190742
308.3153539
704.6591585
1092.866126
2736.629851
3582.434268
3989.868009
3677.681117
3654.363687
4209.487357
6389.446857
4861.879132
5276.794334
3929.551767
4618.065783
4124.04656
3592.371627
2690.718248
4276.508331
3982.746789
4059.49432
4640.327923
3338.661016
3551.764942
3166.97462
2633.482057
2317.861501
2210.160113
1931.699924
1948.279698
2138.993421
2220.993499
2148.34048
2031.494426
2380.120086
2545.940376
228.5925325
3681.424625
1359.00518
941.0943707
744.6328343
487.7725155
591.6867879
820.8329312
234.5898601
982.012263
2163.837627
2065.091138
2282.926979
3924.982387
3705.534047
4408.39914
3015.901917
3693.420576
4629.516286
3217.056941
4749.3062
3663.523049
2709.959625
4341.506637
4286.458192
3606.606593
4022.959406
4176.941765
3649.154543
3319.710516
3033.559186
3030.193563
2477.361787
1690.490248
1717.212208
1526.125739
1599.966804
1941.480138
1913.204753
1658.676347
182.7626152
194.3095203
2450.369363
1170.376251
189.6183251
1124.087491
262.7298154
1127.464587
1921.770543
1368.125638
2507.972474
4858.529305
2011.386758
5964.764623
3817.946225
4099.664481
4495.705995
4039.051858
5220.694719
4281.637684
5170.424776
3363.80032
2902.453353
3177.6084
3202.9207
3509.496985
2957.399297
2282.576565
2974.82985
2512.600821
2458.873413
2789.320892
3018.676307
2817.108756
2451.775896
2001.53786
2375.602769
2844.917699
2346.313651
2416.311597
207.8772189
210.171938
1561.502523
521.0459679
1103.935186
196.4582598
202.3808512
2412.578375
857.8336547
1298.166759
2752.44492
1818.459228
1826.046452
4403.182553
3865.379036
2334.746284
4552.962658
3675.932942
3895.948817
4085.565183
4366.049649
3625.218128
2750.25553
4089.185592
4337.110331
2800.922301
3626.278754
3572.044355
2581.71912
2816.44493
2223.108001
2032.108418
2412.273764
2637.465289
2302.252059
2593.447286
2703.968827
3381.493081
3548.452452
2050.115657
191.7321142
235.0039188
205.1770985
210.4891399
1276.660778
833.2580785
1194.287042
782.8048449
519.8617103
871.3530312
4413.325154
2024.186421
1758.511971
2714.771048
3630.20002
3638.759608
5283.877653
3357.027314
3158.022573
3398.544442
4254.990054
2836.452888
3159.425379
3936.046641
4506.321178
3954.54716
3596.807774
2682.914652
2427.849809
3217.00559
3685.563936
3490.060509
3197.97543
2981.195212
2422.339526
2434.388626
2655.601832
1823.928429
1642.159857
2458.282467
239.6945946
251.5715165
228.0854348
238.2341347
613.8639305
5522.68493
1159.896857
779.0319013
472.7444892
3009.508856
3069.298853
2212.634896
3208.576291
2656.465731
2279.216263
2110.419816
3068.880255
1655.282699
2418.385033
3215.298257
3711.173488
3351.034984
2925.507057
3280.859929
3109.308533
3829.70072
3189.692224
3001.600274
2217.548411
2446.949837
2536.66908
2540.400587
2480.440408
2379.346785
2089.445616
2425.408858
2449.965461
2461.618249
2331.965076
251.1918321
235.8741417
2049.112949
878.3952005
247.2676403
1951.662729
312.3444741
367.1878931
427.009973
3032.85269
2721.739946
2102.901808
1277.129338
1949.059378
1853.202912
1559.92036
3588.416755
1667.063905
1862.506
2389.226923
3705.642692
4694.256095
3127.378452
3738.792841
3636.025684
2381.47661
1978.906711
2264.498564
2927.413061
2239.379955
2390.867973
2102.299336
2331.893536
2631.295202
2840.846539
2287.735271
2576.245743
2353.919362
1804.43899
216.9671941
205.7099451
217.4919441
434.0081762
1504.742748
335.5342748
1926.657271
1449.335314
943.1503095
810.4617319
769.0213821
2239.104575
2513.801574
4461.705238
2392.421895
2030.630653
1923.222486
3397.23562
3006.572128
2279.85803
2931.564289
3031.893141
3356.430032
4014.458569
2666.29581
1606.589526
1677.440312
1672.764881
1844.995349
1834.73422
2837.878019
2143.679842
2667.821988
2311.43598
2626.196168
2366.353485
2094.452089
1948.698844
2098.346191
1209.681256
192.6246817
192.8065315
1304.618796
513.3879588
1546.332755
1402.672712
814.8564978
468.4888307
723.7122476
1528.574866
1260.633134
285.7912138
1792.502844
2833.061281
2250.365384
2986.794644
2315.911031
1676.500741
2142.073633
1983.103664
2138.622399
2958.046368
1954.963599
1961.664288
1919.78818
1835.023506
2048.172364
1947.999823
2822.994117
2452.810567
2447.224175
2020.692737
2007.464473
2175.829586
2072.845237
1973.648946
1933.404962
2042.833627
218.5273983
207.1823869
2174.142581
307.2453527
932.740377
1204.525937
1005.883276
684.7717527
1316.915745
1360.188134
397.5671331
1609.400446
1706.607818
1664.707987
3986.482066
2642.300248
2133.594474
1714.219828
2302.0027
2637.146402
3090.330125
1311.115326
2309.632308
1751.635504
1738.967423
2531.569826
2690.211919
2211.738326
2237.884586
2826.171583
2687.993667
2023.737329
2171.32986
1843.260485
1695.228475
1382.935394
1642.304563
219.1147135
215.8145784
224.581536
212.0599356
197.4483935
204.6720868
495.3848832
2149.108826
771.9353112
486.2800219
2195.203138
1354.559928
1493.070262
1684.41183
467.9185957
1978.8045
1592.1912
1957.424246
2177.759723
2778.797717
2290.06159
2087.395133
1539.111369
1871.824169
2539.539856
2735.222249
2489.110606
2441.786825
2751.632707
2378.266866
2561.24925
2624.695056
2108.442684
1831.590906
1818.910268
1631.470517
2366.056466
2242.82994
216.437712
223.3452876
227.9417436
317.1348156
222.7025206
977.9210542
1456.990155
553.2001438
574.411222
1318.772802
661.1420353
777.9344498
1525.948995
2395.947362
1293.722889
904.4799521
984.3327205
2273.592615
2733.194224
2234.529949
2486.907175
2332.51647
1694.063099
1790.099364
1719.452645
1640.242875
1315.40741
1404.213162
1640.14325
2493.199203
2776.457475
1970.41449
1877.087216
1854.004035
2185.827179
1829.059417
1370.592371
205.8947862
236.3146324
232.6742604
807.4072025
229.2029676
1512.932634
1424.018494
774.4517064
247.8089554
2077.645553
224.4488533
419.5236395
1154.405607
1204.66284
2748.520844
1837.799543
3574.425459
3298.014309
1890.864379
1806.590711
3047.23325
2804.988668
2292.978965
1607.06507
1877.027472
1743.091478
1937.950152
2023.229365
1805.635605
1773.759545
1421.456878
2083.829422
2372.795918
2093.835049
1787.076617
1283.249332
1572.313164
201.9550296
223.3455029
1119.125808
206.589944
208.4496639
375.3806609
1503.166298
303.823145
461.6707701
757.9818547
928.5673371
1533.98076
424.0230986
307.6725973
405.2007884
1127.667685
1985.289312
1603.879822
1687.126264
1636.69205
2254.462969
1193.136881
1483.630854
1534.090388
1453.931788
1400.985747
1561.900253
1959.274852
1865.5829
1334.118649
1862.430242
1691.01155
2210.067516
2556.053105
2296.960516
2553.992726
166.0539007
375.2062266
161.1741655
197.7870435
261.9545409
249.4169947
264.104485
1005.426995
696.0740811
929.7683382
482.3709719
1115.527807
1283.570022
1214.482592
573.6091651
1585.856087
2113.333566
1767.653828
2083.676318
2860.165467
2819.231105
1128.906812
1048.886128
1415.456872
2155.901678
1442.992636
1796.010629
958.0111378
1315.34956
1402.736663
1684.207881
1477.17338
1577.820285
1354.617745
1360.80645
251.5914805
2406.41046
885.9470886
195.9684152
200.4521758
260.8537023
365.6666882
3046.622013
1783.601042
781.1585159
1435.958865
523.0289908
1261.172598
2428.461565
2860.810849
1174.843413
649.1307819
480.9481872
846.4958592
1884.276059
1166.656448
2301.110327
2101.839673
1431.856053
1712.068883
1816.757525
1437.976981
1055.215492
955.4561286
1143.069407
1351.070982
1511.633597
1984.161769
1211.312536
1349.221218
204.4144567
422.0869291
199.409398
199.7577755
453.7732154
962.5314584
578.1045
1449.343997
693.2227918
1122.05096
909.0157878
431.5273218
965.7969321
2687.997336
1284.280537
1494.234387
854.1122331
252.891314
1170.216917
1642.917454
2542.467852
1033.529966
1693.671159
1107.702213
1138.454477
842.5528201
1031.345103
1254.706181
1148.166529
1180.5574
1379.855733
1419.963504
1753.134881
1412.634879
238.9866376
225.334997
239.9886823
238.1226628
223.1462458
226.247517
430.1103792
481.2267488
1783.669538
1253.690077
1368.298813
1566.111732
185.5844166
1975.24092
1179.266194
468.7142721
715.3966877
1245.966153
686.8587794
1251.922284
930.4171225
949.4469686
1508.403394
1382.937819
1432.169713
1085.687621
990.7639649
1090.651632
946.000625
1135.991847
1273.740091
1677.735667
1638.812788
200.1483428
182.3386408
197.7745873
209.0733714
206.1211324
197.7246016
203.0591027
542.444472
577.2220018
1301.500201
750.1447478
679.3597094
863.8790339
1323.894796
761.591378
652.2867667
884.8478974
1060.85641
1170.99235
1532.701667
1369.266309
1145.032523
1778.945602
1358.541708
1325.930029
1174.769913
1235.355875
1554.492586
1564.622017
1694.64518
1297.360816
806.2005651
202.2312876
210.2534845
207.4864091
360.5892379
319.130769
529.6132903
685.198645
329.3982939
245.4220868
719.1432526
1314.136451
298.7261594
315.6536206
2511.803529
1033.990946
991.4372552
1816.835301
611.0224112
391.3792151
728.7946522
965.5745842
973.3434803
468.2795108
842.429756
1841.673392
1860.204505
1412.276334
1658.828056
1446.496101
1364.878034
1407.763238
1132.534728
237.3892192
297.6277368
423.5852889
591.2593394
481.6570238
331.9343875
827.6044781
1096.683246
1169.997893
917.6826634
790.481162
227.344905
196.7365916
1979.425548
385.9997456
229.868557
490.2060647
1808.061509
1916.761257
861.0187121
1405.129761
1854.610886
615.7665735
693.7675315
1175.482726
1777.33616
1470.721948
1517.903405
1384.364572
979.666972
840.9342134
217.8423764
213.7364824
1677.439779
469.4859421
254.9567768
242.3899429
401.3037102
240.9332968
382.9069465
393.7811502
832.3070196
1656.65806
260.0902022
492.533995
1078.942461
718.3032732
2001.74946
1100.981125
508.9139345
1377.701414
1851.496373
1282.034076
1774.960696
1274.041649
1414.203015
1781.912341
2259.218529
2051.213508
1264.241196
221.1254674
239.125099
610.6759868
205.9334671
212.1561933
339.9376057
361.1758801
275.8924786
268.5798735
515.6242877
768.6152376
640.4551988
193.5615872
1329.776943
1775.441165
372.3014631
408.6825017
1047.06615
543.1608926
829.2711719
735.4821813
620.1116078
447.3396529
563.0403388
569.3160253
1167.341703
1198.812363
1331.288704
229.884593
412.2018474
373.8119306
211.9484135
195.4896542
192.4266533
200.9566226
206.5879936
809.3329224
912.6373202
1359.675781
400.1984379
198.0141121
1622.731482
588.2117344
971.498711
2194.63539
977.7297607
703.3029834
950.8376312
872.762469
625.1756251
1099.906092
1103.063222
566.7035638
964.8481335
792.4084385
559.4167133
994.7670695
278.1031659
190.3320635
186.1876911
705.5104977
452.3559006
412.3003553
258.9026761
1232.975651
764.0173564
561.6314174
614.8011531
944.4061334
1612.530577
1076.779393
737.2234879
790.2169111
526.2247352
912.3297471
1037.857413
703.2272867
586.1265166
571.8806979
649.5210799
511.0754997
203.2643905
185.4476893
869.1984546
443.409691
717.505301
618.1961652
219.5067606
757.5874889
405.9493703
618.0296344
471.8802551
686.4462249
1243.400063
263.6817151
426.9548012
688.8276765
597.2131121
902.2169143
1385.563264
945.1696353
835.1878596
1167.462125
251.5537109
1062.513644
1027.080388
211.8863472
298.2628968
305.426928
367.798522
214.7618737
353.089453
524.02526
657.5787014
472.6294157
1042.641833
496.6842882
344.0244107
235.606275
234.7397258
903.9376271
449.6964173
595.2941879
163.3536216
184.7837632
187.0874091
188.2857949
240.7670729
217.4119329
209.8906043
282.7195647
347.5910966
579.6557337
1000.412262
286.6011878
672.41331
1156.040427
250.1953011
221.2720814
224.7941478
217.777471
219.5197593
228.296
243.9657751
2422.624975
698.1659542
2997.730997
4849.920879
1881.507976
2423.050236
1745.640624
1328.231659
3049.043108
4126.357288
5367.98643
4649.424248
4312.585918
4174.388747
4873.38224
4547.731878
3264.184333
3894.133248
4698.42236
3599.784572
3796.043249
3843.066842
3532.335662
3474.839089
2477.712002
2361.207803
2085.26273
2036.603759
2206.618849
2184.670106
2088.63254
2540.425804
2436.206117
193.6907443
198.9466797
7629.855695
205.8312037
2209.174412
556.695834
170.4869485
1111.296112
4094.889611
3848.718805
5114.07644
4131.183216
3637.665379
4100.417247
4055.327922
4108.843326
3934.820558
3586.341175
2848.322455
3218.235582
3432.471205
4553.930715
4486.136661
4221.756736
4565.496098
3824.663735
3491.40992
3126.474266
2782.493007
2457.760316
2469.440824
2220.745915
2071.850095
2652.370079
2401.241337
2154.488267
2540.068963
2275.776331
2317.214608
2418.308279
183.7509585
196.1073085
226.5016556
339.1280492
779.535492
647.1394405
377.2460572
386.7057537
472.164083
804.6322622
871.5991055
3253.636771
4426.411432
3348.753557
4168.464418
2477.326555
4754.856552
4852.560317
5369.256357
4174.846847
4061.560443
4041.338884
4225.423634
2772.242047
2666.08675
2521.848709
2428.088028
3830.135735
2788.875279
2777.670666
2355.910028
1916.457788
1903.857456
2262.510017
2388.61407
2636.869128
2559.393609
2430.276309
1834.357893
1707.220755
216.4399585
208.5171699
190.2761733
180.5215305
191.5807237
1865.92641
343.2129609
1141.311921
2846.557433
941.3270753
847.9906299
2596.039594
1970.320626
3315.828744
3277.387644
2841.050276
2605.141844
5214.255888
3770.622459
4880.138932
3219.083844
3730.541435
2677.575132
3110.739097
3089.830897
2794.595569
3568.326481
3239.69975
3060.968081
2582.369061
2252.223564
2227.121217
2129.335454
2091.524818
1637.294744
1919.838299
2420.364083
2193.500835
1625.394456
1943.22451
199.8429653
195.2965058
191.360703
3259.976186
439.3680915
703.7629117
219.2013291
997.5649454
2147.804944
2614.915834
3985.529591
3911.20849
3378.427304
2103.616363
4399.925309
2538.486139
4599.488524
3084.451721
2823.05197
3949.04594
4147.109112
2657.273242
3779.146322
3378.843779
4055.012141
3569.092622
2597.712933
2749.106164
2609.787495
2278.364439
2825.326262
2965.749918
2876.729883
2234.843956
2139.017199
2118.88416
2300.417604
1590.225027
1393.539895
2003.461835
193.4971514
220.0174007
200.4439851
201.4183762
221.5885696
1064.819993
853.9892521
236.6392326
244.5217809
312.6041327
1346.699343
2385.269141
2060.405027
3651.237486
4931.696133
3676.163429
2769.158386
3073.756395
2479.354927
3390.407321
3426.511372
4733.053828
3967.722392
3423.481017
3420.152175
3795.122005
3405.430328
3017.063907
2815.311275
3107.553434
2597.105633
2277.847729
1900.77659
1979.959917
1988.564027
1717.082649
1620.134032
1845.357352
1677.931642
1671.615658
233.0748778
214.2256325
229.9156325
248.4255758
346.5825301
656.0247589
955.442539
352.3635827
1195.422691
1423.950618
954.1855895
1589.276834
1069.483205
1295.719949
2499.796646
3582.442617
4026.527408
2183.369959
3055.522597
3562.23255
3881.869358
2837.291509
2982.659479
3093.04686
3159.260378
2912.108063
2887.357426
3066.827167
3064.163692
3032.107479
2564.099885
2318.839091
2274.276142
2085.945192
2145.919985
2271.135482
1985.265223
2040.375757
1899.530192
2146.421496
224.5177546
520.4341624
1466.446194
212.4393837
196.2192533
197.1177873
544.2420871
1558.272293
1379.734502
1814.630651
2602.667783
2383.427596
1883.010546
5941.434029
2486.473349
4385.487953
3135.950797
2929.03696
3909.343903
3810.855158
3818.967803
2410.595479
2314.225007
3648.43717
3584.490155
4020.505633
2721.371322
3283.629281
2748.305476
2241.070823
2247.696927
2413.782126
2181.200197
2456.043759
2710.68086
2207.591643
2084.112953
2207.81733
1851.834539
233.4813749
238.6261246
1160.226
231.2636477
614.9582482
533.0619256
2270.782309
260.7202845
274.4271624
3161.643956
807.6327098
605.0094373
734.379421
5047.797552
3627.989107
2391.693851
3098.937688
2547.290887
1813.387675
2387.03644
3159.559766
3505.863151
1807.461946
2979.933898
3096.765441
3386.678772
3534.57811
2679.770866
3174.282031
3252.115576
2524.071444
2325.833952
2109.479143
2260.12987
2503.578159
2264.323082
1792.10544
1581.060015
1382.920219
200.3814802
207.1221746
189.2073714
195.0051285
1056.951471
3535.352053
1387.275374
1975.650009
496.4736901
623.3586065
2902.124569
1548.856572
2360.695193
2363.291681
2356.727463
1867.875376
2626.600058
3673.587802
3069.125971
2097.159974
3092.333893
3079.731976
1783.540939
2129.821805
2808.708847
3285.423367
3542.669943
3652.783542
2985.416127
2515.97939
2550.438733
2577.277398
2321.386309
2542.863925
2874.151987
2469.824196
2375.780601
2147.133159
1791.1505
219.5416646
216.1611208
205.7361574
206.5712674
213.2873486
221.1384655
648.5557855
1085.369696
388.9403523
2455.663339
3317.808021
351.4834758
1684.080499
1093.870759
1828.276544
2099.453193
1975.159359
1370.454723
2468.315187
1855.472383
820.638907
2412.943902
2168.822128
2565.590486
2476.9821
2432.097509
2699.479486
2233.968792
1910.228846
2531.265601
2726.797394
2420.895957
2259.551514
2112.498091
2331.962159
2839.32532
2874.984354
2542.258335
2250.495171
211.4250715
218.8448086
225.9152676
2384.654498
1171.244189
1261.692981
286.7270104
781.9805974
575.5154306
2140.667694
765.119877
585.6210541
3176.237296
1616.132343
1042.282926
1568.941209
1360.665687
1899.220167
1884.664861
1211.024685
1963.929549
2616.569985
2767.058557
3098.34841
2089.147951
2539.987261
3133.051192
2275.775118
1972.480995
2238.97269
2405.867542
2359.113027
2687.73206
2952.420489
3018.076765
2166.513083
2254.549649
2122.766505
226.2792378
201.6898377
211.1329661
287.5518178
638.1870175
3783.044218
238.748293
372.3699446
789.3613791
573.6681681
820.65136
2520.363959
497.6711537
1557.870868
2228.714298
1364.916798
1146.210985
1172.616288
2665.931687
2325.289648
1762.108193
2678.172609
3292.27702
1880.148051
2790.913768
2070.445505
1963.839669
2264.33049
2407.716072
2637.690984
2340.752361
1950.337393
1788.77186
1924.57414
1839.55452
2002.517359
1662.374059
1855.822726
228.5384448
233.7070272
2921.43516
231.5369847
510.5382844
611.1290984
1630.742944
689.2653467
1820.351115
1532.196163
3289.749001
847.7467664
583.0097747
2623.112755
1601.235121
1472.898531
3532.668396
1206.387786
1341.729276
2598.198178
2669.035584
2248.611485
3402.203424
2353.44565
2025.176312
1650.841724
1516.486401
1625.161201
1578.954764
1659.680671
2364.401871
1851.789436
1348.542342
1422.894817
1603.865495
2000.542733
2034.364697
206.0627251
214.0754379
912.8313995
248.4142161
241.4148715
1258.828946
3098.55766
1331.026337
483.138877
2740.798146
2590.439205
2149.636398
1204.070381
2142.989323
1940.351842
2664.786213
1439.147
1854.918378
2451.27754
1340.538471
2378.377708
2822.929751
1973.015423
1421.346631
1923.68465
1393.37343
2244.60593
1685.794221
1772.445132
2551.061528
2400.334108
2525.786488
2201.146184
1749.936844
1660.218435
1498.881338
1804.114714
215.3787956
236.7322284
238.2913144
233.3938859
253.298135
1706.783269
1110.409585
928.1333063
762.573541
987.7176811
3073.839407
1083.919396
769.3952389
1210.762757
1788.566241
1804.706511
1942.095061
1904.471535
1777.663838
1748.247109
1818.144315
1889.665838
1563.02988
1002.730395
1403.651545
1519.334583
1139.762912
1238.763713
1202.247571
1462.186552
2346.539812
3002.290775
2308.536091
1051.702558
1574.440315
1530.108682
1353.75938
203.0879012
212.2013025
214.4604019
197.4034103
198.5087838
207.6537595
182.7011229
289.6887841
519.7896566
1803.911153
1892.177642
404.5207351
1728.953025
985.5704887
1175.168001
1436.887428
1933.182753
2392.362611
1828.887528
1364.417056
1361.109641
2002.659911
2032.203573
1175.655992
1926.888852
1812.214688
1539.24211
1708.166687
1624.895556
1928.717053
1158.255544
856.0606063
2249.159495
1950.033721
1209.711338
1143.484657
226.9881163
767.2748328
452.3138754
213.4646398
204.2007346
588.6580674
243.4667023
543.1279347
423.5482569
335.5978426
422.8273153
781.2154403
953.9417161
624.9304586
1406.911331
2271.371831
2231.438595
1873.339504
1078.015015
1982.449398
1851.271213
1813.962669
2157.116681
1553.852387
1202.970264
1208.699372
1554.935408
1972.542792
1852.960574
1821.174848
1740.573859
1540.036308
1466.662645
1957.558398
1527.204761
178.7704619
186.0481608
1360.685518
194.0388131
206.9499826
1651.947864
225.8084204
296.1701309
343.850794
279.7468941
783.7562886
1281.390629
978.184439
934.919557
1418.705732
640.1802265
1576.34638
2663.357065
1362.105518
1103.342015
2750.415212
2390.062389
1558.431563
1461.394604
1420.037537
1395.916558
845.6676006
1012.182569
1337.235593
1229.920639
1411.61423
2197.13205
1787.480967
1996.207165
1617.549045
212.1158143
202.5956659
204.6965973
197.8365815
723.4262137
845.0219955
205.0845101
206.8129619
197.0467541
535.1167145
221.7448951
286.8874309
720.5615394
701.0278674
1613.582728
1610.131757
970.3932586
1246.498911
1325.849436
1696.208416
1494.6947
1376.271368
1185.195885
951.2875681
1454.691065
1478.299215
2068.774495
1204.941792
897.4896432
985.6131058
1043.45505
1321.132341
1618.052836
1977.957044
575.0748871
196.8639875
609.1239611
220.3934322
1637.367779
3487.180343
495.7640398
1106.492285
583.4226804
319.0630225
551.5358874
678.9022354
3515.534463
1262.16526
1297.676285
1177.604464
721.8864793
561.5503386
580.7562456
544.3689234
1864.965249
1044.032555
1746.237603
1318.094719
1517.220093
1488.178346
850.7007431
925.1405953
1039.811963
888.0596311
1223.544784
1118.273112
1396.288679
202.1212375
228.1005872
230.8843909
350.605625
774.9084656
1114.317849
300.4920907
910.4529186
327.8815812
283.7511107
393.2262652
573.1487641
1919.927603
2061.041503
1163.930145
864.1132776
644.8777998
985.4186291
1586.265377
531.1731179
1062.998661
1100.935954
1083.203742
966.2708947
919.6107554
1434.954787
1240.440848
1100.657405
1224.577506
1236.067617
548.1149204
830.7336924
1449.513737
157.5113455
160.3342546
160.5703056
275.9270811
1080.81502
278.265862
190.2058026
1860.985162
1212.361582
186.9212369
1755.613808
1568.00742
789.5906933
1300.0049
864.6906232
427.450461
413.1498849
1193.777164
1591.594298
866.4482699
406.4702761
682.7778024
935.5721009
989.8829183
901.1031442
1106.036288
1253.063971
787.3225792
1272.316734
1569.222307
1310.075399
1050.858053
178.4211821
183.1870588
193.4591149
207.0407758
196.1749023
198.2646599
201.7712612
744.9576602
566.2076851
438.8031909
620.1006738
254.9635315
223.5939329
864.7053007
461.7688836
386.9375513
829.4835806
388.3815413
894.7557957
946.8390705
606.386194
723.3043043
897.3806324
659.1667421
954.918972
822.7361577
708.7680097
963.3500679
1015.978054
1063.91658
963.5413705
219.0779144
223.7795412
202.5888838
209.1863886
213.4633475
220.5286473
519.0217246
1117.667713
1027.435132
641.7054758
569.853721
457.6527911
2546.633171
824.0919384
288.359702
835.8605182
888.7370651
523.9867567
735.2466156
596.9409909
875.5679658
308.6507796
303.2383282
583.0211592
1132.781814
1121.264467
886.0012756
1088.719319
1344.511994
1470.977085
165.577281
222.8434604
206.4093711
208.6078782
242.0545861
418.8638096
986.0787834
1597.976463
1384.300654
679.0550482
682.9970529
1442.914892
1298.827296
312.1761871
236.4660457
1543.001851
1421.792679
1403.273169
1249.915891
1383.686026
1802.193311
1078.79357
458.5069666
726.5111343
725.1658432
1098.67709
1264.244171
1017.345556
935.1336895
236.1569161
1348.505589
220.5130649
217.2886037
219.4032068
457.2200015
806.6282682
683.0069806
214.6895473
1376.038082
1940.156929
944.7304399
441.6218057
399.3223592
526.193331
1118.44692
731.7766557
693.0623964
499.423414
962.8746068
893.9713007
978.0003236
1357.51769
903.6252636
1002.652759
1131.493971
993.4243962
1775.26591
214.6033916
732.5228911
589.1710687
207.8749783
220.9565749
215.4684431
588.0149089
373.5383997
383.2777654
1730.50889
714.6829868
1404.192092
1460.310263
330.1640741
864.9969653
863.8694887
783.0714478
718.8734954
1186.602834
938.460808
488.3442448
725.6590181
703.3573222
542.4890162
1069.214402
775.7329881
193.1562472
266.3230413
283.8191491
246.5808504
160.5836438
361.0541421
480.910576
159.7934632
444.9480836
530.8397155
1467.588944
353.4370921
485.3668169
2543.944762
225.891191
230.3635089
596.3274806
719.8897778
632.4087125
608.5586809
702.1667724
376.5085587
514.3540096
404.5095906
374.2782281
328.0513005
237.3836897
791.4629051
977.7975821
616.2812257
403.3387308
474.1754005
225.9691561
223.2897895
214.4872783
1337.865447
891.2870246
414.8966007
289.5019584
512.5169699
359.7048648
460.2128359
662.8430769
566.0323168
221.4107005
204.0172405
379.2478981
541.9915501
646.1560062
833.9485979
755.0148791
776.5362353
401.4582096
378.958548
1570.759215
430.2535986
636.9871419
773.8485174
538.3786107
240.1369454
638.6958306
519.0054325
808.3951112
240.8097785
205.6318827
205.0810357
503.7660384
220.4331983
221.6398939
213.6910076
203.5882998
210.1503716
211.3104986
221.4822438
3226.324981
386.0276816
218.4322661
2082.327836
3347.683937
1408.978876
1831.213819
1818.081438
1666.693623
1657.727999
4103.61802
3935.001399
4202.318765
3249.112148
5579.468419
3143.317727
3718.04117
3121.570214
3133.91978
4089.361274
3457.266719
2800.622164
2452.101197
2551.32834
3010.872344
2770.606157
2463.506621
2605.303925
2113.26464
1875.047852
1812.672967
1925.688147
1850.983725
188.0193436
208.6456428
216.038919
192.1126789
195.4320151
212.9066502
214.9747886
883.3084628
965.7147655
2728.380594
2646.978055
4945.327136
1424.752521
2654.572017
3527.27102
2653.0284
3021.055613
2115.699211
1556.1311
3389.555754
3533.522406
6481.971587
5540.595726
4446.364373
4881.58269
3031.080601
3939.699461
3765.396486
3196.226071
2887.74211
2197.806085
2069.677696
2038.086988
1927.45188
2119.842342
2192.607613
1948.234866
2344.355226
1842.960085
2144.240093
753.5022426
219.3063199
227.0121287
223.5590012
1945.579733
738.1964585
1604.961476
1129.382165
1823.738125
830.2432246
2098.435485
2210.952207
3525.568861
3953.917878
3876.933897
2381.667666
3609.332718
6822.43611
3610.512127
3662.793564
4488.283976
4525.169738
4173.136272
4075.269132
3629.987856
2780.089928
2390.593751
4121.789431
3402.861235
2902.004542
2744.262692
3076.964551
3062.729462
2960.737302
2543.823542
2621.584723
2097.487075
1796.719933
1886.795876
254.7860987
245.2825283
263.8027376
267.0770884
682.0179455
254.0905822
246.2262326
1709.631071
1320.670934
860.9204897
641.2893196
2388.627261
3598.322142
5432.498805
6068.322902
3896.979369
3255.824254
3019.65062
3148.414852
3664.750699
3880.475171
4048.631717
3399.87987
2813.336111
2319.135737
2609.01349
2948.618258
3043.600451
3158.218327
2880.511411
2248.265395
2420.442144
2256.325409
2233.242885
2211.020779
2637.989416
2916.858615
2823.667115
2156.487806
223.7852194
204.1983479
474.5103542
205.5732816
207.3896988
206.7715549
207.4279332
1154.606909
1612.074943
1382.227532
3240.27255
2911.346025
2433.12834
2817.337513
2685.578659
4407.972517
3170.002091
2751.946042
2676.197545
4211.046274
2663.582531
3285.397405
2927.238146
2534.905371
2564.269824
3330.914568
2822.404288
2559.31959
3074.889725
2393.258295
2208.965379
2432.530903
2445.408001
2333.745527
2544.868762
2154.240078
2481.975719
2342.925604
1910.691594
203.4428168
197.3607605
191.8018607
196.9983635
209.2433265
308.9247425
199.6520309
1220.617735
1234.251113
2144.646923
1468.958941
1331.15864
825.4259685
3127.217589
2820.896806
1920.938163
3969.804506
3011.082121
2956.193923
3569.321071
4031.539647
4195.02106
3536.245048
2863.362056
3416.071907
3917.754887
2634.782278
2700.683536
2393.753353
2810.93385
2575.28684
2057.673163
2044.239992
2243.321396
2167.109957
1930.949319
1791.697473
1513.588749
1396.107404
181.0558865
192.6273134
207.2469061
224.5439296
230.9942899
1456.756277
1024.196735
372.7275271
1278.988876
782.4507639
2046.161836
707.6575182
566.0466407
2580.15928
2788.308341
2318.765879
3610.52775
2849.191246
3593.780225
4065.70507
2431.752106
3660.334633
3746.620067
2779.465138
3138.858637
2343.76803
2853.222202
2230.651354
2409.45675
2303.928694
2153.528654
2010.577668
1942.009894
1723.547274
1668.143
1864.006619
1972.501328
2010.521114
1788.27075
283.2322182
297.5977924
314.2791746
279.3316975
248.5980595
233.9288533
1276.023883
2044.251583
1640.432851
531.6352985
264.5327403
1587.655128
1956.078649
2212.765684
2193.990979
3327.306026
3222.651963
1597.180653
2758.556964
3171.903041
2669.727213
2886.204794
2527.127605
2312.15657
2459.377862
2872.972568
2793.119005
2114.689977
2429.954429
2831.346116
2636.066348
2361.755669
2471.113667
2362.466358
2425.705579
3085.505864
3049.088701
2986.91335
2483.03335
254.1547993
1553.695174
246.9204966
251.5509767
621.3448765
258.16274
252.124155
259.9624819
459.0728994
438.4665349
990.4943778
1217.340923
1959.523268
3288.063071
1926.042201
2015.472752
3685.015278
2615.668352
2393.917549
3030.44205
2933.093989
1500.586249
1767.568738
2907.182248
3225.28975
4410.695785
2517.685913
2558.056384
2843.680637
2747.189066
2399.409797
2426.035103
2539.807134
2119.732681
2088.16082
2314.675175
2273.092199
2378.889164
205.3650967
1188.665711
226.4793099
199.2366722
1075.655849
638.0540034
901.0844827
260.3100242
2263.676053
2251.96576
1712.5592
749.6638124
557.1479519
2909.613528
1968.575496
860.3466856
3058.599275
3061.552832
1793.59124
1557.217406
1927.301949
3198.757657
2258.118386
3136.882806
2342.700376
3361.401961
3368.613691
3229.092691
2395.465267
2530.366478
1996.688081
2328.116332
2422.810818
2333.847517
2427.477968
2204.040758
2477.839381
2833.847541
180.0386819
199.9734089
198.7761447
208.8194394
664.123107
258.228706
1309.816395
1632.629292
1531.203699
3198.128296
1292.057779
1574.943186
2088.193788
1554.29334
1775.491431
1948.061404
1197.882545
2194.998642
3051.206585
1223.092999
1382.04186
2475.614462
2147.37513
2575.728721
2184.423275
1274.599147
1972.48223
2195.117868
2696.281249
3233.46204
3156.730833
2213.48336
2479.16222
2082.280878
1837.255192
2397.528102
2375.708491
1670.706473
175.9734837
197.0969811
183.9437244
180.6240656
1006.729749
165.1654514
1034.538944
1411.744754
350.2064062
364.066269
1548.102086
1427.708313
592.1359639
1337.759105
2546.026403
1248.441061
1540.262428
1165.699045
717.0048827
1754.05316
1071.141633
939.8195486
2652.96916
2518.69439
3630.65567
2493.07305
2492.433703
3112.152832
2579.587056
1767.374609
2272.776924
2771.800671
2380.802409
2261.881391
2039.59998
1613.300388
1949.165056
2503.673546
203.8197174
188.9301908
355.2757642
1379.988052
1289.411326
276.6795824
431.9694568
197.1826627
201.8764663
578.3955081
872.2320756
647.9531243
539.5653791
2019.71554
1053.915235
2094.538958
1067.46398
1906.308465
1547.61187
1883.587193
1641.503016
2403.490803
2824.712751
2529.433146
1987.733615
1810.469344
1718.22615
1574.456548
1725.63445
2091.575304
1728.061482
1930.469604
1951.840117
2236.699027
2330.108959
2254.738192
2199.539411
201.572684
208.6995937
1887.323088
219.2264011
3050.613193
880.6382162
224.4843325
523.0870623
545.6771942
2167.582948
1529.337127
1263.151739
833.5987175
1404.470295
2353.46303
1078.606791
2658.16929
1481.882433
1276.219924
1689.221013
2249.958847
2058.955558
2880.283823
3446.341641
1694.082666
1671.244644
1993.949204
1790.369113
1714.23992
1870.857389
1779.673677
2114.529107
2193.739126
2024.854011
1673.634862
1608.858703
1811.144495
208.7163597
208.640722
217.0131182
208.8012608
330.5941387
718.4201035
2305.221791
994.0783853
365.8406365
850.4673317
591.3768212
1100.62723
620.4475567
1571.616063
636.2661533
1451.686967
775.4905337
801.6755194
2129.405619
1713.197592
2481.449889
2483.974455
2300.92718
1814.907164
1739.824377
2166.328543
2316.569161
2037.967245
1222.835639
1428.759396
1926.147246
1720.205142
1769.393735
1520.664946
1320.038117
1331.747451
204.9326707
183.3664228
171.8489084
153.3000486
1921.945361
162.3028482
1178.533206
1297.986042
767.4284386
2956.180518
1035.180542
1252.887956
217.2350521
676.2101118
383.1667357
539.6888712
1214.008628
1044.019486
2723.931801
1725.072364
2803.475764
2208.345876
2184.492807
1583.559374
1752.819108
2418.610317
2300.762377
2448.595354
1272.920505
1000.342685
1733.218861
2226.24804
2596.041994
2189.369864
1451.911783
1329.808372
189.4728112
209.7924886
207.3638352
1653.454791
198.3930294
192.761529
340.2921516
1118.17214
2487.220304
618.057
483.4832883
445.7571019
533.4000094
1279.045181
1586.953295
869.5899102
2210.72749
2381.947282
2272.980408
1181.432994
1026.480957
1735.747273
1396.910063
1264.229543
1147.23846
1343.503875
1372.1624
1366.528384
1416.337827
2044.822935
2261.281222
2107.75517
1870.863773
1535.299419
1318.271882
202.2965135
186.903104
174.3578433
178.3959687
195.9963022
177.4287371
399.1601873
318.8311707
1192.923926
834.6531394
1030.152891
1089.963535
797.0812716
912.7615937
724.629995
1756.738193
1340.966536
2188.617546
1617.629304
1056.957752
981.4764533
1693.733282
2042.332629
2087.117482
1556.725305
1339.005978
1190.00413
840.6369651
1679.0494
1270.987082
1540.087017
1693.518376
1398.14757
1202.951542
1114.097283
245.5819875
844.6204004
822.5529418
208.5668689
215.503676
195.3221223
185.9148351
198.9366804
193.8331679
286.6097533
448.2245636
421.3461281
989.3247763
1313.141089
1230.943241
1015.77294
1098.274728
1434.353793
1450.617003
1069.587691
2014.033035
1919.113567
1306.544451
2156.326598
2280.099483
1688.113872
1800.438257
1814.622161
2071.905091
2001.772728
1599.222375
1606.086976
1679.380122
1458.233671
182.9878387
194.6851837
193.8974078
200.9572179
206.3520856
213.3793818
235.3455738
296.6475693
987.7762863
836.8508517
852.1027423
766.9348278
533.8496389
1834.60176
1856.323575
1678.328954
1319.392022
1157.553615
939.0477711
1637.612037
1258.352943
2263.802263
1416.514086
2181.139592
1624.235732
1288.132203
1977.806584
1046.224756
1206.365653
1492.899459
1809.927807
1227.08028
1097.964252
202.4049932
201.2349881
432.4163008
740.5117699
1252.05428
189.8195158
179.4211422
175.6250129
821.6288569
1446.156978
1197.051905
326.5381322
581.2313292
787.838631
500.5500357
918.0771015
1051.200655
884.9561871
1641.606987
898.7607148
929.9916424
854.8394113
928.076853
962.9496559
949.7563398
808.1545674
1060.126704
717.5913705
666.540046
497.6151463
929.9212395
1081.272239
1490.064792
185.7285638
210.5158666
222.8850591
1457.187264
3579.120479
647.1801744
729.9168628
553.4027665
741.9578505
905.939059
489.1916062
390.6361892
2006.428081
1331.291416
876.9293836
518.9568916
695.212138
493.5766364
1231.162977
513.5644772
374.4915199
1297.780295
1330.453371
1191.080579
712.2114677
986.8544803
1247.823679
860.8907735
617.1352564
916.2110368
1224.800092
950.7139691
219.5703287
222.4403074
318.0896031
1058.763327
252.8160552
930.101912
741.8719511
213.5707136
370.0197878
239.3446697
177.9586369
1893.372295
1514.633381
1444.547769
656.2449276
259.070225
187.28446
1218.515983
1159.044748
285.8153516
964.6390699
813.9999161
560.3490705
1213.884968
1062.370688
871.2892599
1656.743573
1416.817703
1154.252649
753.1320347
809.969679
212.4075045
211.229109
207.160693
209.3752775
195.3389834
328.5854591
2645.340994
438.0316317
209.0354098
1319.911039
466.6083023
314.5870995
641.9154366
1004.369494
945.51935
453.097368
525.8680865
1051.25346
1136.429508
493.6121964
362.328479
351.1697667
532.6816244
637.8123686
677.6210537
1141.990493
1389.655888
1033.150035
946.3090395
712.4944557
152.4543652
303.3080254
322.8021851
181.1982012
199.7573105
213.5019729
238.9494692
329.2376528
254.532393
261.7951311
241.8004136
213.5620238
907.3010166
1094.315106
643.798149
519.9975731
287.47842
564.7469636
351.4331559
665.2265195
529.2245272
522.8383951
495.9492634
1076.159165
1016.601032
1160.975937
1162.749758
972.7879854
877.3277816
1151.969805
420.326211
221.8088964
208.44715
205.7817224
217.4824564
783.0091257
465.9600412
513.6762005
308.0099173
515.1192265
1494.857481
766.9488647
569.2810715
1449.32224
1079.891045
443.2863737
513.1996096
617.3408015
922.6639965
629.1990173
359.871432
546.0118191
1141.845298
951.2448112
1131.307169
1494.286414
380.5569002
516.7554574
396.664201
228.4367835
405.4923617
461.5191113
538.1973018
446.2433137
228.160937
658.1027435
733.75075
618.2494198
265.8185671
259.9751958
1751.771441
713.0344724
341.8733019
445.5736623
1367.062433
887.1870536
823.5245427
677.3559606
1277.947574
885.8225546
617.0896523
572.2139605
157.4125833
1130.40852
420.0720007
500.1547993
524.9453737
407.8773854
548.0530576
270.6453039
303.4943201
294.9988741
345.2812068
249.7071143
562.3346356
1400.187879
560.7452879
382.0345433
689.5768688
219.6029323
1313.653163
1371.41898
885.8139961
1967.687025
1088.578791
1050.931926
982.3573423
314.484302
513.3873788
327.6507565
227.3929522
211.2441102
211.1902756
204.1165871
198.2923914
270.8189341
1251.595587
748.5355234
418.5899869
846.1907378
438.8923614
200.852688
261.4187812
409.5177697
817.0065668
900.8162438
938.4533998
1225.363854
400.0446697
186.5294339
286.7076488
340.2898022
311.2240513
268.9574907
302.3429913
503.386318
290.8870229
269.4810284
273.0083925
214.4007054
1248.279997
1016.756615
529.9020605
340.6945899
263.7017967
180.082316
286.4949122
1644.87136
211.1035327
172.5002334
180.0608405
166.5299949
159.2371195
413.9160482
164.5203237
151.8827447
940.3378079
759.1655808
212.8424631
301.336593
301.8717463
263.9779133
247.2617014
232.4191409
2247.560187
1543.949843
276.4255145
269.2735983
4144.250042
3638.834745
1518.282605
1452.749148
1105.499264
666.4711686
795.0921916
1918.85699
3695.689235
3952.376585
2087.976345
2165.890375
3325.534818
3942.531623
3147.184721
3251.098767
3834.643609
3586.312617
3386.665561
2301.031376
2076.943527
2161.470626
2533.881581
2326.21157
2390.748622
2409.8992
1878.994798
1533.089182
1531.550212
971.0325848
234.4973568
243.5850443
230.9674699
233.3054153
227.1743035
217.2948802
520.9663781
4221.245407
1531.69708
1029.983314
2832.149865
1487.798519
1552.376731
2705.420703
2172.404255
2261.418562
3429.386443
2454.666799
2269.121687
5758.864601
4840.246303
4120.611316
3624.178317
4203.442795
3188.219015
2577.604282
2562.293615
2435.811928
2379.128504
2307.302046
2524.731346
2341.09334
2090.03143
2193.646617
2119.416336
2202.285264
2529.640928
2162.788193
2760.91817
226.3239837
209.5936732
192.8626552
188.2594964
188.281143
1898.068069
2169.158921
957.9450352
569.5877813
1911.16925
1948.07631
2864.044554
2029.427886
2624.037134
1847.118031
2897.603687
4034.69923
2002.82241
2696.474405
5376.988131
2929.654839
3417.415832
2801.374432
3302.016134
3309.1025
2235.70467
2169.737644
3662.964025
3050.311056
3023.784492
2828.007832
2497.571558
2023.867885
1735.626004
1392.692977
1989.906061
1963.894901
2073.62556
214.1934178
211.9084526
208.4279843
233.7412794
237.9031288
239.4910915
2287.058665
935.3471847
3320.978984
768.6668869
1163.864041
1503.917524
3397.466378
2282.057719
4670.851225
3025.656627
2299.834983
949.966346
2261.918131
2111.910835
3755.01883
4898.205204
4545.648746
2932.650711
3849.267258
1650.958018
2570.779703
2697.19357
2979.582863
3849.18046
2280.913958
1850.475189
2379.640682
2401.662433
2352.813032
2424.3407
2089.2367
2133.160892
2344.65759
207.8361801
203.9429579
190.9549258
188.5365851
199.0828638
206.8504222
198.3175815
2576.060674
4070.000371
3579.440698
2987.458664
462.347194
2377.053396
1818.868774
1681.576728
4432.61889
1566.654251
2233.646639
2398.570598
3512.294258
3357.025418
2717.751661
2473.200879
2447.018963
2071.911089
2393.347556
2556.530791
2451.506634
2476.995604
2541.352916
2464.95891
2677.92708
2413.520213
2280.025795
2052.735702
2027.543235
2137.348286
1974.079565
2428.891132
173.0748129
182.5532743
189.114794
185.3596384
189.3072487
470.3435148
214.607443
482.84447
791.8594291
725.0904531
1597.328082
1334.279513
1261.622314
3285.758438
3458.368592
4470.738163
4774.977573
3089.398066
2396.929383
2530.999702
3429.084042
2363.037524
1927.677369
1606.046848
1718.249145
2781.318648
2029.125796
2009.063625
1827.140921
1796.079016
1871.5573
1949.144188
1641.916813
1997.992114
1920.607064
1933.675581
2044.353044
1557.545493
189.8634313
179.154673
164.1197908
170.6792181
191.3715088
1348.578488
568.6269901
1223.853369
2568.293319
997.6573368
659.127164
429.5756453
1558.186971
1119.977215
1680.38196
2090.017907
2693.584726
3211.344649
2821.777596
3347.788728
2289.240145
3756.987118
3494.58129
2416.730982
2946.117557
1789.845794
2478.68389
1872.745963
2101.872138
2051.025519
2211.973939
2554.093873
2305.516641
2096.80602
1918.168222
1794.183025
1630.012844
2231.932512
217.3790055
225.0652553
218.5372007
238.5024285
235.1478302
228.9035243
818.2456778
329.5184384
229.1352648
237.9923637
987.7498141
857.6168488
1811.143078
3010.89473
3621.515239
2089.155737
2565.323115
1717.597115
3376.020684
1586.948253
1778.363119
1593.732963
1655.785758
1438.495277
1354.041148
1351.750127
1668.110601
1819.86643
1578.914179
1971.024376
2050.791648
2261.745374
2056.702582
1880.106326
1932.382012
1763.18242
2059.442466
2159.845635
194.7876481
215.7700275
1407.527686
505.8706182
302.43962
222.4978259
866.4656559
746.7158308
290.7884944
440.9876753
365.423996
1751.37706
1589.518114
1491.823629
2019.512429
2659.202846
3056.184885
1975.129879
3141.172756
2573.176846
2626.76281
2751.01413
2065.796648
1527.724802
2369.740632
2748.192705
3278.874545
2188.507704
3017.426059
2018.170332
2838.188121
2222.695607
1942.654739
2353.923907
2258.155234
1705.838358
1510.030118
1605.730412
1899.28675
401.7286523
263.1322095
251.1974323
237.3887103
230.5291048
644.457175
194.5465681
1878.374906
1469.351419
1251.398212
686.0385958
761.894656
2912.735381
2128.598887
2261.451666
3512.83609
2588.080605
3998.614789
2223.322823
3064.394389
2218.084244
2417.048267
1787.748093
3047.637532
3576.636403
2599.694606
2099.573751
2422.196732
2217.238045
1856.237435
2075.124013
1860.839527
1812.40977
1696.211987
1765.945644
1761.049918
203.1490986
1308.207333
175.6278741
484.6499779
1173.900082
226.8291373
1435.771659
3126.817981
2344.55398
2871.360984
1711.857752
1906.960327
1297.019959
2248.767183
1856.75656
967.5684602
2566.228558
2050.28199
1521.279898
1694.755704
2022.310809
1490.834755
1567.430582
2657.106546
3225.21477
2691.555417
2677.408701
2945.538327
2530.940926
2270.277627
2686.137889
3214.72022
2996.330572
2337.733965
2091.635989
2204.71818
2095.290808
176.6298207
194.8196243
173.0787924
720.6945523
167.4635377
170.5814514
2154.256342
3419.740891
1045.210045
2387.232944
1754.075742
2127.47625
1782.974474
1177.575294
2565.589437
1412.770431
815.6266702
964.7112385
1235.264099
1818.506441
1550.645523
1803.194846
1843.095503
1570.943205
2322.735683
1926.874515
2514.277644
3404.274709
2100.233902
1728.878898
2162.915114
1885.360222
1738.020555
1849.542354
1713.376301
1575.096302
1824.456667
229.6044038
456.928613
1679.801143
351.104585
682.4710279
1321.624116
1322.176356
708.6380185
194.8695544
205.501245
887.0975966
559.0503762
1370.228669
1879.056426
2029.265415
3010.255754
2130.102313
820.7877977
1080.958609
2001.188061
1688.711409
3629.286604
3235.372954
3128.726411
2803.087535
2673.841816
2550.050254
2347.013866
2166.684279
2084.545091
1414.376772
1712.427108
1792.992241
1869.174476
1737.539582
1568.414919
191.1599545
157.5080817
182.0826793
2483.638266
267.3769174
374.2182487
1079.444392
688.2487426
911.6533568
1134.946643
528.1131879
800.2787801
462.041712
856.6695474
2406.708538
1553.744513
1175.561235
1651.239354
1149.188708
1319.245125
1826.421353
2087.423542
2396.268344
2472.618365
1180.213763
1066.189633
1433.58076
1458.316948
1763.930318
1852.264144
2112.226259
1704.817574
1696.079732
2113.626489
2128.434996
2021.594401
200.438859
709.0024796
236.1663474
228.5883043
213.0975311
193.19622
1220.938949
1215.71154
2041.37378
1207.014288
251.9275214
619.3006506
1298.687405
1599.066563
883.5739392
1507.512455
631.1943555
915.2311726
1156.636646
1606.551773
2439.145117
2232.224971
3740.531088
3031.476798
2491.791179
2737.259594
2089.726121
1854.999891
1666.447308
1624.615558
2000.140405
2034.172341
1852.441513
1523.237364
1574.854505
235.7333572
227.8924081
212.5514249
189.4336775
200.8409824
232.8923805
1051.307097
207.4850288
596.5553641
2004.864763
1732.687709
764.2750624
336.4330075
892.4736475
500.1196888
1132.113637
622.2189637
542.8149681
1150.539257
1491.171835
1143.367793
1784.050761
2113.628366
2384.409941
2157.662109
2450.765152
2138.272316
2026.395946
1332.514697
920.2945831
1161.663097
1752.706498
1486.829168
1348.062586
1375.516871
243.0222194
237.3878865
1823.222426
229.302025
218.7773123
989.0840521
827.7504501
844.2473301
1015.1935
712.6082255
538.0517516
618.142646
882.4369625
1028.483803
942.2753304
736.9654117
762.4631651
1267.639081
2284.448715
1551.749633
1684.129637
1786.987904
1412.440288
1676.953863
1857.099616
1326.787315
1473.971607
1857.645294
1907.545305
2074.652663
1831.926385
2464.690203
2603.691135
1705.227163
232.1471172
242.129656
370.3614128
1117.549712
234.9678764
672.6677362
239.03598
1619.29712
1530.642721
493.005022
466.6956621
477.3182471
230.2958152
333.2096387
533.8724717
804.199584
1258.068302
1951.00532
1742.407642
1146.151072
881.5428777
1222.196825
1944.130067
1611.860504
1272.886823
1908.794222
1495.528179
974.1113412
1009.638666
978.3754174
888.4691867
1254.610426
1896.951769
2076.106647
213.2026031
454.7371843
887.5696902
579.9555385
558.5015916
796.2319027
250.7761304
307.1453573
619.4189294
418.1666538
698.7291059
568.7979047
920.2115937
959.8775944
439.454661
1183.080483
1537.079829
1103.64514
2092.170081
1662.770899
2005.036526
1576.845695
1367.218642
1337.81957
1767.978528
1811.166586
1639.344304
1365.419603
1166.774512
939.3201976
1144.968404
1284.074789
1315.110719
752.9141428
1208.386914
652.4792819
208.6883627
222.3248557
1546.449579
503.1454319
877.0251799
723.7870488
345.1880185
575.0637801
492.4645651
632.5394589
1368.507073
514.0116881
788.1960726
1235.60068
1052.729544
379.5223128
1108.02911
1675.124534
1319.904765
1068.073917
1916.543534
2090.314968
1434.959939
1668.607045
2224.728289
1906.66942
1322.646777
1786.38671
2391.649658
208.8942945
2440.486756
344.6707408
750.1002721
302.4380758
226.7948303
213.2997464
454.9592914
253.8045692
292.7003564
954.9487549
973.9856521
523.0534538
2094.033112
550.467199
1072.385551
594.4301297
411.5313302
702.4773439
1040.951431
600.9623756
821.5319165
1038.033207
465.7868712
613.8483934
1134.136338
1950.757451
1221.056688
1026.015979
852.8485133
916.9188044
1397.396154
215.3933201
270.9540908
241.8748345
199.6856568
1197.775953
430.036012
509.3730277
205.6367374
1091.91063
1283.767335
206.3940011
219.4746102
397.5955682
1516.957572
902.4736781
622.9787197
497.0248395
621.5188748
1533.807634
1029.395526
561.4731054
606.2086014
2052.680372
1997.383079
956.4225152
782.1140116
473.7474697
657.5531435
481.4335166
719.5922173
785.2704212
225.3388646
224.0241551
2596.39866
216.2893233
305.1983912
386.8563961
386.7686724
431.4319362
1363.787007
1260.865635
724.3236315
1688.913513
793.1906136
644.6963688
1167.436056
472.7881002
430.4643425
543.083993
787.6133811
1400.518386
2067.445051
1384.187142
1911.20099
815.4765213
795.7291181
1029.05611
1305.447626
1337.608948
663.8354815
990.6370598
183.9545272
1304.134177
403.924466
217.1732474
211.5936882
196.9413157
590.3103056
542.2015449
339.8635963
782.3895672
809.8578719
2321.349181
1378.403691
838.0164318
1322.828578
1302.262283
960.6269796
1328.395623
988.4004699
692.7089002
1356.668978
1130.67774
2008.050191
1204.548744
805.3982284
917.2934787
1095.496186
917.7522176
714.368567
243.2981092
237.5090017
232.1533885
233.9432208
1145.055857
232.3176351
402.1614784
397.0170397
1883.524667
202.7185294
181.7410492
734.3472043
662.6509153
1152.197229
886.5521486
1100.01553
246.3927924
232.2754648
230.4626786
218.2072192
467.0687159
796.5560325
1244.223062
738.2647276
647.8750978
878.0447564
984.7076677
1055.077627
237.2033727
345.3617337
239.8184558
243.7031591
249.1886075
263.6950016
643.8555109
786.9407836
848.5810893
266.979068
472.1813514
1691.664296
797.2915429
385.5193455
1050.716353
1095.489999
317.076362
501.0580294
427.1135044
412.9355307
990.4424481
1162.4786
657.231733
858.4098665
726.8238323
804.6614412
206.5607782
214.783704
202.6543763
187.588728
202.713605
282.1536632
412.0615131
238.1808177
265.0571816
428.4066718
552.5917618
472.3065588
455.0788153
301.8673346
253.1610651
294.7923961
268.5198318
297.6401313
1421.064501
371.8606374
1089.645971
1343.6299
1093.031531
1201.063584
1029.557767
490.2878803
213.8713721
207.1688381
330.0214194
306.4512307
367.8884413
472.4964657
761.4450963
302.5811662
198.5496416
191.6629299
490.7386886
1159.610432
1525.924256
548.5691396
296.7964724
593.2914913
471.8594885
218.7472536
893.7693141
933.8640676
460.1603832
605.0957776
205.0229853
204.8313342
570.4726038
508.8381191
237.0185927
348.5908321
307.6338323
306.8173872
319.7897764
345.4397611
284.9403867
716.4593133
579.3709546
448.2451121
231.5021452
429.4472478
461.4964248
966.9418135
685.3196623
470.588363
220.9852619
276.3731843
283.1208007
224.3119519
473.7405206
1102.312878
968.747315
458.4071531
365.5216234
218.4674717
237.0338396
323.4026007
210.5904459
197.818086
198.9783014
189.0210227
174.9768107
2102.1265
1774.16498
180.6990313
197.557129
370.7558167
3789.108446
2376.051839
1374.399748
2046.363351
706.3920197
951.2304759
1161.636424
2440.706417
2233.988465
3646.229056
2786.989614
1441.581952
2594.660362
4040.025938
3032.121961
3282.555212
3658.837258
2870.428157
3256.388569
2610.478671
2192.064024
2280.477098
2832.487141
2888.154141
2033.026152
1950.575077
1824.183779
1528.964948
204.8475486
215.0526005
226.6575245
228.7495565
240.2430832
250.6644301
2479.591391
3028.504474
1975.503967
1262.504606
1140.623285
1390.144531
573.9612368
704.590102
1457.963938
1273.31716
2951.166017
2825.802944
2572.403846
2534.794398
2982.657115
3310.085487
3512.281315
2593.241609
3098.135341
2132.601704
2278.008339
2370.097955
3290.390856
2561.7292
2870.383793
3026.610418
2729.458894
2280.685694
2077.350846
2207.697485
2364.942998
2433.129055
224.5290114
232.5904791
229.2194444
225.5259362
234.0424653
236.1653624
578.0137431
459.6914547
2113.60162
1287.867233
592.2519941
2876.584888
2545.294492
1006.443608
3120.665247
1426.982374
1594.953612
3641.664651
2519.782008
2824.973559
3296.461745
4149.607019
3034.799185
2383.036454
3020.236906
2647.625075
2285.748555
1568.437764
1962.608333
1862.063176
2207.093436
2328.223441
2132.611402
1840.832711
1914.670252
1513.521782
1642.478031
1724.581749
220.8046602
221.2391182
215.2365535
218.0415809
210.6761934
480.0620608
689.5952958
1159.364456
3031.709882
867.0276394
1409.355449
1644.14488
3136.598611
3323.961438
3455.476584
4350.804529
1055.643795
1692.372056
2673.295676
2185.109546
2712.908769
4168.442922
3895.955684
3394.730259
3270.030349
2001.483458
2312.44893
2145.34356
3026.969921
3383.088717
2387.655878
1850.074922
1701.282709
1769.190696
1984.844521
2100.438117
1929.460522
1810.855983
170.3577655
181.4791158
173.694083
175.1663099
191.3075746
183.4461295
1026.986879
2123.186319
1170.019096
2557.633752
510.411698
700.1379295
1294.392905
725.4936561
630.5677077
1115.873907
1659.400807
1914.112317
1796.516263
3498.1154
2872.886159
3627.570794
3520.629964
2777.155442
2176.861853
2251.681459
2560.914199
2331.193919
2405.1361
2591.702013
2997.478599
2412.086326
2437.404981
2447.073296
2390.379096
2259.271605
2212.965769
2264.53507
213.2506403
204.0697772
212.0177439
223.54697
217.8714043
322.1178092
1992.944613
2610.673197
1665.931896
220.6749518
536.3047427
868.5709045
1181.823479
2112.765858
2429.982698
2864.550402
2806.800364
2642.446627
2901.088627
2778.158472
2206.544247
3342.675447
2808.593453
2939.948362
3066.974773
2088.073147
2614.066339
2342.436084
2735.262375
2573.018386
2198.072808
1850.480304
1695.316338
1605.156871
2477.696729
2443.737839
2151.115416
2132.715465
195.6435965
192.4968404
175.2326965
172.7155223
177.662638
185.6333354
2067.059286
1057.732059
1498.21348
1931.248234
2489.032065
636.2615581
906.488352
1444.148521
2430.077004
1895.624716
3955.755124
3758.025238
4409.140956
3185.492188
3595.494343
3982.637415
3894.462699
1940.636005
2339.694485
2354.713262
2288.353659
1642.232981
1952.01893
1366.661504
1855.023322
1918.752384
2079.566991
1836.452718
1606.632685
1793.152122
1756.225369
197.3963703
287.4576877
407.7629718
296.088515
291.9571517
219.9156727
483.2443535
534.5763533
2278.878521
1738.82466
316.0595958
3004.003728
2384.625431
1067.540916
1767.276966
2172.196143
2620.134605
3263.368438
2409.955255
2148.388494
2129.082691
1862.261338
1185.368678
2011.253756
2798.295891
1932.242278
2064.873436
2132.578957
2303.116811
1909.826425
2275.546321
1879.87209
2009.348249
2187.209348
2395.815834
2005.01784
1564.266528
234.035493
221.7103737
242.9822955
310.1324447
313.8911556
236.8472015
246.8271809
256.6381643
300.0091827
356.585469
332.2722994
300.2856157
1945.948867
2143.234289
4365.614127
2371.679071
1509.897771
2386.827125
3512.106497
2016.256214
2353.829325
2497.117005
1995.209254
1411.605174
1630.184511
2054.566467
2073.804341
2010.206844
2365.047763
1444.604438
2150.807409
2691.897486
1947.684007
1596.886433
1767.990214
2364.275356
2434.528556
224.2840156
476.2203743
1244.370022
212.7622469
293.8786518
175.5055005
305.8484662
675.0155298
277.8486808
998.6692824
1053.769668
1162.971203
431.3623066
775.5480058
2441.424203
3296.467159
4238.16122
2800.826083
3051.423307
2885.961987
2205.298423
1870.258132
2209.834819
1972.372619
1420.479151
2330.931586
3383.105217
1833.805058
1541.396785
2181.411949
2234.685467
2045.349557
2024.285237
1637.494757
1568.553048
1615.507722
1418.892769
1468.890346
212.2197529
202.5057349
1600.616968
742.2361287
253.8214297
1247.733194
1466.635221
3634.336785
1554.929526
624.2456544
1420.139478
880.8754487
868.9573678
880.962394
1192.832359
1563.327605
913.3884579
1819.093255
1043.177273
1620.713777
1322.243072
2506.608108
1321.515686
2191.918009
2326.17734
1904.578978
2217.61869
2666.86947
2350.93137
1468.544974
1460.237452
1660.715314
1736.765285
1593.641214
1571.22764
507.3803093
231.8758758
1962.475656
205.3070314
211.6108103
789.22936
350.8609488
744.7027561
2229.627833
809.4788863
1316.914013
3064.097503
3419.712929
456.374692
3297.399444
1731.849901
1650.185382
1604.623929
1273.995188
1308.017926
1938.916398
1552.719134
2106.403774
1962.077942
2037.9865
2599.849525
1975.273003
2894.825031
2054.306158
1240.405123
1301.153068
1892.820519
1693.504522
1987.22435
2146.276804
2071.214742
215.9880327
197.5173972
201.3570483
210.3655632
184.0436601
715.543578
156.2982098
1441.413357
1644.400212
194.7015002
1195.584601
1547.707202
940.931368
1756.486825
447.8798307
2967.183923
3259.219466
244.9534356
309.6119518
1469.686062
1558.834696
2366.988243
1869.21194
1964.938569
1764.636577
1699.459354
2354.598066
1982.127712
1703.51622
1695.872121
2229.043351
2386.460065
1478.003499
1598.378984
1677.807185
1789.062376
180.5899738
178.12595
172.7945295
154.4446402
148.9390469
965.739055
560.5527347
442.1106222
535.5901781
923.0245012
850.9846151
1118.852926
414.3756179
350.3898469
1302.657322
1297.823825
1189.946628
588.0821163
1592.646274
1469.10502
2115.444181
2774.514945
2550.009317
1664.390444
1570.519924
1550.968988
2401.886443
1842.942869
1812.338185
1337.604395
2919.817657
2450.213254
2013.06234
2492.947091
2590.286675
237.2614531
2239.346834
228.6434643
220.5439207
220.7766874
224.3572979
1899.899597
1023.440693
1528.010932
742.8151753
1333.287939
393.3687648
1016.578024
740.7847981
914.6173507
1680.651009
1197.520031
877.453614
711.7614175
345.437743
739.6020613
1605.956615
2794.138621
1388.487787
1576.339454
1246.377129
1814.781572
1559.11705
1788.398593
1896.701893
1571.134484
1653.737745
1334.168148
1304.100032
1531.72844
166.0605821
168.0259626
173.4796888
178.7183216
183.4370033
212.3628595
961.2664223
410.6339173
2397.087161
487.4821209
1197.370067
707.5347303
1199.687967
1249.018107
183.5756386
2944.009587
1924.067057
1748.935848
1828.468561
1463.874186
1844.682592
2050.208345
2583.977784
2648.602329
1523.316365
1334.769793
1724.171743
1278.268093
1261.13742
1184.547174
1113.296677
2160.220781
1780.810875
1735.94449
174.1017025
180.2260174
314.1022218
345.8410515
197.1963737
210.3496071
556.1224865
208.9037252
1676.621751
281.3904707
368.7169809
468.7226292
498.0730693
1380.913036
1810.687358
426.116323
539.2553374
791.9051152
993.8267502
2710.035491
1465.172341
804.8867765
1770.771912
1953.061182
2685.43189
2211.036136
1561.296316
1842.064338
1384.307692
1207.746006
1451.760591
1249.384947
1763.337793
2282.387348
218.8098718
218.9178701
234.7457589
378.3996398
463.2173765
868.2229895
783.1458783
1547.67812
559.2267849
509.9706415
412.4048586
262.5304658
540.7406565
385.7048878
572.0631253
638.6272847
691.8233622
1763.305693
1650.53634
427.9862449
596.7683267
1069.176695
1616.141908
992.074343
815.0399696
914.7060468
761.8543555
771.0361855
744.7359713
1070.1729
1234.569311
1191.55336
1953.702078
217.1898707
229.0449908
335.1722611
267.7854545
554.746346
443.8018787
246.6584886
415.2856977
607.1641619
442.1760955
769.770714
233.8720563
230.5966484
235.711388
243.6461567
522.8041447
1071.341219
955.5168078
2265.487893
1684.244509
884.7337847
915.3078834
1156.952236
1299.708363
2065.262869
2731.115276
1378.419279
617.1552087
753.7257665
1174.591775
1068.743055
969.1465129
221.1382871
382.0854616
497.6846188
752.392381
796.3986572
454.5854749
408.7482938
1422.589299
594.1676716
293.2600922
475.4109022
613.7040285
1026.038498
985.8353214
270.8924585
278.611673
488.5670233
519.8111561
1174.009703
1117.29111
1123.677192
829.5965724
765.555066
787.0197524
1305.023236
1294.292659
1292.630101
1766.873618
1507.559876
1390.973113
1069.553209
2164.324329
1186.350816
701.0585014
1529.121851
222.0336173
221.9162937
212.1931544
539.7565824
962.0941277
841.3030066
849.4920903
1014.145328
697.3102615
1048.750859
319.4048088
227.08468
230.8119238
726.0545964
684.3769405
1561.221073
1457.274071
1266.347415
814.1885928
1381.030455
1244.920256
1536.415331
1290.54011
1746.887423
1944.183833
1612.90891
1209.861782
218.246846
311.9822438
586.9773011
391.8263204
193.3579566
346.1108783
248.3740901
242.3470683
622.2437698
968.4323045
453.8564471
340.3341655
1018.940633
814.0744571
762.2657919
887.9240083
506.9933762
502.3379837
1307.262232
968.1231725
999.8904391
1087.84213
639.2902558
1260.371662
1240.976919
1669.204854
488.9302478
693.2961261
1069.987474
906.9818494
403.9750486
413.7285621
617.1472977
485.7255083
1277.004617
918.206375
215.1175254
218.0085668
542.5124737
1101.128629
545.3176829
384.7804358
447.3248214
822.1329571
235.1903853
513.7458009
319.9240335
1268.457181
2981.510662
1895.100084
1670.477184
1215.687802
1632.273715
1503.13683
1059.857429
658.765785
538.0259348
894.3793053
783.8194399
785.6985474
304.8551079
767.6287257
689.8658564
904.2469511
1177.104275
1022.607268
1235.34275
872.1496197
1907.561344
792.2577619
715.3816449
1643.108585
927.1465964
434.1313323
391.1575839
389.6372297
407.2684688
604.9921046
670.9510984
817.8057182
816.2271228
890.0190819
869.3153806
736.8260563
673.382982
618.0724958
1255.98392
196.283326
313.0859902
891.2494178
542.7060911
482.0018309
1090.683948
827.8264421
403.3719033
1603.106612
1359.109439
493.086663
573.4400515
689.2646558
393.4314966
974.8622709
702.8532381
350.4916665
246.9266165
462.8941983
699.366613
733.2693021
854.1125602
831.7723993
893.7844844
896.8864412
883.03554
725.1720281
602.7761823
372.285522
331.7337858
528.9968174
848.9989261
247.6894367
524.7820192
964.4258184
809.5408304
396.3127703
1774.217886
906.9064009
583.7490277
944.6668033
1364.357821
641.8932909
251.9206822
251.7945531
341.896057
413.2917085
497.8244202
319.5701562
381.3839699
482.1461185
224.1093998
220.9142175
277.9231973
478.4815241
569.6591344
291.1302912
173.1163794
199.1715018
875.0728755
412.8967237
756.4066499
716.5613307
684.6565852
1039.334468
843.3673141
534.31409
364.1288125
423.7924909
443.0617479
398.1382331
315.5312843
642.5757123
476.8117129
184.3428367
195.0455679
196.0759075
205.195676
224.3375629
232.6174506
364.4540325
906.9964403
495.2135137
601.7856097
310.7990356
509.2068769
434.0113033
743.1026545
896.0130329
594.7649624
360.8444141
578.0094689
350.1796018
240.9549766
232.6842293
221.0968613
212.6801926
184.9698793
470.233341
767.7221619
521.6603807
467.4322423
1361.088388
669.4133733
650.2271595
1391.777702
1017.058619
876.5806576
1807.217972
202.7530084
214.2577225
236.3973548
227.7766071
206.5420127
4265.340852
925.0655688
222.534319
536.8395157
1492.176952
1777.084052
1391.859528
931.2475788
2097.966135
1165.79172
582.063828
419.6085246
1926.420978
2282.546182
1661.337513
1540.719994
1634.43944
2304.527813
3139.066984
3341.621103
2142.704076
2388.926333
1825.116934
1750.595187
2153.798944
2055.469821
1889.945775
2251.831895
2698.991953
2550.108229
2300.160434
2156.30289
199.8835957
225.8631875
237.1900189
249.6889932
264.4427556
264.243838
1532.619624
3656.462485
2801.617539
218.4255126
2040.349005
1053.805611
632.866845
1301.226665
741.7822685
1401.869263
2768.037635
1591.129635
1576.113926
4012.574124
2344.439384
3013.269847
2349.184066
1945.410087
3136.656055
2108.918604
2648.693578
3083.518448
2241.839905
2544.470846
2292.698819
2219.608956
2718.455279
3001.853409
2230.671517
2149.96888
2201.667584
194.5610064
196.831763
201.1259397
205.0911537
245.2302346
515.1098746
761.7950161
830.3709087
2028.302072
293.7600033
3237.838469
1839.8449
1114.708346
1294.235422
1652.656796
412.9249622
1616.422688
2599.370482
3426.263567
3254.332242
2119.097689
3731.317919
2943.652791
2369.876084
1897.707997
1587.091656
2164.009723
2007.228428
2220.615638
2074.105003
2276.459878
2416.806067
2102.457477
1572.380712
1827.001776
1684.40883
1816.950289
193.0430447
205.9985423
219.7287242
196.3789732
214.7361076
252.2399342
227.0840787
3150.147456
259.058588
1364.930377
1722.128435
2649.176435
1987.899574
2537.532763
3348.312068
4094.131223
1156.617615
2211.937537
1009.852442
2235.01779
1234.517316
2141.305571
3088.978513
3006.396977
2017.294365
2220.610288
2169.472746
1775.894309
1497.872934
1696.444333
2091.337824
2162.083148
1723.852332
1533.311969
1644.232517
2134.381796
1487.081802
199.0826558
197.5122906
194.9583843
191.9815202
191.3107137
214.5457313
221.6038431
584.6848432
3091.029557
615.7132509
850.9370372
567.3211646
2372.368668
607.2442871
1316.546367
3035.069738
2179.278971
1370.983328
2419.344286
3232.169753
2419.538771
3390.939338
3505.366209
2096.888468
2664.193287
2096.862937
2097.06868
2123.049393
2000.474059
2245.267884
3063.799142
2460.326708
2291.409635
2249.177544
1902.482601
1791.667374
1764.710369
238.8455281
240.1186521
260.090596
279.5243612
259.4922826
673.9195056
2904.415598
368.8766026
1030.917977
218.963494
253.517685
674.3378328
541.3097904
1428.720036
237.6153338
215.5989269
708.6141448
632.5637304
1849.107153
1922.761102
1361.676495
2677.678323
1464.80893
2972.376202
2471.326107
2319.161195
2411.957389
1602.761319
2148.543028
2422.218581
1568.894962
1594.50119
2134.015152
2198.127914
2172.137528
2057.775916
1698.808818
228.184736
216.4035462
218.0246141
202.5761985
189.2570295
205.4400108
467.7360624
293.7627161
1619.524996
2099.521114
500.2428246
799.0401455
1466.895017
942.575907
2161.080155
2703.431011
2609.049656
3805.728952
1753.890538
1207.166636
2157.189559
2371.560457
2405.309779
2850.895954
2237.607784
1456.56359
2228.006592
1884.559549
1383.125325
1957.547766
2312.253806
2361.847515
1867.776318
1656.588793
1724.552987
2091.232746
2038.852628
214.0422996
204.300938
201.4669818
207.1425374
290.7836384
305.0983626
227.1459587
809.7757329
741.5341041
464.3499335
1029.072102
2393.058905
518.5313903
1097.79941
1271.076485
1323.424819
2301.578361
2140.228711
1159.023465
1405.508997
2291.913792
2171.01805
1145.05841
2061.890964
3166.98367
3062.61997
2782.004187
2657.305369
2928.316366
2077.751578
1752.886197
2112.524903
1653.119106
1620.510578
1790.304347
1935.609984
152.9764082
767.1277967
190.1482156
182.7967695
180.458941
185.9062523
194.9582667
199.0690037
268.9156226
547.7431388
974.3841925
2210.51399
2688.283629
2200.93045
2410.691805
1405.841592
1711.689603
2857.101556
2192.87977
1483.8958
2329.163193
2421.342588
1888.355737
1500.455623
1849.871078
1331.399374
1235.81778
1611.882788
2147.255568
1983.99132
1813.803098
2583.607321
2850.644223
1868.359368
1538.540116
1451.353187
205.6254185
932.0541924
874.6110896
735.0325909
673.1134892
704.2887444
514.4655758
372.5286765
1319.809533
915.751153
237.7867084
242.6609317
828.031635
1210.155352
1956.129948
2254.181963
2462.307127
2718.020221
3411.114951
2583.23444
1910.700059
1930.735822
1664.372991
1830.282526
1391.58785
1471.058949
2090.84406
1206.381593
1282.442767
1574.732427
1269.157807
1828.500472
2102.823204
1864.888493
1727.780591
1823.586114
232.7365219
411.2961137
1270.6969
434.1141374
333.4444065
410.0803789
982.0206202
1436.316392
2394.580508
518.5650496
1714.008246
1738.113617
466.4233036
1272.551701
3032.764585
2995.639836
1738.918497
3331.418668
3149.4194
2209.395614
1757.97674
1235.296792
1898.437439
2008.441203
2220.641024
2806.347276
1763.756349
1967.621073
2214.088321
2744.390098
2523.228837
1733.847444
1562.019302
1375.494022
1612.734649
209.5171954
202.6291845
197.7572125
1199.142554
175.4779528
310.0555315
701.1122388
2542.106996
1305.412498
2001.199651
3003.863895
4051.335717
1700.855822
500.10752
1702.627135
1782.462676
3839.131215
928.684789
1629.322514
1130.882074
2442.936985
2146.914598
2564.762956
1534.933182
2006.563546
2349.419097
2683.600468
2485.194323
1086.713797
1488.999876
1620.463787
1709.58705
1071.36434
1461.932876
1711.585049
216.6320399
395.3463823
224.2590049
224.9398216
3609.87836
247.3700359
221.9595375
2518.919159
855.1808333
298.8107617
717.2656958
1098.132054
1002.582112
1377.075477
769.8727922
2187.29106
2261.884883
2615.784701
1087.32429
1249.999169
1770.664516
1943.161573
713.2534169
1011.013487
1835.79125
1897.700398
1497.676969
1995.54404
2367.923831
2084.40977
1901.805106
2462.066276
2141.073321
1739.630039
1685.957195
154.6488071
178.4504276
168.0028071
1076.096969
304.0985058
278.4721551
1809.03294
844.7073042
642.2120823
646.8870531
510.691583
1148.417657
412.411104
1246.284984
1657.467135
1276.70609
1522.069645
1292.140341
1442.531024
529.4847566
792.1293987
1576.064448
1974.300671
1755.96227
2033.632933
1292.494458
1016.949241
988.1658689
1314.077119
1773.483048
1940.929719
1915.643168
1764.551464
1876.459465
198.7962556
189.2932579
198.4094687
202.3648723
198.6303422
341.7523312
195.737625
192.4428218
205.4107496
836.2556759
1231.917159
956.5897057
650.5110958
367.21985
537.5989615
528.7002691
285.9930233
877.1920164
1763.957088
1376.155042
1417.331026
1789.828111
2121.829136
1239.712909
1889.385272
1954.797343
1922.713845
2110.438391
2090.628174
1767.601133
1640.535016
1372.22336
1310.065621
1245.522359
233.1028112
225.4941274
213.1453703
198.0914204
317.0293951
2642.710655
324.8770811
2222.625185
869.1823166
378.372885
1630.194541
880.4509908
757.7567671
624.3645358
888.346615
639.4808181
1024.154381
676.3004055
348.7623619
354.0379666
1445.338563
1782.657071
997.7907365
1855.076531
2192.041653
1126.677173
900.9583338
979.786425
1402.157985
1895.683539
1670.395506
1489.902413
1092.280319
219.3626202
251.4656424
247.1185608
249.2070266
229.5706987
339.2646596
468.3928409
1338.67482
610.3612567
272.5061083
349.6054816
314.8777671
1250.117292
1802.442357
994.028755
1635.398412
690.7931406
755.6506767
850.8803954
1359.580925
1578.77474
1165.680861
1028.624181
1700.088345
1278.555882
1756.87955
1791.975396
1576.924115
1465.023216
1131.7848
1267.521071
1518.991454
1435.878414
234.1476879
230.0426195
229.6767257
235.1469007
348.0361436
497.2395363
1847.952414
795.3101764
281.8908136
224.243401
233.2261098
511.5530879
1253.619873
757.8176574
843.9712952
1083.361339
671.0742415
1918.983671
2085.568804
789.9906731
1144.015585
1192.029785
896.8762299
1098.797641
1079.171261
1465.918214
1181.916532
1207.937633
947.8663891
791.4624489
1175.461136
657.2270443
194.7616174
203.8069028
203.9631356
247.6603095
920.8611133
886.1938624
250.6629529
488.0825648
551.6305912
611.1504259
309.6028017
201.3215243
191.6479244
376.598647
621.3791153
898.3144998
1482.41536
999.0368316
974.0424887
1445.211327
1256.450985
935.5039036
670.1570882
764.2232819
1012.276361
2005.632525
1815.919968
732.250009
1021.853984
1213.774733
1412.67621
443.4797352
464.425979
217.2643668
497.6048526
1452.990516
305.0671928
390.59282
488.2565128
563.4997323
1114.756222
331.4080103
308.1271205
603.5075318
962.1912462
903.4183939
757.0258667
327.1673817
383.7525373
973.6652935
1175.511755
870.3263637
694.0410719
373.7468622
282.9695845
800.9394112
903.6897121
654.6605762
931.0631629
476.4511408
1089.878938
184.075058
1420.740774
882.9739526
224.0309048
715.635041
520.94493
216.0964241
592.3825101
692.5327199
1106.656909
767.3140486
1282.355614
606.4344354
715.8761582
640.3897489
564.0034334
815.2164936
542.1248361
1140.036861
1596.470094
1498.815769
866.3377316
637.4016801
434.543541
953.4440099
1024.528471
737.2150938
969.0300249
1161.067328
237.2514361
1834.787089
372.9965156
202.9709034
204.580536
314.3765382
340.7853832
301.9130743
328.8603371
1158.379581
938.1870124
1102.945684
425.9998009
467.6909717
410.9918894
271.7373438
232.256497
688.4210694
861.3438256
1097.586614
1065.534897
1029.332454
1148.399076
947.1071219
1222.894612
1192.111586
958.3409263
838.6318828
200.9618016
349.5729292
194.4235873
209.7655335
331.5245492
206.925605
216.9230468
228.1449743
269.7083593
599.297543
659.0982864
912.669216
614.7426713
784.6153749
495.9293202
544.3282618
619.7433007
1258.573115
437.3723335
1279.945507
2160.949716
1218.560552
1339.513411
1242.428229
1037.836832
817.6167689
1328.407127
485.9156809
701.6053663
429.684908
704.3962421
667.2849589
428.0540798
265.571417
225.7829431
221.2980845
662.0486246
787.8776529
702.2510785
898.9615077
462.2730246
462.191933
500.2675354
1348.517837
606.2218926
312.36112
431.2685456
1274.891065
552.2661358
443.9108232
1090.994821
654.5392801
584.7503888
222.7353284
578.4906254
587.5095721
363.2227553
347.1091246
964.9064385
660.2317256
318.9885994
573.6697179
492.6637381
383.679831
528.4218995
815.5997828
256.8773182
348.3772519
456.801079
592.4028767
412.0898463
369.560644
613.279704
1026.890909
847.2427578
896.2213531
502.2126983
709.5128882
1102.671914
205.1928046
203.7755115
206.7188881
800.4574799
760.3646402
614.9704826
464.4756609
184.550552
426.1863132
891.826293
849.120538
574.3368599
478.7127839
608.4698806
834.7280723
499.9047753
274.2296679
256.4306814
306.760302
622.3446905
425.0577164
515.2610658
193.5640132
201.0549866
193.6035617
328.5427091
201.5878162
596.5569692
377.7911652
446.8309392
461.2327887
822.18434
551.4318935
551.5961271
417.5542676
543.6952651
450.0720042
425.8283054
418.1571581
442.8148328
664.8766132
795.1369609
843.8883201
205.3838653
211.3487386
195.7352132
183.4525006
896.5282443
750.1036461
1365.041631
381.2997982
1256.02399
406.5234642
683.2841245
658.9055102
533.2023621
203.3461572
200.4990732
634.1382237
1359.534226
202.1741429
197.1317005
182.3734383
171.0125331
1130.654879
1004.916804
567.3005484
2398.626762
575.9518523
1222.524395
932.3538313
951.6618724
958.9139064
2547.659019
788.9432694
767.6793695
1613.893192
1675.070039
2465.195642
1192.757108
1548.138542
2102.232955
3004.068574
2807.635357
2072.371382
1772.230778
2333.405972
2155.244926
2091.208814
2189.444287
2421.603106
1890.951599
1721.377409
1847.741556
1863.564217
2063.482683
245.8366426
874.8793906
1092.559114
1143.120605
1749.217137
2007.293194
1644.832494
1388.123949
1524.687698
170.2713086
512.2381718
145.4622877
149.5923155
1503.055081
513.3333397
1142.171034
1359.931016
1957.688657
1463.894845
3531.086647
2048.352983
1867.012564
1942.06225
1590.381586
2703.500157
2441.22309
2045.227662
1715.995241
1537.724682
1854.152491
1750.843124
1913.27933
2243.272534
2663.304213
2049.569335
1738.744838
202.1898395
200.4360597
188.9650068
203.1639762
216.5037187
650.1399227
262.7455122
1194.094283
1699.492042
984.9551478
3629.803893
676.6468038
1655.029738
2517.635422
677.4177659
1011.869105
2164.982399
3505.295127
3242.544795
4113.764738
2595.442106
4355.638408
2335.950181
2765.178889
1208.837586
1825.017292
1400.744664
1436.525797
1969.313843
2581.580096
2359.534743
2322.576662
2096.781028
1620.541699
1132.680786
1460.932001
254.5401274
241.7222686
229.9689128
233.3136782
244.3692922
651.3179237
2451.300112
1189.043604
2562.496271
3035.77539
2120.580896
4583.626302
542.5295657
2074.12214
4728.270475
3236.181667
936.186139
1828.533522
2260.592467
2480.425833
1614.316951
2735.462584
3900.014947
2958.579005
3094.319077
1992.743697
1860.661305
1867.493868
2100.344432
1637.818638
1945.131311
2225.502806
1797.358402
1569.969327
1489.185814
1440.10415
234.5718122
233.6121022
232.1416072
222.7182054
229.7839011
206.191206
202.9705469
2777.965016
746.0504783
739.3632798
1463.285405
1906.526319
1318.836278
870.525235
1429.37991
1684.782884
1322.31623
1823.146449
2167.886602
2566.803197
1920.36685
1298.465465
1633.873134
2932.336786
2895.776889
3351.501808
2126.436043
1918.028298
1873.600863
2083.64996
1834.842854
1475.898495
1555.019517
2008.49723
1960.306827
1975.477866
185.8932175
188.0451562
199.1484932
205.3875954
209.4219958
2996.270761
687.8699825
215.5144364
332.6196659
244.3744571
1302.660025
1438.816128
1702.815409
1114.141341
193.8283929
828.319002
691.8202724
1286.22877
2160.058029
2399.875782
1788.233892
2650.227244
2818.47014
2184.145033
1816.319403
2072.106739
2629.862067
2363.096078
2422.413705
2924.4516
3259.539455
2197.880931
2274.076402
2316.4633
2308.032193
2229.640299
186.2942458
182.4891078
173.814325
186.6013194
181.5706914
185.5099529
188.3853661
333.2485518
1172.247523
1597.062885
862.6578906
1484.565601
1926.461913
1165.346747
1661.883647
1954.372618
2097.350508
1931.607913
2065.124709
1754.350547
2386.55911
1949.567207
1883.914957
2184.657908
1757.421381
2074.689032
2313.991962
1747.684744
1671.79034
2265.477574
2218.098134
2168.644974
2004.765679
1367.208163
1167.718885
1797.348696
238.1609638
237.780091
231.999178
214.2533227
204.7174901
195.7442055
193.4276462
290.5003024
759.5508253
430.7988107
912.5200914
3099.17236
1794.10802
1411.162006
1966.579648
2046.75291
1935.083517
1462.955526
1378.676946
1885.376361
1563.447482
1616.582622
1225.202774
1660.910837
2599.412667
2675.441227
1709.455802
1313.136308
1311.258484
1343.605625
1673.482802
1624.02629
1425.131147
1229.297283
1581.229445
401.2213132
182.3635587
162.8322769
164.7624124
189.6158602
180.5961499
181.1210406
270.9953119
577.9987505
771.207696
167.3105862
1587.201476
1255.583465
1766.24091
1914.797128
1598.599468
1600.55932
1902.392509
1271.077345
1031.403221
1630.358159
1903.541135
2087.378529
986.1554094
1843.757722
1693.826113
1383.774474
1130.770801
1580.426727
2153.657552
1218.759166
1370.838417
1624.272546
1839.204118
1762.037154
1444.512649
233.9821103
225.3324875
217.2149945
209.9828627
214.6841362
197.3196508
194.3080581
747.4755881
238.5566229
226.8635938
795.6651099
1741.185535
1195.743539
1754.856682
815.3529648
1525.599552
1813.407953
2387.183835
592.0244871
1028.820394
1357.098545
1132.481649
1386.525447
1519.407341
1483.853776
1842.548702
984.8528967
1397.801916
2494.934499
1254.589366
1344.566999
2605.79742
2678.133993
2229.626708
1389.757114
1199.164007
236.250128
232.8891031
233.7156021
401.1167033
800.8154338
1573.546468
566.8171517
284.6907785
590.1334159
1648.74028
1303.129153
953.6216802
1844.007772
936.6116735
1792.180882
2130.71842
2742.530481
1888.267542
1335.325137
1352.134694
1369.558744
1468.584152
1458.807629
1985.319146
1080.167638
2061.251816
2328.923474
2276.890917
2198.733247
1800.80461
2120.44192
1673.810651
1991.675702
891.7747862
490.2130108
1223.550896
612.4801109
432.0201494
338.4798124
467.6050352
1774.303156
565.9849129
1891.51737
2440.433735
788.4767536
1406.661435
1738.697303
2415.432498
3523.979748
2218.505613
1920.204084
2159.708191
2244.962346
2474.369368
569.9372452
716.542708
1890.737457
1926.41475
2931.945167
2054.99105
1493.129366
1712.79037
2217.708604
2340.640133
2333.410631
1825.572674
1833.460216
365.8130627
561.4034747
723.3301131
227.1581718
227.8726143
231.5584335
1745.790299
600.4977759
312.0415909
1486.742114
1219.040371
1737.42996
479.7675313
1051.074783
1202.022642
963.084272
1517.372156
911.0081035
1968.406852
1053.765645
1907.709873
1940.092783
1003.523909
593.2716209
1338.247451
1077.317714
887.3751158
1604.418149
1612.526895
1554.274718
2053.344953
1866.725157
2123.823727
247.5501921
244.5011349
224.1215904
783.5984389
301.3380618
309.6101032
1734.157775
339.6480902
1398.691602
290.7596047
465.9352084
1251.714685
713.9762054
644.0364534
2172.314111
897.1690527
1361.407962
1058.407119
1119.125307
1865.77894
1502.072715
1242.045634
1701.763692
1492.120282
1173.117098
636.752958
1051.494529
1393.947239
1957.759139
2022.144497
1417.475306
1463.962975
1218.996294
197.9296283
191.256266
186.2806803
934.8880446
195.0423149
231.4242394
2752.301331
1210.933486
295.9704886
193.957291
498.0278336
1288.440938
269.8591761
1190.064
331.0568956
753.2162917
615.0735585
1385.231268
799.3499516
1182.279644
1261.266413
685.9683604
765.5005089
1086.137856
1643.666555
1474.962546
1081.098149
1171.322397
1498.858661
2084.276667
2103.198843
1012.444411
1907.810504
172.6538215
190.4735534
200.4926087
198.7878045
201.9568038
1206.855395
293.6762587
969.9414734
1445.569847
256.2518006
785.0724795
1030.696025
991.7165902
585.1291515
558.549555
258.7807574
634.8691991
1579.385216
753.6109196
1010.331871
2035.466556
2120.344098
981.4153265
1599.256446
2632.663986
1648.18227
1163.708552
1126.802085
1002.304209
1289.41283
1190.429274
1407.104433
244.3061123
231.187426
325.7158499
392.1841239
1389.48131
270.6758711
714.3809685
1241.675139
474.4109499
988.499737
541.1125747
450.5424422
751.2101164
714.6738461
843.6155857
1315.950129
1312.596236
480.9032905
352.5857025
616.3322073
1487.342463
2197.709532
1874.240275
1417.549391
1369.195037
1269.436093
1163.464597
1143.839957
1142.192956
1206.872251
1370.765489
181.7422588
201.5290028
189.4206504
970.1204364
675.8483982
761.536524
2692.560306
555.860893
867.0118399
526.1039142
666.1194086
1110.208156
1540.016466
981.1485775
1035.714587
570.9940384
276.1139161
1138.712197
240.8172295
233.4300749
706.0585241
1126.118935
1229.193111
1730.74472
1613.371399
1796.835648
1569.553744
2005.165728
1371.544802
895.3237492
1100.18769
171.3998542
195.2224747
192.370089
287.1701901
183.1138998
180.8146585
183.7441331
175.3020916
807.3774687
765.5820226
202.9636867
559.1173522
527.2353473
1243.123284
1300.228119
1179.55587
2090.969814
1633.868076
461.1895991
756.709973
233.7171138
629.7057685
872.2691433
672.463294
872.4242751
1128.255509
1093.962635
1543.262435
1475.821751
1266.836463
1604.877453
179.1471746
175.4072106
2711.321944
1528.11523
1259.387302
281.8109577
226.2627781
556.8477318
891.4452618
229.1816848
289.0210008
812.4371398
1063.228855
1134.043223
1612.686214
1105.221281
311.4012487
332.3487258
1160.81215
991.461349
430.7330815
556.5204725
430.3179375
398.8501993
672.2440755
772.9911517
857.4142934
680.8106119
192.9778895
189.8119146
269.4382626
539.1136606
418.8322406
186.1670844
673.3740789
432.3998662
739.0184964
990.2431813
328.1440401
1284.088744
403.4040727
379.7805267
569.3333937
432.6583474
254.4974339
400.7972467
572.9625094
460.1907637
402.5153711
419.5832161
272.9664525
342.6729766
413.0567236
454.7564496
1014.290389
1258.640787
616.5661802
413.4581159
218.6310178
367.900372
785.5506449
245.0523467
723.2840007
516.7565257
831.9225188
1434.368768
909.0223562
377.2439445
190.4821217
378.0554615
424.9349064
527.4111846
562.0347286
835.816351
695.8558426
1429.90932
1372.712817
954.547198
837.5667442
230.5347754
304.0445451
611.0475995
624.8857979
735.167701
821.3656966
168.1652326
176.1620634
156.1180508
165.9126264
325.5454805
173.6424865
182.763332
187.8235309
582.2912934
794.1822222
752.158982
646.4314394
342.6144778
361.5306524
559.0624788
1464.944567
875.970851
746.7148325
1292.768505
1053.058311
1047.173732
873.4696896
971.1414692
1054.755901
189.7174423
337.1397783
425.9048091
530.9780815
274.4733704
233.3619051
486.4753306
1341.166014
280.1972084
585.5233572
1145.011363
883.9523833
1258.709007
663.9491846
201.6791969
1463.360196
1115.971398
862.1415855
615.3629309
412.2021085
1036.461063
310.9192312
423.9530369
398.9471148
229.9564931
541.936143
494.9970953
375.0343633
185.8821029
172.0907558
171.9863913
578.2743797
973.9773216
898.2681921
909.1701602
481.8782033
370.6048969
330.6869757
364.7350301
674.4232159
603.5474087
467.3512185
728.2666296
485.184676
934.4818738
757.6886489
836.5032476
1093.876669
883.7178388
183.4505127
532.3429683
557.2148383
688.5825742
1172.368536
735.2985195
354.0625062
798.8579517
337.2869254
381.8024549
400.4167211
262.5198127
264.1240102
310.2701505
449.8441948
820.6433341
500.7323858
1139.266422
385.3965959
296.5573371
439.6793132
1009.103254
461.0195035
212.8938648
855.2068173
851.1530509
827.3606724
647.1494055
849.5546203
831.3948526
349.0487758
208.2788406
1117.969856
775.4798983
198.7358791
525.2778038
175.673452
187.5091446
202.7962002
202.780747
186.8212781
529.2330669
220.0604188
401.6039974
2975.958795
269.6819097
513.9179836
1183.164016
1208.871703
2574.501592
696.5613241
783.2190046
1577.350351
4546.184601
1145.224776
1983.676296
1819.630712
1999.623607
2715.980908
2496.017133
2285.468314
2123.948192
2057.728377
2239.540348
2344.458036
1978.74981
1620.223902
1331.067138
1512.035949
2095.594882
2460.671491
234.2010827
221.5020258
216.8759217
203.9648622
179.6414634
900.3573866
1444.23595
458.7404371
2284.102766
1428.66472
726.0779343
443.5223919
311.2945472
292.5868742
222.1649883
625.2698592
757.894029
647.1658195
1455.722846
1142.562346
1031.173295
1775.280047
1465.187502
1147.772431
1544.254456
2413.443958
1996.062934
1414.9899
2200.304026
2055.781014
1598.774306
1780.342029
2061.453795
2069.525266
1777.245399
224.0052704
233.0065557
221.1942488
238.3942604
1812.953511
218.2060257
214.3039804
1273.132158
696.8950435
2117.408906
1333.312426
272.7348441
1788.381159
1664.153155
621.5694505
708.5803148
2358.984221
1129.355598
2201.511216
2357.594103
1893.66614
1931.884663
1483.564618
2100.2832
2552.762272
2271.698513
1849.74042
1670.346988
2017.542294
2451.540111
2054.32615
2020.340459
2582.769611
2470.812541
1609.303032
246.9434184
252.7368959
258.7208617
230.8834242
1751.521108
469.352616
771.2594712
924.6499566
1674.35561
400.8263955
2513.252845
1735.12336
605.4963857
3646.068658
1837.004886
1267.215718
683.9064032
1784.978123
1014.122095
2505.360161
1619.521052
2600.592717
2967.445659
3138.282999
2087.92082
1801.534787
1831.035668
1750.651133
2076.179778
1802.026637
2011.206521
1616.323488
1584.270491
2020.594656
2201.768225
210.4933913
1617.877044
197.4027173
204.0029148
213.7586423
690.6400242
2892.984857
476.7988777
562.1422988
207.4175326
1471.960212
949.2202912
427.2752263
1931.54302
1729.216351
1820.269143
1585.634336
2338.823997
1604.017999
1125.054463
1820.103668
1162.187375
1893.610905
1971.951692
2272.477116
2511.985382
2170.020887
1954.193117
1649.83939
2021.316483
1706.112761
864.3557405
840.5048142
1506.409359
1358.326675
211.0206825
422.528064
223.56958
214.2191691
1758.117378
1015.563223
1317.134685
290.69445
574.7308937
264.5356205
659.4107502
741.3502917
794.856035
547.8321163
555.7217099
480.5049648
813.3698906
1636.30768
3286.36749
3340.938384
2568.145455
2301.336999
1078.870974
1914.814172
1289.387814
1647.509764
2340.661624
2850.461144
3321.243095
2756.115439
2647.537412
2155.376609
2298.891304
2179.26005
1911.392742
206.345205
220.8758878
214.835598
232.5121386
232.2595066
232.3549994
234.2352227
684.6873356
1647.698155
237.9189706
868.3440561
700.933123
674.7019981
462.5890916
246.9889118
542.293882
704.4488046
816.2720412
1783.828112
1409.101819
1505.768868
2424.619179
1976.727565
1136.212467
1138.018036
2124.07854
1994.630311
1555.504052
1669.639689
2240.388743
2079.093333
2336.47744
1392.684634
1299.910778
986.9799033
218.6699409
202.4314952
173.6276727
159.9860969
172.4808264
169.0145854
161.574831
207.5467078
230.3989132
359.1214646
348.9454594
975.5344621
364.0957289
343.5217082
714.8135821
2178.833979
1529.977635
1252.577406
748.8022825
1357.04482
1841.456059
1889.283407
1739.470614
957.9137049
2490.617568
3168.363959
2143.793558
1458.844553
1796.403612
1600.140523
1708.831735
2292.006645
2254.296559
2243.857974
230.5131152
244.974576
265.0634162
248.9340551
255.2492351
248.4046061
250.2782388
246.9292774
1585.922447
1173.003058
1647.634714
1132.745128
232.6317291
387.6719625
1249.12807
1172.253634
1204.7566
1149.843252
945.3499742
1097.846681
1691.38687
2254.559463
1831.195222
1993.2844
1914.754529
1862.298427
1393.856147
1620.370312
1577.091934
1503.077545
1659.608833
1744.300333
1711.698036
1668.407071
197.350795
1263.003466
167.7575361
226.2248968
523.5798895
173.898205
188.790226
477.134687
351.5234838
285.7507304
184.9804527
1038.81137
785.2189498
1245.449213
1664.273411
706.19454
1473.99615
1714.28229
677.4785901
948.8237371
677.8965683
1042.895803
1520.178504
1347.914053
2098.994089
2113.354956
1689.510925
1413.636786
1082.083544
2390.783949
2540.905448
1216.94125
1027.860371
1837.372373
2167.055912
236.2939856
236.2949136
233.8445652
716.5571919
598.2001053
351.142746
463.4210941
599.349207
544.1039871
1187.023395
910.5382647
1650.45112
931.4114319
1096.226226
742.6129621
2148.747668
2387.079847
2207.501535
1707.985418
953.131103
1337.994781
996.1791809
1344.925382
1474.231385
1492.906638
1126.424499
978.9225772
2125.069903
1783.924644
2145.106006
1788.126547
1549.78868
573.0787616
245.5829473
676.1089929
395.8026291
238.6869535
232.80967
331.0113794
988.7471559
337.2339064
890.1823882
1270.306977
615.8429471
1042.473662
749.1660048
652.876592
1805.966987
1160.13024
2094.878248
1492.557488
768.7863865
1291.254898
1603.271806
1475.584394
1078.779897
829.4910191
1554.032826
1819.726112
1728.127551
1698.029123
1301.154906
1857.291339
1556.86026
1445.543767
182.251676
392.3520906
372.1717114
285.5049315
343.5415963
235.3401627
535.0664508
301.5451773
613.4591884
1123.632589
2567.734217
1181.052063
954.0167128
1097.265882
2246.541465
577.5318597
1654.587876
2894.054643
1674.790008
1940.64123
1230.508383
2218.440789
1445.016637
1209.138448
961.4405307
797.42254
1567.998696
1605.14519
1644.447761
1399.548571
1426.719016
1656.120068
1627.18672
246.2260512
244.9988367
242.7754247
218.1982532
210.5853024
1408.724259
2173.541724
218.2559111
248.8953065
554.2946822
432.0130515
940.8205473
1255.157447
869.0702759
1209.621703
1042.909308
1033.141228
1652.247819
1571.327497
1839.758381
2238.336984
1286.382151
854.807746
1056.022339
1163.331941
932.1943933
850.5998429
861.0362679
1321.376723
1239.243494
1158.588834
1189.388448
212.2433647
209.728535
222.484384
230.7418257
1642.67413
1605.47354
1413.102859
1377.648151
618.1453228
848.8044245
1547.495221
1318.874627
1693.656451
582.224554
856.3806211
1600.99898
2157.62232
2203.755711
1311.065455
717.5382721
1118.504329
1382.333605
1104.974615
1386.801301
1561.894526
930.9543976
1005.945893
1297.893976
2216.441579
1682.313445
1524.229335
223.5283125
202.8877081
203.6860529
224.8295649
1768.604063
1963.196086
322.4792804
194.4138181
1502.595978
208.5234471
315.8565002
702.1446511
791.0555142
732.3151437
738.5763673
615.1419535
1237.571242
1004.587787
1378.865551
464.8980414
292.9557248
933.9062138
1104.609432
1042.801848
1552.070208
1586.196455
1033.07684
835.9241085
542.369289
994.8027972
1023.351545
254.7759239
247.9283403
244.8508193
238.3023264
227.4353261
202.929584
207.7419679
311.7523697
373.6318116
389.4478176
646.0336671
868.1513439
1037.19846
1278.839001
1191.454421
694.3417741
1007.536031
805.8086815
902.035035
2207.03488
1283.223708
1628.939538
2097.142344
1806.462977
1934.378929
1703.078826
1607.665425
2183.388791
1476.312104
1316.032719
243.2825646
248.7172758
246.5801824
821.3784511
3211.239214
240.8036237
687.8167301
1464.320727
741.6126633
248.0710447
1047.305731
274.6354382
175.7392888
397.670314
1206.043492
809.2341358
1325.274796
1305.492576
1189.264887
2185.469374
1441.66508
850.0332003
488.5393267
919.0876397
1396.38768
1262.979878
1575.52788
1317.344705
1337.894479
209.3124553
209.4863829
699.9460836
939.2503162
952.1979005
191.944272
186.4425617
172.8097408
163.2075837
361.7630985
902.1686316
1399.036594
1190.854115
578.3996336
515.0507941
1113.358848
2892.682342
1348.185574
622.886331
728.1199599
636.5696632
815.7704357
1223.724055
937.7967135
455.9284417
718.8820026
882.0961673
757.7871945
1165.471711
156.477612
747.8563858
915.7934147
2065.303101
435.7888142
191.3160351
195.6193142
202.8794515
202.5384097
198.713411
652.1328552
192.4444881
1527.175158
974.5581818
681.6225788
1333.171344
1723.574422
810.8549848
355.8960815
790.5549738
1458.928343
586.0153762
1082.966185
1180.233037
1194.101089
628.4367878
469.7328111
368.7467737
237.4111766
203.343271
741.2665403
1813.278139
356.6457289
201.3175719
204.1953294
206.2330414
222.3415688
211.5016566
211.8961766
937.0823498
1314.971646
347.7579755
476.8487398
529.9371157
261.6350371
229.2218902
454.685978
512.6862967
741.3946943
910.7685581
710.659772
821.9401477
990.5754029
881.5782061
976.4541322
210.6910879
527.2097619
228.8628545
320.1137773
600.5949539
533.0079909
215.8904933
315.6029074
509.6004995
2155.347848
752.2488171
582.0465942
215.6330722
373.6911306
428.0980539
515.6700277
323.8566101
604.4013785
949.5863364
1000.437109
996.737865
948.7520125
727.3858773
505.5654331
371.3734434
185.0396465
215.2179897
551.9476204
489.5295715
707.382999
1116.267347
380.2843051
636.5222216
181.0714566
308.9983536
289.7114171
555.6392652
331.9455907
506.196299
265.4217666
345.7780321
643.3924656
986.7668691
1031.672988
1310.603425
555.9821833
987.1768065
1262.230559
941.4033662
239.951071
300.4826742
695.3326157
637.9466197
1164.679757
668.1561082
256.5632232
260.473493
263.5480896
929.6633809
1143.413391
951.140832
606.4015705
426.1571082
1325.951861
1034.129101
755.3913112
694.6315374
726.0678073
416.1086956
488.7649116
593.3740182
429.1175689
536.3720089
671.6917796
643.8871764
1263.893103
2100.065015
697.5142849
514.7875595
699.213629
802.3158382
906.0104177
665.7529126
522.7821506
229.5407854
197.7526587
354.1092287
662.6660278
854.7653734
596.5918635
205.6054386
719.8254763
660.2702276
438.5890221
414.5053177
173.4083701
572.8879037
1525.799553
183.4758311
193.34485
198.7145666
241.4148175
198.5703337
128.4893599
157.6681382
222.6048247
205.6158904
206.8894456
223.8816128
229.7106711
231.8805825
228.5464715
1004.346748
1421.890708
1718.739315
693.567229
988.0580716
1198.714734
1949.757291
394.4874256
442.9280076
2488.230613
2201.390343
1003.505271
1829.107447
1455.06588
1793.189884
2348.42587
2364.131574
1914.174331
1955.125599
1627.005413
1713.348661
1930.186858
2012.443296
2274.113749
1699.181798
1411.283175
1321.876821
248.6059856
245.5900866
266.1818459
252.998398
233.1061825
2199.792573
214.9276895
1465.590912
165.5742567
1100.056018
472.8905318
384.1404369
1025.749645
838.5174479
529.6610233
514.0806357
1912.068262
1525.62411
1013.570089
799.6452551
1020.09944
1878.769612
1630.930455
1528.312375
1143.909397
1151.607745
862.7294804
881.6140699
1830.555073
1613.977969
1426.764015
1365.237421
1356.345204
1932.132384
209.7443864
229.2945581
205.0239863
218.7935071
216.096616
376.8869827
239.6334327
221.840786
249.0391507
1330.181901
1405.265103
776.5559223
416.0384486
865.8452322
266.9197059
844.7535445
1504.478456
2104.803843
3993.530913
1758.644798
1789.465703
1995.148676
1616.364687
2154.754704
1267.680888
1633.216597
1601.018201
1468.288387
1824.635137
1744.406467
1717.190872
2048.320212
1418.242883
1923.909707
237.7630391
232.4908425
233.3338369
1163.634683
805.8011876
836.8615047
1121.890617
516.6774364
196.0688903
1667.862883
1359.646659
1643.936036
1286.716965
1577.494826
1508.522543
751.2884783
862.8508137
1410.697016
1887.24662
2363.421708
1261.507195
1879.527637
1843.199539
2457.632408
1598.743831
1316.11133
1447.867697
1334.929575
1207.339812
1233.794273
1306.883628
1464.554717
1975.479657
2092.215563
1809.651662
213.7176612
223.6927436
297.8848855
282.2181117
186.551931
202.5185989
199.0387434
518.3139445
1770.257841
2289.390577
1055.024334
1404.061048
1018.18101
747.7742942
1041.427911
993.1299114
1539.537452
1133.100273
1273.71159
1825.35364
2214.21265
2238.162944
1573.954536
1998.465569
2297.870055
2177.901117
2584.134976
2171.509143
2310.165805
2047.717101
1570.20528
1582.512726
2109.7539
227.5661399
226.3830625
221.2128221
224.1904568
228.4471078
224.9867821
399.7464257
270.8084108
250.0238154
427.3659173
2157.600722
2452.97148
901.8995224
776.598576
273.4531012
998.5755013
1342.025358
1285.875728
2218.110069
1388.658513
1581.552795
1612.689636
1062.037874
1972.430923
1852.464329
1911.912253
2248.259235
2485.237213
2420.046971
2455.795468
2681.921932
1565.202782
1247.099331
1844.185579
200.2951854
201.2587161
197.4216577
582.1414205
2775.892622
236.5246174
227.9146564
750.839793
1246.766475
350.9823159
332.9254517
363.8136511
978.9429983
695.8290149
224.2054252
212.0955807
214.6113913
545.7506331
841.4563176
2282.684304
929.0028074
1662.906803
1456.551364
1122.314912
1106.252176
1498.16024
1766.798161
1404.1644
1886.304807
2244.990475
1842.493291
2036.722346
2217.98808
2135.966662
194.6329049
233.3334382
744.2390221
237.8125803
251.0198826
266.5872553
258.8711263
246.8026381
445.9980046
641.9160423
372.6600713
904.957465
666.9127403
605.4167482
575.9691041
731.0197787
1519.05065
2125.243191
1962.045298
766.7552752
1792.349223
1857.253962
1644.01285
1043.437211
1537.44484
2278.879501
1548.134936
1261.990967
1706.813834
1696.522483
1667.14898
1565.539821
1509.334081
188.8885948
1750.133393
227.4465436
257.8842506
765.2168628
248.9678298
271.7522127
286.1332243
1415.788128
1371.47293
2135.70472
2049.065199
815.7373884
652.7199078
480.6301116
1769.017514
1299.461707
1216.14698
832.9800961
841.6675316
1223.274962
1720.098952
1201.929926
975.0994125
1243.834642
1036.883183
1494.401809
1789.556812
1628.935134
1900.960377
2033.547185
1584.073332
1443.158893
1149.629207
564.4552227
481.1883765
317.7342613
313.4973373
310.6749011
237.1393458
459.2746867
465.0066219
455.5909736
1163.222098
605.7329817
368.6299532
1411.821875
1618.945184
384.5118351
1839.742597
794.07571
978.1826268
1047.503667
790.4762301
995.4395604
1803.703478
1516.501494
1434.987969
1645.307529
1200.66765
1148.628299
1022.109099
1420.2344
2101.787417
1490.195548
1840.533224
204.3777814
212.2715454
214.1130419
222.6460221
223.2541802
220.9465921
234.7420312
246.3652964
253.5836423
235.2484678
714.6977025
1657.916766
638.6754697
797.543741
2176.345793
1700.472013
1694.049774
723.7856696
713.743919
1463.97857
727.8530252
564.3271656
573.9552821
1001.829072
1655.677174
1396.907013
1439.504621
913.5307321
1407.359707
1151.788308
1390.742007
1319.434668
160.168048
190.532379
198.7522626
207.7595117
198.6927085
187.8279155
202.4644061
201.1709092
343.4554433
515.6698163
224.8387355
349.253157
920.8914332
1062.371453
601.0355625
1297.992822
2020.622514
1418.624056
1659.475204
1058.888398
1566.719075
1314.010643
1064.356581
1583.986762
1091.061758
1462.905202
1028.31188
940.5512771
1056.917335
1264.378254
1289.893179
1409.402147
201.9411478
201.7272146
207.5667856
208.5831207
236.2850593
233.5836411
231.6462594
229.8160704
2739.13528
1849.725331
1877.10425
633.6738937
1785.861737
2236.004087
947.5857098
986.127522
977.9392002
2108.595711
599.0790084
531.8637961
934.9102105
1158.396737
698.8202832
849.8878371
846.0381173
1182.647973
1441.409268
1570.652904
1844.415178
1844.592534
1674.483972
172.068823
353.5026872
413.9800669
536.1397385
384.9206623
1439.430928
1085.732719
280.2691935
331.4077599
380.3262769
1435.046131
1390.689779
848.7038242
749.977528
1053.919714
849.9481677
2254.361115
1330.30886
1553.56182
1621.26022
1432.321094
1025.316478
1078.874646
1068.241503
945.0314011
1265.360481
1124.005724
1201.492224
1147.745887
1345.226226
1589.555827
197.9118379
368.3375184
236.1971408
426.3604217
209.0042741
433.1285058
1523.993292
1256.22436
967.8320987
824.5102939
1407.360505
2992.634993
737.1992862
890.3577353
768.751363
646.0872896
1379.884335
1133.463137
890.4594908
576.3812471
396.253747
945.0429794
1064.820382
837.7229802
1091.954967
1163.163032
645.5531239
1053.441971
1418.097536
1006.317657
212.140722
226.5573813
183.7235638
2087.864441
1529.24154
458.2925025
600.9956299
201.7179269
456.6012971
908.4132878
798.8931474
568.9618534
1059.011058
993.7216025
1371.589078
1604.009669
948.2105973
2020.613992
683.0341714
931.2581621
710.2306096
1012.938186
689.2641013
1191.752498
1436.731323
790.1927472
886.6260552
998.8847449
536.9962142
267.6055732
231.5377612
236.897622
1080.429341
1362.802168
379.934141
341.6945395
1295.038909
732.0736255
665.6098619
366.4318435
626.8291252
449.8307906
1202.936747
1022.403386
360.6119169
543.3079861
816.1716746
1509.865439
423.2712228
357.6941667
430.5461057
1214.342967
1191.833655
1149.066913
1603.707372
1296.752333
1483.157736
1003.987241
237.4135326
225.8613312
222.4344143
833.6988976
796.8694455
196.117742
193.1708147
974.0830945
190.0020683
203.9653945
762.4905337
339.7730042
295.0391546
776.5735536
1290.78215
851.7053106
867.0631006
653.5284393
996.353469
1001.117858
1108.814744
1036.298752
934.5875765
1546.047137
1375.366246
1025.170564
874.1284701
1521.796364
191.8608473
201.4572656
482.3261244
1311.216179
191.8132785
204.0029253
205.9930056
202.4112312
433.5808928
425.2802428
593.0393537
583.9602695
408.8805841
218.2622775
530.4159381
1034.30601
709.9244739
504.3808861
1393.280747
502.7921916
771.8533465
849.2803403
604.6565082
302.71194
408.2858086
731.0082702
651.7436371
549.5478366
1068.690947
1817.48218
225.8270037
219.3731576
201.1447948
204.4672955
214.40196
334.6915782
911.9962576
801.4156499
331.2311052
323.2427517
622.1910304
1843.118426
977.1111447
852.1384477
382.7682032
970.9074483
925.3726721
560.2679602
828.6393698
1029.522534
286.4728266
311.7514398
415.5681443
2340.862048
1385.837169
837.7543903
195.689585
172.8467408
171.1127897
175.3636961
192.5058469
452.3740775
195.741685
1265.518921
843.4061893
196.9428053
210.9703969
365.0215982
230.234083
220.8256713
220.8079856
303.6665646
329.1811647
411.4186433
661.7701648
1091.346043
614.2269859
413.9892797
941.7673759
233.2160518
223.2397456
221.0365523
1206.795736
228.8047041
254.5873465
413.7116392
1118.319395
689.5991121
496.7612656
268.8768965
303.3259698
301.4172652
320.1907559
263.3324983
371.5928286
794.9281514
900.1732139
1114.181092
1258.283316
1370.636786
891.3259174
180.7158674
227.8605744
202.6782633
1059.312051
891.8307382
517.8151597
283.2518519
510.741074
658.4499044
301.6062151
180.5888973
180.8900888
428.9797795
189.0058159
268.6536883
279.5722237
581.3041357
592.0205114
920.4155094
1141.456723
197.6299329
967.115521
314.6965058
186.2390993
203.414254
227.3910534
210.5296174
434.8233499
356.9115739
236.4871552
513.6284294
524.241757
578.956316
473.879252
341.8451535
356.5691085
491.8347809
337.1115742
283.5032782
239.6634759
1657.205917
211.3144662
237.6838908
488.2690444
1161.820519
1302.544118
529.9060799
348.4564861
1301.427186
216.3208035
213.7141276
218.8320259
229.0368417
217.0272743
221.0139698
203.868854
200.6801588
1496.864983
1061.553919
1339.651143
298.8655227
233.2117236
1201.177275
1615.890818
430.1430082
1871.046087
980.8307635
961.2117371
940.8110314
1190.214993
1314.458427
850.4326655
1558.602353
2338.396038
1248.367671
1444.616392
1462.328784
1463.573327
2054.819515
1667.182341
1894.17152
1845.746039
1575.07106
223.1837483
207.0053798
191.8023169
196.2414147
389.0696351
869.941862
574.3754413
893.7404034
237.0377929
750.577509
582.7937084
919.1917334
965.9809992
1256.255866
738.1164224
943.7013125
1838.021428
1983.971411
1024.393964
854.8703588
697.0141873
1358.329322
1851.062846
1901.480536
1511.295381
1328.379011
1187.310086
1131.905822
816.2706933
1572.908389
1957.268016
1781.455764
1438.605411
224.2018078
229.2676378
218.9810894
213.7140101
937.8009179
482.4457014
209.6053998
1102.584933
199.9666872
598.4416257
802.9115784
398.4894144
396.8859252
920.8612421
809.9132885
841.8995127
573.759711
1752.816624
2459.9167
1500.713354
1730.657291
1205.97838
1045.150022
1734.85204
1068.44767
1394.748319
1057.464587
1300.425564
1802.465497
1475.947338
1503.275831
2121.568482
2203.924696
212.3828812
218.0585151
212.2226706
872.3257845
171.3432868
293.6943786
831.4318738
223.454541
1738.375072
1639.907002
495.03492
1431.262272
1066.452526
1016.303832
770.5200756
783.6521677
876.19544
2328.365203
1575.641004
1155.175362
1193.042588
1302.98175
881.0263304
1386.947373
1173.184682
1409.066714
2074.585821
1773.801678
1181.296341
1187.630564
1182.890629
1234.681151
1544.533052
253.0785156
235.1389325
229.947814
247.7226419
250.8435557
249.2612146
241.5106738
232.8693515
844.0388421
1044.671965
710.7241414
899.1432061
2452.172781
1366.053934
1062.400215
886.6398784
1384.962321
976.6371466
1107.863161
1820.716414
1658.238554
1933.635758
2584.803954
2684.256312
2056.340583
1776.730187
1827.935749
2451.837614
2455.636713
2387.452743
2154.078296
1791.496502
1829.811409
189.2191001
215.3152359
236.0684348
501.6153578
203.2139007
210.464049
203.8005372
204.2453926
253.5124559
585.5303252
2614.122485
1107.565541
911.786458
804.9751906
483.6008583
837.0967123
1929.698826
2205.140839
1641.068753
1272.685778
1613.833763
2484.420299
1892.603902
1904.641449
2383.369591
2368.969378
2491.586825
1821.349476
2022.448843
2117.592489
1775.18351
1631.7359
1256.789729
179.1976593
856.0503223
2784.093877
182.8880297
184.5078662
179.6972381
1680.022362
214.2821154
189.2595224
272.7427147
270.6923916
602.1199181
814.559411
1276.229476
397.139806
290.7730102
560.6620625
778.5916676
2010.146711
450.9168423
947.9151987
768.4619162
712.3084411
794.5257643
1579.10039
1965.118013
2387.508323
2503.75976
2129.045029
1695.340643
1403.736727
1419.083216
1530.792703
1030.747825
190.8352503
192.1444554
195.9028274
172.675387
187.1182043
185.3727699
836.4723417
187.3276534
210.7832327
588.6562369
1102.549443
720.2344667
500.6996627
461.69484
353.3128128
615.3575343
2175.864459
853.1430967
1409.276379
836.4431713
720.805886
737.4467259
700.0903528
1745.455205
1302.633381
740.5935477
951.6220975
1597.055233
1651.473891
1296.021127
447.7225125
188.0767336
199.6001535
684.5570895
691.5888071
237.1273661
214.6500069
222.7577036
277.9148934
363.9687906
800.6820918
1558.113259
1269.603392
1412.925865
571.7064735
952.1557548
649.2372179
1315.906428
1042.527771
508.560261
716.9671848
1610.667737
1393.326077
1249.051165
1052.69116
708.2224477
1543.900957
1113.068284
1296.265246
2178.911935
1838.538765
1403.794472
194.3976013
191.7320926
256.118497
652.9564321
418.0223439
394.0505809
274.918024
214.0840726
1133.492567
1426.871263
1352.941449
509.9848891
1059.482056
528.288369
417.6697744
978.9605885
545.3188119
957.3564224
775.3549333
898.7595452
1511.285403
1392.424485
1067.509045
1234.023436
1427.088532
916.2014636
1043.693983
1358.49002
1103.649321
1243.917703
1339.902068
224.5212032
221.7325992
232.0780214
249.6109449
238.0784916
227.8816026
331.1469912
642.5532806
319.0337013
288.7560134
465.755234
484.5331256
660.200891
595.0164023
1856.705229
348.3145243
405.6719374
563.4699947
1380.543064
1548.070367
1428.673925
1352.056447
1506.0488
929.8208424
1342.48569
1671.516416
1912.960867
1481.783725
1740.442675
1632.820623
1168.257864
197.7944506
204.2891044
206.3650574
202.1783964
193.5338805
188.3388982
266.5076916
549.1669596
706.7629753
441.3953532
252.6873615
461.5597961
708.6229052
726.5270541
993.489487
1724.118199
671.0199074
926.7599522
694.8875186
1416.214174
1009.035074
616.8828856
1054.261612
1255.005725
1230.064744
1094.311082
991.374014
773.604948
669.5776188
825.7684229
176.0775114
170.2109089
166.7283612
159.4972901
150.5851178
744.585792
753.2649295
956.9995898
1747.590395
905.4969706
767.2514104
1015.901815
1350.079722
890.5806317
1084.30423
1570.912872
1309.187484
1218.352185
657.0787819
382.6475455
1024.244307
690.122937
748.2612679
990.10347
1192.94854
977.2897996
966.6660627
692.4169423
845.689627
1082.322358
210.2737492
242.5300738
357.9915065
594.4845198
218.7157944
569.5245124
955.3678891
1843.283802
226.3705146
2118.179796
427.5016382
570.0941482
432.0030378
720.6040263
1172.65556
1335.626278
1531.63769
1728.498793
1261.269551
473.3307791
1295.873332
1388.174749
1141.861158
596.936688
1342.149536
1247.657641
1298.149263
884.6965483
724.4081648
1752.273482
329.4767524
355.2375094
1266.35882
228.4868778
240.2313269
848.0924468
529.8508721
319.321151
865.6092367
1064.557496
1205.136176
570.7329828
693.2761938
300.6392446
2088.431455
1446.345325
1630.042149
1571.337554
1073.947154
627.8110311
823.5067795
1162.57634
1599.479234
1537.208785
1596.215723
1166.340921
1562.674086
2083.005444
234.6882839
269.4759667
290.0910999
1037.000763
599.6470211
777.9244982
461.7448556
1270.177559
1210.418272
1513.380373
1007.805513
228.9274043
345.3204128
989.7308222
1844.842989
1461.922024
1006.233897
835.0034977
651.8131234
484.4702065
851.2923387
980.8910356
786.2943835
797.9345746
1424.565335
1146.234683
635.6697271
746.9480363
207.0028552
1894.316839
401.1810048
293.5986525
464.2613097
886.3704443
424.2709418
289.159907
289.7655299
301.2150638
289.9471552
227.249747
459.7525339
1063.560176
1132.733874
924.9861059
241.4343836
559.5038832
715.9063374
639.805915
463.2580879
689.2213556
672.5772337
686.2324462
1258.213147
918.395151
757.0360199
1098.678415
386.9437392
2332.151282
583.1238169
365.6236828
1151.195466
1213.060706
496.2073233
261.2526359
671.3868502
523.2325542
323.3424406
645.2817083
620.5563047
645.149021
892.0113661
1247.332353
875.213406
967.7474688
1063.572253
1004.182928
1155.16633
1731.416738
1157.768641
919.6398758
553.2568489
220.2871428
1097.90049
505.0836226
251.1191528
236.8373868
675.6477816
825.4829301
254.3521634
403.0506316
542.1702475
913.1916243
892.0737347
798.998382
798.9189568
441.516293
812.1843567
1716.035253
1572.026023
1335.413121
1080.911406
998.7329999
771.3924398
960.7656457
403.2733292
816.491294
1152.91958
236.2899916
250.4235707
257.1339128
268.6552434
520.6556634
422.3010204
231.0489881
226.6624035
614.9913535
897.5154631
1159.097279
564.4514951
397.6911135
521.7198317
378.0608944
552.113073
247.8260469
814.0052929
1111.588713
805.4359406
456.9871271
468.4032832
312.1610854
227.0522757
243.9967068
236.0819901
226.8605522
222.1371817
211.4088216
489.7326077
1035.218975
827.1228462
1047.931559
922.9600934
1465.566893
1975.460617
1333.590472
263.5362324
254.5353936
968.2300194
605.2370079
351.6071073
204.9636162
918.1236585
590.7910341
251.8750484
265.6829125
745.16243
245.745047
245.2112386
243.04961
779.9072783
669.6309314
895.6371676
416.0869327
336.9805322
306.9037382
282.4990159
290.0626561
287.394925
293.7587374
598.1545484
799.2458964
563.8419726
665.7370684
193.8994365
201.0947663
361.8201133
284.3484274
229.3406152
426.5385304
697.8432703
797.7934268
421.6520561
266.4096662
231.0528058
479.7520144
248.2156331
225.2820992
228.1654368
348.315641
538.9093998
285.8540744
193.7816591
205.2858227
364.3258198
601.7220168
729.4366334
1006.452266
214.8822429
224.9947389
219.1389758
208.8419194
327.7204302
806.4106189
584.3567973
944.2512094
1237.361734
939.3801561
625.0064231
211.8263463
1746.555894
1701.63312
1569.778273
1197.404163
1223.736825
673.1872829
1098.434972
1035.013807
1027.833366
561.650506
1021.911925
1677.902037
1667.219608
1635.822166
1274.025659
1841.207613
1812.345098
1702.112231
1954.901964
1971.639596
256.1023151
223.0450233
227.6579737
232.4284474
856.4166169
737.9210263
353.7111166
195.3493766
199.601661
646.2492029
590.6821417
1177.31248
604.8422885
956.4035991
981.2982096
1458.3782
1313.754917
813.0864166
649.125954
642.2170942
931.38547
1578.943301
3136.366938
1663.580443
1423.710994
1442.478049
920.9638295
1001.10752
1287.419707
1629.775577
1144.029632
1377.754099
221.2275774
243.2448349
259.5369599
234.5220151
1119.070262
410.00611
2032.904271
590.4875115
317.4539875
238.9618483
914.9556488
1118.005826
1913.898536
1313.768478
497.6743253
370.9738401
405.3749314
2290.538654
1791.646649
1512.068921
1501.718432
1238.248159
1084.41393
2070.964752
1634.749912
1646.586513
1451.739196
1591.329123
1483.0837
942.5883793
1209.771419
1224.991637
243.0226784
240.4835289
242.3983114
244.8016229
244.9870168
228.6261107
835.7366601
390.1801989
1584.541863
212.6898115
237.2367642
1095.579547
1497.702869
1218.666147
1579.839604
703.7380868
220.7724851
2530.252902
1731.743145
924.3734869
1311.155166
1606.335936
1447.330176
1165.363153
1363.838125
1916.255859
2106.726487
1185.601919
1202.344088
1258.974907
1473.206318
1579.747079
227.731294
225.7577841
221.1874855
230.2627025
249.1009133
468.851088
250.0844371
1450.313225
264.410495
1602.822166
606.9397978
2022.276644
988.6551382
502.6866833
623.8438964
1101.756659
2044.378027
1566.149795
1428.035246
1251.320481
1621.534636
1496.191554
2359.870982
1827.747229
1405.212566
1750.711501
1967.614534
1758.816877
1786.785769
1307.799843
1212.786142
735.770411
1279.728015
1049.369438
186.6965274
197.477552
217.0404544
222.14813
1764.952393
205.8802229
929.4951707
518.2956052
361.4059235
222.8683783
725.4426493
687.4349613
1366.460763
888.4168985
762.3997873
866.4291037
834.5292016
957.1420658
1337.749573
1244.144593
1208.961769
1093.497768
1511.516954
778.8794023
1680.930898
1743.308503
1727.625908
1678.939829
1929.493994
208.3878282
196.7978727
211.5779265
209.4793784
410.9073193
1265.096493
211.6369422
226.0650833
242.7573896
249.1026315
238.4436633
567.1905868
1164.478999
729.4774929
1059.580125
1160.570497
2025.112508
1575.676611
691.8771715
906.7370516
823.602834
1355.477716
1130.372231
1511.04588
1668.228589
1688.475688
1492.901454
1663.037615
1735.759473
1694.646049
171.7341078
223.344208
232.9390142
234.7010746
263.8345729
243.3281184
375.1378287
446.2039238
309.506432
415.7366573
240.3678647
386.8408182
1045.132454
1301.985504
1015.115703
1271.684863
662.0737508
635.8003491
1940.188511
774.508023
677.0546275
576.5495423
1014.30106
1182.764426
1017.707125
948.6584285
1509.582826
1281.591701
838.4630339
1213.020668
1372.745712
215.3611415
312.6058436
332.2354661
214.5706896
207.234644
224.1486571
242.8077771
191.364829
208.2127101
224.8839198
408.5683005
332.4851991
889.9016977
1357.270401
680.2579964
1002.664279
697.1065559
1275.184788
708.2087825
471.0103199
1084.735204
1215.7507
887.8549841
765.6673019
559.5757664
996.3106915
881.865775
614.5117977
1039.685148
1408.708783
244.2715441
239.915752
730.7115224
520.0634961
249.6459993
235.4720134
229.8790598
196.5798816
1464.536105
1131.02332
2147.280011
1067.687736
538.3911442
275.1512691
637.1047157
516.6118248
1024.328887
667.3710367
763.6356229
508.2290756
1129.649896
1496.975508
1302.971494
1198.668711
609.4028843
770.6449982
589.1726937
649.9663902
570.053148
711.0620806
202.6306092
225.7185172
243.505664
260.553341
264.7720755
411.0906463
634.0634142
1669.154207
564.2389002
560.1808875
418.2919299
1788.400703
1046.09621
2375.442085
1712.432746
1577.884866
1171.026671
383.3276719
737.0532817
1124.324486
1530.542576
1806.695491
898.3471103
1938.89005
1437.387497
1211.766716
1215.453422
1078.199206
1135.786563
263.5011455
231.5733237
223.9416694
217.9797791
229.214438
218.9953131
210.8712509
272.188539
231.3367057
215.7965195
204.2552044
610.765461
1122.775218
719.3552089
498.2971973
716.7936641
788.1094898
1103.045857
468.6258866
805.8488048
1314.005965
1134.082268
1103.085124
947.5001378
1131.960465
1829.388798
1450.361206
1433.640742
1810.269339
193.6859723
206.651426
201.2486521
214.5530044
227.2633539
837.3939676
237.6760501
1714.153541
239.5176519
498.0905658
1265.558647
1308.203044
1267.083134
1372.732954
1488.78048
1184.749974
1142.632708
1035.805101
918.0200048
1112.814356
1012.936507
500.7291902
727.2211646
1016.547308
1266.109511
1388.294938
1060.184052
1215.84539
225.6653669
208.2001235
217.4060154
222.1496189
222.8582529
687.1609283
2690.078109
413.187826
200.4846182
199.6482007
239.3600497
231.3804462
413.9272402
1684.793417
1740.909249
1563.472947
940.6910713
754.1581766
1101.444756
1047.62305
1755.301633
1439.225819
1012.236922
1470.990491
1348.396659
646.655586
986.2175058
995.4664136
190.4652559
683.4034218
1021.818533
506.0608551
292.2513265
227.8201259
212.5539703
1565.860272
494.2793492
636.9765589
380.5583658
552.4173825
382.532159
1119.675081
1390.528237
744.319637
979.8144333
1152.487304
1349.956755
1275.833478
1097.484315
1952.010701
1999.607891
2037.685401
2243.039896
1695.763239
1584.782421
308.2929338
522.1473478
982.4775171
493.983484
405.005213
205.4019654
650.8585695
1460.709343
2921.146459
196.374346
184.4455219
573.1831216
992.2858342
1767.636229
763.7980553
1010.96082
901.9131129
544.6987646
470.7056386
797.2699128
283.2300583
516.0865496
765.3146957
1055.787167
1199.445039
682.7565874
962.6716333
214.5710265
220.195966
250.8545583
593.6592251
360.6617495
282.7143159
614.5954872
802.9423139
606.8255093
204.6049951
220.1784459
681.9391116
1673.141813
1565.359035
787.8502544
754.8872152
416.6867789
441.7166192
359.3415
360.3461582
456.287261
621.9736696
947.7289275
1001.797008
223.2561512
207.0792367
918.1687309
190.356412
186.8882415
183.7817659
228.1540678
490.3936835
759.2135497
553.7500015
232.2005022
463.0387961
672.933362
1256.846269
582.108759
341.5215783
517.6477708
519.9773654
950.9517072
827.811683
1052.523931
1808.385195
1370.92522
1307.793959
1461.815319
268.0178402
268.9332501
247.8386081
309.4528747
626.5640004
267.7167326
342.5593855
583.9207292
918.5932147
753.8275252
494.8141729
253.3531907
718.9813233
998.4410031
1158.381401
1458.203534
1015.268836
751.3370002
1110.827251
724.9450152
298.6516349
326.7685756
176.463528
188.0621543
211.8870249
219.5616945
442.6696072
643.8660085
583.0005389
215.9003455
282.6984192
1214.303147
1100.682101
1403.214905
375.2328671
441.9486973
817.3570459
941.0657195
1256.578104
933.3550519
738.8786108
740.7048852
977.938422
231.5306026
215.0349793
421.2017415
715.9697843
219.8634127
383.5359166
505.5077311
566.0264899
594.3962482
727.6245375
930.4130869
903.7021903
555.3254909
592.1598109
567.3973411
457.8175068
293.1511865
182.5122504
454.069157
875.5557691
324.7741587
653.0251203
1413.137679
1101.932349
573.4442853
869.6451362
823.2545955
212.5542021
183.7772108
162.7913362
563.8764149
338.4048829
231.553315
382.27343
266.9512491
249.364397
235.737444
611.3358897
877.574135
2014.995522
223.855237
917.3905847
941.6955686
241.2361948
235.4686382
574.4904496
1731.886891
1827.265974
1781.127465
1904.628197
1142.541021
1271.397932
341.3817348
972.9832721
734.5717987
722.2720341
1783.423747
820.6455129
1086.248769
938.122154
1178.67044
1362.727875
1380.051999
1655.029153
233.8741568
366.2608956
1109.249286
1273.924651
495.8692305
231.9442147
219.4386796
217.184329
548.7531772
541.6010473
703.8002965
869.138324
1068.254996
792.8544889
653.0416862
738.8386054
1161.216391
342.6937541
667.9918242
839.0491236
1545.410656
2417.914262
1821.112579
1082.395018
651.4484897
659.3474837
598.0914778
1034.025918
1906.432411
1488.066794
225.4739046
226.9302731
425.1083846
1412.60956
1995.957978
553.9451739
236.9909398
724.4325808
385.4414706
416.9290751
719.3643394
1642.792515
586.9649139
498.3464543
825.2058605
451.6790469
1402.396029
1877.038382
854.8040432
532.905536
611.1631058
1326.317335
1458.582485
1067.097586
1297.273184
1696.24634
1564.542839
1327.233056
696.8462321
717.5699087
195.1669344
275.3797677
399.4556582
274.8768615
209.9021228
1067.094774
1298.283258
974.3170778
214.0515124
197.7342794
188.2762088
190.8988204
660.5857518
639.7261082
503.2887391
313.9178974
1530.361105
1578.309581
1034.408521
825.4598851
766.2603783
490.2009206
1177.469353
1242.617395
983.2383194
1252.586535
1175.020384
1029.909375
827.6077608
1197.334709
197.5356027
376.9779276
199.3858
195.9422713
197.4891851
191.2687068
1083.333123
990.9745732
773.568367
2314.524761
214.6847561
807.1585798
503.7809433
1064.436249
1787.393925
938.2638884
1251.894585
1720.390907
1563.511951
864.8724501
1307.135906
1261.488719
1394.067749
687.6382664
900.2641435
1312.53936
1772.773578
1933.920461
1752.077061
2028.491353
156.8877251
489.6532648
160.4098034
139.1367584
142.981536
157.700548
1708.806712
1160.837363
270.4349589
409.2476295
830.4192272
401.421082
178.0363739
252.1724765
558.4714697
967.2870267
1172.281742
1487.73796
803.559993
895.8072023
978.7473427
301.5635815
529.893831
867.0675027
657.1806908
2321.246132
1289.546907
1579.439316
1536.755567
1542.558982
199.9341634
207.5683873
211.0767345
193.1221385
891.9627724
389.6088924
238.5524905
360.1462338
202.0445957
192.1647271
541.4072133
775.3671943
487.4016495
665.8263047
611.921588
2224.348856
2654.520858
1994.398841
701.1339428
655.3196144
633.2402574
1503.609987
1368.99542
1264.750641
1051.310221
1343.918
1247.574685
1213.391385
1533.828685
229.0503872
222.1189689
202.4882519
202.5350188
212.6175061
506.0544733
565.7201939
422.5915593
581.3095201
595.4556666
678.3044371
769.8996348
1524.070058
1125.839177
1659.140878
470.8662863
469.832899
1159.822142
1630.348327
471.1265846
509.6107563
518.5821123
623.8790662
788.7836348
996.5681657
1016.347306
950.9274145
1349.106618
1251.27455
235.6825139
247.3461302
244.6708114
246.7299795
240.2009634
216.8974757
238.1721553
250.0161222
242.3165221
229.8954481
215.5081811
224.833207
350.1849631
534.2265086
557.8066785
910.7407093
979.1196992
1659.324027
1896.455774
1445.067301
825.0825467
1039.739818
531.8699544
743.7753593
628.8704571
534.1761599
556.5064594
731.0834278
846.3149714
261.3379031
840.6692783
783.4508353
205.3932794
188.0484965
194.8207331
197.2112433
204.6192326
624.0495892
1681.291126
978.7079313
324.3308109
300.2683112
542.3707382
566.3395065
509.7704637
681.4813133
947.2035283
1078.791162
828.5610652
1610.860847
1762.375864
897.618221
732.7888112
1340.482378
1145.641428
475.2324681
488.1865186
195.3495835
191.7424067
180.3486985
194.3061535
196.5486498
185.3592511
190.6079898
422.1154831
445.9844872
334.6091555
430.5478468
545.693257
708.926463
1442.130208
807.3379639
729.3087701
894.7243984
559.4549811
752.6522378
1674.236939
1527.59908
1612.32883
1070.420616
988.3794705
552.7901835
615.685715
521.6732164
593.8691798
201.2723859
189.6572953
177.0225426
174.5589592
184.4045966
190.6838987
387.0136845
1131.341731
654.6330768
421.326697
1395.882655
888.5391933
479.2485021
485.2732968
1464.492468
1029.350309
802.5676017
675.259828
729.5770468
1593.98113
1357.655539
1100.867425
924.3974674
1358.427059
2195.603889
1654.53211
1284.071506
258.7966447
238.4336336
228.5189034
217.2495566
221.2584854
874.2198037
552.5802277
212.2800377
1569.229817
1197.241124
431.0001561
240.9054696
422.4066707
578.5472591
1118.644871
1193.429894
1274.157066
1133.049257
713.4640073
709.187277
2250.810776
1606.636438
1001.88738
1089.080854
1578.296256
1785.778159
1383.930886
188.4972317
198.5063899
197.9912853
191.2286023
1203.576344
945.2567993
511.7327616
167.5205534
923.5750643
707.0754272
204.7521938
203.9130038
478.7591765
541.2527804
759.2837431
806.5085959
799.2278702
848.8696528
723.1165044
942.5013237
1171.611555
550.4247184
821.0882762
384.027121
726.3247998
903.5264518
262.5066764
371.6186144
277.9981965
1211.308843
333.0384069
187.330959
185.5898209
746.3679026
423.2978584
254.0464796
263.2168237
218.7970585
489.3451861
1141.203148
816.7344656
377.7958443
705.5852004
1258.815078
963.3037917
770.2533912
699.1659133
874.2968036
457.870349
657.6966593
1081.777112
458.8303981
972.3513276
489.3424286
420.8115842
203.1170169
1504.624258
2070.161132
195.2643505
197.3633633
604.6517074
543.9202738
1196.662128
1117.619902
499.7372685
336.0853383
692.2003852
533.2908756
549.7091118
728.8942706
550.8987269
686.9744661
806.0795459
1377.089367
921.107451
171.3870762
190.2199413
251.0777225
562.7373517
1420.640491
248.0362598
549.9981687
725.6164514
228.631552
396.6261101
992.9607842
1142.628317
832.3817136
318.557736
804.7808745
812.4106296
363.2146131
1076.687707
682.293784
810.6657528
428.4586089
403.5339134
630.7790767
1160.231537
1145.763329
247.7353988
218.8665045
235.3299786
221.2139426
211.8810141
554.459267
653.0437127
272.9432127
683.0233902
1292.855469
1557.274457
729.9590014
829.0996114
630.8915623
541.1647444
445.9740199
672.5792633
362.3507449
885.7326895
215.851578
228.9091738
239.670963
237.7649473
223.669822
605.0562856
418.4540751
712.8599441
387.6420124
430.1094561
743.0002498
617.974795
740.2571514
929.0238334
788.5491577
961.3267829
830.4898393
640.6365034
170.5874581
195.761541
210.5454569
210.2376775
195.8450517
382.0534776
1162.329412
659.7186204
880.8520821
641.1618901
823.387627
656.9149855
328.4942486
908.3741133
653.4830233
169.914826
171.8001485
190.0826675
355.3602053
204.3786305
423.0172733
1406.750379
214.1944063
203.5026241
208.2857037
339.5523388
1501.084164
1390.234013
460.7985564
691.9546175
915.2764667
504.3840856
346.5521874
510.9041472
2250.850757
1139.222644
1023.494099
1533.980497
2034.582697
1491.510853
1080.989777
893.9123668
680.5780436
1100.127473
2652.592619
1868.446646
1102.701658
899.705532
951.8549844
829.0953002
1040.684097
193.3819134
203.8279437
202.453226
209.0300803
209.538187
1001.289644
213.606333
364.139933
1052.751516
845.3593712
619.8304005
343.7247741
785.5806681
382.7198606
561.0891617
416.4087236
338.2133823
1085.700745
977.0307827
1004.400768
2186.075025
1911.54077
1225.453743
1478.337806
1177.552405
419.2067401
385.8594141
793.09549
1658.64648
226.1474504
680.3791318
984.1452541
864.0150006
216.0842706
203.3502996
734.6144936
488.2668912
329.6420839
580.4211904
869.681781
185.0918048
242.8793076
556.7623283
513.277033
2137.260152
1765.512153
778.5352619
705.6362354
930.3382342
1271.579007
1049.024859
1152.875067
1002.435315
979.5014076
915.8204947
1420.828251
942.4357446
246.9155222
385.1706925
868.9560389
1935.011538
981.2896139
1738.567656
1347.450827
686.9248702
449.6458056
200.3912384
484.0906083
609.7278823
475.0873032
556.1784147
457.2462711
458.8144023
863.8348537
1344.159867
1535.375977
1200.365245
669.7377613
1317.316802
1490.55974
1214.43035
1112.715595
953.9189121
1080.563323
975.990242
229.6880727
210.9407192
213.2991893
207.6932382
197.1209112
2098.029728
855.4333725
351.8685197
1957.319803
215.9589605
1222.982559
247.9482384
942.6432937
1476.714862
882.3698556
522.8438246
696.2561482
954.2758665
1342.785713
1264.705592
1215.231617
889.6516484
689.5050944
709.5582886
1479.424002
1610.929306
1352.241143
969.5587368
222.7896373
202.4914015
197.3010592
216.0810055
223.1238302
1428.093243
197.581517
188.2155035
185.2850159
313.6261539
362.8278204
190.6543804
224.6734045
311.7899646
229.9192287
950.4424171
1592.920157
1175.865458
965.4143416
1792.809691
1550.814369
1727.105221
1037.863798
402.694441
1228.035065
858.6982204
963.8101077
1030.076004
168.5752668
193.2474181
210.6962611
192.1070674
1441.936705
326.5844048
1029.177151
893.4987685
168.098638
380.5097617
196.600141
200.0882173
542.6243461
681.4624529
622.0305118
446.0073036
897.0863503
783.9310422
728.8653202
900.8780732
927.4255243
928.1164907
915.4801306
752.6662557
1326.749368
1661.70305
1670.150855
1096.599306
267.7603483
249.8885836
241.3134137
244.9986692
890.2064794
566.3082755
282.2028801
320.6381711
338.3125617
327.6705305
221.1631417
921.4360646
517.2300489
522.8816832
581.8065989
741.1586706
858.4231885
1152.209484
663.2038031
241.5521352
277.1891472
1226.545666
1231.359574
445.720061
605.7609077
683.4983274
945.7933263
173.9908365
176.8563457
196.7911228
205.3863551
233.6550385
253.440004
250.4701113
225.2427422
215.3878554
252.8057625
343.4997937
865.2269444
437.8923415
325.120919
434.1171208
523.4793629
685.580932
594.6988134
584.6311263
633.3734
624.2295884
612.6108282
733.5170344
374.8775258
785.1500746
1027.107131
677.5828694
2802.998447
412.5247964
220.3278406
209.9137218
212.572782
201.711215
192.5185991
225.9019611
193.0106261
193.3170942
186.2719397
230.6671237
344.9227651
684.3201122
724.877275
702.9367088
1013.887849
977.3634684
396.0444403
1016.940887
1639.575233
1517.411321
786.213554
1189.341638
1365.249026
589.0516192
188.5484166
187.2624349
186.4429464
185.1621461
201.6945758
200.3375336
249.5414598
639.3042266
873.0756403
1413.032334
232.2895359
608.3593044
735.3473375
766.0831045
371.5322306
526.2674055
889.4683018
471.3175909
478.0550758
978.3543686
1184.683595
1275.598502
719.8089843
578.1442241
677.1909576
595.7467412
221.2980873
226.8713212
223.5193162
279.6021372
286.1854344
273.3773327
480.7091319
740.1354837
578.2529945
1821.469553
735.2042532
669.9130908
284.8771698
327.5037017
1028.390597
650.1521075
521.8139055
758.3868765
975.8203632
947.6076132
573.2235622
672.9734873
510.5754681
629.7773799
779.2714944
222.3533151
217.2890155
212.6346467
203.9123027
269.7662816
442.054999
185.8478904
285.6723757
295.7109866
203.9156107
432.813828
359.2179103
759.0044691
734.1621769
1071.547791
950.1107543
621.856216
394.2055959
637.1567636
1146.092689
648.0140102
685.8184902
913.2514652
934.0168132
164.3120786
187.9588717
437.2107018
1092.441382
806.3028651
707.2478572
244.5738631
769.5723617
247.9763981
248.7358085
239.4545088
367.917989
683.9672264
877.2667889
364.8560198
829.2240629
874.6998967
578.9845325
775.2868883
1345.302008
1112.875029
1064.346604
1045.461977
940.5129629
211.1577399
220.9556099
1527.101916
205.3087733
198.5006428
210.6263123
1062.665636
1042.716938
219.16878
234.7339455
317.5948992
417.7809156
579.1901949
512.0840618
264.5783205
575.4767554
1226.948271
1024.870766
1012.907806
659.7624007
868.6617717
642.1349664
719.8157766
239.5719924
428.9570301
338.0248734
230.4182079
225.1484368
279.1167729
1419.53885
882.6972879
188.8572989
597.654317
1007.000162
944.247538
969.0157618
574.290646
400.6840221
453.7296077
522.9689668
514.8573942
405.3426982
409.1931635
448.3127902
420.0072419
1553.300763
1882.668275
335.2213466
233.073373
644.6124987
453.655287
752.256878
1170.54752
472.7570714
571.5403247
334.8137489
366.3763516
452.8323585
900.8502179
298.8419277
617.4046733
236.7852714
242.3465476
588.207612
910.0527745
1431.032172
1183.43718
840.3912249
534.2264872
563.0705336
965.8441094
376.7731141
246.5696917
266.8055135
209.1324957
400.2030504
240.420457
392.6973809
580.6757896
916.8972735
758.7817343
1091.617747
498.9790249
238.7986714
238.5049753
231.9667356
1082.781571
768.0364496
372.9046038
756.2441421
1112.182158
510.1078885
451.7158761
634.6140973
1095.281498
1160.850901
914.7372319
1066.84108
1360.346435
1653.815883
1662.94354
793.1457498
846.1792719
1199.344485
2419.530737
1037.287114
1319.067492
1270.142061
744.0080892
989.734637
180.2041869
304.797425
408.2967992
266.029746
841.4481867
254.884242
154.8382736
922.2186841
1177.32564
942.4959286
544.5908559
593.772276
500.2646963
689.6434697
1070.978795
1187.689035
1829.648664
1153.299705
1111.858783
500.8568692
967.4839473
758.7159383
1224.393647
1737.418714
1507.251768
1019.435722
1386.882117
175.8072253
190.9878676
269.3782248
438.5521504
751.393007
234.9119439
541.7189081
897.8884479
1360.560116
1123.555704
1000.265679
451.9520553
416.9126776
751.1356848
993.1452887
1622.354153
1372.204458
902.7659652
597.9597271
650.2042624
1216.419523
1030.440915
802.1963257
974.4213984
576.1253309
457.6567639
731.3681726
244.911674
1835.994051
876.407862
744.0428895
715.9589377
462.7870302
608.918839
997.8972538
246.0359346
352.24235
776.2701089
587.7799744
800.0436262
477.9831526
686.8606204
1113.729123
1602.825731
1640.686612
940.8658652
486.6669565
614.2246436
1268.697958
1415.751166
1686.031788
1701.381562
1440.270645
212.1206769
574.9878545
850.8609895
519.8740891
841.1850402
1080.452041
676.4344887
277.7778972
273.4145674
247.9579915
240.2237518
915.9712788
462.8242562
860.7614856
516.7045092
890.7235127
589.243157
1427.140004
1728.552553
1728.880116
1096.815615
1102.540816
1725.245804
1091.188138
833.6423523
733.2914389
191.5182093
191.9893608
545.2830952
1237.424478
192.8575536
188.8569168
202.2182209
191.6968764
1852.715966
728.3806365
696.8119956
364.5830322
988.4528527
322.5883823
261.6015207
1263.413215
1459.033515
708.9035452
672.3538182
1263.672892
1969.849303
958.8229125
609.4672335
947.7443898
1145.664654
1362.781351
210.034915
222.5047703
715.9095789
541.8767078
1173.628644
1076.577875
1177.176515
204.3103937
221.9172303
225.9221763
340.6244883
223.6736219
695.1605985
609.5527525
226.0256524
426.6525004
248.0600383
251.1964706
276.5922199
275.358385
254.0321809
906.1378153
852.6884855
1327.58127
1017.271198
1276.686543
215.1642374
243.1821176
506.3903991
549.4390566
703.9210396
408.1724856
238.19904
231.9543018
225.1575433
235.0219256
245.2227698
246.7065434
297.4689106
424.9538248
619.1354886
432.1293568
601.0836051
823.2207295
530.4641519
654.9376975
1058.350232
1155.026942
415.6633607
552.5421398
897.6407537
249.0963573
232.3081318
205.7618956
214.1200772
263.7860652
378.6064873
439.8431665
294.6248476
295.7865459
346.5480698
881.6317815
711.1401325
346.0996737
507.9028994
651.5845555
781.676884
1146.909346
609.4066484
431.6913003
683.8484559
1036.390293
1759.943979
1390.199773
851.5956311
706.6690995
241.2267117
262.5975079
285.9238177
270.0861439
268.3306983
251.4648165
243.0773218
245.8000727
230.3298911
235.9256399
243.7883282
237.1882349
220.7852637
259.5509082
355.1175046
600.1714175
1037.809181
423.1394606
323.4294446
1147.214873
2109.898104
1230.929673
1091.046597
1723.070147
236.3956579
239.1685046
255.9768602
313.9662384
316.2770623
314.3983028
325.1601358
1048.213628
784.2576448
600.5742585
621.5525806
269.0518605
276.0648889
274.1395223
539.8136971
563.3512599
444.7674364
652.7053177
697.8755036
714.2591875
1014.097279
564.3563784
436.7167211
173.2467027
766.8319451
462.9315205
232.4897161
247.3806925
609.4864141
443.793373
676.3682576
1392.611277
587.9002645
1147.179367
1205.707438
754.6310347
900.1920602
824.3180463
809.718844
887.8810647
1128.168649
1211.232202
1075.088527
888.0363623
814.538479
703.4037355
264.5622181
221.6766577
246.2775183
1037.034343
739.8395612
351.1258182
1540.733418
442.7542809
480.20621
415.0690149
606.757007
872.8959118
1067.502398
598.5672609
465.450849
575.1935354
451.8633923
220.5883563
300.3376976
550.1031919
730.5586102
1030.32281
776.9248789
263.1152431
597.3117636
239.3855237
820.9843872
225.5945471
432.9841852
528.7025645
548.9764233
313.4533631
429.0303602
923.2139345
450.7149849
527.4224831
510.8246751
578.6876571
1078.238899
961.3431613
190.8311237
439.6572624
624.9660486
728.3327845
455.2275182
227.2420024
267.5902383
222.3311461
305.0121846
659.3244243
547.8704145
678.8098558
995.6873818
1886.266633
1325.128103
2173.749786
259.4279008
221.4281
202.0493156
224.5833863
481.5536563
210.8383412
197.5030624
549.2256423
1043.772557
205.3995888
636.1324382
400.2701637
599.2784271
172.280023
2130.719615
202.4931529
209.80141
659.7388304
724.9769136
482.5794694
201.2838207
939.0977954
625.6605232
219.215896
471.7443659
781.1264268
352.5708914
384.148816
258.2014538
368.8622444
501.6947137
372.3170839
435.5763877
796.5407118
1011.400674
1188.498397
769.142161
660.8015453
626.3953508
1814.306569
1348.414564
1433.387977
1133.572025
1119.239766
367.3495208
553.9930816
799.7190581
675.145929
478.8874572
214.2090046
716.8348143
811.851843
543.1715155
362.9165742
377.4584167
601.1061595
438.1800746
1198.947005
1843.366406
1028.166415
1324.531655
720.4767035
644.8234973
885.0367247
698.9379159
926.5759924
1043.278605
1164.467817
513.5341394
365.3934963
939.7665792
630.9508754
599.5184224
1396.155734
1187.715032
630.2899735
833.0961111
394.325387
290.1459218
231.8964257
415.2035518
652.0252463
627.950361
587.7934655
474.7113382
434.8363309
831.8231157
640.8465628
677.7240327
630.1276286
652.1414079
721.9778237
265.8936454
1058.455499
656.4458161
406.1988593
623.7559135
792.3465789
366.8445211
318.9850173
563.1626635
577.203981
556.1837913
512.463115
302.8136939
725.3267792
909.3572609
1438.644819
1243.09347
799.1217333
502.9207734
358.2484771
1132.359166
1405.72767
1189.584202
1023.24383
186.8087871
661.2861555
442.6692466
502.2370369
734.7175879
373.4628733
371.3283423
237.0418583
289.22963
760.1140132
2313.545251
1150.079929
1573.604116
945.717853
744.0053272
195.6254315
704.6656124
1015.371696
1122.281521
1461.794853
1047.424003
622.8321414
752.7119457
1092.920692
863.3657691
1137.247362
1176.293617
202.6347907
200.6065176
195.904174
1738.880099
325.6028664
374.7798758
606.4116961
1207.69409
378.428914
513.2294609
1233.833701
1413.513072
1648.538152
574.7732473
687.3625363
1230.697541
746.5684798
623.6028311
561.2153629
697.2947395
180.3544715
829.0904084
286.0050203
601.1548075
1214.888253
252.9682178
267.9428794
696.9881269
1642.410467
534.7054516
451.4116993
604.5403633
295.9442251
225.1149326
192.1796506
519.1181056
599.7023679
693.5449011
646.1098667
874.4360772
791.5236541
872.0575749
1323.510108
215.3600216
1275.585865
288.6966741
338.965566
355.8736856
303.789268
203.4186438
217.3756232
232.0255356
218.2792574
215.0233
404.2929787
734.9269763
359.1572263
416.6556741
804.1179019
707.2809895
607.5407345
627.4370393
1007.902496
663.7635742
204.0543197
154.4750732
174.0223653
196.7902178
199.8244437
296.6158515
275.1675362
282.3239593
241.3088588
540.0400812
621.3708443
377.5864038
415.3459108
570.6221083
262.5044498
660.7829813
777.3562808
207.1806163
541.1903257
889.3451323
1551.045376
600.5030397
209.0550065
220.1138897
352.2174066
380.9639341
363.975043
295.9173291
229.2283364
219.0406948
232.9129776
1373.302773
252.7367608
254.4278462
359.4700757
326.9239824
1800.749962
1387.904325
271.8067378
369.2586015
1500.118336
1797.183252
191.563611
308.1064578
342.075981
352.9531857
399.3032839
829.5641802
612.2193166
822.5815198
502.3411786
268.5050837
278.0558813
311.2893619
723.8466277
704.445766
800.0432651
1320.44406
1034.351256
411.112574
194.3165747
715.8270098
855.9134773
634.6544897
1142.956904
1513.789495
415.1859946
786.1705403
1037.308451
775.0702559
742.830639
240.4431836
638.6861678
746.9628444
897.447756
572.416355
561.015525
470.6691966
261.8787502
267.4154736
264.6425935
374.4556593
338.5496148
933.4101362
852.4235494
634.395155
792.1755109
435.2077748
703.1326374
3344.449085
550.9208854
245.4836996
587.9750652
686.4415984
702.3050391
181.5319385
195.4301931
502.0881349
250.5310433
219.8952741
413.8493431
694.4497282
343.3051942
200.4268472
198.787118
208.2044798
283.7404211
465.1801931
354.6663896
516.9306363
1198.198762
1359.439293
703.1304109
620.8366964
590.512881
346.2318718
471.659
844.053446
898.5280485
257.640072
280.0920778
224.1475127
242.2374929
228.9115453
375.6223344
513.4575186
441.7593116
289.2863537
335.0046072
828.1273981
904.9162333
520.8862553
556.603115
528.1341425
607.5914809
1595.51659
909.5052863
476.2831676
542.8417087
231.0646156
218.7644232
844.2959612
694.3392381
261.5791137
815.8917891
738.3247866
667.2877453
303.7033183
228.4732496
284.1255674
805.911633
704.5559657
1006.094124
720.0775966
916.2383857
857.8696448
454.2128546
1075.506907
925.0995116
450.7694414
576.3709317
760.9804618
1118.336394
837.7585623
186.403695
275.6907622
317.5222732
345.69784
328.6607719
463.520048
470.0570074
741.6514024
885.2577086
1038.126047
888.7893105
523.5672952
928.4855029
213.6241931
1796.050401
524.0738675
439.4036908
385.7962285
385.4975009
218.4308732
384.0786759
340.3067681
410.5883319
660.7623689
535.2190318
386.5703401
501.8062199
774.126104
776.9297754
825.0563383
919.8031933
1591.005578
163.6514969
184.4476068
213.5614715
1410.111636
882.1544771
216.2312593
210.7016471
981.7480599
435.6608391
423.6696326
1633.646088
857.7748889
766.3750291
801.4477512
340.5603838
336.2117979
1136.19564
1120.278285
222.410564
376.0689284
927.3628458
229.1735206
268.4611465
243.3157411
650.6179277
722.6218512
835.6488521
805.7066527
347.4648512
303.9017706
401.0477501
781.2798119
928.5703811
270.6837375
457.056301
166.49964
844.3195426
436.5288252
186.3880413
191.5726901
337.3593614
616.0181144
320.2615125
389.8797078
513.5480252
441.984455
476.1425553
464.4970151
680.301238
1992.11921
253.5405578
325.4391055
595.9991372
485.7078898
353.8019454
422.9364629
679.4255409
219.1859033
263.212229
855.8308921
864.7318185
228.4217577
307.9167346
585.6384124
196.3421569
185.6852584
190.7881986
276.7996372
862.0355985
564.1261098
247.8714374
372.1063839
676.0169194
541.5009019
336.8610617
1422.090044
748.1085177
219.8239712
229.9870897
422.1595269
489.4170747
233.3988935
218.8409241
208.2975514
216.9390243
218.7149972
213.5156969
268.0308878
378.7919372
349.3940367
887.0966449
1197.575207
221.3879011
232.6474936
231.3538909
224.2626755
604.6742078
847.138774
780.2318974
209.1423781
741.341053
644.3644756
559.9669726
318.6870219
224.1443746
859.7936319
931.9451855
781.1611332
318.0411212
267.9170477
341.5148363
837.8953282
1106.31329
1955.687834
383.3436569
674.7403388
159.1140052
165.5041635
170.0504553
275.2357846
740.9928758
207.7433857
741.789921
489.0107137
184.315731
154.5261479
248.7166493
817.8180931
410.4869854
188.8356466
207.0404761
1295.408792
550.6994391
399.1081009
665.8369936
6250.192715
7022.795233
7256.176933
5724.609221
4649.907086
5284.966151
5841.173457
4989.001111
5679.413762
4277.902088
4432.423336
2577.697906
4996.057807
3599.950076
4749.506177
3452.817909
3694.04865
5583.140303
3724.194267
3505.424173
5300.055241
7.716842254e-13
4515.726414
5217.916599
6215.554973
3755.50676
3176.992781
4134.000071
3358.521853
5444.405182
7027.890877
6066.437955
5139.336459
6412.331286
5862.65128
2218.771693
5.964613127e-13
6293.580635
4801.706681
5370.612125
4644.14324
4202.83339
5179.01379
2823.427898
5839.371145
6477.588986
4260.997326
1703.412901
4207.315889
3668.315416
4246.098955
3130.289024
2562.70065
1403.913232
5167.978202
6561.87224
5750.12454
5030.278441
4299.935754
5028.336923
3772.679363
4892.41511
5155.677183
4646.73055
4157.207904
2732.819704
2893.757258
3931.547562
4953.373371
5093.684515
590.8674738
1840.667131
1250.135437
2284.525022
5191.452321
8022.585236
6635.742151
5539.723452
4132.242239
5214.693892
5167.013194
5370.968661
6168.734266
5788.392385
5069.997271
6297.321072
4365.635616
3956.487062
4860.577692
6748.992527
4085.882727
4033.01255
3613.403147
4650.642202
3454.3311
3185.195335
3830.436596
2921.082009
-1.479288762e-12
0
0
0
0
0
0
5346.537109
6887.148409
5683.061996
4483.004392
2642.449728
4485.211186
3150.181661
2871.129574
3756.581472
2915.527396
0
0
0
0
0
0
-2.218933155e-12
6404.859955
6502.328417
4900.431293
5005.676039
4410.588093
5406.396827
4392.353263
4439.806941
4203.82337
3466.743953
2539.389469
3856.067082
0
49.89322659
563.9889588
1324.726242
0
0
0
0
5256.438165
6941.302361
6465.67785
5357.906885
5068.902698
5880.274817
3404.55208
4922.55366
4729.172064
4433.198899
4065.770454
2979.650992
3744.711589
386.4812385
903.2393744
0
0
1121.92727
2506.549013
4084.795394
0
0
0
1941.436207
6436.649919
5719.337178
8818.890521
4785.351659
3755.262102
7275.893544
4971.115798
5872.402834
6477.766262
5067.304866
3165.087996
2907.836852
4368.130145
3553.068097
3408.258675
2452.619878
7388.722289
3992.140303
4476.538099
2151.387545
439.2414813
1.841216994e-12
2374.801594
5889.468385
6770.567434
7405.278367
3924.140144
3438.734818
5832.309152
3427.382828
3486.726619
5724.377777
3974.778685
3338.659165
3624.426782
4649.009967
1335.764167
6430.375014
8080.864534
3970.884514
6036.022162
6263.493499
5226.821925
3834.584488
7070.348809
4671.02795
6011.674741
5590.352596
6130.304427
4321.162409
4492.305201
6159.04125
5930.781968
6093.687444
5401.43126
4835.617435
5862.836727
3776.237639
2241.247536
4909.472608
3585.304053
0
0
0
0
0
6549.41001
7157.49522
5630.958799
5094.658889
4046.850111
4582.317121
4230.38605
4256.315298
5138.506076
5142.778633
4663.800761
3376.348387
0
0
0
0
0
0
6727.016651
7484.002017
5977.133958
4653.696552
4094.172695
4819.279919
4366.477652
2978.48042
5128.254525
4176.382333
3699.456663
3371.81246
3782.92558
0
0
0
0
0
0
0
3276.062143
4359.207749
3698.960309
4038.7963
3407.601647
2772.659355
2017.519576
0
0
0
0
0
0
0
0
0
5951.496933
6192.555556
6174.935974
4060.444426
3815.092209
4110.851021
3124.345611
2471.681273
5173.176889
4909.289298
0
0
0
0
5399.241411
7423.429968
6380.509781
4437.078719
4132.108569
4547.020149
3771.94821
3960.785826
5036.921474
4293.639154
3133.659591
3595.125101
3339.908741
0
0
121.8786989
0
0
0
864.2886676
5524.421325
6685.389759
5216.175418
5026.941088
5809.540405
4785.8942
4500.234635
4068.183447
0
0
1690.117146
0
-1.035639381e-12
4713.159151
7155.31397
5390.615778
4617.588847
3875.150364
4258.756202
3811.31311
3301.0215
4023.102898
4183.50106
4025.082115
3999.163698
4521.513929
3534.03862
1375.293242
5641.293624
7300.221538
6998.055798
3779.561933
3748.478492
5243.284618
5216.126702
4765.374851
6335.678037
4350.653801
4393.430648
4067.097517
3030.219169
3364.054414
0
0
0
0
4099.606182
6852.194136
4638.556123
4247.295306
2830.333478
4056.617153
2926.788452
4536.760666
0
0
0
0
4816.072578
5771.589361
5435.212598
4488.349098
3506.529704
4449.470361
3131.779638
3878.918296
0
0
0
0
0
0
4748.860165
5485.561204
5826.02556
5365.211712
3744.966283
5329.330183
4544.503137
3177.407743
5560.637284
3636.14551
0
0
0
0
0
0
0
4880.627637
8173.212766
6596.173242
5845.303245
5073.375955
6462.712656
4107.563031
4040.617996
5264.248922
4356.187138
3016.38291
3933.254483
3539.535015
0
0
0
0
0
0
0
0
0
0
0
3629.44699
5217.491292
4561.56893
4463.612142
3564.116569
3484.388324
5033.416265
0
0
0
0
0
0
5155.527397
6432.736275
6813.343141
6183.748917
4152.78349
4588.790844
3750.853969
4504.737691
5217.234691
4043.987484
2787.06247
0
0
0
462.5135912
0
0
0
0
0
0
3564.245353
7338.206609
4206.460505
3952.364695
4892.950988
3876.729519
3100.565941
0
-8.834905228e-13
6723.15938
0
-1.756237141e-12
-3.865467131e-13
0
6116.772995
7647.119129
6452.604773
5488.726453
4067.688829
5040.784708
4138.366135
2988.589451
4554.925104
5236.2608
3202.364824
6601.889143
6890.853506
6933.912765
4505.061563
5134.696832
0
1388.682996
3666.172209
4854.341382
7131.241119
5669.471627
3011.746128
2534.667763
4421.775818
4722.392314
5194.871802
5790.175084
5408.625966
2979.662494
3293.857815
5130.694919
3850.041151
3547.42566
4627.391085
3572.943872
4158.899512
3763.407476
0
0
0
0
0
0
0
0
0
0
3356.856349
5478.718364
3792.566657
3744.667799
3762.583864
0
0
0
0
0
0
0
0
0
0
0
3545.4935
5576.16908
3840.26167
4340.582469
3121.282043
3368.268775
0
0
0
0
5097.215017
7060.679525
4847.176013
4621.543957
2817.855351
5393.398819
3172.730886
3142.948402
0
0
0
0
0
0
0
4798.11959
9004.055495
6346.140051
5962.055424
3675.032818
5646.154159
3344.576717
4072.980214
3340.64839
0
0
0
0
0
0
0
0
0
2685.02903
4854.928424
3461.132501
4247.611562
2989.822212
0
0
0
0
0
0
4953.106241
6304.962527
5540.814713
3329.14123
4625.187566
4687.74078
3482.277102
0
0
0
0
0
0
0
0
0
4148.863762
7062.695804
7245.697908
5314.757265
3873.304391
6097.886839
5569.567825
3629.100877
5900.572556
3286.14589
3976.43041
0
0
0
0
0
0
1049.105933
5020.636922
4683.372397
5208.369047
3915.744093
5728.469316
3475.600945
4306.34151
0
0
776.8327536
0
2.170478189e-12
0
5070.298917
8203.274626
5301.664318
4817.077264
3835.219678
5421.046889
4494.372171
3564.365474
4707.568327
5767.967645
4253.532118
6107.588708
4822.622817
887.8144378
4442.257738
5568.77467
0
5942.493918
4967.848177
6471.915826
4876.701854
4889.00293
4675.293735
4845.37452
8039.045776
6000.910537
4135.625576
4680.800187
3436.863718
3548.144966
3545.196814
0
0
0
0
0
0
0
3890.018296
4764.336424
3025.906556
3151.078941
2982.170816
0
0
0
0
0
0
0
0
4511.808176
4179.20954
3300.525315
3253.912969
3814.033438
0
0
0
0
0
0
0
0
0
0
0
3618.287342
6290.199741
4279.400519
3779.583364
3642.611252
3103.853242
0
0
0
0
0
4124.188774
5523.359564
4484.027539
5588.684107
2779.048186
5586.572341
4203.441311
2678.349837
0
0
0
0
0
0
0
6612.284231
9163.149109
6640.794926
5805.535201
4034.85399
8297.852424
4506.736118
5055.758185
3828.325826
3125.614664
0
0
0
0
3427.685794
6702.662772
4021.212154
2729.24195
4327.436803
2872.959828
0
0
0
0
0
0
0
0
0
5519.515892
6846.535955
6105.83546
5094.719931
3611.522875
8212.379253
4136.806819
4623.662936
2765.979879
0
2017.383234
-3.106607297e-12
0
0
0
4673.661168
4794.190395
4533.237358
4775.71659
3568.82751
3076.857702
-2.473445867e-12
0
1.887011838e-12
3448.402285
160.93023
0
4960.444956
7374.084097
4998.706631
4770.118181
3406.504007
5709.00332
3944.5802
3245.489817
0
289.674414
2078.160047
289.674414
1.197668823e-12
1360.597267
4726.306013
5211.843277
5278.164645
3298.077892
3696.813328
3939.065467
5678.105336
5306.574344
2655.057499
3050.605526
2617.031298
5336.305617
6058.768192
0
5778.391663
3575.311057
3627.890305
4612.34419
3608.932554
5212.977246
3155.27364
0
0
0
0
0
0
0
3339.320019
6111.750531
3207.261429
3550.547188
2571.0171
0
0
0
0
0
0
0
4170.992767
5709.307082
2886.185842
3767.918498
3810.526091
0
0
0
-1.706871657e-13
0
1.386833222e-13
0
0
4259.130573
5922.915587
3860.510512
3389.558202
3899.656692
1.212962708e-13
0
0
0
0
0
0
0
0
0
0
4424.035862
6638.69687
5619.471472
5058.117436
3346.95519
6037.876672
3529.928177
3782.616171
0
0
0
0
0
0
0
5486.574032
10833.561
6491.325261
5640.428932
3711.845593
6408.239711
4977.42301
5483.129356
3318.561534
0
0
0
0
0
0
0
0
0
0
0
3651.989554
4473.389003
3262.421531
3712.101733
3202.606906
0
0
0
0
0
0
0
0
0
4046.484214
8259.923755
5816.467077
4966.455057
3762.056199
5784.745837
3875.209333
3996.96794
0
0
1.077897941e-12
0
0
277.6641543
3334.862292
5454.183009
3846.359227
3498.813738
0
0
0
0
0
0
3605.57844
5766.664195
5395.378447
5215.105429
3869.490071
5801.129548
4592.409072
3530.140116
0
0
0
1821.967252
0
5.614164333e-13
2637.781379
4640.189393
5733.576452
5170.813609
4449.185562
6755.88323
4667.936328
4340.671426
0
2498.306705
5527.588721
3712.261311
0
0
4321.504662
6996.79606
6188.646087
6296.886897
6111.194505
8377.078332
7905.883434
6901.679123
5329.660539
4760.760619
5403.003446
6923.524488
5952.904545
3909.982243
5501.852435
5442.07411
2917.253961
5069.870666
3112.456983
4105.127937
3143.661844
0
0
0
0
2942.600178
5225.053666
3739.614129
3903.996565
3387.009485
0
0
0
0
0
0
3985.272033
5504.229146
4377.596758
3754.401853
4826.019958
0
0
0
0
0
0
0
3557.28868
7603.358534
4197.939056
4038.898623
4971.496452
3079.595857
0
0
0
0
0
0
0
0
0
0
4470.609131
7961.85212
5527.64222
4827.074258
2749.870598
6166.416947
3459.150531
3813.116473
0
0
0
0
0
0
6091.417941
11039.82981
8226.072509
5781.184379
3876.969438
6582.019098
5545.054653
5621.465277
3638.344257
2748.825747
0
0
694.552865
0
0
0
0
-1.109466576e-12
365.5980732
-1.267961801e-12
3633.555555
5000.443312
4094.943086
2852.969434
3781.744449
0
0
-5.59119286e-13
-5.480443307e-13
0
0
6.786323178e-13
0
0
4879.361641
6909.167731
4412.695479
5215.392244
3389.627688
5687.753709
3607.146627
5367.044141
0
0
0
0
0
0
4547.783386
3317.796085
3950.215608
0
0
0
0
0
0
-4.949277374e-12
4216.584005
8197.396784
6582.652043
5956.191752
4027.792077
6660.584576
4275.141786
4962.5025
0
0
0
0
0
0
0
0
0
6209.152018
4833.080513
3594.574572
5640.653674
0
1269.055059
0
0
-1.743006288e-12
0
3265.052007
3010.177425
0
-2.746253267e-12
3006.536452
2171.153548
6514.744901
6379.415843
6093.392869
6792.208437
10603.94169
7664.143746
7543.495709
4798.25027
5116.563049
5187.896418
8622.239861
4370.134597
6642.186689
6450.734009
3991.522629
5766.460574
3715.653925
4576.06361
4166.769758
0
0
0
0
0
0
0
0
0
0
0
4190.797194
6335.442962
4395.038516
5349.932632
3900.808366
0
0
0
0
4145.556061
6130.690119
4611.854404
4113.323206
3725.991499
4520.16185
3016.572465
0
0
0
0
0
0
4995.60002
6046.136135
5654.26355
5181.069334
3243.099664
5765.923617
4398.212884
3854.837259
0
0
-1.804290299e-12
0
0
0
-2.11974605e-13
0
4649.427732
10058.24519
7037.605935
5879.424821
4211.311661
6259.481279
3713.850994
3655.09659
0
0
0
0
0
0
4437.85641
3599.509852
3355.020464
3620.925472
0
0
-5.547332881e-13
0
0
0
0
0
0
3930.674747
6899.851112
3932.444205
3598.470865
4240.796856
2722.26139
0
0
0
0
4333.58062
0
0
-2.2439484e-14
0
5084.371303
7290.880568
5412.057586
4963.224598
3407.600356
6264.123539
3262.153416
3648.225899
0
0
0
1.038420236e-12
0
0
0
0
3275.422247
6058.182378
3742.548062
3320.84176
4383.554131
0
1.079357548e-12
1.147201873e-12
1.257393888e-12
221.9852954
0
0
242.7964168
1077.301881
5030.233863
7494.282701
5147.066055
5219.81466
3361.656077
8292.088528
5489.765536
3392.035878
0
-2.93949472e-12
-3.040733843e-12
592.5313293
-4.182724866e-12
1350.323764
8.875732553e-12
1360.245121
2089.502117
2027.762541
110.5048167
3822.833037
6142.374179
4548.645993
3604.630486
5252.941967
0
1303.814224
417.9211462
1256.998424
1287.166386
0
4.230791345e-12
2746.350794
227.9523983
7439.724708
7917.880229
7982.715865
6620.935659
8308.237679
10496.8844
3458.382029
8957.927673
8087.786353
6559.198319
1829.407827
10472.39409
8164.560721
1288.716515
6969.676823
6115.409908
5519.449765
5757.285144
6769.498598
7131.9405
4647.128088
9763.157481
5441.032377
5336.609414
3364.082691
5589.928551
3643.056681
3083.339276
0
0
0
0
0
0
0
0
0
5147.620625
8505.783635
4978.459457
5605.692197
4276.604463
6100.136344
4192.173339
3091.099939
0
0
0
0
0
0
0
0
0
0
0
5493.917877
7357.963604
5758.820306
5634.799706
4598.320563
5855.587247
3748.006245
3526.107097
0
0
0
0
6.192792105e-12
5393.461108
7115.484388
7086.760817
7015.5379
4796.415869
9222.184113
4640.120714
3519.270625
0
0
0
0
0
0
0
4210.808709
3608.15995
3316.609765
3489.807583
0
0
0
0
4105.842629
6867.288172
3562.700885
4543.871019
4853.010484
0
0
0
0
4565.598367
0
0
0
0
4520.601585
6693.454943
4970.190983
5490.139114
3547.884687
5887.117765
4281.533847
2912.086189
0
0
0
0
0
0
0
0
0
4739.686125
10155.78773
6991.918685
7690.356489
4861.116077
11625.3225
6288.312974
4760.650197
3358.216553
4304.401497
0
504.4504702
0
-3.263545077e-12
0
0
2.492437525e-12
2936.415987
3.550293035e-12
3561.727507
7827.567216
4318.992779
4248.994212
4162.921947
2794.582712
0
3.699851275e-12
0
0
-3.222973237e-12
0
0
3833.372571
83.53782274
566.3980547
4958.053527
9187.63813
7094.88476
6491.001201
4011.961724
8028.771403
5863.564119
4635.019829
4386.191122
0
0
-1.810904371e-12
877.0595933
0
1191.938418
2162.199687
1551.007641
1012.703217
1491.569959
2485.242549
2.342009853e-12
1353.208779
1603.802997
3613.939726
6917.577427
6124.702244
4866.446539
7031.380762
3877.257118
1066.61679
4.976349151e-13
4628.49489
0
3719.590674
2520.757675
807.2904798
2778.876968
2088.869451
657.1781677
4945.852525
2826.112603
1371.81237
4159.098558
11626.83812
8003.796096
5014.918115
5691.70463
9220.17832
7167.112764
0
7758.127769
6936.139849
5400.93989
1183.885877
6031.457124
5852.328097
5174.771027
5765.273808
4889.855764
4147.250966
4037.131973
6598.912544
6276.984767
7048.999322
11477.38833
7912.846646
7850.301569
4916.88617
8447.564537
5070.633288
4490.079686
3255.71678
2909.013276
0
0
0
0
0
0
0
9356.040339
9730.755919
8398.793098
11359.43557
6058.514753
7515.425447
5736.225434
4479.066713
3330.67125
3672.999447
0
0
0
0
0
0
0
0
5969.790641
3334.4212
3318.831727
0
0
0
0
0
0
0
0
0
0
0
3150.847661
5625.191992
4465.016894
3610.895509
4680.787356
1.933119635e-12
0
2156.942453
0
2.252932863e-12
0
3822.150816
6004.297212
3689.867514
4114.050979
5045.436957
3782.739987
0
4.473376698e-12
0
0
-3.550293042e-12
0
0
0
0
0
0
5018.723691
8727.696103
6326.567297
5343.577003
3033.421824
6025.004323
3253.561376
3165.609566
0
0
3.103136406e-12
0
0
0
0
0
0
5001.50312
10342.94244
6058.845116
8124.872559
4182.784186
8212.280952
5360.101657
4539.696748
3571.360197
3.030515337e-12
0
2879.413562
857.6131606
-2.218933166e-12
0
0
-1.356999548e-12
0
3406.860477
5883.142589
3579.907983
3748.979347
4119.281009
0
-2.627550616e-12
-1.730629774e-12
2.648736993e-12
-2.26684156e-12
0
3074.097979
-3.203087806e-12
0
0
4199.998602
7521.138417
4924.846597
6030.904205
4029.071157
6319.502326
4403.050345
3074.618377
0
0
0
-5.434177298e-12
0
0
-7.345422446e-12
0
-3.855230919e-12
0
0
0
0
0
5818.653212
4076.635177
3446.548515
3768.255855
4787.530395
2681.475063
0
1.776385775e-12
10411.32821
5420.609806
0
557.4306141
4590.706565
1596.943589
2212.90272
5508.231137
3838.251508
5017.065445
10755.8218
7529.253694
7079.566897
9172.957343
6732.063787
5954.391733
5841.741537
0
3006.066578
1906.004939
5515.895019
1378.86539
5465.280731
7469.826489
3300.835711
4684.051752
4521.37604
6289.894347
5838.300839
5153.450763
4528.026475
5540.830427
8450.04416
9478.842239
6756.765304
8251.069796
9846.200627
7614.015328
4899.950128
7617.797878
6116.711891
8594.4694
6758.2926
6157.580377
6724.992416
1890.373384
5971.914731
5572.049936
6144.528712
6232.810575
5969.326386
4431.641694
3343.339224
6511.696086
3603.37634
4703.991592
4814.962727
0
0
0
0
0
0
3323.349354
6737.267523
3786.523122
5736.61151
4499.715033
0
0
0
0
0
0
0
4008.903032
8005.234264
4086.867239
5211.886738
3894.254967
5157.818565
4014.545456
0
0
0
0
0
0
0
0
0
4611.937471
10516.80517
4945.99501
6862.036627
3407.375753
5525.347091
3260.42155
2940.364491
0
0
0
0
0
0
5513.875934
13505.03389
6693.171597
8143.277071
3592.194025
8959.93801
4278.81301
3988.732839
0
2.586127504e-12
0
0
0
0
0
0
0
7339.485378
11258.23953
9040.539654
10014.91049
5414.504303
11187.00124
7580.73242
5157.705948
2707.163849
3655.415112
0
0
0
0
0
0
0
0
8.875732645e-12
3596.117928
5549.986524
4273.148647
3528.749471
4357.589972
0
5.522996659e-12
2.984587307e-12
0
0
0
0
5.828468318e-12
0
0
4121.909738
8654.086043
6065.021667
5462.265029
4151.033546
7748.168776
4847.475749
3634.63948
0
0
0
0
3.006452588e-12
0
-3.680037485e-12
0
3362.727567
-5.325439528e-12
5.1257896e-12
0
5745.314996
-2.218933156e-12
6588.511788
11073.98221
10114.73226
8907.038199
3996.620225
10070.80429
6582.057007
4026.171819
3376.77957
0
0
-1.605275463e-12
3552.628366
-4.203666373e-12
1017.067473
1726.270684
0
0
6102.179683
2626.837344
4635.807499
9975.524314
5481.293647
4892.165596
9054.279931
5656.805428
4057.11952
3.122996724e-12
3.828621984e-12
2650.617787
0
1227.348046
1308.060744
2217.986469
9333.987286
1428.121369
2072.919893
4273.189894
2316.38237
3136.638018
1962.408387
443.3600899
1968.98246
5003.032726
11970.09189
6038.050771
3540.679089
8305.771885
6891.07739
7804.269426
6805.205065
5966.86701
8085.216241
6565.078145
5585.02981
5705.11584
8155.561017
7221.591957
3837.327252
5620.455306
8017.493676
0
4031.690691
3715.742309
1664.058137
2981.145185
6568.066884
5033.97063
5407.388212
4080.626342
7003.407836
2918.206877
2890.96384
4548.008598
6556.357858
8557.382584
9847.372093
8583.43774
8909.282367
6776.810971
10265.05447
8459.833176
6383.267306
11254.73849
7172.673135
9852.807642
4594.876589
8685.81243
5292.691631
4024.053995
0
0
0
0
5054.409355
9346.976293
6234.940552
8643.143755
4564.478415
8999.399046
4029.775977
3131.964247
0
0
0
0
0
0
6123.617276
11321.81091
6553.063716
8993.11251
4169.013167
9077.094872
5242.045736
3491.533986
3003.153934
0
0
0
0
0
0
0
0
4250.161103
3306.997727
4372.621882
0
0
0
0
0
0
2514.956927
6103.359284
3700.561247
4501.903808
4210.541986
0
0
0
0
0
0
0
0
1.18343102e-11
3739.548995
6176.903878
4464.40183
5113.709518
5815.120204
2762.368984
0
0
0
0
0
0
0
4.08646468e-12
0
5530.121804
11704.94712
6753.572004
5931.030612
4970.680547
9353.37379
4483.185272
3925.473729
0
0
0
0
396.35755
0
0
-2.958577549e-12
0
316.1442931
402.3914517
501.1410898
5982.508308
2707.193542
4542.776525
1737.900693
1114.318861
1.458640504e-13
474.5651374
581.3422934
516.7487052
0
4.707754714e-12
2.905677855e-12
3.962299467e-12
4434.90529
9381.152799
7285.201602
5125.117771
6276.478341
4118.525866
2021.011724
6.037999253e-12
1505.439124
4394.472748
1122.551702
2493.203954
4299.566612
6529.304419
0
3722.711935
5003.767074
4454.379963
1456.90827
3381.730695
3736.958309
0
0
3488.719421
0
8634.2319
11615.37101
7379.402612
10060.96496
5592.689401
7897.74378
10376.70525
7160.717074
5219.607263
7122.30164
8307.297377
3040.984324
3395.369251
3842.752417
5183.926756
1601.768363
3167.151421
-1.728622993e-12
4166.879823
551.1834578
3856.579434
5235.933057
6771.576493
4.156006363e-12
4371.387417
396.8520896
2495.212681
4019.62091
7205.991482
4202.98402
2450.727728
4432.992701
7653.755192
5360.155832
7309.131495
10818.05588
10001.08643
9043.78277
8769.129987
9560.615305
9200.406037
7447.1847
10327.42565
8586.115467
7181.411904
6783.574844
8021.198864
8107.267256
6497.790321
7398.20912
5344.361929
5671.202423
8751.379142
7518.442679
6469.39489
10853.37266
4010.527887
4989.83262
8985.439119
8281.907703
3412.089241
5237.338101
3323.644107
7055.34686
4324.612258
4814.098929
5008.844072
0
0
0
0
0
0
0
0
0
0
0
3563.063957
8059.745818
3937.462986
5746.949312
5810.707998
0
0
0
0
3200.830354
11668.70632
4690.11374
5342.806051
4578.434196
7096.633725
3920.608785
0
0
0
0
0
0
0
5284.052957
8982.298182
5716.356618
6733.637162
4680.403815
6354.48576
4222.970952
0
0
0
0
0
0
7322.806153
11871.19637
5925.025143
7034.135677
3973.958945
9707.65417
4681.227206
3667.038591
0
0
0
0
2.958577545e-12
0
0
0
1166.681996
6947.346311
9051.100694
8138.27293
11160.07334
5444.406215
13081.50326
6393.55126
3671.09108
3491.814815
0
1583.303697
0
0
2734.366833
1519.822091
1407.242677
0
0
1.536023925e-12
1152.259933
1.109466571e-12
6221.528603
3051.350888
4437.561332
5299.176164
0
1663.225127
2791.946591
0
5236.798467
1059.594661
0
2942.503731
6797.137532
2032.754116
2976.082205
8813.745123
5209.4524
5793.753911
10803.64914
6411.26146
5393.854965
1242.753726
4615.671417
1231.51808
0
247.0008493
3553.759802
3748.3292
4003.571726
2323.42258
4457.088204
332.646778
-2.818895846e-12
768.2839791
3998.029318
2015.315128
7332.564806
5702.339115
7918.545081
4094.141406
3887.863046
9657.701109
5185.093009
4200.115337
7306.071971
2810.276976
3196.896022
4774.425003
2085.747706
3184.252621
-6.191295333e-12
3692.35273
3395.64313
1568.389285
1239.843797
6604.965872
6830.500304
2745.136363
3851.890825
0
1760.965295
8585.490618
7508.903832
6222.875864
4029.202202
8327.570054
4678.713068
11833.3491
0
2648.639644
7774.403449
7465.885043
1440.739723
8225.218382
7738.401694
8469.785814
8783.735103
8781.353742
9750.694682
7661.23304
7494.691232
7641.220299
9213.720967
9076.739043
9097.546483
5785.158702
6685.940862
8790.439869
11062.55512
10007.5258
9936.109023
9592.347243
5006.913154
6998.632269
6174.504333
7837.385626
4758.362575
8843.104109
5381.708995
4260.51234
6446.87433
6450.7512
8725.41195
5813.123597
4914.564574
6525.072492
6375.1533
12248.14529
7652.3353
9900.74391
4935.486006
11796.61861
5284.442546
3756.128865
0
0
0
0
6409.051946
8710.041942
8679.568742
11027.51725
5270.600766
11876.34858
7782.205532
4262.118463
2999.334039
4573.6859
0
0
0
0
0
0
0
0
0
0
0
0
0
8327.950919
14167.54784
6818.936997
10550.91435
9882.458083
12068.22165
7592.517397
4446.004817
4566.743519
3693.481841
0
0
0
0
7.253229192e-13
5.530651335e-13
4892.57534
3880.257301
5171.469403
0
0
-4.703839059e-12
0
0
0
3781.851236
8014.336931
4335.987045
4812.40016
6918.651916
0
0
0
-5.202969937e-12
-3.008899178e-12
13.94028714
3984.154596
9810.060693
5509.949653
6545.308243
10163.50361
6203.432392
0
0
0
0
3.333984206e-13
-2.303972055e-12
14.23070979
2.641858448e-12
-3.695911546e-12
4866.933665
11944.17379
7148.931422
11839.36503
4781.663796
12830.10572
8263.520084
4538.724226
5762.628779
0
0
-2.893479953e-12
85.92621413
1256.453234
-8.028419579e-12
3569.628095
0
2192.917348
0
1651.417199
0
4428.936794
2.218933162e-12
1491.943812
294.0825977
2619.001255
1635.681359
8517.109065
5996.705039
9196.390297
3354.647674
7914.065469
8178.175548
7162.298017
7377.971085
8970.137649
8446.253232
5608.464642
7155.851061
5821.711681
8330.144352
7536.614352
10380.77687
8786.101231
6157.077282
4076.401518
6543.116402
2930.534791
1907.385315
9432.235923
4166.110838
3820.837315
2027.722953
3648.467211
8625.415679
8153.000587
3445.398516
0
3360.962539
7924.698793
9307.181861
1927.937632
5056.672463
8175.273572
2199.780701
7507.943511
6415.56414
5282.303714
4708.387292
8324.861499
5687.642569
9228.082805
9229.63546
10252.31705
10501.48429
8722.674832
9694.174552
9066.384146
7653.418676
8222.902497
8142.375499
6342.159438
10314.73607
8581.224545
6951.999074
7776.442811
3566.14344
4103.273343
7648.305582
7075.552529
8583.528716
7712.671397
6957.800617
5421.547262
5380.0976
7062.414948
8123.143106
7182.670283
5342.130435
9555.228412
6427.001134
5049.854695
7140.417863
5343.806366
7155.340864
8689.201997
7965.190523
6804.23437
4088.366684
7563.829877
8074.576225
6773.025903
7481.850026
5865.845811
3005.29592
5299.938997
5994.985736
7176.055279
5593.305473
5194.367174
7554.361595
6233.825735
8902.928592
5953.966616
8955.403327
4885.445834
8896.465263
5079.03811
11273.40739
4121.654703
8650.404028
5091.625547
0
0
0
0
0
0
0
0
0
5784.191399
12204.21162
4408.823363
8411.325752
4421.699412
9738.116984
6141.765077
0
0
0
0
0
0
-4.437866287e-12
0
0
5870.753163
10602.86231
5599.601886
14353.34942
5780.342618
11448.1268
5036.52438
0
0
0
0
-8.323828195e-13
0
0
0
0
6976.510573
15408.0019
7951.710879
16177.03735
6767.33499
14993.99528
7753.371333
4199.508824
0
0
0
0
0
0
7285.472028
12999.18682
9854.014699
16657.19333
10675.20758
15855.44561
12739.92003
5425.951308
3735.308019
7678.156404
5908.434933
0
0
0
0
0
1475.951693
1631.1433
4219.839981
8771.237775
5276.719938
10052.10036
7698.385814
12241.25135
6915.472847
6654.567143
6222.970673
0
2.496012632e-12
0
3086.414023
0
3746.493713
4834.556781
0
2857.877816
700.9441573
0
5.717626632e-12
3972.241637
1801.874039
9442.565861
6515.013939
8525.499151
9482.318524
10039.73582
10353.33349
6517.99828
9739.762308
11687.8132
9418.808668
11516.15074
9750.030811
7311.383001
9930.382796
7989.569776
11739.08323
8110.296562
4927.395545
6714.858657
12564.90178
7544.421714
5365.385482
2426.165454
4228.465467
3071.501133
4308.809377
6641.538075
0
1712.420524
1304.166299
1385.201031
1765.969222
3914.96377
3479.877656
7910.674579
5191.658005
2865.328765
0
4674.510776
8047.169652
6035.112577
-5.820006908e-13
5345.174905
4840.421119
1111.440227
3075.767616
-4.437866313e-12
0
2671.94459
8020.020516
8032.400278
5373.994435
9116.137337
8411.159173
8073.886529
8900.402947
8013.766704
9192.433793
4667.943083
5235.502719
6431.930703
9825.836508
8345.198945
7698.448989
6058.916514
7360.181404
9461.816033
6491.068828
9367.062724
9645.831368
5332.982315
8457.006867
5863.497934
9439.84522
12265.97422
9213.811501
7952.597586
11130.88304
11493.25794
4897.906047
6610.3626
4875.664789
9348.883367
8964.371899
11618.06507
9897.867818
4674.981003
2893.76454
11045.17581
7777.197425
4146.42388
7235.401877
5219.003995
9.249238477e-12
7923.012058
7602.63672
6434.034026
6114.707665
4483.079092
3253.816285
4180.943131
6768.807883
6565.456012
7132.819656
6009.439232
7439.728625
6815.273415
2786.292862
4531.847192
5293.552372
7212.933427
4476.62654
7110.72352
5645.694285
4393.639443
8828.448016
5056.132954
13229.56903
7722.581925
13399.44094
10814.84966
5089.865945
6193.646311
0
0
0
0
0
0
0
0
-7.100586075e-12
4681.302949
8023.200126
5017.395091
10511.1082
7317.501906
12688.73369
6184.560137
6761.385501
5199.49681
0
0
0
0
0
0
0
0
0
6494.391766
11226.68285
5797.295394
13077.81585
10170.88571
15739.00459
7890.71725
3590.582241
8314.766136
7498.852025
7217.848951
6514.197307
5774.373674
0
0
0
0
0
0
0
0
0
4360.817896
8299.077273
6644.960476
8623.037348
7129.685264
5055.611593
4303.662943
8525.399811
5841.351292
6958.752642
6333.344668
0
561.0753492
4.856555617e-12
-2.134659504e-12
1382.415158
0
0
2357.421591
4431.562401
4983.004697
9462.405244
6415.72383
11431.78271
9271.926641
7963.689361
7968.179205
9226.950384
7603.477735
8608.847955
6283.111161
7989.509563
7866.226257
5084.134489
7977.21265
7345.172583
7587.446013
6493.545915
5284.051216
6192.556075
8587.762517
9432.706319
5771.013786
7392.039215
2631.123306
4839.620145
3902.839177
778.6396092
8445.509459
2745.510192
2044.598529
4385.433926
2050.341599
3922.698375
1553.536845
2494.218822
1918.507169
6107.340769
2741.123554
9328.762512
6795.476868
8348.239679
9452.965734
10079.59726
11223.0233
9406.655043
8561.909315
8548.845292
7250.278635
8034.60891
7856.512278
9016.909074
8045.433108
5076.643053
5785.082933
8245.25833
10002.86189
7898.502182
7147.820441
5660.023576
5445.956797
8894.103793
8420.939652
8517.535288
9132.087734
7562.306601
5288.046924
8578.713072
9742.953223
8194.287365
7744.391551
5240.162182
3943.371675
8541.863597
6846.704344
5585.837292
4257.29988
8578.182349
5940.954617
7270.503887
7213.142513
5290.825056
3810.665807
6563.624092
6872.414193
2851.824885
473.1055722
1.689248076e-11
3123.182316
8165.539633
3938.459291
6844.917256
1506.872424
3880.330789
6187.608106
8654.041551
187.2713602
3258.052133
3819.758064
5718.435061
2664.180339
10018.96993
6654.065446
195.0743335
342.2596669
135.9278122
6459.612031
7389.27521
3690.973346
8429.728054
9953.584671
9485.535018
9866.272851
8663.84757
7309.992374
8961.355704
7339.92444
8245.020909
10651.66023
8619.097284
6902.840875
6160.437483
6111.863153
5298.369722
9197.763008
6493.286714
6508.925333
7510.100283
6830.964125
7548.278302
4839.004648
6647.026492
4806.029212
7177.59236
8093.915761
9196.481925
3872.725637
5034.863624
6310.611955
6416.194791
8174.846691
8679.923501
8245.950054
7166.270162
12254.38777
6547.311755
7593.130266
7343.95037
7718.316556
8570.244551
10183.7968
3184.528238
11611.31466
8272.50608
9452.884204
9919.069444
9461.814989
10208.64851
5682.995589
6811.354298
6158.752365
6682.338933
7657.348153
8404.703433
7619.796415
5759.425443
7424.023896
8828.865839
9139.67915
10157.45154
10283.12995
9826.2538
11021.07195
4288.614096
6692.833571
5886.986127
9109.262991
7450.559798
9508.109052
8004.34232
4659.770701
7250.827334
9424.906671
6261.116348
8538.22647
8490.525689
7634.943156
5726.163423
6277.526756
9834.717785
7666.664312
1772.956621
0
0
-4.373444902e-12
0
1.009205939e-12
-5.223477295e-12
6112.283049
0
0
7378.428801
9949.299498
9068.270163
10761.68305
8785.810517
11739.77708
11049.79008
9487.11727
8900.848288
7673.962288
8551.544125
10271.51845
9657.893934
9869.879354
5015.203231
6508.557631
6071.190494
7284.838303
6334.59854
9122.765768
8150.74656
5421.951772
5684.788783
8776.720207
7415.940035
5562.464571
3465.560475
8731.530232
7011.790781
6852.975177
0
0
0
0
0
0
1.109466579e-12
0
0
10490.22472
11285.75363
10540.09488
11445.42098
10185.36712
11011.06188
9431.91395
9372.742501
9234.173792
10006.7293
10127.36005
8588.672727
9228.621835
7363.720891
5998.906589
10058.84618
8170.88387
8143.011518
6808.647551
6418.937204
9283.714224
7816.383416
7542.859408
7046.889679
5927.756906
7163.267645
7056.164976
7805.665219
7057.618748
6000.773226
4203.128837
5307.308822
7297.414624
6152.218565
8902.097986
6189.330102
0
0
0
0
0
0
0
0
5.917155077e-12
7097.999883
9178.124025
7384.871294
7997.737006
7991.22895
9330.311494
9399.971761
6419.188364
8513.085823
7507.37804
7432.256276
6890.112765
9270.946482
9436.912958
7251.830747
7897.556033
7439.902764
6773.885516
6336.773619
10221.85082
10083.69497
7819.883702
4940.603624
6204.737701
6252.159203
9059.912445
7827.895984
7510.158614
7716.376051
9657.299075
8588.979865
7406.943274
5863.673291
7694.883422
9209.701284
6941.457062
5737.744104
7408.608194
6229.165298
10436.88695
10305.41512
0
8.795092441e-12
-3.232067402e-12
0
2379.83767
6153.298716
4597.823218
2424.041698
3354.860505
7302.141566
9670.377815
9954.651448
8154.095604
9464.436106
6712.968833
9232.016374
6968.220351
9290.450983
6667.57391
7991.737807
9968.942395
9485.623598
10065.93814
4031.868761
6831.570654
7659.913732
9767.385391
7561.719314
9063.295729
9727.586904
3983.600532
9460.3296
5993.141922
8264.341067
8162.803713
7706.986247
7148.891305
5782.482217
7515.466242
8435.603374
7306.121247
8870.355887
7953.739945
7257.705777
6102.971677
6826.448535
4624.492516
7071.859848
7870.413616
5744.11303
6851.201186
8696.300042
7262.778968
8755.409691
5916.42447
5625.942798
9240.051182
6485.352447
6326.220019
7009.717849
0
9.667664421e-12
9033.907186
4566.795061
8016.053179
6159.169319
4359.915303
11307.51358
5909.192112
5498.413078
8124.737291
6111.986162
7550.051697
10235.82293
7318.238382
5822.310881
8096.299467
7182.458722
5257.993189
5559.868405
3936.947632
10040.45258
5222.558951
3884.141529
2781.060429
5711.57133
2562.616895
11078.67449
4979.637808
3228.060047
5622.222057
7847.019725
9724.697873
7625.519044
7545.134411
8735.026435
9190.166284
9258.829423
9915.03356
7040.40224
7767.84552
7626.900638
8899.846856
10621.50808
7938.575789
3321.963387
7897.04673
7135.054978
5563.275176
5880.254578
7005.484215
5897.272959
4764.130288
6643.596069
6959.341758
7493.302591
9712.378479
8458.343557
7012.379314
8953.179948
9280.736818
9014.529733
9082.298182
10298.46923
9546.210149
8853.272005
6161.962117
9417.873234
8210.105274
7873.417955
6877.891622
10471.78298
8038.068065
4658.994206
8172.441179
6453.675242
5866.785996
5949.97515
6968.006454
6826.523242
4776.940298
4345.588076
7277.080163
6876.959881
6274.333431
4001.020103
5556.152251
5615.480499
2136.620353
0
0
0
0
0
0
1411.756368
203.5313694
0
7945.451891
7334.798445
9178.355496
7412.843952
8583.682535
6546.384448
7948.595297
6824.357633
8424.049141
9306.469221
6998.761113
9476.201314
9843.331095
7671.479504
7540.152776
6199.751565
4096.323083
8675.357752
9645.087105
8338.759624
6113.022363
6619.766947
5962.280839
6751.187136
6741.284283
8532.40457
7008.105044
4902.811192
7958.672182
6786.28967
5321.405027
6437.986159
6370.651707
415.5432126
8.569674375e-13
0
2.133304687e-12
0
3.233756768e-12
0
1001.673833
1531.060918
9504.777777
9164.206039
9804.11292
9283.469582
9645.143335
11830.62268
9374.319312
4336.278744
9223.55963
5751.034391
9773.651069
6765.437245
10477.41154
6808.125107
3455.721841
4011.54331
3947.777695
7466.05827
8672.344682
7128.51334
6502.831485
4636.282027
4178.272616
7144.819395
9280.893378
8652.733226
8410.899933
6254.75516
9365.702844
7060.220052
3895.505018
8638.453814
5289.976062
6114.41869
4972.962291
5020.519786
6633.465341
4778.221667
0
3767.727672
0
-4.227637241e-12
-3.247595179e-12
6.466807235e-12
2714.023212
3994.951386
3610.801062
6234.727965
8097.788052
6748.47531
7972.863691
9364.268659
6871.334549
6910.151969
6105.720569
7239.344953
9073.805975
8245.266531
8114.62911
6080.235157
9049.175145
6558.894763
6368.927174
6635.388646
8952.598504
8921.778483
7779.311601
8288.892343
7113.518648
4243.993051
7432.097664
7236.727239
8044.45887
7227.014891
4805.83975
3659.922924
6645.074993
5374.526889
6813.285667
6637.521858
5026.884257
5256.813541
6447.747349
7138.85419
6273.744949
6189.524888
7764.370956
8249.516686
3744.897484
7995.804424
6314.75139
8422.82076
5864.854239
4069.967476
1805.773918
3143.765413
15807.61907
5245.77274
2158.795249
4743.763856
5410.933013
6517.231885
3690.16555
7312.300412
5268.65441
7928.29473
6603.070303
9684.101178
6800.953384
6830.058093
9924.804001
8116.051869
7627.688634
9880.646879
8599.870262
8669.752796
9732.386097
6099.671779
9380.443355
3817.339901
6641.656457
8472.569687
9791.221472
6339.795951
8507.780723
8563.832062
8648.425229
7945.71804
5176.853794
8450.802181
6958.342487
6620.98815
6926.617916
6644.281588
5676.326845
4125.721515
3474.284235
7130.690706
4514.113264
4.597776302e-12
0
0
3297.57294
3298.054513
4369.07358
3194.927904
6241.613568
8452.732167
9003.598863
8912.69835
8685.968095
7161.880849
8419.50457
3917.709147
11640.3559
10034.6512
7738.622795
6516.985687
6867.337795
7763.085702
2400.299133
6590.576789
8243.121254
8337.022109
5685.359048
6499.239764
8018.103727
7280.555111
6822.457843
8345.7736
7139.160717
6574.96961
6928.974123
7983.410384
7112.06817
6819.345002
3543.669003
2773.5857
2122.19268
4099.038984
2572.609924
5185.444301
4733.200281
7134.067939
10599.39148
9922.790918
6056.437115
7970.270844
8128.819366
10708.34428
6779.030691
10407.88649
7863.525579
8344.138472
7513.362121
6935.141645
6927.979811
5935.5383
7766.348311
9147.949742
7281.892106
5817.582789
10703.06257
9575.697953
4262.16507
6182.009919
6540.297436
7834.865934
6018.862482
5771.086676
7384.210308
3147.923353
6975.960665
5683.756909
6218.755701
5119.356193
7449.347454
3882.018653
3325.363957
5921.420976
4274.205075
7712.139622
6791.364708
7948.45071
5594.254718
5250.201539
4673.681533
4817.298878
7721.45358
5791.881636
4526.631878
4300.274281
4630.446416
2996.741493
3480.21787
1021.118548
2388.264795
3172.956369
2695.922127
5090.000194
5528.76779
4562.873888
5397.627467
3533.718511
3607.437383
2677.798032
2426.026783
4368.521817
3328.787075
0
2771.033667
1512.865717
5601.991127
4852.78392
7746.151567
6410.640969
3034.610658
2415.510818
3020.739393
2628.713874
6181.427577
8696.040493
6606.645589
5466.65943
4013.930432
6169.502335
4085.918109
5439.005545
6619.674129
5642.322226
5285.377511
6058.658524
6714.803918
6573.262741
5577.691387
9547.065744
7591.023918
6965.811447
4021.768315
7685.802368
4361.32555
5894.724774
6420.719422
6410.851835
6685.450829
5032.240912
8745.038687
6476.743708
6079.511499
8995.373757
7274.088583
6026.57323
6800.974913
5956.952399
6361.508665
5584.640872
6643.618055
6305.282054
5572.347889
4015.052118
7771.837464
5193.250031
5935.873918
7378.246386
6927.71908
5551.646773
6857.43805
6657.206948
7048.46964
7773.655237
11607.97812
9048.220643
7546.559642
7031.559616
10115.62842
8323.862225
0
0
0
0
0
0
0
4168.124653
8155.496025
7777.764171
7032.967304
5340.03515
10266.87539
5448.04314
8259.386513
7309.358838
7451.945314
7555.611191
8328.981331
8288.600176
8015.609436
6482.614363
5786.249953
7143.102878
6969.264886
6604.855339
7572.831409
7852.369913
5060.264132
7077.36948
5898.946084
5728.783387
5003.602265
4809.301144
5089.987108
4978.09594
3818.423464
7599.850604
4449.832228
3295.775001
5790.302977
7402.691363
8782.249078
7969.816062
6872.574299
7170.900514
6694.204605
8182.069968
8023.429437
7306.188976
7506.825692
6944.954323
7757.265148
8291.979262
6594.03277
6358.119404
5557.579912
5018.345804
4732.543107
5564.255904
5943.870661
5984.573642
4857.175708
5860.241007
6063.8918
5348.619071
5451.835924
4545.712456
4054.542215
6373.541135
5949.515698
6670.797311
7246.971347
6810.729527
6078.407736
5673.778925
5658.716545
4461.113586
5660.976268
4802.763886
4433.888218
6397.644025
5997.495635
4744.373222
4799.570886
4536.181909
3380.81269
5736.093153
4564.164046
5848.890811
4864.6542
4682.19628
4073.250511
5675.486142
5046.466943
6900.121759
3614.246333
5661.522971
5191.96587
6648.424972
7133.383576
5280.903119
5206.622154
6068.478162
5611.344663
3889.417629
6595.700409
6687.323041
4925.537426
4495.368836
6514.716822
4883.713433
5304.811825
5813.338947
6236.597047
4431.510716
5174.868
5457.804995
5368.006803
7173.7449
7151.663235
5705.329987
9059.508603
8140.539748
7325.035828
6128.194724
5581.261145
6732.014569
5935.513142
4915.54018
4953.933566
5853.015262
5475.099726
7378.157417
8469.201761
9731.91034
7126.180465
7503.692369
9078.339235
7062.387044
6467.288982
8131.952279
7856.862095
5684.486179
6804.059225
6150.908704
5597.107604
3065.990114
3896.372008
3323.436468
3147.052934
3071.838432
0
2616.319876
7456.278855
7575.468989
8826.130106
6734.530978
7218.967995
7515.043148
5756.886919
6580.516975
7511.999158
6434.339362
6738.31337
5908.8922
8581.334408
6694.228199
5578.524299
7643.987065
4914.870834
5395.222524
4429.764115
4977.310765
4007.877543
4963.868702
3938.517713
4350.203631
633.9165684
677.7467784
0
2868.891046
8401.55577
9178.938056
6516.823456
6148.987974
7165.915493
5694.251973
5967.395486
5436.140005
7114.862266
5724.02391
6700.344558
5728.507311
7499.343007
6545.763445
5023.521246
3318.105058
2592.800632
1372.136814
1216.836632
1662.810634
4403.420159
7263.12899
7827.111381
7027.310326
8253.065929
8172.794678
5984.206917
6939.623223
5897.049319
7308.021855
6240.727959
5621.275224
5579.506459
5322.49484
5883.456222
4372.818983
7540.858371
2066.809086
1712.001149
3291.085225
2550.953579
3109.771797
7173.872886
8150.235688
7592.528988
7226.492528
5335.730134
6509.726534
7240.374819
6935.238326
8893.341344
7099.938727
6314.13902
6161.435499
6364.637532
5260.673859
5767.576076
5894.512121
5112.65813
5515.977983
4948.273141
3385.876742
2622.21928
4262.470263
3601.539617
5049.110285
3630.009749
4265.261863
2929.51333
2965.074224
7933.217799
8217.608855
8727.305596
7378.613082
6483.978246
8080.076575
8771.912652
7276.565673
7870.777635
8206.72226
5887.341096
5030.780022
7127.037712
5903.425583
5260.153978
8280.316582
6854.01067
5075.694067
5359.951906
6476.275229
7274.7435
4064.294752
6284.085757
5103.873608
4162.192908
5877.727791
5731.073772
4821.991634
5168.442893
5963.663069
4267.987696
3279.834285
4412.061161
4899.736348
2981.321968
7527.108473
6246.239642
6108.642215
8727.586385
7999.979119
7481.579091
6290.516681
6774.752844
7334.045015
5309.531121
6009.059276
6857.472195
4548.145403
4939.96661
6018.230272
5082.678031
5735.380681
5837.892235
2821.828403
5592.962532
5007.682313
7457.41448
9794.458783
8936.666851
6258.393699
6524.790852
6502.038464
5037.523115
5940.229458
7309.661411
7943.445695
5753.800138
4063.93336
6649.741863
5234.018557
3537.517885
0
1849.484746
0
139.6959834
0
2.218933146e-12
7595.569318
8048.26125
6863.554015
7410.817413
7452.641839
8883.901078
7387.761928
6803.269968
7058.855081
6755.629703
5989.462323
6702.636847
7206.401647
4845.58772
3458.298765
1006.331774
3219.422191
0
0
473.7477274
999.5857061
6526.155656
8337.190245
7931.430364
6725.566334
6725.407447
7234.711357
5853.911564
5976.113663
6568.500948
7393.56644
7341.903061
6310.826832
5552.638668
6434.339432
2023.723235
552.4003076
3179.37535
1236.825182
1451.658641
0
-2.218933156e-12
6927.012287
8527.242293
7229.333862
7381.449165
6400.330673
5402.457589
6043.463502
9434.308042
9598.921014
7827.064283
6077.048127
6508.015786
7470.95464
8333.181514
6390.126456
9456.20541
7145.118605
6126.306425
7490.352208
6940.270512
6526.606578
1942.559786
2139.451144
2084.366044
727.0481675
1993.985535
1787.592856
4096.840438
6956.212219
10529.18384
7750.542977
8180.321822
6250.924903
8686.108561
7407.48661
6442.780287
6459.398223
6965.682409
4502.485384
4849.532706
7287.962022
6211.829824
3280.401115
4422.374012
7388.968414
3156.261682
1476.213365
4117.60024
1159.471453
8531.277839
6172.766742
7133.16089
6363.340334
5639.431315
6520.320593
5824.341242
6536.578873
3842.74322
4196.560853
3162.065474
3550.794037
3698.829967
4056.454589
6763.197008
8634.05645
8684.864854
6072.441649
5951.441765
8209.069814
7503.907186
6420.974923
8308.185073
6946.211162
4705.377758
4334.682324
6166.037942
5568.713525
5227.701067
5642.041997
5758.394466
4056.074683
3922.101233
6034.556358
4933.561131
4327.50731
4481.751276
5443.612729
3647.658403
3022.761713
5765.173408
5494.966896
7675.872353
8649.307675
7767.878845
7839.020864
7363.248291
7488.471122
7296.45957
7426.314846
7880.355902
7322.071017
8017.530652
5267.075152
7780.092453
6954.703579
4730.485262
7848.429175
6342.387131
4508.208789
5353.690921
6302.075848
6003.424746
7448.95266
8188.671671
6999.784685
9114.872258
5500.672267
6929.12803
5424.461073
0
0
0
0
0
0
0
8565.021228
9234.787035
9070.216996
9833.477888
10139.31178
9379.953512
7482.173668
7548.295952
9193.532561
7547.36145
5724.731161
6376.724573
7811.962879
5267.023801
0
0
350.9242425
0
0
0
5.547332873e-13
9450.862376
9250.164755
9210.63567
9756.393014
8465.42555
9221.221427
8599.089265
6616.786277
8309.235481
7997.33893
7547.573353
5311.86128
8517.444535
5988.312915
0
0
0
0
-4.437866311e-13
0
108.1667792
8227.064037
7718.915182
6636.823687
6613.369733
5098.62863
7153.095857
5958.231734
6603.545633
7726.283311
6776.362069
5267.196453
3774.185656
6034.788068
4600.804363
170.6934061
8.875732544e-12
0
0
0
0
2094.793334
6249.252387
12378.30548
9544.376022
9024.116854
6492.173969
11883.66053
7107.288504
5709.647849
8165.1832
7642.538068
6209.818975
7044.174159
7141.801204
6540.444922
919.5365945
0
-2.662719785e-12
0
0
0
-7.831528779e-13
9114.998672
6734.502808
7853.337838
7533.902258
7065.226644
7157.793564
6146.142566
3102.961298
1557.680176
2640.128954
0
-2.958577537e-12
960.3207418
0
8575.457365
8444.85586
7682.245857
6708.264021
7674.936888
7932.521586
6486.030579
7696.633248
7711.831135
6498.944192
6719.586015
4404.650407
6799.038211
5688.312093
7797.834185
2859.268753
5367.414403
908.189624
1544.952801
0
0
5537.561507
6712.630637
6638.769207
9002.712284
6516.44653
7945.811534
7307.645836
2475.891701
5809.233408
4264.228013
80.50241253
4.437866305e-12
2298.125008
3527.225975
8756.990394
7652.99035
7952.309695
8218.607326
5498.072201
6171.518554
7587.428679
6205.793498
6560.168012
6677.376137
6078.684334
5208.789118
6330.06634
6019.943884
5283.589348
7643.587586
6824.283932
6020.51854
3550.193411
4048.143128
5419.961313
7270.607803
7389.018424
7992.695855
8616.806721
8847.301951
8192.510254
7936.310688
8499.073087
9143.738026
10319.22559
7184.794098
7220.033736
7502.922595
9140.090081
5597.51676
6900.665117
5034.104564
5600.397704
4483.335192
7623.730282
5579.433598
4644.058275
5102.722201
4391.084673
6772.614094
6683.963414
6124.85279
5865.90755
8479.280294
8161.67009
7951.603715
8367.359258
5343.710507
7555.429338
5121.538034
0
0
0
0
0
0
0
6998.065199
7713.176989
7728.108166
6779.240954
4945.340754
7197.309273
6812.086008
0
0
0
0
0
0
0
6966.755716
8748.422395
8479.25922
8044.021801
5340.244388
9113.626813
7065.052775
0
0
0
0
0
0
0
6928.772323
8508.189798
7213.476255
9228.606217
7520.093677
8870.739979
6606.562537
0
0
0
0
0
0
0
10722.94691
7546.160198
9704.976303
7405.32815
6476.322787
9576.572271
7769.431491
7771.510554
9261.97816
7693.170989
9675.838933
7685.79367
7812.782651
7228.459363
6897.491306
8516.270574
6543.319591
7322.285032
5840.295619
6762.172791
5918.794668
-2.958577529e-12
972.324751
2307.958227
0
0
0
0
7554.614123
8559.190015
7925.775536
7934.569745
6217.466876
7544.65237
6525.393893
1484.629965
1037.854315
0
1.331359879e-12
756.6397352
1.109466576e-12
7.396443905e-13
8656.678878
8173.060762
7514.207636
6864.256957
6712.646273
7665.334157
5864.837553
6757.216495
8226.994607
8548.823751
5425.612879
4671.394437
6697.591946
6150.536134
425.858605
1366.473579
905.0338683
0
0
-5.547332879e-13
0
7197.980699
8004.918646
8950.191361
5414.973591
6004.357959
7016.726492
7183.276619
7535.949761
2805.527937
3193.268454
2604.658735
3092.275485
1779.228534
1746.791801
6260.92228
11551.63134
9552.066115
7176.286785
6627.546008
9390.034646
6959.518204
7939.120609
8127.51587
9100.190467
5755.128579
4192.067441
7429.408054
5934.858355
3195.680394
5158.372102
5519.865882
3118.886552
3449.938273
2821.951876
2027.909085
7489.160604
7319.827914
8656.126095
7638.582173
7005.634318
8023.351852
6892.267829
8698.467359
6479.117774
7119.814597
6577.62884
6794.813086
7217.496164
7086.693031
6751.127177
6082.511102
6008.880998
3962.029901
5391.538191
6516.659173
7755.058847
7080.887275
8024.081826
7626.241655
7938.462594
6127.206431
6948.889511
4182.199835
0
0
0
0
0
0
0
6460.404108
8292.015417
6438.592827
6892.907704
5363.791859
5946.027989
4472.234475
7674.15472
8624.384663
7195.054196
6473.674458
5616.578226
7088.323677
4810.888352
0
0
0
0
0
0
0
9523.401386
8822.166466
6914.701157
8879.8907
6078.701553
7091.850658
5861.293324
0
0
0
0
0
0
0
8086.011652
7681.836716
8252.797384
9388.239873
6143.841526
7227.050617
7164.31101
0
0
-1.775146522e-12
0
0
0
0
8135.824704
8477.400911
9474.382527
8289.812039
7956.950543
10655.3184
8714.77135
0
0
0
0
0
0
0
7018.374757
7983.820828
7479.384952
6775.909668
5039.402379
9427.74336
5425.402014
8.068847842e-13
0
0
1.109466568e-12
-4.437866313e-12
1.109466573e-12
0
8050.135784
11761.23813
9402.462101
8568.875952
5923.452076
10250.69361
5910.413595
0
-8.068847824e-13
0
0
0
0
0
6694.275554
8995.767328
6273.088565
8969.505664
5901.840897
5016.920179
5655.71432
459.2676043
424.3566786
1379.789903
0
3796.149467
0
-3.550293027e-12
8460.472307
9096.342375
7540.431656
6859.351812
6034.830569
8173.992801
6740.112023
964.9567982
4909.384405
4534.658817
1895.266002
2059.284228
7096.498307
5009.115288
6598.29034
8181.011708
6985.307744
6518.393649
5987.817649
7924.073675
7095.615246
5164.921454
4767.016634
3772.377038
3977.820208
4609.85008
5267.583321
5942.390859
7977.948242
8044.0495
10800.33977
9429.673377
8004.141639
8867.638067
6477.998892
7264.718826
8621.410416
7118.743225
7256.119639
6436.390815
6012.372861
6197.368289
6700.704746
7670.077032
7322.851937
5139.863157
6468.789805
7026.121125
5751.728193
7341.92726
7907.402465
6726.592722
7026.618478
5942.303091
5849.789737
4206.480577
0
0
0
0
0
0
0
6232.843054
7544.202357
6972.435476
6183.913277
4580.288441
7280.092294
4686.300525
0
0
0
0
0
0
0
8501.720891
7712.807435
7307.469965
6509.961212
5145.595182
7597.30166
5262.002728
8173.166354
9203.841153
7894.243353
7857.111078
5148.289726
7778.296572
6372.247057
0
0
0
0
0
0
0
9261.754408
8098.596198
7890.372663
9468.582618
6291.732392
8328.355811
7154.157382
0
0
0
0
0
0
0
8934.789408
9399.827345
9857.191749
8846.091456
8432.322982
11223.68732
9616.743844
0
0
0
0
0
0
0
7733.025936
8071.203921
7508.421337
6689.244326
4998.100971
8445.598064
4495.9444
0
0
0
0
0
0
0
8448.927171
11219.05672
8386.728127
8306.64157
7023.21824
10815.22195
8334.313251
0
0
0
0
0
0
1135.316473
10593.83425
10365.09031
8762.222096
11489.0165
10143.06275
9468.270916
9008.132887
5209.274084
7610.657027
7078.628239
7931.799853
4392.770807
6604.482104
4928.234253
0
0
0
0
0
0
3249.389157
2449.893367
1709.320469
4215.084156
0
1678.468248
0
3059.318547
7021.113444
9257.914266
7951.132071
6655.684246
6562.121829
8868.735441
6197.82639
0
-7.396443789e-13
-1.109466573e-12
2004.291566
-4.930962551e-13
4.437866276e-12
2946.42734
9264.155779
9906.242638
8897.834011
8600.265096
8418.655202
9357.161297
7716.461735
5648.479717
7274.965905
6477.633206
5539.838714
4416.234822
6135.796624
6058.579459
1044.111499
4443.003851
3692.607334
3912.78806
2600.418244
3826.030033
6019.255848
7981.257873
10441.2964
9536.442532
9652.633639
9044.998664
9843.737762
7737.98593
4866.174345
7595.227276
7512.716572
8079.161215
6667.466198
7919.093697
8360.341182
6873.332318
5869.14933
5617.251248
6934.281509
6273.779087
7369.81434
7120.299999
6116.282339
4165.947173
4548.920269
5409.613221
5389.659163
6564.783233
5980.546211
7206.468536
10274.17124
8272.145215
7646.939383
6402.761861
6348.153651
7500.719737
7606.401835
10035.80361
8329.287433
7625.728063
5000.044962
7207.32567
4165.927791
0
0
0
0
0
0
0
7367.023793
8647.087948
8649.031842
7184.339196
5398.891497
7241.969917
5127.841323
0
0
0
0
0
-5.325439546e-13
0
7702.787911
7561.721463
6864.046982
7344.161176
6808.077772
7966.621702
5459.306321
0
0
0
0
0
0
0
7676.989615
9613.189908
9268.857341
8098.153112
5397.015099
10481.52168
6563.382173
9346.451492
7982.928542
7496.844571
8736.162073
6685.899397
8967.796991
7660.824649
0
0
0
0
0
0
-2.773666436e-13
9811.204614
9938.416606
10324.06815
10833.50289
10391.96897
10094.84286
8612.412848
7180.346655
8717.014386
7238.438914
7028.22297
5754.6434
7387.634427
5095.728501
0
0
0
0
0
0
0
7256.477485
9197.686485
8477.290628
8973.963754
6627.685868
9070.675576
7635.488995
-2.218933152e-12
0
0
8.875732607e-13
0
-5.54733288e-13
413.2382621
9193.724318
11636.64392
9418.273059
9564.737034
9414.35725
10049.29394
8546.440371
0
4.437866274e-12
4282.734214
6.794639256e-13
0
7.396443791e-13
1.613769561e-12
1508.508318
2254.313052
0
1838.264316
910.8589553
14.24530087
133.5213848
7611.030519
8901.450774
7871.645792
8484.201929
7351.706218
10118.24018
8667.323129
2902.803444
3508.496941
751.8098702
1622.603778
1420.908005
3938.130486
3071.689157
5777.547084
10430.174
10077.7535
10614.79989
10066.00125
9766.223462
10152.42645
2746.748272
5547.207555
4227.83621
1746.75039
1847.808163
5569.300865
4505.569347
8017.577819
7835.724212
9065.965113
8648.385068
9734.959913
8881.743349
8334.4736
2690.431373
4726.573989
3044.305513
2441.337367
2997.091608
4992.89637
4359.618293
7447.522475
9141.198321
8648.988326
7864.185417
7330.209423
7665.142425
6940.497691
6020.225917
10905.62421
8536.850821
7120.583197
6909.995861
6851.269901
7384.892406
10622.0869
8100.502493
6531.899846
6809.549735
9468.081941
6298.268538
4918.709644
8298.497754
6840.667819
7059.936155
7003.725457
6614.084118
8148.464382
5579.567737
0
0
0
0
0
0
0
7319.037453
9634.968925
6668.003033
7762.972252
7828.303377
8386.787505
4984.976106
0
0
0
0
0
0
0
8207.055454
10938.2086
8847.888569
7709.496058
5349.937912
8585.698073
7091.862572
0
0
0
0
0
0
0
9762.068062
10273.26238
8689.345815
8440.356245
7733.727622
11152.59538
7136.988855
0
0
0
0
0
0
0
10067.2703
12723.52105
11132.55264
9092.611181
8179.062479
10395.31574
8517.301355
0
0
5542.491133
-3.698221887e-13
-1.38683322e-12
0
1.479288769e-12
0
0
0
0
0
0
0
8570.368399
12659.25784
8846.665242
7659.079875
5758.065473
9212.089482
5509.654093
0
0
2.218933171e-12
0
0
0
1594.835563
9655.701795
8995.543042
8599.840075
9605.782543
5988.706233
11033.18855
6546.399583
0
0
5.917155071e-12
0
1111.628528
0
691.2548969
8024.885381
10884.45228
9822.605704
9285.291807
7321.427496
12954.75297
9991.231104
-2.218933137e-12
1401.195208
840.7171249
6.343325601e-12
8.875732547e-12
0
4.437866274e-12
0
2023.030101
3777.348995
1384.561441
0
897.5668466
5.547332879e-13
5960.845852
9148.512926
7618.472033
9172.490617
6683.436505
10162.15731
8841.928617
0
2.218933137e-12
1312.477401
-4.646286993e-12
4.437866293e-12
0
0
7642.374978
8548.382374
7402.801936
8431.366828
5762.472851
8165.459936
6000.710473
2859.608049
3300.552599
4889.579885
1499.726087
1837.164456
3094.449549
6434.005351
9523.804538
8916.503342
8176.725603
9605.963534
7939.389256
9487.971441
7638.78947
3200.513115
4357.850719
4662.434779
767.0071436
3504.066753
5359.62643
5210.214398
2034.259979
3830.071023
2999.183755
5949.355446
6883.191776
4905.983216
4128.409645
9031.70765
10731.12349
11273.47483
6817.676631
6206.027869
7578.047705
9333.520487
7980.412039
8566.877004
8105.506313
7599.868013
8162.133466
8043.326462
7625.283847
6967.619915
8541.324847
6559.500593
6933.648269
7541.832074
9686.893116
9525.110247
6616.699
5724.881245
5036.462483
5839.813667
6789.113658
5697.825699
3998.497042
8144.074671
10454.55853
7140.395001
9523.686089
7616.150519
8186.159048
6784.006772
8264.816464
12202.91294
9655.673258
10177.04028
9289.358016
9103.761148
7536.430393
0
0
0
0
0
0
0
7308.27258
10465.14876
7171.30387
11554.55314
7174.413046
8236.154196
7705.43631
0
0
0
0
0
0
0
8658.779046
10996.88506
8817.758794
9065.037212
7137.356323
11799.53608
8015.099876
0
0
0
0
0
0
-5.547332885e-13
0
-1.10946657e-12
-5.547332873e-13
0
-1.109466574e-12
0
-7.396443834e-13
8045.836726
9425.561039
7969.089389
8880.960454
5443.113744
7006.26806
6410.846693
0
0
0
0
0
-4.437866267e-12
0
7854.11683
9643.736588
8127.21025
8451.386649
6976.74401
12289.4431
6012.705926
0
5706.772833
0
5.547332856e-13
0
0
0
10435.37761
11044.14403
9192.55775
9890.04064
7991.974125
9106.217236
8650.815048
-4.437866304e-12
0
-4.437866304e-12
4316.572188
836.8554488
0
0
5934.825804
13259.32315
10455.27481
10253.6171
6348.90471
8178.215349
5978.821517
638.3089906
535.3103517
963.2493884
0
0
413.2972737
676.913515
-8.87573261e-12
2382.63442
1941.405824
5.917155072e-12
8.87573261e-12
3774.927479
0
8705.643429
9936.836362
7259.993551
9745.892737
7429.55136
11519.59689
9189.907062
4411.496142
1655.720694
1072.907009
1489.457162
1461.825604
0
1.109466574e-12
7300.028736
10108.8109
8202.6626
7085.164509
5346.80503
9397.14487
8151.939601
2556.279287
0
-1.109466576e-12
906.9357081
2.958577537e-12
0
0
0
1.479288769e-12
2787.465003
-1.109466574e-12
1317.121364
0
2465.016601
9740.281036
10407.81489
10112.52597
10324.69765
8517.777773
11450.91034
9694.209837
2886.307467
3213.023581
3461.111931
1736.683253
3646.221281
5096.832639
5113.796039
8717.029402
10937.02416
9201.170965
8664.607909
8676.900227
11385.77608
9850.076824
8166.656295
8905.374134
9236.565964
6725.639192
7343.909356
8972.734773
8076.205743
6546.706866
7654.342529
10502.338
7081.749549
5072.277653
6797.811392
7442.509635
7545.240082
8711.540317
6805.930463
4877.345668
5276.300439
5675.724128
5323.473964
7816.525432
14903.37681
11549.29176
12550.57182
8526.794129
12022.59902
10237.8005
0
0
0
0
0
0
0
11663.84242
13378.21566
13426.25589
9212.803778
9024.923117
10440.02959
8541.573989
0
0
0
0
0
0
0
-5.547332884e-13
-1.109466567e-12
-1.267961802e-12
0
0
0
0
8202.678426
10000.65862
7692.207487
10590.31874
6459.550903
9559.704884
5282.017988
0
0
0
0
0
0
0
11360.75322
10626.88954
10195.75643
9096.237939
6803.118551
10112.90478
8668.711167
4.437866293e-12
3381.924716
0
0
576.9022204
327.1783426
441.6907625
10692.53695
12203.27422
10468.7913
8335.720346
9585.928008
11474.2192
6591.806595
0
0
0
3002.796127
2451.262144
0
0
0
0
0
4.437866303e-12
0
0
0
9330.997098
10109.53425
8022.211392
8988.680046
6377.999209
9127.725486
4903.776437
0
0
2191.183889
959.3663407
0
0
0
9345.724823
12054.78433
11441.14184
11656.9555
9247.340979
10927.37189
10593.87893
2070.457503
4851.161056
6603.083522
0
0
0
1371.64775
9836.410776
11475.22779
10433.55019
6505.885481
5475.271521
7349.370984
7989.778361
191.8299586
2632.134392
1627.0307
4122.994443
4130.374387
-1.479288768e-12
1279.352945
6380.46706
5412.660874
4808.493327
3659.992971
2030.296438
4995.131999
4775.192519
9776.630927
13619.68011
11343.59893
11591.58476
9676.906546
10452.01184
9944.187378
7035.597986
9719.905158
10098.95721
8164.262707
7512.097858
8708.916205
9135.64123
5399.433929
6567.165854
5194.714295
4093.179048
2964.940774
7421.844487
5687.613179
2611.274619
6156.67733
3886.686962
994.9160673
4156.314093
4526.537541
5053.294211
8150.732332
12229.21352
9297.797421
6639.17204
10583.75617
11550.11947
9312.635303
10097.30512
7948.056996
8984.164927
8562.523781
7578.054746
9640.718592
7304.630688
6757.874074
9632.618581
6587.700355
7920.45695
5289.467232
6069.234371
5555.850833
6664.869634
6754.213534
8239.178669
5735.879392
4656.617517
5803.228961
7125.664248
6546.787751
6625.323223
5758.648928
4912.097114
6865.260372
6006.446619
7763.007289
0
0
0
0
0
0
0
0
0
0
0
0
0
0
9549.221169
11858.24916
8535.095389
7705.019188
5521.317525
9698.244828
5645.509673
9708.542042
12442.75464
8544.532585
9261.483609
5934.069891
11549.61934
6476.406575
0
0
0
0
0
0
0
7820.218196
13775.28686
9082.603771
9186.008847
7368.713733
10413.76641
8874.06537
0
0
0
0
-2.218933153e-12
0
0
11206.02787
13562.26747
11470.44751
13005.51509
10868.40815
14525.02595
9798.939558
0
-1.775146506e-12
0
0
0
0
0
-2.218933157e-12
0
0
0
0
0
0
9910.875859
9981.152448
11002.63205
7650.642135
6155.530055
11863.45512
6977.594426
-2.218933152e-12
0
0
0
-2.218933153e-12
-6.656799456e-12
-2.218933152e-12
10279.08493
10662.19763
9616.894125
9651.100587
7858.594848
12171.09849
7883.386397
0
0
0
0
0
-6.339808968e-13
0
6085.972468
10688.13062
10240.29259
8352.913472
5463.482362
9952.08746
6724.615608
784.3601564
6428.726838
5441.211962
4356.416094
-1.775146511e-12
5668.519372
0
1631.306694
-8.875732569e-12
0
-5.547332846e-13
0
-5.547332846e-13
0
10706.5598
11699.3315
12309.46595
10256.06723
9225.697641
9637.711447
9894.456853
793.8676325
1.008605972e-13
3085.931239
2686.774665
5618.336233
4037.927551
7608.348221
1972.114633
3443.638625
3816.516463
6666.539401
1066.273767
6045.82929
6117.396921
7878.726207
9912.381995
9662.875018
9128.066579
10792.06669
10858.56905
9107.803381
1702.78954
5313.425339
7370.600314
3530.600594
3594.62133
3820.82744
4772.909857
4737.304791
8603.455926
7673.028638
3325.302934
4927.348938
6803.183325
7321.96555
9796.10063
9166.840649
8356.882697
8139.473803
10039.6656
9345.481213
9343.079555
7746.100769
7428.627543
8011.925014
8321.54249
4879.014677
7723.430148
6991.458551
5573.256554
7796.330896
5735.318821
7637.043102
7236.181076
7889.727239
6271.784383
4511.665468
5295.062678
6296.215639
6363.208713
4607.227181
5917.305179
4346.976209
10800.07241
12124.63825
11987.5877
14743.26845
10052.32617
12964.5808
8701.092107
0
0
0
0
0
0
0
8111.238323
10997.98526
9558.835941
12124.88267
8519.396191
13508.54467
9176.163167
0
0
0
0
0
0
0
10218.66009
12691.40554
11841.81577
13128.01059
11206.85477
12881.91198
10362.99258
0
0
0
0
0
0
0
10970.01367
10403.18209
12252.78479
14342.61749
12493.89344
11883.8867
7880.300573
0
0
0
0
0
0
0
2.218933142e-12
-1.109466562e-12
-1.109466572e-12
5.917155045e-12
0
0
0
0
0
0
0
2750.642292
379.6537279
1224.58894
9897.985558
11050.42177
8103.755369
10438.12331
7525.207746
10977.17709
9277.89077
0
0
0
4.437866284e-12
0
0
4.437866363e-12
11247.13627
12912.77979
13286.28401
12479.0256
8730.960966
12073.65907
9236.68848
0
-4.437866283e-12
0
0
0
4233.637188
536.3291248
4.437866283e-12
2011.627515
-1.775146513e-12
2107.127041
4081.664054
175.1680769
0
3708.444137
0
8.068847752e-13
2496.647668
4316.668576
-1.775146525e-11
-2.366862023e-11
9823.47433
10493.66946
13361.50857
11096.01702
9797.562924
11823.98477
12832.78262
839.8691844
3520.426286
5422.264856
0
0
4688.710589
2254.66154
8088.021903
13712.16726
10400.1087
11793.13984
8322.059023
12176.81266
8840.30477
2101.016991
5903.544597
3833.086056
3316.374691
6176.94215
9950.811171
8567.554288
6526.524828
3805.249403
2446.520644
4928.561305
3916.468446
4041.6372
8829.971305
6262.388092
3538.560529
6953.587617
2548.659514
3773.335275
4264.430339
4081.582333
10758.65829
11947.39081
11838.48226
9625.168398
10952.54933
12311.28383
10835.73861
7639.901862
6937.737988
5523.385378
5445.969326
7161.782569
7595.269883
4101.941281
4523.542235
6236.728564
5469.532286
5473.142925
4926.249875
4577.698567
5121.80817
3233.589762
5189.157863
3439.701649
6468.471512
7694.987891
4148.988938
5719.746017
6430.910611
8750.799986
7907.820253
12162.35173
10262.43006
9694.165072
8701.840204
0
0
0
0
0
0
0
0
0
0
0
0
0
0
0
0
5.547332861e-13
0
0
0
0
8832.503885
8812.784358
8695.34369
12051.33939
6336.581942
11669.42081
7529.677608
0
0
2.958577525e-12
0
0
0
0
7524.916097
15786.23603
13248.07857
10031.45608
7504.38852
12196.45355
9684.40737
0
0
0
2.218933142e-12
1817.292203
2.218933144e-12
2.218933163e-12
8824.061943
15113.23271
11989.7306
12888.52319
8217.286169
12027.96203
9370.498419
0
2068.260498
1715.245012
0
0
0
0
357.3572978
33.03741932
5035.525855
1162.782336
3259.281843
757.7556108
2804.098352
8856.458736
14911.09957
10297.38805
8626.444776
5483.482272
8456.059401
7759.306559
4.437866274e-12
0
-1.479288755e-12
268.9564803
-4.437866293e-12
-4.437866303e-12
0
1235.341984
972.2408736
2624.973715
-2.218933156e-12
5606.034887
2197.787626
5988.52731
11276.25992
12703.00009
13306.43682
12160.33823
7143.982595
13043.93721
9744.884927
1421.684424
0
4.437866274e-12
0
0
0
-4.437866293e-12
1548.42202
3722.114632
4714.966738
3157.379966
2057.279368
3931.962078
5587.558451
714.199004
5278.095333
2754.896132
840.3222364
864.5290498
3376.882707
3004.132827
2661.024666
5206.194598
4982.4233
6218.497282
0
1705.531757
2865.946123
12478.93978
11891.86906
12178.24942
11422.44277
9631.629795
10313.63776
10604.48953
7225.098215
5888.567144
5911.668389
5282.158688
7556.90048
6314.841118
6018.254375
2547.07628
6904.119346
2209.492255
4782.593301
7104.278747
5379.819201
4922.522557
10642.31496
5761.159873
4790.212562
3797.567141
9581.857693
6273.036319
12047.32097
10860.88609
10983.87516
11585.39895
13677.09932
11012.05634
11406.71578
12219.71175
9046.381592
12810.31286
8464.141731
8944.028332
9317.46265
8013.63015
8355.180114
5344.94377
7425.853421
6352.53528
8581.114708
4156.338941
9233.360029
6354.185191
5671.282149
6210.820375
4230.878105
6547.95952
5909.663131
8025.681794
7103.148629
7613.731371
4696.695453
7883.131919
4795.091825
3773.58776
6365.112705
5475.085293
11597.71504
11269.6758
11163.56743
14499.46382
9571.893106
12906.48614
11133.20531
11463.12121
15487.49475
12680.96858
14585.35846
8700.385832
11413.44204
8322.659786
0
0
0
0
0
0
0
11507.0355
10752.84882
11593.98872
14943.82597
9314.135069
10558.46407
9669.107898
0
0
0
0
0
0
0
15020.01977
14301.08084
11888.9201
15010.86803
13123.08494
16406.34206
11202.16981
0
0
0
0
0
0
0
0
1893.012711
0
0
2.958577529e-13
1453.28629
911.1794648
2.218933151e-12
0
0
1.26796179e-12
1.267961801e-12
0
-7.100586085e-12
11550.27588
11550.05574
11291.49614
15253.64407
9965.469749
14744.96987
7215.139428
1583.303697
648.326813
165.108098
2735.280462
-2.218933147e-12
3374.30158
1314.345169
0
6449.563732
1148.85037
-7.100586022e-12
-4.437866303e-12
4511.005346
1645.886366
13780.89727
17630.2683
14963.45285
15132.59613
10496.49765
15669.83852
10979.26963
-3.550293035e-12
846.6803035
864.3194765
7912.956653
6457.487969
833.5411916
3421.779666
7708.485202
12987.73564
11624.36931
10725.41795
7824.771104
13617.40229
9085.67239
0
2300.825996
2.662719776e-11
2933.282834
2713.643478
2167.988945
1925.409376
1068.502863
6968.982565
7303.162051
3257.547627
0
2156.535955
3002.025927
8113.344499
11487.82989
10643.274
10038.10778
9583.782896
10510.42712
9276.538418
5674.277924
9263.465363
2368.375428
6083.106684
4242.417233
8964.514672
4136.578052
4491.288833
1972.614757
5231.680596
3689.460395
5908.688969
3690.364723
7532.174837
8154.86944
6535.724399
5784.709457
7501.185845
9767.88977
7799.637452
4303.476263
2484.728877
6007.387532
4678.631556
8708.970647
7064.193822
5085.895307
1019.036054
10543.93662
11415.47177
13144.30146
11425.32333
13282.45014
12410.13502
12191.59877
7876.393981
9419.673059
8899.765426
9767.070176
6987.185516
11492.59474
7422.944913
9650.626167
10030.47505
7784.413471
7216.774637
8289.507003
8661.357893
7503.382478
10394.00507
8301.32414
7113.983939
8501.98766
8393.010808
9016.522668
7997.848045
5404.216795
8966.632487
4487.191736
4859.265476
5476.051412
9271.403942
7005.795663
4277.120615
6265.300174
5778.129479
6060.686051
5598.14213
7144.996567
4662.801996
6045.600777
5083.863097
4684.947649
9567.12512
7335.205533
5587.796318
6058.491493
0
0
0
0
0
0
0
0
0
-4.4378663e-12
0
0
0
0
9183.90297
12724.37133
8687.152779
12974.24481
8176.269924
13833.18436
9491.461225
-2.218933154e-12
0
0
5.649272135e-13
0
0
0
10.67303234
2.218933153e-12
0
0
0
0
2661.301641
12008.58765
16315.69681
16225.38009
13224.85365
8566.913584
14160.21472
13255.19089
-2.958577542e-12
0
1838.131791
0
0
0
2.218933153e-12
11911.46043
16789.09242
13496.62988
14142.35274
12551.03762
15253.84965
13549.31243
6.324002857e-13
0
0
7.905949883
0
3909.72151
925.9181988
17947.19449
18385.02748
14239.65856
16429.50405
13811.8971
18360.70462
16164.11587
0
0
960.9818274
5547.70102
2232.808727
5779.709417
3283.031674
9481.748508
15641.09073
11955.61035
12416.89582
10818.22824
14422.0585
15513.99364
4247.031406
5630.143411
433.325362
4161.611501
3413.89778
7972.208399
4224.391712
3007.566635
2310.445539
4410.444542
8735.622561
4279.599429
5.917155058e-12
0
9820.822242
12173.23931
13205.39453
10259.72869
11670.23436
11666.14555
12231.39772
8251.312479
6242.504739
5716.452405
10455.23746
7645.025291
6330.572063
4641.951696
5838.924272
501.2179662
3695.162523
7085.935559
7508.193699
2123.110721
9933.814586
6553.160885
3901.231787
2717.641762
5282.786062
5153.736071
4661.406839
4828.60825
9283.265782
8385.982439
12670.26279
9107.974624
8568.75132
9473.059234
13302.60419
8570.330097
10177.64314
7837.494438
9605.712698
6899.324485
6955.147479
10258.85599
7093.86589
6866.313843
9975.682232
8918.851024
7282.815375
9906.721049
10422.59832
7697.483267
7814.234414
5956.65472
6841.48171
7915.152111
9179.288169
5389.324057
9821.177407
5593.286327
4030.894036
6872.292507
5357.822552
7555.444169
6284.190735
10046.72363
8899.449496
4103.295524
4826.383
6213.664908
4448.665494
6313.902746
3682.359574
9004.378764
3769.45502
3949.971429
4291.046031
9828.835231
4581.52352
9575.193074
3934.505777
6956.53976
4190.001112
4589.520436
4928.088996
9621.29559
8608.912396
11489.54573
8921.161926
10182.94444
10973.5558
7856.274862
8785.700195
8430.029824
6330.294092
8854.248277
6864.339999
7964.42103
7888.385145
6662.364971
8488.029488
7799.940142
7080.30262
8512.424984
7362.609657
8671.378656
9915.873233
13275.79163
14713.1858
13431.7353
15812.67432
14914.47358
17102.72999
10161.70559
0
0
0
0
0
0
0
16400.89757
15175.35801
18470.72071
11129.18241
15087.81663
14750.12621
14994.28473
0
4.437866307e-12
2368.238574
0
0
0
9.861925127e-13
14116.41573
15728.51096
16286.71889
5928.804382
15292.01735
17154.66097
16398.14865
6444.186596
0
-4.43786629e-12
0
-7.396443865e-13
-7.396443881e-13
0
14241.99639
16520.18479
16643.81308
16050.97754
16169.9783
15900.29257
15725.32446
4.437866287e-12
-4.437866248e-12
-4.437866287e-12
0
0
415.9488876
4.437866327e-12
0
2972.601357
2125.583272
762.025101
3156.5764
634.8018805
2650.389415
11615.03355
13474.82296
10620.60012
15536.8496
14491.38423
13097.78083
12960.80742
2997.903707
5213.525552
4941.534982
0
-1.331359897e-11
5174.176569
7574.625713
8275.246862
12785.18416
10354.30355
11353.37381
8450.746897
13560.7853
12726.81338
3874.093267
1053.909346
1590.966249
4915.236191
7170.548369
2963.187022
4514.159248
3344.910181
1664.100512
2062.281388
3869.142761
4693.747156
2930.728442
3891.493092
7015.285941
11480.59801
8792.401489
11215.84349
10921.53682
11197.85978
9162.585734
4714.815834
3843.171562
10188.11294
6478.872422
6402.106548
4366.25851
4178.401913
5314.180177
11701.09892
9407.908494
5295.653337
8690.982543
5930.274137
443.2739797
3402.151854
5458.198769
2736.382121
8101.452568
8357.363305
5165.272284
6415.871597
2565.117923
5160.148943
4070.881988
3829.323869
1871.831774
3923.427149
5906.860284
11533.18121
11807.8019
11273.00108
10202.29471
10548.83841
11600.10802
10689.92666
10047.80513
7885.120154
11766.85485
9631.012195
8466.39363
7335.496117
7200.337088
8755.059342
9161.232835
9232.289471
8803.514017
8027.445728
11516.06399
7667.83926
10664.88676
6991.972229
9278.78186
9073.042269
9970.201142
10262.29371
9318.129011
10744.71079
8086.406017
7122.865756
11287.43217
11189.01002
6763.7215
5814.121537
8799.893865
3622.895512
4850.825449
4544.619179
7801.843295
4117.779135
4598.441337
4335.049346
6182.369044
7132.163961
5855.929464
4397.404262
6543.352821
7062.044932
7092.506174
5613.826805
7248.857052
3853.727066
6307.125378
8232.846503
10019.83922
10227.20115
5096.192227
9119.661835
5731.145996
7918.633144
10186.60076
2286.255278
9569.669657
6705.175335
8380.169093
6544.664953
6570.518924
5623.705254
5180.830746
7893.141688
8712.911136
8399.842905
9766.872888
6824.244575
9601.557529
7786.418504
8142.055852
7528.473848
8012.422567
9414.227176
7448.31177
5560.871751
7929.61519
5633.903242
8439.390509
4520.040475
10168.58512
11427.48792
10670.42094
7818.459909
15493.00549
11938.84521
9381.371607
13947.00169
13995.44165
11377.12211
12982.27992
0
-4.437866288e-12
0
0
0
-4.437866268e-12
0
13761.4413
10480.59107
13016.69144
17255.54068
15435.5331
16385.63665
14734.44291
4.437866307e-12
0
0
0
0
0
2.218933149e-12
15657.735
15139.4709
13542.70488
17496.32776
14797.49809
14254.64083
14152.52973
0
0
720.3942255
0
0
0
1115.125598
8522.147897
17119.0579
8791.413676
12153.62605
7866.71761
13854.78543
11854.01206
1683.636505
2382.073648
1958.969904
3.550293022e-12
3146.342744
3812.364907
0
15072.17355
13447.63867
9796.244276
16061.31941
12142.01713
14783.37647
12585.20539
4097.666284
8.875732575e-12
0
3668.089181
4182.089348
365.7053092
655.3133002
8653.773819
12148.88357
10780.89388
11642.10561
9611.240538
12582.17656
12506.0253
6698.413213
4110.110515
5952.072747
2097.703359
4738.381119
6649.211674
6072.672772
1627.25082
6441.693503
5949.074103
3669.140972
4622.081081
5690.133505
5131.739772
12760.15699
11823.73967
11602.45744
12078.3539
9880.179932
11450.75899
10961.97775
9735.426681
13455.66127
7379.719474
8230.262012
6754.760115
9054.317794
8171.15946
7868.063229
5148.996956
7332.886003
5690.641771
8571.673429
7914.536884
6044.255651
9226.751379
6130.421268
7319.020508
7644.930377
8339.329303
4882.461861
5777.59407
7782.957599
5165.760045
6509.349962
8389.819358
4198.372738
7184.202826
4533.642588
3461.436653
2001.649354
3794.304577
4435.358673
11298.26065
4019.535505
7968.516206
9339.599547
9469.119292
8884.729583
10906.10978
10815.91554
11802.99661
9410.644792
7555.994127
7303.392028
8053.280843
7786.409364
10454.83227
8566.59156
8833.377411
10148.02866
7070.016303
7450.359301
8803.636636
8903.506223
6094.365908
7837.053621
8150.841836
7206.437931
7826.375781
8853.811349
8812.222209
8437.157321
6824.784638
10657.9556
4962.548496
9611.884666
9457.38852
6206.981084
6734.5851
4540.532817
7928.224382
10218.53594
9784.599268
4148.685884
3846.081904
5882.087573
6721.79068
11312.43974
7708.233353
10666.76496
7985.394537
7719.937921
10914.30131
9827.815742
4678.204081
3021.251334
3539.331244
3532.818188
3811.406192
10743.76504
3758.896269
4470.793978
6820.138219
3512.961629
4840.896531
10228.73449
10606.50353
8825.569822
9016.31956
5167.582361
7418.121042
7748.074499
8365.148373
7218.642869
5468.170832
7291.892107
5863.091328
6200.939261
6124.22122
3990.216535
4637.208867
3550.874776
5059.721328
5271.460552
5299.066099
6488.553845
10058.12827
5569.870841
7435.988097
10654.90352
15417.95485
12246.94969
15321.33078
11755.29538
12138.14572
9929.246727
0
0
0
0
163.7042871
-2.958577532e-12
0
11947.13724
13787.44537
13722.81586
9432.434315
9612.293596
14155.06594
11507.51526
-2.218933144e-12
0
0
0
1268.998713
0
0
10492.23736
16789.0417
11320.92572
13153.33159
12867.72064
14632.73264
10724.60304
0
0
0
8.875732579e-12
8.875732657e-12
6967.453612
4878.242927
11016.76551
11260.89204
10090.03986
12354.86737
8767.425812
11627.15196
9818.837658
5.547332859e-13
3731.965752
3690.593966
1074.084154
260.195842
4740.74264
1456.833994
10112.14054
12279.53714
13375.94402
10909.9593
13215.54628
11370.58787
10456.65155
7887.452909
11686.22469
10947.09748
8510.441565
7962.379017
10220.26652
8728.920809
9601.079082
8777.568556
9579.039283
10623.85258
9818.488867
10375.61816
5853.9595
2151.752266
3358.548478
1606.5677
6032.014837
3273.451932
5571.461263
5906.23758
44.6198172
2019.451303
2020.722421
5869.229137
3872.079442
3760.444017
2958.506498
8733.372584
10671.13423
10519.40911
10237.20255
8958.674767
10422.83626
11335.48801
9551.401324
8586.826882
7093.782995
9557.005697
8478.076826
9437.206472
7558.985785
8571.461635
7675.528851
7535.572708
8550.960658
9876.96393
8975.564357
6840.227711
9780.053486
8494.878744
10695.70045
9639.830614
10599.82198
6683.946943
7296.714031
8754.904102
7580.004728
6641.507154
9623.103254
7535.418159
9441.123154
9981.075959
7885.291058
7778.223017
5172.218259
12072.12596
8347.799098
10097.98451
11436.22284
5299.703641
4997.136257
6934.915615
5246.125997
5147.022769
7107.999043
4326.86951
8542.366175
10492.87421
3337.656985
5900.987913
7968.051541
5998.473207
11790.92288
8961.606066
6784.07637
8661.212877
4998.094454
6551.245115
6507.053093
6495.804416
4395.434976
6297.514199
5808.648809
6385.899571
5278.494655
8358.491597
7434.487646
11003.67174
10157.0275
8913.776676
8579.0325
9411.8883
9142.45939
8703.224486
7068.113155
8261.303497
6168.069926
10425.84316
8444.873899
9649.059451
8477.099557
7359.422987
6408.2338
6731.785805
8042.269125
6791.058094
6212.130832
5304.502283
6667.211159
9584.565132
8613.861466
10065.26425
6633.977491
9600.830789
6933.324067
7469.725776
8141.611196
7300.336086
8412.984224
9495.349982
10206.76956
5706.363636
4422.961119
7895.212951
8039.182495
6918.055809
5584.665768
6731.351575
5801.170921
6685.643176
9913.448049
6238.225172
8790.820039
7863.087355
4712.999839
8112.978523
4493.109507
8385.263212
7189.964854
9766.554387
6709.52085
7230.592754
8100.807907
7104.378952
3700.154499
7896.453816
6720.752758
8680.684146
7240.892876
7010.721444
5859.327131
9410.634634
8373.970556
8680.711683
7458.046236
8376.906369
2241.976319
6985.625733
5831.317919
9088.939744
7218.216068
7046.500478
4245.100831
3418.969167
5503.664598
4465.28578
4683.95488
11559.83648
8721.260388
10551.76395
2391.712549
11426.16221
9182.468172
10499.79705
9979.265658
11143.60315
10357.96023
10788.57355
10714.48088
11225.68841
9462.418189
9447.330698
7496.826891
10605.02756
8405.465317
11668.94914
9170.890209
7653.685738
9828.536544
11874.05331
8173.423109
10494.06404
8448.654895
9091.151661
9173.189584
7969.649481
5048.915896
8844.17302
7895.114768
0
0
0
1690.014486
1590.324032
0
2351.166673
10266.88616
12385.75323
11486.35126
9742.665768
10881.57077
9429.993452
11597.7767
8983.283401
9390.290714
10059.16347
9330.748671
7941.822622
9886.202293
10563.24496
9707.5409
10433.58581
7412.683341
8416.546619
11168.30891
12286.07222
6438.340933
9350.924863
8358.955921
8495.609712
7872.907905
8503.996622
6812.314072
7747.442511
0
0
2.958577538e-12
7.39644378e-13
0
1069.781047
1564.547822
10375.90886
12968.97156
11535.49116
11237.93427
11137.53781
12767.82433
12215.89748
8077.16734
10351.69345
11606.18942
7802.737846
9517.352903
8387.758524
9562.041617
7022.713674
8695.828962
8016.272804
9006.971686
10325.5663
7938.703653
10080.61286
8905.137144
10189.45487
10508.99056
12513.57201
10300.56047
6015.718294
10953.23739
11016.68045
12407.14906
9516.305999
8223.843217
7080.614012
10163.71119
10877.31588
2111.565414
0
0
2464.529811
950.0221672
4089.266767
4705.976091
10151.38213
8832.793433
10104.23015
9445.809468
9572.72309
7788.342287
9342.894032
9456.311136
9889.545679
8557.303254
7730.483899
7882.587991
8775.545203
8948.685657
8282.893194
11139.0103
8082.611613
8809.34053
8680.166869
8608.669348
7262.532059
8361.041902
8438.309203
6556.460293
6780.61251
9565.777446
8163.074586
7506.503936
9538.727476
7238.726166
8473.739911
12278.92743
10056.78599
8729.700601
8689.432399
9793.440569
6738.868483
8013.561711
7990.711829
8471.753168
7643.685004
7940.944715
-4.437866287e-12
4304.646839
2554.351179
1542.022925
2896.297072
4487.566379
5243.379136
9857.393182
5254.454841
5275.811737
7446.445545
5966.814396
8271.279655
7590.481167
5997.375018
7812.369776
6052.910941
4362.505271
7521.118654
9081.203971
5280.857536
7327.686392
8139.239089
8263.134231
10303.46908
9996.120569
9741.932922
5205.783912
6823.021724
6206.251996
7783.180488
6752.177965
6698.280393
6788.376819
8885.040114
7185.731342
7272.87176
4938.396514
8714.2125
10255.1643
6625.176515
6231.087289
7217.779958
9778.952877
10127.64706
5891.641712
6909.356754
6860.639033
8492.484083
7675.642907
9791.484844
4450.20464
7339.684724
8745.706858
8487.553114
7986.642778
7427.188236
8548.878412
5955.248203
8236.782311
8413.259704
5595.599211
7682.925205
5360.398737
8151.670598
8456.987641
5573.660332
9583.984817
6226.245753
8118.338499
6017.154258
5720.966255
5856.868957
9740.249631
6846.479114
5809.811305
4418.701709
7040.348837
5893.656071
8400.840743
7142.872859
5268.208338
9612.124771
7457.554135
7618.113049
7727.152284
7300.407395
5982.695857
8595.642756
8483.267234
9960.192726
4705.166519
5550.668923
6886.455254
7311.173128
5463.217255
4875.864649
6184.038124
4284.761112
1272.100721
3202.560432
5009.611393
4843.413694
5690.737366
6210.08888
8367.23761
7542.673512
7036.804891
8567.838707
5749.600029
8308.730427
9876.257051
9900.549435
5939.886322
10126.01239
7344.758555
10967.54487
7772.993545
8258.601689
5428.79681
5945.504926
13043.91293
8342.067049
8253.608857
6130.001963
6285.804658
10373.00836
7547.375019
6488.117963
9140.61932
4119.571879
5469.252857
8172.335819
4264.676093
2943.10309
1861.913598
8579.460507
8475.510991
4701.190359
4117.57493
7443.420493
10264.36454
5816.221674
4195.544754
8252.452203
7698.228361
6945.015715
5396.933963
5653.459701
6919.092009
6161.799573
8193.035815
7569.290288
4768.265317
7862.381031
6513.411526
7069.145714
8595.535849
6847.834948
6247.657539
5201.043899
6307.236199
5912.385842
6780.117338
4508.9456
4500.948526
6345.074355
4414.025765
7188.741376
7931.944713
4456.133975
5818.204964
10410.22422
7068.305805
3638.789555
9536.220339
4678.563135
6678.298565
10483.72711
11266.61466
8466.739931
6500.27768
10608.4368
10467.79459
6984.49122
9239.332818
7604.384178
7996.481379
8053.164717
10578.36945
5854.402108
8529.319196
6920.911748
9437.295084
7602.700936
7344.5681
7677.394035
8596.707875
9512.99763
7267.10764
5101.47764
6990.47263
8993.986518
2556.143919
951.1126989
3806.148827
3190.957239
3547.269163
4400.782222
4675.164929
9678.804768
6778.424823
8961.673254
8075.272935
6774.369999
9153.078662
4600.91319
10888.51839
9453.084912
7372.074242
8217.464605
7648.106338
6591.755292
6411.569173
8835.81552
8466.300334
10259.51725
9075.121818
8488.441244
7487.065513
8635.650894
8996.355645
8286.583496
9177.927209
11922.382
11310.7751
7920.291761
8311.055599
3652.597459
2715.882386
2341.600731
3448.946043
5241.487273
4250.197952
3337.019361
8760.036469
4909.488362
8855.680954
5719.312436
8240.999676
4721.595238
7982.590975
11163.93707
9394.859521
5900.635005
12221.88744
7646.43754
7738.251638
7328.322638
7529.480063
7758.845677
9676.7971
10462.23011
9180.819955
7821.36415
9223.59666
10298.53173
9292.572778
10000.8778
7832.117795
9119.222739
8184.357853
6241.517457
7213.983057
9944.881311
10292.92371
9523.440896
7817.324092
8970.43434
8741.085714
4065.036291
5528.522496
6581.157912
4072.277778
3487.902894
3365.390835
8415.498253
3482.550823
8193.375075
6832.15256
9980.07033
7804.730814
6097.407056
6021.946305
8360.871826
5767.334568
8729.709637
10186.63718
8330.277302
7398.047238
9472.175701
7382.706526
7317.036825
9133.201177
7923.597051
7440.838604
8756.153135
9475.279649
10917.66868
7179.00937
7080.487042
7142.785623
7623.086735
7036.586882
8390.453409
9933.067927
8135.188955
9997.863663
11439.59836
7817.496662
8402.667056
10116.42043
7977.210209
8605.442063
6223.889681
6847.964947
4060.85081
8537.620701
5888.466473
8681.781549
6911.281311
7900.744537
7593.800214
9642.895976
3828.966102
8951.247023
5116.11798
5903.666961
7136.982606
6477.564759
5814.093552
5097.6899
8687.306299
3885.035424
5956.793164
6693.498729
4810.888062
7633.915349
2515.556762
1990.466045
6444.442566
5978.766011
4671.948433
2887.414211
2356.337936
7457.291544
2981.291738
7710.455802
11125.22128
5087.538591
7832.561008
7198.534329
8742.078506
5883.31287
10434.62552
8916.893072
5602.833072
6518.593145
9828.77282
5039.431743
7742.830493
9912.941695
7552.178229
5878.985954
7708.09788
9333.973048
5358.931023
5822.464423
8309.24145
4655.423107
3794.706131
8371.308491
8608.523626
5882.672863
4501.171179
6826.241476
6543.469412
8579.212456
3368.634626
4043.047136
5279.531656
6934.241207
6155.047731
4958.533299
6738.52071
5476.867588
6801.45334
4599.887404
4770.090848
6412.674744
4301.482487
4886.235472
7036.348651
6244.07489
4752.31635
5583.975994
9981.269798
8183.420819
6898.612119
9280.402321
6563.381542
4197.310418
9328.90093
7781.119501
8141.941315
10094.26329
6947.160113
7873.971454
6768.269174
7022.260487
6619.612593
9400.404854
8419.067304
8663.805342
5807.979911
7014.622013
7830.154232
8429.286902
6821.244322
5026.516741
3121.764896
6117.606363
7833.875253
5848.893057
5365.534001
1710.928017
2692.684863
6800.735968
5844.750091
4591.851009
3966.575319
8618.028484
8329.771688
7947.860593
6820.46849
7913.969721
7477.391024
7536.574732
10365.88349
6099.980348
6054.000348
6770.501856
6690.06228
5394.230111
6293.257372
6586.772088
8122.575742
7233.160691
7937.823159
5563.783317
6463.732919
4682.518357
6724.990457
7642.263103
7451.88242
6472.884275
5499.802851
6433.444591
5030.773411
3854.388108
4668.509957
2978.213106
4761.054528
4099.586491
4291.578712
5591.184667
7953.592877
8732.152724
6804.767503
7956.72241
6977.907053
7064.805607
6506.622693
6255.306313
5033.205283
4642.614066
6680.675516
5203.871915
5967.712134
5690.954542
7512.263904
5331.026374
8620.465658
5294.308821
8881.325978
5439.818264
6005.569421
6644.986833
6112.709505
6657.023555
4743.350123
4062.970034
5311.832329
5821.066539
5218.242582
5729.077134
5263.34359
7318.719719
8355.21787
4650.694795
6420.220284
7465.03558
5183.209081
7647.950034
5753.050171
3650.42782
6477.681037
8427.385363
6877.585867
3901.427376
3783.969564
3995.945973
6643.510961
6454.823418
6810.700763
6178.154407
7571.165363
3215.563037
6085.025489
3239.442246
6787.089918
7850.841219
5655.878533
7952.263918
6946.935868
2310.508605
2346.742731
7014.220373
5477.416336
3792.327001
4549.860562
5155.283833
4181.120103
5065.612835
4632.114232
4148.792781
7080.756084
8293.839367
7733.522026
7826.137728
6895.483854
9450.501595
6738.248287
6845.093316
10292.14098
7897.416845
8085.354071
7189.689053
7189.433695
6134.243382
9894.276919
8927.678908
8889.28682
8857.626354
8295.971335
8962.536763
7559.905705
9970.594962
9463.476187
7766.601203
8066.011629
6803.587172
8173.828871
7347.379146
7287.594064
8263.129331
7744.058477
8621.519617
8393.29465
8848.576707
5183.504935
9232.449851
10287.52621
8978.358323
10750.51473
9717.485899
10314.13021
7862.877803
7459.713473
11148.83663
9353.324049
7578.975385
6787.30038
11325.94335
11248.99172
10674.91339
10078.70767
9353.050884
10739.2875
8465.267282
9334.913828
8315.149274
9184.138216
8545.103376
8471.776441
8958.843209
10237.08352
11140.33635
7197.263589
9931.633011
10120.8995
8437.425256
9956.418372
9126.973788
8908.888844
7716.114623
8242.755103
9746.786285
10764.23782
8722.542772
6807.624251
9611.535442
8165.19107
4726.760634
4733.770124
3104.677742
4648.775845
-5.917155045e-12
3115.127015
2246.464375
4613.397107
5530.315478
4719.585236
5009.305193
4936.506682
4586.793771
4418.485689
8871.035981
13951.56146
10164.52903
9784.707114
9713.845505
8961.4917
8280.230312
8866.220798
11374.60501
8068.093571
9386.27379
9087.603157
8979.610305
7818.788051
7963.476448
9696.795926
10124.85631
8044.321238
7683.358038
7508.690079
6787.458182
9181.453143
8008.104225
8808.095239
8850.908788
7460.63964
9291.398387
8633.026941
8941.143951
9619.068115
7516.113565
11390.02928
10551.25219
10959.57438
8524.423655
8459.578155
12354.31673
9656.877228
10648.55349
8780.783306
7989.243388
7279.715721
4802.232508
4384.829071
5659.492597
1608.815803
2694.273808
4201.363308
5741.352062
9731.212893
9557.763394
9589.698464
8232.382171
6730.18622
9126.441016
7915.090081
5272.227201
3884.893785
4329.841362
3629.092731
4854.23969
3572.87733
4284.03332
3402.632478
5121.45523
4183.53328
5874.464954
5135.985956
7022.113662
5497.003331
10239.36729
12675.24885
9983.841487
10999.61294
8365.317469
9653.875035
7682.348703
9772.609678
10972.90477
10204.55204
10486.56468
7343.51842
9616.837264
9870.980162
10094.6472
9397.253829
8227.851358
10438.00965
8162.28761
10107.98142
8947.785964
9658.191613
12349.36918
10558.16386
9266.781864
9320.848194
10562.62847
9033.323485
9901.152151
9967.087859
8270.878431
9471.044219
8158.3365
9204.116599
8038.962333
4.754856732e-13
0
2954.085507
2150.879445
4874.083735
1292.834627
-5.547332857e-13
3047.369936
5958.324098
3691.001069
1444.676802
2.218933148e-12
3747.122742
2865.059276
2636.457046
5934.303239
4808.329287
5948.920632
7502.813051
5447.47398
5029.11727
7741.31677
10975.67626
9802.335536
7118.285432
7847.01401
9938.172764
8030.270633
9933.895414
8119.177134
7082.49585
7240.324563
8551.605017
8805.635818
6655.316531
7637.328823
10262.39539
9390.358512
8593.632265
7769.932935
11627.26076
8839.449115
8536.806067
11237.16273
8697.168636
10404.59982
7782.985631
11583.80953
7664.197227
1274.896511
6.339808977e-13
677.3694236
3523.588136
-4.437866284e-12
0
1288.270165
-2.958577529e-12
5449.432138
5348.727446
0
1.183431012e-11
4424.506359
5670.409266
4680.440982
4612.371729
3652.129683
4633.139627
5593.859523
2712.127878
3888.800193
10683.3759
12876.74828
11143.42952
10117.22276
9781.426175
11088.20082
9503.796783
10719.2963
11914.7032
9992.253854
12033.09683
11174.77285
11354.36581
7689.723564
3846.362255
-5.917155071e-12
-8.875732528e-12
1647.588659
1525.545054
0
-1.331359879e-11
12403.15194
12280.89907
10477.77951
8725.127341
10586.05268
10133.7733
9906.42237
2286.562206
3948.746907
3352.34396
4.437866283e-12
2865.079112
2340.116258
5393.02784
10245.26135
11632.94569
9578.949942
12602.82963
8598.352892
10945.9546
8912.206305
10457.26914
13153.88627
10907.40963
9692.828305
9249.876124
11764.86631
9964.459901
12253.66272
13316.1179
14059.62564
11658.80595
11566.47087
13958.79707
12232.98216
0
0
-1.775146507e-12
1917.868925
3152.940908
-1.267961801e-12
1160.213452
10782.04506
10278.29353
10782.22035
11164.98646
10534.12124
9497.716255
10758.79587
5817.161911
4418.339367
3766.071919
5514.698214
7197.962811
6329.637525
6849.485609
10326.74021
14004.32484
11226.24289
12976.10802
9200.742979
14186.14578
7338.584001
8406.798036
15553.37688
12302.93123
9038.923412
8400.367049
13966.98405
11960.67298
9838.42375
9670.96406
10997.82009
11016.99872
8134.71315
10816.58891
9837.501947
5773.193451
5115.048146
5201.593108
6842.474573
3515.033131
5082.147803
4742.726057
6080.636513
4353.090628
3536.470281
2133.223142
0
4639.482758
7679.659133
2828.837799
7346.975604
7047.176152
5394.396716
6863.735474
8733.397886
6746.737387
0
-5.917155045e-12
0
0
5695.996862
-2.366862023e-11
2564.323781
11167.29661
13509.12336
11189.52112
11080.2705
12278.68299
8572.866955
11758.91548
8122.352231
6795.03555
5287.407164
6450.734227
5213.327989
10576.5967
1472.864051
7991.475477
9630.629228
8514.361944
9345.130016
6720.928817
7309.891464
8616.165419
12172.47035
16354.06401
11191.93361
15330.68096
10825.92268
11977.8635
15331.89396
0
-4.437866303e-12
-1.479288751e-12
5349.046618
5135.084753
5711.055825
1612.928804
4486.132
3915.623637
4785.460003
1028.84386
2438.825025
4312.195869
7038.30229
6253.982842
761.1180189
698.2885177
3263.531484
2016.505954
1826.520793
1135.152482
13431.37875
11354.68075
11652.68403
14903.60148
15512.26598
10361.73562
11219.12115
5126.100445
4924.24177
8388.578552
5594.475481
8376.397042
3847.40115
5555.028019
9030.189364
6558.921186
9288.006006
6644.569689
7174.161745
8168.613296
8312.1892
0
0
0
0
541.0070963
-1.775146507e-11
-1.183431015e-11
1882.246954
4.437866274e-12
4.437866293e-12
1.775146509e-12
2200.812756
-8.875732547e-12
-5.917155058e-12
3532.338616
2836.511974
4226.897742
5387.156987
6201.053366
2015.960591
0
7576.71083
4314.581433
3567.869337
6352.380338
8603.474016
7625.543475
8268.485616
1573.542602
2082.204022
2879.361824
2214.168293
7744.780588
2197.51197
961.4660707
-2.662719782e-11
2436.690325
2565.542766
1132.032632
1106.576378
3029.83685
2748.941053
2845.649204
1871.526709
4796.671778
4232.14094
742.7498101
5736.756211
7389.798936
9109.692978
14580.20686
12198.04099
15623.11224
12218.1087
14228.1726
12464.72871
10097.66017
8503.39599
3923.450674
10217.11581
1930.338199
12950.71726
4477.038186
0
4665.724155
2674.616225
3605.15227
3523.064752
7312.360823
6066.390443
11603.76995
14252.28784
11477.27387
13934.45167
11387.92042
11131.19797
12550.97161
6844.5678
4594.28016
5819.716978
8643.237755
3447.552132
3136.294004
3338.236363
2883.286142
5841.089885
1004.015395
6799.660314
3712.905293
7572.131672
2156.145934
8253.970041
1953.67782
1844.876007
5302.836329
5290.352217
3045.151965
4120.934259
)
;

boundaryField
{
    symmetry
    {
        type            symmetry;
    }
    inlet
    {
        type            calculated;
        value           nonuniform List<scalar> 
1442
(
4053.149439
3832.325704
4542.719373
3764.151092
3815.499459
3414.011133
3883.088984
3739.860515
3760.263493
4050.556882
3667.346116
3983.388016
2662.433458
4358.225491
3823.470969
3518.117081
3135.141634
2958.911432
4125.632713
3547.492179
4640.338619
3448.434394
3370.646831
3967.956623
3696.430183
4215.059143
3178.088241
3697.712056
3221.655758
4060.974996
3223.579606
3822.522611
3814.61209
3911.658711
3927.913
3722.254512
4108.37132
3358.120349
3731.851419
3595.357469
3698.326506
3568.031287
3943.080481
4194.33181
3749.349123
3499.565163
3585.357616
3883.038129
3383.378395
3379.463197
3887.762575
3551.092061
4007.528086
3697.699386
4132.811523
3849.854671
3329.121289
3139.278801
3042.021256
4160.673802
3458.638911
3248.590053
3850.371615
3536.104333
3751.23623
3114.220461
3232.0787
3472.251538
2420.511887
3517.211878
3645.834575
3176.686097
3318.238101
3545.852065
3605.338464
3327.908289
3156.212218
3842.336903
3826.085098
2824.597675
3784.306031
3504.692522
3800.483839
3361.980831
3535.717044
3384.57456
3468.106891
4088.283897
3189.635315
2194.780268
4092.999119
3422.311082
3677.696715
3883.690554
3610.100103
3208.160517
3556.898713
3339.556298
3539.860313
3450.17266
3619.985341
2936.968693
3313.763631
3933.491548
2937.163733
3133.770629
3659.055159
3432.537866
3418.119003
2816.920967
2806.78399
2867.737426
2371.370612
3792.047047
3770.933155
3789.008376
3245.827047
3786.898543
3251.829848
3549.185906
3582.215988
3409.425284
3985.210346
3267.614675
3695.980407
2885.365954
3517.583008
2715.956474
3178.678204
3258.333929
3400.821986
3033.652809
3128.126001
3185.476294
3306.975717
3649.449247
3813.201255
3529.927483
3530.026699
3297.167722
3421.570317
3562.162605
3399.418062
3427.138179
3347.532662
3561.968644
3683.081513
3371.98638
3004.310072
2896.273666
3656.904924
3719.364602
2713.843329
3032.269602
3416.173954
2623.025675
2369.434054
2973.548117
2656.828718
2876.065422
3156.878088
3272.998558
3222.184279
4230.248943
3482.285561
3253.445019
2897.382103
3592.114337
3122.092884
3385.857394
2977.599862
3374.805733
3097.39035
3485.841768
3197.608291
2766.729269
3356.575929
3241.188628
3324.220349
3516.029016
3253.824911
3185.299841
3667.298746
3070.604893
2053.648716
1774.819361
4756.214849
2697.451318
3907.673846
3890.530312
3050.949209
3455.633484
3709.967875
3850.923995
3254.017995
2880.6424
3389.271117
3005.978461
3271.60297
3332.08481
3050.173241
2853.526472
3232.870771
3469.227249
2593.559792
2975.430813
2946.261161
2755.023396
3042.220278
2975.711946
3524.059337
2580.96133
2252.758545
3223.484198
2913.664266
3952.63494
3884.44625
3524.587791
3665.891909
2934.071449
3407.819149
3328.886779
2701.408955
4272.918642
2662.337293
3376.971099
2615.853365
2922.405268
3321.164637
2457.240875
2487.39031
3177.822712
2849.627063
3249.188429
2484.767878
2589.831982
2588.823158
2917.605288
2959.526255
1987.336048
2530.071556
3726.529112
2830.713572
3143.470178
4011.833149
3753.923773
3466.691044
4110.105746
3602.590121
4216.375133
3085.380851
3030.459345
3216.28849
3237.491374
3238.636406
3033.256037
2410.690688
2759.971382
2958.672658
2693.461044
3380.763485
3017.409838
2403.915585
2812.534922
2480.562553
2679.620757
2553.705934
1283.449445
2395.533833
2166.824138
3217.634154
3875.245124
3104.893293
3351.919044
3350.163816
4217.788054
4162.124142
3536.530361
3702.211125
3265.586188
3146.496722
3383.724923
3040.739533
2961.413446
4173.720838
3518.330541
3352.107985
2533.735744
3238.325042
3345.965432
2391.163933
3394.25564
3098.12159
3105.585932
2250.331942
2078.971131
2753.888391
2349.98799
1443.387772
4020.069321
3190.825993
2413.752477
3887.479461
4513.429117
3168.218932
3270.42071
3633.970472
4413.042041
3107.769888
3921.063574
3960.546726
3318.33086
2618.661921
3121.094648
3215.650888
3212.154931
3525.672136
3160.601196
2762.813009
2333.333134
2779.849998
2500.895535
3127.168521
2914.848085
2230.207911
2365.628984
2241.311676
1837.939655
1310.295975
2980.052798
2636.091311
3685.253825
3979.862489
3795.840202
5158.849418
3487.713146
4918.407602
3994.541581
4233.766825
3122.248413
3841.228356
5002.899318
3385.950837
2750.194234
3368.421301
3052.703615
3097.070783
2697.543171
2980.570058
2988.210852
3028.973062
2575.850776
3537.474009
2897.820967
2442.861429
1416.610318
2862.082556
2422.814927
2158.032413
2018.023537
2713.560785
2203.595462
3532.389953
2224.11131
2619.009457
5266.851326
4632.193833
5104.16615
3914.265053
3626.969072
3622.731055
3444.515726
3257.155095
3248.234803
3335.084417
2946.983994
3435.599938
3122.179833
3558.472403
3320.648024
3044.455513
2706.856897
2699.697214
3054.555859
1928.086531
1590.893131
1671.679913
2506.309076
2072.251017
1120.667227
2049.759188
3438.078607
4738.175965
4067.601889
2574.488886
3903.968648
4491.947953
3350.700033
2359.17683
2385.5181
4419.30988
3799.286776
3862.749001
4055.100989
4045.932435
3672.98593
2641.660792
2660.519055
3087.448625
3151.503334
2094.17815
2609.164247
2781.944567
2953.570633
2164.126046
2638.341018
1616.698854
2689.295623
2367.258262
2087.224942
1621.857776
1796.342167
2205.119606
2686.874617
3174.786979
2881.681287
4918.18789
3640.771236
2327.804555
3101.166335
3971.050795
2090.887844
3725.555638
2820.386272
3028.566241
3909.086204
3237.994262
2726.244707
3367.842695
2013.746755
2195.534381
3213.244425
2495.405385
2914.638949
2628.505754
2941.140436
2880.051192
2218.378913
2104.979009
1774.978835
2182.086335
1954.406603
1390.420718
1760.202517
1316.574674
4171.774433
3235.093433
3452.390483
3485.630085
5757.056547
4270.308324
3928.766836
3767.497411
4845.864372
2339.778774
2763.786199
3158.618583
3400.375453
3289.331874
2920.769915
2495.902775
3166.83219
2398.720037
2728.35122
2211.630946
2414.74744
2747.970437
2882.580824
2595.371414
2282.255772
1975.092865
1090.604847
2101.649399
1563.779733
1625.940102
1242.916672
1578.864168
3948.711281
3358.881668
3058.988711
1281.80819
3763.771463
4748.226413
2834.257133
4410.711116
3400.041599
3190.082945
4493.569725
4906.078538
3082.013002
2767.639911
2301.288178
4037.540342
2892.546885
2390.354123
2837.150499
2564.639296
2819.711795
1828.458619
2344.785056
2067.976109
2686.526533
2247.39882
1953.146805
1876.7456
1996.043587
1355.491738
565.0539092
966.3809307
915.2380784
4537.967039
1884.653174
3448.932073
2450.246998
4196.357716
4369.960663
5778.49075
4576.114599
3814.429211
4973.812177
5641.292552
5715.943862
3217.661455
2203.490342
2737.541844
3843.488859
2174.941902
2728.836815
2359.23171
2333.86071
3475.686687
1854.873048
2747.90653
2408.06185
2922.597998
2816.424547
2059.88467
2291.389292
1796.599296
1426.881786
1627.929999
1232.012224
1668.036916
2580.555138
4436.998393
6104.828198
3334.369079
2441.043596
4031.981293
5344.052508
5776.38663
3068.758884
2854.207318
4921.434513
2998.381447
2931.128931
2612.656441
2884.875104
2511.619113
3427.988445
2752.501732
2462.504378
2486.248994
3230.590747
2252.933962
2718.560168
2127.812279
2305.165548
2130.096333
2291.608051
1724.230168
1145.197189
1209.940335
2065.370302
1954.773162
1097.706537
0
2383.555864
5171.531063
4745.527949
3024.223887
6335.795522
6365.712011
5158.833864
2353.133558
5584.243705
3473.695131
5097.419832
5401.417817
2795.852093
3944.309882
2899.611728
2950.662133
2896.925652
2863.184873
2508.404054
2417.55869
2229.983561
1705.587
2249.248951
1609.173166
2102.933055
1592.570875
1967.840414
2427.102411
1573.266288
1989.855429
920.7002817
702.8207012
1358.376759
6011.660182
6142.226247
5208.074042
5595.323069
4707.344366
2145.299571
4433.022562
4597.897782
4018.278312
4183.015367
2313.832766
2622.262548
2911.461379
2566.784831
2642.727709
2418.855305
2306.358548
3039.007063
1861.99176
2284.94442
1811.847284
2222.498146
1976.807199
2344.599001
1847.913657
1525.832799
1859.496748
1964.670603
1260.300038
1636.151905
1555.278114
1290.513369
590.0841282
0
2903.233988
2993.061458
5408.430338
6029.594567
6871.522908
3586.342084
4063.195119
4190.550938
5182.147761
4561.03269
2253.341089
2569.797186
1958.081733
3383.265998
3816.826177
2365.481454
2155.545641
1976.21135
1905.744012
2696.470256
3228.235984
1566.717913
1803.039646
2701.988603
2421.477037
1855.959755
1298.014101
1521.585964
1388.315711
1219.502224
1153.966531
838.4901234
792.714524
5183.834485
4053.827423
4545.522602
694.7266916
3282.869725
1220.871312
6182.774541
5214.593826
3929.380703
2931.309845
3493.280124
3005.358516
2529.192816
3071.768268
2439.776146
2406.142094
2396.522643
2384.24433
3038.730672
1915.176566
2305.563207
2196.631327
2902.818849
2026.547681
2019.216044
2031.078441
1944.017345
1710.274888
2554.585083
1865.304522
1670.342848
1265.704498
851.6139906
228.760984
6511.879723
3957.703612
5090.617587
3842.601451
2153.842757
4999.108064
5335.576088
4901.509737
2071.466284
2637.754616
1842.822659
1765.444722
2306.63937
2018.196341
2827.048755
2974.506016
2232.956921
1499.695715
2846.256465
2269.310101
2442.773553
2322.470641
2328.281628
1672.8006
2074.799934
2263.92448
1353.758634
1472.435595
1887.260166
2238.517333
1559.084917
1340.957919
684.8125442
1360.120982
5091.322092
4199.657306
2907.788026
3485.326733
2639.045196
5369.826796
3095.367934
4356.504628
2595.516918
2697.494723
2936.473293
2775.345988
3470.976677
1612.165051
2448.85202
2409.317227
2280.980286
1884.797821
1838.179012
1628.395798
2249.714968
2124.810244
2615.916522
1765.491251
1738.482687
1735.121501
2149.875332
1229.857869
1378.283149
1463.624628
932.368324
1815.49377
715.4947695
1785.655745
3858.543611
3281.517825
5301.744645
5644.112766
3741.033872
3049.176815
1503.876411
4115.432696
2404.721181
3052.978555
2231.792741
2361.62147
2708.749617
1791.957513
1700.064899
1891.004559
1524.991805
2041.080933
2196.278017
2328.345761
1691.152464
1805.494834
2089.402
1591.655874
1651.923804
2068.364919
2059.492752
1358.350975
2164.825543
1535.397207
1488.7365
981.9558321
934.9225755
454.4523011
4073.897325
4952.091717
5596.555291
2967.61496
2205.277169
3249.487432
2573.421957
2405.614721
2790.710373
3090.554515
2986.167194
2368.360379
1969.777871
2142.164773
2557.454787
2278.45162
1620.964443
2614.662863
2605.696934
1829.246472
1463.125237
1529.460961
1363.505366
2134.244459
1776.736838
1589.935325
1735.250636
1267.286864
1891.836023
1168.913356
1232.315597
1520.765238
613.3070275
2066.495487
2621.52013
3940.421901
3926.506782
7150.608224
2800.613135
2832.673441
3103.976804
2721.999621
2640.252404
2610.269917
1655.217113
2288.064411
3003.830751
1990.572538
1694.224675
2379.148707
1916.604464
1942.134109
1738.322693
1891.338028
2554.414523
1923.007889
2315.123357
1501.32598
1343.697051
934.6252792
1473.783611
1972.880793
1168.746113
826.3864537
1198.411341
899.5333633
2238.768222
2066.987785
3727.586185
5380.857989
5112.042129
2003.00594
4869.520792
3879.058792
2349.237905
2310.486132
2923.268993
1372.076345
1405.039877
1816.905262
2124.113063
1767.852603
1749.249821
1525.969211
1777.601946
1889.684881
1624.981622
1944.063542
1827.405216
890.3174154
1411.364496
1628.676718
1883.79484
1148.075382
1363.978778
1071.64356
687.1124489
570.1112731
480.3698478
2736.360216
2299.959378
2076.324924
2034.908917
4152.134353
3321.886092
4293.858376
3233.140566
2741.731211
2754.973504
2031.381681
2369.498936
2682.172727
1717.26792
1985.7206
1714.925685
1920.220863
2098.476316
1896.100581
2127.767522
1694.308849
1302.248917
1448.222647
1707.636885
1709.673395
1043.142086
626.6276708
1033.596529
1717.521453
710.1752554
1366.37171
1088.859872
748.4223167
3764.238845
3328.756039
3182.843601
2794.631286
1436.15597
2838.669971
2033.891106
2598.003804
2003.406559
3031.738736
1619.904797
2599.274518
1758.045179
2156.395092
1541.643397
1811.848394
1939.816443
2053.65456
1625.92509
1942.112846
2101.527726
1709.362818
1297.985542
1711.871454
1238.871972
1550.241087
1363.920122
1004.403092
1138.72052
604.6514893
606.547303
758.5495973
2340.250311
2312.816369
2891.212984
2408.784065
2779.012221
2091.28358
1545.9875
2121.543669
2495.276287
1592.219748
2268.778981
2120.360483
2102.304812
1412.001255
2315.879367
1544.933621
1981.21078
1751.460375
2463.351137
1667.839189
1802.083956
2627.954985
1665.717686
1412.739989
1668.781771
2165.061798
1303.838699
869.4549523
1293.490803
912.5057484
956.8515333
736.0916449
1985.449392
3842.211064
2579.183444
1471.930225
2245.459928
1668.423635
2412.896873
1675.622128
2019.918488
1405.70741
1532.98559
2161.917716
1822.63836
1340.997719
2232.278706
2104.020281
2054.470864
1953.01578
2232.609973
1831.294721
1382.411461
1465.407294
1179.373817
2065.725061
1441.407559
1616.482955
923.7269269
1246.819492
1329.361335
999.1473873
807.4362478
918.3022615
2711.956054
2464.138871
1970.170165
1988.87063
2904.078717
1561.133763
2533.629872
2241.231702
1915.409799
2185.220507
2155.633671
1944.086323
2004.331151
1884.56785
1855.666165
2241.238101
1527.43614
1848.874773
2610.764454
1124.674652
1508.444485
1442.179133
1652.303638
2176.627772
1282.973315
1965.319894
1278.748079
1425.682721
1181.3404
1165.341603
1008.341225
2233.213749
1356.132226
2442.390458
1957.447128
2061.038034
1674.105171
1716.52344
1953.122223
2500.807484
1752.442694
1398.070686
2104.295161
2127.380399
1953.049536
1616.277825
1247.337277
1938.663881
1956.390928
1968.246259
1553.960047
2074.080752
917.6176182
1549.229004
1677.999108
1776.139051
1505.346078
1108.144493
1346.588357
1653.560086
892.4578971
822.9579908
1991.197104
2235.288788
2144.570563
1802.697053
2545.940376
1658.676347
2416.311597
2050.115657
2458.282467
2331.965076
1804.43899
2098.346191
1933.404962
1642.304563
2242.82994
1370.592371
1572.313164
2553.992726
1360.80645
1349.221218
1412.634879
1638.812788
806.2005651
1132.534728
840.9342134
1264.241196
1331.288704
792.4084385
649.5210799
1167.462125
2436.206117
2418.308279
1707.220755
1943.22451
2003.461835
1671.615658
2146.421496
1851.834539
1382.920219
1791.1505
2250.495171
2122.766505
1855.822726
2034.364697
1804.114714
1353.75938
1143.484657
1527.204761
1617.549045
1977.957044
1396.288679
1449.513737
1050.858053
963.5413705
1470.977085
935.1336895
993.4243962
1069.214402
514.3540096
1850.983725
2144.240093
1886.795876
2156.487806
1910.691594
1396.107404
1788.27075
2483.03335
2378.889164
2833.847541
1670.706473
2503.673546
2199.539411
1811.144495
1331.747451
1329.808372
1318.271882
1114.097283
1458.233671
1097.964252
1490.064792
950.7139691
809.969679
712.4944557
877.3277816
1494.286414
572.2139605
1050.931926
400.0446697
1531.550212
2162.788193
2073.62556
2344.65759
2428.891132
1557.545493
2231.932512
2159.845635
1605.730412
1761.049918
2095.290808
1824.456667
1568.414919
2021.594401
1574.854505
1375.516871
1705.227163
2076.106647
1315.110719
2391.649658
1397.396154
785.2704212
990.6370598
714.368567
1055.077627
804.6614412
1029.557767
605.0957776
1528.964948
2433.129055
1724.581749
1810.855983
2264.53507
2132.715465
1756.225369
1564.266528
2434.528556
1418.892769
1571.22764
2071.214742
1789.062376
2590.286675
1531.72844
1735.94449
2282.387348
1953.702078
969.1465129
1069.553209
1209.861782
906.9818494
783.8194399
1255.98392
883.03554
482.1461185
476.8117129
2156.30289
2201.667584
1816.950289
1487.081802
1764.710369
1698.808818
2038.852628
1935.609984
1451.353187
1823.586114
1612.734649
1711.585049
1685.957195
1876.459465
1245.522359
1092.280319
1435.878414
657.2270443
1412.67621
1089.878938
1161.067328
838.6318828
1328.407127
584.7503888
709.5128882
515.2610658
2063.482683
1738.744838
1460.932001
1440.10415
1975.477866
2229.640299
1797.348696
1581.229445
1762.037154
2229.626708
1673.810651
1825.572674
2123.823727
1218.996294
1907.810504
1407.104433
1370.765489
1100.18769
1266.836463
680.8106119
1258.640787
624.8857979
1054.755901
398.9471148
836.5032476
2460.671491
1777.245399
1609.303032
2201.768225
1358.326675
1911.392742
986.9799033
2243.857974
1668.407071
1837.372373
1549.78868
1445.543767
1627.18672
1189.388448
1524.229335
1023.351545
1316.032719
1337.894479
1165.471711
368.7467737
976.4541322
371.3734434
941.4033662
1321.876821
1932.132384
1923.909707
2092.215563
2109.7539
1844.185579
2135.966662
1509.334081
1443.158893
1840.533224
1319.434668
1409.402147
1674.483972
1589.555827
1006.317657
536.9962142
1003.987241
1521.796364
651.7436371
415.5681443
413.9892797
891.3259174
1575.07106
1438.605411
2203.924696
1544.533052
1829.811409
1256.789729
1419.083216
1296.021127
1403.794472
1339.902068
1168.257864
825.7684229
1082.322358
724.4081648
2083.005444
746.9480363
757.0360199
553.2568489
816.491294
312.1610854
251.8750484
1971.639596
1377.754099
1224.991637
1579.747079
1212.786142
1678.939829
1694.646049
1372.745712
1408.708783
711.0620806
1135.786563
1810.269339
1215.84539
995.4664136
1584.782421
682.7565874
1001.797008
1307.793959
326.7685756
1655.029153
1488.066794
717.5699087
1197.334709
2028.491353
1542.558982
1533.828685
1251.27455
846.3149714
488.1865186
593.8691798
1284.071506
1383.930886
903.5264518
1081.777112
921.107451
630.7790767
1040.684097
1658.64648
942.4357446
975.990242
969.5587368
1030.076004
1096.599306
945.7933263
677.5828694
589.0516192
595.7467412
779.2714944
934.0168132
940.5129629
989.734637
1386.882117
731.3681726
1440.270645
733.2914389
1362.781351
1276.686543
897.6407537
706.6690995
1723.070147
436.7167211
703.4037355
1119.239766
1164.467817
721.9778237
1023.24383
1092.920692
697.2947395
1323.510108
)
;
    }
    orion
    {
        type            calculated;
        value           nonuniform List<scalar> 
1990
(
1183.925171
1595.566757
2218.166994
1015.062098
0
3030.657514
1162.564156
0
3074.188829
0
3349.773951
1839.619033
0
2375.12148
3148.164509
0
2332.176294
2479.572954
2184.37503
0
0
2735.788519
0
2073.135485
0
2011.175192
0
3336.214163
1770.006788
0
1850.037098
1446.857826
1847.023576
0
1586.66612
0
2730.770945
0
2017.558398
6054.796485
0
2014.68359
0
2688.350917
0
2678.577657
0
2132.617677
0
1398.563178
0
2379.333266
1659.826923
0
0
2536.465342
0
2821.191611
0
2617.798196
3377.221056
2834.072617
3727.856383
0
0
0
2068.197713
0
2346.159055
0
2564.114608
2128.526814
2019.693441
0
0
0
0
2708.141218
2466.319867
0
2006.285969
2683.117953
2085.564034
0
2632.441787
0
977.4344006
2421.454373
0
1993.422462
0
1863.764848
2606.797086
0
0
1899.810148
0
2949.822723
0
6197.85734
0
1836.639102
1949.614385
2388.74713
2254.99288
0
3597.277993
0
0
1945.785222
0
0
2919.354657
0
0
6153.224092
0
2228.36267
0
1603.357446
0
1900.909306
0
0
2483.473929
0
2759.319515
0
3827.545011
0
0
0
5120.157439
0
0
0
2606.795613
0
1802.323289
0
0
0
3223.107186
0
0
3587.940534
0
2287.878769
2417.340708
2389.575943
0
1997.113288
0
0
2946.462403
0
2474.261029
0
3025.755981
0
3999.869868
2976.165772
0
0
1896.994053
0
2500.365331
0
3152.958825
0
3334.723267
0
0
3039.341735
2543.606398
5001.939977
2268.276172
0
2295.838087
1907.02009
3348.448219
0
2856.214241
6966.089961
0
9246.459503
3149.692867
2469.696643
1731.992989
2323.243515
0
0
0
2688.452266
0
4246.906612
0
3519.738743
6347.061117
1399.802273
3517.029178
843.813802
4236.988506
0
1337.813241
876.758005
0
0
0
4721.430325
0
0
1798.621058
9988.459947
4652.80529
0
0
9074.664673
0
5247.993404
2546.731137
2981.377165
0
2896.541914
2041.662558
0
5844.80399
3766.074327
0
6687.981365
5740.892513
3078.226189
0
4013.047196
10988.30903
8460.908742
0
0
0
2898.503741
7878.653738
0
0
0
0
4293.691265
5470.461557
0
0
6337.461414
8319.430304
0
5992.118232
2150.261159
0
0
1744.452006
2044.216712
4309.222388
0
0
8857.590701
4336.317647
0
8539.877344
1611.101338
0
6722.519733
7116.687686
0
0
3651.34831
4089.973342
1684.068465
0
2659.638874
3154.518821
2387.887758
2060.621725
0
1687.509735
2783.389006
3157.205958
2725.921783
4242.709614
0
0
0
0
1564.24743
2538.921391
5510.299392
0
2267.508211
1405.357187
3120.970646
0
779.3763689
0
2497.837828
0
950.2082864
1713.679581
383.3551511
2752.184098
1102.334254
2853.988362
1986.25505
1507.118094
1610.12578
2369.414112
1944.746296
1886.606413
3279.155389
2695.547752
4329.947101
2520.916306
3501.412338
2400.248889
0
4037.368685
1803.292745
2005.945813
1948.156458
2775.550434
2544.271848
2655.011163
2210.598273
2764.830213
971.31198
0
3766.38682
2124.416773
4147.661607
4052.30223
3555.851426
0
3343.424944
0
3548.214469
10829.45706
3614.812265
4962.508673
3552.448874
2495.545619
2374.252222
2996.572038
2741.869835
2382.62786
1187.262322
3322.497977
3002.345489
3154.742019
0
2614.086471
4282.908867
1538.685737
1016.140507
2293.169914
1924.938656
2749.905247
2883.078862
1848.950234
1518.811498
1768.942516
4133.324886
1214.274389
2511.965331
2240.998276
2501.345173
2435.655265
3199.4603
2243.812069
2499.939952
2314.974394
2332.563157
564.905492
2849.674233
3448.569083
3567.746288
2852.984181
3504.860554
2018.309164
1768.76071
5939.404098
2340.008566
2782.733704
1541.142541
2341.191248
2366.346988
2340.8293
1575.790291
1367.132798
2507.041813
0
1809.651446
2839.070255
1096.276054
1233.009471
3429.46491
2057.318167
2218.870798
2176.029577
2928.584865
2706.760879
3137.633073
1219.735334
3060.659163
1477.842951
3892.513062
3056.39859
3026.193108
1912.735734
3503.482524
2994.697748
2597.73484
1720.076935
3039.084236
4189.831815
4502.097369
3377.834972
3649.384341
0
2697.820885
1199.102162
2322.970139
0
0
1691.055188
1875.575073
1821.936622
1615.904158
2809.10436
2464.912875
1949.765578
2702.691415
2217.993417
2347.211091
4033.197284
2590.382534
1953.424838
1370.815824
1794.492104
2673.906337
1834.853235
2645.376409
3414.152747
2810.243832
2188.206342
2229.971442
2509.855731
2753.133787
2401.116016
2576.891287
3040.458826
2026.032867
3161.744888
3009.518117
2956.618068
1811.886594
2136.823654
2475.857091
0
2829.617941
2007.026224
2407.513599
2344.700807
1418.267667
2154.5389
2425.841412
2562.319418
1840.012854
2414.088824
2382.643382
2413.956607
2878.411459
1663.756927
3957.782455
2007.606814
2266.299847
3208.658675
4097.127279
2792.769363
2464.719681
2172.794359
2977.600316
3580.993355
2617.682058
1897.423138
2399.295392
2623.876019
1936.653683
2726.766915
4316.457114
0
1579.595269
1649.300798
0
2688.583611
2361.217383
2190.136586
3567.338327
1907.280097
1734.366902
1777.663891
2754.575633
2480.51188
2363.087217
2745.498721
2736.123328
1696.114013
2900.902626
2820.322011
1910.592014
2148.527468
1649.66481
2725.124339
2156.151989
2232.912049
2492.25305
2349.763979
2223.555949
2726.059038
2804.008536
3241.926841
4558.325023
2817.747251
4605.956583
4263.494443
2105.697264
2849.10091
1739.459553
2935.609887
3021.318754
2900.490474
0
2900.859057
2623.306906
3419.971551
1177.27194
2699.677128
2138.783904
1791.708629
2052.812132
2507.737744
1846.203955
1709.482686
3156.085063
1585.63939
1806.515391
1653.188285
1961.366683
2602.311455
2904.089863
3990.435338
3166.494176
715.6104762
1865.872307
2019.070414
2703.278503
2500.375712
2570.389096
2725.30906
2929.109873
2455.48963
1983.324012
2559.579595
2493.170949
2214.465494
3970.567717
2420.868497
2406.119446
2965.81659
1947.954858
2609.92843
2055.439451
1983.785277
2627.056413
3198.745797
1838.093136
2223.31967
3056.122874
2164.526625
2637.826199
2502.235364
2444.996199
3299.429249
5081.212337
1937.375371
3416.193875
1740.181271
2682.39695
1419.764239
2373.176175
2229.741401
2027.970012
2157.252713
0
1657.862527
1849.782001
2728.958588
524.6682524
2542.617419
2425.453153
1424.659267
1324.59044
447.5711367
2924.439456
2294.2567
2441.866369
2786.78858
3136.089622
2019.163059
2018.80174
2855.903881
4200.962047
3853.139124
2026.868952
1793.537293
2936.226198
2208.801973
2245.113475
0
2720.516409
2222.761775
4191.11445
2764.721479
1548.466625
2294.181842
1905.358568
2129.340826
2490.95685
1680.973547
2384.847663
1763.463734
2357.634733
2361.834564
1610.839218
2385.009663
1857.477908
2523.141556
2593.683478
2784.582442
2257.092701
2165.661152
4221.625287
2358.05537
2427.758838
2221.093987
0
2152.353568
2495.842532
3572.50008
1908.275941
1864.348112
2793.490159
3129.444124
2014.342578
1883.334556
2398.093835
2738.203944
1354.069542
2001.80738
2124.543264
2853.9096
3320.59783
2636.366516
2130.082483
3487.17656
2745.877181
2051.074649
1759.501326
2591.939781
1768.636142
3065.578534
2562.862173
1754.116664
2154.272678
2707.591553
2055.327842
1934.820719
3277.798109
1994.149054
2086.353986
2583.52983
2078.267179
2372.63718
3374.466854
2570.62124
2513.44589
1637.762843
2608.279795
1839.506439
2766.869357
2607.220335
2880.589838
3171.591213
3185.605935
2039.854583
2774.370365
2464.130321
5611.52991
5732.751817
2773.728846
2218.201555
1799.742048
0
2930.642256
2339.613516
3061.608015
4711.688001
3713.242208
590.3793763
2170.068136
3301.667828
2129.681253
2679.329046
3274.068429
2447.653075
2908.137473
2847.412235
2119.223621
2368.157479
3091.266967
2860.715802
573.2136351
3961.414045
2433.101363
2356.308809
2856.07789
2307.877451
2876.542629
1835.837304
2888.73674
0
0
2094.047193
2486.489266
3310.878491
3882.180015
2420.565772
3062.950839
3260.450258
998.8301567
3672.776028
2119.32676
2580.523057
3603.749834
4729.22448
2971.3792
2239.413047
3203.921841
2848.905997
2376.302547
2561.488188
3227.81929
2829.554571
3628.135951
3046.177
2980.064592
2532.091993
1626.722964
2752.858361
2081.53482
2878.554143
2394.396395
6374.841359
5408.458934
1156.907719
3208.22563
4026.318782
2985.77
4621.926004
2099.424071
3872.585156
9479.582361
2460.680871
4513.63522
3860.28954
4156.3014
4322.20749
0
2953.811327
6190.169524
4227.108125
2146.585417
5882.968587
2156.088325
2445.547284
2864.969115
0
0
5481.736869
1367.643526
2213.430329
2766.198295
2140.632693
2527.163039
0
2378.94301
0
0
0
0
3415.824526
3101.173103
2962.594064
4100.397545
0
1255.695242
2244.458404
3032.286306
2191.71807
2470.469559
2092.601257
0
2046.5673
3759.776598
0
1893.427611
0
2425.28031
0
1944.25897
2464.463461
2550.767562
3720.567959
0
0
2300.845052
2633.845554
0
1878.315791
0
0
2640.219659
0
0
3432.694737
4914.402856
0
2308.333525
2594.484222
4169.739738
3207.351804
0
0
1887.264418
0
2639.060949
0
0
0
0
3340.952706
1871.953054
0
0
1593.777781
2108.651349
2437.359696
2584.930465
0
2521.894046
0
0
0
0
2192.417239
0
1714.061024
0
2468.627546
1933.581204
0
0
0
2019.908953
1777.868495
0
0
0
0
2726.633484
0
0
0
3161.078795
2048.048376
2382.691607
1909.806613
1917.124626
6243.51199
0
1585.635845
0
1830.599769
1986.958731
1833.043874
3200.492825
5040.633723
0
2429.523296
2461.083966
2659.572184
1920.776547
3060.166579
0
2634.081555
2851.34855
11257.03805
0
0
0
0
0
0
0
2445.395382
0
0
2366.6442
3031.674523
4509.528777
0
0
2227.795664
0
0
1948.002165
2474.434618
2368.238162
0
1306.178705
1121.517179
3305.838297
0
0
2039.266432
7228.400484
619.9884907
0
0
0
0
0
0
0
1647.714243
0
0
4000.539985
0
2321.303441
5687.59558
991.4647995
4639.49111
4292.026445
3007.434616
2353.849647
3594.209675
2423.730737
0
0
6774.925982
0
0
5250.519712
4234.339813
2632.21342
5959.722157
2175.348376
3094.150265
2685.705386
6150.797048
1389.486092
9459.874843
3659.576994
7557.264008
2286.666904
4544.135423
5287.414321
0
3576.473691
0
811.3175888
5573.061026
8134.671644
5159.305941
2605.426406
5312.366755
7048.574683
9490.614616
9187.789363
3123.174927
4461.819893
3516.857895
10598.74434
3118.466225
2481.485069
5104.266768
2057.8127
3476.068345
0
0
0
1352.825581
4589.435399
0
2523.318263
1381.819905
5653.527003
2090.625433
1922.042854
12571.00695
296.7867378
0
4115.903373
0
3305.054449
196.5924203
3356.598635
3670.264971
0
3517.409017
0
0
0
0
0
0
0
0
0
2863.331045
0
0
0
0
7060.990405
0
0
0
2273.777191
0
0
0
0
0
0
0
0
2285.319631
0
0
0
1830.809726
0
0
0
4006.293887
0
0
0
1202.437294
0
0
0
0
1070.949288
0
8688.622214
0
0
0
0
0
0
0
0
0
0
0
0
0
0
0
1721.4568
0
0
0
0
0
0
0
0
0
0
3270.175628
3610.506461
0
0
0
0
0
0
0
2628.177664
0
0
0
0
0
0
1964.509562
0
0
0
0
0
0
0
0
0
0
0
0
0
0
0
0
11472.1545
0
0
0
0
0
0
0
0
0
0
0
0
0
0
0
0
1768.60658
1363.689224
2241.492014
0
0
0
0
0
0
0
0
0
0
0
0
0
3971.107021
2330.759582
0
0
0
0
0
1815.468297
0
0
0
0
0
0
0
0
0
0
0
0
0
2349.496603
2111.177818
0
0
0
0
0
0
0
0
0
0
0
0
0
0
0
0
4759.107993
0
1697.383423
4762.345222
0
0
0
0
0
0
0
0
0
0
0
0
0
2425.037479
0
0
0
0
0
0
0
0
1030.959814
0
0
0
0
0
0
1993.418159
3534.790041
3002.370091
3359.624374
0
0
0
0
0
0
0
0
3601.689008
6533.825476
4198.815009
5149.349752
2553.345645
0
0
0
0
0
0
0
0
0
0
2124.441876
0
0
0
0
0
0
0
0
0
0
0
0
0
0
0
0
2097.292554
0
0
2606.147932
1434.524353
0
0
0
0
0
0
0
0
0
0
0
0
6512.271383
3699.624344
0
0
0
0
0
0
0
0
0
0
0
0
0
0
2111.339314
0
0
0
0
0
0
0
0
0
0
0
0
0
2449.381485
2571.800721
0
0
0
1833.303673
0
0
0
0
0
3739.482416
0
0
0
0
0
3009.537558
6130.210186
4683.351027
4463.902519
2134.239424
1969.546741
0
0
0
0
0
0
0
0
0
0
0
0
0
0
0
0
0
0
0
0
0
0
0
0
0
1831.845064
0
0
0
0
0
0
0
0
0
2751.5997
0
0
0
0
0
0
4782.044461
0
1947.663671
0
0
0
14326.24534
5208.17985
322.7210949
4544.111684
1552.36895
0
5779.796212
0
0
0
0
0
904.4139074
1297.827845
0
0
0
0
0
0
0
0
0
0
0
0
2602.11947
0
0
0
2441.435944
0
0
0
0
0
0
0
0
0
0
0
0
0
2499.124718
1572.777704
0
0
0
0
0
0
0
3075.789321
2345.632973
4321.965639
0
0
0
5835.609794
0
0
0
0
0
0
2700.642623
6419.562485
9702.967698
6464.799791
1411.271128
975.2245245
0
0
0
0
0
0
0
0
0
0
0
0
0
0
0
0
0
0
0
0
0
0
0
0
0
0
0
704.7442215
1338.230628
1268.010391
0
3808.369038
2622.462492
0
0
957.8402793
0
0
0
0
5653.103804
0
0
1148.659717
3247.632601
0
0
1631.987132
1836.732155
4366.992918
0
6123.618034
0
0
0
0
0
0
0
0
0
0
0
0
0
0
0
0
2349.782741
0
0
0
0
0
0
0
11970.68868
0
0
0
0
2744.365054
3400.621157
0
997.0478317
0
8674.626104
0
0
0
4447.209004
0
10629.20409
8102.518308
10661.2625
5958.780085
6359.933904
4928.110552
0
6596.066124
8366.847515
0
1261.522259
6128.878914
0
0
1091.181239
3221.743302
6897.415824
4606.036693
0
0
0
1638.464948
4501.220635
1418.394036
940.3865242
0
0
0
0
0
0
0
0
0
2541.71408
0
0
0
0
0
0
2959.626176
2708.424855
2909.362794
0
0
0
0
0
3333.155011
4401.139965
6694.549439
0
0
0
5698.905336
0
0
2462.858105
2058.698932
755.0024893
7844.424063
3003.527573
1546.795944
5943.890339
875.5030821
2678.627606
0
0
9676.449761
0
8038.151552
2071.05278
3904.18217
5515.513233
0
0
0
0
0
762.2265359
4731.409081
0
9685.0081
4479.514311
4797.541798
0
0
0
0
0
0
0
0
0
0
0
0
0
0
0
5189.474876
3667.437024
0
0
0
0
0
6710.848571
594.8692147
3815.886486
154.6465173
6591.755256
7056.936432
9117.184209
13334.76644
5096.12308
4419.813927
3851.738452
0
0
7354.807539
0
0
0
0
0
0
0
0
0
6717.167341
3219.185783
5061.96036
5081.191554
11853.05027
2049.107247
8327.198531
0
2813.816478
1780.016666
8048.675085
9485.454632
0
16466.30049
5244.250017
0
1015.465153
1312.823299
0
8873.5155
0
2467.878041
5188.256672
0
1932.474961
0
0
0
6159.299862
4114.747207
2488.44605
1082.931201
7398.671938
4368.415438
1964.46928
7899.012125
0
0
0
4540.873787
2032.443913
10304.4503
1265.483223
4658.377836
1474.443618
5835.830577
4746.005455
0
0
0
2456.219031
3049.950077
4782.068419
1245.533141
0
5630.751359
2646.034765
7972.503892
0
0
0
8005.236164
3630.133246
9385.342932
3939.333895
5385.952886
5583.950917
2605.409415
2274.351216
12310.76936
7262.990358
4662.102253
5977.282203
0
0
0
0
0
5631.559785
9835.85333
2108.000989
5641.334341
5294.929134
9353.139337
0
5398.127395
1977.942703
2816.314652
1778.656692
9273.023093
6462.532542
4355.644637
12081.86178
2573.642217
3058.905582
4763.855074
6822.744508
9555.567828
7145.339343
2679.51989
0
4420.060766
0
0
0
3129.13341
0
1597.047769
4788.057439
2498.547634
5104.07366
4750.740034
9023.411688
3225.517173
5398.875886
5111.067585
5713.817792
2608.808798
2540.754406
0
7488.339354
3602.387199
0
0
4976.42952
2447.370314
2113.70432
4683.617072
0
0
0
0
6368.149254
4671.942846
3840.911883
7032.661316
14372.72911
2198.79871
1820.879419
6309.838961
6941.884744
8444.428329
4790.273645
2385.540442
3553.707647
0
0
0
0
5935.323038
5160.391854
8229.589322
2424.616129
1976.960778
7608.665889
3536.754773
3650.392549
6762.473943
9806.862088
6383.884515
4434.917157
0
0
0
3495.994783
6093.777218
0
5295.383577
0
5247.181021
1738.255578
6586.240663
815.5594197
3887.367501
5289.848551
4255.744906
2285.650782
0
0
0
5900.339429
0
8984.265905
9310.968426
9196.632282
0
1903.126397
4333.365465
6576.463292
11007.97865
986.3950203
4257.67748
7566.151254
2684.733891
2329.484453
2935.999383
0
2064.457055
6130.270779
604.6811969
3480.246316
6246.238552
0
2616.368314
4706.397151
8009.710042
0
0
0
0
0
0
546.9457341
6334.711071
0
7914.211361
4470.494039
0
5117.011857
0
0
0
1165.115493
0
3676.629575
4501.86763
5349.797657
4573.671251
5247.690486
3815.934164
2439.128003
2193.03444
2676.839385
1322.573822
0
0
4825.953899
3796.974887
2449.236349
5369.522729
7282.912111
12799.6434
2560.91172
10360.19959
2619.202747
4039.2805
7635.50041
0
2319.112473
13228.48971
9980.436255
1819.322828
0
0
0
0
0
0
0
4180.303798
0
2987.527641
2814.857708
2226.422346
2901.695234
4432.467406
1845.320285
9664.953816
0
0
0
0
0
0
2692.755103
3719.231755
784.1804592
2213.877198
6891.244817
0
0
6637.437134
2062.166351
4045.237142
6541.124199
3001.248748
1194.363751
0
0
0
0
3362.774539
5786.402531
0
2622.52583
0
8355.52939
)
;
    }
    spline
    {
        type            calculated;
        value           nonuniform List<scalar> 
3716
(
3759.094021
3436.711713
5050.423518
5603.669053
3885.473149
3719.542933
4022.178129
3848.172248
4209.102992
3919.73569
3942.412337
2123.433044
3383.740454
4763.6765
4310.800698
5376.982531
4197.155656
3553.218115
3932.291415
3646.678735
3388.686412
3947.113948
2003.853998
4587.457095
2140.730132
4719.36136
4627.027648
4358.908656
3407.875684
232.3106045
1547.308368
3633.373209
3442.148298
3584.280565
2259.107875
4505.682467
2566.877422
2918.266633
4044.521207
4933.155573
4212.34037
2584.320256
713.8364287
1607.568203
3633.406995
1086.274254
731.8114943
2038.668129
1759.694043
1242.535884
3874.743198
4242.247419
2610.841828
2872.18795
3189.628775
1423.226026
1805.673685
3267.076642
329.3951159
273.6107158
2285.884585
2420.127355
2730.02054
3184.45587
1872.690907
1539.284494
2447.087881
3228.604463
1767.673921
5904.230424
1867.560225
203.3619933
1346.063035
3807.80964
4013.038727
1337.319931
273.959853
4984.598551
2833.740408
2846.86763
2739.618858
2803.315588
2057.292355
2050.199901
1098.727634
1966.027625
1678.458138
1062.516317
1696.612201
1182.18993
873.5067388
1455.014043
202.7454624
210.5651684
1084.208063
2867.737426
2572.988389
1693.152609
513.2833031
1079.824536
2507.762345
2249.120315
2144.806015
226.8636075
2100.216815
196.5469559
891.3524763
1596.874694
2384.876399
2754.689843
985.6372486
508.7619109
2489.585618
379.1118324
926.5966445
2206.085081
1935.213247
261.9493938
214.7761145
194.6733933
189.9497624
186.6000346
2876.065422
203.6044955
536.1863157
851.1371538
1152.397862
2850.716225
1412.886604
1765.008522
1279.694447
2551.076496
2273.964982
2878.698235
2148.370023
3521.899758
212.1389596
2665.771082
212.660712
817.0140694
2286.728363
184.4502051
740.8755838
1957.624531
1963.121629
2333.181491
2858.825838
960.612829
1197.684699
1351.42983
1536.95888
1401.132583
1227.727193
1522.347455
1163.839665
1439.890243
197.7437811
172.9336026
203.7571916
545.0606188
249.1642841
2074.468034
1799.157457
2252.046625
2211.043565
889.366599
1107.479215
661.7078042
2033.127529
568.672884
2002.208883
902.198676
596.7136667
1550.103916
727.6592051
1685.427134
1960.58123
2530.071556
837.3383457
364.6034017
1808.505971
1744.008086
1885.80066
538.8882848
515.0840106
336.4477915
2255.527157
199.7431954
176.4666155
239.6512679
207.669037
227.5329459
1711.359137
209.8011588
242.6494938
2431.101846
3761.636801
1544.298828
474.8658675
1826.833906
2166.824138
210.3350864
1460.765088
1467.983744
1189.803484
1477.590102
190.057288
180.1823469
1365.327029
368.6273549
2405.434585
1443.387772
978.1322231
383.6205652
1833.200943
279.9950343
280.9314291
1421.489354
1963.968836
1659.494413
1133.415547
1926.51815
280.9871476
437.5429039
1552.52349
1691.015314
1255.117377
220.0831522
233.8175049
214.7440118
205.077266
178.0940838
465.7995639
306.3598423
331.5286374
1212.145723
386.9751584
1773.651919
1980.510013
646.1315879
2580.950124
867.8618956
1104.667975
852.9623321
1096.239652
1335.118022
2074.080255
1051.752688
1611.322973
186.4990499
214.4922571
231.6211599
213.2793564
202.6537933
181.5071245
236.7561214
476.1627756
2503.149975
644.2623805
275.4396211
280.0197301
599.874511
1777.260977
1558.308876
1073.457754
1843.240887
1074.085264
229.1660553
246.6890598
2109.480128
274.2902475
2049.759188
1214.602776
224.800264
982.1101096
1212.01959
188.7277322
954.2300474
213.4268362
242.8904639
1288.996852
1518.083212
336.441499
326.5617837
1125.771432
804.4974489
588.3123
1112.268196
1436.211919
908.5415087
1732.186138
264.935562
2567.628397
261.3849166
239.5626297
233.5583611
227.7616225
521.0178298
427.3107796
1044.826814
831.2859769
322.2828671
272.2110333
426.0575637
290.8392815
1893.446649
1497.660727
844.2170448
1185.686461
835.0734516
838.7713645
197.1738878
207.6459428
215.5489366
199.9102899
216.3246634
218.3614184
1829.439578
172.38824
188.8958426
236.0653085
196.6052372
303.2273664
488.0773904
1316.574674
237.1995345
662.1546012
286.8359756
1694.160952
2343.39123
1639.874334
1242.416245
1059.623213
1505.497227
1138.02828
341.9844134
460.9548443
1800.349109
774.970297
1001.172526
1064.719933
213.7522757
203.0008181
621.6369403
217.5480351
221.1468415
629.8731113
271.2867123
197.2997896
602.1526611
569.2103775
1374.813685
1176.729434
311.5901767
216.5732341
917.0428206
1031.398152
598.0067541
2116.280115
365.4813593
642.1513929
1158.7221
1118.985249
1107.134844
1770.362313
1034.540487
198.1294282
1738.730449
225.5745811
201.8578768
1595.28217
227.6585766
650.2371697
218.3203613
177.9325592
200.5632009
196.9831154
825.3198165
1164.516237
915.2380784
309.4716805
798.9003635
422.5183423
697.5942316
1189.207464
1298.384968
675.1336171
754.8482938
395.6642222
803.4608887
956.7181715
958.8042393
941.2561235
989.570204
207.8989938
196.2177142
534.7346371
175.3336637
214.0095052
2180.502689
2301.699492
474.9773728
229.090363
226.1895903
219.842661
1668.036916
215.5896233
239.4814753
885.0371224
887.7871582
884.2022314
1054.363614
290.8247605
454.5307681
1016.463659
673.4136672
947.5097339
347.8713339
555.7208501
615.5565474
451.5686405
1516.940553
1205.321985
565.9831928
202.8380346
184.586808
224.2353095
179.8250729
219.0140174
198.9548874
200.0113773
411.4104762
1097.706537
301.0249725
469.6603334
1808.879086
1275.166469
1186.552849
857.1158781
336.8320862
475.6625705
1242.340238
642.4733843
994.5312063
655.6972356
460.6612327
1092.043726
1121.683608
1159.286896
876.1929859
251.1484935
216.8028267
206.0054711
192.9542611
160.2673677
240.3996055
262.2699717
220.4758639
211.5022509
224.9693529
179.3514363
182.3044606
530.6324768
891.0272444
993.0541608
1166.479646
564.7439082
1129.234033
1510.763193
1151.663773
286.6596918
222.0704031
210.935351
225.2969728
251.7703705
1356.661462
1131.630945
813.4473148
944.9962219
560.2874534
222.4063051
193.9965212
236.2945463
228.7489888
233.6354838
1524.386953
240.2026352
228.392609
235.8075292
1109.164844
1261.485163
1143.090062
590.0841282
1020.56108
202.5964643
253.7925804
365.727015
1065.284898
1179.082612
1371.419532
786.2766357
239.9040648
187.1965798
247.0015688
192.2520541
258.8127938
228.0372334
210.6374073
212.8923389
200.0466497
231.240004
319.2213337
781.0542252
778.1093354
255.2542116
224.8261735
817.1913774
792.714524
230.8674349
475.2509401
503.5593473
475.3195017
481.0015864
1541.323026
1775.023168
1705.673146
181.3478207
206.1889442
383.1849108
1650.942099
715.0276591
2610.076894
233.4025463
244.3818758
223.0330113
228.3290222
1387.145847
1594.065898
208.306115
474.1501382
228.760984
525.7886709
222.3207817
219.9163953
864.788159
983.5693814
1175.022749
688.3543892
1690.188683
201.6105036
215.3957846
204.149094
231.6958419
1051.105345
599.0981973
211.9304407
682.6500069
213.2124675
225.2271939
235.4726688
238.3608599
459.7066381
669.434079
1360.120982
617.3784266
546.5242908
227.4752342
1723.554561
1192.542278
443.3249113
523.56291
3963.863148
600.7273414
253.3170758
207.0278871
196.6428314
564.6864921
228.6833154
193.5901597
196.2342229
1384.676559
1785.655745
241.2984251
249.4002555
784.9780165
1330.914602
538.1699857
1029.790724
2345.854796
1585.941257
1463.644585
172.5837496
194.5640568
3344.655255
279.5399632
188.398546
229.8890863
224.9063005
206.9997914
188.3046079
230.420914
1232.192953
636.0812499
202.6575154
237.8410477
232.7395455
258.4478932
315.2508618
959.0419368
689.8398962
454.4523011
711.348256
179.148276
731.9777584
800.9000795
444.5266677
399.808865
1080.618082
1166.894492
221.1894171
255.3562167
162.5782344
165.9970687
360.2622364
395.4859627
196.0131353
207.7114973
188.1915227
188.101938
200.6801454
266.8771043
490.0990142
580.6431659
536.5065825
663.5614415
1312.003476
223.4965622
472.0249369
629.7381835
354.7640101
1039.76999
1412.742364
537.9588563
423.2150789
195.2436257
1565.466489
552.9622148
198.4440233
244.0531785
231.1032307
193.1833965
198.4403489
197.8205762
231.1971699
204.6043797
211.5117389
479.0314684
240.8456206
188.3646394
899.5333633
206.2319006
208.5640164
213.0766379
1154.390409
962.7776321
890.1708453
183.6482097
200.7267515
202.1846102
1811.344412
479.1631004
1085.003436
823.915693
810.6243217
328.2295612
255.8416816
435.2702282
685.0123872
572.425965
1204.930571
560.0855682
231.4067364
254.8491531
200.3434017
662.73811
894.851224
629.8232441
739.0137058
946.631307
480.3698478
208.254286
201.2579641
1100.589742
864.1273977
748.6690615
818.5989449
200.8106515
207.3471121
725.0281904
525.4277899
292.5679046
414.6185611
398.5034034
520.1960729
779.5288254
493.4328883
734.4719949
753.0947906
220.9798431
1131.619357
218.7251821
189.9519459
187.6826535
215.2697877
205.4670291
1705.561412
738.185204
178.4424244
640.9176085
197.2867647
1075.8422
748.4223167
194.9367786
188.4748371
174.3251936
522.1136749
339.734017
341.8511926
673.06906
222.5208367
571.9118586
621.4786244
373.6862936
1860.120354
511.5551043
711.5117131
721.8908073
578.5932732
1018.746052
216.6526969
204.5387741
214.3936386
218.8183319
215.241991
172.7577577
203.7076424
237.226512
206.6448141
198.8180812
147.9819819
207.1157893
195.3175406
231.8570615
1545.741231
962.7484013
486.1307769
1209.968765
1396.851639
232.5935393
270.8875115
1214.037065
742.6177452
774.5751681
158.7116759
742.0475925
171.0746781
201.6352356
200.8981531
300.39935
418.0551301
1386.565066
1008.206895
215.0521885
258.7482586
568.6912228
1262.721098
581.9530921
317.5772185
423.7474141
198.8098962
198.0794605
189.5885722
189.2157031
256.39317
218.2189938
200.2567984
200.7460462
622.268325
736.0916449
224.9306445
259.4872782
695.1668475
827.3273209
933.3505678
482.0262565
208.6170943
224.8077814
209.400969
1689.522227
520.6647839
701.7302134
582.2979468
386.8563519
337.5489894
276.9248512
1334.671175
496.4341862
2464.686509
241.4904081
212.793574
202.9065687
250.0375491
248.1337946
209.7781186
152.9562836
191.2876178
230.978538
250.6405058
279.7835317
1211.046597
918.3022615
249.9822187
249.4193994
245.5072715
561.4794431
696.7802809
831.9571513
601.0113315
511.8918184
214.5594395
496.9099615
312.6296742
296.4613193
1358.457546
423.1936202
453.3441745
852.3243193
201.3555823
246.8429874
198.5125194
153.2472987
171.0585767
211.743351
203.3487986
249.8890872
255.1117675
227.6035619
265.901854
218.907417
439.9738673
324.833188
195.0056833
201.9022909
199.5410649
200.8540433
1008.341225
239.4044102
376.2215336
231.1485814
290.5390328
435.1106409
228.2602364
198.9798874
184.3737875
1191.638106
243.9668495
313.7804914
191.9406742
198.1312151
1139.857633
440.2283465
358.136776
638.0154658
942.2977173
883.5627355
676.2409349
188.1146609
254.6043181
210.7042799
202.6365522
207.3491351
251.4574892
246.4373092
267.7847437
185.5702123
1017.154991
223.1665108
256.0374467
217.867252
215.3336442
686.7352667
822.9579908
257.915359
207.378212
1102.591537
820.1188642
956.3348109
532.2762858
861.0560929
463.4684794
342.0989514
714.2091082
1589.935952
558.3570006
195.1143163
205.9849544
188.0353419
270.1209811
762.5466051
1239.038528
236.092116
258.6550889
207.8772189
191.7321142
219.1147135
205.8947862
204.4144567
238.9866376
202.2312876
237.3892192
297.6277368
221.1254674
412.2018474
994.7670695
511.0754997
203.2643905
1167.462125
251.5537109
1062.513644
1027.080388
903.9376271
449.6964173
595.2941879
163.3536216
184.7837632
187.0874091
188.2857949
240.7670729
217.4119329
209.8906043
282.7195647
347.5910966
579.6557337
1000.412262
286.6011878
672.41331
1156.040427
199.8429653
193.4971514
233.0748778
233.4813749
226.2792378
206.0627251
215.3787956
203.0879012
178.7704619
212.1158143
202.1212375
157.5113455
178.4211821
219.0779144
222.8434604
236.1569161
1775.26591
214.6033916
193.1562472
514.3540096
404.5095906
374.2782281
328.0513005
662.8430769
566.0323168
221.4107005
204.0172405
379.2478981
541.9915501
430.2535986
636.9871419
773.8485174
538.3786107
240.1369454
638.6958306
519.0054325
808.3951112
240.8097785
205.6318827
205.0810357
503.7660384
220.4331983
203.4428168
181.0558865
283.2322182
180.0386819
175.9734837
204.9326707
189.4728112
202.4049932
185.7285638
219.5703287
212.4075045
152.4543652
303.3080254
516.7554574
157.4125833
982.3573423
314.484302
513.3873788
1225.363854
400.0446697
186.5294339
286.7076488
340.2898022
340.6945899
263.7017967
180.082316
286.4949122
1644.87136
211.1035327
172.5002334
180.0608405
166.5299949
159.2371195
413.9160482
164.5203237
151.8827447
940.3378079
759.1655808
207.8361801
191.1599545
232.1471172
225.3388646
183.9545272
243.2981092
237.5090017
237.2033727
214.783704
213.8713721
460.1603832
605.0957776
204.8313342
570.4726038
461.4964248
966.9418135
685.3196623
470.588363
220.9852619
276.3731843
283.1208007
224.3119519
473.7405206
1102.312878
968.747315
458.4071531
365.5216234
218.4674717
237.0338396
323.4026007
210.5904459
204.8475486
224.5290114
220.8046602
213.2506403
197.3963703
234.035493
224.2840156
218.8098718
217.1898707
221.1382871
1186.350816
218.246846
311.9822438
413.7285621
304.8551079
196.283326
725.1720281
602.7761823
224.1093998
220.9142175
642.5757123
476.8117129
184.3428367
195.0455679
196.0759075
578.0094689
350.1796018
232.6842293
221.0968613
212.6801926
184.9698793
470.233341
467.4322423
1361.088388
669.4133733
650.2271595
1391.777702
1017.058619
1807.217972
194.5610064
193.0430447
199.0826558
238.8455281
205.6254185
232.7365219
209.5171954
216.6320399
154.6488071
251.4656424
194.7616174
443.4797352
184.075058
237.2514361
701.6053663
578.4906254
1102.671914
205.1928046
425.0577164
515.2610658
193.5640132
201.0549866
193.6035617
442.8148328
664.8766132
795.1369609
843.8883201
205.3838653
211.3487386
195.7352132
183.4525006
1256.02399
406.5234642
683.2841245
658.9055102
533.2023621
203.3461572
200.4990732
634.1382237
1359.534226
202.1741429
186.2942458
238.1609638
401.2213132
1833.460216
247.5501921
197.9296283
191.256266
172.6538215
201.5290028
192.9778895
616.5661802
413.4581159
735.167701
821.3656966
189.7174423
337.1397783
229.9564931
541.936143
757.6886489
836.5032476
883.7178388
183.4505127
449.8441948
820.6433341
500.7323858
1139.266422
385.3965959
296.5573371
439.6793132
1009.103254
461.0195035
851.1530509
827.3606724
647.1494055
849.5546203
831.3948526
349.0487758
1117.969856
775.4798983
198.7358791
525.2778038
175.673452
234.2010827
224.0052704
246.9434184
210.4933913
218.6699409
230.5131152
197.350795
2167.055912
573.0787616
182.251676
392.3520906
202.8877081
254.7759239
243.2825646
209.3124553
209.4863829
156.477612
747.8563858
237.4111766
203.343271
527.2097619
185.0396465
215.2179897
941.4033662
300.4826742
416.1086956
488.7649116
593.3740182
536.3720089
671.6917796
643.8871764
662.6660278
854.7653734
596.5918635
205.6054386
719.8254763
660.2702276
438.5890221
414.5053177
173.4083701
572.8879037
1525.799553
183.4758311
193.34485
198.7145666
241.4148175
198.5703337
128.4893599
157.6681382
222.6048247
248.6059856
201.2587161
194.6329049
188.8885948
1149.629207
564.4552227
160.168048
190.532379
172.068823
353.5026872
212.140722
267.6055732
231.5377612
237.4135326
225.8613312
191.8608473
201.4572656
1068.690947
1385.837169
941.7673759
233.2160518
1370.636786
891.3259174
180.7158674
227.8605744
202.6782633
920.4155094
1141.456723
197.6299329
967.115521
314.6965058
186.2390993
203.414254
341.8451535
356.5691085
491.8347809
337.1115742
283.5032782
239.6634759
1657.205917
211.3144662
237.6838908
488.2690444
1161.820519
1302.544118
529.9060799
348.4564861
1301.427186
216.3208035
213.7141276
235.1389325
189.2191001
215.3152359
179.1976593
1530.792703
447.7225125
188.0767336
224.5212032
221.7325992
170.2109089
1752.273482
329.4767524
234.6882839
269.4759667
207.0028552
1894.316839
386.9437392
1097.90049
1152.91958
236.2899916
312.1610854
243.9967068
236.0819901
918.1236585
590.7910341
251.8750484
745.16243
245.745047
799.2458964
563.8419726
665.7370684
193.8994365
201.0947663
361.8201133
284.3484274
229.3406152
426.5385304
231.0528058
479.7520144
248.2156331
225.2820992
228.1654368
348.315641
538.9093998
285.8540744
193.7816591
205.2858227
364.3258198
601.7220168
729.4366334
1006.452266
214.8822429
224.9947389
223.0450233
243.2448349
240.4835289
1929.493994
208.3878282
171.7341078
223.344208
215.3611415
239.915752
231.5733237
208.2001235
190.4652559
683.4034218
308.2929338
522.1473478
962.6716333
214.5710265
207.0792367
1307.793959
268.0178402
268.9332501
298.6516349
326.7685756
188.0621543
211.8870249
219.5616945
738.8786108
740.7048852
977.938422
231.5306026
215.0349793
421.2017415
715.9697843
219.8634127
592.1598109
567.3973411
457.8175068
293.1511865
182.5122504
454.069157
875.5557691
324.7741587
653.0251203
1413.137679
1101.932349
573.4442853
869.6451362
823.2545955
212.5542021
183.7772108
162.7913362
338.4048829
231.553315
382.27343
233.8741568
226.9302731
275.3797677
376.9779276
156.8877251
489.6532648
199.9341634
229.0503872
222.1189689
235.6825139
247.3461302
261.3379031
840.6692783
191.7424067
189.6572953
258.7966447
238.4336336
228.5189034
188.4972317
198.5063899
371.6186144
458.8303981
972.3513276
489.3424286
921.107451
190.2199413
251.0777225
428.4586089
403.5339134
630.7790767
1160.231537
1145.763329
247.7353988
218.8665045
672.5792633
362.3507449
885.7326895
228.9091738
239.670963
237.7649473
929.0238334
788.5491577
961.3267829
830.4898393
640.6365034
170.5874581
195.761541
210.5454569
210.2376775
195.8450517
382.0534776
1162.329412
659.7186204
880.8520821
641.1618901
823.387627
656.9149855
328.4942486
908.3741133
169.914826
171.8001485
190.0826675
355.3602053
204.3786305
423.0172733
1406.750379
203.5026241
193.3819134
203.8279437
226.1474504
246.9155222
385.1706925
229.6880727
210.9407192
202.4914015
193.2474181
249.8885836
176.8563457
2802.998447
412.5247964
188.5484166
187.2624349
186.4429464
221.2980873
226.8713212
222.3533151
217.2890155
934.0168132
187.9588717
437.2107018
1045.461977
940.5129629
220.9556099
1527.101916
205.3087733
868.6617717
642.1349664
719.8157766
428.9570301
338.0248734
522.9689668
514.8573942
405.3426982
409.1931635
448.3127902
420.0072419
1553.300763
1882.668275
335.2213466
334.8137489
366.3763516
452.8323585
900.8502179
298.8419277
236.7852714
242.3465476
588.207612
910.0527745
1431.032172
1183.43718
840.3912249
534.2264872
563.0705336
965.8441094
376.7731141
246.5696917
266.8055135
209.1324957
400.2030504
240.420457
392.6973809
580.6757896
916.8972735
758.7817343
1091.617747
498.9790249
238.7986714
238.5049753
231.9667356
180.2041869
304.797425
408.2967992
190.9878676
269.3782248
1835.994051
212.1206769
574.9878545
191.9893608
545.2830952
222.5047703
715.9095789
215.1642374
243.1821176
506.3903991
249.0963573
232.3081318
205.7618956
706.6690995
241.2267117
262.5975079
285.9238177
1723.070147
239.1685046
255.9768602
564.3563784
436.7167211
766.8319451
462.9315205
232.4897161
888.0363623
814.538479
703.4037355
221.6766577
246.2775183
1037.034343
220.5883563
300.3376976
550.1031919
730.5586102
1030.32281
776.9248789
263.1152431
597.3117636
239.3855237
527.4224831
510.8246751
578.6876571
1078.238899
961.3431613
439.6572624
624.9660486
728.3327845
455.2275182
227.2420024
267.5902383
222.3311461
305.0121846
659.3244243
547.8704145
678.8098558
995.6873818
1886.266633
1325.128103
2173.749786
259.4279008
221.4281
202.0493156
224.5833863
481.5536563
210.8383412
197.5030624
549.2256423
1043.772557
205.3995888
636.1324382
400.2701637
599.2784271
2130.719615
202.4931529
209.80141
659.7388304
724.9769136
482.5794694
201.2838207
939.0977954
625.6605232
1119.239766
553.9930816
799.7190581
1164.467817
365.3934963
939.7665792
721.9778237
265.8936454
1058.455499
656.4458161
1189.584202
1023.24383
661.2861555
442.6692466
752.7119457
1092.920692
1137.247362
1176.293617
561.2153629
697.2947395
180.3544715
829.0904084
286.0050203
791.5236541
872.0575749
1323.510108
215.3600216
1275.585865
288.6966741
627.4370393
1007.902496
663.7635742
154.4750732
174.0223653
196.7902178
199.8244437
541.1903257
889.3451323
1551.045376
600.5030397
220.1138897
352.2174066
380.9639341
1387.904325
271.8067378
369.2586015
1500.118336
1797.183252
308.1064578
342.075981
352.9531857
399.3032839
723.8466277
704.445766
800.0432651
1320.44406
1034.351256
411.112574
715.8270098
855.9134773
634.6544897
1142.956904
1513.789495
415.1859946
786.1705403
1037.308451
775.0702559
742.830639
240.4431836
638.6861678
746.9628444
897.447756
572.416355
561.015525
470.6691966
261.8787502
267.4154736
264.6425935
374.4556593
338.5496148
933.4101362
852.4235494
634.395155
792.1755109
435.2077748
703.1326374
3344.449085
550.9208854
245.4836996
587.9750652
686.4415984
702.3050391
181.5319385
195.4301931
502.0881349
219.8952741
413.8493431
694.4497282
620.8366964
590.512881
346.2318718
471.659
844.053446
257.640072
280.0920778
224.1475127
528.1341425
607.5914809
1595.51659
909.5052863
476.2831676
542.8417087
231.0646156
218.7644232
844.2959612
694.3392381
720.0775966
916.2383857
857.8696448
454.2128546
1075.506907
450.7694414
576.3709317
760.9804618
1118.336394
885.2577086
1038.126047
888.7893105
523.5672952
928.4855029
213.6241931
1796.050401
524.0738675
439.4036908
385.7962285
385.4975009
774.126104
776.9297754
825.0563383
919.8031933
1591.005578
184.4476068
213.5614715
1410.111636
882.1544771
216.2312593
857.7748889
766.3750291
801.4477512
340.5603838
336.2117979
1136.19564
1120.278285
376.0689284
927.3628458
229.1735206
268.4611465
243.3157411
650.6179277
722.6218512
835.6488521
805.7066527
347.4648512
303.9017706
401.0477501
781.2798119
928.5703811
270.6837375
457.056301
166.49964
844.3195426
436.5288252
186.3880413
191.5726901
337.3593614
616.0181144
320.2615125
389.8797078
513.5480252
441.984455
476.1425553
464.4970151
680.301238
1992.11921
253.5405578
325.4391055
595.9991372
485.7078898
353.8019454
422.9364629
679.4255409
219.1859033
263.212229
855.8308921
864.7318185
228.4217577
307.9167346
585.6384124
196.3421569
185.6852584
190.7881986
276.7996372
862.0355985
564.1261098
247.8714374
372.1063839
676.0169194
541.5009019
336.8610617
1422.090044
748.1085177
219.8239712
229.9870897
422.1595269
489.4170747
1197.575207
741.789921
188.8356466
207.0404761
665.8369936
247.8009876
4616.438565
218.9153929
209.1686738
1040.680378
219.1270888
181.1396982
186.9188366
210.9657759
213.1778225
242.8029913
219.0806006
218.0960756
213.407297
243.8093022
211.503568
233.1692759
186.5298571
181.6861514
252.870192
4197.098817
199.0908626
246.9476198
186.2923241
218.2863477
204.5643148
185.6693712
230.5305562
248.9487554
261.8164273
3059.801353
205.7457236
253.1328645
198.7661389
2257.246886
201.7271081
177.7612653
218.8409241
232.6474936
318.6870219
1955.687834
208.2975514
231.3538909
224.1443746
383.3436569
216.9390243
224.2626755
859.7936319
674.7403388
489.0107137
218.7149972
604.6742078
931.9451855
159.1140052
184.315731
1295.408792
213.5156969
847.138774
781.1611332
165.5041635
154.5261479
550.6994391
268.0308878
780.2318974
318.0411212
170.0504553
248.7166493
399.1081009
378.7919372
209.1423781
267.9170477
275.2357846
817.8180931
349.3940367
741.341053
341.5148363
740.9928758
410.4869854
887.0966449
644.3644756
837.8953282
207.7433857
559.9669726
1106.31329
3656.510396
1662.753467
3475.151385
3205.963815
4578.911753
6492.405056
3585.467184
3556.214834
4487.323306
2702.125696
4816.850584
4010.614151
3247.115363
4508.862596
4024.279156
3936.197368
4060.113042
3989.859833
3343.777868
3457.35005
4246.689848
4897.7065
4312.537463
4277.746491
2707.149531
3621.69062
4381.621837
5349.18876
4617.870037
2924.436628
3693.460146
3691.349744
2382.698328
5327.831927
4842.709964
2728.651616
4791.292953
4341.838175
4012.107964
3455.180023
3560.111922
4311.846574
296.3448535
578.5048349
220.5942252
650.6106396
180.2679954
271.3177387
220.8051977
232.4011954
518.7363411
209.4381998
747.8806946
253.5144654
384.7596172
234.6424373
260.5487909
838.0558795
530.9851197
513.5504977
621.0733476
1012.289323
202.9824634
421.6066666
983.7213952
1442.916901
364.0993007
617.1744214
1186.796303
205.4365732
225.8565544
704.9134571
769.8588123
1156.000838
307.298285
912.8852876
377.1729303
230.93095
1077.201716
609.5662746
498.8182398
716.683884
625.2471639
540.1085441
235.5274953
1096.803679
798.0732153
753.797713
718.8609051
600.2541115
1102.302109
1152.67946
1383.704022
1383.540491
253.7287541
1776.485174
270.3520095
570.8647496
565.992037
204.0543197
2241.135533
6461.51037
2769.580783
1741.722198
4964.631581
4544.540832
4183.426955
3977.974899
1549.108641
2850.243411
2594.200899
2535.409971
4405.219973
4265.606139
4791.380897
3465.38321
3599.193293
1295.286591
2673.237433
5448.118945
3493.518681
5266.942853
3639.791879
4393.452371
4551.511905
4186.660774
3881.050246
1486.825865
5308.052993
5070.098626
4125.136365
4160.844696
4634.88629
5133.013481
4316.214124
4032.464094
3775.292065
4110.407248
4484.721556
3065.340389
4638.211146
4207.233386
4244.864774
4237.257515
4377.723357
4114.212933
3315.943275
3743.778122
4196.408271
4953.905785
1986.392884
4646.034709
4724.690072
4728.615146
4184.384315
4673.64949
4273.407959
4645.793316
4244.166682
3833.727335
1168.216376
536.8630362
5384.392061
1693.77925
3338.143946
4293.696862
4046.277442
4446.775033
4005.622723
4518.935345
4649.622089
4126.979256
2748.720985
3362.763059
4400.884211
3797.806161
1641.302965
3517.212671
2184.123291
2221.948704
4417.736018
4146.122897
3929.452361
4493.802979
4921.426908
3903.352954
4825.278303
3974.951222
3690.170582
3832.101072
762.5167893
4798.907025
3923.978574
3978.139972
4248.967977
3915.353753
4250.985612
4379.861604
3805.645668
3790.040813
3188.73977
4923.109663
1243.910273
4059.686263
3238.087095
3288.019566
2769.561157
3370.351692
3702.654656
3802.705252
5649.427982
4555.934452
2224.402351
4117.06675
3401.834908
4756.25858
3569.620026
2098.464646
1722.773323
4053.149439
1313.459298
809.7133261
6181.769892
3832.325704
1955.132696
2877.346035
4542.719373
439.9014558
4740.168545
2466.490458
5475.584647
3641.943927
3764.151092
2545.015705
2105.387815
4934.685653
3660.559828
3815.499459
2606.391846
3756.606442
4175.772642
3414.011133
483.4146076
2590.267018
2657.718819
4242.229632
3618.531728
3883.088984
3489.544149
4721.984957
2201.251409
3688.639022
4013.209548
4267.493465
4251.9317
3486.268107
3020.206746
4617.241434
992.0618084
4668.090012
4055.181358
4175.614604
1843.638706
1807.259619
3873.202293
3140.657408
3895.746826
3575.21935
3938.636748
4295.354799
2586.130544
1949.324965
2194.866518
4052.003647
2720.025316
4783.633205
4181.149223
4350.517614
3297.504264
2953.406132
1257.794486
2187.993765
3084.541326
3648.718978
4064.942152
4489.214112
3866.393258
3409.688984
4208.318067
3212.079759
4419.606083
4371.789077
3695.153227
3717.138638
2010.502374
2762.491983
1630.540226
3604.860514
2383.633014
4214.607954
3648.180344
3927.056184
2224.32584
3051.423755
3612.176491
3323.840512
3345.049946
4544.211941
5289.685479
3026.467028
3212.255629
3348.302303
907.2566003
4026.257725
3181.438891
1887.919815
3779.985277
2020.999499
3215.622923
582.9501662
2365.028393
750.4587953
1418.640739
1320.516273
847.0752529
937.1152076
4653.535945
3319.817066
2736.754265
421.4050532
4025.88225
2558.269569
2210.346239
1320.652466
4099.659795
3518.117081
3405.86202
2172.886326
4089.35122
3135.141634
1497.094163
1460.726173
1971.108306
3485.031749
2958.911432
1088.718722
2450.693964
2550.642561
2927.900961
4058.044158
3637.319218
4125.632713
3045.784935
3417.691741
3512.259155
3978.400777
3895.838743
3316.980882
3078.492889
1517.809081
1902.476523
3828.014209
3692.884005
3133.48855
3172.453913
1082.45616
5676.487358
3594.074422
1787.449276
2997.01638
2835.914354
5675.031967
3284.033032
3477.000607
4088.922293
4255.30421
4277.096615
3365.692574
3948.838878
3130.016079
3434.084946
1576.091534
2883.398599
1883.943194
1213.674922
3154.14141
3564.646709
3445.593328
3007.825379
4168.568919
3670.556815
2450.811978
2664.627891
3281.589647
734.5198752
1109.400242
4788.946176
1150.333523
205.6685465
235.0268564
1136.148049
1654.459435
4038.640911
1521.646962
2392.579757
1671.739726
5002.791738
1752.093775
1361.981879
2816.423835
2097.137444
3407.31978
3431.76596
1554.911381
1537.582878
3822.522611
3417.279196
1929.199117
3570.949055
3814.61209
3369.943938
4729.398504
3654.652342
3565.192663
2212.442158
2554.009011
2255.79938
3954.00679
3319.34681
3617.19574
3091.565767
2708.890982
1117.093449
2567.193246
3207.273632
3064.240678
4007.103536
3817.285864
3440.781213
1661.439738
1373.635
3255.005243
2510.483818
3410.167639
3221.699347
2175.250082
3741.118029
4114.122612
4037.070016
3693.79566
2419.506422
3111.994866
2895.129958
222.120478
1655.342257
4600.839762
1995.063031
775.4515138
2306.216007
1372.202793
1768.817105
3078.589382
574.5170047
1223.58827
4298.556774
2231.521209
185.4969475
1259.084405
241.615677
3353.531239
3373.874743
790.7364316
589.4196247
211.6833731
185.1383839
2168.598653
3730.026044
3681.37351
2128.693569
5646.83433
2432.120651
3674.939016
3153.653075
3383.378395
1396.304236
977.4522713
3583.0934
3420.176034
3379.463197
305.0717904
1675.527787
2088.103155
3111.563888
3183.693469
3346.53712
2699.700336
2626.383316
3252.174067
3739.731904
2391.171493
2168.460795
2335.353044
2822.307479
3976.312027
2927.523496
1842.230928
2323.364803
1770.633121
1727.007593
3068.583873
2621.348112
2545.947475
4075.603658
5721.797712
3858.493837
2602.120112
1865.234855
3311.838039
1630.538487
1196.166004
2313.426021
2217.014787
294.4566633
497.2390559
244.3029957
2095.227579
3022.195332
3609.300879
1202.002576
661.3706585
201.8162422
1041.22574
1788.564715
2301.627139
921.9814776
4053.379976
2388.728088
188.6999363
1030.878083
189.7164617
303.2763045
1496.220764
924.0048609
193.5231363
1387.321349
206.7853298
3472.251538
4153.739244
1124.583774
2354.301794
2420.511887
1017.050447
1242.01651
3808.251975
3373.618434
2410.33574
2721.592572
732.7110833
305.1991725
1494.292032
2229.105768
3512.329904
3737.939801
2548.262135
2998.76541
1407.944476
2518.250614
3054.468691
2602.944892
2418.197554
2349.485614
2223.210722
3868.947971
1594.373417
2652.866381
2215.775331
718.6250165
195.865493
196.4960237
2277.833482
959.917021
1254.491938
6806.13076
1322.781878
1075.533317
2091.218472
263.270887
1279.835833
647.6929983
562.728797
3796.350222
744.1385365
3116.149736
1383.684152
202.3108535
2038.795591
443.0650135
3039.53282
630.3693566
1102.47741
3226.578418
229.1612559
288.705829
1391.338086
3189.635315
548.9626732
436.2603352
1196.229396
2639.072411
2194.780268
3339.341196
2482.275436
1940.891165
1555.73014
3632.10342
2654.57465
1354.573128
1241.403587
3020.557017
2833.757622
3082.192637
1514.499996
3586.573589
204.6831986
930.2032791
227.6338164
245.1348345
223.217599
194.7235174
262.6102937
3355.970937
1869.024498
536.9730967
220.5631949
3514.412369
230.6880772
282.7900156
761.6612497
6071.865243
2331.460758
1411.215429
4898.255315
2690.249563
1476.841863
3986.488485
1463.345979
909.6783728
479.0947756
218.9157678
900.711892
2520.00622
628.4220586
783.9928022
742.1408686
1618.318398
455.0632441
212.9913521
215.7268673
1280.28808
216.260782
3819.884774
2875.347855
925.0730189
2850.070751
2774.750029
3490.848145
929.6035066
3607.581079
3216.115449
1248.266435
2984.789123
2683.73887
1704.154165
2052.884046
3301.371648
3462.593022
3331.524324
2812.069203
1862.341759
1847.595118
233.2803739
6848.793839
188.4003001
1448.483594
2598.941429
232.1308191
1787.466793
518.1848614
3182.15888
1278.265968
216.2710643
206.5906792
490.1979519
3108.670941
706.8142385
582.2390283
235.7286129
1337.046157
4025.870015
211.1923696
234.0022459
349.788861
173.0569302
653.6260892
3306.975717
1593.672034
247.3170835
1387.783312
1556.812074
1624.054443
1813.306477
2535.793549
1385.029865
1016.976045
1582.480492
1982.004563
1603.867233
1477.651986
1811.79769
2697.068071
1232.312774
203.1242687
201.1398939
185.8092427
285.6368523
202.4463465
616.6535516
251.0280687
1339.541529
187.7116762
657.6628761
2840.635264
237.380115
1283.38008
232.5295146
195.0618473
1144.477791
226.3390276
2480.56172
211.6749956
242.6436592
284.0656371
2668.490039
1224.132208
2674.527688
3269.713561
2553.170166
208.4352741
1618.028375
1941.143943
2505.447534
1287.552343
3677.189115
2569.381144
1193.620986
1376.338317
2254.976324
2440.786991
213.0634528
222.6721248
2891.760837
222.5147883
241.5945774
241.4663038
194.8448685
207.8030896
176.7158203
3024.631298
414.2685827
190.7361844
1567.763966
1343.219841
3172.368291
202.9203543
203.4749544
216.2381939
1813.649879
1774.819361
354.2373983
613.4794566
1975.90704
716.0955494
1969.048105
774.3785429
235.5792338
205.9501816
1340.302162
3927.170077
204.5571908
235.3595507
2521.600049
218.8166808
2905.953941
188.2875046
224.0068984
204.433367
4813.008739
128.668872
2636.127642
231.2049727
255.6782562
517.2098035
509.5533339
263.2889758
972.6828054
1429.131837
1768.655818
216.1713358
815.6246398
1754.601823
185.7599722
2199.745867
3645.760231
859.3543868
2252.758545
1453.040637
298.6178157
312.5203074
952.0683666
1374.343471
1402.2963
1554.462303
3442.376803
757.2983608
2230.532689
196.3395993
815.2384109
2860.667769
229.8952192
2361.331265
219.1618147
598.0955578
1859.192803
193.5824904
1250.716721
254.1627233
184.3573845
2366.234248
1641.606371
189.1602419
1095.302745
234.4654873
162.2044855
162.9907979
410.0218009
1980.942982
477.4623217
203.7712521
1736.109016
2899.630929
321.0465127
1486.93749
852.796502
196.7540115
491.1743336
856.1565982
346.004082
886.2034851
3029.299724
2019.450028
1769.548117
245.0618453
961.6278704
1134.851772
2025.929064
2516.501346
1164.102536
1687.375053
222.5591637
222.3208835
228.8030293
199.1796724
1948.907968
205.6353873
253.5393285
206.4438626
242.0128228
201.5252072
182.1222194
249.4097776
1508.847533
895.690462
1905.29727
1684.283394
1503.691454
2369.742664
1382.159725
544.4166667
1918.903738
1916.881706
1139.710143
476.9334447
1455.225844
1143.48078
236.9898197
1197.97452
1040.710286
213.0651129
1808.507747
211.2558222
224.3699942
179.4504631
225.6217988
190.5161389
192.3163645
180.3280087
725.3419637
185.3067433
244.1050348
235.3272123
248.3678311
241.300882
186.5765901
249.1056063
207.7869364
233.8709153
1519.669582
745.3018978
1370.408822
479.6487649
363.911372
706.1866479
967.5051122
2704.61388
2180.69206
6144.506366
225.4533824
1433.58684
247.1033013
192.3092252
5716.037198
215.2947464
4071.288719
3639.036952
1447.277809
195.3213385
242.994273
1273.364977
309.292708
2320.901892
254.7706159
1070.581806
613.093708
2183.198652
1310.295975
187.8226395
204.9679473
2338.508886
913.3016524
502.6381442
1261.218794
2470.240699
1688.398619
225.9104703
198.0045133
1445.084885
208.6236367
209.2136401
187.2428609
240.7674555
171.0485821
251.9601241
194.2507774
208.9941052
203.9913395
217.6356869
1191.324062
248.1921738
199.6722228
1156.776233
221.3182777
747.616613
201.6647646
179.7986247
201.8707634
222.1529926
272.0805463
186.5837504
555.1352326
243.0452659
2018.023537
1754.932177
1484.830111
549.9050369
789.8104295
685.2641463
532.3118893
354.0479327
538.4615509
686.0080028
1592.726397
183.8893179
2172.447231
3913.585485
7702.860255
179.7150788
1648.741511
206.7204995
196.681626
1525.479862
666.3489496
1974.606636
213.3426968
337.4868367
195.012436
206.7027961
235.9357048
1919.579464
226.7394413
193.6368453
202.7228477
229.5586594
231.116013
231.2333893
875.8733845
261.098626
168.2254091
260.3835714
2172.332783
1264.655771
258.7110683
3228.730159
194.1149499
193.3199307
220.9224226
572.9112414
219.683423
896.1564115
229.1576318
1235.062713
210.0161211
245.0665168
3989.691287
213.269687
243.5074475
161.2337244
1217.242359
214.3060417
230.2163521
267.1378476
183.2771229
194.3457961
257.9604302
2721.467171
164.6331624
209.1964744
288.9690368
2205.119606
344.5617369
1353.404038
605.7673752
923.2521232
1008.282251
1064.455444
493.8554668
2340.026495
222.5580435
184.5231138
253.7516757
213.9550519
210.6082663
211.9091231
200.2854544
168.9620693
222.441887
212.7063815
199.6531438
209.73463
1900.094296
1641.438273
221.3917839
187.7676351
217.2365515
174.1875323
157.5215715
172.7443399
271.1226822
209.6898524
241.8110332
674.5512167
615.8775021
752.2933108
549.4225166
204.3772441
1245.126798
302.7021687
185.2959041
190.7367229
216.1161028
2564.407685
202.353942
189.8002854
248.9657898
162.5019638
2072.289326
199.4822694
226.9147603
247.0987226
217.3859987
252.5516564
211.1198482
236.8101158
216.201067
219.8268033
214.2290265
209.8847522
203.646822
255.9195969
171.0231227
237.9363977
182.3350875
211.3555758
278.1687119
422.0674957
282.160797
1165.712032
1787.776015
1391.818278
212.2815378
160.6175694
856.8661068
1034.638976
216.0649125
178.4469869
194.37737
211.4291954
215.9747956
222.3542735
202.797862
226.2428539
228.6176126
216.611223
223.737387
217.7295365
442.0332389
1042.738019
209.5569993
234.2158489
205.0684126
218.1283715
248.9623603
215.3917064
177.408196
232.8116849
410.5680071
293.6317262
1902.809091
441.37748
908.7270171
172.9788021
220.5119501
233.4977577
208.1425921
171.975133
162.1490861
222.2827779
212.8443271
188.1515228
234.7513501
1011.993745
458.8195931
235.2787767
420.6535852
189.1028041
261.4229034
235.6223396
688.4033276
206.5743671
180.4607792
169.0711495
1321.940845
637.2175358
193.5974902
244.1393981
218.0173511
189.3703826
227.4915447
197.3871042
232.4137597
3269.8395
1404.248319
221.757816
208.7625046
265.3819576
278.2947697
5974.033021
218.307647
202.3479941
2590.16705
2166.151546
226.1238654
162.6620523
165.2788075
2527.18106
165.3945757
165.5260716
218.2248405
1136.109899
189.5523977
212.8523851
203.8740307
210.6877923
186.5053279
249.3247522
180.9492344
233.5037959
231.1677913
217.2677615
204.6002582
216.2444898
220.1642948
195.0372524
194.1558147
343.1404047
184.4863535
198.9987763
246.2387737
217.624203
2018.177137
836.3317637
198.2381883
283.670079
184.1900541
214.5732959
218.1808964
221.6929298
188.685915
196.6690286
204.4984553
171.1245785
786.6549053
553.9081759
2130.978466
980.0664229
163.5681084
216.336103
185.4261467
189.3185349
198.0714709
171.6893282
183.5289345
188.3806385
760.007231
227.9349957
206.1134755
1461.021091
1084.893205
1115.304342
229.480655
207.5371498
236.5799733
201.0989655
221.538874
186.0903383
205.0399747
248.4488186
1103.963237
195.9259841
251.430853
227.9137222
209.8762299
4042.296388
1313.672344
229.4002849
195.0524582
221.3822993
223.1634106
177.698574
230.1740907
230.9559546
224.4287996
184.9830455
205.8641765
2568.063172
191.8850304
262.0853723
193.7971651
212.1961869
415.9693993
1158.219732
253.3209697
210.1246512
247.3138961
180.9971474
175.9555467
4956.917163
239.7189611
234.7463211
1879.129566
1968.748229
245.663476
206.2679119
188.2703806
225.0672465
155.137172
212.3342939
191.1370381
201.0903831
194.7296479
1370.494958
224.3561241
262.3638419
209.3770566
244.3073247
1068.725564
211.4988712
217.594004
198.1917994
500.7308703
188.7640815
204.7152694
257.4885348
249.233029
198.8198147
180.4315598
199.4544206
204.9838418
205.6153638
193.7047352
204.3253875
228.4526277
222.3038215
171.3894628
1676.911724
257.8559043
4552.981886
221.4661948
219.0612316
255.8255159
271.5031511
264.3322065
220.1813577
179.0967713
233.9082926
230.1498314
233.1653077
165.5113471
208.3782889
226.8335792
220.7406405
197.7277161
367.415827
659.8786091
231.903141
213.8373117
1975.496944
883.2326725
411.1005112
204.4534693
2445.846742
2866.007371
187.8807198
229.9143734
1294.952759
212.0905387
221.7035488
219.3856444
230.7326482
194.7774427
215.9994561
195.8541366
249.9854122
254.3417537
974.621741
169.6420209
2186.01605
188.0566273
179.4412359
213.9904004
215.0823057
209.4743227
214.3134051
2352.422441
183.5621702
1015.14461
1923.794299
277.4382565
181.3347785
181.293303
215.8127105
225.2957724
207.5457207
193.7726495
347.8309289
202.5627845
198.0399311
222.3355817
293.8692166
192.7260144
533.5063693
236.6951993
200.2813348
1734.834413
234.7707151
211.4790542
201.4496005
200.5773117
245.4680013
210.6810302
260.4092035
254.2366941
535.0960538
249.4491187
202.52541
187.8007318
197.2896151
211.0762098
213.3589561
193.0107448
281.113555
676.0335069
168.5053462
198.965024
256.0699411
167.2952757
216.2701384
177.9715973
223.6021111
191.2213546
235.5987184
270.6742754
207.3167457
175.0507705
228.8481265
267.7598667
1578.663797
172.4337797
193.1098276
178.0309019
175.5102057
197.2851663
254.9451907
203.2237916
238.026758
246.9725219
169.4690583
226.7511321
231.538028
178.0718068
725.5493032
204.9197004
188.3594415
191.9969433
245.5678919
204.6980666
225.4394948
249.5965512
263.8924991
2420.697258
260.2669221
181.6790737
201.6005593
199.8516808
163.8470972
1321.629073
350.8172584
212.2747277
192.8704903
254.9230629
256.0668812
230.999081
195.5494073
228.4989007
182.3039715
1513.565025
151.6230319
208.1406982
175.6652236
230.0209976
206.3294569
3518.67627
235.0332975
216.5044932
230.598827
236.7301802
212.1148873
173.8246745
226.1528569
184.7360361
199.4949862
190.8771548
226.5294401
2187.631443
215.2880102
227.4250906
232.8593253
198.0866117
233.0235427
242.5982778
248.4306121
198.1755767
1388.425424
190.9501398
253.0491206
250.0990859
169.0738824
250.3315733
208.3888386
264.2337219
239.3368412
215.3513599
260.6675354
176.2096592
206.8483476
229.7234207
2731.038335
189.5035594
218.1973153
202.8033865
235.3504184
1918.428743
240.0841924
209.0290546
193.5797827
213.0783204
1321.516234
2598.84246
224.0031677
226.2933874
234.819288
188.6087482
211.3556731
247.2143397
213.1904886
2374.406871
469.4854446
229.0945529
196.9770816
226.8682427
190.1179212
173.1204904
243.5967356
194.479415
214.6711525
266.9103356
207.5941255
239.4319602
249.8828559
203.1666218
214.1278599
206.9736183
248.3778019
232.1776649
198.1630171
179.619559
217.5690935
230.1732636
200.7258414
207.5508744
211.2581865
196.1755594
212.6852079
200.3784117
4770.294546
233.1775832
209.9897264
186.2131172
229.4083194
192.4943182
236.6821029
191.019514
220.6950639
273.846502
213.7882283
227.2479347
272.40673
248.0269527
199.8986725
229.4533554
194.1800384
236.3808554
215.1060324
213.4813162
226.9178729
207.4833974
226.1360697
190.5679387
246.0423329
210.0198839
266.8425504
193.5015967
186.0138756
210.9297823
168.550977
223.2655966
178.8270208
194.3539555
223.5766385
196.7293879
182.5021067
249.5480091
213.7822881
240.2526534
257.2681792
171.5514793
225.104719
174.4872434
226.6673058
214.9284633
211.835101
254.1143472
206.8008955
197.2731364
889.6854615
1626.590753
232.4298062
213.6208902
213.5842554
190.450766
228.5925325
182.7626152
239.6945946
251.1918321
216.9671941
1209.681256
2042.833627
216.437712
201.9550296
166.0539007
251.5914805
200.1483428
217.8423764
229.884593
559.4167133
250.1953011
193.6907443
183.7509585
216.4399585
224.5177546
200.3814802
219.5416646
211.4250715
228.5384448
226.9881163
575.0748871
165.577281
775.7329881
188.0193436
753.5022426
254.7860987
223.7852194
254.1547993
205.3650967
203.8197174
201.572684
208.7163597
202.2965135
245.5819875
182.9878387
1151.969805
380.5569002
212.8424631
971.0325848
2760.91817
214.1934178
173.0748129
189.8634313
217.3790055
194.7876481
1899.28675
203.1490986
176.6298207
229.6044038
200.438859
235.7333572
243.0222194
213.2026031
752.9141428
208.8942945
215.3933201
206.5607782
490.2878803
205.0229853
170.3577655
195.6435965
1468.890346
507.3803093
215.9880327
180.5899738
237.2614531
166.0605821
174.1017025
2164.324329
403.9750486
785.6985474
240.9549766
876.5806576
202.7530084
199.8835957
228.184736
214.0422996
152.9764082
198.7962556
233.1028112
219.3626202
234.1476879
200.9618016
485.9156809
222.7353284
245.8366426
202.1898395
254.5401274
234.5718122
185.8932175
1444.512649
1389.757114
1991.675702
244.3061123
181.7422588
171.3998542
1604.877453
1093.876669
208.2788406
211.0206825
206.345205
246.2260512
212.2433647
223.5283125
210.6910879
239.951071
429.1175689
209.7443864
237.7630391
1809.651662
227.5661399
200.2951854
204.3777814
201.9411478
197.9118379
549.5478366
2340.862048
223.1837483
224.2018078
212.3828812
253.0785156
194.3976013
197.7944506
176.0775114
210.2737492
1098.678415
220.2871428
227.0522757
265.6829125
256.1023151
221.2275774
243.0226784
227.731294
735.770411
244.2715441
202.6306092
263.5011455
193.6859723
225.6653669
223.2561512
1461.815319
176.463528
563.8764149
266.9512491
225.4739046
195.1669344
197.5356027
195.3495835
201.2723859
262.5066764
171.3870762
215.851578
653.4830233
214.1944063
222.7896373
168.5752668
267.7603483
173.9908365
164.3120786
211.1577399
239.5719924
617.4046733
175.8072253
244.911674
191.5182093
210.034915
236.3956579
173.2467027
264.5622181
190.8311237
172.280023
367.3495208
513.5341394
186.8087871
863.3657691
209.0550065
191.563611
194.3165747
250.5310433
898.5280485
925.0995116
163.6514969
222.410564
233.3988935
221.3879011
)
;
    }
}


// ************************************************************************* //
