/*--------------------------------*- C++ -*----------------------------------*\
| =========                 |                                                 |
| \\      /  F ield         | OpenFOAM: The Open Source CFD Toolbox           |
|  \\    /   O peration     | Version:  v1706                                 |
|   \\  /    A nd           | Web:      www.OpenFOAM.com                      |
|    \\/     M anipulation  |                                                 |
\*---------------------------------------------------------------------------*/
FoamFile
{
    version     2.0;
    format      ascii;
    class       volScalarField;
    location    "0.4536";
    object      vibrationalT_N2;
}
// * * * * * * * * * * * * * * * * * * * * * * * * * * * * * * * * * * * * * //

dimensions      [0 0 0 1 0 0 0];


internalField   nonuniform List<scalar> 
60268
(
0
0
0
622.1994792
0
0
0
606.3885415
533.4731778
0
787.2110226
0
0
645.4743698
605.4902011
0
0
0
0
0
0
0
0
935.3137391
1104.366892
0
0
0
0
0
0
0
0
0
781.1805846
728.0141261
0
0
1269.055138
0
0
875.0142068
760.128378
0
0
0
0
539.6961862
0
0
0
0
0
0
574.6217259
573.5201658
0
0
0
660.5050668
556.9255959
602.4532844
0
515.5900747
622.7447163
781.2867298
961.6846368
1237.908975
1150.74194
847.6221628
578.9066513
447.8391642
0
0
0
0
0
0
0
710.225424
1181.38422
0
0
0
708.8271945
950.8369285
0
0
0
0
0
0
0
0
0
0
0
0
0
0
710.9860844
0
0
0
0
746.100379
0
0
0
892.8831698
1046.427532
1111.26766
1280.022395
0
0
0
0
0
0
0
690.8295998
749.5398681
599.5476356
597.8694491
1265.318243
1276.023529
1142.001899
1073.965985
1055.258467
771.4074276
0
0
0
0
0
0
0
0
648.7634741
747.9161443
894.3680215
810.5541638
469.8940041
623.3451494
603.9761983
517.8376573
0
0
0
0
0
0
0
0
0
0
0
0
0
0
0
491.1271212
570.4868269
0
0
0
707.688649
700.3951959
0
0
908.4151623
507.6902166
681.7401868
0
0
0
595.0287349
711.7522707
592.2883099
0
683.6521298
581.0956049
449.7006702
583.4549764
648.6291125
875.5508486
745.8005291
0
0
0
0
0
0
0
0
0
625.1945565
532.5169522
0
632.8747659
487.3002973
0
0
0
0
618.6092671
562.4773862
0
0
0
0
0
0
0
0
0
0
0
0
0
0
0
0
0
0
0
0
600.3614
523.890843
0
0
0
0
0
0
0
0
0
0
467.5878624
702.1036982
0
616.7273951
0
508.0410822
562.8100163
0
0
0
0
0
0
608.0993639
558.6966648
0
0
595.1501126
0
0
0
0
0
0
0
777.6043103
1342.532733
0
0
893.5100992
882.8483912
858.8398014
840.6998496
965.4468866
0
0
0
0
0
0
540.8789598
576.8759095
0
651.3748269
0
0
0
0
0
0
585.4348648
791.1077321
935.7216327
611.8646561
504.6235607
778.2775445
1120.67731
0
0
0
0
0
508.5459761
579.1521677
614.4015949
574.8440473
0
488.2145804
0
0
0
0
0
0
713.3015046
713.8603376
475.8458862
0
1353.880499
1351.730134
0
0
0
0
0
0
454.4240806
622.7618122
613.5684292
599.4485667
0
0
0
0
0
0
0
0
470.4491061
893.8734861
1276.260436
1209.926968
556.136923
547.6974365
0
0
0
517.2679059
603.4055367
582.3378186
815.0816948
824.9711691
708.2443209
544.1410029
0
0
0
464.2467293
596.3744277
0
0
0
0
0
0
0
538.3701153
588.2302724
460.0714176
0
679.0881508
839.312382
755.024119
574.3447724
0
0
842.9911387
0
0
0
1186.814217
555.427688
0
0
0
686.3011979
920.9498375
0
0
645.1701399
747.8780214
835.0744359
789.0479612
695.2278983
0
622.1768377
584.2181262
599.5219391
558.9189398
661.4504081
0
0
0
0
0
0
625.6135498
0
0
761.7055132
0
468.8015402
553.0014792
0
602.0543331
600.4783412
0
0
598.7912798
0
580.0926193
536.2712411
0
0
0
0
0
0
0
517.9759869
0
0
598.7040557
0
0
464.8792752
594.184368
581.1966509
476.9554527
0
0
0
0
0
0
0
0
0
0
0
0
0
0
0
0
0
0
0
525.5239011
584.71609
613.5301792
484.6459805
0
0
0
0
0
0
0
664.2137043
0
0
0
0
0
0
0
0
0
0
598.2477142
0
0
0
0
0
0
0
0
0
0
0
0
0
894.8772168
0
0
0
0
0
737.1794835
0
0
0
0
0
0
0
0
0
0
0
0
0
0
0
0
0
0
0
0
0
0
0
0
0
0
0
732.3444861
0
461.2833448
588.9665201
0
0
0
0
0
0
0
544.021689
636.9178257
0
0
0
0
0
0
0
0
0
0
0
0
0
598.1529765
753.798115
1214.588493
0
0
0
0
0
988.2304386
848.5189792
0
0
530.2113294
0
503.2181189
622.0395024
669.6862388
683.6066374
735.8440701
0
0
0
0
589.8969381
0
0
564.5372939
0
467.5399127
611.04448
612.3909192
766.3878892
0
542.6064276
624.7713747
1164.796155
0
0
0
0
704.38951
646.7124724
652.5448832
641.6752502
671.3153164
698.5299136
0
0
0
533.3971651
0
0
808.6823899
789.3737048
625.2605756
757.0359739
718.4397808
623.2591103
548.2666313
741.3610146
1199.654266
0
0
538.2608163
632.7819903
0
0
577.8552898
611.288603
0
0
0
0
0
0
0
0
0
0
0
716.3546967
0
681.474059
1001.100043
0
0
621.2441681
455.0160075
0
0
611.5654531
586.06339
0
0
614.9407779
625.7905903
627.1978512
678.3741135
0
0
0
0
0
487.3700868
667.1813201
0
0
0
690.4894669
820.0202953
0
0
0
580.5122269
0
0
0
608.7045781
589.9820861
0
536.0070017
887.4849505
956.4319347
705.0940344
0
0
0
0
0
0
1199.613469
0
0
589.3880325
782.5318611
886.811047
794.7984668
0
504.0572907
649.1484711
584.3355297
538.0427669
500.3295034
580.9946957
688.3500378
629.6657787
599.7148679
585.4188174
694.2956681
648.2688969
0
0
0
0
0
0
0
0
549.6137665
464.3366063
0
513.3498033
685.981821
617.285878
971.1462201
779.407858
0
585.226514
0
530.2113294
607.9156229
652.0495529
637.5250314
681.8992739
675.6900591
0
0
0
1193.094357
1345.519784
1443.962944
1076.548008
0
0
0
0
0
550.1341151
546.9459385
0
462.7866026
588.6979697
0
0
0
0
458.1684336
602.7337492
623.6613807
0
0
0
0
0
0
0
0
0
0
558.6042594
0
0
0
0
0
0
0
0
0
0
0
0
566.4438797
671.7893686
0
0
0
0
0
0
0
0
468.3612751
553.5485159
0
0
0
0
0
0
0
501.2167105
590.323629
582.0611159
516.3557223
0
0
0
0
0
0
0
0
0
693.8943501
0
0
0
0
0
0
0
0
894.1921505
623.3021189
0
0
0
0
622.4035283
0
0
0
0
0
0
515.0786949
528.429978
0
0
0
0
0
0
0
0
0
0
0
0
0
0
0
0
0
0
0
0
0
0
0
0
0
0
0
0
0
0
0
0
0
0
0
0
744.1947964
0
0
0
0
458.4871819
610.5268244
608.9933937
569.4028767
666.8202374
655.3265933
531.9698131
0
0
0
792.7479152
950.3400674
774.8164293
0
0
0
0
499.4124982
0
0
0
0
0
0
0
0
0
0
0
0
0
0
482.1791888
643.7577317
622.1994792
638.8810541
692.9864776
0
822.7733733
0
609.9392325
0
0
0
0
0
532.2676714
642.3163198
573.1385211
575.6275376
0
0
0
0
0
0
0
0
0
0
0
0
0
0
614.7010323
650.5482074
699.7630865
1143.795472
0
0
0
0
0
947.810773
762.66197
0
572.327397
639.8489742
646.9531226
724.7935277
835.4826414
764.0512908
725.8217651
660.8397762
0
0
0
0
0
0
0
0
793.6353959
859.4130082
0
0
0
0
0
632.6275855
628.1393752
1224.065496
0
960.4139064
1136.664898
742.3388971
637.3812826
620.0297036
628.8450243
0
0
506.9453461
586.9096335
0
0
0
0
0
598.5326163
764.666138
783.54137
0
0
646.8950496
628.1263625
0
0
534.4953759
1214.327034
1140.721598
1140.493302
932.2920137
631.0682535
0
0
559.8716039
0
459.4560427
624.2476921
630.9975829
687.9484989
0
0
0
0
0
0
0
0
0
0
0
0
623.4312765
0
0
533.9311549
551.436104
0
0
0
587.8537545
0
747.5680618
931.855163
884.7791602
678.7701547
684.4640113
577.3351726
0
0
0
0
0
0
529.4927586
636.741516
0
608.5174002
680.8883266
650.7247068
1206.446263
643.2686351
602.6668819
603.001783
457.1855243
538.1517003
616.1500995
666.2431886
688.4240758
789.7329989
715.2704144
654.1450136
647.3909527
0
954.6193312
1004.052321
0
0
0
0
0
0
0
1081.159127
905.1234503
0
727.7164334
774.4207364
649.7581909
725.9374174
591.7749649
0
780.7780615
602.3999747
504.7184779
636.6912072
0
577.3351726
692.4635899
757.6811585
842.6630493
780.2967581
736.7734144
552.1217869
0
0
0
0
0
0
0
0
0
0
0
759.0325802
586.4040041
0
0
690.7725593
627.90545
0
0
0
0
0
554.2385188
580.2721611
736.0499251
681.0920484
536.2183069
1299.324425
0
0
0
0
893.5100992
0
0
1033.949803
1296.619941
1267.554213
1229.438134
0
0
0
0
0
0
0
0
0
0
532.7672088
677.3518887
603.6758492
0
594.2563829
0
0
0
0
0
0
0
0
0
0
865.6524994
1266.732542
718.125317
0
0
0
0
0
621.7494154
579.6753693
679.4071874
504.3869435
0
0
566.2459622
638.7522279
0
0
0
0
0
0
0
0
0
477.5627564
627.944393
0
0
0
0
0
0
0
566.8040123
605.8719832
566.2459622
674.1211335
716.371086
711.9407585
0
0
0
0
0
0
0
0
0
0
722.5915375
635.4428284
0
0
0
0
0
0
0
806.0639842
645.6578833
0
0
0
582.0304343
732.6866755
673.6682998
0
0
0
0
0
0
0
0
0
0
0
0
0
0
0
0
0
0
0
0
513.8466347
0
0
0
0
0
1170.811964
948.3608659
0
0
0
0
0
0
0
0
464.3816052
621.3041569
574.552389
624.8464523
0
0
0
0
0
0
0
0
0
0
0
0
0
0
885.9667656
940.4872516
0
0
0
0
0
466.5903195
0
545.7118845
0
0
0
0
0
0
0
0
0
0
0
0
0
0
0
0
0
0
0
0
0
0
0
0
0
0
0
0
0
0
0
0
0
0
0
0
0
0
0
0
0
0
560.5519903
0
0
0
0
0
0
0
0
471.3189713
0
0
0
0
0
0
0
0
0
0
0
602.6668819
571.7649576
0
0
0
0
0
0
0
632.1353386
627.1303074
0
535.8752858
668.1814596
0
1146.336426
0
0
504.2925659
0
0
0
0
0
497.6635725
637.4488997
533.3718476
0
0
0
0
541.5645203
535.3771998
0
0
0
0
0
747.1560795
536.2712411
0
0
0
742.5531489
0
0
0
463.489218
651.1674647
543.3102775
0
1299.986402
737.1542581
585.2478568
523.1546629
655.9639584
708.9215105
873.9466693
648.8018999
452.3725732
0
0
0
0
0
0
0
625.3134279
649.4963782
0
0
0
0
947.7587849
466.7316285
542.0834167
0
0
0
595.2716802
632.4939911
652.1133152
648.18141
574.1791034
917.4814469
910.4377504
976.2369751
810.9899223
636.3899615
0
0
0
0
0
0
0
0
0
0
0
0
0
951.0028694
0
0
637.972281
544.2605316
0
607.0636655
605.4555838
1145.102717
1387.596327
673.6682998
0
0
0
896.3884858
953.9612352
601.3412461
617.1031011
639.5280349
649.6902407
783.0901696
703.1101769
732.5344611
0
0
0
0
0
0
0
522.9183465
0
548.5849442
0
0
577.9568512
539.5846467
554.7606166
574.2895076
0
525.7030372
588.3524871
528.5002762
554.2385188
0
493.4167025
782.3647528
638.0598162
730.5173447
781.4689052
598.8185572
534.1357536
0
0
0
0
0
0
0
526.6292506
624.909068
0
515.7043054
689.2205386
0
1104.774245
0
0
454.0942843
621.3882136
569.0166183
522.8112274
751.5459642
839.9784272
834.9517296
836.2490974
653.9821051
628.6975323
636.4400969
551.8868736
667.3744627
904.8771097
0
0
0
0
0
0
0
0
1072.639605
557.3596037
756.6571368
677.8747637
675.6973823
0
0
0
504.8611448
620.5722434
531.8214037
728.3873805
499.8037006
0
0
657.2797035
689.22856
735.0364312
791.7292122
798.5292385
802.1304839
0
1117.07178
933.1698965
0
0
0
0
0
0
0
0
0
739.1839864
741.8640138
0
0
601.8026989
503.2181189
0
0
576.9904568
567.8954433
553.7720053
717.4211268
663.318226
0
644.0852966
798.7924017
786.6122978
0
0
858.156496
0
0
0
0
0
0
0
0
0
0
0
0
0
0
603.1361398
453.8393275
676.4952561
684.3088518
597.8065822
559.3096374
0
592.4758328
0
0
0
0
0
0
0
0
0
0
0
0
0
0
523.2408201
602.8542524
601.1049719
554.9355351
1088.117462
1075.339101
1120.56512
1060.326118
459.9065648
0
0
0
0
0
511.4027388
655.1286021
759.082932
575.8529403
0
0
0
0
0
0
0
0
471.1129695
630.4343013
669.4698066
712.9676125
0
0
0
0
0
823.8474048
1117.612187
973.0308042
509.6205351
0
0
0
0
0
0
541.5645203
0
0
0
0
0
0
0
0
0
472.6254689
558.2358615
0
0
0
0
0
0
0
804.6009057
697.2138754
0
0
0
0
0
507.9406211
600.8824709
0
0
0
0
0
0
0
0
0
0
0
0
0
0
0
0
468.2153616
569.9861826
0
0
0
538.4795979
613.5301792
573.5885277
555.9233851
599.2398303
679.2475387
0
0
0
1253.239213
870.3991839
0
0
765.6759276
948.8034341
0
0
0
0
0
0
0
574.0688659
646.5811395
0
0
0
0
0
0
603.001783
577.8359607
0
0
0
0
0
0
0
0
719.9712773
0
0
0
0
0
0
0
0
0
0
0
0
0
0
0
0
0
0
0
0
0
0
0
0
0
0
0
0
0
0
0
0
0
508.4446505
0
0
0
0
0
0
0
0
0
0
0
0
0
0
0
0
0
566.328361
0
0
0
0
621.3041569
775.0207732
711.9281822
584.0303612
458.6473367
580.3920971
484.8456156
0
0
0
0
0
0
0
0
0
0
556.8535252
550.856188
0
0
0
0
0
622.0849194
676.6970509
0
0
0
0
0
0
0
0
0
0
0
0
0
0
0
0
0
0
0
0
0
0
0
0
0
0
0
0
0
0
0
0
0
0
0
0
0
0
0
0
0
0
0
0
0
0
0
0
0
0
0
0
727.081228
626.0568467
1142.687757
0
0
742.8445674
850.247682
0
753.6698089
492.7968819
648.0191594
690.8834105
717.4211268
495.4798846
0
0
0
0
565.6922521
589.4387707
570.6398895
0
0
0
0
0
664.5649185
0
0
0
0
0
0
1019.011792
0
0
0
723.5907173
577.2200879
0
1170.892846
851.4113484
612.202578
626.5322655
0
567.59269
568.4538388
0
0
604.0830467
686.8740809
0
645.4077309
766.9844409
0
0
0
0
830.9491422
669.0076747
0
0
0
0
875.0677844
582.137875
680.6938579
0
543.7837027
534.5984955
499.2394872
705.4421844
899.1805064
0
589.9253102
970.3023658
792.8431923
587.5230746
0
560.7231266
505.6279956
617.1031011
619.3234864
640.6257877
0
0
0
0
0
0
0
0
0
0
0
0
601.8953133
0
462.9613312
610.0857318
459.4152899
650.1572138
673.50416
966.166411
1369.835182
684.3864011
527.7081182
642.9764641
554.1345744
0
0
460.5276234
751.8461434
0
706.2216737
775.0079916
1037.883188
708.163582
0
686.5986848
0
0
0
0
0
0
0
667.6497677
600.1668826
671.6811386
0
0
609.1381896
497.4120882
451.1550647
0
548.2190139
554.2385188
588.1858793
608.7766852
455.1278054
611.9289143
449.3356711
501.4855689
804.1361748
589.8458948
593.8969763
0
1011.873426
0
0
0
0
0
0
0
0
592.6696951
808.8731432
807.5436662
577.2344636
0
935.5661271
719.261722
0
0
556.190411
676.2748372
527.8007978
638.6064529
714.5122895
666.4485621
563.9368988
511.883583
0
0
0
606.7816737
793.9434273
584.9708698
627.3105435
0
0
1276.072545
0
0
0
472.9972846
524.7461699
528.9945687
816.1526068
595.9314517
549.0331245
846.4854722
460.3612423
0
0
634.016807
618.1365102
633.3608854
714.9302878
0
0
0
0
618.692975
579.3787639
0
659.8197311
836.7013278
989.1890747
0
0
0
0
0
0
0
0
0
0
0
0
0
0
771.7730571
546.8836923
458.4472248
502.8030521
583.6427991
0
0
0
0
0
702.1838566
1064.724364
1055.669782
1000.470231
1189.815094
1371.131186
1448.665674
0
0
0
0
0
0
0
0
0
0
0
0
0
0
541.9099969
0
0
745.3129816
775.937216
840.3486298
716.148406
0
0
0
0
0
0
537.0168999
568.3774372
681.0920484
0
0
0
0
0
0
0
0
0
641.3918143
558.0890478
587.2212114
660.6033858
0
595.9314517
604.6292333
599.0097649
456.9912948
594.9681172
729.965204
711.05154
786.6031089
742.1464156
789.1557541
757.8281791
839.2016828
845.4456132
778.1538418
681.3761936
0
0
0
0
0
0
0
0
0
0
561.623696
0
654.5126221
0
0
0
463.0051092
604.835021
620.9568193
672.6063693
0
0
0
0
541.1066868
635.9400355
640.3894008
640.7837316
598.6278142
556.136923
0
0
0
0
0
0
0
629.0973335
576.1167889
0
0
0
0
0
0
0
0
0
0
834.8523945
727.2396846
0
0
0
0
566.5554504
595.9437226
586.06339
513.4598551
0
0
0
890.8115941
1282.753131
0
0
815.3783062
845.2557732
474.8421191
0
0
770.5040771
0
0
0
0
0
0
544.5602977
701.7959752
725.2597073
667.0367215
650.2841016
611.8646561
510.4002104
571.299572
570.4431544
0
0
0
0
0
0
0
0
838.7487329
778.0751866
0
0
0
0
0
0
0
612.2402114
622.1121813
0
0
0
0
0
577.7393907
575.5150957
0
0
0
0
0
0
0
0
0
0
0
0
0
0
0
0
0
0
0
0
571.6982905
0
0
0
0
0
0
610.8962415
815.4458103
0
0
0
0
0
0
0
0
0
0
0
0
521.0180626
519.5389839
0
0
0
604.6977703
694.0176632
603.6758492
0
0
0
0
0
0
0
0
0
524.4158048
654.7585173
0
0
0
0
0
0
0
592.4054582
476.0715846
0
0
554.4468815
655.2522965
550.4613765
619.8054197
0
518.5125061
583.4549764
592.1129209
894.6637606
0
0
0
573.2473583
653.1416483
0
0
0
0
0
0
0
0
0
0
0
0
0
517.6799505
466.3556784
0
0
0
0
0
0
0
472.3615122
0
0
0
0
0
0
0
0
0
0
0
0
0
0
0
0
0
0
0
0
0
0
0
0
0
0
0
0
0
0
0
0
0
0
0
0
0
0
0
0
0
0
0
0
0
0
0
0
0
0
0
0
0
0
727.9715491
953.8299168
0
0
0
0
0
0
0
0
0
0
0
0
561.5851374
0
0
0
0
0
0
0
0
0
0
871.6436941
0
0
0
0
559.1977857
604.3147191
1276.106995
699.629663
0
876.224368
953.8205408
0
1206.075052
800.2076488
598.0853768
616.9662831
667.4731981
542.8255771
0
571.3658727
619.9499546
607.3669015
592.8168856
603.3381018
749.9549428
658.8493781
605.5525501
0
0
0
0
0
851.6470744
566.991004
0
0
0
0
0
0
0
532.7170791
653.1960939
651.3985557
494.3199134
0
775.9617488
625.584079
876.0236382
687.7797716
737.3150011
757.733306
820.6055149
754.1838835
723.0522377
675.5762886
649.1484711
671.8780115
685.4706812
706.9500698
0
0
0
485.7870927
0
631.3373329
484.7124438
0
0
0
838.1873545
752.0699066
691.2625318
465.0158636
627.4395178
612.4448109
667.0237555
684.8945592
1264.682763
681.9507985
586.648242
814.3187801
545.1942386
0
0
0
776.0476524
496.623009
457.4979091
0
0
466.0755397
604.972508
0
0
0
0
0
0
0
0
0
0
0
751.7147193
705.359467
607.4885167
0
718.2936651
549.0331245
689.7720759
0
0
542.5189709
705.7981315
604.209507
678.3812999
718.8382242
635.0470986
624.2756643
642.9620608
755.5476379
752.2677037
966.3825505
665.1269834
659.6248464
0
0
0
726.2735029
0
0
0
0
0
0
0
699.8254101
703.9381526
0
0
501.710582
685.4785249
697.1047927
593.8850247
446.7628727
449.3356711
701.8635955
611.161143
555.2339221
726.1759112
0
0
708.6899143
456.4898925
0
0
720.0808558
725.0156109
0
0
0
0
819.4763834
1164.16051
0
0
0
619.3938392
562.4773862
874.6575126
0
0
0
0
0
0
598.7367534
684.2977783
523.7168367
492.4129639
0
550.9387305
549.4196639
0
0
0
0
0
0
619.2297751
763.652359
605.3863941
556.6377629
0
0
705.2217507
0
0
0
0
561.3158185
750.6054531
554.169205
0
1051.354981
873.1509979
0
0
660.4461253
666.0913477
635.2447383
527.4308962
777.0606187
0
0
0
0
0
682.2440659
1028.930821
1044.232864
803.9412721
0
0
0
0
0
0
0
0
0
0
567.5759079
475.1190152
521.2054771
606.4726221
577.4504374
505.9666904
667.159397
682.9997513
530.0189125
614.2765385
0
893.0159426
954.134175
967.5067737
1006.865875
1046.345642
997.5540528
967.1565178
1181.715929
1217.597458
1243.898385
948.8940705
941.0698168
0
0
0
0
0
0
0
0
0
469.7937192
581.9844355
0
0
463.2685866
665.7715952
734.6168422
663.9686338
701.7893911
1035.406266
777.1068622
590.2665992
0
0
1017.965036
1127.757783
1163.16807
977.3596225
564.8394116
567.9966464
612.1649618
649.3222571
578.3207155
0
0
0
0
0
0
0
0
0
592.7579757
562.1657524
641.4524741
624.0366458
0
0
582.5846393
684.3864011
493.6509205
922.8485463
950.7079743
556.9436253
0
593.408472
451.7425493
632.9263509
635.343727
0
0
0
0
0
0
0
0
0
0
0
0
0
524.2841482
0
0
0
0
0
0
0
0
550.2484768
554.1345744
611.0974879
907.2447401
747.6549836
606.5207078
630.6450991
630.2940565
639.9185206
566.2459622
0
0
0
0
0
0
0
0
0
0
0
671.7672207
587.7157963
0
0
559.796413
515.3054399
0
0
0
0
589.3711272
633.1433451
814.5619777
820.5056304
846.2592251
712.3692458
0
0
502.7112185
529.5880984
501.2614329
624.0242478
594.3284649
0
0
0
0
1087.9143
1203.933862
0
0
957.085873
808.4395813
0
525.1449346
628.4000469
959.7819972
720.6855363
0
0
552.189054
0
0
569.7912215
644.0488409
579.9135106
583.4549764
627.5169964
568.1233519
0
0
605.8024328
699.044653
0
0
0
0
0
0
0
0
0
0
556.9255959
625.4368787
572.9755702
0
0
0
591.2881302
628.0613288
457.0688938
0
0
0
0
774.6197071
861.9869962
703.0946182
741.3229032
760.2710909
783.4474791
0
0
0
0
0
597.9638442
561.700877
0
0
0
0
0
514.6277484
632.381111
668.0535813
458.9692233
604.7663661
716.469475
693.8327499
665.1178066
0
0
0
0
461.0722622
728.3553376
795.361441
807.7819779
642.459412
0
0
0
0
0
650.7836164
627.4550079
0
681.3028586
0
0
0
0
466.8260542
605.8024328
0
628.530682
584.9708698
453.5134977
453.9120347
672.039391
0
0
618.7627961
544.5602977
0
0
0
0
0
0
0
0
579.2998692
0
601.5386821
671.9889307
0
0
0
0
0
0
0
0
597.9449561
573.1113373
771.3692555
762.6389015
0
565.2036606
639.6059935
619.6052551
1038.569287
732.6409893
0
0
0
467.0154355
0
0
0
0
0
0
0
0
0
0
0
621.8943334
514.9656414
0
508.7491514
831.6487453
764.2646018
0
0
0
0
548.6487878
0
0
626.5918806
0
0
0
0
0
0
0
0
0
0
0
0
700.0411639
0
590.067329
0
0
0
0
0
0
0
0
550.0036522
534.4696218
0
0
0
0
0
0
0
0
0
0
0
0
709.0196891
0
0
0
0
0
451.3615866
551.137243
0
0
0
0
0
0
0
0
0
0
0
0
0
0
0
586.72983
859.5162973
971.0022497
837.5662448
0
0
0
477.5627564
633.7538418
0
0
0
0
0
0
0
0
0
0
0
0
695.0407655
863.5278589
757.3829403
676.3332779
568.4198725
698.688784
676.6038626
0
0
0
0
0
0
0
0
0
0
0
0
536.112568
494.4388049
850.9019393
0
0
671.5239313
0
0
0
0
0
0
0
0
0
0
0
0
831.8940035
477.330576
0
0
0
647.1736579
1125.491141
883.1307937
0
899.2491627
884.2358835
894.2985178
960.8201848
704.946864
661.3631786
689.7150579
671.1837336
646.1068767
697.4050514
693.0964597
557.1061018
647.1642223
690.9193003
757.3712609
772.9925926
601.9747833
715.1620744
823.1545245
0
0
0
0
0
0
624.7863849
0
0
0
0
741.9725467
0
0
590.7814023
544.7408082
611.3045495
578.613103
637.6150908
0
0
890.4972046
715.7826484
0
488.5703307
788.4205725
833.6595597
712.2808858
569.0808507
0
558.8262389
0
0
0
0
0
0
0
692.4110295
0
0
0
0
0
0
903.6319475
0
0
0
495.6012592
0
632.5179544
1250.395418
714.5645238
536.5099826
686.9430493
652.1002693
443.9396656
488.8924891
528.782255
565.5086362
581.1158031
459.7422614
0
517.0337006
730.3046559
736.6219696
624.3671048
0
0
0
0
0
0
0
0
0
0
577.5947724
636.6912072
751.6359364
607.9156229
0
693.0178888
682.3896708
627.944393
783.4181528
567.64306
632.4796163
790.7269971
667.2617483
722.5135583
749.6990803
499.8473333
0
700.8782788
825.3315989
830.7095058
701.9804988
805.9169345
702.7870363
718.0894368
0
0
0
0
0
0
0
0
575.5525571
0
765.3657719
641.2706194
573.9313031
458.4472248
0
0
496.8710051
620.385069
493.3388475
488.8924891
569.2738931
547.1798784
0
545.6966021
673.1138771
446.2648147
0
0
562.2240786
664.5779517
791.2303175
840.7315436
796.7608266
589.8969381
0
0
592.5815154
0
0
716.3929424
0
0
0
613.7752886
1405.816191
0
0
0
0
0
0
0
0
0
520.0485212
0
524.6358533
566.6920522
546.2489827
526.2888002
0
0
566.4934451
610.9703269
575.4589394
469.3448535
581.9078338
657.8890901
0
0
547.6344892
0
0
0
0
0
0
0
0
698.7005285
0
0
962.994329
916.125653
0
660.8541222
594.0046231
726.087267
644.9426458
623.2017998
789.7569884
449.9679025
0
519.8850078
604.1511158
663.6946169
983.9338344
967.9910815
630.9168876
606.556791
607.2333368
0
0
0
0
0
0
0
0
0
0
0
466.6844816
0
0
0
563.460227
613.8805605
1183.715719
1285.16843
1043.244261
573.6569539
688.332546
598.8458441
711.4425513
765.3537041
678.6115449
805.3303897
787.8973591
852.747822
947.7866337
978.6755
0
681.5067025
752.6484217
0
0
0
0
0
0
0
0
0
0
562.7120207
0
0
836.0207966
606.5006686
530.8894196
677.1955736
710.1821232
1163.610988
1229.793293
1137.37342
596.9317119
659.197536
721.9469729
746.2585109
611.4801681
631.2806146
785.822233
580.9946957
659.4303703
581.7548657
602.2136727
623.0872957
0
0
0
0
0
0
0
0
0
623.4312765
623.2591103
0
646.6655457
721.0958172
0
0
0
0
0
0
670.1997696
573.6295757
0
0
606.0411434
624.6682518
0
602.3999747
1026.458154
1060.712052
0
0
0
0
0
0
0
0
0
0
0
564.9404043
640.7573879
0
0
0
0
0
0
0
0
557.7598479
497.5796204
579.2604534
575.0670469
577.3351726
0
600.3614
602.6668819
511.72287
0
864.6693718
1161.102483
1025.700484
602.7738966
0
0
0
0
0
1193.270175
867.1249845
916.3241596
980.2797591
848.8946505
0
0
0
642.2984495
0
0
0
0
0
0
754.1516873
719.1733556
0
0
0
0
0
506.8467409
700.8782788
632.0535699
955.9430967
1038.144563
0
0
0
0
0
882.5665133
931.7558662
1126.662954
1063.512426
0
0
0
717.1607448
964.1048792
0
0
541.6219741
633.5373911
544.6805836
540.2567517
667.5437864
590.2551984
537.9883685
596.5226479
0
0
0
0
0
0
0
0
0
0
0
0
0
691.8660208
541.3065971
0
1043.251624
1033.300749
1077.888699
949.423743
0
0
622.3305967
664.5414633
641.737373
0
0
0
0
704.8645396
840.4242285
864.1254447
686.3583377
696.1469583
774.838307
665.4487378
667.3744627
547.1955035
0
0
0
0
0
0
601.9350383
0
0
0
661.2945428
677.1435244
979.8227736
969.3822677
1032.498058
904.9606466
537.4468716
500.727049
0
0
0
0
0
554.0826612
566.4314937
0
0
0
0
548.0130606
0
0
0
0
0
0
0
0
0
958.7563943
762.3509225
906.2677917
656.3731115
0
771.1214297
965.9715589
996.7035201
999.8452884
755.4790707
0
0
0
0
674.5761067
544.1410029
0
0
0
0
0
0
0
0
0
577.9326573
483.2688117
0
0
0
714.0846971
0
0
0
0
0
0
460.6945667
855.9443145
929.8721827
985.5556152
882.4257705
0
0
0
0
0
0
0
0
0
0
0
0
624.0540062
0
0
0
0
0
0
0
0
0
0
0
508.1920963
0
507.2421606
711.9407585
0
0
0
615.2079847
601.8026989
618.6232126
650.3134087
0
0
0
0
0
0
0
0
0
0
0
0
0
0
0
0
0
0
0
0
0
0
0
0
934.6090768
0
508.8510022
0
0
0
0
0
0
0
0
0
0
0
0
0
0
0
0
0
0
0
0
0
0
0
647.5140044
1017.142669
1098.74245
0
0
0
0
0
0
0
0
0
0
0
0
0
0
0
555.0757912
595.7109053
0
568.1867888
633.6205773
654.8817129
0
0
0
0
0
0
0
0
0
0
0
0
0
0
0
0
924.9353134
1067.345606
961.0285663
476.5259166
0
600.8694021
499.2826908
451.3271041
0
0
0
0
0
0
0
467.253162
616.5685194
472.5725697
639.4190088
0
0
0
0
0
0
0
0
0
0
0
0
0
0
0
0
0
0
466.0755397
464.7430571
0
509.7756511
571.4322342
0
0
0
0
0
0
0
0
0
0
0
0
0
684.2977783
0
0
0
668.2241241
610.3059783
0
0
0
0
0
0
593.4678807
558.4566658
673.3675906
0
0
0
1107.018038
690.3822955
832.0405866
963.5090664
664.0774751
1009.486363
842.1146946
650.6658355
775.8820353
815.6091191
697.2925516
636.9632201
706.5287571
741.1525619
722.9485203
753.2050409
800.180256
916.5833639
827.0521502
783.3668483
818.5747407
834.9875077
758.7811434
0
0
0
0
0
0
0
0
0
639.9185206
650.9521409
622.1485444
968.7889349
0
0
596.7455077
518.0749865
731.9197216
1089.859016
0
720.1748689
1013.197899
755.3163845
671.6735746
664.4184196
695.5629245
595.2716802
665.8640436
508.3940529
0
474.7317707
566.7417905
701.5708936
826.1193892
636.8422208
0
0
0
0
0
685.674821
0
0
947.2804969
0
0
591.5659436
758.2535513
792.7318365
791.0350032
789.7946953
774.8470591
440.0176466
481.3293955
700.3164167
651.4935327
632.1926229
558.7966007
560.4153821
743.2431646
811.5366553
765.6759276
698.2623781
655.376158
657.4126633
655.837684
741.1735132
0
529.4927586
776.213494
0
0
0
0
0
0
0
0
0
0
0
0
542.1992837
536.8029777
619.6052551
0
518.4726016
599.5035896
653.3535639
484.7457061
583.3211046
575.0391347
641.945358
651.5410584
793.3548276
785.6967409
641.8173094
822.4955189
855.5039647
776.6938581
0
772.6912606
892.6747568
823.163333
564.1364649
0
0
0
0
0
0
0
0
616.2991303
532.6419581
0
1507.93759
512.7481068
727.1319092
628.8351835
596.8075264
632.1353386
693.2537852
801.5201731
517.1311764
677.5532358
680.661484
586.8660056
669.6862388
608.4065326
551.2367173
708.6350524
748.6301018
836.4825216
795.5359554
735.3457091
651.0534061
677.9796771
774.3197707
717.5396918
0
0
0
0
660.2107322
0
0
0
0
0
659.1394188
578.5398976
0
611.4162629
0
0
493.6118159
675.4217385
575.8811644
726.2735029
0
439.9096098
560.2790403
446.1720168
567.2912135
494.4388049
0
0
608.9933937
857.8383893
932.7830565
1003.49952
992.7476306
737.7105312
653.1027785
0
0
0
0
0
0
0
0
0
0
0
582.8322769
542.7232169
0
606.6410482
1070.264996
455.6907008
703.4394027
750.2743013
780.7780615
826.7244744
630.6591707
630.4904634
734.2976436
573.1385211
684.742616
811.8291759
634.7093302
956.5135421
0
552.3237879
625.9680016
606.2206441
886.8505399
931.9872574
0
0
0
0
0
0
0
0
0
0
622.573949
0
0
0
454.3138977
722.1711146
1082.515118
1111.960713
1052.048944
662.7156395
691.5313967
621.1642499
598.7912798
603.8016641
577.6815093
1163.531301
1261.615162
706.3981864
600.3224581
638.9400092
652.2774808
850.6791549
815.7297024
853.3379592
0
0
0
0
0
0
0
0
0
0
0
512.3683367
640.7837316
830.5831996
777.2132885
672.2010429
560.6660347
705.8923719
620.0740416
717.4057926
863.60285
777.635646
695.2412782
625.5914457
747.6916019
878.322457
857.2289854
1270.084347
1147.960216
632.9573168
616.3307775
628.858147
556.9977418
706.6071781
0
0
0
0
0
0
0
0
0
0
708.8913201
0
767.1041082
732.0033492
506.9947109
0
0
553.5656815
495.2781735
0
492.8739839
0
0
0
500.9046247
583.7055113
506.4539721
608.0584963
457.7728947
886.4166783
0
0
553.3428639
628.858147
0
0
0
0
0
0
0
0
526.2209316
669.2538656
0
0
0
0
0
0
0
0
0
554.5513007
610.7799578
545.8802218
502.3453381
606.2206441
796.6286197
666.8683021
0
0
608.6037361
630.2473592
616.886577
664.8520668
518.3928708
0
0
0
0
0
1265.601158
750.5385653
851.0878589
643.2361241
0
0
0
0
941.2877304
836.2094983
0
464.7430571
458.9692233
0
0
749.1427965
754.8296809
0
0
455.9556392
717.4583759
811.8848919
815.6838154
733.8349814
0
0
0
587.8813762
0
0
0
0
0
0
0
0
621.3882136
0
0
0
0
0
621.6408911
0
567.6808608
604.219243
582.9564035
0
450.5069275
643.9541259
584.7690981
647.633431
639.1565169
0
539.4176931
565.9378135
0
620.1716681
610.9703269
599.9340938
0
0
0
0
0
0
0
0
561.7781429
0
0
0
0
726.9546274
0
0
0
510.6098675
568.3138313
665.3658959
648.8403421
0
0
545.3308718
608.7766852
644.5605834
623.0627794
651.4143783
667.798341
648.4566558
702.203906
651.2562762
613.5301792
0
0
0
0
0
0
0
0
0
0
0
990.1527614
0
0
552.8654015
705.924757
598.3235869
645.7414232
0
0
0
0
0
657.2038125
786.0243765
755.5116351
0
0
0
0
0
0
0
0
0
0
0
0
630.0608237
0
0
551.5860288
816.7894925
786.6761277
0
879.9342895
934.726314
768.9135745
0
0
0
0
734.2976436
0
0
541.1066868
790.5797476
839.5217203
645.992512
630.7557239
593.0411547
0
0
0
0
0
0
0
527.9400735
0
0
812.0856644
0
0
559.796413
0
0
0
0
0
0
0
512.3683367
760.0155191
0
0
0
507.7902504
622.4765234
605.6635128
572.9755702
0
0
0
0
0
0
0
0
0
0
0
0
0
0
0
0
0
0
0
0
0
544.6204134
0
0
0
0
0
0
464.4717244
0
0
0
0
0
0
0
0
0
0
0
0
0
0
0
0
0
0
0
0
0
0
0
0
0
0
0
0
0
0
0
0
0
0
0
0
0
0
0
0
0
0
0
0
0
0
559.0489289
581.8313106
0
0
0
0
0
0
0
0
0
0
0
0
0
0
0
0
0
0
0
0
0
0
0
0
0
0
730.1405857
641.8173094
0
517.9759869
683.5520742
576.1640047
0
0
0
0
0
0
0
0
0
0
0
0
617.8320382
567.6598579
0
0
0
0
715.896813
621.5565805
466.5903195
0
0
0
0
0
0
0
0
0
0
0
0
0
0
0
536.8296794
0
624.5764846
0
0
567.4920565
0
0
0
0
0
0
0
900.3397522
900.5985315
0
0
0
0
0
0
0
0
0
0
0
0
477.2726905
563.3415601
0
0
0
0
0
0
0
922.2049477
1037.730595
0
0
0
0
0
534.0845428
0
0
0
0
0
0
0
509.6205351
637.8848332
628.4914705
475.1190152
0
0
0
0
696.7374977
0
0
0
0
0
0
0
0
0
0
0
0
0
0
0
0
0
0
0
0
0
679.3672507
692.4262108
692.1109099
0
0
1045.962838
916.5244172
720.3278154
961.4345646
694.3011268
1071.171507
706.4817328
684.9263677
810.0612612
897.2003736
751.0772416
630.6028981
942.6701618
1134.640874
1081.773743
1159.67925
1252.33202
1345.226919
1270.96619
1601.221362
1820.073879
1297.712755
816.5768588
886.4166783
655.0050744
0
0
0
0
0
0
0
0
0
0
576.9474806
875.9913551
754.5063353
689.1539237
601.4540063
487.7555299
726.3957209
894.9828807
610.8370217
825.2240996
932.1659799
629.4699889
704.741175
670.4320478
585.6759867
746.2585109
789.4557388
895.6058929
840.0814955
793.4574027
826.2099804
725.8217651
1074.021627
1488.076241
1432.673351
0
0
0
0
0
0
474.897381
647.770113
0
0
0
0
711.2825172
635.4180424
579.9135106
518.3132441
751.872446
585.9525005
605.4382808
585.9525005
583.6786283
663.8870857
705.686366
781.6653476
883.9873453
1027.103984
1260.46015
1375.129223
1463.072966
847.0526774
990.2406213
1034.369356
956.1848742
853.1490943
837.8339626
944.3813201
0
0
0
0
0
484.380941
666.8202374
620.8851361
0
0
0
0
1276.783863
670.3583373
622.549582
0
0
625.2077562
877.0393774
741.2947422
744.3129679
749.7362614
797.9547895
673.6037829
747.7221955
822.1467713
816.8959367
781.5844218
761.4550907
843.1292603
748.8964182
753.450184
719.8289917
0
0
596.8695945
0
0
0
0
0
0
0
0
617.7353949
0
0
582.137875
768.7920927
718.1560809
501.6204711
454.203966
691.3870383
942.3500954
685.4834276
691.0540014
648.5627439
838.0629105
906.0728857
929.0827741
514.3476127
0
530.9868831
618.5535087
536.5365638
0
678.5798539
516.8586379
0
0
0
698.7533955
0
0
0
0
0
640.7573879
0
0
0
0
0
618.5767368
566.991004
650.0792173
0
853.2677803
0
739.2263699
516.9752902
698.9474752
582.170796
506.7646965
682.5941981
937.3116906
977.2298965
825.9629541
528.2195524
607.7730023
592.3351479
634.0377115
710.5507492
788.2308102
675.7999648
628.858147
652.8957522
665.8640436
0
0
0
0
0
755.6419835
1112.426484
0
0
0
0
0
583.2988159
645.3245022
670.1205845
588.4081042
789.2405134
797.9241467
874.370592
836.0207966
649.1484711
602.7114538
571.6760817
598.8458441
558.0340725
937.3742334
1024.906635
622.2577283
625.980688
731.8048365
707.8699867
618.4142762
643.0135119
590.4092534
477.6792312
621.1866193
0
0
1033.739275
0
0
654.7585173
1047.570128
0
0
0
624.7338609
0
0
1082.363312
1159.381855
613.4537327
618.6580865
1192.814677
817.6371349
695.603202
726.1227161
720.4971143
516.2402555
640.2950233
827.413507
978.842419
888.0844546
634.7936492
642.7360294
516.5679851
0
0
533.9311549
603.4392755
481.0491045
0
0
0
0
0
0
0
0
0
0
544.0813191
595.3447122
640.4568753
849.4889311
675.6601065
710.4421958
491.7663212
492.6814284
523.8472957
706.3859058
710.3052354
624.6463934
667.3321791
771.214305
894.080914
795.1765112
604.1511158
625.8285758
675.3085587
684.3370445
740.4930879
689.9073595
638.777978
630.7718267
632.1353386
0
0
0
0
0
0
0
0
0
0
562.0104519
578.7597315
873.5980405
632.0535699
629.0026303
535.8489748
580.8134032
577.1626129
580.0328684
627.8081704
660.2107322
617.2058634
0
563.1048235
646.1882916
728.1952627
0
0
624.3223052
577.3783757
0
0
528.782255
0
0
0
0
0
0
0
0
0
0
615.3553193
654.2498939
0
0
0
673.3976192
461.3256695
536.3772398
0
0
0
618.719151
644.2166608
611.7523262
602.2478587
686.7415837
692.1835841
725.3220155
658.6565212
509.827447
0
0
569.5320921
551.1206781
0
0
516.5100215
0
0
0
0
754.3449979
751.1643602
0
0
0
0
0
0
927.6472327
798.7692217
0
618.8326759
596.4979249
0
0
0
595.8211003
0
0
605.5248335
717.4813049
785.8162544
727.1319092
716.1745795
718.448779
688.3675327
696.8152982
685.3687687
621.9789848
0
0
0
0
0
0
0
0
0
683.2635937
0
0
0
0
743.6131149
0
675.3391984
574.1791034
684.5416825
656.1478519
0
0
0
550.9387305
621.514457
688.9100483
616.8296911
537.7712284
0
0
542.8987887
463.0051092
518.6323766
876.0701534
0
0
0
0
0
0
0
0
475.4532395
524.6138134
0
0
0
910.2550927
0
0
812.6369661
951.1381993
803.0513836
638.4694739
651.0432744
685.5289639
753.450184
833.4374505
844.0350085
688.0879814
619.1127842
733.2593455
648.8513286
0
0
0
0
0
0
0
0
0
0
0
0
0
640.8628096
0
0
0
0
0
770.8741104
872.1559912
686.1014669
823.2111606
758.5803797
531.2801726
0
784.4487115
677.9009814
694.8406483
812.0856644
767.3983442
0
454.8302501
458.8482684
0
0
0
0
0
0
0
0
0
0
0
0
0
0
0
630.5279253
697.4816221
699.9769253
552.7295945
644.3200116
702.203906
651.9699129
852.8528086
750.0714317
0
705.0057072
0
454.203966
622.3305967
588.0307072
0
669.3401832
507.6402634
514.1244399
620.1361543
0
0
0
0
0
0
0
0
0
0
0
0
613.3163087
685.2782679
0
0
0
0
0
705.2561627
848.1939444
692.7303176
0
0
0
458.1287356
567.8701649
0
662.9498627
460.4027851
597.8694491
0
0
0
0
0
0
0
0
0
0
0
0
0
0
0
0
0
549.2261175
0
0
0
562.9277912
0
0
0
0
0
0
0
0
467.7801153
0
0
0
0
0
0
0
0
0
0
0
0
0
0
0
0
0
737.9897048
468.5076079
0
511.72287
512.098543
0
0
0
0
0
0
0
596.5968638
0
0
0
0
0
0
0
668.394974
0
0
0
0
0
0
0
0
0
690.8116693
0
0
0
0
0
0
0
0
0
0
0
0
0
0
0
0
0
487.160985
0
0
0
478.8583302
0
0
0
0
0
0
0
0
653.0509778
648.0269532
0
0
0
0
0
0
0
0
0
0
0
0
0
0
0
669.1306905
620.9855098
567.4920565
0
475.7896132
0
0
0
0
0
0
0
0
0
0
0
669.3497789
0
0
0
0
0
0
0
0
0
0
0
0
0
532.6419581
594.184368
478.08893
0
0
0
0
0
0
0
0
0
555.639693
830.3729476
0
0
0
0
0
0
0
0
0
0
664.6822823
565.8353932
0
0
0
0
0
0
0
0
0
0
0
0
794.2379705
0
0
0
0
785.9757837
631.0918233
0
0
0
0
0
478.1477188
635.5420428
612.3155305
0
0
0
0
0
0
0
0
0
0
0
0
0
0
0
0
0
0
0
0
0
0
0
0
0
0
546.5733257
736.4037031
0
0
0
0
0
0
0
0
0
0
0
0
0
0
0
0
0
0
0
822.4400166
667.9211487
0
0
0
0
0
0
651.6633819
0
671.1907214
648.2845286
954.9282406
854.4600711
997.7687926
899.0522298
858.4354139
883.2389101
881.3486135
800.8277062
912.2403157
852.9001732
1290.844164
1428.735517
1104.723284
886.8187521
673.0134158
861.702499
971.0774924
958.5539248
1050.714273
1006.777179
903.5158137
725.0729963
505.1475322
666.0306797
765.4395455
0
747.4291236
0
0
0
0
0
0
0
0
625.7905903
636.1539963
636.6912072
757.3098095
656.5783727
620.2743485
624.3671048
0
605.6357577
730.064103
823.4904933
951.5695059
573.2084692
754.3077979
821.0824574
900.4072187
974.2801989
778.9287765
713.8827523
619.5582273
743.3169048
763.3163411
800.660474
995.6164542
646.2779336
859.5162973
857.6478605
0
0
0
0
0
612.8826499
0
0
678.4136452
0
0
464.3366063
664.5779517
569.9861826
554.0826612
591.7052279
670.1786471
576.4953686
610.6251714
607.9156229
542.7465996
527.6618296
752.6826498
1129.086101
1165.098635
1007.074083
963.9442688
996.9364272
830.9118379
848.2178187
703.2721265
682.4086787
856.9356055
979.3669447
884.6155933
779.6701795
786.6653234
0
0
0
0
0
566.7417905
657.4534037
0
469.196103
0
0
0
0
1333.295005
648.9403686
634.6924762
558.1770988
0
632.8541405
611.9996568
629.6889663
1018.037574
1298.987348
908.4683884
920.6487213
1227.569099
1149.989466
539.2511648
634.2889594
751.360617
812.0856644
842.3025604
860.4492196
901.8988686
1047.260032
751.5729485
0
0
0
0
0
0
0
544.6504917
628.5463717
603.5405781
659.8754877
0
672.545461
660.1237007
0
0
0
633.8122095
511.8657046
899.4252498
687.5442324
528.9237181
698.1091084
886.4166783
906.2363773
520.4180284
649.8456306
809.462412
720.9931007
0
651.5232334
743.019778
725.5716043
644.0852966
763.5115181
850.0682863
831.4548465
802.3345628
0
0
0
0
0
0
0
0
0
0
598.7040557
672.3719717
628.7663302
0
0
584.6101857
491.5398793
749.7610555
1183.757268
661.6321072
667.6934416
0
0
687.8048617
800.0269635
662.591876
690.0258827
765.6049639
853.2831018
555.216334
766.8171069
768.5494964
741.5723255
482.369876
699.629663
683.8668771
612.7689105
0
0
0
0
0
0
0
0
0
476.6401167
630.0608237
682.3812241
633.2883112
733.8527406
711.6509163
679.0881508
771.4933588
862.2407359
838.1517877
675.0601949
790.1064427
619.4834652
508.1585041
0
701.6290352
702.9888808
689.22856
0
780.0189638
985.2560732
810.9129189
704.946864
596.7455077
621.3882136
959.2128149
912.684841
980.5433986
0
0
0
1326.328831
1302.669005
1148.999474
846.6553953
0
0
0
611.4162629
467.9730983
569.596787
1178.235723
953.849732
893.9160659
574.3908585
1056.349491
900.7328817
745.4268187
676.3016181
695.1563068
577.5947724
664.6920692
742.155574
813.404439
763.5284525
633.1226555
0
582.137875
809.0402802
0
0
0
0
0
0
0
0
0
0
0
0
0
0
0
0
736.7734144
588.0971708
748.6570289
627.536377
0
565.655491
0
660.6942341
650.8425644
539.9478472
442.6615806
0
0
622.3397096
0
0
682.9719382
671.3473814
576.0224482
528.0796579
0
0
0
0
0
0
0
0
0
0
0
0
0
0
0
673.330068
0
915.6963919
846.4763423
0
0
686.2660512
0
0
695.8102115
775.0699453
584.9815044
0
454.203966
598.1214227
678.2950982
633.6517928
675.6601065
771.1585713
724.9664475
677.1643408
0
0
0
0
0
0
0
0
0
0
0
0
0
0
523.6951202
0
0
656.9386849
1017.491744
714.422127
531.1822592
548.0288808
0
0
0
0
645.0752802
657.19117
695.2841055
744.2538668
760.1591765
601.0787627
0
706.0381841
718.0894368
786.288394
690.5967528
0
0
0
0
0
0
0
0
0
0
0
0
0
691.098942
0
0
920.5010085
770.2580161
939.6354124
630.4343013
495.0370713
487.160985
519.9258453
0
595.9130489
575.2254173
625.6577753
662.9947075
644.6339299
651.8267364
642.818156
574.7328021
563.1639332
0
573.1113373
561.1623851
0
787.7517524
0
0
0
0
0
0
0
0
0
0
630.6216515
0
0
0
0
839.312382
748.2215836
781.4086785
579.5565847
576.9331608
689.3168385
693.4113561
812.0856644
927.3593484
975.9101552
813.5238586
604.7663661
0
459.009608
587.2376457
612.1649618
709.049335
785.0711654
871.6283919
0
0
0
0
0
0
0
0
0
0
567.4083033
0
621.2201846
0
0
0
0
619.6758465
537.5548108
0
635.707652
760.0106146
847.1574108
959.8251317
783.9637339
892.0839557
706.3385513
757.1011149
711.1888169
574.0000521
0
0
638.5868714
554.8655143
582.6000927
0
0
0
0
0
0
0
0
0
0
0
0
656.1585661
593.3787848
0
0
683.3341228
544.3802758
0
0
0
0
451.5343744
570.9425954
644.3409051
743.7233325
659.8630945
545.650776
0
0
470.2971178
602.693622
554.6558789
640.3369564
0
0
0
0
0
0
0
0
0
0
0
0
552.9334065
515.2486736
719.3796569
0
544.8614213
622.76914
0
0
0
0
0
0
0
457.0688938
0
0
0
0
519.7219295
607.3183068
0
0
0
0
0
0
0
0
0
0
0
0
0
0
0
465.1985605
0
575.8811644
677.6338916
745.7256892
660.0367507
625.2228441
634.6040464
628.6287897
612.3801451
530.5010533
0
0
0
581.6784991
0
471.1129695
803.1541112
817.2462813
0
0
0
0
0
0
0
0
0
0
0
0
0
0
0
0
0
0
0
500.6384669
595.2108726
0
0
0
0
0
0
507.1925871
792.3190835
759.492468
579.2752319
0
0
0
0
0
0
0
0
0
0
697.277561
0
0
0
0
0
0
0
0
0
0
663.8870857
704.9785447
0
0
528.6411081
0
0
0
670.8196799
571.101034
462.8738904
0
0
0
0
0
0
0
0
540.5388425
0
0
0
0
0
0
0
0
0
0
589.5064743
746.903839
761.7800652
535.0126333
0
771.5998344
609.4285614
0
0
662.2352549
466.5903195
0
0
0
0
0
0
0
0
0
531.6733388
662.4770993
592.6696951
472.1513127
0
0
0
0
0
0
0
595.2716802
0
0
0
698.3663366
727.6400142
0
606.2206441
743.1023236
0
0
0
0
0
0
0
0
673.0250711
479.3976166
0
0
0
473.6949545
0
0
0
0
0
549.0331245
659.9173271
0
0
0
611.7897523
703.1101769
0
0
0
0
0
0
0
0
0
0
0
0
0
0
0
0
0
0
0
0
0
0
0
0
0
0
0
0
0
0
0
0
0
0
0
0
0
0
0
633.6760792
592.6696951
0
0
0
0
0
0
0
0
0
0
0
0
0
0
0
0
0
0
0
767.2838334
698.4629641
0
0
0
0
0
646.7500314
647.3153123
0
0
0
0
634.4568634
665.6561619
677.0395098
610.0857318
0
0
0
0
0
0
0
0
0
0
0
0
0
526.4928483
0
0
0
0
0
0
0
568.5048185
609.0657592
619.0426686
482.8817115
0
0
0
0
0
0
0
0
471.8376088
633.4044592
742.1174189
706.6071781
661.9686797
579.6753693
556.6198131
579.7943444
589.7099456
517.9166643
0
496.2120859
0
0
0
0
0
0
606.8943517
562.3993482
0
0
0
0
0
0
0
0
623.690188
0
0
0
865.722146
0
0
0
0
0
0
0
0
0
0
662.1463119
0
916.3483533
1352.029426
942.0264892
898.7703911
941.4262264
832.5500378
617.36597
606.5989085
896.5433866
760.5889912
670.9952568
547.5087714
612.9639893
754.7154566
845.0773331
848.8879334
932.5332272
482.9460351
593.5868352
794.573972
897.7216817
894.635083
582.8322769
0
0
0
0
0
0
0
0
0
0
0
0
598.475553
508.8000548
0
696.3106537
745.4268187
850.0682863
621.7252867
749.8010572
633.1640397
845.8787739
828.4877589
776.6597621
670.5277673
849.1568664
904.8630447
748.7540187
713.3652224
897.741311
1083.68483
923.9624688
847.0526774
495.1574931
737.803512
0
0
674.9416377
657.1279839
0
0
0
0
669.8721445
690.5162776
0
0
0
674.9187514
889.3914794
676.8836968
0
450.6766354
1120.974581
518.3530444
795.5590709
668.1103948
747.2426898
665.0352553
578.6497329
699.8954104
657.2363296
760.2978688
555.7530298
711.5972975
633.0709532
663.095687
692.9132226
683.9027138
568.7602621
0
777.9965817
700.8521786
857.8979811
997.9453399
969.5040619
872.7547498
0
0
0
0
0
0
0
0
0
0
0
0
540.5954065
643.4675719
899.3211207
635.5751394
0
433.5303371
593.904945
657.1785293
597.7940149
812.8212456
691.3990603
485.2806988
981.225966
1003.03221
705.1824367
651.8108419
671.4846699
639.1910105
853.9421956
954.3093262
858.1420214
798.1152862
601.2098955
0
851.0878589
986.8967476
0
0
0
0
0
0
0
0
628.2174931
0
0
0
561.2966209
502.0724429
626.6589976
488.6060329
621.6127782
636.5404543
695.603202
567.5279808
746.1972727
735.9510674
780.7780615
786.2168388
762.4372429
721.4045537
705.6460769
0
0
628.7663302
831.4928996
531.4518843
667.5437864
0
645.7414232
504.01035
799.1617384
638.3668799
0
0
0
0
0
0
0
0
0
0
473.4792862
714.6303097
567.8701649
582.9564035
496.0077407
625.9976063
687.9833512
629.7733377
637.8848332
469.8187721
598.9332259
711.0356682
764.2376238
820.0202953
742.6363351
596.6835383
0
567.4920565
682.0633096
918.0102383
994.7100402
982.582212
903.4533156
694.0639443
644.9426458
0
0
564.0565708
0
0
0
0
0
0
0
0
0
0
572.8851995
1035.184958
685.9590476
462.0078216
630.1540407
520.8312174
686.7322376
659.1319705
1118.893125
580.3064088
684.3777815
667.0929281
514.1615779
0
592.8168856
793.0312343
866.8654688
836.7977595
769.4356023
779.8173237
758.1645
831.697365
1054.515877
960.3987943
748.9579634
833.2946643
940.0338682
0
0
0
0
0
1404.752018
0
925.1565287
0
0
788.2308102
689.3168385
911.8929393
1050.640383
767.0061897
0
846.6742882
0
1354.784878
736.3010436
434.740407
532.9429728
694.4978366
737.5433596
739.3017577
671.3153164
717.3590736
664.2137043
673.6682998
671.6565579
670.7445313
748.9887483
931.3365495
990.7980474
853.6384331
814.597755
914.6743821
0
0
0
0
0
0
0
0
0
0
0
0
797.7994227
1041.156953
634.5876804
641.3918143
0
0
441.1123284
813.0519567
639.5436211
520.6656082
586.1065576
646.6148924
663.1048724
722.9485203
708.9646546
736.9748764
515.3054399
0
0
0
0
0
0
0
0
0
0
0
0
0
657.3809888
0
0
0
0
0
646.7017441
619.0660339
982.427799
688.5251252
450.1020858
548.6967102
0
560.9634226
586.6016597
818.1103832
644.1151351
627.793048
750.9086929
751.404045
635.6413705
506.6500271
540.6520193
687.6922336
743.8494263
0
0
0
0
0
0
0
0
0
0
0
0
0
0
0
0
0
0
816.0973691
571.8984764
811.3176899
978.7777687
844.2081948
0
0
0
517.2092698
731.7868076
747.7041424
650.6123493
742.7570633
634.6777316
0
615.9360573
664.8520668
716.3546967
702.1401261
682.1618627
0
0
0
0
0
0
0
0
0
0
0
0
0
0
0
621.2201846
823.0264656
678.8654446
570.5086731
0
693.0047996
863.2247714
777.1623775
625.7020238
614.7825339
543.665029
540.8789598
827.8375468
800.673542
605.2087519
655.2522965
602.001291
644.4140711
661.3496169
786.1994673
658.9996562
626.6813817
697.3667875
903.5489861
1051.36859
958.6985218
0
0
0
0
0
0
0
0
0
0
0
649.4465951
576.5903193
0
0
0
0
719.6868938
877.9898083
804.9246159
744.7360112
731.3242105
766.502197
677.7860791
570.4169635
498.2123094
682.2440659
865.509213
940.048542
763.8526636
778.0948457
862.0700792
745.9503559
1095.495039
989.5942193
811.1263931
0
0
0
0
0
0
0
0
0
0
0
556.2082495
466.3088806
0
538.9193759
692.7162617
697.7610451
609.3351139
789.3185196
0
527.1090085
620.7598384
565.313301
609.7095532
754.4417736
759.2845546
588.0971708
466.0755397
0
632.7922938
551.9203831
0
0
0
0
0
0
0
0
0
0
0
0
0
0
0
0
0
0
0
643.1061992
0
0
672.5251669
0
0
0
549.8571815
629.3187166
588.2302724
0
0
0
637.8848332
524.0216684
759.5876364
778.5215662
726.7018646
624.4717298
0
0
0
0
0
0
0
0
0
0
0
0
0
0
0
632.5179544
469.4940382
0
0
0
533.5746684
555.9233851
0
555.0757912
601.3412461
0
509.1064009
694.1523581
626.5918806
701.5841802
479.4578771
0
0
0
0
0
0
0
0
0
0
0
0
0
0
0
663.5151946
650.8509886
652.5989734
648.0269532
651.4341604
659.776388
570.2469545
507.6902166
605.5941431
657.3809888
532.7170791
0
601.2098955
775.2766849
567.9333777
513.5701093
599.1630669
595.9314517
666.9805484
463.888825
0
0
607.8300202
0
0
0
0
0
0
0
0
0
0
671.3725829
535.7175801
0
0
0
0
0
0
0
508.7491514
741.7555848
662.9498627
0
0
773.2442748
658.1441931
0
0
680.2093699
607.7445085
0
0
0
0
0
0
0
0
0
0
0
0
0
0
0
0
0
0
0
0
0
0
629.9544139
806.5125496
825.3001082
714.6476767
573.5201658
668.5851687
742.4367906
0
0
0
0
0
0
0
0
0
0
0
0
0
0
0
0
530.1391046
632.5179544
0
0
0
0
0
0
551.5193547
750.8901584
685.4428765
0
0
0
0
0
0
0
0
464.2018512
597.4179311
0
0
0
0
0
0
0
0
0
0
0
572.8851995
565.6718269
0
0
0
0
0
0
0
618.1711801
827.0111475
726.9004148
0
0
0
0
509.260172
650.1084581
632.381111
573.6569539
0
0
0
0
0
0
0
0
0
638.777978
477.9715484
0
0
0
0
0
0
0
0
0
0
515.3054399
0
0
0
0
0
0
0
0
0
0
0
0
0
0
0
0
0
0
0
0
0
0
0
0
0
0
0
0
0
0
0
0
0
0
0
0
0
0
0
0
0
0
0
0
0
658.5281729
0
0
656.8756715
603.1361398
570.3122951
0
0
0
0
676.1083667
655.5312203
666.7001823
0
0
0
0
0
0
0
0
0
0
0
0
0
540.3694425
0
0
0
0
655.6243836
671.49869
0
0
0
0
0
0
564.4569463
0
0
0
0
0
0
0
0
0
0
0
0
0
0
534.0078031
575.0856609
625.8437747
667.0608059
481.7998369
0
0
0
0
0
0
0
0
0
0
0
0
0
0
0
0
0
0
0
651.6123938
685.1652579
732.5828703
628.3269785
0
0
0
0
0
0
0
0
0
0
0
0
0
0
0
0
0
0
0
0
0
0
0
0
0
0
0
0
0
0
0
0
0
0
0
0
0
0
0
0
0
0
0
0
0
0
0
0
0
841.8453779
0
0
0
0
0
0
0
0
0
729.8668975
645.4077309
1015.195953
1096.35324
663.3413773
769.5371997
848.6828406
706.2062831
618.6580865
480.2475471
756.498602
757.9136304
768.6749162
563.4839843
594.484873
841.4908192
1012.548305
938.0302217
637.8557033
872.8112921
1070.080147
710.8148454
641.0211786
0
0
0
0
0
0
712.3397842
576.3058347
0
619.6899719
0
0
0
0
0
0
759.3406221
603.743571
663.8056084
689.6485779
832.5483039
775.7345117
844.7973825
726.3797369
673.5822868
748.4720933
888.5709309
880.4689839
819.6574423
675.5634
710.6159349
725.4217825
464.8338281
516.105822
765.1194872
732.9611886
543.8431193
879.9936065
759.7901243
719.9712773
692.0019968
728.6486502
724.8245444
0
0
0
0
687.0897661
534.7793532
628.4366046
0
0
0
661.2945428
997.7747956
0
599.0097649
570.521784
1398.073159
439.4265938
767.508869
539.5957921
760.028791
707.4004993
766.7643131
769.466996
785.9837655
834.0621447
726.8281731
762.8697885
893.0716555
918.395902
748.374608
697.4529013
677.5084559
857.095557
642.459412
0
0
0
0
0
0
532.0441475
650.7836164
572.794941
0
0
0
0
0
0
549.5490036
0
0
767.644093
526.3340868
910.1990241
814.0687881
772.2640874
677.7479145
641.4767497
618.3019895
678.8453758
739.4253468
672.322461
746.2926961
925.0133553
639.2255177
703.8440867
556.8535252
995.2332642
908.8195564
720.7651911
0
0
0
0
0
520.8312174
783.2130618
0
0
0
583.6636974
664.3501316
660.7346396
0
0
0
573.6113293
0
0
0
503.8697551
704.7822803
0
793.5434973
590.5807899
823.5704088
885.3247349
933.3830428
989.8451014
1006.001627
994.346502
1175.688041
989.7606517
1034.072437
1067.443331
918.9290023
803.1541112
933.0592789
632.7099004
915.0710599
938.7436374
829.2014647
0
0
509.6205351
687.6353752
0
0
0
0
0
648.5715903
648.9172757
591.9670681
0
0
0
645.4447464
603.1361398
0
596.0051062
676.6504456
0
770.1857405
633.3297747
727.8847432
778.9478315
969.0284119
901.1948931
846.0095829
905.67824
787.3804124
725.0156109
1038.351872
1193.131039
1061.565258
1070.392734
740.5911189
791.2930492
772.1657222
787.7662425
682.6561157
605.1102321
0
0
0
0
0
0
0
0
539.9478472
642.459412
645.1859597
696.6804817
696.401047
819.0287235
657.9740462
0
0
816.0732098
906.4524775
731.8856692
780.9909987
775.1370302
700.078373
684.4898949
805.4218634
586.4853292
746.9250589
766.9774053
739.7231167
730.5676765
822.3486509
955.1476209
704.2798585
742.3205514
555.9233851
636.9934961
890.2182854
1007.940163
1095.983946
0
0
0
0
0
0
1026.577486
1201.004297
0
0
1223.834869
800.58993
755.9276281
615.9473088
610.0857318
0
575.5994109
550.199441
764.615872
1120.658536
601.7366121
721.279163
1026.414779
1110.692412
1260.242481
1443.013406
1440.082721
1340.714702
1129.448847
810.5541638
765.1311342
755.6419835
644.9426458
840.3126448
1150.519447
1026.241375
855.1000285
0
0
0
0
0
0
0
700.9087373
0
0
0
0
1167.381989
1091.476002
1248.318238
671.3954991
519.6812276
615.3344681
571.1892058
674.2119564
1039.099988
914.8136926
802.2628227
664.0879472
699.409893
837.5455889
627.6721653
0
0
629.5962536
0
690.6206097
1005.892511
994.8735332
925.9109008
0
0
0
0
0
0
0
0
0
483.8547295
0
0
0
935.903239
944.7543599
958.2618846
869.493138
0
524.9452334
631.4508819
556.136923
0
0
579.5820226
812.4486162
856.8420575
795.4743348
722.6851867
664.131943
629.6359753
621.0524926
731.2114247
1001.510564
880.2966916
608.9500055
0
0
0
642.2020121
726.4916738
724.990116
0
0
0
0
0
0
0
0
478.1477188
766.2451577
549.7434788
793.3240713
853.2923483
0
0
0
557.1061018
584.0303612
536.3905018
713.2193985
656.3153
582.1122799
773.3854447
639.710046
643.3228464
885.9963894
878.8116758
796.7475997
640.3669208
624.1234833
620.385069
0
0
628.8765222
664.8978305
668.9667049
664.0502529
0
0
0
0
0
0
0
484.5795988
0
0
695.6596173
862.7226909
583.2208574
0
0
906.7607661
530.9868831
606.1009323
797.7994227
601.4399025
768.8730669
646.7193001
665.4487378
867.4791572
656.5403268
761.9972109
793.9222571
752.7905774
792.0675059
1093.337581
1093.853113
800.3081392
746.0541971
771.4933588
934.7667597
718.8695373
543.7540144
0
0
0
0
0
0
604.7663661
528.3597581
0
0
527.7312753
636.5835
545.9568793
658.2293842
533.8801069
587.8537545
0
597.3322224
748.3050262
750.3047625
631.0541147
901.8988686
761.3199473
801.6047663
815.4458103
797.2943456
674.7420855
717.6572572
803.1541112
931.5471519
1201.487548
1151.155704
1098.148376
565.5086362
699.5970748
754.4769846
0
0
0
0
0
0
0
635.5221909
483.2041013
0
0
0
578.9066513
626.8991351
0
723.8363658
0
0
0
614.6079866
750.925887
539.2373066
786.6293159
629.4573726
538.5892648
541.049681
549.6137665
0
556.4942947
647.477477
576.4479393
0
0
0
0
690.1148672
0
0
0
0
0
0
1165.203723
568.5898653
0
0
0
0
0
634.3728708
712.7931356
661.2350993
534.546915
715.6002386
503.8229658
680.1288546
587.468101
604.4923356
808.4995275
542.2572936
0
0
0
0
0
512.7481068
613.072568
513.2948531
0
0
0
0
0
0
0
0
0
0
644.9647378
0
0
0
0
685.879382
511.6159683
506.6009518
611.0974879
559.3656307
613.6832866
654.3654014
0
455.1278054
0
0
715.7826484
605.8719832
0
0
0
519.783033
658.8493781
470.3983933
0
0
0
0
0
0
0
0
0
0
0
625.4368787
0
589.9820861
670.1205845
694.4256653
612.225156
558.309385
0
0
0
589.4387707
653.5760998
660.9977041
538.2062354
0
0
0
0
0
0
0
463.888825
601.0263705
626.8606675
555.4982839
684.6021357
592.7579757
0
0
0
0
0
0
0
576.1167889
534.2382978
0
0
0
0
587.2212114
629.6889663
622.4035283
0
0
635.1317463
642.3673976
764.0455823
735.3457091
0
0
0
0
0
1244.470517
1187.182478
516.5100215
0
470.5506823
0
0
0
0
0
0
0
0
0
648.2272259
0
0
566.4934451
0
0
637.8848332
752.9029286
674.302865
675.9540428
719.0986408
737.3972884
770.7896171
695.1342888
743.0636228
566.6175096
0
0
0
0
688.9321942
462.9175916
0
0
0
0
0
0
0
0
0
0
0
647.0887725
0
479.0973361
597.4930033
670.1205845
594.3645311
0
659.764008
526.9715601
0
0
0
0
514.796458
775.2766849
0
0
0
0
518.4526591
756.0011924
652.8699069
629.5036412
0
0
0
0
0
0
0
0
0
571.8094365
568.5898653
0
0
0
0
0
0
605.469429
549.6137665
0
0
0
569.596787
650.1084581
651.8804012
0
0
0
0
665.1384557
660.4068517
513.7358716
550.9883042
551.6527683
0
0
0
971.0774924
0
0
540.7086809
747.6115145
624.4717298
622.1994792
536.2712411
0
0
0
0
589.5572913
607.5737569
0
0
798.3526955
1028.876378
0
0
0
0
0
0
0
0
0
0
0
0
645.4077309
1025.177671
723.6725385
0
0
603.2370567
665.3895575
0
0
0
0
0
0
528.9237181
639.502064
586.811506
660.0150259
617.6067123
613.9903627
462.8738904
0
575.9517723
0
545.0427518
0
0
0
0
0
0
0
853.4570018
0
0
0
573.4291163
696.5159479
477.0417826
0
620.5847367
597.2118535
620.1858779
0
471.4222821
647.770113
472.2037825
601.2624095
0
604.1511158
577.8842931
0
0
0
0
0
0
0
0
0
0
0
0
0
0
0
647.3153123
565.9993366
0
578.613103
572.076885
0
0
0
639.3982572
526.4928483
0
0
0
0
0
0
0
0
0
0
0
0
0
0
0
0
0
541.3924593
653.0509778
609.5377201
0
0
0
0
0
624.996808
568.0810918
0
0
0
0
0
584.2406896
520.212472
0
0
0
0
0
0
0
0
0
0
0
0
0
0
0
0
0
596.6525721
566.1636587
0
0
0
0
0
540.8221511
601.2755435
543.3102775
0
0
0
0
0
0
0
0
0
0
0
0
0
0
0
0
0
0
0
0
0
0
551.2865091
0
0
0
0
0
0
0
0
0
0
0
0
0
0
0
0
0
0
0
0
0
0
0
0
0
0
0
0
0
0
0
0
0
0
0
0
0
0
0
0
0
0
0
0
0
633.5062168
926.0700687
769.7499074
532.5294418
911.8929393
860.922984
806.3094361
747.708017
632.2701857
857.6868119
879.7887918
850.4073346
668.3172768
747.9161443
976.989743
939.757198
651.0196384
627.8081704
791.6910745
790.6162294
799.1227253
0
0
661.261514
727.6400142
1095.299785
1101.792301
0
0
0
0
934.0760378
0
779.237648
0
0
0
0
601.4991555
0
923.1097223
716.5783262
619.9430663
968.7033054
868.1571788
899.2090266
902.1828401
812.5223556
794.6663631
873.3441491
841.0610985
714.6928441
764.8761729
836.4060209
951.5695059
739.4732814
701.703837
653.2687386
0
620.385069
748.2215836
940.2908455
799.7464005
747.0803491
982.427799
0
0
0
0
0
0
0
0
732.2927312
0
0
0
543.6057717
965.9907091
928.2900481
845.9769243
918.2334053
953.2050025
668.716149
626.0568467
723.7095102
877.932636
827.471084
934.2578594
1182.75081
1326.46737
842.4444422
767.9947933
803.4742299
681.7927973
855.0065239
952.5108828
939.3122385
929.2874529
745.9003918
0
838.4592554
1033.066488
0
0
0
0
0
0
0
0
0
0
0
0
0
622.233453
696.7374977
448.4839902
860.4492196
774.4578943
991.3399537
593.349109
779.2645076
791.3184177
672.5357546
847.3455091
879.9145223
740.4255298
1125.435196
1158.024861
975.7340457
881.9041529
892.5233601
837.2239952
676.1083667
805.6442817
759.5140905
498.2123094
600.426346
829.7023015
0
0
881.1370352
0
0
0
0
0
0
0
0
0
0
0
520.0894679
0
625.3738711
670.7028077
441.1954967
650.8509886
825.3001082
867.315587
919.8503705
1076.898695
769.1142875
712.5461873
1044.440547
1020.750164
1013.083104
1048.946315
1006.777179
896.0586968
645.5188233
550.4941898
0
0
1122.083546
1158.928656
1124.760416
1080.721209
1075.535998
947.7685315
0
0
0
0
0
0
0
0
0
0
0
0
636.1539963
459.4968294
453.0824653
522.0453992
546.4248595
567.7078736
816.9172358
969.4492442
1010.420838
906.398686
893.4682248
873.627891
790.122191
870.5427517
879.5345082
844.0999284
565.9173177
871.1972532
1011.952634
924.3979479
794.4877331
764.4401076
698.0082313
648.975019
751.8160904
727.3348687
0
0
0
0
0
0
0
0
0
0
719.9712773
0
466.2621261
660.9187067
0
688.1014034
727.8694317
435.7130258
501.0827516
912.3090039
693.9503829
929.0208592
895.6419656
620.5098053
712.8248373
865.722146
759.4528372
838.3119098
874.9472618
912.6706075
858.7948137
786.5357448
954.883274
974.3706273
934.6794092
955.9430967
941.0272345
743.9440883
736.2561597
847.2057754
875.5508486
0
0
0
0
0
0
0
658.5464974
1244.126941
473.0506196
640.1872868
0
456.3366485
956.0881227
564.9727524
0
573.5201658
646.4125651
688.5777114
629.6425974
1143.509759
1049.715093
1039.708066
833.7762192
739.6510835
674.8251821
542.0834167
953.1748221
1191.611707
1035.571384
810.7573383
796.9347924
842.3348885
731.6066789
676.9771546
904.6440881
608.3450052
0
0
0
0
0
0
0
698.8180479
478.8583302
0
0
0
726.98383
733.6043694
1075.109622
640.7995415
630.8846306
635.2087704
570.3122951
627.400805
787.5217456
670.8919372
828.4149687
736.0857647
935.6028699
807.1474425
507.9908302
689.4132311
612.1649618
752.0868474
1015.028647
939.243375
490.3107207
627.1303074
768.2854024
816.7894925
750.5385653
942.1601713
688.0530925
0
0
0
0
0
0
0
0
0
0
0
648.5715903
686.3926374
466.3556784
0
0
486.0591119
479.6390702
0
0
523.2084971
626.7530506
647.9983792
671.1305358
672.545461
0
0
689.4228755
805.0381051
795.9936031
787.2110226
675.6241756
489.4336508
0
0
0
0
560.324458
706.0706145
0
0
0
0
0
0
0
533.7781325
480.7393858
534.2382978
0
0
1028.930821
0
0
0
521.5400736
614.2471411
689.4936293
743.6580055
728.1300191
698.1091084
690.8520174
734.8657411
774.9429933
693.989193
731.5802847
729.2262762
725.0729963
622.1994792
0
600.9478473
543.4874159
695.401974
698.5044039
706.2491625
690.3822955
686.040405
0
0
0
0
0
0
0
0
586.2416156
0
0
0
765.4673309
591.8447651
0
0
563.3890029
0
552.4317671
663.3452364
629.1677115
663.8369374
723.3198555
791.5936637
693.28003
686.9972723
889.8027304
1053.764292
1081.764417
1161.898584
917.5125044
783.5208253
773.4459963
778.5380081
889.7452804
694.3420765
795.6099395
708.8271945
0
0
0
0
0
0
0
0
0
679.0350794
0
0
0
0
795.9521024
565.0213023
0
651.1970589
486.5728425
533.0940127
640.3894008
959.5085891
846.2485332
680.2093699
689.3925677
452.5844387
731.7057134
661.526073
516.4521132
519.5389839
718.6739802
773.0397434
881.8753158
893.9294675
922.2261248
852.94163
903.7375978
0
0
0
0
0
0
0
0
0
0
0
0
0
0
0
641.4183478
580.0926193
0
452.1265763
592.1713395
613.4537327
542.3880027
653.2687386
624.6963638
0
0
0
689.0282166
744.786882
602.9346897
0
0
0
0
0
608.237445
644.1947533
0
0
0
0
0
0
1329.179878
0
0
0
0
0
612.9509696
558.309385
0
0
0
748.3235773
640.0577785
0
0
0
0
0
0
893.0570621
1016.636059
699.7877375
674.302865
641.7259594
0
0
615.1678483
662.9370539
539.8638527
0
0
0
0
0
0
0
0
0
0
0
0
0
0
598.020536
0
0
615.5432184
704.9785447
773.2946738
706.1255198
618.3447475
0
536.2712411
0
0
0
1144.87005
1383.558415
838.3023247
746.2720752
711.3933614
0
0
0
0
0
0
0
0
0
0
0
0
0
0
611.237595
567.6598579
0
0
0
0
0
0
544.3203767
594.0405387
597.7186533
583.1429799
456.1457703
694.6746968
0
0
0
764.8506281
1322.184171
908.9148575
627.7628112
0
643.7577317
656.7497741
0
0
0
0
0
0
0
0
0
0
0
0
0
564.698263
533.3212425
527.7312753
753.3131286
748.7470881
524.5477405
557.0699629
512.9116069
591.7052279
0
0
591.3574894
654.7995641
0
0
0
595.7109053
616.5685194
595.3447122
695.9884745
578.247799
0
0
0
0
0
0
0
0
0
0
0
0
596.8385543
594.2743972
478.6203977
754.9685322
518.6924002
0
0
0
0
505.7245652
0
0
863.9219916
798.4451401
0
0
0
0
621.8943334
557.5048797
0
628.4914705
702.5782668
465.5198851
0
0
0
0
0
0
0
0
0
0
0
0
477.2148685
712.7153625
0
0
0
0
0
920.1428352
1052.089333
0
612.9965478
0
0
0
0
606.0530976
548.7126919
0
0
0
0
0
0
0
0
0
0
0
0
0
0
0
0
0
565.9993366
0
0
608.6901643
629.3187166
632.9022741
0
694.9846929
1175.183152
858.3923458
695.0968691
586.811506
0
0
0
638.3229477
600.4783412
599.3935823
0
520.5210654
525.4122013
0
0
0
0
0
0
0
0
0
655.837684
557.9425438
0
0
0
0
0
0
610.3500994
637.0439795
625.6135498
892.7217933
0
648.5428429
742.4367906
0
0
0
0
468.1183178
661.6918045
729.3853719
798.2911027
0
0
0
0
533.7017578
0
0
0
597.8694491
646.7500314
535.7175801
0
0
0
0
0
0
0
0
609.6470262
620.5847367
0
523.4351128
781.5418505
708.8271945
756.6571368
705.8114533
660.2107322
598.6278142
575.9517723
548.2031489
0
0
0
698.7533955
662.1907728
836.2094983
0
0
573.6113293
652.2090425
624.891531
688.5251252
623.3279345
0
0
0
641.7107436
755.9451392
632.8060337
581.5259999
605.9694555
0
0
0
0
0
0
0
471.1129695
553.6859614
0
0
595.9314517
555.2867133
878.1069434
962.4416837
0
0
610.4163262
651.0196384
600.458839
627.3466366
0
0
0
0
0
0
0
0
609.9099644
585.8371634
0
0
0
0
0
0
0
0
688.000782
0
750.0714317
911.5501329
0
0
0
0
0
0
0
0
0
0
0
0
0
0
475.4532395
610.2618811
523.6300161
0
0
0
0
0
655.0668174
0
0
0
0
0
481.6739809
0
0
0
0
0
0
0
0
0
479.8208833
0
0
0
565.9173177
589.8969381
585.4348648
0
0
0
0
0
0
0
686.9233391
0
0
0
907.2750903
0
0
0
0
0
0
0
0
0
0
0
0
565.0213023
506.3073607
0
0
0
0
643.3848428
470.1455784
0
0
0
0
0
0
0
0
0
0
0
0
0
0
0
0
0
0
0
562.6337223
0
0
0
0
0
0
0
0
0
0
0
0
0
0
0
0
0
0
0
0
0
0
0
0
0
0
0
0
0
0
0
0
0
752.316444
0
0
0
0
0
0
1177.157643
783.4865917
975.5735886
1378.306949
886.4378137
721.9417942
812.3388129
748.5278362
705.6699967
596.3744277
0
807.5436662
844.5877837
754.1253515
891.32197
894.4201698
808.8731432
0
0
0
895.335614
928.9634953
747.3076905
0
0
0
0
0
0
0
0
0
0
481.4857501
0
0
0
521.7711673
0
663.3255917
706.4678038
691.9059947
506.8960228
1404.859041
1015.471426
726.2102444
796.2948364
751.7620148
1140.010062
0
876.1568796
0
991.8166767
790.8170675
613.4537327
656.0728879
867.6975334
1019.011792
875.5508486
794.9483502
0
0
0
0
667.2617483
972.6649966
944.8477482
0
0
0
0
955.4123729
0
0
484.5132984
712.6790879
0
1190.377168
607.4885167
998.1937667
889.4222124
628.3817739
863.2565022
632.2171849
735.5459211
846.6801928
792.5881465
929.831988
749.8851059
624.7338609
878.8116758
0
793.7244861
896.2564863
887.6822552
658.9652854
0
0
846.2896604
1001.100043
889.5818864
0
0
802.1984744
930.1001375
920.7881163
565.753563
0
0
0
0
0
0
0
0
0
1090.838045
1026.919615
967.9910815
1021.85003
447.9995442
781.1357951
897.8892871
877.0409859
782.4718413
919.7408319
703.8587789
676.4521919
953.5070973
0
798.3526955
801.0682142
1541.48413
900.2983871
856.1460663
650.4072551
0
0
0
0
736.6007306
1023.284981
705.359467
956.8312702
991.1215439
679.4871098
0
0
0
0
0
0
0
0
0
0
0
0
660.9977041
720.7333221
549.6623794
714.2088888
556.817518
840.6328972
773.5827173
754.7325831
1072.305696
971.8823788
566.7417905
1033.8913
983.2364175
1038.529739
828.4536337
1247.996321
744.8516595
829.7357559
888.0212383
1246.615849
1228.906958
1377.698296
989.1890747
1012.1855
1085.499373
1011.64259
860.0178955
802.0398855
785.6967409
0
0
0
0
0
0
0
0
0
0
0
0
589.1685555
0
634.5876804
547.6974365
683.6257896
744.9597036
752.622254
669.6468509
1395.673324
933.6947049
1064.896849
950.0382686
873.8669108
912.7987551
1002.442041
947.4578024
1068.960552
1089.274219
635.6413705
805.3303897
1163.21385
1137.940472
957.3558607
690.5967528
0
0
824.0776403
771.4933588
0
0
0
0
0
0
0
0
0
0
1330.846112
0
0
454.4608642
676.6325264
698.3561705
703.2389798
749.1427965
1026.983992
630.6591707
682.0761588
606.5357405
827.3106638
993.7899484
988.1569052
822.0654958
884.4867973
992.6616875
1022.21695
820.0202953
780.5772905
780.1222027
801.9822649
0
777.2132885
919.3869479
0
0
0
0
0
0
0
0
0
0
600.5563985
696.769187
0
522.1511983
0
756.7887674
0
1197.228779
825.9412589
653.7788769
648.9634674
566.679623
773.478447
720.7596958
770.4392756
762.1784697
853.2504055
898.9922215
924.5940215
915.2914882
939.7864397
898.0399808
811.4271272
715.4408857
0
0
0
746.7887135
810.249989
1098.148376
911.2975886
711.3137692
526.834412
0
0
0
0
0
0
670.9952568
0
0
655.0050744
0
643.6643627
654.2265768
653.0912647
0
652.9905809
470.3983933
676.3248342
621.194364
821.527514
603.0445082
631.0410656
664.3306299
781.6743426
1038.699006
1230.518748
928.3980954
801.3443965
783.0083089
726.9968114
860.3179213
1225.811763
1167.608268
1134.858465
722.6483863
740.6769659
697.252082
0
526.9715601
0
0
0
0
0
0
0
0
0
517.8573995
613.2248208
463.3567223
628.2174931
449.7006702
608.6685486
1014.923557
962.0283426
687.8962433
424.13015
640.2950233
935.6200193
708.903539
679.4871098
628.3391522
495.6823213
582.0304343
1165.486692
857.1844956
589.9820861
676.4177544
821.8724321
797.6296642
792.8431923
703.7187982
669.4265792
515.0221417
689.3168385
777.6043103
768.7313978
0
0
0
0
0
0
0
0
0
552.4587887
0
0
938.1780995
706.1896125
0
0
564.4569463
502.9257244
0
811.281231
751.343782
921.018412
785.9565193
838.507865
1055.804764
1098.74245
1025.592486
1234.446536
1241.938495
651.8505835
0
0
0
659.8197311
696.8597824
722.4921238
700.682689
779.6868916
903.9226565
0
0
0
0
0
0
0
0
0
0
509.6205351
0
795.2847302
578.9066513
0
629.2633171
825.9412589
0
0
439.9635962
0
612.202578
753.4252528
716.6227047
451.1207312
885.9963894
915.3834225
757.656278
1215.831246
1223.380809
697.1865938
662.431228
681.1807553
636.9934961
0
0
0
0
0
0
0
0
0
0
0
0
0
0
672.8809362
0
0
0
0
880.4689839
936.5450573
776.4626786
589.1910369
712.9953967
945.3501586
963.941121
500.7713914
498.5526467
788.0084111
797.2943456
797.7534242
699.4342887
515.4760596
0
0
0
0
0
0
0
0
0
0
0
0
0
0
0
0
611.3045495
0
0
0
0
0
666.7001823
707.3824841
831.3851098
615.7786969
687.9136588
625.9384072
806.2275674
830.6758127
1097.931437
1360.805988
1392.472851
1363.286175
1421.465211
1059.345537
1118.476824
0
0
0
592.3175803
613.7752886
563.976767
0
0
0
0
0
0
0
0
0
1227.513504
890.8115941
751.4785309
532.2676714
0
0
0
471.8376088
648.1127298
0
779.6977556
919.5001068
652.6170106
608.9004475
0
0
0
0
657.4654783
771.6110479
1195.396512
920.4651556
1294.709691
1339.612384
1072.201589
0
0
0
0
0
575.8341302
0
0
0
0
0
0
0
0
0
0
0
555.5689521
0
0
572.2333536
568.7602621
0
628.4914705
579.2013688
529.7313778
558.3645787
622.0395024
0
532.7672088
567.4920565
700.4149002
734.8786861
602.2136727
581.1461107
610.0857318
627.2203777
680.6399073
792.5192222
723.7916611
718.6846378
701.9702389
542.6064276
0
0
0
0
0
0
632.5946816
0
0
0
594.545114
0
0
660.4068517
636.7558953
0
549.8084283
647.5992929
535.116585
533.8290994
731.1128314
943.3537634
678.2950982
613.6832866
608.0584963
665.3107084
736.4945958
739.5921815
622.4886954
600.8694021
658.9459574
607.1484564
476.2414984
0
0
639.502064
0
0
0
0
0
717.2995364
0
0
0
1157.552823
1321.367228
1409.301595
1458.442445
1448.681477
1229.154161
0
0
965.2785739
1028.824502
0
0
937.5990699
609.2106849
511.2964098
0
0
473.9658046
584.7956162
0
519.2959041
609.1236983
621.0860041
0
0
0
0
0
0
0
0
660.0802155
0
0
0
0
471.7855096
610.0857318
692.7668721
763.3602111
809.0402802
1372.566163
1110.910897
0
681.2784258
1106.493455
785.1960299
0
612.6931721
544.3802758
698.1733548
633.6517928
0
0
0
0
0
0
0
520.5210654
0
0
0
0
0
494.7570866
0
0
0
0
0
0
0
0
622.3014417
627.5816157
1085.290669
1312.206866
778.2657016
0
697.3756164
0
0
0
463.9780616
629.7950466
669.9466085
609.9392325
459.5376498
572.9755702
618.1711801
619.7229407
578.6863809
745.1180959
791.6910745
0
0
0
0
0
0
486.469708
0
0
0
0
0
0
0
0
0
1314.601918
1292.788705
579.2752319
654.9742184
517.9759869
0
542.5481103
567.1159379
611.3417703
661.261514
593.2542229
548.2031489
517.2679059
468.3125908
622.0637217
577.5947724
0
0
0
0
0
0
0
671.7514039
0
0
608.237445
576.4005405
0
0
0
0
0
0
872.7107872
1299.344601
0
0
0
0
597.5681476
459.5376498
0
0
0
611.5654531
649.2353222
613.2248208
0
0
0
0
0
0
0
653.2929663
0
0
619.4924331
0
0
0
0
0
0
0
0
805.2491336
642.7822162
0
0
0
0
0
0
0
0
0
596.1526247
649.7581909
709.1482152
517.5619382
0
0
0
0
0
0
0
486.4010599
660.3414325
573.6113293
481.2358017
622.7105351
626.6992933
0
0
0
615.4492152
698.1733548
0
517.3265986
0
0
0
0
0
0
0
0
0
472.5725697
643.6643627
0
0
0
0
0
0
0
0
0
657.8890901
0
0
478.7392303
560.6279992
0
0
723.3456228
0
0
518.752483
0
0
0
0
0
0
0
0
0
0
0
0
0
0
0
0
753.2218479
0
630.0980983
536.4303043
0
0
889.8591754
640.9683574
568.335027
0
0
0
699.5710116
0
0
0
0
0
0
0
0
0
0
0
0
0
0
0
886.4166783
0
636.1197273
0
0
1090.25009
0
569.7912215
640.1274901
567.3246481
0
0
678.2950982
0
0
0
0
0
0
0
0
0
0
0
0
0
0
0
0
0
0
637.0843872
910.1541834
0
0
573.8855064
573.7939994
0
0
0
0
0
0
0
0
0
531.0112723
592.9348407
0
0
0
0
0
0
0
0
0
0
0
0
0
0
0
0
0
0
0
0
0
0
0
0
0
0
0
0
0
0
0
0
0
0
0
0
0
0
0
0
0
0
0
0
0
0
0
0
0
0
0
0
0
0
0
0
0
0
0
0
0
0
0
0
0
0
0
0
0
0
0
0
0
0
0
527.8703971
0
0
580.2422073
869.5538751
789.2589469
836.5957889
1126.275832
590.6237341
908.8832988
1218.792971
743.4829952
787.5015454
811.9456998
637.8557033
726.0725
1131.342396
1222.533984
2501.060817
1285.388787
0
0
868.0804717
827.4902818
787.5015454
652.2090425
600.9478473
797.5236792
876.4331608
1091.373952
1189.815094
1015.859269
715.3272079
815.2029559
0
0
0
0
0
0
0
0
0
586.3227663
667.5437864
617.1259261
821.380301
661.2134929
771.4933588
691.5107614
680.7149771
824.6780921
1371.28122
750.632219
774.4014984
801.0924171
933.1698965
757.1184919
952.7829583
691.4591916
1124.820717
1037.937471
941.9871911
0
685.674821
750.7393447
674.1211335
0
0
769.2787564
1576.920766
1152.799792
959.6056489
1045.5323
1265.17831
0
0
0
0
0
654.7585173
0
0
0
692.5477435
630.9975829
662.8938369
758.4467272
1005.311911
720.9246773
720.3602865
971.1296022
649.0327993
716.5679546
767.2285047
0
817.6629053
865.8515776
616.1726627
1227.372937
1274.703383
793.8685332
936.0213891
925.6852497
1143.017086
1095.040843
905.0232436
837.0301852
0
0
0
851.0878589
1442.28055
1253.710347
1154.14801
964.9424313
0
0
0
0
0
888.3788194
0
0
0
0
1253.56892
0
987.2768081
731.1237818
614.350078
707.4090166
644.8413522
631.4579837
795.2158529
851.5070652
823.6663699
771.4933588
811.2326348
833.4750504
0
831.9790027
837.4423551
518.5125061
0
0
0
683.4021809
865.8515776
857.3625371
673.8944503
885.1224424
621.6408911
0
1283.708658
1622.792035
992.622035
0
0
0
0
0
0
0
0
753.7018722
1335.840984
669.9272974
611.04448
0
678.8801129
729.5736909
862.1511962
729.3853719
655.2522965
768.1633847
730.1121716
1062.0408
966.9123816
1089.117616
1032.225457
743.7233325
739.4732814
1395.704252
1651.920166
760.5808948
717.5577704
710.4421958
787.9467034
0
0
750.694697
832.8746794
0
0
0
0
0
0
0
0
0
0
0
0
0
705.2561627
0
0
0
488.037567
543.9859366
632.223484
974.3392101
944.6050455
783.9035131
982.8140789
774.1292857
1294.726391
943.143751
893.5100992
1017.261432
924.9844465
719.1607378
0
621.0524926
783.4865917
794.3498724
877.6827622
920.8599726
950.8596952
671.4356156
0
0
0
0
949.423743
0
0
0
0
0
0
0
0
640.652092
0
1096.37587
916.7965935
675.7999648
1125.65106
854.8978739
766.031379
675.8153615
825.3001082
1058.421891
961.2010699
617.6871155
739.6794547
776.0476524
913.6930617
929.137855
827.0685547
802.2937212
835.2310444
699.3367408
564.89999
827.3507233
524.1527698
684.1539355
690.9193003
0
0
799.5286069
737.8779521
0
0
0
0
0
0
0
0
0
708.6350524
592.0545466
0
0
0
614.2214271
0
783.5648538
630.9505014
691.6948342
719.1477145
918.0314259
939.8436205
967.4938563
1001.010137
1181.994635
1183.339508
943.2888788
1005.839755
1605.631256
1728.626618
652.3288434
736.8771526
747.9161443
835.1748056
772.8983461
800.8723381
602.333388
0
0
645.2967765
600.5563985
696.7945456
0
0
0
0
0
0
0
0
0
643.2144568
0
0
742.5531489
779.1809635
0
713.5653135
614.1863754
664.0774751
760.8645998
795.8136172
869.9336187
822.4445466
761.6017431
993.6406842
1110.725608
1089.117616
864.1906094
481.5484202
686.9233391
504.01035
0
0
564.89999
708.2943334
707.110472
1330.467
545.2852963
625.2605756
0
677.1175103
0
0
0
0
0
0
0
0
0
0
0
639.2945728
730.1489441
1105.124009
1071.415473
850.0457117
775.1086823
0
628.3739438
657.3651557
724.3293338
764.603742
734.3324209
697.5965861
882.9125274
845.9856021
810.5541638
693.5375899
809.1288507
1061.812903
1014.277987
751.7147193
857.7192794
914.557898
862.9666483
1135.891984
836.2094983
885.1554911
719.9712773
0
0
0
0
0
0
0
572.2557338
637.753825
528.5002762
0
916.0797373
740.7843663
0
0
1020.322872
1048.620252
597.9113884
713.4688457
935.5661271
676.4177544
571.720506
810.8399676
902.1435369
679.2475387
0
521.519108
821.429128
863.6305738
891.9302442
840.0897443
770.8853413
748.7324583
668.5661321
705.359467
736.8771526
746.4010166
0
0
0
0
0
0
0
0
0
639.4190088
655.2522965
0
0
701.9435677
0
0
0
813.7426714
1086.734191
728.1690908
648.3418678
620.0533476
591.4070701
594.4096374
546.2489827
770.9358929
816.2585432
869.2851555
0
0
646.7500314
732.321711
950.7968978
0
0
0
0
0
0
0
0
0
0
0
0
0
0
0
0
0
478.3835301
474.897381
0
466.1221217
539.5289481
609.2106849
769.4617631
743.2431646
685.4366987
749.9596001
815.3886282
442.5757151
666.8402614
1774.963009
822.8351965
664.8853473
0
0
0
0
0
0
0
0
0
0
0
0
0
0
0
0
0
0
0
0
0
0
675.9026562
578.833155
0
0
0
557.9791408
603.2707241
1048.529284
1051.875938
1008.249165
953.4693065
842.0829268
830.0981953
1170.488709
848.803996
1212.327798
1231.556431
1235.136768
1053.87449
686.0729667
714.9869002
616.870645
643.1061992
546.1104588
0
0
0
0
0
0
0
0
0
0
0
999.3992029
1072.332897
0
723.7380398
595.9130489
0
0
0
596.8199361
0
0
773.9563756
578.5545329
524.2403246
856.4155085
870.6659206
720.6855363
588.4303624
604.1511158
618.5767368
698.8062899
622.4886954
466.9206564
593.1121121
701.1069376
477.4465383
0
0
0
0
0
0
0
0
0
0
0
0
0
647.5424249
569.8778057
633.3850904
718.4397808
0
650.5482074
675.7691786
569.7263516
0
975.9432372
1012.961426
906.1597828
735.1325592
789.1944415
964.1048792
812.3712373
705.454916
724.1318785
0
663.9414432
547.3206352
595.9314517
621.8943334
559.4964568
641.4979963
643.9759743
574.0688659
0
0
0
0
0
0
0
0
0
0
596.0972725
0
0
1314.255968
1234.227298
659.7222376
714.422127
593.5392314
0
0
653.7788769
1062.600005
851.933009
810.5541638
838.6001023
810.2032552
594.0046231
534.6501173
643.512847
655.6243836
662.4133953
615.6216364
466.5433041
519.783033
588.2969106
0
534.4696218
660.2107322
651.3748269
612.0897816
0
0
0
0
0
0
0
0
0
0
989.6332229
676.4177544
756.7887674
471.8376088
650.6490221
606.0530976
0
0
644.8267521
604.6292333
457.4587515
0
574.7605975
606.2206441
456.8364666
507.6402634
650.4600865
660.1128275
677.3518887
732.6676373
523.5000125
0
0
670.8854834
727.4734659
621.4891931
0
0
0
0
0
0
0
0
0
0
714.6928441
0
592.4934365
592.3175803
721.6672052
677.1175103
0
468.4587836
576.5190948
716.310584
633.8706167
616.0148503
512.4765964
0
0
0
514.068776
616.9662831
575.4589394
0
467.8765152
0
0
0
659.5275574
0
0
0
0
0
0
0
0
0
0
0
0
0
0
0
558.9003898
603.5000416
620.1361543
654.1450136
811.2178482
706.0854819
548.7766567
550.0688522
600.7910348
614.1443332
614.8407989
513.6805665
0
509.260172
548.8406822
760.6801141
622.3184475
0
0
475.8458862
0
0
0
0
0
0
0
0
0
0
0
568.335027
531.3046745
525.9501909
579.7199626
551.5860288
0
737.1146297
465.6582257
0
468.2153616
572.2333536
576.9474806
581.6784991
0
556.9255959
660.4068517
672.1740819
595.0529953
0
688.7883333
760.4251466
0
636.0398185
0
0
0
0
0
0
0
488.0022328
607.8086338
610.0857318
0
598.3425665
525.7479016
0
525.3452773
584.5572893
654.5126221
841.6665682
596.7455077
625.8792495
522.4696874
0
0
0
0
0
584.2406896
580.5422897
603.0152084
518.2138568
0
793.9921322
686.1870167
0
0
0
0
0
0
565.9993366
640.9683574
0
0
0
641.8173094
568.5898653
0
0
0
764.8359423
629.5962536
0
517.7390427
0
0
0
0
0
0
0
0
553.4798965
609.8222235
472.7314298
520.2740666
0
0
0
0
0
0
0
0
0
0
0
641.2857596
699.3367408
802.9943479
706.7327743
0
0
0
0
607.5737569
604.1511158
0
0
0
479.4578771
0
0
0
0
0
0
0
0
0
0
0
0
0
0
0
0
0
0
0
537.1509604
1089.697623
0
0
0
0
0
652.1748426
0
0
0
560.932863
582.0611159
0
0
0
576.0224482
735.22877
729.4223378
0
0
0
0
0
0
0
0
0
0
0
835.597155
630.4343013
0
0
0
0
0
0
0
0
0
0
0
0
0
0
0
0
0
0
0
0
0
0
0
0
0
0
0
0
0
0
0
0
0
0
0
0
0
0
0
0
0
0
0
0
0
0
0
0
0
0
0
0
0
0
0
0
0
0
0
564.8595986
564.3766898
0
0
0
0
0
0
0
0
0
0
0
0
0
0
0
0
0
0
0
0
0
0
0
0
562.4773862
637.0439795
562.3213967
0
0
0
0
0
0
0
0
0
0
0
0
0
0
0
0
0
0
0
0
0
0
591.1265353
594.545114
0
0
0
0
0
0
0
0
0
0
0
0
0
0
0
0
0
0
0
0
0
0
0
0
0
0
0
0
0
0
0
0
0
0
0
0
0
0
0
0
0
0
0
0
0
0
0
0
0
0
0
0
968.8092216
992.5555779
775.4888803
982.2410541
800.3081392
715.7826484
745.1793483
860.6893982
819.0428372
821.3897938
894.0945305
0
0
962.9152728
0
0
0
0
725.0729963
850.7958081
872.1341974
565.9993366
759.9929603
911.9803753
907.7513347
0
0
0
0
0
0
0
646.4125651
703.8817029
0
0
705.134208
836.4457371
559.1419271
732.4812353
0
1077.250229
557.4049698
732.7068372
893.3917877
797.9835818
789.6610581
930.7234338
1217.066025
0
0
923.0305339
1081.159127
0
0
818.7185961
877.6389496
864.482169
805.4349363
833.2603318
865.6089869
797.7994227
0
0
0
0
0
0
0
1115.692947
1422.333451
699.4830974
545.2852963
598.1529765
825.8231383
0
543.9621123
0
946.4371724
594.545114
815.4195988
782.1357627
876.2732083
0
697.252082
903.5489861
850.9174233
912.7055467
0
0
1291.536345
862.9666483
900.4690885
875.5508486
958.6213884
0
0
0
0
0
0
907.7513347
788.6581791
0
0
0
0
0
0
742.8445674
0
0
0
0
512.9116069
823.5888576
1087.782348
704.4675549
675.5437123
657.043803
816.3782501
649.1484711
970.6132673
601.5386821
882.3554481
1252.996531
886.6644484
1301.410158
1528.859888
789.6610581
895.7953682
0
824.0027708
902.4220319
0
790.3823214
813.6351392
0
0
0
0
0
0
0
0
0
0
0
820.2020904
0
0
0
1191.585949
542.0834167
818.2798075
0
0
741.3949021
803.7033709
991.7407161
785.038327
831.9790027
744.4819969
718.1560809
981.0996921
1233.244811
0
1148.30612
766.1840391
1215.222919
1202.485425
1656.58946
913.8276384
775.2766849
744.4312619
0
0
0
673.969952
881.9762699
701.703837
0
0
0
0
0
0
0
0
0
0
0
1410.288731
619.5582273
560.3812717
555.1811714
570.7845035
948.7102604
601.6285889
881.8567263
905.2511251
892.6237597
749.9383111
1115.468131
703.7187982
1143.112565
936.198771
0
0
919.5001068
1157.230261
1000.497972
1447.21083
1199.899183
0
541.049681
774.5105539
712.7456008
0
0
0
771.4933588
824.0027708
928.2100587
0
0
0
0
0
0
0
0
0
561.7781429
719.7127158
0
1137.045844
614.1443332
1018.159931
767.2273193
518.0591357
684.7594871
874.9546986
1168.016609
1016.214905
713.8827523
829.9701659
803.6345861
622.9158315
803.3598111
923.6940215
624.1234833
802.6754111
897.3687762
783.8293525
0
616.9662831
767.4638281
701.2260412
756.4599675
776.0476524
1002.570355
866.1756561
831.9790027
762.8697885
0
0
0
0
0
0
716.6073719
0
0
0
0
541.3352054
0
708.3193486
752.5621976
765.0892103
817.9387486
854.3939693
826.9633267
955.9430967
1286.131273
804.2376927
1196.069431
700.1197323
0
920.4006404
821.9968192
830.6758127
1749.135829
1829.929012
1902.332668
2311.34716
1601.794101
963.4099609
1096.222424
1058.307674
559.421669
0
757.1184919
665.5869698
0
0
0
0
0
0
0
0
0
632.9986218
0
953.1839458
1239.453869
1081.597956
854.9773161
726.1980835
605.0476008
612.8989113
848.9423418
612.7689105
544.021689
933.5576387
1036.928131
857.8664294
526.1531365
0
690.3822955
726.1980835
707.3269139
1008.335419
968.5369938
804.3102542
830.8474271
800.660474
867.0868936
889.5818864
793.8391226
821.9020377
830.6463381
942.3866437
0
0
0
0
0
0
0
0
0
0
0
819.5944376
1076.105853
587.2486039
480.7702769
870.0101995
828.4536337
772.4013968
753.6895391
913.1954966
923.3109115
816.3342636
895.6419656
688.9641914
1052.718496
1009.538663
942.203444
1054.953181
925.6852497
1085.545214
971.1057166
969.3234083
1140.81298
1151.587098
1034.098798
776.0476524
688.7883333
0
0
0
0
0
0
0
0
0
0
0
658.5602433
0
573.7254444
588.3636073
1040.48631
788.1241948
731.8445106
699.5710116
768.2194694
494.2539714
840.4027632
1125.267445
1019.656849
736.744385
732.839099
774.5105539
813.2616065
763.9143636
888.4519764
973.1668673
1165.527268
815.5187533
916.8171655
874.5356808
729.6443935
567.6178706
0
0
0
0
597.6809998
0
0
0
0
0
0
0
0
0
783.2130618
480.9250013
613.499592
649.4092757
0
0
0
589.5936099
864.5165353
810.405698
809.518406
694.7607118
616.2042614
699.7505216
660.7824143
601.7366121
627.4395178
683.3744478
749.2851777
809.0402802
729.2913331
747.0046686
829.0349259
800.660474
759.8822793
711.9407585
702.1036982
723.6959273
693.28003
731.3242105
774.3197707
0
0
0
0
0
0
0
0
0
0
675.3775118
639.9185206
0
614.8407989
673.1767188
778.3025501
871.1165009
711.8988433
840.9145338
977.9350224
965.4617455
1190.613259
1070.140026
452.5844387
604.0830467
546.3877943
0
0
0
600.9478473
739.2263699
817.9344096
698.8365275
675.0332373
679.0881508
683.9863833
506.8960228
751.4785309
708.7204055
0
0
0
0
0
0
0
0
0
0
1004.797724
0
525.0782964
542.840213
613.9464241
1003.372677
969.909195
545.3308718
701.4225125
771.2357478
934.403101
1057.949445
1176.217162
1302.778734
1162.898871
742.1899245
972.6649966
886.2929438
0
479.6996055
757.7041297
730.710408
703.9904484
699.7764384
587.6331414
0
635.1952863
705.7144337
768.4834186
0
0
0
0
0
760.6375814
1241.423869
0
0
969.191046
835.6844671
527.5231678
803.4159677
768.6707335
732.8543529
676.8412457
1033.031373
559.5563449
842.6326566
608.3450052
517.6799505
638.1211429
886.4378137
718.1560809
544.9822534
574.3447724
965.4703849
999.6109601
0
0
623.5347456
640.1274901
0
670.8489203
715.9539412
732.7120649
776.6820784
871.0651105
0
0
0
0
0
757.2837023
0
0
0
486.1956335
1060.403247
0
0
583.2208574
656.3731115
632.299109
454.0942843
0
0
680.4326817
629.3803138
575.2907285
669.8308008
779.3614137
781.8789512
681.5363878
702.807203
801.4525384
1116.984328
679.5670977
0
478.9776984
623.1216306
0
0
0
0
0
0
0
0
0
0
0
0
0
0
1525.750148
1258.219758
0
0
0
756.324847
664.7880351
461.4528607
0
454.0942843
639.640664
529.1601962
601.6705804
612.3801451
825.8364479
857.8055216
894.635083
846.7687907
832.336574
1066.828436
942.1193127
871.3761334
863.9219916
618.5117144
612.8598893
0
0
0
0
0
0
0
0
0
0
0
0
0
0
628.7663302
0
0
620.9687725
597.2680026
637.5359128
510.2434524
0
714.6025285
536.2183069
669.0814651
506.9947109
0
459.7832859
509.1064009
576.5190948
696.9191248
609.0368052
585.8371634
581.3738118
613.4078991
599.0097649
622.6080747
655.4115777
617.3499454
626.806842
0
0
0
0
0
0
0
0
0
0
684.9114562
642.6744842
526.3567424
665.0352553
661.791385
602.693622
553.1378285
0
460.6110246
766.1382206
456.2984128
589.8458948
0
0
0
0
508.4446505
630.5948622
516.5100215
617.4461397
595.1987168
0
0
636.4400969
662.591876
534.9347794
0
0
0
0
0
0
0
0
0
676.767001
616.2042614
752.4941712
715.6582443
711.0356682
772.815248
656.6554638
581.8313106
552.2563877
750.3826442
513.8466347
463.7108277
601.7366121
603.1764912
594.3284649
637.753825
623.4312765
0
0
0
0
0
0
0
0
0
0
0
0
0
0
0
0
0
0
533.9311549
0
0
476.8118836
475.4532395
560.1731802
580.2422073
0
0
468.8998953
0
552.1217869
0
0
0
0
463.224577
569.7912215
611.7897523
0
0
0
0
0
588.0473176
683.7077602
0
0
0
0
0
0
0
0
484.3148836
607.595081
0
0
0
0
842.3575226
647.4287968
623.5347456
778.3901097
0
0
707.6162019
560.1731802
524.5477405
0
0
526.5610123
660.7721748
738.9397773
629.8746932
0
0
525.9501909
520.9557178
588.7147264
0
0
0
0
0
0
0
0
0
0
0
573.5201658
663.3992806
710.9642749
1357.892834
1310.990031
1249.173058
1183.956799
1246.172557
1099.280437
614.7010323
590.4092534
627.6721653
639.5614373
625.3486812
694.5372245
586.4853292
0
0
0
0
0
0
0
0
0
0
0
0
0
0
0
0
0
0
0
857.8765252
671.546023
0
0
0
0
474.8421191
667.8620867
743.9950927
683.1528641
642.8284272
516.6260043
662.9947075
716.9298247
696.4527363
586.079575
0
0
0
0
0
0
0
0
0
0
0
0
0
0
0
0
0
0
0
0
0
0
0
0
0
0
0
0
0
0
621.3041569
648.6291125
0
0
0
0
0
0
0
0
0
0
0
0
0
0
0
0
0
0
0
0
0
0
0
0
0
0
0
0
0
0
0
0
0
0
0
0
0
0
0
0
0
0
0
0
0
0
0
0
0
0
0
0
0
0
0
0
0
0
0
0
0
0
0
0
0
0
0
0
0
0
0
0
0
0
0
0
0
0
0
0
0
0
0
0
0
0
0
0
0
0
0
0
0
0
0
0
0
0
0
0
0
0
0
886.2002086
1011.944015
946.6319508
0
0
0
0
0
0
0
0
0
0
0
0
0
0
0
0
0
0
0
0
541.9099969
0
0
0
0
0
0
0
0
0
0
0
0
0
0
0
0
0
0
0
0
0
0
722.7109544
791.6362716
667.0608059
596.559747
0
0
0
0
0
0
464.3366063
654.6047554
645.8529312
0
0
0
0
0
0
0
0
0
0
0
0
0
0
0
0
0
0
0
0
0
0
0
0
0
0
0
0
0
0
0
0
0
0
716.1942139
642.5668829
0
0
0
0
868.6182604
715.1852809
0
629.6757154
904.7627619
643.4455333
770.2229054
641.0211786
634.4568634
553.3428639
0
0
0
0
0
0
0
0
0
0
0
0
0
634.7514795
982.4979704
882.1446764
0
0
0
0
0
0
704.741175
0
683.4021809
0
670.4112519
509.0041087
447.3295965
737.3309552
660.4068517
1303.026298
1147.758546
758.1132586
979.4580182
943.7614053
1016.814709
0
0
0
964.1048792
1218.586818
635.6413705
0
0
0
0
0
0
0
968.7225582
0
786.9573665
0
0
0
0
0
0
1272.636949
1773.193862
1424.573657
564.3766898
1038.075508
936.2410326
897.5506006
908.922111
797.3377016
1178.77845
872.8800308
659.949882
997.0438657
943.934753
728.4285924
881.1848663
0
0
0
0
0
0
0
0
0
0
0
0
0
727.7164334
0
0
0
0
0
0
0
0
0
0
0
0
0
0
724.7201023
962.0283426
860.0799415
869.9265518
967.4792961
847.6697234
700.9879716
0
1111.331269
908.8592583
0
0
1333.746783
1038.27868
801.7232899
939.243375
1004.984538
602.1339629
0
592.0545466
931.8198797
886.2002086
871.9654043
898.3485837
0
0
0
0
0
0
0
815.9057493
0
0
0
0
0
641.1798321
0
434.668308
720.8586545
831.3851098
830.4570097
827.0685547
793.1613006
908.270616
1213.704514
0
0
0
0
0
572.1662542
0
918.0102383
880.4689839
0
0
0
0
0
0
0
0
0
0
0
0
724.8245444
0
0
962.9482085
957.7240207
638.3668799
528.5941292
718.704834
563.1048235
781.1696884
681.0246847
949.7542364
818.3951387
1032.708609
1184.502729
1177.926099
0
0
0
0
814.6782892
977.6051794
2051.056117
1890.813154
0
569.7912215
699.3367408
823.8905442
644.4140711
0
0
0
0
0
0
0
0
0
0
0
677.4692904
1516.731479
587.3034187
740.705596
541.1066868
926.8475838
754.6743632
787.8474178
711.4484989
778.9167805
840.5731454
1005.246391
891.4818097
1239.883879
1455.415842
1202.485425
940.0889017
851.6003894
620.385069
0
0
0
0
729.6443935
717.1607448
0
0
0
771.8130668
0
0
0
0
0
0
0
0
0
0
533.0184482
562.2435315
468.1668166
0
0
0
719.261722
1081.131973
544.9520248
786.0107079
649.4013614
817.9919139
716.6073719
850.5043538
863.9219916
999.9644253
0
1417.88403
0
811.7011183
839.9413412
766.2986621
788.5970373
844.0999284
689.8481505
0
1644.026148
1499.277143
868.4644065
894.2543043
710.4421958
702.9080957
651.9699129
746.4010166
0
0
0
0
0
0
0
0
0
0
598.7040557
1110.977109
1012.712092
962.5796815
758.0599913
738.2599114
807.9528012
790.2859143
772.7327792
878.9385162
1570.284151
833.0031103
732.8009735
0
868.208339
735.024421
854.0416421
680.5967682
773.1813054
744.4819969
1090.570593
1116.068145
1117.359366
865.2700319
1904.755918
1972.498073
2132.013928
2458.834198
1606.013465
882.9895268
0
0
0
0
0
0
0
0
0
0
1196.703642
1070.046874
688.7404257
942.2755899
702.8368671
0
457.812305
686.9123908
816.7894925
947.5639709
961.8907791
851.6003894
721.8865697
770.7136236
963.8729335
1121.996405
1050.617068
789.9490684
766.1500978
751.4785309
0
0
0
0
717.9962047
798.2141534
878.8116758
899.7045717
690.9193003
776.3795607
740.2483818
0
0
0
0
0
0
0
0
653.5182461
0
842.8972934
764.5951804
1295.057926
571.6849644
583.2765338
609.9538706
894.3024406
871.327936
852.0503664
859.5486866
871.3192311
772.6160442
826.8286493
789.7329989
1011.859568
1344.696407
1188.677584
1045.639848
795.7352411
987.5588461
803.0233811
724.3293338
680.2093699
626.4131608
790.5560402
616.8069477
0
0
0
0
0
0
0
0
0
0
0
0
0
537.3929692
1257.1516
0
825.2056797
642.818156
672.9757699
1031.194124
987.021802
915.0710599
768.0877118
854.8776516
739.5267709
929.0894033
772.7186235
775.4689713
743.6131149
709.4995426
743.0835579
681.7401868
800.7108863
880.9961473
832.5754723
802.6754111
0
509.4143445
678.1057228
789.5172995
715.5546849
524.8124538
0
0
0
0
0
0
0
0
0
0
0
1189.815094
0
789.3880569
629.477199
717.9437972
945.7531598
636.6774916
636.6774916
724.9834883
719.9712773
692.3750829
1301.485834
800.9875707
642.1021138
569.0808507
596.8199361
601.7366121
623.638342
0
795.195602
890.8115941
679.9335933
590.2096119
593.8252948
772.8418332
835.3355487
747.0803491
684.3553741
656.5612501
0
0
0
0
0
0
0
0
532.0441475
0
531.231197
841.3738576
601.8953133
731.7057134
562.1657524
552.6448522
0
587.4131672
688.2626092
658.0067424
687.7048732
853.4688576
608.5297283
0
752.7019558
712.6688589
0
656.0514808
704.741175
562.3993482
477.5627564
802.3946473
967.329053
0
0
0
0
874.4167014
651.07874
0
0
0
0
0
0
0
0
0
0
561.0092869
724.9486995
0
510.9785584
0
585.9340347
0
0
0
607.3061627
559.1530952
517.0142243
702.7656875
722.9383573
666.7765633
951.1635403
879.1888863
732.0033492
613.9596032
647.0887725
626.4846036
536.589759
563.3415601
690.9791452
0
0
0
662.9947075
795.7352411
0
0
0
0
0
0
1450.376388
0
0
0
1559.400873
886.4543565
0
0
511.7763929
665.1269834
673.5861948
0
722.1283852
0
0
655.9563986
647.770113
564.4168067
616.9662831
864.7550299
930.6962851
841.9732389
647.34367
656.2791863
0
618.8047169
595.9130489
520.8934361
0
0
0
488.713279
703.8205836
0
0
0
0
0
0
0
0
0
0
612.7689105
474.0745409
0
0
0
458.2877213
501.7556904
0
534.8052316
0
0
0
0
0
0
590.6667023
702.9080957
722.0074099
693.7711871
952.0018988
697.0230571
643.4313684
745.915763
839.0436934
652.5689193
619.1478642
0
0
0
0
0
0
0
0
0
0
0
0
683.6521298
0
0
0
737.5910975
677.5397997
562.3993482
591.2881302
591.0113184
506.1124489
0
0
0
0
0
591.9845559
650.3720513
781.2867298
707.5528517
715.5546849
528.009827
617.8320382
760.2252001
706.8864863
567.2410908
0
0
0
0
0
0
0
0
0
0
0
0
637.0843872
726.5069468
0
568.335027
589.8969381
714.7914577
595.3447122
635.0470986
570.3122951
658.0590805
625.5251682
584.4621694
0
0
0
0
0
0
679.887706
676.9356066
732.0033492
691.5795622
660.2107322
684.4057979
670.2450477
689.18445
671.3725829
0
0
0
0
0
0
0
0
0
0
721.6935055
604.5607551
531.0844961
0
0
845.7064448
580.3171144
773.3703115
0
594.545114
705.5663838
546.9459385
0
0
0
0
0
461.5378365
633.2054437
0
0
0
0
0
517.5619382
614.4222108
0
0
0
0
0
0
603.9470827
598.5326163
648.5715903
624.4717298
0
0
0
0
848.4118267
889.9510877
881.7240106
655.8109943
0
726.4676777
638.4108341
0
0
0
610.3795269
680.791044
708.9340924
552.054586
552.7295945
0
0
0
0
0
0
0
0
0
0
0
571.8984764
481.0491045
0
0
0
0
0
0
0
0
922.1678943
681.7682422
809.2554839
657.2227794
576.1640047
771.0237433
0
0
0
1181.715929
1134.976522
1081.764417
1047.04325
1060.249018
1080.393364
878.153823
0
0
0
517.5619382
0
0
0
0
0
0
0
0
0
0
0
564.4569463
654.2498939
0
0
0
707.2366753
660.4349026
591.9670681
612.0447068
1042.582745
1206.753545
1222.77664
0
581.6022105
797.3985373
699.9234238
550.0036522
0
0
0
0
0
0
0
0
0
0
0
0
0
0
0
0
0
0
0
901.6692272
630.2100196
477.4465383
477.3885253
0
0
637.753825
606.0530976
603.6623117
551.9874515
0
0
0
544.2605316
616.489196
593.6821308
0
0
0
636.325544
0
0
0
0
0
0
0
0
0
0
0
0
0
903.2838026
796.8369075
0
0
0
0
0
0
0
0
0
0
0
0
0
0
0
0
0
0
0
0
0
0
0
0
0
0
0
0
0
0
956.9749516
878.6057878
604.2533285
0
0
0
0
0
0
0
0
0
0
0
0
0
0
0
0
0
0
0
0
0
0
0
0
0
0
0
671.7672207
945.4808453
742.9905574
600.7518803
599.4898303
596.0972725
527.5924605
831.622359
1092.719606
1080.64831
0
0
0
0
0
0
0
0
0
0
0
0
0
0
0
0
0
0
0
0
598.9141028
1012.400569
761.2804729
537.2315298
0
538.3701153
599.6826802
599.9728442
877.3763421
1279.922956
1119.09272
1133.74163
1126.612965
1082.699028
1209.558821
1143.941712
906.1693806
0
0
0
0
0
0
0
0
0
0
0
533.0940127
964.358261
630.0980983
0
0
571.720506
649.3802602
976.3572796
1000.051535
975.6126918
958.6213884
962.9482085
949.423743
858.6150023
0
0
0
0
0
0
0
0
0
0
0
0
0
642.5668829
938.7184376
0
0
0
0
0
0
0
0
0
0
0
0
0
0
0
0
0
0
0
0
0
0
0
0
0
0
531.3782369
621.5902946
0
0
0
598.5326163
660.4349026
641.0740315
0
0
0
0
0
0
0
0
0
0
0
0
0
0
0
0
0
0
0
0
0
0
0
0
0
0
0
0
0
0
0
0
0
0
0
0
0
0
0
0
0
0
0
0
745.352223
0
640.9683574
1393.71591
698.7533955
840.5984771
569.5838434
507.6569097
571.1892058
812.4161692
660.1527022
0
571.3658727
1001.902685
1141.912399
0
0
0
0
0
0
0
0
0
0
0
0
0
0
597.4930033
0
0
0
0
0
0
0
0
1177.910182
0
0
649.8456306
765.4395455
580.5047131
661.3936996
978.5481183
0
880.7323357
819.8387461
952.7829583
0
0
0
0
0
0
0
0
0
0
0
1161.844251
0
0
0
0
0
1211.303894
0
0
0
0
481.0491045
1430.956239
1529.391201
1392.929455
445.8333278
486.469708
588.5891408
750.4345945
718.6596851
1763.919887
792.4909005
864.2418306
872.2017684
0
0
0
0
0
0
0
0
928.6401724
0
0
0
0
0
0
0
0
0
0
0
0
0
532.8675862
747.0279496
0
1095.710021
1112.055613
1070.646028
953.3465434
917.0015092
811.9285715
738.2480205
0
1079.123238
854.9081635
740.9840952
0
0
0
1259.340612
1240.660982
868.4644065
0
0
758.1132586
1104.366892
0
0
0
0
825.8680634
847.9077656
0
0
0
0
0
0
0
0
0
0
661.9686797
767.8903457
740.7383251
0
700.07062
802.2641544
780.9636786
1009.588486
905.4495616
961.980343
0
0
0
0
898.1147376
727.8439171
0
0
0
0
0
0
0
0
0
0
0
0
0
0
0
0
563.5790937
0
0
0
0
720.7333221
744.3425299
511.580377
600.4003612
762.1464131
596.9783324
690.3822955
983.201185
1004.845403
969.2431769
0
0
0
0
0
0
782.5998132
1786.871095
1536.202957
935.3137391
833.0545162
804.6009057
0
0
0
0
0
0
0
0
0
0
0
0
0
705.4835677
988.5095217
0
662.0574536
598.6913437
611.7149172
749.2024833
778.9167805
924.0022019
839.9413412
0
1444.095104
802.1734211
0
0
751.0075939
1064.540278
785.6967409
0
0
594.545114
2117.10311
771.4933588
912.2867781
1014.372787
1110.139883
889.9224868
890.8115941
818.3951387
655.997985
0
0
0
0
0
0
0
1408.633683
926.1557067
0
604.1511158
0
669.1212221
835.1290466
571.0349757
651.7994903
836.1287721
0
970.0156037
804.6009057
1071.671092
0
0
991.1215439
810.0475958
931.4745002
707.8699867
0
0
653.7788769
0
0
0
656.7497741
554.8655143
0
0
0
0
0
0
0
0
0
0
0
0
715.4788053
532.7170791
630.2473592
698.8062899
602.0202305
841.4036806
799.5695174
613.7186598
830.5118606
666.4904523
728.0993296
1363.160047
820.7489573
0
0
0
0
0
792.1303535
538.0427669
813.6351392
0
0
0
0
0
0
0
0
2493.854109
1836.403058
836.2094983
0
0
0
0
0
0
0
0
0
758.7811434
644.8858627
738.43783
743.4296558
824.9110138
652.8957522
784.8857867
650.4739947
779.5565973
724.033285
824.3400103
815.9938601
616.9662831
1009.844033
0
792.886966
818.1261871
786.9573665
885.8570335
666.4904523
0
0
0
845.0773331
859.5162973
865.7976339
1138.147422
1273.062082
1316.454034
1310.0262
1225.461074
793.9028542
0
0
0
0
0
0
0
0
0
469.6936305
0
797.7743305
677.4372577
1445.395405
564.1364649
538.9966427
799.800078
861.9440912
797.2062497
745.8604363
762.5236261
949.6798197
0
1165.42532
1245.195248
1078.605572
804.185888
738.7188178
865.3762865
782.9673988
924.3835784
832.6674668
652.8699069
578.4667646
722.6136418
878.9385162
881.7240106
841.2078168
533.7781325
861.3358435
1099.338158
0
0
0
0
0
0
0
0
0
0
0
932.1015345
1223.521822
1012.060075
983.6530374
732.2306572
673.6682998
1165.901977
622.4035283
959.6704362
738.4799335
708.3794094
784.2714372
788.8009589
949.8507507
823.725674
810.7573383
939.0828034
1016.566286
953.3056419
811.0626891
932.4579935
625.3486812
0
0
0
866.5891555
895.4062569
914.3047403
834.2292085
0
0
0
0
0
0
0
0
0
0
694.6489066
815.2715437
739.0469726
501.4855689
0
632.0399493
682.3263378
1046.000502
1171.372092
776.2077716
1314.709367
1231.702631
1099.90522
675.1249239
671.1907214
655.7309719
810.2339992
801.3680448
797.9177803
861.4435876
983.0819873
728.2089743
1111.347486
0
0
0
0
0
0
0
0
0
0
0
0
0
0
682.780068
676.5340301
0
474.2380725
737.8300921
0
633.943681
534.443878
626.2348167
574.8069467
573.2927553
730.3539246
795.8136172
857.1434402
635.5751394
508.8510022
772.9482322
726.8670666
520.4592225
0
668.5171983
685.7478301
743.8999029
779.7774548
800.199922
762.6808476
746.9441602
902.1726895
638.3668799
570.4431544
732.2306572
822.4955189
852.8528086
0
0
0
0
0
0
609.2106849
0
0
481.1112644
0
0
0
614.6855174
458.767797
553.8754008
626.8307602
687.2886103
712.3744457
619.2092898
629.3803138
695.0191954
692.9132226
700.9087373
566.679623
606.3045488
609.9099644
616.2042614
722.5915375
686.0587196
780.0910581
821.1794352
1050.925046
1106.482735
1141.412722
823.0732423
839.0436934
689.4936293
507.1925871
0
0
0
0
0
1272.859555
0
0
0
0
0
672.3719717
0
0
1046.922291
758.8768655
0
705.6907316
600.5006354
603.0497415
653.7058253
0
0
501.8008342
537.6629295
0
0
0
528.7116421
616.489196
590.4949736
0
0
811.7779379
858.3158118
816.0548941
511.2964098
773.7492071
772.8418332
0
0
0
0
0
0
0
0
0
0
555.3571645
0
0
0
820.3711209
0
751.3213391
502.6653564
681.0181872
0
538.0427669
0
535.8489748
627.90545
0
0
829.5351521
1018.208507
958.6985218
532.6419581
0
0
661.3936996
709.1482152
582.8322769
546.9459385
673.5178276
657.1279839
0
0
0
0
0
0
0
0
0
0
0
619.4924331
962.7551331
907.7513347
890.1442824
900.0949863
689.4051948
881.0582876
502.8490237
652.2888922
778.3901097
696.9351075
605.7329427
659.2750825
630.9168876
600.244632
609.7929976
597.9449561
554.6558789
474.1289944
725.5488908
731.8589411
626.5918806
537.635883
630.3220871
613.6832866
0
0
0
0
0
0
0
0
0
0
0
0
0
735.3652108
715.7826484
702.4247061
592.7579757
1019.518145
705.359467
694.6590656
0
631.0783541
706.1255198
510.5573837
0
0
0
0
0
0
0
0
0
468.1668166
549.4196639
0
0
0
864.028527
0
0
0
0
0
0
0
0
0
0
0
0
792.4608157
529.4213479
668.2881568
663.6022243
953.0303474
719.4977211
758.7811434
732.6866755
608.2589456
548.5211611
650.8130856
546.3260647
0
0
0
0
0
0
471.2673936
668.5019117
0
0
0
0
0
0
0
0
0
0
0
0
0
528.2195524
636.5404543
0
0
0
0
0
0
0
0
582.7548021
785.1405191
747.6984692
756.9123055
856.730495
713.9316733
675.7230177
0
0
0
0
0
0
0
0
0
0
0
0
0
0
667.9684248
688.1129095
549.3228213
738.8877478
912.348129
0
0
0
0
0
0
0
0
0
0
0
597.8694491
607.7445085
0
618.6580865
613.9903627
650.1962372
646.9192421
0
0
0
0
983.9260038
1070.441322
1056.128266
1108.973084
1101.255479
0
0
0
0
0
0
628.4366046
928.2852476
903.0521325
901.6692272
909.9749465
992.9684793
888.8975233
887.0070321
739.2546344
0
0
0
666.1767281
659.1394188
469.7937192
0
0
0
0
0
0
0
0
0
0
0
601.8953133
603.3381018
0
0
0
0
0
0
0
0
0
0
0
0
0
0
474.2926974
712.957511
571.6316847
641.1798321
641.9087538
701.5950524
716.0110999
679.5670977
613.7752886
525.613405
0
0
0
0
0
0
0
0
0
0
0
0
0
0
0
0
0
0
0
0
0
0
0
0
537.9611863
845.6389058
485.6515919
597.586945
709.6638983
687.1041617
632.613874
0
0
0
0
0
530.7921053
653.7266912
629.0420772
467.444149
0
0
0
0
0
0
0
0
0
0
0
0
0
0
0
0
0
565.5086362
0
0
478.7987467
705.359467
650.8509886
0
0
0
0
0
0
0
0
626.6813817
634.4568634
584.2406896
0
0
0
0
0
0
0
0
0
0
0
0
0
0
0
0
0
0
0
588.5473249
634.5549577
704.2491768
0
0
0
473.1040096
606.0530976
609.9978005
612.4060053
632.2308335
681.94299
702.0308808
0
0
0
0
0
0
0
0
0
0
0
0
615.3553193
0
0
0
0
624.3671048
606.1158865
0
0
0
0
0
0
0
0
935.903239
1159.023994
0
0
0
0
0
0
0
0
0
0
0
0
0
0
0
0
0
606.7464942
0
623.018668
526.4928483
0
0
0
0
0
0
0
0
0
0
0
0
0
0
0
0
0
0
0
0
0
0
0
0
0
0
627.1303074
575.3654412
0
0
0
0
0
0
0
0
0
0
0
0
0
0
0
0
0
0
0
0
0
0
0
0
593.2009007
594.9984201
0
0
0
0
0
0
0
0
0
0
0
0
0
0
0
0
0
0
0
0
0
0
537.4738396
654.8817129
515.1919608
0
0
0
0
0
0
0
0
0
0
0
0
0
0
0
0
0
0
0
523.890843
0
0
0
0
0
0
0
0
0
0
0
0
0
0
726.7271146
0
0
702.9080957
0
1367.274645
655.4753677
622.7105351
621.4800081
710.1270388
829.5287273
713.078793
923.2387684
1172.876886
0
0
0
0
0
0
0
0
0
0
0
0
0
0
0
0
0
0
0
0
0
0
0
0
0
709.0563948
819.2594349
603.4730287
0
757.8002673
1162.678231
764.2008455
650.2665219
0
0
0
0
0
0
0
0
0
0
809.3416643
1103.79787
0
701.703837
837.4423551
0
0
891.4818097
1075.109622
0
0
0
0
1112.238933
625.8285758
878.9765892
1334.536282
705.9517523
767.4915435
811.4979879
0
902.5047959
875.6718587
0
0
0
0
0
0
0
0
0
0
0
761.491155
884.6934604
818.7185961
0
0
0
814.1556883
0
0
0
485.9909795
813.6351392
975.3157223
0
0
1187.189141
1337.699491
779.1809635
823.1247153
801.3680448
563.3415601
904.7189505
1032.818168
0
0
0
0
0
812.0856644
931.8198797
0
0
826.7244744
1253.458972
1183.398871
701.703837
0
0
0
0
0
0
0
0
0
0
607.3820933
0
629.226404
719.3628011
0
579.3280363
795.4420692
678.6369051
801.5311442
853.1490943
839.6450073
1024.515807
0
0
0
0
798.9083646
0
1215.831246
1027.164361
1080.138726
889.7452804
0
0
0
0
877.6389496
0
0
0
0
0
0
0
0
555.3571645
0
0
0
819.0428372
790.7328061
515.6186121
775.0267185
833.7304296
933.1902815
992.622035
860.4030085
0
0
0
999.6412309
779.9769283
1184.923506
1162.578794
945.9858662
615.0742728
1059.326082
1051.645495
1014.067489
0
1034.653197
0
1077.609129
0
0
0
759.1165118
0
0
0
653.8310924
773.214638
0
0
658.2720093
648.2688969
866.9489862
1130.339415
1181.160764
682.9041766
914.1720698
1120.559211
1158.633159
0
0
0
0
876.359436
1291.132365
1067.132549
1135.750774
1071.822718
2911.232373
1492.725784
0
705.9814551
1014.372787
1060.712052
966.2062937
788.8724097
0
0
796.665789
942.0682535
0
0
0
0
969.91677
0
0
536.4834122
450.5408206
686.1870167
998.3861117
1010.13566
989.1141949
711.7522707
753.8623211
955.9430967
0
0
605.8024328
792.1303535
1125.267445
1351.577123
706.6071781
0
0
0
0
0
0
0
0
0
0
0
0
588.7985652
1056.643993
0
0
0
0
0
711.7522707
0
0
648.1127298
617.7215979
981.3826476
694.4256653
726.8123765
701.5670978
836.432841
965.8543088
1110.672296
721.8175786
0
0
0
0
0
0
0
0
0
0
0
0
0
0
0
0
0
0
1086.270746
0
0
0
0
0
0
714.1520974
0
632.8060337
712.9761607
801.2293014
1108.60075
1037.937471
925.5073978
856.8815774
958.5571367
1036.015005
1051.931731
990.8592057
0
0
788.2308102
796.153804
0
540.2004789
834.1055184
869.3542372
733.9273602
688.5251252
0
0
0
0
0
0
0
584.3988229
915.6963919
711.5876192
0
0
0
0
0
0
0
0
0
0
737.8965698
830.5358648
1394.57865
1082.998759
540.8789598
798.0320887
908.2106123
541.3924593
945.8205981
1304.114554
981.6577055
892.1549511
829.9848299
703.3126535
872.1341974
1061.209324
1016.416211
954.8078206
525.613405
742.8445674
768.5494964
723.1010801
699.103004
740.8201891
657.3809888
762.5236261
792.1303535
776.4349664
766.6738635
773.3703115
0
0
0
0
0
0
0
0
0
0
0
0
557.4867036
588.3524871
811.9146167
659.9064781
708.5984938
761.3857671
724.3293338
0
1631.883371
1163.808106
957.3988521
710.5724733
638.4284219
910.1015603
0
839.4836354
808.7395867
970.0156037
982.0127256
811.5731849
734.9952588
749.1427965
685.1652579
655.376158
0
0
0
0
730.7389764
0
0
0
0
0
0
0
0
0
529.9949013
655.9445202
656.7917208
665.2004304
0
0
699.688348
697.4453446
773.8124712
1088.868506
847.9343625
827.8026252
0
601.1836515
897.8479132
717.1607448
689.4683543
656.6743181
684.3553741
835.7638895
788.2308102
822.1175468
1044.490548
967.2105304
1142.762666
677.3518887
0
0
0
0
0
0
0
0
0
0
0
0
0
0
0
0
0
0
502.5737413
450.8128393
562.4461606
596.5133758
768.0740899
686.8309999
1354.246155
1265.014233
648.3801142
669.6381002
629.5036412
695.3215943
827.4422925
843.7108572
832.0840742
781.5222072
763.7047139
858.7948137
893.5100992
942.5283433
1043.120059
1057.264594
866.7825203
761.9489219
682.9538639
697.7116796
710.4421958
0
0
0
0
0
0
741.2509501
623.3279345
0
0
0
0
677.8223494
0
0
0
0
705.7248923
801.0381756
803.8754926
970.8142824
1448.084453
806.1772123
0
518.0948057
751.9513899
552.4587887
562.3213967
734.1923242
767.2699988
673.4104915
629.3187166
666.9805484
831.7559919
700.8521786
1055.861815
1148.30612
828.8021121
735.024421
685.1652579
0
0
0
0
0
920.1428352
575.4589394
575.7401523
0
0
0
515.2486736
642.459412
0
0
679.7272703
772.8041725
758.6065469
620.4474138
621.5776502
591.0113184
1424.96685
1198.798943
619.3117667
810.2776122
875.3840985
630.0608237
0
0
656.9116739
700.5134781
658.1441931
0
492.642997
0
773.5423905
1205.756247
1232.826234
612.7689105
0
0
0
0
0
0
0
578.710823
624.996808
622.0976405
608.4311567
603.3381018
808.6823899
700.7288858
596.0051062
1009.373555
975.100983
697.9257694
0
727.8739348
864.1138112
746.7024452
0
0
0
693.2466287
598.7040557
0
0
0
0
477.7959638
0
0
0
722.2091105
620.2605188
494.2803389
786.7463782
0
0
0
0
0
0
0
0
0
0
0
585.9178809
680.2093699
0
0
954.5417777
655.923143
556.4047782
595.0529953
625.2228441
600.0374706
695.6248965
602.1339629
583.7055113
725.92199
732.8543529
709.1482152
616.8069477
713.078793
1010.722045
978.3774549
751.1643602
763.0432486
808.4770445
610.1957803
627.9989431
636.480226
639.4190088
0
0
0
0
0
0
0
0
0
577.5466293
624.0540062
0
621.3882136
0
0
0
0
948.953024
891.8505881
877.6623147
867.2761318
717.5312562
625.7526219
764.5951804
752.5213769
741.6472594
801.9822649
750.8901584
636.1539963
629.1605274
660.1128275
557.9425438
0
594.45477
781.5844218
711.3575375
0
0
0
0
0
0
0
0
0
0
0
486.0591119
0
0
787.274517
812.3577847
0
0
0
0
0
715.0479011
920.4913177
899.3844564
631.4021997
0
0
0
708.1880854
805.1841653
665.2417695
666.4904523
635.5420428
0
0
0
614.0519162
758.7811434
747.5881148
0
0
0
0
0
711.226287
778.7058416
532.4919803
639.0875701
0
0
0
0
667.8620867
630.2473592
0
0
0
466.7788193
553.3428639
787.8272716
551.9874515
468.2153616
732.3444861
677.6338916
568.8242654
544.021689
654.0533418
0
513.6805665
620.2190434
551.2533105
0
0
756.3661939
1003.208856
0
0
0
0
0
0
791.1659453
840.4465559
0
0
0
0
0
0
578.8086724
700.5134781
0
588.9665201
603.743571
811.3176899
774.8930182
603.0958089
751.3841902
778.0172624
743.8410157
695.8855923
702.9080957
704.3310148
675.0332373
0
0
660.5596756
708.1880854
550.2648299
0
0
0
0
0
0
0
0
0
0
0
0
0
563.817429
0
0
526.5610123
636.239728
0
0
0
719.3796569
631.3751659
627.2203777
0
520.1509391
645.6459554
628.0353292
473.5870084
0
0
0
0
0
514.2917418
0
0
0
0
0
0
0
0
0
0
0
0
0
0
0
0
531.8214037
532.2676714
0
0
0
705.924757
561.9329301
479.6996055
0
0
0
635.6413705
654.0402534
560.932863
0
0
0
0
0
0
0
0
0
0
0
0
0
0
0
0
0
0
0
0
0
0
0
0
0
631.6594448
612.4965804
475.9586139
0
0
0
0
471.4222821
0
0
0
0
0
0
0
0
0
0
0
0
0
0
0
0
0
0
0
0
0
0
0
0
582.6774074
648.8513286
649.2477364
0
0
0
0
0
0
0
0
583.5331788
599.5476356
619.8879804
0
0
0
0
0
0
0
0
0
0
0
0
0
0
0
0
0
0
708.8913201
686.7592398
582.6000927
0
0
0
0
0
0
0
0
0
0
0
0
0
0
0
0
0
0
0
0
0
0
0
0
0
0
0
0
640.5469216
691.4591916
636.8422208
0
0
0
0
0
0
0
0
0
0
0
0
0
0
0
0
0
0
0
0
0
0
0
0
0
0
0
565.9173177
479.2773004
479.8816262
0
0
0
0
0
0
0
0
0
0
0
0
0
0
0
0
0
0
0
0
0
0
0
0
0
0
0
0
0
0
0
0
0
0
0
0
0
0
0
0
0
0
0
0
0
0
0
0
0
0
0
0
0
0
0
0
0
0
0
0
0
0
0
0
0
0
0
0
0
0
0
0
0
0
0
0
0
0
0
0
0
0
0
0
0
0
0
0
0
0
0
0
0
0
0
0
0
0
0
0
0
0
0
0
0
0
0
0
832.5754723
816.2585432
0
0
0
0
0
0
0
0
0
0
0
0
0
0
1135.53507
786.3254655
897.3327717
804.4554987
776.0476524
868.2339258
606.7464942
833.464677
881.6971992
1012.851173
905.9727415
687.0598741
0
0
0
0
0
0
0
0
0
0
1477.910091
0
946.6319508
917.4060462
0
0
0
0
0
0
0
0
0
0
0
0
734.8657411
808.5983222
618.4892185
794.2031358
795.1359527
783.8855307
1100.290265
0
0
0
0
0
0
0
0
0
0
586.9751226
0
0
0
991.1215439
0
0
0
0
803.6345861
1097.819036
0
0
0
0
624.3223052
871.460172
768.4768128
963.8439619
668.5534431
827.4902818
972.016523
977.386169
0
0
0
0
0
0
0
0
0
0
630.9975829
974.8711911
831.0891237
860.9701087
675.4925433
0
0
0
0
0
0
0
564.2965242
638.1620513
721.6452932
698.6564935
555.7105066
1428.207534
869.4971085
1364.137178
1173.177322
822.8846754
539.1127146
0
0
0
0
764.9681795
0
0
0
669.2538656
1279.664582
1196.069431
1002.242617
656.3731115
0
0
0
0
0
0
0
0
0
0
0
644.2260514
630.5948622
620.6972599
659.9699214
694.7141113
549.4196639
640.9683574
868.4644065
1066.10455
1373.952912
0
0
0
0
0
0
0
1255.223576
1121.54224
869.6222341
952.0018988
837.4423551
1222.235644
1573.128763
1123.707763
605.8024328
0
0
0
0
873.1509979
0
0
606.4726221
806.3585819
0
0
642.1085973
790.2955517
733.0681273
671.8146868
758.4944428
891.0793306
1350.205134
0
0
923.3951187
1006.297468
0
0
813.6351392
999.0608919
1304.567799
1209.583905
0
0
969.191046
987.5147489
1444.358831
1435.570356
0
0
0
849.8652438
754.1838835
0
0
0
799.3487551
0
0
0
798.7537707
1171.763593
1190.858427
1805.715587
906.1900937
806.2743432
0
0
0
882.9895268
0
0
0
868.4644065
1017.941491
0
2307.014776
0
0
0
1522.892079
728.8691493
1070.198496
0
0
0
0
0
0
0
0
871.1243027
0
785.4461344
664.131943
799.3893266
1153.26039
1162.66681
788.9539736
695.509246
822.5288312
815.9938601
0
933.5576387
0
0
0
0
878.8116758
707.8699867
0
0
0
2126.619036
0
0
759.7901243
957.085873
939.7864397
0
0
0
0
0
0
0
0
653.4142017
0
0
674.5761067
911.8579782
1099.636626
669.3360711
764.3347731
683.1528641
848.768038
1145.994112
0
0
0
0
0
0
0
728.0993296
0
0
0
0
0
0
0
0
0
0
0
0
0
0
0
0
0
0
0
0
0
618.9026145
906.3320059
941.1590718
922.9008781
962.2747128
892.2410957
953.8575545
964.2993023
1187.445526
0
0
0
0
0
0
813.6351392
1208.780278
1180.493399
864.482169
860.9701087
793.4574027
774.6633958
786.1994673
699.7274899
0
0
753.3816361
776.5125764
0
0
0
0
0
0
0
0
0
550.2648299
595.0529953
679.4217139
0
641.9650743
697.7577534
473.7490117
767.9149987
1157.865726
0
699.3367408
0
1034.653197
1339.996449
0
0
0
865.722146
591.3574894
793.8391226
825.4418743
550.7902262
0
0
0
663.1293711
787.274517
0
0
0
0
0
0
0
0
0
0
0
0
589.8685765
0
0
644.5082299
598.0961888
746.7887135
709.2196867
473.4255088
726.9423835
697.1926558
711.7522707
0
0
1255.849165
1200.328369
1266.456745
1221.453608
709.6315938
805.4993144
564.4168067
722.8570872
723.3456228
1032.318278
1158.271007
850.6791549
0
0
0
0
0
0
0
0
0
0
0
0
0
0
0
0
0
0
0
604.807552
599.1630669
807.4334835
649.5914951
512.2602729
594.0245742
560.1947713
813.3756298
557.4322036
1026.455717
649.9092762
724.6786604
639.7397978
695.509246
802.0795145
948.1490818
866.4430817
0
0
0
0
575.3187368
521.0804707
528.0796579
0
0
0
0
0
0
711.423224
0
0
0
0
575.7401523
486.1273299
0
0
0
0
0
569.4674554
0
566.8912141
572.4350248
659.6098722
787.6144297
904.029895
766.6431907
670.7926967
686.3451487
609.0657592
580.3920971
0
690.9193003
0
0
0
0
635.1952863
581.449867
618.0903061
743.503004
508.9019936
864.369962
0
0
0
0
0
0
0
0
0
0
640.7573879
599.4898303
0
793.605713
0
0
0
584.5890227
0
683.5806512
628.7051737
648.394026
696.1876757
636.6610357
610.5821299
626.4578055
695.7117208
460.8201451
0
0
0
0
0
0
0
0
0
0
823.8474048
0
773.4964789
0
0
575.0391347
785.9478513
0
0
0
0
799.2568825
574.1607189
570.3122951
0
0
0
0
737.9497803
0
757.0084808
770.4917622
694.1601344
576.8759095
668.0845663
0
0
462.8738904
659.6897625
564.9606202
734.6168422
0
629.3187166
815.5187533
750.4717162
683.4021809
655.2522965
0
0
0
754.055152
689.3168385
0
0
0
1083.559395
0
0
0
0
483.7893122
0
0
0
0
0
0
760.0799967
0
577.4504374
1005.518328
988.2866899
747.9161443
712.3187453
0
456.2220316
0
635.0470986
740.6769659
0
0
0
769.7673929
705.2561627
0
519.1747256
663.1967755
475.2858603
0
0
492.7968819
690.6888035
593.1121121
0
0
0
0
0
0
0
0
0
0
0
0
711.2044278
461.7936404
0
0
0
660.6471165
1112.12125
1100.672964
684.4057979
600.2965075
801.4958205
849.3007097
646.6374014
460.0714176
0
0
569.4674554
512.3683367
0
0
0
0
669.7481671
0
0
0
635.7607136
683.0106801
0
0
0
0
0
0
0
0
0
0
0
0
0
0
0
905.8885423
546.6972998
986.2353978
823.7037064
644.3409051
711.6581527
737.0726854
1085.499373
1069.73987
996.0435227
989.2234049
945.7949041
508.6982919
0
0
0
0
869.9547136
997.4742435
758.9247558
0
0
0
637.8557033
0
0
0
0
0
0
0
0
0
0
0
0
0
771.7917266
767.9149987
579.7943444
761.5768518
742.2044312
693.1464913
655.6243836
465.5198851
795.068384
729.5333097
841.8910291
840.3923383
874.9655165
722.232186
0
0
0
0
0
0
0
0
0
0
0
0
0
0
0
0
640.6731411
0
607.1696681
0
0
0
564.1364649
715.6582443
606.978964
631.3751659
0
0
638.4988086
822.6041764
629.1341909
652.0595128
819.8841104
614.4531442
0
0
725.7144831
847.3371341
835.4662901
834.0348881
848.624297
855.6925212
913.8276384
964.5032151
932.5624087
884.2656836
0
0
0
0
0
0
0
0
0
0
601.5386821
628.6562801
624.5764846
634.8105229
627.2384032
612.7689105
677.8747637
601.7366121
618.4954668
578.1021818
604.6429359
609.6470262
0
762.6100722
0
0
0
0
0
0
0
0
0
0
631.483352
637.0151282
524.4817377
0
0
0
0
0
0
0
0
0
0
0
0
0
0
0
0
0
515.7615019
605.1378054
589.6420616
0
478.6203977
735.6385934
658.9459574
601.7366121
513.5149568
0
0
0
0
0
0
0
0
0
0
0
0
0
0
0
0
0
0
0
0
0
0
0
0
0
0
530.066962
673.217588
675.8384613
0
0
0
628.5829921
640.0080183
467.444149
0
576.6616129
605.1378054
608.0013165
609.9978005
614.7010323
614.7941836
611.5057442
0
0
0
0
0
0
0
0
0
0
0
0
0
0
0
0
0
0
0
476.0715846
618.4142762
0
0
0
0
0
0
0
0
0
0
0
0
0
0
0
0
0
0
0
0
0
0
0
0
0
0
0
0
0
0
0
0
0
0
0
0
0
0
0
0
0
479.0973361
696.5159479
683.2774436
535.7175801
0
0
0
0
0
0
0
0
0
0
0
0
0
0
0
0
0
0
0
0
0
0
0
0
0
0
0
0
0
0
0
651.9699129
656.4805721
0
0
0
0
0
0
0
0
0
0
0
0
0
0
0
0
0
0
0
0
0
0
0
0
0
0
0
0
0
0
0
0
0
0
0
0
0
0
0
0
0
0
0
0
0
0
0
0
0
0
0
0
0
0
0
0
0
0
0
0
0
0
0
0
0
0
0
0
0
0
0
0
0
0
0
0
0
0
0
0
0
0
0
0
0
0
0
0
0
0
0
0
0
0
0
0
0
0
0
0
0
0
0
0
0
0
0
0
0
0
0
0
0
0
0
0
0
0
0
0
0
0
0
0
0
0
0
0
0
0
0
0
0
0
0
0
0
0
0
0
0
0
0
0
0
0
0
0
0
0
0
0
0
0
0
0
0
0
0
0
0
0
0
0
0
0
1361.292581
0
0
0
0
0
0
0
0
0
0
0
0
0
0
0
0
0
0
0
0
0
0
0
0
483.3984663
709.6638983
562.7904063
694.7607118
607.7730023
930.5208784
674.8298007
847.9367195
1051.260339
750.4960205
1043.7939
0
0
0
0
0
0
0
0
0
0
928.3980954
0
0
770.380984
1071.822718
0
0
0
0
0
0
0
0
701.8127364
0
538.4795979
0
626.3856988
745.1269968
0
1157.74888
1193.337924
0
0
0
0
0
0
0
0
0
0
0
0
0
1019.953226
1134.858465
0
0
0
0
0
654.1450136
1203.274443
651.2562762
475.8458862
552.9334065
620.385069
970.5191422
610.8370217
852.1147645
706.3564382
1039.904144
923.588464
0
0
0
0
0
0
0
0
0
0
0
0
957.7240207
0
0
0
0
0
0
0
0
0
0
0
875.8849072
671.2592286
753.0767762
642.6437277
802.1906704
735.5321985
752.9029286
836.0437331
0
0
0
0
1380.229734
1621.108328
745.5014631
0
0
0
1556.415528
1104.108062
1174.843496
0
0
0
0
0
0
0
0
0
0
0
766.598098
584.0198602
751.5572069
745.3096187
636.3732561
1246.358327
736.462775
953.6799611
1086.667498
0
0
0
0
0
0
0
0
1212.80406
1642.87432
1045.639848
1420.157123
1304.567799
860.9701087
1349.84208
1292.904093
0
0
0
0
0
0
0
0
0
816.6507799
0
766.5665431
791.5879359
892.3049376
1023.370416
865.352131
869.8992484
1013.046828
0
0
0
0
0
0
0
0
0
1747.131033
1334.664358
842.4858514
0
0
889.0384915
833.7762192
0
0
0
0
0
0
0
0
472.7314298
633.6205773
0
679.7272703
648.8333514
976.0625373
860.259789
1205.23696
860.1558927
903.9808627
0
0
0
798.9083646
0
0
0
0
0
0
0
0
0
768.1865165
838.9363628
0
0
0
0
0
0
0
0
0
0
619.3938392
0
750.8901584
588.1858793
819.9405605
991.9681414
724.7890975
644.0852966
943.4522965
968.7411254
0
0
0
0
0
0
776.0476524
0
0
618.9026145
873.9466693
1805.312235
0
0
891.5777931
1069.852093
1000.170387
0
0
0
0
0
0
0
0
0
0
724.5271479
842.4125063
895.3200529
970.1142928
693.9436573
0
688.4375431
790.5423168
0
0
0
0
0
0
0
857.3625371
1247.00506
591.0113184
780.7780615
0
0
0
0
0
0
0
0
0
0
0
0
0
0
0
841.2078168
945.7710489
1009.486363
846.8603049
884.0095936
588.7566343
635.8520864
646.6374014
800.3081392
1176.798713
1107.234408
0
0
0
0
0
0
0
0
639.2945728
915.9053764
1126.444336
918.0102383
889.0384915
985.8985543
967.9444941
774.8930182
668.394974
570.8371624
0
0
0
0
0
0
0
0
543.2218857
1035.74189
0
514.5155375
632.3503511
944.5366537
608.4886421
425.1607203
697.5965861
814.4167314
892.9063441
1020.726934
0
933.5576387
1707.630009
862.2542173
884.6155933
897.2673301
871.3108029
1192.383927
925.6852497
738.5501409
779.1809635
1008.335419
768.404173
884.5222053
938.0645655
753.2857369
763.5651521
772.9925926
849.0559569
748.6812687
0
0
0
0
0
0
0
958.6213884
978.1454233
668.716149
638.4988086
637.3728342
793.2441396
693.0277068
432.949002
714.8389006
999.3862789
643.9759743
758.4163728
631.7544135
0
0
0
0
0
718.9590534
891.1266266
861.3881664
749.1427965
764.9681795
0
607.7017866
1046.131562
928.8219635
697.8845635
0
0
0
0
0
0
0
0
0
0
0
0
0
715.9196606
541.5645203
0
0
0
772.5566958
666.0155188
0
723.4681009
845.9096895
958.0774744
1766.835475
1113.084169
780.1767248
662.0308125
747.6495491
863.2741422
884.759379
840.9536028
0
0
743.4715633
0
622.7447163
779.7110353
829.5655277
882.7941432
0
0
0
0
0
0
0
0
0
0
0
0
0
543.2218857
0
0
0
0
876.6299377
0
759.3111096
844.1572355
873.9077574
978.3738271
502.9257244
602.488844
707.536187
703.5155268
733.2653893
635.8652731
918.4952214
983.0664455
769.2787564
628.6562801
0
0
0
0
0
0
0
0
0
0
0
0
0
0
0
0
0
0
0
0
0
0
0
0
0
0
771.4933588
787.0841304
644.9279208
939.6776864
913.7038237
686.0587196
762.8697885
545.6966021
525.211644
680.6938579
454.9044674
0
582.137875
661.8910718
679.7272703
696.0270822
486.8142514
662.1907728
502.5279883
0
0
0
0
0
0
0
0
0
0
0
0
0
0
0
0
0
0
0
0
0
552.9334065
0
590.323629
641.338771
1247.259101
732.8009735
800.9405983
637.9236881
549.4681373
536.4834122
670.3821452
644.2495322
511.4559747
519.3565836
783.4865917
798.4913874
673.7813086
0
641.945358
544.021689
487.3002973
612.3155305
0
690.0767213
0
0
726.9546274
716.1255094
593.7059731
0
0
641.8173094
826.1193892
0
0
0
0
0
0
0
0
0
460.9880804
1076.772647
699.0670918
506.2585718
587.2376457
602.2668572
534.3410057
729.2819336
651.9699129
699.3367408
714.3181883
581.3738118
611.6850025
632.9986218
772.6160442
845.2557732
666.5802795
612.9965478
620.1361543
794.9912064
742.1305983
884.5711157
644.2824156
645.2081121
642.7175613
647.0887725
0
0
484.9123246
0
0
0
0
0
0
0
0
0
0
0
931.9928395
879.0057103
743.8271643
722.6483863
728.9722003
563.2230925
618.4142762
660.0541342
457.6941694
611.8646561
663.8508648
738.3096119
732.8009735
653.7788769
861.5110854
676.5340301
530.6464126
0
0
0
627.2384032
708.7204055
654.022805
653.2929663
578.613103
0
0
0
0
0
0
0
0
0
0
0
0
0
825.9456963
776.6938581
682.5570662
767.7865988
996.4133901
678.1057228
613.072568
609.2832452
613.148659
0
0
0
833.6255526
945.6279881
882.0151163
823.7037064
668.6395802
534.7017805
0
0
842.1195086
0
599.3935823
690.7399793
663.5151946
0
0
0
0
0
0
0
0
0
0
0
0
0
795.8336031
629.411129
674.7790084
641.8173094
1000.48595
1102.947108
637.4488997
729.2262762
736.6401777
550.527019
466.0755397
0
0
576.2348855
600.9478473
0
0
0
0
0
660.0988495
1018.743656
911.1951655
0
0
0
0
0
0
0
0
0
0
0
0
0
659.8754877
702.9080957
0
890.6333612
0
691.7845233
777.3597757
527.8007978
0
529.6358222
612.4965804
699.2198058
563.8970531
0
0
601.8159229
0
0
0
0
602.7738966
0
0
0
0
0
0
0
0
0
0
0
0
0
488.713279
482.8817115
0
0
0
773.1435394
826.55276
0
674.2725526
641.6347037
0
0
0
582.3686267
699.1242308
604.2328754
0
0
0
0
0
0
0
0
0
0
0
628.858147
0
0
0
0
0
584.1880523
635.1656285
624.4717298
628.108148
0
0
0
0
0
945.3422273
0
0
0
0
0
0
0
469.593737
717.0541044
733.4892424
0
0
0
0
0
0
0
0
0
0
0
0
0
0
0
0
0
0
0
0
0
0
0
0
697.826903
856.8503704
0
0
0
0
0
0
0
0
602.4532844
714.7606311
601.5782285
592.4054582
628.2174931
464.5620058
0
0
0
0
0
0
0
0
0
0
0
0
0
0
0
0
0
0
0
864.369962
0
0
0
0
0
0
0
0
0
468.0698652
470.9590076
0
561.7781429
675.9026562
647.6846624
544.6805836
0
0
0
0
0
0
0
0
0
0
0
0
0
0
0
0
0
0
0
0
0
0
0
0
0
0
0
0
0
0
0
0
583.6114627
0
0
0
0
0
0
0
0
0
0
0
0
0
0
0
0
0
0
0
0
0
0
0
0
0
0
0
0
0
0
0
0
0
0
0
0
0
0
0
0
0
0
0
0
0
0
0
0
0
0
0
0
0
0
0
0
0
0
0
0
0
0
0
0
469.6936305
584.4780144
0
0
0
0
0
0
0
0
0
0
0
0
0
0
0
0
0
0
0
0
0
0
0
0
0
0
0
0
0
562.8688792
613.1334351
0
0
0
0
0
0
0
0
0
0
0
0
616.8467527
714.7229663
0
0
0
0
0
0
0
0
0
0
0
0
0
0
0
0
0
0
0
0
0
0
0
0
0
0
565.264551
673.6682998
616.9662831
615.3553193
527.6618296
0
0
0
0
0
0
0
0
0
0
0
0
0
0
0
0
0
0
0
0
0
0
0
0
602.9346897
656.1228571
630.7718267
647.5424249
642.0308268
643.7577317
645.630054
648.5715903
621.0860041
640.1274901
621.2201846
0
0
0
0
0
0
0
0
0
0
0
0
0
0
0
0
0
0
0
0
0
0
0
0
0
0
0
1316.454034
863.8391844
0
0
0
0
0
0
0
0
0
0
0
0
0
0
0
0
0
0
0
0
0
0
0
0
0
0
0
0
0
0
476.8118836
778.8081638
532.3174498
723.5907173
921.5358663
785.4603062
868.0199416
843.7756278
1237.147274
0
0
0
0
0
0
0
0
0
1286.131273
1426.449789
0
0
0
0
0
0
0
0
0
0
0
654.0533418
0
649.4013614
624.2974269
773.7976617
846.0517769
721.4045537
1083.676608
0
0
0
0
0
0
0
0
0
0
0
0
0
0
0
0
0
0
0
0
0
0
1074.558201
879.5460097
647.770113
663.1783877
966.1459034
846.2209449
875.340629
632.2786207
694.0793761
0
0
0
0
0
0
1369.258111
1575.184944
0
0
0
1218.125485
1170.051662
0
1563.811478
0
0
0
0
0
0
0
0
612.7689105
513.2399532
717.8154557
702.0826142
540.2286093
883.8236168
803.5470945
988.4661579
0
0
0
0
0
0
789.5172995
0
0
830.2049779
674.5761067
1180.722156
1601.107978
740.2483818
0
0
0
0
0
0
0
0
0
0
0
700.3557987
706.8585218
667.2899143
738.7610265
704.1265408
864.2418306
834.7664821
0
0
0
0
0
0
0
0
851.7716423
1259.506612
0
0
0
0
0
0
0
0
0
0
0
0
0
565.753563
753.1279573
561.5851374
599.4485667
906.647951
884.9310602
752.5848819
1302.416788
990.6595805
0
0
0
0
0
0
0
0
0
0
0
0
0
1005.546099
1180.127835
1092.873934
0
0
0
0
0
0
0
0
802.2264809
713.413036
926.7134446
678.5323367
674.1211335
782.5855875
655.6243836
1014.443309
1236.099678
0
0
0
0
0
0
0
0
0
0
0
918.859914
938.2822399
676.4177544
983.7186168
856.6516839
934.5588576
0
0
0
0
0
0
0
0
0
0
973.9223346
718.6505373
934.4765636
1050.285924
1162.683063
1037.8455
961.4583067
911.1255553
0
0
0
0
0
0
0
862.8080297
1332.325103
1076.605749
903.8256939
798.9083646
952.7829583
876.359436
719.4977211
1118.332719
1204.115506
0
0
0
0
0
0
0
0
980.0511215
600.4783412
788.3421577
522.0876971
769.5059788
759.1738653
764.2646018
748.6394032
994.3882165
0
0
0
0
717.8565083
877.9898083
941.9151683
997.0438657
1101.969566
698.1733548
714.8737055
888.8182855
705.359467
0
0
0
0
0
0
0
0
0
0
0
0
528.782255
919.7854498
796.0176205
1082.184481
629.3803138
597.7280696
775.0746048
769.8286118
799.5286069
1113.084169
1345.787603
0
0
0
0
892.6053483
952.0018988
805.5744625
766.3878892
982.6852273
827.413507
0
0
0
0
0
712.1925995
878.8116758
882.7073868
665.0352553
0
0
0
0
0
0
0
0
687.9136588
0
0
566.8662884
946.0455859
0
720.7507041
776.7457022
682.1618627
986.3281392
1244.305163
0
0
0
1130.012254
1050.540147
876.7653717
684.4898949
585.0346996
1059.787029
0
0
0
970.4858181
669.6862388
0
0
0
0
980.8213309
909.0817718
791.3407461
0
0
0
0
0
0
0
0
0
0
0
1061.596927
823.0827728
914.3339966
768.3513716
721.9016673
1006.825218
609.3195498
838.5901662
1253.107444
0
0
628.9500626
0
0
0
0
0
0
812.256934
1517.503416
978.1454233
675.7999648
0
0
0
0
0
0
0
797.3270824
851.3154232
0
0
0
0
0
0
0
631.2239337
647.2019709
647.0887725
558.752167
905.1234503
874.2829627
910.4466478
890.2494552
850.1812128
1555.999658
1846.83775
1965.828721
642.459412
1075.385878
749.8174255
0
824.2917818
692.0019968
871.7294154
941.8507528
1081.27281
1374.817114
1144.87005
0
0
0
0
0
0
0
0
0
0
0
0
0
0
0
0
0
0
0
0
0
769.4251396
639.6505724
639.9968261
659.6637906
686.4612724
996.2330459
875.8473737
793.2907603
672.0259323
750.8098764
1048.248369
1247.130022
1158.721769
609.1019663
786.2354538
758.9639533
760.6035661
711.0016654
754.1034097
877.9898083
816.4996215
714.422127
0
0
0
587.468101
0
0
0
0
0
0
0
0
0
0
0
0
0
656.6240485
648.9172757
612.1348814
658.6565212
769.509969
702.3042112
1028.402593
1269.17557
975.3942838
664.6235821
809.2210276
605.4555838
605.5248335
928.8443026
875.909682
691.2188818
484.1830104
666.8402614
675.4925433
658.2720093
0
0
0
0
0
0
714.6476767
769.7673929
726.2519492
617.6067123
1036.185895
1071.697327
0
0
0
0
0
0
0
0
0
0
0
0
707.3630311
467.253162
1069.644528
647.6182569
749.3376783
985.2798284
910.5487964
634.3099296
539.3066271
658.4000024
744.1020333
566.6589125
0
0
0
737.2930681
0
0
0
0
0
0
0
0
494.4388049
0
0
0
0
0
0
0
0
0
1854.461303
0
0
0
0
0
783.5027005
656.5612501
683.6976432
946.7998554
0
659.776388
630.8564158
537.7170564
636.4651755
587.5010804
682.7011712
691.2625318
604.7252015
0
0
0
0
0
0
0
0
651.1378802
664.2137043
645.4743698
0
0
0
497.3702824
0
0
812.2783584
0
0
1231.158627
0
0
0
0
0
697.4816221
782.9401329
705.0498614
0
0
0
679.5089182
564.4770246
683.1528641
543.8431193
633.3712581
596.3004232
659.3332849
690.9791452
672.545461
644.6339299
709.1482152
800.5567461
1011.913851
937.5351652
716.056849
623.2247193
640.1274901
644.3043447
702.6392669
659.949882
639.5436211
662.7259605
0
0
0
0
0
0
0
0
0
0
0
0
661.6775874
732.8009735
579.7943444
0
0
512.5850526
675.4005072
567.4292324
720.073025
610.6005735
698.8062899
685.1652579
700.1912104
629.9677079
739.0699563
629.5036412
665.2417695
735.6070151
611.6850025
555.5689521
0
0
0
0
0
603.2370567
689.6200999
0
0
0
0
0
0
0
0
0
0
0
0
0
0
0
0
0
621.7252867
839.9413412
0
550.6584949
614.4531442
625.2983239
504.3397355
587.2376457
0
515.1353013
605.469429
629.8746932
860.4741797
844.6073331
706.2654093
529.0654988
0
0
649.4465951
0
593.2897915
0
0
0
0
0
0
0
0
0
0
570.6617821
592.1421247
0
0
0
0
0
725.7144831
1199.503667
0
0
0
0
0
0
0
472.5197245
660.6033858
0
663.6312522
791.2790241
629.411129
0
0
0
0
0
0
0
0
0
0
0
0
0
0
0
0
0
0
0
0
0
0
521.0804707
826.8739676
934.3581317
0
0
0
567.7439065
547.5716009
0
0
557.3596037
523.7602926
0
0
555.7105066
0
0
0
0
0
0
0
0
0
0
0
0
0
0
0
0
0
0
0
0
0
480.1252936
670.6663145
0
0
0
0
0
523.6951202
0
0
0
0
0
0
0
0
529.2787679
0
0
0
0
0
0
0
0
0
0
0
0
0
0
0
0
0
0
0
476.0150688
670.3385019
0
0
0
0
0
0
0
0
0
0
0
0
0
0
0
0
0
0
0
0
0
0
0
0
0
0
0
0
0
0
0
0
0
0
485.6515919
0
0
0
0
0
0
0
0
0
0
0
0
0
0
0
628.3087211
0
0
0
0
0
0
0
0
0
0
0
0
0
0
0
0
627.8898778
601.4399025
0
0
0
0
0
0
0
0
0
0
0
0
0
0
0
0
0
0
0
0
0
0
0
0
0
0
0
0
0
0
0
488.0022328
0
0
0
0
0
0
0
0
0
0
0
0
0
0
0
0
0
0
0
0
0
0
0
0
0
0
0
0
0
0
0
0
0
0
0
0
0
0
0
0
0
0
0
0
0
0
0
0
0
0
0
0
0
0
0
0
0
0
0
0
0
0
0
0
0
0
0
0
0
0
0
0
0
0
0
480.0033204
0
0
0
0
0
0
0
0
0
0
0
0
0
0
0
0
0
0
0
0
0
0
0
0
0
0
0
0
0
0
0
0
0
0
0
0
0
0
0
0
0
0
0
0
0
0
0
0
0
0
0
0
0
657.3448027
565.1022925
0
0
0
0
0
0
0
0
0
0
0
0
0
0
0
0
0
0
0
0
0
0
0
0
0
0
0
0
0
0
0
0
0
0
0
0
0
0
0
0
0
0
0
0
0
0
0
0
0
0
0
0
0
0
0
1288.393395
707.8699867
0
0
0
0
0
0
0
0
0
0
0
0
0
0
0
0
0
0
0
0
0
0
0
0
0
0
0
0
0
0
0
0
0
561.7781429
734.3511516
671.8780115
574.4139124
630.0142532
0
806.6001122
794.5837244
912.1164819
736.6509385
0
0
0
0
0
0
0
0
1108.682348
1252.581018
0
0
0
0
0
0
0
0
0
0
0
0
1073.363054
891.1091079
682.7552651
773.6261927
1029.799212
1107.744357
880.3626527
0
0
0
0
0
0
1324.281512
2006.300434
1356.590196
0
0
0
0
0
0
0
0
0
0
0
0
0
0
812.2706452
1114.238231
1044.739327
985.6166393
844.7973825
843.1292603
0
0
0
0
0
0
0
1614.208104
931.2446462
1193.967028
1418.608161
1011.64259
0
0
0
0
0
0
0
0
0
0
0
633.5789742
0
947.2624483
1267.169595
1168.693039
527.5231678
917.1518281
985.8556515
0
0
0
0
0
0
0
0
0
0
1268.840213
0
0
1333.423614
1160.746689
0
0
0
0
0
0
0
0
632.5453491
647.8385321
974.4277636
1378.426752
828.0707439
737.8300921
764.4401076
1085.064048
0
0
0
0
0
0
0
0
0
0
0
0
0
0
0
0
0
0
0
0
0
0
0
613.499592
685.8142486
1184.577814
1256.172492
810.6811111
971.2092439
1021.071805
1158.866214
0
0
0
0
0
0
0
0
0
0
0
0
0
0
0
0
0
0
0
0
0
0
0
0
1110.910897
1059.830983
1008.644703
1205.486538
464.7657345
853.2529392
807.5436662
1085.356693
0
0
0
0
0
0
0
0
0
906.2677917
1085.290669
0
0
0
0
0
1001.100043
0
0
0
0
0
0
0
0
712.5461873
0
1241.484996
1201.708954
598.8949844
675.6768788
529.4927586
864.4198212
975.8414659
0
0
0
0
0
0
0
0
0
872.6756265
0
0
867.0868936
861.702499
920.1428352
817.5899022
1177.764993
0
0
0
0
0
0
0
0
0
591.3574894
889.6456915
830.0791357
539.1542188
747.2449306
663.1293711
0
879.4262229
0
0
0
0
0
0
0
0
0
0
0
0
0
0
0
0
0
849.0559569
755.3163845
0
0
0
0
0
0
0
0
836.9366806
931.1298387
0
555.0336844
591.6278166
854.1061848
917.8589786
695.979897
954.3093262
0
0
0
0
0
0
0
0
0
0
0
0
0
0
0
0
0
942.8973191
764.9681795
1038.767143
0
0
0
0
0
0
0
0
0
0
767.1041082
826.7244744
700.0542545
1073.323825
867.6975334
781.9895806
938.1413595
0
0
1129.480111
1247.607693
0
0
909.7511832
652.6891951
738.5501409
861.702499
569.7912215
0
0
658.2720093
0
0
0
0
0
805.7700505
1049.440824
0
0
0
0
0
0
0
0
0
0
0
0
857.5819666
725.6852427
773.0114507
936.850786
1011.944015
857.3625371
0
0
0
849.0559569
695.8855923
873.5483028
1376.565859
0
0
0
0
777.3807167
542.4316299
830.9118379
899.269375
962.994329
926.1050971
980.4323455
987.2768081
1014.5562
1002.917998
705.6699967
0
0
0
0
0
0
0
0
870.3991839
0
0
0
0
0
716.6575603
1005.036879
1375.656622
882.3554481
771.4933588
805.3303897
701.703837
818.2157775
676.8169963
605.1791832
0
830.4401932
1565.777288
1373.536706
1316.138996
1097.555925
0
756.5068825
0
0
0
632.3264343
634.065592
0
0
0
0
0
0
0
0
0
0
0
0
0
0
0
0
0
645.0752802
693.3535515
1124.391526
1163.315617
802.3105368
822.1259347
799.4857353
746.9868687
621.7252867
859.4295295
1058.121018
854.6670184
789.8409873
778.2213006
735.8852108
736.3249891
763.2865187
1062.307585
1098.102745
1023.231644
1089.072369
1058.981052
1093.999658
830.2049779
819.7689849
740.2483818
617.4461397
0
0
0
0
0
0
0
0
0
649.9623485
618.2197424
0
1010.441657
1158.024861
856.6745601
859.1667441
910.9053227
902.5898123
584.0303612
653.3480534
743.4589894
758.7811434
819.570004
609.3558707
0
1110.45508
710.5724733
631.1106838
0
0
690.5354325
689.1655517
744.9651085
843.4710848
810.7886238
635.1952863
658.0420674
951.8461119
956.2623144
967.4792961
1018.17882
856.5099323
0
0
0
0
0
0
0
0
0
0
0
0
0
873.0742224
576.1640047
771.4933588
1308.300631
1276.464991
0
575.7401523
623.2099846
847.1948343
727.1174264
0
707.4895399
0
0
0
0
625.9502437
0
686.9602989
0
585.6759867
670.2658074
700.8521786
697.4050514
0
0
0
0
0
0
0
0
0
0
0
0
0
0
0
0
717.2674916
645.6578833
973.5809285
0
712.9834883
589.4162162
580.0328684
692.6259491
560.6089893
584.0828882
586.7788251
732.1093683
599.3166687
605.055114
610.7039349
610.0857318
688.7297827
797.1192497
618.3169523
621.7928645
630.0980983
638.4284219
584.0828882
0
0
0
0
0
0
0
0
0
0
1436.231599
765.4226789
0
0
0
0
0
722.7352962
0
0
506.0638223
621.9668865
0
675.5762886
0
0
0
0
0
0
705.1529609
805.623332
699.688348
0
703.6374418
0
893.7046647
903.7564714
539.6961862
664.0774751
682.7269265
496.8710051
0
0
0
0
0
0
0
0
1465.01742
0
0
0
0
0
682.2714822
0
0
0
671.0929391
0
0
0
0
626.2857339
543.3102775
513.4048039
461.580379
0
0
523.0471345
859.7575913
925.2303335
959.0828171
0
0
0
0
0
608.8849668
634.1046398
1135.512484
0
0
0
0
0
936.8338184
1154.190267
0
0
0
0
0
0
0
0
619.3938392
591.1842087
0
0
0
0
578.613103
519.5999051
580.9946957
619.5582273
668.8711771
679.7272703
604.3147191
607.4033668
607.9156229
606.6410482
603.4190305
530.4284983
0
0
0
0
0
0
0
0
0
0
0
0
0
0
0
0
0
0
0
0
0
600.6540789
629.5406742
0
0
0
0
0
539.8079162
617.1259261
650.1084581
699.3367408
631.3751659
613.499592
609.7345775
611.4162629
714.5450948
834.121219
809.8395749
751.6359364
651.6123938
643.5400231
616.6797003
0
0
0
0
0
0
0
0
0
0
0
0
0
0
0
0
528.2896162
642.5668829
522.8540528
0
0
0
0
0
0
0
625.4368787
523.8255335
667.7558677
0
0
560.8565225
785.6967409
772.3343972
765.1194872
752.7437965
729.0096974
0
0
0
0
0
0
0
0
0
0
0
0
0
0
0
0
0
625.2077562
0
0
0
0
0
0
0
0
581.7548657
622.4035283
620.1361543
0
0
0
685.7316012
783.7930155
669.1460787
0
0
0
0
0
0
0
0
0
0
0
0
0
0
0
0
0
478.0302065
669.4698066
0
0
0
0
0
0
0
0
466.7316285
515.3054399
0
0
0
561.0092869
720.3278154
657.9846712
626.8606675
0
0
0
0
0
0
0
0
0
0
0
0
0
0
0
0
0
737.0156198
622.4035283
0
0
0
0
0
0
0
0
0
0
0
0
0
646.5088545
742.4700237
660.2107322
0
0
0
0
0
0
0
0
0
0
0
0
0
0
0
0
531.0844961
635.7408117
0
0
955.9430967
1013.873464
0
0
0
0
0
0
0
0
0
0
0
0
0
0
0
0
0
0
0
0
0
0
0
0
0
0
0
0
538.9469607
0
0
0
0
0
0
0
0
0
0
0
0
0
0
0
0
0
0
0
0
0
0
0
0
0
0
0
0
0
0
0
0
0
0
0
0
0
0
0
0
0
0
0
0
0
0
0
0
0
0
0
0
0
0
0
0
0
0
0
0
0
0
0
0
0
0
0
0
0
0
0
0
0
0
0
0
0
0
0
0
0
0
0
0
0
0
0
0
0
0
0
0
0
0
0
0
0
0
0
0
0
0
0
0
0
0
0
0
0
0
0
0
0
0
0
0
0
0
0
0
0
0
0
0
0
0
0
0
0
0
0
0
0
624.2626094
708.7204055
0
0
0
0
0
0
0
0
0
0
0
0
0
0
0
0
0
0
0
0
0
0
0
0
0
0
0
0
0
0
0
0
0
0
0
0
0
0
0
0
0
0
0
0
643.1061992
0
0
0
0
0
0
0
0
0
1124.746349
1055.826314
0
0
0
0
0
0
0
0
0
0
514.1801555
656.8756715
0
0
0
0
0
0
0
0
0
0
0
0
0
0
0
0
0
533.9311549
0
0
0
0
0
0
715.7826484
739.9377025
689.7889764
465.8896404
532.3174498
594.4999288
715.562031
1072.990681
1047.803015
915.3834225
0
0
0
0
0
0
0
0
0
1431.000243
0
0
0
0
0
0
0
0
0
0
0
0
0
0
1009.129369
0
824.9604729
784.0354633
1131.358816
724.5271479
0
0
0
0
0
0
0
0
1289.121167
847.7172999
0
0
0
0
0
0
0
0
0
0
0
0
0
0
716.0396908
1391.561439
805.0532071
530.9381326
1040.856649
1133.434298
0
0
0
0
0
1161.844251
996.0435227
1380.229734
835.597155
0
0
0
0
0
0
0
0
0
0
0
1525.688224
0
0
0
627.400805
825.2240996
1089.463972
1442.030206
724.990116
1147.696048
0
0
0
0
0
0
0
1480.282979
1086.036985
0
0
0
0
0
989.7391315
0
0
0
0
0
0
0
0
654.3286332
561.6429833
0
907.7513347
816.2299034
809.4710411
1036.02895
0
0
0
0
0
0
0
0
0
0
0
0
0
0
0
0
0
0
0
0
0
0
0
598.7040557
917.0979545
725.2223396
668.1438305
490.5506784
890.049188
955.8056843
0
0
0
0
0
0
0
0
0
0
717.1607448
0
0
0
0
0
0
0
0
0
0
0
1241.844401
1185.394816
0
632.4631909
650.4072551
623.337324
813.5784756
1198.414042
763.8687562
0
0
0
0
0
0
0
0
0
0
884.2656836
887.6346066
0
0
0
0
0
0
0
0
0
0
0
0
0
0
508.5459761
676.805884
657.9910468
726.3813352
0
917.7078601
1012.911804
0
0
0
0
0
0
0
0
0
0
0
0
0
618.9026145
973.7646813
1030.623501
943.143751
0
0
0
0
0
0
0
0
0
0
650.246435
714.2291788
789.6096969
896.6032241
726.5951019
842.3871265
865.0027681
0
0
1079.412878
0
0
0
0
0
0
0
0
0
0
0
0
0
875.5508486
1030.623501
0
0
0
0
0
0
0
0
0
985.8556515
0
0
791.0548342
772.0238618
950.1931255
1198.189791
875.2578963
0
0
0
0
1094.617788
1072.639605
0
0
0
0
0
0
0
0
0
594.9075468
1181.247765
1176.462189
978.0063481
653.7788769
0
0
0
0
0
0
0
0
0
0
0
488.1083038
768.6631526
957.4751413
626.0568467
851.6194074
0
0
0
0
0
1238.748269
993.2928707
939.6569794
836.9126467
625.7905903
0
0
0
0
0
0
0
1062.862788
847.3371341
0
0
0
0
0
0
0
0
0
0
0
0
0
684.7594871
682.0797283
994.3430739
841.8198197
845.568587
849.0559569
949.423743
0
0
0
0
623.2591103
704.6179568
702.3042112
601.1443019
0
0
0
0
0
0
0
0
0
715.5091507
826.3431809
831.5333425
679.5670977
0
0
0
0
0
0
0
0
0
0
0
529.8510254
844.5665374
732.1256879
0
454.4240806
708.169347
940.9308459
1040.436984
0
780.7780615
0
0
0
714.9302878
761.6282996
0
0
880.7817653
572.300515
0
0
0
0
694.3142289
778.3901097
0
0
0
0
0
0
0
0
0
0
0
0
0
0
0
0
0
0
0
0
0
757.2054158
700.3656466
0
0
736.9562558
558.0890478
646.7124724
630.6752554
637.2462051
856.6208565
1305.931881
1362.019585
1253.17037
849.7300427
898.6847148
0
652.2569439
700.3164167
699.1419232
736.8771526
703.1101769
701.5044862
705.1529609
580.6927863
0
0
0
0
0
0
0
0
0
0
0
0
0
0
0
0
0
1000.644965
1072.10649
984.9700475
899.7898606
953.6062602
939.2941138
655.923143
542.4316299
0
0
0
512.4765964
702.4046139
659.2363011
743.7233325
898.7606815
733.019506
697.5965861
0
0
635.343727
757.2286064
674.9416377
697.7884808
639.1392751
0
0
0
0
0
0
0
0
0
0
0
0
0
0
0
0
0
835.8794388
826.835373
0
931.6758841
1360.174126
692.2954931
753.7553306
719.5652446
623.2836839
511.5625893
0
587.2212114
644.1947533
623.8459178
0
0
694.6209745
746.1549817
774.4518196
493.4167025
0
590.0957644
708.4158917
717.5577704
665.3658959
0
0
0
0
0
0
0
0
0
0
0
0
0
0
0
0
706.2938473
0
827.4628573
588.3636073
588.3636073
616.2516822
574.9694009
519.7219295
808.0859128
864.2204862
840.1840049
873.8916589
702.4247061
657.9983337
656.5881584
683.1528641
702.3711354
650.3134087
686.9233391
678.1597925
614.1443332
0
0
0
0
0
0
0
0
0
0
0
0
0
0
0
0
0
0
0
0
869.8548913
0
0
575.4589394
0
0
0
682.7552651
729.696271
698.2785724
886.4166783
859.1828588
0
0
685.7316012
702.0636422
0
590.152667
941.8386777
873.5483028
0
0
0
490.0901426
0
0
0
0
0
0
0
0
0
0
0
0
0
0
0
0
0
0
651.2562762
0
0
0
651.6633819
635.6413705
1129.349313
1090.05389
1139.96149
1192.464277
694.8726405
0
727.4734659
818.4801833
679.6071162
0
0
0
0
0
0
0
0
0
0
0
0
0
572.794941
0
0
575.1788022
0
0
0
0
0
0
589.1348457
592.1421247
660.4349026
686.8740809
468.0214587
579.5714224
546.8836923
0
0
773.4459963
0
0
0
747.3076905
674.1211335
689.3168385
631.0918233
643.5400231
654.1450136
653.9007596
0
0
0
0
0
0
0
0
704.1265408
0
529.3500177
674.3483515
691.5795622
0
0
0
0
0
0
751.360617
600.7127451
0
0
0
584.6366478
617.7675968
577.6670461
0
0
0
0
0
0
613.9596032
612.3155305
608.6901643
614.0519162
599.1055436
536.990121
0
0
0
0
0
0
664.2137043
705.204549
662.4579835
0
546.2027762
618.4142762
0
0
0
0
0
670.9952568
474.3473797
0
0
0
0
0
0
0
0
0
0
0
0
692.5477435
590.152667
0
0
0
562.2435315
0
0
0
0
0
0
0
0
0
0
0
0
0
0
0
0
0
691.2188818
595.6375286
0
0
0
0
0
0
0
0
0
606.556791
519.3565836
0
648.1617817
651.4596009
0
0
0
0
0
0
0
0
0
0
0
0
0
0
0
0
0
0
0
0
0
567.4920565
639.6059935
0
0
0
0
0
0
0
0
586.9751226
698.1733548
0
0
0
0
479.5786038
674.4621618
0
0
0
0
0
0
0
0
0
0
0
0
0
0
0
0
0
0
478.6203977
642.9980734
529.6358222
0
616.9662831
635.343727
0
0
0
0
467.4920083
604.3966468
622.9158315
593.7536797
0
0
463.1806062
0
0
0
0
0
0
0
0
0
0
0
0
0
0
0
0
0
0
0
622.5057392
599.9728442
1104.729769
1292.577833
861.3358435
0
0
0
0
0
0
0
612.225156
608.6901643
606.7253939
0
0
0
0
0
0
623.7420659
645.630054
621.6915183
628.5463717
626.9145271
645.7414232
623.9498978
620.0864604
643.2144568
615.8258734
655.9445202
0
0
0
0
0
836.9366806
0
0
0
0
0
0
0
0
0
0
0
0
0
0
0
0
0
0
0
0
0
0
0
0
536.112568
721.9832311
628.2174931
617.2538629
645.0752802
628.4366046
623.8459178
578.4180495
0
0
0
0
0
0
0
0
0
0
0
0
0
0
0
0
0
0
0
0
0
0
0
0
0
0
0
0
0
0
0
0
0
0
0
0
0
0
0
0
0
0
0
0
0
0
0
0
0
0
0
0
0
0
0
0
0
0
0
0
0
0
477.1571099
0
0
0
0
0
0
0
0
0
0
0
0
0
0
0
0
0
0
0
0
0
0
0
0
0
0
0
679.2475387
476.0150688
0
0
0
0
0
0
0
0
0
0
0
0
0
0
0
0
0
0
0
0
0
0
0
0
0
689.0522367
0
0
0
0
0
0
0
0
0
0
0
0
0
0
0
0
0
0
0
0
0
0
0
0
480.2475471
532.7170791
0
0
0
0
0
0
0
0
977.6051794
1183.620119
0
0
0
0
0
0
0
0
0
0
0
0
0
0
0
0
0
0
0
0
0
0
0
0
0
0
0
0
0
0
0
0
0
0
0
0
0
0
0
0
0
0
0
0
0
655.4115777
0
0
542.9574164
655.2522965
755.2425111
1192.02456
868.9778772
1259.915664
0
0
0
0
0
0
0
0
0
0
1262.920316
1843.96368
1251.007941
0
0
0
0
0
0
0
487.6501394
737.43205
0
589.6420616
673.9467144
1333.738747
1272.275318
1113.968822
843.6578853
0
0
0
0
0
0
0
0
0
0
0
0
0
0
0
0
0
0
0
0
539.3621365
795.9936031
0
0
1106.506433
849.9724754
1032.605364
1224.242014
1092.602892
0
0
0
0
0
0
0
0
0
0
0
0
0
0
0
0
0
0
0
0
538.3701153
757.2455562
0
576.8759095
647.2246278
1147.94675
1024.363047
741.7555848
573.9771285
0
0
0
0
0
0
1263.85886
1170.811964
0
0
0
0
0
0
0
0
0
0
0
0
0
0
1304.153938
1030.374376
697.0230571
720.8449048
947.2371836
1068.001302
806.0639842
775.0207732
0
0
0
0
0
0
0
0
0
0
0
0
0
0
0
0
0
0
0
0
1049.879834
1182.615213
0
623.776669
744.936949
1025.95428
783.4368142
814.2600439
533.5492807
0
0
0
0
0
0
0
0
0
0
0
0
0
0
0
0
0
0
0
0
1060.403247
1274.800954
823.1447379
0
0
460.6110246
849.9554491
818.6646322
1012.83027
990.5826996
859.8593088
0
0
0
0
0
0
0
0
0
0
0
0
0
0
0
0
0
0
0
0
0
0
0
0
0
0
0
788.5155612
765.5650653
987.2768081
1196.597827
907.5306736
0
0
0
0
0
0
0
0
0
0
0
961.7336962
992.2040014
1008.951124
0
0
0
0
0
0
0
0
0
0
0
0
0
460.8201451
847.4510768
778.9167805
776.751129
763.1300737
797.4177819
0
0
690.9193003
0
0
0
0
0
0
0
0
0
0
0
0
0
0
0
0
0
0
0
0
0
0
0
0
0
0
0
762.7752805
812.2324533
1087.477287
1582.470217
884.9793141
0
0
0
0
0
0
845.0773331
1267.910826
1185.732023
733.0681273
0
0
0
0
0
779.9769283
974.4277636
970.9195195
0
0
0
0
0
0
0
0
0
0
0
0
0
699.3367408
771.5704525
756.4898203
0
733.0681273
0
0
0
0
0
977.1049765
733.9273602
0
0
0
0
0
0
0
0
0
0
0
904.3805699
0
0
0
0
0
0
0
0
0
0
0
0
0
0
542.5481103
902.3002106
807.7188531
801.8621876
0
755.413969
834.6836885
0
1009.486363
0
0
658.8493781
834.7664821
881.9041529
785.3835612
604.3556724
0
0
0
0
0
0
788.6581791
1294.726391
1356.590196
886.070474
891.2987344
541.3924593
0
0
0
0
0
0
0
0
0
0
0
0
0
0
0
717.9102161
629.9987353
945.0250052
477.5046153
814.6782892
1431.000243
0
954.8078206
876.4173595
815.785271
832.0730103
817.9919139
0
0
723.9066532
937.413233
826.1529345
854.1909412
732.8009735
732.0033492
696.5665453
730.1642696
719.261722
747.3076905
857.0066732
736.3249891
687.6353752
709.5777752
731.4747706
720.6855363
737.1542581
0
0
0
0
0
0
0
0
0
0
649.347111
836.9972644
695.4153768
985.5413401
629.6889663
599.1740285
634.5876804
453.7667299
543.2513366
634.3728708
636.8422208
1047.260032
669.0384138
0
0
587.0843968
717.7789777
508.0913772
0
0
0
567.2410908
832.5754723
0
0
0
0
0
0
0
0
0
0
0
0
0
0
0
0
0
0
822.6041764
510.5573837
0
805.2085246
931.8582996
715.0152177
568.0473017
840.5935738
947.0856736
1096.212482
1062.457804
603.6623117
589.1348457
631.3751659
693.1576127
696.0113514
0
487.0914619
772.6160442
652.9785063
0
0
0
0
608.0584963
566.4934451
640.232161
736.2561597
668.2241241
0
0
0
0
0
0
0
0
0
0
0
0
874.3016679
0
0
0
783.2130618
759.8914987
747.3076905
730.5231107
768.8614959
1260.878539
1026.535634
512.5850526
720.0808558
745.2457421
760.0799967
569.0166183
0
0
0
480.2475471
0
0
665.3895575
815.2957596
576.2112509
680.2093699
665.4487378
0
596.2511259
0
0
0
0
0
0
0
0
0
0
817.3225651
704.6179568
0
0
0
0
517.9759869
676.4177544
464.7884221
782.0536743
714.7345541
0
644.2260514
637.8557033
591.9670681
0
588.5473249
594.45477
0
641.8173094
662.2479679
0
0
0
0
481.1734968
0
0
687.0712605
0
0
0
0
0
0
0
0
0
0
0
817.5007303
709.8651269
0
0
0
0
0
664.5209449
717.6240847
894.2543043
937.684314
889.5682781
601.3412461
0
0
0
0
0
667.4379236
477.0417826
0
643.6488108
644.3043447
0
0
0
0
696.1687692
962.0283426
889.0384915
675.4925433
655.8732823
0
0
0
0
0
0
0
609.5377201
712.0456194
0
0
0
0
0
0
0
0
469.7937192
0
806.5061306
879.9698769
856.9356055
863.1784081
1005.036879
679.9198248
522.0876971
630.2473592
653.4142017
531.6733388
0
0
0
0
0
0
0
0
0
0
0
0
0
0
0
0
0
0
663.1293711
0
0
661.6586346
866.1756561
0
0
0
0
558.6781739
628.6746119
0
0
0
0
0
0
0
0
799.4664478
990.2601514
654.1450136
587.139093
666.281187
824.0946619
613.1334351
612.5872562
610.7926352
608.4311567
0
0
0
0
0
0
0
0
0
0
0
0
0
635.5420428
562.4773862
0
0
0
0
602.4532844
552.5940572
515.7615019
637.2751327
0
0
0
0
516.6840791
0
877.4988352
938.3421499
721.9609169
785.6967409
601.8159229
0
0
0
0
519.4781234
0
0
0
0
0
0
0
0
0
0
0
0
594.45477
0
0
0
0
0
0
0
518.8728261
678.0847039
556.9977418
0
0
0
627.6721653
613.2248208
589.1348457
707.8699867
0
735.1029725
692.8766151
657.2227794
0
0
0
0
0
0
0
0
0
0
0
0
0
0
0
540.0319496
688.9201979
0
0
0
0
0
0
0
0
636.5404543
658.3268417
0
0
0
0
533.3971651
475.6211561
0
0
0
0
641.7107436
646.6374014
0
0
0
0
0
0
0
0
0
0
0
0
0
489.9435787
711.4597341
0
0
0
0
0
0
0
0
525.4791972
687.6817018
529.56425
0
0
0
0
0
0
0
0
0
475.3973869
634.5549577
0
0
0
0
0
0
0
0
0
0
0
0
478.1477188
697.4050514
481.1734968
0
0
0
0
0
0
0
0
527.3157469
0
0
0
0
0
0
0
0
0
0
0
0
0
0
0
0
0
0
0
0
0
0
0
0
680.3475504
675.4925433
0
0
0
0
0
0
474.2380725
0
0
0
0
0
0
0
0
0
0
0
0
0
642.9440599
628.4914705
644.5459213
661.261514
642.3306186
643.3662393
0
0
0
0
0
0
629.2079535
747.0046686
483.7893122
0
0
0
0
531.3046745
622.3014417
0
1071.615294
1282.994887
820.7655638
0
0
0
0
0
0
0
0
0
0
0
0
0
0
0
0
0
0
0
0
0
674.7064945
633.6372241
0
0
0
0
0
0
0
0
0
0
0
0
0
0
0
0
0
0
0
0
0
0
0
0
0
0
0
0
0
0
0
0
0
0
0
0
0
0
0
0
0
0
0
0
0
0
0
0
0
0
0
0
0
0
0
0
0
0
0
0
0
0
0
0
0
0
0
0
0
0
465.6582257
0
0
0
0
0
0
0
0
0
0
0
0
0
0
0
0
0
0
0
0
0
0
0
0
0
0
0
0
0
0
0
0
0
0
0
0
0
0
0
0
0
0
0
0
0
0
0
0
0
0
0
0
0
0
0
0
0
0
0
0
0
0
0
0
0
0
0
0
998.8356927
0
0
0
0
0
0
0
0
0
0
0
0
0
0
0
0
0
0
0
0
0
0
986.8545676
0
0
0
0
0
0
0
0
0
0
0
0
0
0
0
0
0
0
0
0
0
0
0
0
0
0
0
0
0
0
0
0
0
0
0
0
0
0
0
0
0
0
0
0
0
0
0
0
0
0
0
0
0
0
1010.152913
871.6037077
995.4459026
927.282583
0
0
0
0
0
0
0
0
0
837.4423551
2290.366986
1464.006698
0
0
0
0
0
0
0
0
682.1618627
0
673.7813086
725.721632
867.6975334
1158.965619
830.9906033
614.2985934
0
0
0
0
0
0
0
0
0
0
0
0
0
0
0
0
0
0
0
0
732.4377059
714.1520974
674.9187514
650.9015506
959.4330008
964.8436881
1969.018074
1358.966253
0
0
0
0
0
0
0
0
0
0
0
0
0
0
0
0
0
0
0
0
688.7883333
0
0
0
730.2685395
728.3553376
1012.214118
747.6115145
0
0
0
0
0
1636.389135
1349.101548
834.9875077
0
0
0
0
0
0
0
0
0
0
0
0
729.1785923
0
0
0
796.8132913
941.1956433
813.6351392
610.9703269
921.8169445
0
0
0
0
0
1072.149089
816.7894925
0
1208.118889
0
0
0
0
0
0
0
0
0
0
0
715.5091507
0
0
0
0
1031.210933
988.119617
1032.628001
1127.796913
0
0
3661.243906
0
0
0
0
0
0
0
0
0
0
0
877.9898083
987.0052555
0
0
0
0
847.4954126
743.2431646
0
0
0
0
847.5873725
915.7838408
580.9946957
949.9729489
0
0
8149.167717
2384.534125
0
0
0
0
0
0
0
0
0
0
0
611.8646561
0
0
0
0
0
0
483.8547295
0
0
0
459.5376498
677.0172355
1037.827541
1113.998046
867.6481943
0
0
0
0
0
0
0
0
0
0
0
0
0
0
0
0
0
0
0
0
0
0
0
0
0
0
0
687.7396405
654.2265768
705.4901035
1409.78869
776.5125764
1027.615502
0
907.7513347
0
0
0
0
0
0
1107.234408
1234.785369
1117.5753
0
594.184368
991.1215439
0
0
0
0
0
0
0
0
0
0
0
0
0
0
0
670.7028077
0
736.2749271
531.2899722
880.0151821
953.519439
0
0
0
0
0
0
0
0
0
0
0
0
0
0
0
0
884.9078003
0
0
0
0
0
0
0
0
0
0
0
0
0
528.009827
0
543.192448
732.75885
655.1867904
952.0018988
886.0233251
0
2555.174543
0
0
784.4487115
766.7454638
901.4208271
1073.69461
1150.237222
912.4047815
0
0
847.5508519
869.0421867
685.5046753
0
0
0
0
0
0
0
0
0
0
0
0
0
0
0
0
0
0
0
597.6433643
648.5255989
713.8229904
644.744063
839.7838355
656.1228571
802.8666789
1092.180332
1075.109622
0
720.1493989
616.8069477
0
0
821.0049255
804.9246159
0
0
0
893.9644662
901.4208271
843.9052584
727.3348687
0
0
1136.16838
1144.188904
1268.600925
1227.035886
1270.521138
1257.356558
1283.173158
0
0
0
0
0
0
0
0
0
0
644.6968464
591.9146287
837.814356
490.6062015
0
0
742.5531489
506.7975005
464.4717244
798.4451401
707.1665435
488.7848929
612.6553292
845.5396423
561.8168077
0
0
0
769.8286118
0
0
0
0
763.1300737
815.9217651
577.8842931
0
0
0
0
0
0
0
0
0
0
0
0
0
0
0
0
594.9075468
515.3622595
0
0
0
1108.798597
556.9977418
0
0
750.3826442
0
0
667.1210438
728.3087463
554.3426211
707.5528517
706.1375342
742.3205514
740.8201891
745.9003918
747.712968
766.8648928
914.1720698
871.4153455
698.1733548
623.6037957
0
0
0
0
0
0
0
0
0
0
0
0
0
0
0
696.5665453
473.3181209
769.7961979
0
0
657.1279839
610.2744779
499.1100725
0
664.7606063
899.3844564
938.162484
559.421669
665.6561619
648.1617817
683.1528641
0
676.8169963
762.8697885
706.1896125
763.2169622
727.5042891
652.6891951
773.5423905
500.5500215
0
0
0
0
0
0
0
0
0
0
0
0
0
0
0
0
567.0742689
0
775.3671349
585.0346996
618.8210252
654.4717037
462.8302274
660.2107322
0
0
1044.261479
1300.145403
926.8947398
912.0952077
635.1458623
634.8499074
636.6409273
0
0
539.3621365
703.8545343
576.7805894
0
0
689.6200999
649.7057676
715.4408857
805.853964
561.0092869
734.0082545
707.5076251
0
0
0
0
0
0
0
0
0
0
0
736.8771526
653.4142017
553.0696198
0
594.400614
747.4291236
663.6022243
727.1174264
733.1751689
623.1731591
630.9034457
662.2908873
919.4084959
672.2111552
0
0
0
0
0
0
0
0
683.2774436
640.9683574
624.891531
0
0
0
0
0
0
0
0
0
0
0
0
0
0
0
0
753.450184
0
0
587.6331414
668.651827
645.4910373
620.2190434
569.8561499
568.8883258
0
0
518.993407
606.8943517
471.2158674
0
0
0
0
0
530.1391046
0
0
0
0
0
623.5606327
0
0
0
0
0
0
0
0
0
0
0
0
0
730.5676765
567.9123006
0
0
0
467.8282924
714.0069806
661.791385
0
0
0
0
0
0
0
0
0
0
0
474.5117717
0
0
0
0
0
614.4222108
642.9980734
541.9966498
0
0
0
0
0
0
0
0
0
0
0
0
585.194511
703.3937551
648.7524983
0
0
0
465.1071291
670.2173752
553.4798965
0
0
0
0
0
0
0
680.3168267
644.0384277
0
0
0
0
0
0
0
0
573.5201658
0
0
0
0
0
0
0
0
0
0
0
0
0
0
0
0
0
0
0
579.7943444
0
0
615.0742728
544.2007404
0
0
0
0
553.8926486
648.0637046
0
679.6071162
590.7527112
0
0
0
565.9173177
616.0148503
0
0
0
0
0
0
0
0
0
0
0
0
0
0
0
0
0
0
0
0
0
0
624.1234833
601.7366121
0
0
0
0
765.6759276
902.8593341
746.9441602
0
0
0
0
0
0
0
0
0
0
0
0
0
0
0
0
0
0
0
0
0
0
0
0
0
0
0
0
0
0
0
0
0
0
583.3768555
612.5872562
740.8201891
0
0
0
0
575.7401523
0
0
0
0
0
0
0
0
0
0
0
0
0
0
0
0
0
0
0
0
0
0
0
0
0
0
0
0
0
0
567.3246481
635.5420428
638.4694739
471.5776378
0
0
0
0
0
0
0
0
0
0
0
0
0
0
0
0
0
0
0
0
0
0
0
0
0
0
0
0
0
0
0
0
0
0
0
0
0
0
0
0
0
0
0
0
0
0
0
0
0
0
0
0
0
0
0
0
0
0
0
0
0
0
0
0
0
0
0
0
0
471.1643927
557.4322036
629.226404
0
0
0
0
0
0
0
0
0
0
0
0
0
0
0
0
0
0
0
0
0
0
0
0
1061.472008
0
0
0
0
0
590.067329
607.7445085
529.9949013
0
0
0
0
0
0
0
0
0
0
0
0
0
0
0
0
0
0
0
0
0
0
0
831.8167772
1289.485765
708.6816
0
0
0
0
0
584.6366478
0
0
0
0
0
0
0
0
0
0
0
0
0
0
0
0
0
0
0
0
0
0
0
0
0
0
0
0
0
0
0
0
0
0
0
0
0
0
0
0
0
0
0
0
0
0
0
0
0
0
0
0
0
0
0
0
0
0
0
0
0
0
0
0
0
0
0
0
0
0
0
0
0
0
0
0
0
0
0
0
0
0
0
0
0
0
0
0
0
0
0
0
0
0
0
0
0
0
0
0
0
0
0
0
0
0
0
0
0
0
0
0
0
0
0
0
0
0
0
0
0
0
0
0
0
0
0
0
0
0
0
0
0
0
0
0
0
0
0
0
0
0
0
0
0
0
0
0
0
0
0
0
0
0
0
0
0
0
0
0
0
0
0
0
0
0
0
0
0
0
0
0
0
0
0
0
0
0
0
0
0
0
0
0
0
0
0
0
0
0
0
0
0
0
0
0
0
0
601.8357631
1016.197444
791.2358366
994.3542422
1055.305815
1197.717035
1002.672891
0
0
0
0
0
0
0
1716.736251
1985.591919
1409.389217
0
0
0
0
0
0
0
0
649.0327993
627.3466366
532.1185686
554.9355351
563.1639332
1597.738894
1103.402461
1128.419561
1022.167987
0
0
0
0
0
0
0
1754.073214
1376.73935
0
0
0
0
0
0
0
0
0
0
0
661.6775874
0
0
1364.783535
1015.133471
725.8217651
1057.090845
0
0
0
0
0
0
1227.035886
1881.390922
1082.699028
0
0
0
0
0
0
0
0
0
0
0
0
0
0
0
1078.992563
899.1163549
810.5541638
1128.050768
0
0
0
0
0
810.5541638
1534.208216
0
0
0
0
0
0
0
0
0
0
0
0
0
0
0
0
0
778.7985374
1412.967197
1994.423244
774.68039
0
0
3538.519248
3451.581019
0
0
0
0
1579.141488
1086.036985
0
0
0
0
0
0
0
0
0
0
0
0
0
0
0
585.2478568
824.9131763
955.9430967
745.5911008
0
0
3520.961339
3664.179846
0
0
0
0
0
0
0
0
0
0
0
0
0
0
0
0
0
0
0
0
706.7213502
603.5405781
728.0073127
0
775.8369059
752.1410747
0
0
0
0
0
0
0
0
0
0
0
0
0
0
0
849.0559569
1010.292074
0
0
0
0
0
721.8865697
0
483.2041013
650.0792173
887.9843741
802.1687242
863.5729661
799.4664478
850.1360314
0
0
0
0
0
0
0
0
0
0
1059.556426
881.3045103
0
0
664.2137043
597.1183612
836.7013278
574.8997335
0
0
0
0
0
714.5573994
0
0
523.6300161
650.246435
576.7044223
687.7396405
1345.426104
685.0728911
1433.629103
0
0
0
0
0
0
0
0
0
801.2498466
1057.644783
733.6043694
0
602.9346897
1070.684433
717.1607448
0
589.9820861
0
0
0
0
0
0
717.4694152
0
0
477.8544271
0
725.5403745
678.6341876
942.5283433
963.1246172
837.674739
0
955.9430967
0
0
717.1607448
756.0011924
798.9083646
0
0
792.5711616
1153.942345
1192.071125
970.4858181
0
0
0
0
0
0
695.509246
0
0
0
0
0
0
0
0
0
0
0
470.1960418
616.7273951
873.0788744
990.9954384
0
751.8160904
826.3812622
0
0
0
894.8772168
0
0
0
729.126958
1052.756923
798.5993626
0
0
814.6782892
744.0177687
830.9906033
550.7902262
706.6071781
0
0
0
0
0
0
0
0
0
0
0
0
0
964.9424313
1311.803041
880.4689839
0
0
0
675.3775118
720.5661642
616.6252256
859.8699578
963.4099609
632.7099004
1106.218052
957.2770708
1123.397121
632.3264343
646.1882916
917.7456265
850.8833606
660.9977041
0
0
0
0
0
0
0
0
0
0
0
744.6089334
860.2413853
877.5805527
0
736.2148824
726.4244979
753.541644
778.3901097
0
0
0
0
0
0
0
0
0
592.4934365
0
0
757.8331745
0
0
625.1139365
838.2837747
1006.297468
799.2886129
0
685.5046753
654.5126221
772.6160442
722.7109544
708.8271945
658.1441931
0
0
0
0
0
0
827.5198221
0
0
0
0
815.2029559
872.3595535
866.5546528
803.1541112
0
0
0
0
0
0
0
0
0
0
0
0
0
546.6972998
623.4312765
0
0
584.71609
0
929.0187601
1039.125836
922.8164519
768.4586487
638.2644057
578.1264314
0
548.2666313
0
0
0
0
0
0
0
668.7375993
773.7492071
747.4898884
774.1638972
696.0742893
668.394974
0
642.9440599
833.1745379
0
0
0
0
0
0
0
0
0
0
0
0
550.2648299
0
0
574.2756979
609.6470262
647.3153123
457.9702645
463.489218
902.2275109
979.4175354
814.9974046
664.3160062
712.1925995
633.7732933
0
0
0
0
0
695.0407655
950.7079743
947.8771736
963.0949977
903.583548
949.2410655
940.0889017
951.0305418
1001.833752
0
0
0
0
0
0
0
0
0
0
0
0
0
0
0
0
460.7363908
663.2192545
706.7037771
0
0
0
0
1374.770863
1075.109622
713.2002141
0
0
481.4231534
0
0
0
529.2787679
480.616
691.5946186
0
674.0563123
544.4702258
550.0036522
658.6565212
761.8343144
785.6967409
0
0
0
0
0
0
0
0
0
0
0
0
0
0
0
622.6592893
598.5516466
0
0
468.5076079
0
0
0
607.6590874
750.632219
672.4338962
651.2562762
638.8810541
615.2615304
0
0
0
0
0
690.2484922
697.5327012
0
0
0
0
0
0
0
0
0
0
0
0
0
0
0
0
0
0
0
0
611.7897523
794.4313175
732.428035
539.4176931
652.6891951
617.7675968
617.6067123
0
574.8997335
602.8542524
0
0
0
0
0
0
0
0
0
651.1378802
648.9172757
486.6072641
0
0
0
0
0
0
0
0
0
0
0
0
0
0
0
0
0
0
0
602.8542524
720.5661642
751.8882305
800.9127326
696.7115774
516.3364626
0
517.6799505
620.0533476
516.4521132
0
0
0
0
0
0
0
0
0
0
0
0
0
0
0
0
0
0
0
0
0
0
0
0
0
0
778.3901097
631.0918233
624.4717298
524.1527698
0
0
667.4379236
773.214638
722.7352962
0
0
0
584.0828882
624.4717298
0
0
0
0
0
0
0
0
0
0
0
0
0
0
0
0
0
0
0
0
0
0
0
0
0
0
0
0
0
0
0
478.8583302
777.7610685
736.7388564
0
0
0
0
633.7732933
587.0570635
0
0
0
0
514.4595105
582.137875
0
0
0
0
0
0
0
0
0
0
0
0
0
0
0
0
0
0
0
0
0
0
0
0
0
0
0
0
0
0
511.3495506
549.4196639
0
0
0
0
602.6134286
635.4711638
0
0
0
0
0
0
0
0
0
0
0
0
0
0
0
0
0
0
0
0
0
0
0
0
0
0
0
0
0
0
0
0
601.7366121
880.1360626
790.2955517
0
471.1643927
707.9855472
667.5437864
0
0
0
0
0
0
0
0
0
0
0
0
0
0
0
0
0
0
0
0
0
0
0
0
0
0
0
0
0
0
0
698.9863352
633.2883112
628.4000469
587.7157963
637.9577003
0
0
0
0
0
0
0
0
0
0
0
0
0
0
0
0
0
0
0
0
0
0
0
0
0
0
0
0
0
0
0
0
565.1833754
528.0796579
0
0
0
0
0
0
0
0
0
0
0
0
0
0
0
0
0
0
0
0
0
0
0
0
0
0
0
0
0
0
0
0
0
473.9115216
0
0
0
0
0
0
0
0
0
0
0
0
0
0
0
0
0
0
0
0
0
0
0
0
0
0
0
0
0
0
0
0
0
0
0
0
0
0
0
0
0
0
0
0
0
0
0
0
0
0
0
0
0
0
0
0
0
0
0
1246.804486
932.5022828
0
0
0
0
0
0
0
0
0
0
0
0
0
0
0
0
0
0
0
0
0
0
0
0
0
0
0
0
0
0
1207.25718
0
0
0
0
0
0
0
0
0
0
0
0
0
0
0
0
0
0
0
0
0
0
0
0
0
0
0
0
0
0
0
0
0
0
0
0
0
0
0
0
0
0
0
0
0
0
0
0
0
0
0
0
0
0
0
0
0
0
0
0
0
0
0
0
0
0
0
0
0
0
0
0
0
0
0
0
0
0
0
0
0
0
0
0
0
0
0
0
0
0
0
0
0
0
0
0
0
0
0
0
0
0
0
0
0
0
0
0
0
0
0
0
0
0
0
0
0
0
0
0
0
0
0
0
0
0
0
0
0
0
0
0
0
0
0
0
0
0
0
0
0
0
0
0
0
0
0
0
0
0
0
0
0
0
0
0
0
0
0
0
0
0
0
0
0
0
0
0
0
0
0
0
0
0
671.9766
958.2959436
1383.427926
1282.105249
1119.473693
0
0
0
0
0
1464.006698
2502.461543
1691.903716
0
0
0
0
0
0
0
0
0
0
544.9218099
0
0
0
672.2010429
1538.432151
1265.122032
950.3236124
0
0
0
0
0
0
0
0
0
0
0
0
0
0
0
0
0
580.1923112
673.9268009
0
0
0
0
766.9022388
566.991004
1051.906458
0
0
0
0
0
0
0
0
0
0
0
0
0
0
0
0
0
0
0
0
0
0
0
698.670331
899.4557397
697.3094186
906.1336099
0
0
0
8823.57174
4221.624934
0
2850.906406
1928.944074
0
0
0
0
1025.700484
1014.372787
0
0
0
0
0
0
0
0
0
0
1128.772526
776.6405121
1044.12971
987.2063668
0
0
0
3592.783845
2104.24084
0
0
0
1181.715929
966.9123816
0
0
0
0
0
0
0
0
0
0
0
0
0
0
0
1246.294031
816.3247962
762.6100722
1078.18701
0
0
0
0
0
0
0
0
0
0
1454.113336
925.3780429
0
0
0
1053.87449
0
0
0
0
0
0
0
0
0
872.4524465
578.9486821
705.9814551
832.7748714
0
0
0
0
0
0
0
0
0
0
0
0
0
0
0
877.4988352
947.0640404
0
0
0
0
0
0
649.8456306
593.7357862
548.7766567
610.6743896
444.4728765
995.2140156
923.8396316
0
0
0
0
0
0
0
0
0
0
0
618.9026145
1114.78438
1150.318884
998.5545771
874.8612336
975.3157223
1020.520307
772.6160442
0
0
0
0
0
0
0
0
0
0
0
709.0839325
776.4349664
979.7378808
1662.107296
0
1098.74245
0
0
0
822.2182358
650.1962372
0
0
0
0
0
0
0
0
764.9681795
1189.815094
1550.061999
1419.981202
1074.433081
0
0
0
0
0
0
0
0
567.828054
737.2930681
0
780.6685096
752.0868474
996.0435227
705.7737127
1264.800668
0
785.6967409
832.5754723
950.7079743
0
0
927.6097793
728.0993296
751.9513899
761.491155
536.7496073
0
0
651.2562762
970.6132673
1087.255357
1227.855201
1140.195102
707.3630311
760.8078043
735.8852108
725.2223396
965.7839962
1009.10839
0
0
0
0
0
0
0
0
0
0
734.6846686
861.8657536
627.0531801
547.1330251
760.2978688
694.3885062
861.262623
669.6862388
930.1001375
0
0
0
678.2950982
717.9562729
763.4954326
739.6794547
669.0814651
782.3960684
699.8058186
751.0075939
717.7169936
699.103004
0
0
693.6481739
749.1427965
731.7387446
737.9897048
724.8245444
590.4949736
0
0
0
0
0
0
0
0
0
0
0
733.019506
528.5002762
0
0
0
549.081321
797.0940152
851.7716423
1090.755007
1020.709706
920.1428352
918.1313479
799.8398535
785.3835612
921.0997228
825.5837887
0
0
693.4902337
655.4753677
0
0
0
0
0
503.4500053
741.2030067
637.4488997
669.0814651
0
653.4142017
518.5125061
0
0
0
0
0
0
0
0
0
481.4231534
600.849803
0
0
608.4311567
0
0
702.5625869
503.171853
752.9860407
830.8141231
915.1723003
719.5652446
507.5903527
658.7528994
685.9590476
746.7488893
719.261722
813.4404595
797.4177819
587.9643017
0
0
0
0
0
0
518.5125061
648.4566558
0
0
0
0
0
0
0
0
0
0
0
0
0
0
0
0
0
691.098942
757.3167724
465.9825045
461.2833448
0
455.6529703
653.123507
617.7906059
0
608.2589456
764.308454
644.0384277
654.8817129
530.7921053
0
0
580.4921918
657.8890901
640.1693435
0
0
0
0
0
501.0827516
653.9983829
699.5040225
851.8573457
871.3108029
951.4944182
783.8855307
661.3143657
0
0
0
0
0
0
0
0
0
591.6181457
813.1683878
0
0
591.9845559
0
463.0051092
0
0
682.4311473
576.5190948
0
0
898.5666177
1005.013615
712.9453904
596.9317119
567.7439065
530.865077
612.9509696
638.8810541
600.458839
0
0
0
499.4992007
663.3992806
681.9976625
655.923143
0
0
0
0
0
0
0
0
0
0
0
0
0
0
0
0
605.8024328
522.2147649
0
0
0
689.2205386
0
0
0
0
0
563.3415601
639.3982572
687.219402
0
564.5372939
528.3597581
0
0
0
629.3187166
677.2178889
697.5965861
614.7243102
0
633.8706167
0
0
0
0
0
0
0
0
0
0
683.5270761
0
0
0
0
594.3645311
0
0
0
696.6804817
697.0230571
588.2969106
692.3048245
667.2265526
667.7558677
638.9842514
0
0
0
0
478.6797806
565.0213023
595.5459049
624.2626094
661.5639285
734.4874698
718.0894368
698.8989208
655.7487486
0
0
0
0
0
0
0
0
0
0
0
769.8286118
857.5764768
0
0
0
0
0
0
0
0
663.7038612
629.1341909
0
0
0
0
0
0
0
0
0
681.5475222
652.5860919
554.5861424
0
0
0
0
674.5761067
0
0
0
0
0
0
0
0
0
0
0
695.1810828
882.3554481
0
478.0302065
0
0
569.4459227
673.330068
0
0
632.0399493
661.791385
0
0
0
465.2901584
0
0
0
0
0
0
478.8583302
703.3126535
620.285414
0
0
0
0
0
0
0
0
0
0
0
0
0
0
0
607.595081
755.6419835
683.0284418
0
0
785.0711654
787.592472
0
586.9751226
630.9975829
555.9233851
0
0
0
0
0
0
0
0
0
0
0
0
706.9844209
748.0100392
0
0
0
0
0
0
0
0
0
0
0
0
0
0
0
0
0
0
0
835.780574
747.3076905
0
0
0
0
0
0
517.2092698
670.0238919
601.2624095
619.4759927
601.2624095
600.7127451
624.1234833
582.4457025
0
0
467.253162
714.3095313
610.8814325
0
0
0
0
0
0
0
0
0
0
0
0
0
0
0
0
0
0
0
0
0
0
0
0
0
0
0
0
0
0
0
580.9191035
690.2752386
589.9820861
0
0
474.8421191
638.4694739
567.4083033
0
0
0
0
0
0
0
0
0
0
0
0
0
0
0
0
0
0
0
0
0
0
0
0
0
0
0
0
0
0
0
632.0399493
615.2615304
528.6411081
0
0
530.7192172
641.4979963
0
0
0
0
0
0
0
0
0
0
0
0
0
0
0
0
0
0
0
0
0
0
0
0
0
0
0
0
0
0
0
529.56425
779.9769283
0
0
0
0
0
0
0
0
0
0
0
0
0
0
0
0
0
0
0
0
0
0
0
0
0
0
0
0
0
0
0
0
0
0
0
0
0
0
0
0
0
0
0
0
0
0
0
0
0
0
0
0
0
0
0
0
0
0
0
529.9229225
595.0894
0
0
0
0
0
0
0
0
0
0
0
0
0
0
0
0
0
0
0
0
0
0
0
0
0
0
0
0
0
0
0
0
0
0
0
0
0
0
0
0
0
0
0
0
0
0
0
0
0
0
0
0
0
0
0
0
0
0
0
0
0
0
0
0
0
0
0
0
0
0
0
0
0
0
0
0
0
0
0
0
0
0
0
0
0
0
0
0
0
0
0
0
0
0
0
0
0
0
0
0
0
0
1357.833502
1361.174129
937.8471734
0
645.836993
0
0
0
0
0
0
0
0
0
0
0
0
0
0
0
0
0
0
0
0
0
0
0
0
0
0
0
1032.170629
0
0
0
0
0
0
0
0
0
0
0
0
0
0
0
0
0
0
0
0
0
0
0
0
0
0
0
0
0
0
0
0
0
0
0
0
0
0
0
0
0
0
0
0
0
0
0
0
0
0
0
0
0
0
0
0
0
0
0
0
0
0
0
0
0
0
0
0
0
0
0
0
0
0
0
0
0
0
0
0
0
0
0
0
0
0
0
0
0
0
0
0
0
0
0
0
0
0
0
0
0
0
0
0
0
0
0
0
0
0
0
0
0
0
0
0
0
625.8285758
637.7101991
591.5659436
0
0
0
0
0
0
0
0
0
0
0
0
0
0
0
0
0
0
0
0
0
0
0
852.9227845
668.6089699
1012.678047
0
0
0
0
2201.143984
1968.70248
0
0
0
0
0
0
0
0
0
0
0
0
0
0
0
0
590.8388168
756.2560424
601.3412461
1023.452278
0
0
0
0
0
0
0
0
0
0
0
0
0
0
0
0
0
698.6080768
865.5282124
0
0
0
0
577.5586622
884.3642946
1012.008426
0
0
0
0
0
0
0
0
0
0
0
0
0
0
0
0
542.0834167
579.7943444
0
0
0
0
562.9867526
700.0411639
0
977.9793758
0
0
0
0
0
0
0
0
0
0
0
971.693171
627.6721653
0
0
0
0
0
0
0
0
0
0
0
515.2108592
0
1209.272433
0
0
0
0
0
0
0
0
0
0
0
0
0
0
0
0
0
0
0
0
0
0
567.7439065
0
592.8168856
0
796.5632278
0
0
0
0
0
0
0
0
0
0
0
1241.226204
0
0
0
0
0
0
0
0
0
0
0
666.7001823
573.8626189
602.5333161
610.9703269
1021.31208
0
0
0
0
0
0
0
0
0
0
0
0
906.5633924
1117.877959
1131.616212
913.8276384
0
0
0
0
0
0
0
0
655.1286021
536.589759
749.0107426
0
671.2151826
1101.205924
598.4375338
0
0
0
0
0
0
0
0
0
0
0
906.7607661
1130.33214
1354.9099
1354.9099
1191.053355
983.9778877
1054.998251
0
0
0
0
0
0
0
0
0
0
0
473.9658046
768.506736
657.1279839
802.8492793
783.6235827
891.1266266
0
0
0
0
0
0
0
0
536.2712411
0
0
0
0
0
0
0
1296.2244
1340.766072
1337.699491
1409.645964
1495.699523
1384.945397
1271.647532
0
679.2475387
730.4251292
0
0
0
0
0
0
0
0
0
617.5424459
0
0
784.1790463
707.4695547
0
944.133082
1037.8939
1091.80778
0
0
699.3367408
959.1620423
0
827.1293652
554.4468815
0
0
726.2519492
734.9952588
0
0
0
0
0
0
744.6089334
682.6561157
694.9846929
832.4668307
685.4197119
0
814.0253593
1007.354451
781.3823385
0
0
0
0
0
0
0
0
0
732.9153893
862.5308609
616.489196
543.3545177
817.4294357
707.8699867
858.2202013
853.538901
924.7322974
852.6516836
1029.877076
838.6862457
686.4441092
679.1109046
913.2900068
866.428212
660.2107322
0
0
715.0030807
730.4251292
0
582.2147131
516.9752902
0
813.0131691
892.1549511
901.4208271
794.7984668
820.6759129
589.1348457
0
0
0
0
0
0
0
0
0
0
0
783.9384275
663.2979733
582.0304343
588.4637619
660.9977041
760.9051846
717.5312562
637.1450338
463.7552677
0
752.2224632
683.3744478
710.3239013
840.1215654
756.636899
669.6862388
679.4071874
679.4071874
707.688649
709.1482152
796.8369075
820.2720772
798.1512291
807.5436662
688.9641914
676.6038626
0
0
838.3742293
825.5837887
843.1292603
0
0
0
0
0
0
0
0
687.8701257
0
0
518.2734698
0
0
0
454.5345157
693.3083012
788.7652487
696.6967687
662.8333667
606.3605342
657.6982242
737.9497803
0
630.5279253
686.3011979
613.499592
659.8754877
707.7430174
717.5776604
717.4694152
0
0
592.9938859
619.3938392
0
0
0
0
0
0
0
892.0756054
881.4721709
0
0
0
0
679.3843644
662.3242826
0
0
0
0
0
0
553.5485159
723.5907173
0
815.5187533
756.324847
712.4134534
561.2966209
806.2560376
793.7385587
748.8788399
654.3548947
658.9873794
565.753563
568.5048185
721.8382713
747.3076905
0
0
0
548.9368347
660.9977041
664.7057726
634.8991633
0
0
0
0
700.0075101
776.2587626
0
0
0
635.1656285
697.0230571
0
0
0
0
0
600.9478473
0
0
673.2675628
779.4589669
695.6972449
586.192967
686.1014669
506.3561903
666.1419342
945.1630415
644.2495322
0
623.1731591
585.5955271
471.1643927
679.887706
633.1916401
0
0
538.45221
696.7374977
671.7514039
490.016812
0
0
0
0
0
0
0
0
0
0
0
0
0
0
0
0
1416.197664
692.0624895
0
0
0
680.4028773
516.5679851
548.5211611
676.2320031
511.9909662
576.4479393
691.0270468
0
0
0
0
0
0
713.7483354
680.0713843
730.5819414
792.697389
485.85497
660.6033858
0
0
0
578.9066513
546.8525908
0
0
0
0
0
0
0
0
0
0
0
940.4525751
1036.956735
529.1365086
0
0
473.3181209
664.7263315
0
0
625.6135498
573.5201658
575.4589394
0
0
0
0
0
559.3469612
632.3264343
519.4781234
0
0
0
0
0
0
0
0
638.4694739
667.0608059
482.6251841
0
0
0
0
0
0
0
0
0
0
0
0
0
0
0
556.3511239
632.1353386
0
0
0
470.9590076
0
0
0
626.8606675
623.776669
625.2605756
602.3733334
616.7273951
603.2572554
0
0
570.3122951
597.0249808
0
0
0
0
729.7151415
573.7026071
0
0
0
0
0
0
0
0
0
0
0
0
0
0
0
517.4441545
0
0
0
0
0
0
472.6254689
657.9983337
719.4977211
0
0
0
0
0
0
0
470.4998691
631.2806146
529.9229225
0
0
0
0
0
0
0
0
0
0
0
0
0
0
0
753.2218479
728.4485794
0
0
0
0
0
0
0
561.5465999
632.5179544
588.7147264
559.6462737
0
0
0
0
0
0
0
0
0
0
0
0
0
0
0
0
0
0
0
0
0
0
0
0
0
694.2029149
913.3329512
633.0564821
0
0
0
806.0639842
485.3816004
0
0
0
0
0
0
0
0
0
0
0
0
0
0
0
0
0
0
0
0
0
0
0
0
0
0
0
0
0
0
606.0112656
889.0384915
0
0
0
679.0085545
991.6619752
0
0
0
0
0
0
0
0
0
0
0
0
0
0
0
0
0
0
0
0
0
0
0
0
0
0
0
0
0
0
0
0
0
0
0
0
0
0
0
0
0
0
0
0
0
0
0
0
0
0
0
0
0
0
0
0
0
0
0
0
0
0
0
0
0
0
0
0
0
0
0
0
0
0
0
0
0
0
0
0
0
0
0
0
557.8694077
0
0
0
0
530.2836365
617.2538629
589.0506365
0
0
0
0
0
0
0
0
0
0
0
0
0
0
0
0
0
0
0
0
0
0
0
0
0
0
0
0
0
0
0
0
0
0
471.9942225
629.6889663
651.4596009
0
0
0
0
0
0
0
0
0
0
0
0
0
0
0
0
0
0
0
0
0
0
471.3189713
602.4532844
471.4222821
0
0
0
0
0
0
0
0
0
0
0
0
0
0
0
0
0
0
0
0
0
0
0
0
0
0
0
0
0
0
0
487.6501394
680.4859264
634.6924762
0
0
0
0
0
0
0
0
0
0
0
0
0
0
0
0
0
0
0
0
0
0
0
0
0
0
0
0
0
0
0
0
0
0
0
0
0
0
638.6750227
648.4566558
0
0
0
0
0
0
0
0
0
0
0
0
0
0
0
0
0
0
0
0
0
0
0
0
0
0
0
0
0
0
0
0
0
0
0
0
0
0
0
0
0
0
0
0
0
0
0
0
0
0
0
0
0
0
0
0
0
0
0
0
0
0
0
0
0
0
0
0
0
0
0
0
0
0
0
0
0
0
0
0
0
0
0
0
0
0
0
0
0
0
0
0
0
0
0
0
0
0
0
0
0
0
0
0
0
0
0
0
0
0
0
0
0
0
0
0
0
0
0
0
0
0
0
0
0
0
0
0
647.0887725
674.0077251
562.2435315
0
0
0
0
0
0
0
0
0
0
0
0
0
0
0
0
0
0
0
0
0
0
603.743571
668.1509968
647.2019709
0
0
0
0
0
0
0
0
0
0
0
0
0
0
0
0
0
0
0
486.4010599
468.5564791
0
0
0
0
0
0
0
0
0
0
0
0
0
0
0
0
0
0
0
0
722.1944287
720.4902688
822.6939279
657.8890901
799.8398535
1058.407293
0
0
0
0
0
1370.554274
0
0
0
0
0
0
0
0
0
0
0
0
0
581.9078338
606.5357405
0
0
760.5015792
1083.294294
1029.628901
0
0
0
0
0
0
0
0
0
0
0
0
0
0
0
0
0
0
780.950411
536.3507238
0
0
0
583.6427991
713.078793
675.4925433
0
0
0
0
0
0
0
0
0
0
0
0
0
0
0
0
0
725.5488908
677.4692904
0
0
0
704.3496233
714.7832364
993.2928707
945.7844671
0
0
0
0
0
0
0
0
0
0
0
0
0
0
0
0
0
0
0
0
0
0
0
614.5305289
787.956839
633.8706167
930.1761923
0
0
0
0
0
0
0
0
0
0
0
0
0
0
0
0
0
0
0
0
0
0
484.380941
475.3415938
763.7047139
922.5759447
962.3545833
0
0
0
0
0
0
0
0
0
0
0
0
0
0
671.8780115
1129.328299
614.1443332
0
0
0
0
0
0
0
786.7042231
718.2060911
546.8215038
668.394974
985.3843879
974.132756
0
0
0
0
0
872.3595535
935.3137391
905.5311945
883.8391062
0
0
0
0
0
845.8641616
1080.502589
1023.765676
0
0
0
0
0
0
0
0
0
797.3064056
0
0
0
745.9503559
948.1490818
948.7852237
868.4644065
1274.483975
1337.022318
0
1078.870129
0
0
0
0
0
0
0
0
0
785.6967409
0
0
0
636.8422208
711.7522707
846.5562487
0
0
560.7802652
892.0051101
898.4890597
773.7492071
827.5863113
985.7377211
0
0
0
0
0
0
0
475.2858603
0
0
681.9827488
904.02364
946.25477
791.3407461
0
996.4975541
0
1030.125568
877.9898083
1271.134959
0
0
0
757.1845482
887.1114492
918.7926721
904.9520826
1400.156271
1287.92136
1282.33374
1266.061523
1295.198586
741.1071808
0
751.6359364
1032.994669
899.0522298
812.4713339
785.3388853
833.7762192
834.3805358
0
0
0
0
0
0
0
0
0
488.4989958
619.8879804
610.8814325
594.0405387
684.742616
731.6692167
740.7485548
0
0
724.3293338
679.3345874
589.5742378
773.8757682
813.1683878
805.5744625
796.153804
836.5709678
705.359467
653.2687386
821.3897938
0
897.6480939
623.6037957
0
0
0
0
0
0
537.0704909
0
0
540.2004789
776.6290839
751.2764662
989.1890747
0
0
0
0
0
0
0
567.2410908
633.481978
0
0
640.232161
610.5900338
606.2206441
0
0
0
613.9903627
807.2463859
0
0
0
787.9112353
625.7374393
0
0
0
0
625.9236139
0
0
0
0
0
0
0
0
0
0
0
0
0
0
0
0
0
0
0
0
0
630.4343013
636.8422208
783.2130618
742.0811835
0
0
0
457.0688938
539.6403927
460.3612423
931.7796823
797.3270824
788.2308102
820.5376219
800.5567461
664.2137043
642.7822162
621.2873557
656.8756715
760.8078043
760.0668053
545.7424597
0
0
0
0
0
0
0
0
0
0
0
0
0
0
0
0
0
0
0
0
0
0
748.1510256
518.5724119
0
0
640.3894008
454.7931841
670.775836
670.5966843
795.2094377
0
631.483352
756.324847
547.1955035
626.145785
632.5179544
641.3918143
663.2835098
654.0402534
685.2924032
855.451213
860.7046957
764.8054468
488.3566038
0
0
0
0
0
0
0
0
553.4113459
0
0
0
0
0
0
0
0
536.0333772
749.1427965
0
834.7232793
557.0699629
0
758.030039
522.6615715
0
759.8497458
645.6578833
606.3605342
644.6614504
814.5872541
715.6773739
0
640.0976069
701.9435677
0
0
0
647.4287968
605.2827215
0
0
0
0
596.9938788
0
786.6122978
756.1975903
790.3428732
673.4877614
0
0
0
0
0
0
0
0
569.1022742
797.1192497
0
0
0
0
0
0
0
0
0
617.9287944
636.325544
726.0366455
621.5565805
692.4383575
638.777978
631.7544135
480.3087792
484.5795988
657.3809888
673.1533728
670.4944627
667.42281
672.3861224
759.0906803
757.0930956
732.4377059
802.6754111
686.3338452
687.8141825
643.6270426
0
0
0
0
690.2484922
0
0
0
0
0
679.5213823
720.2881418
0
0
0
0
0
680.6399073
722.4921238
704.2380221
472.5725697
0
0
0
0
0
0
0
0
566.824765
0
0
0
0
0
0
0
0
0
0
0
0
0
0
483.6587151
630.3220871
0
0
0
0
0
1325.742415
753.450184
561.700877
0
0
0
0
0
469.7436504
679.6738502
597.2680026
463.4450137
0
0
0
0
0
0
566.2459622
654.0402534
0
678.6511731
701.3055202
0
0
0
0
0
0
671.2466419
677.0840739
0
0
0
640.5469216
0
0
0
0
0
0
1300.57402
0
0
0
0
0
0
0
0
775.613385
0
0
0
0
0
0
468.2153616
644.2260514
630.3407793
0
649.9456653
1007.556455
1030.054538
1025.284253
1003.063041
753.8623211
0
0
0
0
0
0
0
0
0
0
0
0
0
0
0
0
0
0
0
0
0
576.5190948
713.5246848
617.8481564
621.8943334
593.3965957
0
0
0
0
0
0
0
0
0
0
533.1696664
567.1576312
936.0422478
993.9179854
988.5950406
823.9706965
0
0
0
0
0
0
0
0
0
0
0
0
0
0
0
533.7781325
568.8456125
0
0
0
0
588.7985652
783.8293525
702.7870363
633.6760792
0
0
0
0
0
0
0
0
0
0
0
698.7533955
737.7105312
706.8585218
617.8320382
0
0
0
0
0
0
0
0
0
0
0
625.9502437
649.4963782
564.9404043
598.2477142
655.6243836
521.0804707
613.5913878
481.1734968
0
0
0
0
0
0
0
0
0
0
0
0
0
0
0
0
0
594.9075468
594.184368
0
0
0
0
0
0
0
0
0
0
0
0
0
0
0
590.4092534
0
640.3369564
695.0096102
681.1807553
694.8850847
474.7869157
0
0
0
0
0
0
0
0
0
0
0
0
0
0
0
0
0
0
0
0
0
0
0
0
0
0
0
0
0
0
0
958.6213884
786.7990919
0
0
0
658.3268417
662.9947075
681.94299
665.0352553
630.5279253
0
0
0
0
0
0
0
0
0
0
0
0
0
0
0
0
0
0
0
0
0
0
0
0
0
0
0
686.4441092
0
0
0
0
0
0
0
564.0565708
672.8809362
638.3668799
0
0
0
0
0
0
0
0
0
0
0
0
0
0
0
0
0
0
0
0
0
0
0
0
0
0
0
0
0
0
0
0
0
0
0
0
0
0
0
0
0
0
0
477.6209616
0
0
0
0
0
0
0
0
0
0
0
0
0
0
0
0
0
0
0
0
0
0
0
0
0
0
0
0
0
0
0
0
0
0
0
0
0
0
0
0
0
0
0
0
0
0
0
0
0
0
0
0
0
0
0
0
0
482.6892012
718.9792048
644.3043447
0
0
0
0
0
0
0
0
0
0
0
0
0
0
0
0
0
0
0
0
0
0
0
0
0
0
0
0
0
0
0
698.5596831
697.7884808
0
472.4669333
629.5962536
607.8300202
0
0
0
0
0
0
0
0
0
0
0
0
0
0
0
0
0
0
0
0
0
0
0
0
0
0
478.3835301
712.2808858
599.0097649
0
0
0
0
0
0
0
0
0
0
0
0
0
0
0
0
0
0
0
0
0
0
0
0
0
0
0
0
0
646.8628031
700.7768154
0
0
0
0
0
0
0
0
0
0
0
0
0
0
484.7789888
650.0792173
0
0
0
0
0
0
0
0
0
0
0
480.9250013
711.7522707
625.6312372
0
0
0
0
0
0
0
0
0
0
0
0
633.1723189
724.033285
731.5706884
482.4335893
0
0
0
0
0
0
0
0
0
0
625.3134279
720.5423056
0
0
0
0
0
0
0
0
0
0
0
0
0
0
0
0
0
0
0
0
0
0
0
0
0
0
0
0
0
0
0
0
0
0
0
0
0
0
0
0
0
0
0
0
0
0
0
0
0
0
0
0
0
0
0
0
0
0
0
0
0
0
0
0
0
0
0
0
0
0
0
0
0
0
0
0
0
0
0
0
0
0
730.4251292
650.8622222
779.1809635
1084.95448
0
0
0
1067.78573
833.7762192
0
0
0
0
0
0
0
0
0
0
0
0
0
0
0
0
0
0
0
742.3592846
710.8770819
1015.752706
0
0
0
0
0
0
0
0
0
0
0
0
0
0
1009.681372
0
0
0
0
0
0
0
0
0
863.6737102
0
0
0
0
0
0
0
0
0
0
0
0
0
0
0
849.0559569
734.6846686
0
0
0
0
0
0
0
0
523.890843
817.0352613
442.7476066
629.5962536
1090.570593
0
0
0
0
0
0
0
0
0
0
0
0
0
0
923.3951187
0
0
0
0
0
0
599.4898303
0
560.932863
863.5278589
1364.018203
864.919348
0
0
0
0
0
0
0
0
0
0
0
0
601.7366121
730.4251292
0
0
0
0
0
0
0
0
0
768.404173
553.8236835
592.2649016
919.5789015
1080.675165
787.6632383
714.422127
1183.168694
1509.228035
0
0
0
1037.730595
0
0
0
0
0
0
0
0
0
0
872.5570204
1157.28796
1301.410158
0
0
0
0
0
0
0
0
0
711.7522707
763.7885295
795.6099395
872.2017684
885.0365493
682.6561157
0
695.509246
971.4164798
0
0
1125.267445
0
1391.911996
1324.281512
683.1528641
0
0
791.9419043
845.5139187
893.8128623
1104.651959
968.0042237
984.1336283
705.7737127
0
0
0
0
0
0
920.8599726
876.6299377
830.2049779
0
0
0
0
0
0
0
0
0
830.5258262
0
789.4610907
939.7864397
0
858.7948137
0
0
1755.788916
1990.764416
667.5437864
1277.350045
0
0
0
0
0
515.7043054
825.4805635
0
0
0
767.7214323
864.1254447
1051.092064
874.8612336
798.0757607
603.9470827
0
0
0
0
0
0
0
0
0
0
0
0
0
724.9238572
0
0
0
885.5526354
936.1043955
0
702.3042112
824.9541914
844.0426446
758.2344106
652.3688121
703.8440867
895.335614
901.361174
835.8592566
871.429607
747.9716184
0
0
673.4877614
0
730.1642696
743.2203499
743.9756598
744.9905922
754.5524727
753.450184
702.1838566
749.9383111
748.8788399
741.7246241
678.0584366
0
0
0
0
0
0
0
0
0
703.7595004
0
0
0
0
0
0
0
547.8392839
770.6833458
671.8780115
534.1870052
507.6902166
460.5276234
783.5027005
713.9724581
657.3448027
859.8505035
893.837109
0
0
0
0
0
0
0
0
0
0
0
0
0
0
516.6260043
747.3076905
737.9897048
0
0
0
0
0
613.6832866
583.6636974
0
530.6464126
0
715.3272079
766.5665431
631.3211239
625.6009182
577.0477974
0
0
587.8813762
673.7687455
809.3416643
812.3941098
563.1048235
0
678.7701547
983.6095609
838.7597629
596.1280189
0
0
0
0
0
0
0
0
0
0
0
0
0
0
661.5923303
0
0
0
0
0
0
642.0735921
584.0828882
541.3065971
706.0507947
666.4605288
712.4737664
626.0568467
0
0
0
0
0
649.4963782
679.2475387
733.0299231
553.2744504
621.9789848
627.400805
589.472615
565.6718269
852.960478
807.9162193
541.3924593
0
555.7105066
654.5863213
774.3717729
772.9240424
706.2491625
661.791385
817.7046392
749.8851059
648.5945948
625.1285889
655.7736418
503.2644219
0
0
0
0
0
0
0
603.1361398
599.3935823
0
0
0
0
0
0
0
0
662.9498627
572.3677387
0
0
771.0995871
867.7563823
0
0
651.6633819
0
0
737.5176629
787.4801605
668.716149
654.7761065
617.9287944
0
0
0
0
0
0
0
0
0
0
0
0
0
0
0
0
572.1662542
532.1185686
0
0
0
641.9087538
655.997985
550.3957976
0
0
0
0
0
0
532.1185686
790.4691509
806.8452563
0
0
0
0
0
598.0583533
655.6243836
633.6760792
0
0
0
0
689.3168385
664.6235821
686.9233391
0
777.7468095
0
0
0
0
0
0
0
0
0
0
0
0
0
0
0
0
0
0
0
553.4113459
617.285878
0
0
519.7219295
473.5870084
0
637.3474937
0
0
0
0
482.4335893
649.4963782
665.1532079
663.8056084
686.4808911
616.7273951
0
0
0
0
0
908.8195564
0
0
0
0
0
0
0
0
0
0
0
0
0
0
0
618.333165
630.1140781
467.1103924
516.3364626
795.7456885
1005.639856
838.2184829
0
0
575.3187368
0
0
0
0
0
0
0
0
529.56425
481.862876
0
0
0
0
0
0
0
0
0
0
0
0
0
651.2562762
683.6521298
527.1778457
0
0
0
0
0
621.7252867
698.2785724
513.4048039
0
0
825.0170197
973.4292755
984.1209098
868.6292561
0
554.8655143
556.2796497
0
0
651.7654441
0
752.3582377
857.8979811
475.230186
0
0
0
0
0
0
0
0
0
0
0
0
1176.462189
831.1358159
0
0
0
0
0
0
0
0
563.1836475
634.261007
589.8118848
0
0
0
730.4251292
903.0521325
960.5600576
918.4952214
946.4163165
0
477.0994147
670.2294809
562.1657524
0
0
0
0
0
0
0
0
0
0
0
0
0
0
0
1527.549571
0
0
0
0
0
0
0
470.0951647
732.2481617
0
520.1509391
523.8255335
0
0
0
0
0
632.3264343
648.5551621
470.1455784
0
525.613405
698.1733548
763.3163411
593.2009007
0
0
0
0
0
0
0
0
0
0
0
0
662.4770993
0
0
0
0
0
0
0
0
674.5761067
686.9890548
0
0
0
602.6134286
601.6573807
0
0
0
0
597.7186533
624.5590165
555.639693
0
0
634.9625333
619.1478642
619.7229407
470.7544393
0
0
0
0
0
0
0
0
0
569.3598564
0
0
0
0
0
0
665.0352553
645.836993
582.4457025
0
0
0
0
0
0
0
0
0
0
0
0
590.2381003
635.6413705
730.6866066
667.3321791
582.8322769
0
0
0
0
0
0
0
0
0
0
0
0
0
0
0
0
0
0
0
0
0
0
0
0
0
0
0
0
0
0
0
0
0
0
588.4637619
627.5816157
585.6759867
0
0
0
0
0
0
0
0
0
0
0
0
0
0
0
0
0
0
0
0
0
0
0
0
0
0
0
0
0
0
0
0
0
0
0
517.5619382
643.1989833
600.8694021
0
0
0
0
0
0
0
0
0
0
0
0
0
0
0
0
744.0177687
926.2352677
0
0
0
0
0
0
0
0
0
0
0
0
0
0
0
0
0
475.7896132
0
0
0
0
0
0
0
0
0
0
0
0
0
0
0
0
755.6419835
699.629663
0
0
0
0
0
0
0
0
0
0
0
0
0
0
0
0
768.2590249
0
0
0
0
0
0
0
0
0
0
0
0
0
0
0
0
0
0
0
0
0
0
0
0
0
0
0
0
0
0
0
0
0
0
0
0
0
0
0
0
0
0
0
0
0
0
0
0
0
0
0
0
0
0
0
0
0
0
0
0
0
0
0
0
0
0
0
0
0
0
0
0
0
0
0
0
0
0
0
0
0
0
0
0
0
0
0
0
0
0
0
0
614.3294803
615.9203077
476.9842136
0
0
0
0
0
0
0
0
0
0
0
0
0
0
0
0
0
0
0
0
0
0
0
0
0
0
0
0
0
0
0
0
0
0
0
0
0
0
0
0
0
0
0
0
0
0
0
0
0
0
0
0
0
0
0
0
0
0
0
0
0
0
0
0
0
0
0
0
0
0
0
0
0
0
0
0
0
0
0
0
0
0
0
0
0
0
0
0
0
0
0
0
0
0
0
0
0
0
0
0
0
0
0
0
0
0
0
0
0
0
0
0
0
0
0
0
0
0
0
0
0
0
0
0
603.4392755
485.4489725
0
0
0
0
0
0
0
0
0
0
0
0
0
0
0
0
0
0
0
0
0
700.3656466
0
0
0
0
0
0
0
0
0
0
0
0
0
0
0
0
0
0
0
0
0
0
0
0
0
0
0
0
0
0
0
0
0
0
0
0
0
0
0
0
0
0
0
0
0
0
0
573.0660534
0
800.5510256
1468.471705
1008.745666
891.5777931
1466.909075
0
0
1405.816191
1610.981148
2036.798411
0
0
0
955.9430967
1311.946752
822.2182358
0
0
0
0
0
0
0
0
0
0
0
0
670.4944627
557.0699629
606.2805671
789.7761832
813.116628
652.508841
911.7764321
0
0
0
1047.260032
1131.616212
1009.486363
0
0
0
611.8646561
955.9430967
985.1492135
917.5870669
0
0
0
0
0
0
0
0
0
0
673.4426797
0
0
588.6309797
904.6030675
808.1402612
680.8558883
741.3949021
0
0
0
0
0
0
0
0
0
0
0
0
770.0124553
981.6577055
1017.142669
874.7466064
0
0
0
0
0
0
0
835.9308249
0
637.753825
799.2851822
711.7522707
1272.161068
913.3123722
1142.929219
689.3168385
0
0
0
0
0
0
0
0
0
780.7780615
865.2700319
0
0
684.1539355
611.4162629
0
0
0
0
0
0
0
536.6696339
691.3239467
0
748.0382227
723.1653801
888.1595578
1132.90758
705.7737127
1039.95845
966.7355941
1229.914906
0
0
0
0
0
0
0
0
0
0
0
0
816.7894925
949.8507507
978.2324001
0
0
0
0
0
0
0
0
0
0
0
0
1162.067163
677.9009814
845.9856021
565.753563
924.8090386
1139.476336
0
819.3678653
894.602827
972.6649966
0
792.5711616
641.8173094
0
0
0
0
0
0
0
0
0
540.8789598
793.8391226
0
0
0
0
0
0
0
626.3239419
0
0
0
0
0
0
0
0
0
0
714.1766173
746.0146274
580.6927863
656.1001405
788.7438275
0
0
608.3450052
0
751.0075939
756.7887674
1047.260032
0
0
0
1867.585169
0
0
671.3473814
0
0
0
0
0
819.6936835
958.0540905
533.9311549
0
0
0
0
0
0
0
554.0307873
0
0
0
0
0
0
0
0
722.8570872
825.3863829
723.4856091
668.2241241
577.3927824
622.0213425
720.0550626
960.1078577
722.9340784
780.1767248
660.9258855
562.3993482
766.9774053
918.0632126
461.7082258
746.5301032
0
0
0
0
0
0
0
0
697.4816221
671.6565579
766.031379
778.9827731
774.8930182
753.7247799
880.1123106
750.4717162
767.4123735
770.2229054
776.0476524
0
0
0
0
0
0
0
0
0
642.6744842
0
462.4822939
726.5252772
0
624.4717298
942.8973191
691.625897
830.4254804
866.8078608
632.1989901
606.5006686
817.7645412
1329.332597
1302.196282
1317.085141
1343.053208
1288.692072
1100.56058
0
569.1451405
757.0084808
832.5754723
733.3742345
568.7602621
0
0
0
699.103004
526.4247584
739.0327469
736.4037031
582.9874673
677.1175103
0
0
0
0
0
0
0
0
0
0
0
0
546.5114248
0
0
581.4803108
797.6385002
884.6155933
696.2977469
0
625.9680016
524.5477405
706.8356474
794.7984668
0
774.1000068
0
654.1450136
634.016807
629.8746932
747.9161443
744.1652727
741.5390374
514.2359227
0
0
0
0
0
0
0
0
0
0
0
0
0
482.4335893
0
0
0
0
0
686.5986848
694.1523581
728.9795648
0
0
0
695.4153768
0
0
683.752287
727.4521319
647.9657342
564.4569463
596.6525721
619.6899719
0
0
574.9926381
615.896689
0
0
0
0
0
0
0
0
0
505.7245652
0
0
0
0
0
0
0
0
0
0
0
0
0
0
604.3147191
668.0157245
0
0
0
461.9220383
606.7816737
568.5685942
0
0
0
0
558.4566658
626.7709773
0
712.5944955
624.996808
0
0
0
0
0
0
0
0
705.0498614
752.7437965
540.0319496
0
0
0
0
0
0
0
0
0
0
0
0
0
852.5571343
567.828054
0
0
0
0
637.5359128
0
0
0
0
0
0
466.9206564
644.3200116
471.7334631
522.2147649
648.6537762
636.8422208
662.9370539
600.9478473
0
0
0
539.029785
0
0
0
0
0
0
0
0
0
0
0
0
0
0
0
0
625.7374393
612.3155305
0
632.2308335
660.8989678
598.475553
516.4521132
599.2398303
0
0
0
641.7259594
584.0828882
472.7844917
0
0
0
0
0
0
531.0112723
663.9802893
670.6194151
574.2526876
0
0
0
0
685.4561158
667.6851212
0
0
0
0
0
0
0
0
0
0
0
0
0
0
0
0
0
0
0
0
555.1460267
737.43205
643.9759743
0
676.5340301
662.821853
594.3645311
587.2212114
581.9078338
518.5724119
0
0
0
0
0
0
0
0
0
0
0
0
930.3447239
0
0
0
0
0
0
0
0
0
0
0
0
0
0
0
0
0
0
0
0
0
0
584.1617475
667.5437864
561.0092869
651.0534061
527.8007978
0
0
0
0
0
0
0
0
0
0
0
0
0
0
0
0
0
0
0
0
0
0
0
0
0
0
0
0
0
0
469.7937192
603.6623117
0
0
0
516.1633998
623.9498978
662.591876
671.8780115
0
0
0
0
0
0
0
604.5607551
911.412893
726.8787373
653.6571566
630.0980983
0
0
0
0
0
0
0
0
0
0
0
0
0
0
0
0
0
0
559.796413
688.7297827
650.4475048
0
0
0
0
610.1737586
581.2978341
469.196103
0
0
0
0
0
0
0
674.9678002
880.6774329
910.110956
903.5489861
0
0
0
0
0
0
0
0
0
0
796.3356082
1059.479615
0
0
0
0
0
0
0
0
555.9233851
0
595.417813
636.325544
469.3448535
0
0
0
0
0
0
0
0
0
0
659.3194239
855.8160738
872.9527421
808.3730066
0
0
0
0
0
0
0
0
767.1041082
0
1305.203558
1189.157225
0
0
0
0
0
0
0
0
0
0
0
612.9205982
664.6692346
707.3419612
464.2467293
0
0
0
0
0
0
0
0
0
558.6042594
648.5551621
0
0
0
0
0
0
0
0
612.8826499
602.9346897
0
801.7232899
1340.83458
1132.58405
0
0
0
0
592.2298025
473.1040096
0
0
0
0
0
556.0656702
629.9677079
0
0
0
0
0
0
0
0
581.9844355
579.6456553
0
0
0
0
0
0
0
0
0
544.2007404
635.9998916
0
0
1051.645495
1316.013078
773.4459963
0
0
0
642.8900792
662.9370539
476.5829856
0
0
0
0
0
0
0
0
0
0
0
0
0
0
0
0
0
0
0
0
0
0
0
0
681.8805444
0
0
0
0
1246.857957
943.637694
0
0
0
0
0
0
0
0
0
0
0
0
0
0
0
0
0
0
0
0
0
0
0
0
0
0
0
0
669.8721445
0
0
0
0
0
0
0
0
0
0
0
0
0
0
0
0
0
0
0
0
0
0
0
0
0
0
0
0
0
0
0
0
0
0
672.6411915
0
0
0
0
0
0
0
0
0
933.8073795
0
0
0
0
0
0
0
0
0
0
0
0
0
0
595.7292603
476.1281614
0
0
0
0
0
0
0
485.3816004
658.9137531
0
0
0
0
0
0
0
0
0
968.6007596
0
0
0
0
0
0
0
0
0
0
0
0
0
0
0
0
0
0
0
0
0
0
605.6982202
0
0
0
0
0
0
0
0
0
0
0
0
0
0
0
0
0
0
0
0
0
0
0
0
0
0
0
0
0
0
0
0
0
0
0
0
0
0
0
0
0
0
0
0
0
0
0
0
0
0
0
0
0
477.7959638
0
0
0
0
0
0
0
0
0
0
0
0
0
0
0
0
0
0
0
0
0
0
0
0
0
0
0
0
0
592.7579757
614.7010323
560.5519903
0
0
0
0
0
0
0
0
0
0
487.8611236
545.650776
0
0
0
0
0
0
0
0
0
0
0
0
0
0
0
0
0
0
0
0
0
0
0
0
0
0
0
688.5251252
0
0
0
0
0
0
0
0
0
0
0
0
0
0
0
0
0
0
0
0
0
0
0
0
0
577.1626129
632.2499452
0
0
0
0
0
0
0
0
0
0
0
0
0
0
0
0
0
0
0
0
0
0
0
583.4549764
0
0
0
0
0
0
0
0
0
0
0
0
0
0
0
0
0
0
0
0
0
0
0
0
0
0
0
0
0
0
0
0
0
0
0
0
0
0
0
0
0
0
0
0
0
0
0
0
0
0
0
0
0
0
0
0
0
0
0
0
0
0
548.3937759
1022.805478
993.6406842
0
0
1078.578457
937.0885138
1043.741843
1090.099431
896.2564863
0
0
1497.362537
1151.793698
1548.592281
0
0
0
0
815.9938601
0
864.6693718
966.9123816
1026.284712
1152.296204
1034.653197
1142.326037
0
0
0
0
0
0
0
0
0
777.565152
1010.770188
0
912.2867781
0
667.1210438
0
0
849.8652438
0
0
0
1019.011792
1540.731212
711.7522707
0
0
0
0
0
934.4333756
1047.260032
1109.555711
1048.263612
885.5526354
0
0
0
0
0
0
0
0
701.4381215
0
696.607962
778.9827731
591.0113184
672.7689808
0
0
774.6633958
1166.28596
1256.862824
818.3951387
743.2831012
1696.469182
0
0
0
0
0
0
0
0
0
0
766.031379
0
0
0
0
0
0
0
0
0
0
0
0
0
600.6540789
624.7338609
577.2344636
937.9830104
731.8445106
0
1002.242617
1008.708334
1268.07957
781.9895806
591.3574894
0
1325.742415
830.2049779
0
0
1800.938177
0
741.5390374
661.3936996
0
0
0
0
0
979.6200405
730.4251292
993.2928707
1013.823603
884.2656836
0
0
0
0
0
0
0
0
0
0
0
473.4255088
1147.105188
773.3854447
550.346655
862.9503718
0
0
0
0
1191.1187
1274.483975
988.4913865
696.2633369
0
1092.35994
918.5407631
1166.28596
0
1130.012254
804.2376927
926.2352677
933.0924565
835.3936407
772.2406599
736.545528
768.8406707
797.9835818
617.2058634
665.0352553
0
0
0
0
0
0
0
0
0
0
0
0
0
0
0
592.3351479
841.9997074
695.9664196
705.2768154
583.8206199
789.5172995
1393.204595
0
0
0
632.1353386
0
634.4568634
0
839.9413412
0
0
0
0
0
775.7579694
897.4485302
538.8642413
0
0
0
705.9814551
731.369357
0
0
0
0
0
0
0
0
0
0
0
0
0
0
0
891.3139823
505.2912558
635.9067998
446.6690819
639.1082485
494.0040971
653.0839385
570.7318831
0
1006.127541
975.0071547
866.8870777
647.6941529
848.3107013
617.8320382
668.0292431
686.6281551
676.262937
0
0
0
0
0
0
0
0
0
0
0
0
0
729.1785923
820.4296811
0
0
0
0
0
0
0
0
0
653.1027785
761.1001861
472.6254689
0
509.0552326
984.2865606
716.148406
770.4337228
754.7217994
701.0611652
1204.349242
726.2923659
876.6608832
811.4842609
720.8904819
759.8497458
0
0
555.3924173
692.5477435
0
0
0
0
0
0
0
0
0
0
525.7479016
759.6454546
760.8078043
788.5970373
0
0
0
0
0
0
0
0
829.6494954
0
0
568.8242654
541.3924593
619.9588119
1086.221411
537.8797078
530.8894196
671.0751712
649.5351175
590.6667023
0
781.2867298
790.6796174
722.2494958
762.4249075
534.9347794
999.4449678
1396.515228
1024.162442
628.9040925
739.4904481
753.2857369
786.9573665
815.654325
791.9105234
698.3387454
565.753563
0
0
0
0
0
0
0
0
0
0
0
0
0
0
0
0
0
0
689.7594024
701.5198072
0
0
614.6744371
730.3207114
512.8570572
703.34951
469.9442202
672.7689808
625.7020238
681.0723466
694.7607118
574.1607189
0
1146.704474
1346.471631
1364.824923
1356.049082
1075.464875
0
0
687.219402
0
0
0
0
0
0
0
0
0
0
0
0
0
0
0
0
0
0
522.278397
703.34951
692.9465137
0
0
0
512.6393546
673.1676391
466.0755397
755.4383779
689.3168385
695.9884745
624.1234833
734.9773166
800.6790447
752.2224632
620.5847367
0
0
0
0
0
0
0
0
0
0
743.8999029
774.3197707
0
0
0
0
0
0
0
0
0
0
0
0
0
0
0
676.2113861
510.8729844
0
0
0
465.2901584
0
0
0
581.6022105
739.1537223
0
0
619.7889173
742.2401478
637.9577003
593.6463812
651.2562762
635.9998916
657.7618023
487.0220271
0
0
0
0
0
0
0
0
0
0
0
0
0
0
0
0
0
0
0
0
689.1991512
0
594.2743972
0
0
645.0752802
522.597544
0
0
0
741.8389826
0
0
534.0078031
601.7366121
703.8545343
0
0
0
0
641.945358
665.3107084
822.5880735
827.1068396
0
0
0
0
0
0
0
0
0
0
0
0
0
0
0
0
588.9665201
590.323629
0
0
560.4002199
678.823082
757.7143406
668.9667049
641.1798321
583.5331788
467.253162
467.1579376
0
560.6279992
0
475.230186
666.3409298
740.963594
666.7001823
650.1962372
628.5463717
546.4804957
717.7789777
790.4157103
847.4041481
885.0365493
876.8295674
820.2540771
650.9723848
0
0
0
0
0
0
0
0
0
0
0
0
611.9546317
696.3390544
521.5820263
0
0
0
0
0
552.5940572
581.5259999
611.595324
609.3849391
613.9596032
617.3499454
609.3849391
609.4722072
616.0148503
591.1842087
588.5473249
613.2248208
774.1768791
836.8862142
799.7814374
606.6410482
687.6093259
667.42281
483.9202262
650.0792173
0
875.7177847
0
0
0
0
0
0
0
0
0
0
0
0
476.2982589
0
0
0
0
0
0
0
0
0
0
0
0
0
588.4637619
636.0398185
595.362981
0
0
0
0
0
0
557.7233664
701.9435677
714.1520974
0
0
0
0
0
0
0
0
0
0
0
0
0
0
0
0
0
0
0
0
0
0
0
0
0
0
0
0
0
0
0
0
0
0
0
0
0
0
0
0
0
0
0
0
0
0
0
0
0
0
0
0
0
0
0
0
0
0
0
0
0
0
0
0
0
0
0
0
475.2858603
619.0987563
613.5913878
589.1348457
0
0
0
0
0
0
530.865077
0
0
0
0
0
0
0
0
0
0
0
0
0
0
0
0
0
0
0
0
554.5164766
721.2843847
522.4696874
0
0
0
0
0
0
0
0
0
0
0
0
0
0
0
630.9975829
0
0
0
0
0
0
0
0
0
0
0
0
0
0
0
0
0
0
0
0
0
686.4155105
693.8697055
677.5607011
659.4303703
0
0
0
0
0
0
1052.643232
659.9871015
0
0
0
0
0
0
0
0
0
0
0
0
858.2202013
0
0
0
0
0
0
0
0
0
0
0
0
0
0
0
0
0
523.5649803
659.6248464
523.5000125
0
0
0
0
0
0
0
0
0
0
0
0
0
0
0
0
718.8382242
0
0
0
0
0
0
0
0
0
0
0
0
601.7366121
575.2720622
0
0
0
0
0
642.6744842
662.7067938
529.4213479
0
0
0
0
0
0
0
0
0
0
0
0
0
0
0
0
0
0
0
0
0
0
0
0
0
0
0
0
0
0
0
0
0
0
0
0
0
0
0
0
0
0
0
0
0
0
0
0
0
0
0
0
0
0
0
0
0
0
0
0
0
0
0
0
0
0
0
0
0
0
0
0
0
0
0
0
0
0
0
0
0
0
0
0
0
0
0
0
0
0
0
0
0
0
0
0
0
0
0
0
0
0
0
0
0
0
0
0
0
0
671.49869
483.7893122
0
0
0
0
0
0
0
0
0
0
0
0
0
0
0
0
686.3154797
695.4623005
0
0
0
0
0
0
0
0
0
0
0
0
0
0
655.1992642
0
0
0
0
0
542.1702979
0
0
0
0
0
0
0
0
0
0
897.2492217
740.3910626
0
0
0
0
0
0
0
0
0
0
0
0
0
0
0
0
0
0
685.6018656
0
0
0
0
694.0639443
0
0
0
0
0
0
829.6772161
0
0
0
0
0
0
0
0
0
0
0
0
0
0
0
0
0
681.1807553
0
0
0
0
580.292137
664.3501316
0
0
0
0
0
0
0
0
0
0
0
0
0
0
0
0
0
587.6331414
637.9372914
608.6685486
0
0
469.6936305
660.7346396
0
0
0
0
634.2218887
0
0
0
0
0
0
0
0
0
0
0
0
0
0
0
0
0
0
0
484.3148836
0
592.9348407
0
0
0
0
0
0
0
0
0
0
0
0
0
0
0
0
0
0
0
0
0
0
0
0
0
0
0
0
0
0
0
0
0
0
0
0
0
0
0
0
0
0
0
0
0
0
0
0
0
0
0
0
0
0
0
0
0
0
0
0
0
0
0
0
0
0
0
0
0
0
0
0
0
0
0
0
0
0
0
0
0
0
0
0
0
0
0
0
0
0
0
0
0
0
0
0
0
0
0
0
0
0
0
0
0
0
0
0
0
0
0
0
0
0
0
0
727.4619095
790.4051655
739.6085401
900.3649802
891.5777931
916.7757654
1080.997683
792.7921421
760.8078043
0
934.2578594
604.5607551
1237.064329
1418.357317
651.2562762
0
2431.662491
726.5757017
0
0
0
0
0
0
0
0
0
0
0
833.2603318
907.0902692
894.1921505
826.7244744
0
0
0
0
0
0
0
0
0
475.8458862
815.9938601
842.1652491
864.5883899
570.9425954
675.9184646
888.921009
693.6481739
783.2130618
2262.826228
0
1364.268954
1527.116109
673.6682998
0
0
1102.947108
1089.770235
0
0
0
0
0
0
0
713.078793
861.702499
851.3154232
566.991004
0
0
0
0
0
0
0
0
0
0
0
0
947.7142364
757.656278
904.3366929
629.3880165
747.2166999
775.5133881
883.4321927
847.0526774
0
0
1826.281968
700.1197323
849.9554491
985.0424165
601.3412461
628.2174931
1281.705842
1034.653197
1072.639605
765.8179814
0
0
0
0
718.9086914
927.8346278
987.0052555
639.6059935
0
0
0
633.2883112
901.8988686
828.205264
0
0
0
0
0
0
0
0
694.8850847
766.6738635
599.9340938
759.8497458
459.7832859
788.1241948
872.4046657
982.5109281
931.2446462
0
868.0038045
0
0
0
600.9478473
851.4977361
1003.161734
0
0
811.9456998
0
0
0
0
0
624.7338609
952.5594362
730.4251292
759.1165118
705.359467
543.1336118
0
0
0
618.1711801
0
0
0
0
0
0
0
0
0
755.3489036
465.2443386
0
536.5365638
629.1111532
742.1464156
761.8343144
900.2320534
954.8276735
717.4057926
831.422153
742.8445674
758.1132586
772.9925926
962.0283426
781.5844218
820.0202953
837.4423551
698.5044039
663.2372415
0
0
0
0
0
0
841.2078168
923.3951187
786.0556247
738.2695737
734.9563877
0
0
0
0
0
0
0
0
0
0
0
0
0
0
467.1103924
663.4894235
468.8506941
667.3129655
704.1265408
859.3191729
901.0174637
940.9873872
609.522117
563.4008686
766.6261537
747.4291236
859.0829765
832.1934339
1093.306116
840.2568863
0
0
0
0
0
0
0
0
0
0
0
0
0
0
528.0796579
716.6994021
0
0
0
0
0
0
0
0
0
0
747.8290247
470.4491061
606.4305708
540.8221511
0
0
647.6182569
775.6065042
566.5554504
667.1210438
647.770113
613.6832866
847.359039
1019.735562
675.4925433
633.6760792
821.6653752
609.6470262
0
554.1345744
659.5859185
0
0
0
0
0
0
0
0
0
0
652.6891951
770.8564641
0
0
0
0
0
0
0
0
0
0
616.870645
712.4134534
783.0765224
894.3128248
578.247799
505.7245652
542.3734666
809.0402802
614.6855174
0
660.1237007
827.1547109
956.686373
821.3060331
705.2467765
762.4545145
619.9871613
655.376158
748.3050262
491.5775555
0
0
0
0
0
0
0
693.8327499
827.2541896
754.3449979
0
0
0
0
0
0
0
0
0
0
0
0
474.1289944
766.4325277
647.5140044
0
863.1305645
1191.622977
0
0
572.7047945
706.4142478
686.6549538
646.8345969
695.6596173
737.9897048
793.7541968
839.0670371
864.0941258
832.4047883
0
0
0
0
0
0
501.8912282
700.682689
716.5679546
716.5679546
504.1983413
0
0
0
0
0
0
0
0
0
0
0
0
0
0
0
609.1236983
553.9616831
633.2054437
708.0656254
466.7316285
0
981.2892233
640.0080183
0
0
0
695.9987685
579.8688008
692.9864776
476.6401167
698.7533955
632.613874
0
0
0
1080.138726
0
0
0
647.770113
671.7303189
658.6565212
499.7601011
0
0
0
0
0
0
0
0
0
0
0
0
0
0
0
560.4760639
642.2754787
0
0
0
668.7757452
992.0579139
798.247126
621.3882136
574.552389
615.152245
694.253497
620.385069
587.9643017
0
0
0
0
0
0
0
0
0
0
0
493.4167025
696.2092874
1054.738369
1406.940214
0
0
0
0
0
0
0
0
0
0
0
0
0
781.3467109
748.6505658
615.3084115
0
0
629.226404
804.32408
763.9760956
681.7246038
520.7069687
710.0877104
711.2739956
0
0
0
0
604.4786587
624.909068
0
0
0
0
0
0
0
0
0
0
0
0
0
0
0
0
0
0
0
0
0
0
0
0
679.1412512
0
470.0951647
0
466.5903195
686.4956077
716.2047878
777.9965817
634.7936492
656.4671327
621.8943334
0
570.7055872
619.6405433
624.3845333
635.0470986
0
0
0
0
0
0
0
798.0411858
779.237648
0
625.9502437
0
0
0
0
0
0
0
0
0
0
0
0
0
0
0
0
667.1813201
0
472.9440044
677.8747637
667.9684248
579.6456553
859.918677
879.0473216
723.3456228
525.8826884
0
0
0
0
0
0
0
0
0
0
628.6562801
661.4504081
665.1532079
650.1962372
675.8879793
0
0
0
0
0
0
0
0
0
0
0
0
0
0
0
0
638.9842514
0
0
0
0
613.1334351
862.8080297
914.898981
619.7889173
530.2113294
0
0
529.1365086
646.3003582
623.2247193
619.5911439
611.595324
673.0678193
675.2881375
821.0192487
781.6320188
769.6909128
759.7225898
764.2646018
0
745.9803448
0
0
0
0
0
0
0
0
0
0
0
0
651.9699129
704.6727024
480.554414
645.5188233
0
0
0
0
0
640.8628096
884.9793141
0
0
0
0
0
477.5627564
643.9759743
626.377462
532.6419581
0
0
483.7893122
629.2079535
630.4343013
606.9578026
0
0
0
0
0
0
0
0
0
0
0
0
0
0
0
629.6889663
561.623696
613.8673941
0
0
0
0
0
0
0
0
0
0
0
0
0
0
0
0
0
0
0
0
530.5736914
0
0
0
0
0
0
0
0
0
0
0
0
0
0
0
0
0
0
0
0
0
526.834412
614.4222108
0
0
0
0
0
0
0
0
471.9419651
641.8173094
640.652092
625.4192318
646.0763652
649.0327993
600.2640813
0
0
0
0
0
0
0
0
0
0
0
0
0
0
0
601.3412461
484.8456156
0
0
0
0
0
657.5077521
653.8702736
0
0
0
0
0
0
0
0
0
479.5182062
1072.262182
1176.462189
785.2548329
705.9814551
701.5841802
0
0
0
0
0
0
0
0
0
0
0
0
0
0
0
0
0
0
0
0
0
0
0
0
0
0
0
0
0
0
0
0
1132.84592
908.8195564
0
0
0
0
0
0
0
0
0
0
0
0
0
0
0
0
0
0
0
0
0
0
0
0
533.4731778
574.1607189
0
0
0
0
0
0
0
0
0
0
0
0
0
0
0
0
0
0
0
0
0
802.9743913
0
0
0
0
0
0
0
0
0
0
0
0
0
0
0
0
0
0
0
0
0
0
0
0
0
0
0
0
0
0
0
0
0
0
545.0124957
765.3215295
0
0
0
0
0
0
0
0
613.1106047
485.4489725
0
0
0
0
0
0
0
0
0
0
0
0
0
0
0
740.963594
865.044496
853.6690723
856.6516839
0
0
0
0
0
0
0
0
0
0
0
0
0
0
0
603.0353509
482.8817115
0
0
0
0
0
0
0
0
0
0
0
0
0
0
0
0
0
0
0
0
0
0
0
0
0
0
0
0
655.2522965
0
0
0
0
0
0
0
0
0
0
0
0
0
0
0
0
0
0
0
0
0
0
0
0
0
0
0
0
0
0
0
0
534.4696218
646.4125651
0
0
0
0
0
0
0
0
0
0
0
0
0
0
0
0
0
0
0
0
0
0
0
0
0
0
0
0
0
0
0
673.217588
552.5940572
0
0
0
0
0
0
0
0
0
0
0
0
0
0
0
0
0
0
536.8296794
0
0
0
0
0
0
0
0
0
0
0
0
0
0
0
0
0
0
0
0
0
0
0
0
0
0
0
0
0
0
614.7243102
579.0047602
0
0
0
0
0
0
0
0
0
0
0
0
0
0
0
0
0
0
0
0
0
0
0
0
0
0
575.5525571
629.6518691
534.0078031
0
0
0
0
0
0
0
0
0
0
0
0
0
0
0
0
0
0
0
0
0
0
0
0
0
0
0
606.0112656
626.377462
536.990121
0
0
0
0
0
0
0
0
0
0
0
0
0
0
0
0
0
0
0
0
0
0
0
0
0
0
0
0
0
0
0
0
0
0
0
0
0
0
0
0
0
0
0
0
0
0
0
0
0
0
0
0
0
0
0
0
0
0
0
0
0
0
0
0
0
0
0
0
0
0
0
0
0
0
0
0
0
0
0
0
0
0
0
0
0
0
0
0
0
0
0
0
0
0
0
0
0
0
0
0
0
0
0
0
0
0
0
0
0
0
0
0
0
0
0
670.4112519
709.1482152
730.2294268
879.1590721
663.318226
1062.125188
1168.925923
798.4291967
721.3324363
0
0
0
1758.547778
0
0
954.7659162
0
726.0366455
0
0
0
0
545.8342695
849.5049925
829.813848
812.9442414
533.4731778
0
0
0
0
0
0
0
0
0
0
0
0
0
0
481.9891772
686.5299549
0
958.1625787
890.6779001
806.4766075
598.6278142
611.224848
447.3612829
675.4925433
590.7240309
1028.101691
992.0954682
1096.482882
733.6043694
0
0
0
0
826.2344361
765.9127778
808.8731432
786.9573665
800.4646136
770.6581201
0
0
0
0
0
741.9725467
719.9712773
771.1214297
764.2646018
0
0
0
0
0
0
0
0
0
743.8591316
558.2358615
689.7416623
736.1677269
711.0016654
856.1265295
813.7650849
883.5887363
829.813848
737.0520869
649.2179453
600.5006354
923.8650688
1055.223752
743.7233325
1537.093009
774.8930182
960.9992476
724.514774
753.3816361
805.1841653
770.1044821
722.8570872
634.261007
0
593.1121121
716.6073719
771.4933588
735.22877
734.9019909
788.2308102
716.3317558
734.1432092
734.9563877
0
0
0
0
0
0
0
0
0
0
559.1233175
0
607.7445085
740.9348984
635.4180424
674.2450041
697.2873623
773.2082883
762.9643717
935.8188973
759.238701
719.0262395
1090.384196
985.6535319
0
0
863.6305738
902.6186676
811.6462745
669.9466085
672.7689808
667.0367215
770.1597318
805.6633297
800.0269635
752.6302639
722.3707419
747.0479085
0
0
0
0
0
0
0
0
0
0
0
0
0
0
572.2557338
0
0
0
0
721.6935055
582.4611272
610.9703269
688.9641914
602.2003822
704.2900877
797.4726807
763.3909298
751.0075939
769.509969
681.474059
625.4368787
749.2750018
842.9534927
663.1293711
648.7327452
0
0
918.9398
1275.197695
1013.002788
0
0
859.8266061
0
0
0
0
0
0
0
0
0
0
0
0
0
761.1227069
0
0
934.4795948
719.8618101
504.7184779
0
871.2032625
907.4458855
905.4415996
677.3518887
692.4565802
736.8771526
651.4341604
773.0397434
838.8425163
673.1052396
652.4488022
486.6072641
710.5869585
669.8308008
862.9313848
1156.621823
1155.085346
0
0
941.6094137
1467.638545
1821.775248
1390.731336
704.741175
798.3526955
896.6263675
526.9715601
0
0
0
0
0
0
0
0
0
0
0
564.1364649
965.1268202
627.400805
713.6364512
541.5071167
742.5531489
810.0475958
894.5723692
895.335614
696.3579926
0
678.5798539
519.8441975
526.3567424
738.3096119
470.1960418
663.8056084
1108.973084
940.4811317
752.316444
538.9469607
0
0
0
0
0
0
0
0
0
0
0
0
0
0
0
0
0
0
0
0
0
0
467.4920083
544.5002362
620.0533476
0
0
807.6677327
842.7153021
592.4758328
831.4307029
839.312382
800.3081392
745.2627724
866.3271376
782.0536743
972.2667894
959.1620423
0
0
0
0
0
0
0
0
0
0
631.4224806
681.6700831
683.8191151
691.6398015
0
0
0
0
0
0
0
0
0
0
0
679.0350794
622.233453
596.3744277
655.9563986
1008.902541
1084.206969
0
804.7222026
739.8214179
620.5990169
0
752.1187428
710.1172053
829.7650352
851.8771307
810.4019885
692.1109099
748.1604308
619.5582273
721.7658642
725.1408542
728.0993296
736.2749271
660.2107322
0
0
0
0
0
0
0
0
0
0
0
0
0
0
0
0
0
0
739.627876
653.5182461
0
0
0
715.1002153
673.1276988
612.7689105
750.1880382
752.3073037
701.2693858
558.309385
0
0
528.852947
815.0453381
886.6644484
886.4785831
802.3238137
611.595324
637.8557033
598.7231277
857.5570147
1244.012289
1275.114177
1300.270581
1309.685595
0
0
0
0
0
0
0
0
0
0
0
0
0
0
664.4477011
0
0
0
0
0
0
0
658.5709359
766.2689345
572.300515
629.7950466
513.075555
0
593.3965957
683.5520742
752.9029286
473.2645101
685.0523768
729.3853719
0
0
0
0
0
0
0
1270.258493
1310.784571
1147.338883
655.923143
0
0
0
0
0
0
0
0
0
0
0
0
0
513.5701093
683.852546
466.3088806
0
0
0
795.6099395
916.4566331
570.9030399
596.1526247
588.2302724
539.3621365
0
0
745.3820554
657.602939
657.0332858
472.6784223
633.6760792
787.1811541
793.624264
779.3397458
669.8721445
0
0
0
0
0
0
0
0
0
0
0
0
0
0
0
0
0
0
0
747.4478171
656.1585661
670.5569184
0
0
0
705.924757
951.2243739
677.5607011
0
630.7154802
747.9161443
688.1577958
602.6134286
648.9502674
685.9590476
764.3648592
778.7058416
642.8900792
643.1061992
481.3606298
0
633.6372241
666.4206456
713.9163831
946.0288623
731.4747706
0
0
0
0
0
0
0
0
0
0
0
0
0
479.5786038
674.4621618
482.3062382
0
0
658.1077067
469.3448535
549.8734404
720.851039
468.4587836
555.5689521
731.7590764
592.3175803
0
0
527.0402467
689.0816023
617.5424459
747.459502
728.5885907
721.0117692
734.1432092
667.6649176
637.9372914
643.1061992
663.8056084
643.888613
0
0
0
0
0
0
0
0
0
0
0
0
0
0
0
0
0
0
0
0
0
0
525.0117294
713.443474
804.9436828
837.6039723
524.1527698
0
0
0
0
0
0
469.3448535
0
0
0
0
0
0
0
0
0
0
0
0
0
0
0
0
0
0
0
0
0
0
0
0
0
651.1547844
615.8258734
0
0
0
658.1761306
686.0843658
621.8097674
468.6053972
0
0
0
0
0
0
0
0
0
0
0
0
0
0
0
0
0
0
0
0
0
0
0
0
0
0
0
608.5174002
597.0249808
0
0
644.6024883
599.6247756
0
0
0
579.4231792
779.9769283
775.3671349
735.9322473
522.0876971
0
0
0
0
0
0
0
0
0
0
0
0
0
0
0
0
0
0
0
0
0
0
0
0
0
0
619.4924331
673.217588
0
0
591.879689
0
0
0
0
555.0056274
742.8445674
719.4977211
779.7891796
741.4772427
735.4627707
515.7043054
0
0
0
967.3171344
1111.811047
973.9531125
0
0
0
0
0
0
0
0
0
0
0
0
0
0
0
527.9400735
0
597.586945
562.0104519
0
0
0
0
653.5182461
637.4488997
562.4773862
0
553.8926486
521.5820263
0
0
0
0
0
0
833.4320799
0
0
0
0
0
0
0
0
0
0
0
0
0
0
0
0
640.6731411
608.0227542
0
629.4296234
539.1127146
0
0
0
0
0
0
0
0
0
0
0
0
0
0
0
0
0
0
0
0
0
0
0
0
0
0
0
0
0
0
0
0
0
488.072924
0
0
659.4303703
0
0
574.5292913
642.5668829
0
0
0
0
0
0
0
0
0
0
0
0
0
0
0
0
0
0
0
0
0
0
0
0
546.2027762
0
0
0
0
0
0
0
537.7983313
0
0
482.8817115
0
0
0
0
0
0
0
0
0
0
0
0
0
0
0
0
0
0
711.7522707
0
0
0
0
535.0126333
649.4963782
0
0
0
0
0
0
0
0
0
0
0
0
0
0
0
0
0
0
0
0
0
0
0
0
0
0
0
864.369962
0
0
0
0
0
682.0211028
547.1330251
0
0
0
0
575.3654412
0
0
0
0
0
0
0
536.5099826
0
0
0
0
0
0
0
0
0
0
0
0
0
0
0
0
0
0
0
0
542.5189709
0
0
0
0
0
645.2081121
616.489196
0
0
0
0
0
0
0
0
0
0
0
0
0
0
0
0
0
0
0
0
0
0
0
0
0
0
0
0
0
0
0
0
0
567.4920565
0
0
0
0
0
0
0
0
0
0
0
0
0
0
0
0
0
0
0
0
0
0
0
0
0
0
0
0
0
0
0
0
0
0
0
0
0
0
0
0
0
0
0
0
0
0
0
0
0
0
0
0
0
0
0
0
0
0
0
0
0
0
0
0
0
0
0
0
483.3336
623.018668
595.1804866
0
0
0
0
0
625.5251682
480.0642721
0
0
0
0
0
0
0
0
0
0
0
0
0
0
0
0
0
0
0
0
0
530.356026
621.7928645
624.4717298
531.1578043
0
0
0
646.2202963
0
0
0
0
0
0
0
0
0
0
0
0
0
0
0
0
0
0
0
0
0
0
0
0
0
0
0
0
0
0
0
0
0
0
0
0
0
0
0
0
0
0
0
0
0
0
0
0
0
0
0
0
0
0
0
0
0
0
0
0
0
0
0
0
0
0
0
0
0
0
0
0
0
0
0
0
0
0
0
0
0
0
0
0
0
0
0
0
0
0
0
0
0
0
0
0
0
0
0
0
0
0
0
0
0
0
0
0
0
0
0
0
0
0
0
0
0
0
0
0
0
0
0
0
0
0
0
0
0
0
0
0
0
0
0
0
551.0544589
0
541.1066868
568.3138313
0
810.4324095
820.2460089
901.8988686
943.663731
907.9853104
873.209074
922.2619692
1007.708101
792.7921421
820.8403186
922.521479
958.7956092
983.3421563
896.7851575
970.0851864
1222.516018
1241.423869
757.2286064
507.2917761
569.7912215
0
785.1960299
817.0557625
1020.358113
1350.584443
1060.712052
0
0
0
0
0
0
0
0
0
567.1576312
0
804.6009057
910.5919185
927.6219254
901.5402012
857.0574573
980.9064979
456.3749142
651.3352928
818.4508515
894.8118419
954.0771874
798.4807135
664.7880351
1118.120382
1072.809016
1157.552823
1213.065867
1169.209702
1205.878211
1074.69592
0
897.4275384
1071.971005
1019.011792
766.6261537
739.0327469
971.7901149
1299.064786
1160.746689
757.0713317
0
0
0
0
0
0
0
0
0
665.5079552
635.9400355
0
469.5438633
709.0410992
782.512453
725.8217651
802.1304839
466.3088806
621.8218431
683.7677049
580.873785
498.4673713
0
747.522071
700.6045571
773.6294283
833.2603318
759.7901243
793.4574027
786.2769896
0
0
0
0
0
639.502064
1055.765978
1325.417137
1258.999169
661.9908653
0
0
0
0
0
0
0
0
0
0
0
0
0
0
0
471.4222821
604.1511158
0
0
733.2823138
577.3927824
596.8075264
786.9573665
817.1201143
722.6851867
906.1900937
905.049005
729.7042543
848.8726684
681.0588039
733.8979586
578.9066513
0
0
0
0
748.6812687
1277.350045
1067.336447
0
0
673.3075614
771.9910474
520.0894679
0
0
0
0
0
0
0
0
0
0
0
0
624.996808
0
506.8467409
608.4167917
0
0
589.6420616
755.3705881
0
647.2586237
889.1854712
712.5082464
680.1215383
890.9788749
922.0480736
873.5177033
865.352131
703.3633345
692.0797799
665.8640436
623.9498978
0
861.1528613
0
572.8400562
811.1090162
1415.726364
2221.099498
769.8286118
0
0
0
0
0
0
0
0
0
0
661.6775874
0
0
558.2358615
0
558.8262389
578.4667646
0
0
688.1673197
705.2641056
537.3391115
633.9541238
634.7936492
665.7715952
762.0163899
615.8573395
639.5614373
698.9863352
824.3400103
875.9721756
803.6345861
678.1597925
576.3058347
689.582142
662.8602375
918.1065681
694.2029149
604.1511158
1201.944414
652.3288434
710.0090978
740.4930879
522.597544
0
0
0
0
0
0
0
0
776.0476524
0
0
0
0
762.8697885
627.5816157
525.1449346
0
716.5679546
0
741.9725467
743.4296558
0
0
0
0
0
698.6371241
702.4247061
778.8343395
831.2666388
630.6591707
841.882972
1066.865173
1244.807057
991.1215439
641.945358
699.0029941
711.9407585
0
0
0
690.8116693
0
0
0
0
0
0
0
0
0
0
0
0
0
0
733.7284857
877.463827
709.2554407
0
0
696.6424887
711.8464726
790.2246026
608.7045781
674.1211335
661.9686797
671.2886038
552.5263894
620.2190434
0
628.4914705
623.5347456
702.9080957
697.4529013
703.5155268
682.3028245
761.9280759
641.1798321
748.9747542
720.5065276
653.7058253
690.3822955
692.1835841
0
0
0
0
0
0
0
0
0
0
0
0
597.6809998
727.9715491
794.9483502
657.4534037
1269.104934
1088.823682
796.8729616
743.7233325
558.5304234
643.944764
654.4205814
786.5778431
612.0897816
611.1929893
726.9004148
719.1439163
669.3617748
0
0
1038.578276
1140.884805
578.613103
657.8890901
662.0574536
656.2228772
503.9165822
0
0
0
0
0
0
0
0
0
0
0
0
0
0
0
534.2382978
622.4035283
638.777978
469.6936305
517.7390427
642.701405
567.1784869
543.6057717
0
626.0568467
764.1907819
572.6372581
601.1049719
580.9946957
524.0871845
750.632219
692.0019968
740.0042047
786.6761277
682.3812241
878.994924
1113.184665
0
0
0
0
0
0
0
0
0
0
0
0
0
0
0
0
0
0
595.362981
0
0
0
0
0
0
0
705.8775321
552.9334065
0
0
471.4222821
586.8932701
0
585.9178809
652.380235
0
0
475.7334006
626.7709773
629.6889663
665.6561619
721.4045537
565.9173177
0
0
0
0
607.4885167
0
0
0
0
0
0
0
0
0
0
0
770.6977629
478.2654929
0
0
0
0
0
0
0
0
0
0
615.6216364
556.4226722
560.097664
0
0
0
604.4786587
589.0506365
0
0
0
0
0
648.3418678
614.6079866
615.2615304
638.5721881
727.1964464
777.447752
0
0
0
0
0
0
0
0
0
685.0382757
0
0
0
632.2308335
685.1652579
0
674.4621618
619.197001
0
557.0699629
876.4842223
960.9715183
666.3857617
557.7233664
0
0
0
0
0
0
552.189054
644.7913045
617.6871155
638.5868714
715.9071977
724.0601653
684.4057979
657.9983337
613.9596032
741.8389826
0
0
0
0
0
0
0
0
0
0
0
0
0
564.7788849
640.9683574
798.9083646
649.9456653
673.4426797
657.4534037
738.6798699
754.8296809
634.3728708
595.0529953
626.5918806
635.6413705
479.2172444
679.6071162
686.6445312
475.7896132
623.018668
761.8343144
621.6915183
634.6531629
0
0
0
0
0
0
0
0
0
0
0
0
0
0
0
0
0
0
0
0
0
597.6809998
0
0
0
0
477.3885253
0
0
567.828054
634.261007
475.3973869
0
523.6300161
0
0
0
0
0
0
621.9959253
624.5764846
622.3014417
594.7261187
0
0
0
0
0
0
0
0
0
0
0
0
0
0
0
0
0
0
0
0
0
0
0
0
0
0
517.9759869
466.0290007
725.0729963
544.3203767
462.5690497
0
0
0
0
0
0
0
697.0230571
736.1873726
733.335925
751.6809487
0
0
0
0
0
0
0
0
0
0
0
0
0
0
0
0
0
0
0
0
0
601.4399025
642.3520712
648.2272259
666.8202374
640.3369564
714.9642516
739.9635598
690.7399793
527.3848112
0
0
0
0
0
0
0
0
0
0
0
0
0
0
0
0
0
0
0
0
0
0
0
0
0
0
0
0
0
0
0
1275.299806
1653.092436
1755.84349
831.3851098
0
0
676.185621
641.3918143
599.1055436
738.1295521
745.0543262
762.8697885
727.4619095
750.0714317
722.8570872
524.7461699
0
0
0
0
0
0
0
0
0
0
0
0
0
0
0
0
0
0
0
0
0
0
0
0
0
0
0
0
615.8258734
0
0
0
0
0
0
0
0
0
0
0
0
0
0
0
0
0
0
0
0
0
0
0
0
0
0
0
0
0
0
0
0
0
0
0
0
0
0
0
0
0
0
0
0
0
0
0
0
0
0
0
0
0
0
0
0
0
0
0
0
525.0782964
647.770113
0
0
0
0
0
0
0
0
0
0
0
0
0
0
0
0
0
0
0
0
0
0
0
0
0
0
0
0
0
0
0
0
0
0
0
479.3374244
572.4350248
0
615.4492152
0
0
0
645.0752802
595.9130489
0
0
0
0
0
0
0
0
0
0
0
0
0
0
0
0
0
0
0
0
0
0
0
0
0
0
0
0
0
490.0901426
643.7577317
0
0
0
0
0
0
0
0
0
0
0
0
0
0
0
0
0
0
0
616.2516822
0
0
0
0
0
0
0
0
0
0
0
0
0
537.5548108
653.9007596
605.1791832
604.1511158
633.0564821
614.0288282
546.2027762
0
0
0
0
0
0
0
0
0
0
0
0
867.4196561
0
0
0
0
0
0
0
0
0
0
0
0
0
0
0
0
0
0
0
0
0
620.8851361
620.7848829
0
0
0
0
0
0
0
0
0
0
0
0
0
0
0
0
0
0
0
0
0
0
0
545.2852963
577.7393907
0
0
0
0
0
482.1157767
0
0
0
0
0
0
0
0
0
0
0
0
0
0
0
0
0
0
0
0
0
0
0
0
481.0491045
626.0568467
625.5251682
0
0
0
0
0
0
0
0
0
0
0
0
0
0
0
0
0
0
0
0
0
0
0
0
0
0
0
0
0
0
617.6388642
620.1858779
601.5386821
0
0
0
0
0
0
0
0
0
0
0
0
0
0
0
0
0
0
0
0
0
0
0
0
0
0
0
0
0
0
0
0
0
0
0
0
0
0
0
0
0
0
0
0
0
0
0
0
0
0
0
0
0
0
0
0
0
0
0
0
0
0
0
0
0
0
0
0
0
0
0
0
0
0
0
0
0
0
0
0
0
0
0
0
0
0
0
0
0
0
0
0
0
0
0
0
0
0
0
0
0
0
0
0
0
0
0
0
0
0
0
0
0
0
0
0
0
0
0
0
0
0
0
0
0
0
0
0
0
0
0
0
0
0
0
0
0
0
0
0
0
0
0
0
0
0
0
0
0
0
0
0
0
0
0
0
0
0
0
0
0
0
638.4988086
600.0116137
598.8567615
700.8521786
697.5523538
636.0897529
575.4028261
695.8048293
766.3878892
789.6860763
911.46318
912.4572554
805.5300516
721.2843847
477.5046153
480.3700818
840.2568863
707.3068541
822.4955189
879.4724151
788.2308102
915.9963238
1041.758926
815.3243276
848.768038
856.1460663
873.627891
1119.27192
0
0
0
0
0
0
0
0
0
0
0
615.7315473
637.753825
865.826678
711.0356682
572.099217
0
0
0
0
626.2857339
800.4254772
815.2660553
834.8523945
842.2805816
792.0608922
799.3732655
662.0193973
870.1791976
773.4243672
853.7732944
919.1915504
752.9029286
669.3977718
806.485042
819.78692
0
571.101034
0
0
0
0
0
0
0
0
0
0
0
0
684.1539355
566.9078361
676.4177544
0
695.1683186
630.1940219
743.8271643
541.7946367
733.4969139
640.1536461
687.1329593
693.4780947
503.125624
0
599.7792827
848.3014103
640.5469216
795.2094377
836.4060209
832.9563943
689.1991512
796.314206
790.2955517
747.1423066
745.3223983
657.8890901
671.7008077
674.9416377
683.5520742
627.4911624
0
0
0
0
0
0
0
0
0
0
0
0
0
0
477.5627564
0
0
0
465.0158636
661.3936996
0
619.5582273
564.2364595
743.2055899
622.4673955
704.8954036
659.7417281
561.1815459
672.322461
0
572.8400562
657.0332858
737.5176629
744.6089334
617.3499454
0
640.6731411
786.6653234
785.2793424
742.1657508
699.6715774
603.068933
670.4694918
678.6749578
705.9814551
689.3168385
0
0
0
0
0
0
0
0
0
0
0
0
0
0
471.4740153
581.5259999
0
671.2886038
618.7395159
595.6375286
588.2302724
638.5868714
755.1945184
468.0214587
660.8989678
583.4549764
606.7253939
0
0
0
543.3987875
696.3106537
724.3293338
0
0
689.3168385
0
796.7842313
0
1383.937331
0
0
0
0
0
0
0
0
0
0
0
0
0
0
0
0
460.1127171
638.7632627
468.4587836
0
675.4925433
724.9009308
0
0
658.9137531
859.9237138
779.2206399
661.9686797
0
0
0
0
0
0
0
546.2027762
701.2558386
0
0
0
0
0
570.9689777
701.9035739
0
0
0
0
0
0
0
0
0
0
0
0
0
0
0
0
0
543.369271
510.6623977
0
735.5565084
816.1261359
509.7239006
0
541.1637421
545.8955463
596.7455077
513.1851036
0
0
697.4816221
713.9316733
672.9930224
642.6744842
0
0
0
0
0
583.1429799
0
0
0
0
0
0
0
0
0
0
0
0
526.6975632
557.8694077
0
0
0
0
0
810.5541638
980.8576146
945.4355962
712.8565485
651.1674647
758.0740891
637.6230126
735.010811
653.4951149
463.0489256
466.2154148
637.1883786
465.6120699
470.7034243
647.380143
642.1377789
0
0
0
0
615.7786969
642.5883927
662.4579835
665.4487378
0
0
0
0
0
0
0
0
0
0
0
710.5869585
762.8697885
695.1342888
0
631.4698213
551.3862024
789.2302737
836.4765806
918.4952214
767.2238951
675.6768788
0
0
0
464.2916477
754.9511668
718.6739802
775.5029356
756.0011924
608.6037361
709.9698135
690.0258827
626.0568467
601.2427127
610.7482729
645.4743698
620.2605188
719.4386728
772.3088253
561.1240791
0
0
0
0
0
0
0
0
0
0
0
0
477.9715484
650.4475048
632.9986218
0
0
0
0
662.9947075
0
0
615.7001292
710.4421958
549.7434788
604.8899874
0
644.6024883
0
0
0
525.7479016
718.9407372
782.885619
768.0312884
714.6928441
576.6853928
0
0
0
0
0
0
0
0
0
0
0
0
0
0
0
0
0
0
474.5666845
653.1416483
469.8940041
659.4303703
469.8940041
520.1509391
0
0
627.8535537
554.7955647
0
0
672.5702709
720.6855363
783.0684953
670.5569184
596.3744277
595.6375286
615.8258734
609.9099644
737.2610197
715.6582443
768.1140518
789.0870059
785.1078772
682.0386868
644.6339299
0
0
0
0
0
0
0
0
0
0
637.8149377
584.2933638
0
0
0
0
0
0
643.1061992
626.2348167
0
0
555.0757912
600.7910348
519.4173233
0
0
622.233453
723.307965
709.3627757
599.8566502
0
0
0
0
0
0
0
0
0
0
0
0
0
0
0
0
0
0
540.6237068
486.5384427
0
0
0
564.2164493
671.4356156
680.3302671
692.9132226
0
0
0
807.378427
1040.332206
610.8814325
701.377827
706.8356474
471.4222821
0
0
616.0148503
671.4356156
617.7353949
622.3014417
560.1731802
0
0
0
0
0
0
0
0
0
0
0
0
0
0
0
0
652.5689193
0
0
0
0
478.6203977
665.4487378
0
0
0
0
523.890843
635.7408117
861.3358435
0
0
614.2368545
565.9173177
686.5299549
633.9680495
621.1866193
672.8809362
592.3175803
0
0
0
0
0
0
0
0
0
0
0
0
0
0
0
0
0
0
0
0
638.5516357
0
0
0
0
609.9099644
560.1731802
632.8060337
0
0
0
0
0
0
0
584.5572893
713.9724581
710.8770819
714.3095313
724.9486995
721.6452932
589.472615
0
0
0
0
0
0
0
0
0
0
0
0
0
0
0
0
0
0
0
0
0
0
0
0
0
0
0
585.6759867
624.909068
553.9616831
0
0
0
0
0
0
0
0
675.0332373
584.9549208
0
0
0
0
0
0
0
0
0
0
0
0
0
0
0
0
0
0
0
0
0
0
0
0
0
0
0
0
568.335027
1360.754535
1542.103028
1177.764993
476.4119643
0
0
0
0
0
0
0
0
0
0
0
0
0
0
0
0
0
0
0
0
0
0
0
0
0
0
0
0
0
0
0
0
0
1635.879542
1135.155514
676.8836968
478.08893
597.4930033
623.5347456
597.8694491
0
0
0
0
0
707.0264211
0
0
0
0
0
0
0
0
0
0
0
0
0
0
0
602.2336127
680.3302671
0
0
0
0
0
0
0
0
0
0
571.8094365
0
0
0
594.8167797
0
0
0
0
0
0
0
0
0
0
0
0
0
0
0
0
0
0
0
0
0
0
0
0
0
0
0
0
0
0
635.1458623
671.2151826
669.0076747
665.9830393
652.6891951
653.6224092
656.9116739
0
0
0
0
0
0
0
0
0
0
0
0
0
0
0
0
0
0
0
0
0
0
0
0
0
0
0
0
0
0
0
0
0
0
0
0
0
0
0
0
0
0
0
0
0
0
0
0
0
0
0
0
0
0
0
0
630.3220871
0
0
0
0
0
0
539.3621365
651.1378802
570.1381848
0
0
0
0
0
0
0
0
0
0
0
0
0
0
0
0
0
0
0
0
0
0
0
0
0
664.4477011
0
0
0
0
0
0
0
0
0
0
0
0
0
0
0
0
0
0
0
0
0
0
0
0
0
0
0
0
0
0
0
0
0
0
0
0
0
0
0
0
0
0
0
0
0
0
0
0
0
0
0
0
0
0
0
0
606.2206441
810.174055
0
0
0
0
0
0
0
0
0
0
0
0
0
0
0
0
0
0
0
533.9311549
643.7577317
658.6565212
656.2657762
0
0
0
0
0
704.433403
873.1509979
805.6442817
0
0
0
0
0
0
0
0
0
0
0
0
0
0
0
0
0
0
0
0
0
0
0
702.9080957
728.3087463
0
0
0
0
0
0
0
0
0
0
0
0
0
0
0
0
0
0
0
0
0
0
0
0
0
0
0
0
0
0
0
722.8570872
680.2093699
0
0
0
0
0
0
0
0
0
0
0
0
0
0
0
0
0
0
0
0
0
0
0
0
0
0
0
0
596.9317119
727.751187
0
0
0
0
0
0
0
0
0
0
0
0
0
0
0
0
0
0
0
0
0
0
0
0
0
0
0
0
0
0
0
0
0
0
0
0
0
0
0
0
0
0
0
0
0
0
0
0
0
0
0
0
0
0
0
0
0
0
0
0
0
0
0
0
0
0
0
0
0
0
0
0
0
0
0
0
0
0
0
0
0
0
0
0
0
0
0
0
0
0
0
0
0
0
0
0
0
0
0
0
0
0
0
0
0
0
0
0
0
0
0
0
0
0
0
0
0
0
0
0
0
0
0
0
0
0
0
0
0
0
0
0
0
0
0
0
0
0
0
0
0
0
0
0
576.5190948
633.6205773
512.7481068
609.3558707
770.7136236
763.2865187
776.6290839
613.7599478
457.4979091
536.2712411
615.6216364
597.7940149
770.7070925
712.8565485
725.706235
685.8452592
671.9889307
576.3058347
575.7401523
573.9771285
0
0
0
0
0
0
0
0
0
0
0
0
0
0
0
0
0
0
0
0
0
671.3865866
836.5166873
870.9454828
876.3087712
807.1560433
605.5941431
587.6331414
652.3688121
780.4340821
655.7902411
689.8481505
600.2965075
591.7052279
697.7884808
687.219402
738.2911309
693.0353437
621.2873557
697.0230571
734.4874698
686.3154797
670.1205845
667.9684248
0
673.6682998
693.3325399
731.4088754
723.2756972
722.8570872
0
0
0
0
0
0
0
0
0
686.1870167
0
0
680.5320952
660.6033858
683.2525151
0
578.1021818
0
0
540.4258606
746.100379
802.0795145
781.9895806
0
690.9682616
614.4531442
0
745.8181456
749.2584678
854.593673
691.4591916
598.9141028
643.4313684
629.0973335
0
548.9368347
695.0808364
652.2569439
0
0
0
0
0
0
0
0
0
0
0
0
0
0
594.8167797
0
582.5228577
0
0
542.7816891
681.474059
725.1304118
599.6247756
627.9833538
0
502.7112185
0
622.9158315
706.2216737
701.6041134
611.6401509
0
641.3615
612.4060053
557.0699629
558.9746197
597.4930033
689.18445
791.5658458
735.22877
680.3475504
693.0178888
0
0
0
0
0
0
0
0
0
0
0
0
0
0
0
0
0
0
0
0
658.2720093
0
522.0242611
604.7252015
625.7020238
621.5565805
596.1526247
0
639.8291139
656.3731115
592.6696951
0
0
594.0944434
641.604306
663.3992806
675.2298153
602.2336127
614.1443332
649.7057676
623.9498978
753.4776145
0
0
0
0
0
0
0
0
0
0
0
0
0
0
0
0
0
0
618.9842841
612.8598893
629.8746932
625.7905903
756.4189323
512.4765964
0
575.0391347
758.030039
604.6429359
643.0135119
602.2136727
653.232409
604.7252015
0
0
537.7983313
708.0112447
681.1807553
761.1489866
641.0528865
669.9755824
667.9684248
673.8190077
746.5817786
678.2950982
0
0
0
0
0
0
0
0
0
0
0
0
0
0
0
0
0
0
0
647.6724618
732.8625674
763.9143636
574.7605975
516.105822
782.9544826
784.4487115
646.8950496
643.2918644
652.9603974
638.0598162
649.9456653
0
0
0
0
0
0
0
496.4582808
0
0
0
0
0
0
0
0
0
0
0
0
0
0
0
592.4054582
648.4566558
654.6706217
662.0193973
559.4964568
604.1511158
573.3836342
773.3703115
820.0202953
0
0
0
615.4648749
0
0
0
616.5685194
551.1206781
661.492962
664.1115138
0
0
0
0
0
0
0
666.8402614
0
0
0
0
0
0
0
0
0
0
0
0
0
601.5386821
657.1279839
0
522.5335826
520.5829707
0
760.0437237
749.1427965
616.4099488
0
0
0
0
0
0
0
467.5878624
669.1580489
468.8998953
0
637.4488997
663.1967755
557.0699629
0
0
0
0
739.7826829
0
0
0
0
0
0
0
0
0
0
0
0
0
0
0
0
0
0
529.3500177
961.6644398
856.2975656
593.0234255
616.6797003
747.0279496
754.5709328
598.6278142
0
0
0
0
0
0
617.5424459
670.4476477
697.5965861
652.5860919
0
0
0
0
0
0
0
0
0
0
0
0
0
0
0
0
0
0
0
0
0
638.9400092
744.5496788
0
658.1761306
870.4548365
719.0262395
0
0
0
579.2013688
0
0
624.996808
519.2959041
0
0
475.230186
642.6744842
745.7774962
681.1807553
646.9757166
688.9201979
642.8900792
0
0
0
0
0
0
0
0
0
0
0
599.4898303
596.0972725
0
0
651.1547844
560.6279992
0
0
591.4442766
0
0
786.8307309
645.6578833
0
0
0
650.020764
0
0
609.2106849
517.5030178
0
0
620.385069
616.870645
714.422127
613.2248208
475.6211561
637.0439795
0
0
0
0
0
0
0
0
0
0
0
0
0
0
0
618.4142762
0
0
559.0489289
696.9087373
0
0
0
0
516.3364626
653.3232601
640.0080183
467.6358574
0
468.6053972
630.5279253
524.3499417
524.2841482
0
0
0
0
0
0
0
0
0
0
0
0
0
0
0
0
0
0
0
0
0
536.7496073
0
0
0
0
676.4177544
0
882.1446764
1011.64259
991.6334918
743.1367352
708.1243884
636.6409273
0
476.4119643
590.8388168
642.459412
622.0976405
620.285414
613.5913878
614.2368545
474.1289944
0
0
0
0
0
0
0
0
0
0
0
0
0
0
0
0
0
538.6167103
652.3288434
0
0
640.652092
0
0
0
0
0
0
0
636.3398549
633.7732933
0
0
0
0
0
0
0
853.8150044
1251.078442
592.9348407
0
0
0
0
0
0
0
0
0
0
0
0
0
0
0
0
0
0
529.6358222
0
0
0
0
0
0
0
0
0
0
0
0
0
1299.265058
1369.497728
1410.503272
1259.429528
0
0
0
0
0
0
0
0
0
0
0
0
0
0
0
0
0
0
0
0
0
0
0
0
0
0
594.545114
635.4428284
617.3499454
476.1281614
1320.70899
1585.106091
1430.875582
1456.02748
843.5906481
0
0
0
0
0
0
0
0
0
0
0
0
0
0
0
0
0
0
0
0
0
0
0
0
0
0
0
0
0
562.3993482
637.1450338
635.2447383
561.0857941
0
0
0
0
0
0
0
0
0
0
0
0
0
0
0
0
0
0
0
0
0
0
0
0
0
0
0
0
0
0
0
0
0
0
0
0
616.870645
616.3941084
476.69731
0
478.7392303
598.3425665
573.7026071
0
0
0
0
0
0
0
0
0
0
0
0
0
0
0
0
0
0
0
0
689.4494023
671.8780115
668.5171983
670.3696737
667.1813201
663.8637992
661.2237811
477.3885253
0
0
0
599.6826802
621.8943334
621.0860041
620.285414
638.4694739
675.4925433
601.0460135
535.2467608
0
0
0
0
0
0
0
0
0
0
0
0
0
0
0
0
0
0
0
0
0
0
0
0
0
0
0
0
0
0
0
0
0
0
564.1364649
0
0
0
0
0
0
0
0
0
0
0
0
0
0
0
0
0
0
0
0
0
0
0
0
0
0
0
0
0
0
0
0
0
0
0
0
0
0
0
0
0
0
0
0
0
0
0
0
0
0
0
540.2004789
0
0
0
0
0
0
559.421669
636.5404543
479.3374244
0
0
0
0
0
0
0
0
0
0
0
0
0
0
0
0
0
0
0
0
0
0
0
637.3272266
614.8407989
0
0
0
0
0
0
0
0
0
0
0
0
0
0
0
0
0
0
0
0
0
0
0
0
0
0
0
0
0
0
0
0
0
0
0
0
0
0
0
0
0
0
0
0
656.4984944
635.1656285
736.1248755
718.9792048
0
0
0
0
0
0
0
0
0
0
0
0
0
0
0
0
0
0
0
0
0
0
0
0
0
0
0
0
0
0
0
0
0
0
0
0
0
0
0
0
0
0
0
0
0
570.7494189
0
0
0
0
0
0
0
0
0
0
0
0
0
0
0
0
0
0
0
0
0
0
0
0
0
0
0
0
0
0
0
0
0
0
0
0
0
0
0
0
0
0
0
0
0
0
0
0
0
0
0
0
0
0
0
0
0
0
0
0
0
0
0
0
0
0
0
0
0
0
0
0
0
0
0
0
0
0
0
0
0
0
0
0
0
0
0
0
0
0
0
0
0
0
0
0
0
0
0
0
0
0
0
0
0
0
0
0
0
0
0
0
0
0
0
0
0
0
513.8466347
0
0
0
0
0
0
0
0
0
0
0
0
0
0
0
0
0
0
0
0
0
0
0
0
0
0
0
0
0
0
0
0
0
0
0
0
0
0
0
0
0
0
0
0
0
0
0
0
0
0
0
0
0
0
0
0
0
0
0
608.7766852
501.2614329
629.8746932
690.2039308
694.4560784
633.2054437
631.7272689
591.2881302
0
0
0
0
0
0
0
0
0
548.7446667
687.219402
593.7059731
0
0
0
0
0
0
0
0
0
0
0
0
487.4399656
697.1502297
0
0
551.1869619
637.1883786
660.6033858
781.2612467
623.3574479
603.743571
819.6284565
675.3252701
680.7380214
0
0
0
466.7316285
1020.242344
667.3321791
0
0
0
0
0
0
0
588.8545091
652.5448832
679.887706
0
0
0
0
0
0
0
0
683.4021809
0
0
0
0
697.4816221
477.3885253
0
0
0
551.6527683
464.697733
0
602.693622
771.1409765
760.8078043
749.7610555
724.7863713
543.0160961
510.1391769
516.9752902
762.7398594
589.1348457
0
0
0
0
0
0
609.9758325
644.0196871
0
0
0
0
0
0
0
0
0
0
0
0
0
530.1391046
685.7316012
640.3369564
526.7659503
0
525.7479016
678.5059483
474.0201443
0
0
0
0
0
0
471.4222821
0
0
0
521.8343435
0
473.3181209
633.0950771
616.2042614
639.1910105
569.0166183
711.620529
723.7380398
657.2543996
585.8909655
0
0
0
0
0
0
0
0
0
0
0
0
0
484.380941
0
0
0
679.7807196
0
0
0
0
514.796458
0
0
655.0668174
585.8371634
0
0
0
0
0
0
0
0
0
0
0
762.0724694
0
0
0
0
0
0
0
0
0
0
0
0
0
0
0
0
0
0
0
529.9229225
704.371958
560.0222293
523.0471345
747.6723759
516.048299
468.9984404
610.0857318
906.1481105
895.7822135
615.7001292
614.4531442
0
0
0
0
0
681.5475222
662.3624634
676.4177544
527.1778457
0
0
0
0
0
0
0
0
0
0
0
0
0
0
0
0
0
0
0
0
0
474.1835049
0
0
557.7233664
688.9994002
697.1270956
607.0636655
517.4441545
922.3610541
930.1001375
0
511.0843202
636.0683489
620.385069
642.459412
606.978964
0
0
0
635.343727
676.185621
0
0
0
0
0
0
0
0
0
0
0
0
0
0
0
0
0
0
0
628.7663302
646.2202963
643.7577317
713.6364512
596.3004232
570.8371624
541.2208469
644.6614504
629.5565503
754.5870877
554.6558789
0
0
0
0
0
0
0
0
0
480.554414
725.5488908
730.4251292
0
0
0
0
0
0
0
0
0
0
0
0
0
0
538.5344083
687.6093259
0
0
0
0
0
658.6565212
584.5572893
0
0
0
582.0611159
642.2754787
551.8533806
0
0
0
469.593737
0
0
0
0
0
0
0
0
0
0
0
0
0
0
0
0
0
0
0
0
0
0
0
0
0
0
0
674.9187514
695.63454
679.2475387
0
478.1477188
617.0620319
764.3648592
763.0085364
613.1334351
0
0
603.3381018
602.6134286
472.5197245
0
0
0
0
0
0
0
0
0
0
0
0
0
0
0
0
0
0
0
0
0
0
0
0
0
649.0493148
474.5666845
0
0
0
0
0
0
0
479.0973361
705.2217507
613.7752886
469.5438633
0
0
0
0
0
0
0
0
0
0
0
0
0
0
0
0
0
0
0
0
481.6111637
0
0
0
0
0
0
609.7345775
0
0
0
773.4649248
812.8581323
0
0
0
0
0
632.3264343
728.8691493
624.0366458
0
0
0
468.263953
699.1242308
660.8989678
650.5482074
0
0
0
0
0
0
0
0
0
0
0
542.2572936
647.0887725
0
0
482.1791888
682.1618627
0
0
0
0
0
0
664.8291934
856.4745161
862.8080297
813.9472233
898.9612585
871.7968026
808.9035159
826.581364
617.6871155
551.9874515
0
0
0
0
624.4717298
643.7577317
0
0
0
0
0
0
0
0
0
0
0
0
0
0
0
0
0
726.4916738
728.0141261
703.8205836
655.8732823
482.1791888
528.6411081
636.741516
810.7234541
1042.231309
530.066962
0
0
0
0
528.2896162
689.7889764
684.9396243
0
0
0
0
0
0
0
0
0
0
0
0
0
0
0
0
0
0
0
0
643.9759743
658.3268417
0
0
639.8142216
792.6751045
659.0979287
0
0
0
941.8507528
598.7040557
576.2348855
583.9254173
0
0
0
0
0
0
0
0
0
0
0
0
0
0
0
0
0
0
0
0
0
0
0
0
0
483.0104357
680.5725108
705.85676
625.1022163
0
688.000782
606.0112656
0
0
0
0
0
0
594.45477
593.5570794
590.067329
0
0
0
0
0
0
0
0
0
0
0
0
0
0
0
0
0
0
0
0
0
0
0
480.4928991
686.3154797
651.8505835
0
614.9808036
657.9983337
0
0
0
557.7233664
614.5150461
614.2368545
474.7317707
0
0
0
0
0
0
0
0
0
0
0
0
0
0
0
0
0
0
0
0
0
0
0
0
0
0
529.9949013
679.0085545
646.1882916
624.891531
596.6525721
0
0
0
523.5649803
0
0
0
0
0
0
0
0
0
0
0
0
0
0
0
0
0
0
0
0
0
0
0
0
0
0
0
0
0
0
0
0
0
0
0
480.0642721
638.4694739
650.6490221
610.1737586
0
0
0
0
0
0
0
0
0
0
0
0
0
0
0
0
0
0
0
0
0
0
0
0
0
0
0
0
0
0
0
0
0
0
0
0
0
0
0
0
0
0
0
0
0
0
0
0
0
0
0
0
0
0
0
0
0
0
0
0
0
0
0
0
0
0
0
0
0
0
0
0
0
0
0
0
0
0
0
0
0
0
0
0
0
0
0
0
0
0
0
0
0
0
0
0
0
0
0
0
0
0
0
0
0
0
0
0
0
0
0
0
0
0
0
0
0
0
0
0
0
0
0
0
0
0
0
0
0
0
0
0
0
0
630.8846306
650.4307319
0
0
0
0
0
0
0
0
0
0
0
0
0
0
0
0
0
0
0
0
0
0
536.6696339
645.2967765
532.2676714
0
0
0
0
0
0
0
0
0
0
0
0
0
0
0
0
0
0
0
0
0
0
0
0
0
0
0
0
0
0
0
0
0
0
0
0
0
0
0
0
0
0
0
0
0
0
0
0
0
0
0
0
0
0
0
0
0
0
0
0
0
0
0
0
0
0
0
0
0
0
0
0
0
0
0
0
0
0
0
0
0
0
0
0
0
0
0
0
0
705.0842166
539.1957495
0
0
0
0
0
0
0
0
0
0
0
0
0
0
0
0
0
0
0
0
0
0
0
0
0
0
0
585.1412029
0
0
0
0
0
0
0
0
0
0
0
0
0
0
0
0
0
0
0
0
0
0
0
0
0
0
0
0
0
0
0
0
0
0
0
0
0
0
0
0
0
0
0
0
0
0
0
0
0
0
0
0
0
0
0
0
0
0
0
0
0
0
0
0
0
0
0
0
0
0
0
0
0
0
0
0
0
0
0
0
0
0
0
0
486.7451683
627.1303074
650.3720513
0
0
0
0
0
0
0
0
0
0
0
0
0
0
0
0
0
0
0
0
0
0
0
0
0
0
0
0
0
0
0
0
0
0
0
0
0
0
0
0
0
0
0
0
0
0
0
0
0
0
0
0
0
642.9440599
697.2312403
699.8699502
647.2586237
702.203906
0
551.2533105
603.0958089
0
0
0
638.9842514
662.1336127
618.8047169
0
0
0
0
0
0
0
0
0
0
0
0
0
0
0
609.6470262
632.8252732
0
573.7026071
0
0
480.7393858
656.0514808
0
630.6752554
729.3114775
781.4142244
666.6069114
0
0
0
802.7232016
1514.149282
872.9810482
556.2082495
558.5304234
0
0
0
0
0
655.8732823
633.6372241
0
0
0
0
0
0
0
0
485.1129456
686.4441092
0
0
0
0
644.8858627
627.400805
0
0
0
0
546.5114248
641.1798321
651.3578816
517.0921673
551.9874515
643.1989833
644.9805212
545.5897235
0
0
550.2648299
1350.662693
1107.5332
0
0
0
0
0
582.4200017
549.8084283
0
0
0
0
0
0
0
0
0
0
0
0
0
0
0
730.4251292
0
0
0
623.690188
655.8109943
515.3622595
0
0
0
0
0
0
523.1761909
672.4338962
654.9874411
680.451314
677.1175103
672.9930224
672.8809362
669.0384138
656.2657762
640.5469216
645.0752802
571.720506
599.4898303
730.5676765
0
0
0
0
0
0
0
0
0
0
0
925.6692351
733.0681273
0
0
527.2467585
652.5860919
0
0
0
631.5645808
596.0788305
0
0
567.4920565
0
0
0
0
0
0
0
0
0
576.5190948
663.9074661
693.3167841
770.9358929
640.7573879
0
0
0
0
0
0
0
0
0
0
0
0
0
0
0
0
0
0
585.9178809
648.2599658
472.0465328
0
0
0
0
593.8969763
545.4677858
470.5506823
646.3163791
585.5955271
0
0
0
0
476.0715846
675.0332373
641.7107436
0
0
641.3069604
632.3647043
0
0
0
0
0
0
0
0
0
0
0
0
0
0
0
0
523.6951202
602.0543331
604.807552
604.8899874
660.6033858
705.924757
656.3731115
619.0660339
549.9385149
865.3667964
1076.772647
1079.65455
875.2056437
0
0
514.2917418
640.0080183
0
0
0
0
0
0
478.7392303
0
0
0
0
0
0
0
0
0
0
0
0
0
0
0
0
0
0
0
0
557.5048797
518.6323766
674.1715801
599.5476356
606.6410482
623.9498978
655.7176416
723.9878105
831.746304
969.9708864
820.9151149
620.9687725
467.1579376
0
0
0
0
0
593.2897915
637.3474937
0
0
0
0
0
0
0
0
0
0
0
0
0
0
529.4213479
676.5340301
0
0
0
0
0
872.8112921
784.8633352
738.9397773
0
0
0
0
560.6279992
0
475.0635184
474.6216552
0
0
0
0
0
0
0
0
0
0
0
0
0
0
0
0
0
0
0
0
0
0
0
0
0
0
637.6520651
757.7143406
744.4819969
797.8300975
0
0
0
0
804.6009057
804.2779996
676.185621
722.3266367
699.8058186
694.5372245
679.2475387
612.5872562
621.5902946
644.0852966
561.4695883
608.9500055
611.9546317
0
0
0
0
0
0
0
0
0
0
0
0
0
0
0
0
0
0
0
477.0994147
527.3157469
0
0
0
470.2465549
634.261007
698.5209845
724.2058823
0
0
0
0
0
0
0
0
529.0654988
0
728.6119433
0
0
0
0
0
0
0
0
0
0
0
0
0
0
0
0
0
0
524.2841482
634.7514795
0
0
0
0
0
0
0
627.1303074
609.8222235
520.8934361
0
635.5420428
0
0
0
0
0
0
0
0
0
0
0
0
0
0
0
0
0
0
535.1686238
685.8026222
0
0
0
0
0
0
0
0
0
0
0
0
0
0
0
0
0
0
694.8726405
734.2263396
742.6427365
694.3885062
0
0
0
0
0
0
0
0
0
0
0
0
0
0
0
0
0
0
0
0
0
0
0
0
0
0
0
0
0
0
0
0
0
0
0
598.020536
723.7607225
0
0
0
0
0
0
0
0
0
0
0
0
0
0
0
0
0
0
0
0
0
0
0
0
0
0
0
0
0
0
991.8166767
1008.569737
636.0398185
0
0
0
0
479.3374244
478.2654929
0
0
0
0
0
0
0
0
0
0
0
0
0
0
0
0
0
0
0
0
0
624.4717298
0
0
0
0
0
0
0
0
0
0
0
0
587.2212114
0
0
0
0
0
0
0
0
0
0
0
0
0
0
0
0
0
0
0
0
0
0
0
569.6183649
0
0
0
0
0
0
0
0
0
0
583.3768555
586.8932701
634.8499074
619.0987563
620.1858779
617.4461397
558.9003898
0
0
0
0
0
0
0
0
0
0
0
0
0
0
0
0
0
0
0
0
0
0
0
0
0
0
0
0
0
0
0
0
0
0
0
519.96671
0
0
0
0
0
0
0
0
0
0
0
0
0
0
0
0
0
0
0
0
0
0
0
0
0
0
0
0
526.9715601
631.6594448
0
0
0
0
0
0
0
0
0
0
0
0
0
0
0
0
0
0
0
0
0
0
0
608.4527089
0
0
0
0
0
0
0
0
0
0
528.3597581
731.2114247
632.9022741
644.6968464
470.0951647
0
0
0
0
0
0
0
0
0
0
0
0
0
0
0
0
0
0
608.5605566
757.2837023
0
0
0
0
0
0
0
0
0
0
0
0
0
0
0
0
0
0
0
0
0
0
0
0
0
0
0
0
0
0
0
0
603.2370567
746.7024452
0
0
0
0
0
0
0
0
0
0
0
0
0
0
0
0
0
0
0
0
0
0
0
0
0
0
0
0
0
0
0
607.595081
752.9029286
0
0
0
0
0
0
0
654.8817129
636.8422208
0
0
0
0
0
0
0
0
0
0
0
0
0
0
0
0
0
0
0
0
0
0
690.5162776
799.7814374
0
0
0
0
0
0
0
0
0
0
0
0
0
0
0
0
0
0
0
0
0
0
0
0
0
0
0
0
0
0
0
0
0
0
0
0
0
0
0
0
0
0
0
0
0
0
0
0
0
0
0
0
0
0
0
0
0
0
0
0
0
0
0
0
0
0
0
0
0
0
0
0
0
0
0
0
0
0
0
0
0
0
0
0
0
0
0
0
0
0
0
0
0
0
0
0
0
0
0
0
0
0
0
0
0
0
0
0
0
0
0
0
0
0
539.6961862
628.9868566
647.2019709
481.0491045
0
0
0
0
0
0
0
0
0
0
0
0
0
0
0
0
0
0
0
0
0
0
0
0
0
0
0
0
0
0
0
0
0
0
0
0
0
0
0
0
0
0
0
0
0
0
0
0
0
0
0
0
0
0
0
0
0
0
0
0
0
0
0
0
0
0
0
0
0
0
0
0
0
0
0
0
0
0
0
0
0
0
0
0
0
0
0
0
0
0
0
0
0
0
0
0
0
0
0
0
0
734.4136101
0
0
0
0
597.9638442
653.9356131
664.7997928
589.6420616
0
0
0
0
0
0
0
0
0
578.4667646
703.5709249
864.4628168
517.2092698
557.2146318
661.0965453
771.7730571
788.6581791
656.8037091
637.9577003
644.8543322
644.9647378
648.5715903
0
0
0
0
0
0
0
0
0
0
0
0
0
649.347111
0
558.0157571
610.7039349
626.7709773
0
0
0
0
0
596.9690061
792.4782324
676.2320031
466.9680238
469.0477844
604.8899874
645.5505894
789.5172995
656.0916232
676.6245634
696.6804817
475.7896132
0
0
0
0
580.7932868
0
0
0
0
0
0
0
0
699.629663
0
0
0
0
541.4784336
0
0
0
0
0
521.9608903
647.185791
651.9699129
679.2475387
646.9918588
667.3556677
694.354737
708.7204055
671.6123286
0
0
0
1150.829406
1161.627045
627.7628112
0
0
0
0
0
0
0
0
0
0
0
0
0
0
0
0
0
0
0
532.7922884
529.8510254
0
0
0
0
0
0
0
750.1336072
641.1798321
551.5860288
0
0
518.6924002
649.0493148
0
0
0
1066.150936
1449.044636
816.6215956
0
0
530.7921053
528.9945687
0
0
0
0
0
0
0
0
0
0
0
0
0
0
0
683.7773422
0
744.6773423
0
0
0
648.5551621
721.2843847
469.4442616
0
464.9247634
0
0
0
0
0
0
0
518.0353673
624.5590165
608.4311567
554.4468815
0
0
585.0346996
530.066962
0
0
0
0
0
0
0
0
0
0
0
0
804.2376927
748.0687625
0
0
0
0
0
646.0763652
622.1994792
0
0
0
0
692.6694228
473.8031252
0
589.219148
659.652662
633.3850904
656.3731115
637.8557033
658.2172093
643.4313684
657.5621326
755.3860794
722.7242311
0
0
0
0
0
0
0
0
0
0
0
0
0
0
0
692.684643
0
0
0
0
0
0
0
0
0
0
525.1449346
611.237595
667.7558677
525.546265
0
0
0
0
0
0
0
0
0
0
0
0
0
0
0
0
0
0
0
0
0
0
0
0
0
0
0
0
0
0
0
0
751.6359364
618.6092671
0
0
0
0
473.6949545
654.3548947
474.897381
817.7046392
956.1425388
1045.610511
954.5534085
700.5134781
0
0
0
0
0
0
0
0
0
0
0
0
0
0
0
0
0
0
0
528.429978
632.4221412
638.5721881
475.7896132
0
0
0
0
555.427688
680.4244018
648.3582571
470.7544393
0
559.1233175
636.239728
591.0977149
617.7353949
621.6915183
0
526.5610123
595.1804866
0
0
0
0
0
0
0
0
0
0
0
0
0
0
0
0
0
0
0
0
0
0
718.6846378
588.5473249
0
658.7528994
823.178549
607.8300202
660.8989678
744.9056688
608.5174002
609.6470262
847.8839434
774.2861341
559.421669
471.010277
641.5435419
686.7018689
690.3822955
617.7353949
0
0
0
0
0
0
0
0
0
0
0
0
0
0
0
0
0
0
0
0
0
0
649.1484711
598.1529765
636.4400969
617.1578918
615.5432184
0
0
0
548.2031489
570.5742515
0
0
510.5573837
0
0
0
0
0
0
0
0
0
0
0
0
0
0
0
0
0
0
0
784.0354633
0
0
0
0
0
0
0
0
0
0
0
0
0
0
0
570.3122951
612.4965804
610.3500994
529.8510254
0
0
0
0
0
0
0
0
0
0
0
0
0
0
0
0
0
0
0
634.5745898
659.0426376
633.0564821
488.0022328
0
0
0
0
0
0
0
0
0
0
0
0
0
0
557.5048797
605.5525501
602.6134286
633.9541238
693.046453
728.7503641
710.2057396
0
0
0
0
0
0
0
0
0
0
0
0
0
0
0
0
0
0
0
0
0
0
0
0
0
0
0
0
0
0
0
0
0
476.3550808
0
0
0
0
0
0
0
0
0
0
0
0
0
0
0
0
0
0
0
0
0
0
0
0
0
0
0
0
0
0
902.474444
0
0
0
0
0
742.7772506
664.4477011
0
0
0
0
0
0
0
0
0
0
0
0
0
0
0
0
0
0
0
0
0
0
0
0
0
0
0
0
0
635.9400355
955.9430967
802.5162368
0
0
0
0
0
0
0
0
0
0
0
0
0
0
0
0
0
0
0
0
0
0
0
0
0
695.8855923
0
0
0
0
0
0
0
0
0
0
0
0
584.9549208
473.9658046
0
0
0
0
0
0
0
0
0
0
0
0
0
0
0
0
0
0
0
0
0
0
0
0
0
0
0
0
0
0
0
0
0
0
483.2041013
655.997985
625.2077562
622.1994792
0
0
0
0
0
0
0
0
0
0
0
0
0
0
0
0
0
0
0
0
0
0
0
0
0
0
0
0
0
0
0
0
0
0
0
0
0
0
0
0
0
0
0
0
0
0
0
0
0
0
0
0
0
0
0
0
0
0
0
0
0
0
0
484.9791157
574.8069467
0
0
0
0
0
0
0
0
0
0
0
0
0
0
0
0
0
0
0
0
0
0
485.1799846
0
0
534.546915
599.876004
0
0
0
0
0
563.976767
662.9370539
679.7272703
636.741516
633.8706167
0
0
0
0
0
0
0
0
0
0
0
0
0
0
0
0
0
0
0
0
0
0
0
0
0
0
0
0
0
0
592.2298025
657.5621326
532.3423536
0
0
0
0
0
0
0
0
0
0
0
0
0
0
0
0
0
0
0
0
0
0
0
0
0
0
479.5182062
637.9577003
663.8637992
0
0
605.1791832
0
0
0
0
0
0
0
0
0
0
0
0
0
0
0
0
0
535.5602585
650.5482074
624.1582433
0
0
0
0
0
0
0
0
0
0
0
0
0
0
0
0
0
0
0
0
0
0
0
0
0
0
0
608.1300281
751.6359364
0
0
0
0
0
0
0
0
0
0
0
0
0
0
0
0
0
0
0
0
0
0
0
0
0
0
0
0
594.3645311
736.7388564
0
0
0
0
0
0
0
0
0
0
0
0
0
0
0
728.2528628
852.3210336
0
0
0
0
0
0
0
0
0
608.6685486
751.9513899
0
0
0
0
0
0
0
0
0
0
0
0
0
0
723.0034171
0
0
0
0
0
0
0
0
0
0
723.5089577
765.4985972
0
0
0
0
0
0
0
0
0
0
0
0
0
0
0
0
0
0
0
0
0
0
0
735.392519
660.2107322
0
0
0
0
0
0
0
0
0
0
0
0
0
0
0
0
0
0
0
0
0
0
0
0
0
0
0
0
0
0
0
0
0
0
0
0
0
0
0
0
0
0
0
0
0
0
0
0
0
0
0
0
0
0
0
0
0
0
0
0
0
750.6662937
0
0
0
0
0
0
0
569.5320921
659.652662
651.2562762
647.0887725
668.4900237
606.6410482
0
0
0
0
0
0
554.7955647
799.2017905
745.1180959
708.507153
0
480.1863853
618.8047169
626.377462
630.0980983
532.7922884
533.3971651
0
0
0
0
0
0
0
0
0
0
0
0
0
0
0
0
0
0
0
0
0
612.5872562
0
0
0
650.4475048
731.8709679
687.1041617
474.9527014
0
661.8910718
723.2232826
580.5422897
638.1474389
700.7109179
714.1970548
679.3539421
662.591876
636.0398185
590.6667023
0
0
0
0
0
0
0
602.333388
621.6915183
0
0
0
0
692.1835841
0
0
0
0
0
0
0
586.4853292
645.6459554
709.2768989
0
555.1460267
643.7577317
621.1362966
515.9334168
0
0
0
585.8371634
693.6481739
699.5710116
558.9003898
587.3034187
471.3706008
0
0
0
0
0
0
0
0
0
0
0
0
0
0
0
0
0
627.2384032
0
0
0
0
0
680.8558883
522.7256655
0
0
0
0
656.5881584
720.1007911
706.8585218
674.9187514
654.6706217
1378.004039
628.7663302
587.8813762
0
0
0
0
0
0
0
0
0
0
0
0
0
0
0
0
646.1882916
670.3385019
586.4853292
0
0
0
0
558.5304234
632.9986218
632.2308335
616.6797003
732.6676373
736.6007306
696.1372661
632.9986218
640.4418765
625.2077562
636.8422208
639.9185206
621.5902946
640.7573879
1493.928068
1395.413117
790.0933207
745.3636961
565.5086362
0
0
0
0
0
0
0
0
0
0
0
0
0
0
0
0
0
0
0
544.4702258
0
0
0
0
0
0
0
0
0
0
0
0
0
0
0
0
516.9752902
639.2945728
577.7393907
0
0
0
0
0
0
0
0
0
0
0
0
603.6420098
836.5166873
0
0
0
0
0
0
0
0
0
0
0
684.0422025
627.6721653
602.7738966
0
0
0
0
0
0
0
0
0
0
0
0
0
0
0
0
0
0
0
0
0
0
0
0
695.3215943
599.2014392
0
0
0
0
0
0
893.5979372
715.1002153
677.2476507
625.7905903
605.3034453
603.8249133
677.2476507
612.6780329
0
0
0
649.6458926
971.8510136
964.5129419
981.2293089
1008.728555
523.890843
0
0
0
0
0
0
0
0
0
0
0
0
0
0
0
0
0
590.5807899
0
0
0
553.6172042
517.9759869
0
0
0
0
0
644.2260514
703.3126535
597.6433643
552.5263894
0
0
695.9884745
726.2519492
571.9653281
775.9188197
626.7709773
0
0
0
0
0
0
0
0
0
0
0
0
0
0
0
0
486.5384427
673.9268009
571.3658727
0
0
611.0593187
631.2806146
0
0
0
0
0
683.45212
769.6666293
763.652359
715.5546849
643.944764
0
596.3744277
752.9029286
766.5665431
661.1954914
0
0
0
0
0
0
0
0
0
0
0
0
0
0
0
0
0
0
770.8988196
478.7392303
0
613.2248208
751.3841902
469.6436594
0
0
0
0
0
0
0
612.0447068
626.6813817
625.2605756
627.2203777
585.3546618
0
0
0
0
0
0
0
0
0
0
0
0
0
0
628.6562801
0
0
0
619.5911439
642.8900792
731.2831842
768.8094398
628.6562801
621.3882136
533.1696664
0
0
0
0
0
0
0
0
0
0
0
0
517.0921673
627.6721653
625.4368787
0
0
0
0
0
0
0
0
0
0
0
688.6566426
691.4591916
0
607.3820933
632.9408003
608.0227542
0
0
0
0
0
0
0
0
0
0
0
0
0
0
0
0
0
0
0
0
0
0
0
0
0
0
0
0
0
0
0
0
0
0
0
0
0
0
0
0
0
0
0
0
0
0
0
0
0
0
0
0
0
0
0
0
0
0
0
0
0
0
0
0
0
0
0
0
0
0
0
0
0
0
0
0
0
0
0
0
0
0
0
0
0
0
0
0
0
0
658.6565212
710.6791839
524.7461699
0
0
0
0
0
0
0
0
0
0
0
0
0
0
0
0
0
0
0
0
0
0
0
0
0
0
0
0
844.4249775
989.2806361
789.6610581
0
0
0
0
0
0
0
0
0
0
0
0
0
0
0
0
0
0
0
0
0
0
601.4399025
0
0
0
0
0
0
0
0
0
0
0
0
0
0
0
0
563.8970531
0
0
0
0
0
0
0
0
0
0
0
0
0
0
0
0
0
539.8638527
537.7170564
0
0
0
0
0
0
0
0
0
0
0
0
0
0
0
0
0
0
0
0
0
0
0
0
0
0
0
0
0
0
0
0
0
0
0
0
0
0
0
0
0
0
0
0
0
0
0
0
0
646.3003582
0
0
0
0
0
0
0
0
0
0
0
0
0
0
0
0
0
0
0
0
0
0
0
0
0
0
0
0
0
0
0
0
0
0
0
0
0
0
0
0
0
0
0
0
0
0
0
0
0
0
0
0
0
0
0
532.6419581
571.8094365
0
0
0
0
0
0
0
0
0
0
0
0
0
0
0
0
0
0
0
0
0
0
0
0
0
0
543.4874159
672.3861224
671.2466419
669.8721445
633.9875492
540.4540879
539.6125137
0
0
0
0
0
0
0
0
0
0
0
0
0
0
0
0
0
0
0
0
0
0
0
0
0
0
0
0
485.3143118
663.0523967
643.9759743
665.6265019
540.6237068
0
0
0
482.1157767
0
0
0
0
0
0
0
0
0
0
0
0
0
0
0
0
0
0
0
0
485.9229322
655.8732823
661.526073
0
0
636.8422208
655.5001869
673.4104915
627.6721653
623.7420659
668.884818
0
0
0
0
0
0
0
0
0
0
0
0
0
0
0
0
0
0
0
0
0
0
0
0
0
0
488.1437064
680.7632667
659.3009457
663.8637992
0
0
0
0
0
0
0
0
0
0
0
0
0
0
0
0
0
0
0
0
0
0
0
0
0
0
0
0
0
0
0
0
0
0
0
0
0
0
0
0
0
0
0
0
0
0
0
0
0
0
0
0
0
0
0
1204.770517
692.6572483
0
0
0
0
0
0
0
0
0
0
0
0
0
0
0
0
0
0
0
0
0
0
738.3817166
0
0
0
0
0
0
0
0
0
0
0
760.4676031
657.2543996
629.0973335
461.8792021
468.0214587
0
0
0
0
0
0
0
0
0
0
0
0
0
0
0
623.4312765
694.0917232
480.554414
0
0
0
0
0
0
0
0
0
0
0
0
0
719.0262395
725.4467385
0
0
0
0
0
0
0
0
674.1859982
0
0
0
0
0
0
0
0
0
0
0
0
725.9470606
747.9161443
640.9985371
649.2477364
471.5776378
0
0
0
599.3166687
632.8747659
569.8561499
632.5453491
601.4991555
468.263953
0
0
556.8535252
604.4786587
0
0
0
0
0
0
0
0
574.8069467
0
0
0
0
0
0
0
0
0
0
0
0
0
0
0
0
560.5519903
517.1506903
656.0916232
650.5482074
523.7602926
0
0
0
0
0
0
0
0
913.6342198
0
0
0
0
0
0
0
0
678.1766954
0
0
0
0
597.7751677
662.0193973
0
0
601.0460135
687.0897661
704.371958
700.9879716
683.6521298
712.6790879
743.4522195
802.3946473
622.0976405
650.3469141
472.9440044
695.772542
737.7748943
0
0
0
0
512.8025572
601.1049719
621.9789848
602.3733334
600.5563985
0
0
0
0
0
0
0
0
0
0
0
0
0
0
0
0
0
0
0
0
0
0
0
0
0
0
0
0
0
0
582.0611159
553.2744504
0
0
0
0
0
590.2381003
610.0857318
0
0
0
0
0
0
0
0
0
0
0
0
0
0
0
0
0
0
0
0
0
0
0
0
0
0
467.2055275
0
0
0
0
0
0
0
0
795.296127
1077.212485
473.1574546
0
0
0
0
0
0
0
0
0
0
0
0
0
0
537.1509604
0
0
0
0
0
0
0
0
0
0
0
474.5117717
636.9430419
640.8628096
474.6216552
0
0
0
0
0
0
1218.732675
1480.157683
1214.411451
0
0
0
0
0
0
0
0
0
0
0
0
0
0
0
0
0
0
0
0
0
0
0
718.9086914
0
521.5820263
0
0
0
0
0
0
0
0
0
0
592.9348407
596.281933
0
0
0
0
0
0
0
0
0
0
0
0
0
800.3081392
0
0
0
0
0
0
726.3238114
889.0384915
880.4689839
720.2088383
631.9446655
632.2308335
0
625.8792495
705.4722797
673.1052396
624.2626094
599.5861961
628.2174931
623.4312765
614.1443332
716.1567332
772.0534024
709.3823029
0
0
0
0
0
0
0
0
0
0
0
0
0
602.333388
808.1028943
0
0
0
0
0
0
621.4891931
567.5759079
0
0
0
0
0
555.2867133
679.3539421
682.2714822
697.826903
657.2363296
0
0
0
0
0
0
0
0
0
0
0
0
0
0
0
0
0
0
0
0
0
0
574.8997335
0
0
0
596.281933
658.1077067
587.5505764
0
0
0
0
582.3686267
0
623.776669
684.4562475
626.4131608
0
0
0
618.9842841
0
0
0
0
0
0
0
0
0
0
0
0
0
0
0
0
0
0
0
0
0
0
686.1870167
0
0
0
0
0
0
0
0
0
0
0
0
0
559.4964568
0
0
0
0
0
0
0
0
0
0
0
0
0
0
0
0
0
0
780.3768452
785.5176849
670.2450477
535.4817412
640.1274901
0
0
0
0
0
0
0
0
0
0
0
0
0
0
0
0
0
0
0
0
0
0
0
0
0
827.5354637
698.4629641
584.1880523
0
0
0
0
0
633.6372241
0
0
0
602.333388
623.3279345
601.0460135
0
0
0
0
0
0
0
0
0
0
0
0
0
0
0
0
0
0
0
0
0
0
0
0
0
0
0
0
0
0
0
0
0
0
0
0
0
0
0
0
0
0
0
0
0
0
0
0
0
0
0
0
0
0
0
0
0
0
0
0
0
0
0
0
0
0
0
0
0
0
0
0
0
0
0
0
0
0
0
558.1624158
677.0395098
0
0
0
0
0
0
0
0
0
0
0
0
0
0
0
0
0
0
0
0
0
0
0
0
0
0
0
0
0
0
0
0
0
0
583.7682759
0
0
0
0
0
0
0
0
0
0
0
0
0
0
0
0
0
0
0
0
0
0
0
0
0
0
0
0
0
0
0
616.7751175
589.0506365
527.8007978
0
0
0
0
0
0
0
0
0
0
0
0
0
0
0
0
0
486.6072641
0
0
0
0
0
0
0
0
0
0
0
0
0
0
570.7494189
646.9757166
0
0
0
0
0
0
0
0
0
0
0
0
0
0
0
0
0
0
0
0
0
0
0
0
0
0
0
0
0
0
0
0
0
0
0
0
0
0
0
0
0
0
0
0
0
0
0
0
0
0
0
0
0
0
0
0
0
0
0
0
0
0
0
0
0
0
0
0
0
0
0
0
0
0
0
0
0
0
0
0
0
0
0
0
0
0
0
0
0
0
0
0
0
0
538.45221
573.8855064
0
0
0
0
0
0
0
0
0
0
0
0
0
0
0
0
0
0
0
0
0
0
0
608.6685486
605.0757788
0
0
0
0
0
0
0
0
0
0
0
0
0
0
0
0
0
0
0
0
0
0
0
0
0
0
0
0
0
0
0
0
0
0
0
0
0
0
0
0
0
0
0
0
0
0
0
0
0
0
0
0
0
0
0
0
0
555.4982839
0
0
0
0
0
0
0
567.1576312
0
0
0
0
0
0
0
0
0
0
0
0
0
0
0
0
0
0
0
0
0
0
0
0
0
0
0
0
0
0
0
0
0
0
0
0
0
0
0
0
0
0
0
0
0
0
0
0
0
0
0
0
0
0
0
0
0
0
0
0
0
0
0
0
0
0
0
0
0
0
0
0
0
0
0
0
0
0
0
0
0
0
0
0
0
0
0
0
0
0
0
0
0
0
0
0
0
0
0
0
0
0
0
0
0
0
0
0
0
0
0
0
0
0
0
0
0
529.56425
487.9316328
0
0
0
0
0
0
0
0
0
0
0
0
0
0
749.1427965
0
0
0
0
0
0
0
0
0
0
0
0
0
0
0
0
592.4934365
0
0
0
0
469.6936305
693.4271267
601.4201614
624.5590165
662.4914387
582.8322769
0
0
474.3473797
648.6537762
645.0752802
623.8632389
565.0213023
624.6813696
605.5941431
628.6562801
600.2640813
0
0
0
0
0
0
0
700.3656466
548.3619672
0
0
0
0
0
0
0
481.862876
482.0524396
0
0
0
0
0
0
519.96671
626.7709773
520.2740666
0
0
0
0
0
0
0
0
0
0
0
0
0
0
0
0
0
0
684.2977783
490.1635708
0
0
0
0
0
0
0
0
0
0
0
0
0
0
654.7893006
874.3461022
699.2198058
629.8746932
671.7672207
676.0054568
709.1482152
466.2154148
0
0
0
0
0
0
0
0
0
0
0
0
0
0
0
0
0
0
0
0
0
0
0
0
0
0
0
0
485.5164283
627.0223487
598.4375338
0
0
0
0
0
609.1236983
611.595324
610.0857318
632.2308335
611.8646561
473.5870084
0
0
0
0
0
0
0
0
0
0
0
0
0
0
0
0
0
0
0
0
0
0
0
0
0
0
471.6295272
610.0857318
603.3381018
577.8842931
601.7366121
611.595324
613.0421515
609.2106849
605.2205824
601.8953133
597.1183612
602.2136727
594.11242
590.8043629
594.8349246
0
0
0
0
0
0
0
0
0
0
0
0
0
0
0
0
0
0
0
0
0
0
0
0
0
0
0
0
609.9978005
647.8678705
586.1605519
0
0
0
0
0
0
947.748526
0
0
0
0
0
0
0
0
0
0
0
0
0
0
0
0
0
0
0
0
0
0
719.6159151
842.6464275
841.3669353
792.9249154
0
0
0
0
0
0
0
0
0
0
803.5332854
0
0
0
0
0
0
0
0
0
0
0
0
0
0
0
0
0
0
0
0
0
0
0
657.2363296
702.4247061
638.0598162
608.8632989
0
517.7390427
0
0
0
661.6775874
665.1532079
0
0
667.6649176
0
0
0
0
0
0
0
0
0
0
0
0
0
675.3775118
0
0
0
0
0
0
0
475.0635184
0
0
0
0
0
0
468.7524337
700.2985207
693.0964597
520.9557178
561.1623851
0
0
0
0
0
0
0
0
0
0
0
0
0
0
0
0
0
606.3255388
882.5665133
0
0
0
0
0
0
568.1656369
624.5764846
679.3672507
645.4077309
0
0
0
474.2926974
654.6706217
0
0
585.5955271
691.4591916
0
0
0
0
0
0
0
0
0
0
0
0
0
0
0
0
0
0
0
0
0
0
0
0
607.9156229
471.4740153
0
0
0
0
0
0
0
0
0
0
0
0
0
0
0
0
0
0
0
0
0
0
0
0
0
0
0
480.616
0
0
0
0
0
605.9067811
0
647.4287968
598.1529765
629.2079535
605.0757788
0
0
0
0
0
0
0
0
0
0
0
0
0
0
0
0
0
0
0
0
0
0
0
0
0
596.6525721
0
0
0
479.0374835
617.7353949
644.5239327
621.5902946
527.6618296
0
0
592.7579757
524.8124538
0
523.0471345
736.6007306
638.6750227
0
0
0
0
0
0
0
0
0
0
0
0
0
0
0
0
0
0
0
0
0
0
0
0
0
0
0
0
0
0
0
0
0
0
0
0
0
0
0
0
0
0
0
0
0
0
0
0
0
0
0
0
0
0
0
0
0
0
0
0
0
0
0
0
0
0
0
0
0
0
0
0
0
0
0
0
0
0
0
0
0
0
0
0
0
0
0
0
0
0
0
0
0
0
0
0
0
0
0
0
0
0
0
0
0
0
0
0
0
0
0
0
0
0
0
0
0
0
0
0
0
0
0
0
0
0
0
0
0
0
0
0
0
0
0
0
0
0
0
0
0
0
0
0
0
0
0
0
0
0
0
0
0
0
0
0
0
0
0
0
0
0
0
0
0
0
0
0
0
0
0
0
0
0
0
0
0
0
0
0
0
0
0
0
0
0
0
0
0
0
0
0
0
0
0
0
0
0
0
0
0
0
0
0
0
0
0
0
0
0
0
0
0
0
0
0
0
0
0
0
0
0
0
0
0
0
0
0
0
0
0
0
0
0
0
0
0
0
0
0
0
0
0
0
0
0
0
0
0
0
0
0
0
0
0
0
0
0
0
0
0
0
0
0
0
0
0
528.0796579
614.7010323
0
0
0
0
0
0
0
0
0
0
0
0
0
0
0
0
0
0
0
0
0
0
545.1942386
548.0763637
0
0
0
0
0
0
0
0
0
0
0
0
0
0
0
0
0
0
0
0
0
0
0
0
0
0
0
0
593.2897915
477.9129553
0
0
0
0
0
0
0
0
0
0
0
0
0
0
0
0
0
0
0
0
0
0
0
0
0
0
0
0
0
0
0
0
0
0
0
0
0
0
0
0
0
0
0
0
0
0
0
0
0
0
0
0
0
0
0
0
0
0
0
0
0
0
0
0
0
0
0
0
0
0
0
0
0
0
0
0
0
0
0
0
0
0
0
0
0
0
0
0
0
0
0
0
0
0
0
0
0
0
0
0
0
0
0
0
0
0
0
0
0
0
0
0
0
0
0
0
0
0
0
0
0
0
0
0
0
0
0
0
0
0
0
0
0
0
0
0
0
0
0
0
0
0
0
0
0
0
0
0
0
0
0
0
0
0
0
0
0
0
0
0
0
567.5759079
565.264551
0
592.3175803
703.3937551
474.8421191
0
535.3249926
480.1863853
0
0
0
0
0
0
0
0
0
0
0
0
0
0
0
0
720.5423056
0
0
0
0
0
0
0
0
600.2640813
630.8846306
649.8456306
656.8037091
565.264551
0
0
0
0
674.1715801
682.9317776
0
0
0
0
0
0
0
0
0
0
0
0
0
0
0
0
0
710.1532659
0
0
0
0
0
0
0
0
0
0
0
0
565.5086362
639.710046
626.5918806
601.1049719
862.4913082
765.233094
584.9549208
635.4428284
559.571325
645.6459554
0
0
0
0
0
0
0
0
0
0
0
0
0
0
0
0
0
0
0
0
0
0
0
0
0
0
0
0
0
0
558.6781739
628.5829921
0
0
0
0
526.4928483
665.6561619
678.2950982
677.9796771
677.7699633
651.6633819
0
0
0
0
0
0
0
0
0
0
0
0
0
0
0
0
0
0
0
0
0
0
0
0
0
0
0
0
0
0
0
0
0
0
0
0
474.1289944
661.9908653
558.9746197
0
0
0
0
0
0
0
0
0
0
0
0
0
0
0
0
0
0
0
0
0
0
0
0
0
0
0
0
0
528.5002762
640.0229434
633.8706167
470.3477305
0
0
0
0
0
0
0
0
0
0
0
0
0
0
0
0
0
0
0
0
0
0
0
0
0
0
0
0
0
589.5572913
859.1551068
865.9865234
858.6150023
593.7357862
0
0
0
0
566.2459622
689.4346643
688.6127842
0
0
0
0
0
0
0
0
0
0
0
0
0
0
0
0
0
0
0
0
0
0
0
0
651.1378802
692.684643
667.6649176
641.8173094
477.4465383
0
0
0
0
0
0
0
0
0
0
0
0
0
0
0
0
0
0
0
0
0
0
0
0
0
0
0
0
0
0
0
0
0
0
0
0
526.2209316
718.0470485
562.2435315
0
0
0
0
0
0
0
0
0
0
0
0
0
0
0
0
0
0
615.896689
0
0
0
0
0
0
604.7663661
599.2974521
530.2836365
655.1992642
0
0
0
474.7317707
478.3244786
0
631.9446655
523.1116291
0
0
0
0
0
0
0
0
0
0
0
0
0
0
0
0
857.7907336
688.9201979
0
0
0
0
0
0
0
0
0
0
0
0
0
0
0
0
0
0
0
0
0
0
0
0
0
0
0
0
0
0
0
0
0
0
603.5405781
0
0
0
0
0
0
0
0
0
0
0
0
0
0
0
0
0
0
0
0
0
0
0
0
0
0
0
0
0
0
0
0
0
0
660.7346396
667.8266671
0
0
0
0
0
0
0
0
0
0
565.8353932
593.914907
619.2953619
588.6309797
628.1263625
609.9099644
556.8535252
0
0
0
0
0
0
0
0
0
0
0
0
0
0
0
0
584.6101857
0
0
0
0
0
0
0
0
0
0
0
0
0
0
630.9034457
730.5557905
739.6794547
0
0
0
0
0
0
0
0
0
0
0
0
0
0
0
0
0
0
0
0
0
0
0
0
0
0
0
0
0
0
0
0
0
541.4784336
759.1165118
0
0
0
0
0
0
0
0
0
0
0
0
0
0
0
0
0
0
0
0
0
0
0
0
0
0
0
0
0
0
0
0
0
0
0
0
0
0
0
0
0
0
0
0
0
0
0
0
0
0
0
0
0
0
0
0
0
0
0
0
0
0
0
0
0
0
0
0
0
0
0
0
0
0
0
0
0
0
0
0
0
0
0
0
0
0
0
0
0
0
0
0
0
0
0
0
0
0
0
0
0
0
0
0
0
0
0
0
0
0
0
0
0
0
0
0
0
0
0
0
0
0
0
0
0
0
0
0
0
0
0
0
0
0
0
0
0
0
0
0
0
0
0
0
0
0
0
0
0
0
0
0
0
0
0
0
0
0
0
0
0
0
0
0
0
0
0
0
0
0
0
0
0
0
0
0
0
0
0
0
0
0
0
0
0
0
0
0
627.2384032
0
0
0
0
0
0
0
0
0
0
0
0
0
0
0
0
0
0
0
0
0
0
0
0
0
0
0
0
0
0
0
0
0
0
0
0
0
0
0
0
0
0
0
0
0
0
0
0
0
630.4343013
608.6685486
0
0
0
0
0
0
0
0
0
0
0
0
0
0
0
0
0
0
0
0
0
0
0
0
0
0
0
0
0
0
0
0
0
0
0
0
0
0
0
0
0
0
0
0
0
0
0
0
0
0
0
0
0
0
0
0
0
0
0
0
0
0
0
0
0
0
0
0
0
0
0
0
0
0
0
0
0
0
0
0
0
0
0
0
0
0
0
0
0
0
0
0
0
0
0
0
0
0
0
0
0
0
0
0
0
0
0
0
0
0
0
0
0
0
0
0
0
0
0
0
0
0
0
0
0
0
0
0
0
0
0
0
0
0
0
700.6450625
482.2426759
0
0
695.1342888
658.7666759
0
623.8459178
0
0
0
0
0
0
0
0
0
0
0
0
0
0
0
787.865648
616.2516822
0
0
0
0
0
0
0
0
0
0
0
0
0
0
0
0
0
567.1576312
561.4695883
0
0
0
0
0
0
0
0
0
0
0
0
0
0
0
651.3748269
0
0
0
0
0
0
0
0
0
0
0
687.219402
687.219402
681.0588039
605.6982202
0
0
824.5089457
635.4428284
0
699.0770662
681.6155927
0
0
0
0
0
0
0
0
0
0
0
0
0
0
0
0
0
0
0
0
0
0
0
0
0
0
0
0
599.7792827
624.5764846
528.6411081
629.5036412
629.3187166
625.8792495
471.9419651
0
0
0
0
0
0
0
0
0
0
0
0
0
0
0
0
0
0
0
0
0
0
0
0
0
0
0
0
0
0
0
0
0
0
0
0
0
0
0
0
0
0
0
622.6080747
0
0
0
0
0
0
0
0
0
0
0
0
0
0
0
0
0
0
0
0
0
0
0
535.6388714
617.4461397
560.7040908
0
0
0
0
0
637.0439795
611.3268799
0
0
0
0
0
0
0
0
0
0
0
0
0
0
0
0
0
0
0
0
0
0
0
0
0
0
0
0
0
0
0
825.6974271
827.5863113
874.54622
737.5712042
0
0
0
0
0
0
0
0
0
0
0
0
0
0
0
0
0
0
0
0
0
0
0
0
0
0
0
0
0
593.5570794
661.791385
680.6938579
593.8252948
0
0
0
0
0
0
0
0
0
0
0
0
0
0
0
0
0
0
0
0
0
0
0
0
0
0
0
0
0
0
0
0
0
0
476.5259166
559.946876
0
0
0
0
0
0
0
0
0
0
0
0
0
0
0
0
0
0
0
0
0
0
0
0
0
0
579.0047602
634.6924762
482.1157767
0
0
0
0
0
0
568.7602621
727.0581988
663.3992806
679.9680228
562.0104519
0
0
0
0
0
0
0
0
0
0
0
0
0
0
0
0
0
0
0
0
0
0
0
0
0
0
0
0
0
0
0
0
0
0
0
0
0
0
0
0
0
0
0
0
0
0
0
811.7011183
687.6093259
0
0
0
0
0
0
0
0
0
0
0
0
0
0
0
0
0
0
0
0
0
0
0
0
0
0
0
0
0
0
0
0
0
695.3215943
0
0
0
0
0
0
0
0
0
0
0
0
0
0
0
0
474.0201443
589.3880325
0
0
0
0
0
0
0
0
0
0
0
0
0
0
480.616
671.49869
0
0
0
0
0
0
0
0
0
0
0
0
0
0
0
0
0
0
0
0
0
0
0
0
0
0
0
0
0
0
0
0
571.2774853
695.7599886
0
0
0
0
0
0
0
0
0
0
0
0
0
0
0
0
730.5557905
0
0
0
0
0
0
0
0
0
0
0
0
0
0
476.8118836
717.2995364
481.4857501
0
0
0
0
0
0
0
0
0
0
0
0
0
0
0
0
0
0
0
0
0
0
0
0
0
0
0
0
0
0
0
0
0
0
0
0
0
0
0
0
0
0
0
0
0
0
0
0
0
0
0
0
0
0
0
0
0
0
0
0
0
0
0
0
0
0
0
0
0
0
0
0
0
0
0
0
0
0
0
0
0
0
0
0
0
0
0
0
0
0
0
0
0
0
0
0
0
0
0
0
0
0
0
0
0
0
0
0
0
0
0
0
0
0
0
0
0
0
0
0
0
0
0
0
0
0
0
0
0
0
0
0
0
0
0
0
0
0
0
0
0
0
0
0
0
0
0
0
0
0
0
0
0
0
0
0
0
0
0
0
0
0
0
0
0
0
0
0
0
0
0
0
0
0
0
0
0
0
0
0
0
0
0
0
0
0
0
0
0
0
0
0
0
0
0
0
0
0
0
0
0
0
0
0
0
0
0
0
0
0
0
0
548.1714302
0
0
0
0
0
0
0
0
0
0
0
0
0
0
0
0
0
0
0
0
0
0
0
0
621.9959253
543.1336118
0
0
0
0
0
0
0
0
0
0
0
0
0
0
0
0
0
0
0
0
0
0
0
0
0
0
0
0
0
0
0
0
0
0
0
0
0
0
0
0
0
0
0
0
0
0
0
0
0
0
0
0
0
0
0
0
0
0
0
0
0
0
0
0
0
0
0
0
0
0
0
0
0
0
0
0
0
0
0
0
0
0
708.8913201
0
0
0
523.7602926
688.0530925
627.6721653
612.0447068
0
0
0
0
0
0
0
0
0
0
0
0
0
754.1253515
0
0
541.9966498
0
0
0
0
0
0
0
0
0
0
0
0
0
0
0
0
0
0
0
0
0
0
0
0
0
0
0
0
0
0
0
0
0
0
0
0
0
0
0
0
0
0
0
0
0
0
0
0
0
0
716.3546967
686.8051603
0
607.2333368
647.5749165
0
0
0
0
0
0
0
0
0
0
0
0
0
0
0
0
0
0
0
0
0
0
0
0
0
0
0
0
0
0
0
0
640.1274901
637.753825
637.0439795
0
0
0
0
0
0
0
0
0
0
0
0
0
0
0
0
0
0
0
0
0
0
0
0
0
0
0
0
0
0
0
0
0
0
558.6781739
525.3452773
0
0
0
0
0
0
0
0
0
0
0
0
0
0
0
0
0
0
0
0
0
0
0
0
0
0
0
0
0
0
0
0
0
0
0
0
0
0
0
0
0
0
0
0
0
0
0
0
0
0
0
0
0
0
0
0
0
0
0
0
0
0
0
0
527.3157469
593.8252948
618.1226463
616.3941084
562.8688792
562.0880592
776.4834669
807.5436662
690.0258827
561.9329301
0
0
0
0
0
0
0
0
0
0
0
0
0
0
0
0
0
0
0
0
0
0
0
0
0
0
0
538.1244499
0
0
0
745.352223
914.4925613
771.3338207
624.7863849
0
0
0
0
0
0
0
0
0
0
0
0
0
0
0
0
0
0
0
0
0
0
0
0
0
0
535.8752858
652.9302239
678.6511731
618.0256637
631.9446655
0
0
485.7870927
0
0
0
0
0
0
0
0
0
0
0
0
0
0
0
0
0
0
0
0
0
533.7781325
566.6589125
0
0
0
0
0
0
0
0
585.0346996
0
556.4942947
0
0
0
0
0
0
0
0
0
0
0
0
0
0
0
0
0
0
0
0
0
532.1185686
0
0
0
0
0
0
0
0
0
0
533.7017578
0
0
0
0
0
0
0
0
0
0
0
0
0
0
0
0
0
0
0
0
0
0
0
0
0
0
0
0
0
0
0
0
0
0
0
0
0
0
0
0
0
0
0
0
0
0
696.5950175
766.3878892
0
0
0
0
0
0
0
0
0
0
0
0
0
0
0
0
0
0
0
0
0
0
0
0
0
0
0
0
0
0
0
847.0526774
0
0
0
0
0
0
0
0
0
0
0
0
0
0
0
0
0
0
0
0
0
0
0
0
0
0
0
0
0
0
0
0
0
0
0
0
0
0
0
0
0
0
0
0
0
0
0
0
0
0
0
0
0
0
0
0
0
0
0
0
0
0
0
0
0
0
0
0
0
0
0
0
0
0
0
0
0
0
0
0
0
0
0
0
0
0
0
0
0
0
0
0
0
0
728.8691493
594.3044301
0
0
0
0
0
0
0
0
0
0
0
0
0
0
0
0
0
0
0
0
0
0
0
0
0
0
0
0
667.9076456
632.3647043
0
0
0
0
0
0
0
0
0
0
0
0
0
0
0
0
0
0
0
0
0
0
0
0
0
0
0
0
638.1825126
486.9526806
0
0
0
0
0
0
0
0
0
0
0
0
0
0
0
0
0
0
0
0
0
0
0
0
0
0
0
0
0
0
0
0
0
0
0
0
0
0
0
0
0
0
0
0
0
0
0
0
0
0
0
0
0
0
0
0
0
0
0
0
0
0
0
0
0
0
0
0
0
0
0
0
0
0
0
0
0
0
0
0
0
0
0
0
0
0
0
0
0
0
0
0
0
0
0
0
0
0
0
0
0
0
0
0
0
0
0
0
0
0
0
0
0
0
0
0
0
0
0
0
0
0
0
0
0
0
0
0
0
0
0
0
0
0
0
580.8939231
589.3035435
0
0
0
0
0
0
0
0
0
0
0
0
0
0
0
0
0
0
0
0
0
0
0
0
0
0
0
0
0
0
0
0
0
0
0
0
0
0
0
0
0
0
0
0
0
0
0
0
0
0
0
0
0
481.6739809
621.8943334
639.8142216
531.0112723
0
0
609.5595695
607.4033668
630.8094116
0
0
0
0
0
0
0
0
0
0
0
723.2966702
670.4944627
693.7865743
486.1956335
0
0
0
0
0
0
0
0
0
0
0
0
0
0
0
0
0
521.7080558
548.2666313
0
0
465.5198851
0
0
0
0
0
0
0
0
0
0
0
0
0
0
0
0
0
0
0
0
0
0
0
0
0
0
0
0
687.4791815
715.2363528
0
0
655.0932915
561.8554939
0
0
0
0
0
0
0
0
0
0
0
0
0
0
0
0
0
0
0
0
0
0
0
0
0
0
0
0
0
0
0
0
0
0
0
0
0
0
0
0
0
0
0
0
0
0
0
0
0
0
0
0
0
0
0
0
0
0
0
0
0
0
0
0
0
0
597.6809998
659.652662
529.3500177
0
0
0
0
0
0
0
0
0
0
0
0
0
0
0
0
0
0
0
0
0
0
0
0
0
0
0
0
0
0
0
0
0
0
0
0
0
0
0
0
0
0
0
0
0
0
0
0
0
0
0
0
0
0
0
0
0
0
0
0
0
0
0
0
476.8692642
615.637329
668.9308707
725.8217651
651.4596009
671.4356156
677.8747637
0
0
0
0
0
0
0
0
0
0
0
0
0
0
0
0
0
0
0
0
0
0
0
0
0
0
0
0
0
661.3370257
481.7998369
0
0
0
0
0
0
0
0
0
0
0
0
0
0
0
0
0
0
0
0
0
0
0
0
0
0
0
0
0
524.0216684
654.3548947
0
528.009827
0
0
0
0
0
0
0
0
0
0
0
0
0
0
0
0
0
0
0
0
0
0
0
0
0
0
0
0
0
0
0
0
0
0
0
0
0
0
0
0
0
0
0
0
0
0
0
0
0
0
0
0
0
0
0
541.1352083
675.4925433
0
0
0
0
0
0
0
0
0
0
0
0
0
0
0
0
0
0
0
0
0
0
0
0
0
0
0
0
0
0
0
0
0
0
0
0
0
0
0
0
0
0
0
0
0
0
0
0
0
0
0
0
0
0
0
0
0
0
0
0
0
0
0
0
0
0
0
0
0
0
0
0
0
0
0
0
0
0
0
0
0
0
0
0
0
0
813.6351392
0
0
0
0
0
0
0
0
0
0
0
0
0
0
0
0
0
0
0
0
0
0
0
0
0
0
0
0
0
691.5946186
760.6375814
0
0
0
0
0
0
0
0
0
0
0
0
0
0
0
0
0
0
0
0
0
0
0
0
0
0
0
0
0
0
0
0
0
0
0
0
0
0
0
0
0
669.8721445
649.3802602
0
0
0
0
0
0
0
0
0
0
0
0
0
0
0
0
0
0
0
0
0
0
0
0
0
0
0
0
0
0
0
0
0
0
0
0
0
0
0
0
0
0
0
0
0
0
0
0
0
0
0
0
0
0
0
0
0
0
0
0
0
0
0
0
0
0
0
0
0
0
0
0
0
635.9998916
656.7497741
651.3748269
485.7193001
0
0
0
0
0
0
0
0
0
0
0
0
0
0
0
0
0
0
0
0
0
0
0
0
0
0
0
0
0
0
0
0
0
0
0
0
0
0
0
0
0
0
0
0
0
0
0
0
0
0
0
0
0
0
0
0
0
0
0
0
0
0
0
0
0
0
0
0
0
0
0
0
0
0
0
0
0
0
0
0
0
0
0
0
0
0
0
0
0
0
0
0
0
0
0
0
0
0
0
0
0
0
0
0
0
0
0
0
0
0
0
0
0
0
0
0
0
0
0
0
0
0
0
0
0
0
0
0
0
0
0
0
0
0
0
0
0
0
0
0
0
0
0
0
0
0
0
0
0
0
0
0
0
574.6217259
641.0740315
592.9348407
0
0
533.1696664
644.9647378
0
0
0
0
0
0
0
0
0
0
0
0
0
0
0
0
0
0
0
0
0
0
0
0
0
0
0
711.4889513
0
0
0
0
0
0
530.1391046
649.5461889
559.571325
0
0
0
0
0
0
0
0
0
0
0
0
0
0
0
0
0
0
0
0
0
0
0
0
0
0
0
0
0
0
0
0
0
0
0
0
0
0
0
0
0
0
0
0
0
0
0
0
0
0
0
0
0
0
0
0
0
0
0
0
0
0
0
0
0
0
0
0
0
0
0
0
0
0
0
0
0
0
0
0
0
0
0
0
0
0
0
0
0
0
0
0
0
0
0
0
0
0
0
0
0
0
0
0
0
0
0
0
0
0
0
0
0
0
0
0
0
0
0
0
0
0
0
0
0
0
0
0
0
0
0
0
0
0
0
0
0
0
0
0
0
0
0
0
0
0
0
0
0
0
0
0
0
0
0
0
0
0
0
0
0
0
0
630.6216515
645.4553251
476.69731
0
0
0
0
0
0
0
0
0
0
0
0
0
0
0
0
0
0
0
0
0
0
0
0
0
0
0
0
0
0
0
0
0
0
0
0
0
0
0
0
0
0
0
0
0
0
0
0
0
0
0
0
0
0
0
0
0
0
0
0
0
0
0
0
0
0
0
0
0
0
0
0
0
0
0
0
0
0
0
0
0
0
0
0
0
0
0
0
0
0
0
0
640.0229434
657.9983337
666.4605288
0
0
0
0
0
0
0
0
0
0
0
0
0
0
0
0
0
0
0
0
483.9858024
708.0112447
537.635883
0
0
0
0
0
0
0
0
0
0
0
0
0
0
0
0
0
0
0
0
0
0
0
0
0
0
0
0
0
0
0
0
0
0
0
0
0
0
0
0
0
0
0
0
0
0
0
0
0
0
0
0
0
0
0
0
0
0
0
0
0
0
0
0
0
0
0
0
0
0
0
0
0
0
0
0
0
0
0
0
0
0
0
0
0
0
0
0
0
0
0
0
0
0
0
0
0
0
0
0
0
0
0
0
0
0
0
0
0
678.6511731
0
0
0
0
0
0
0
0
0
0
0
0
0
0
0
0
0
0
0
0
0
0
0
0
0
0
0
709.9550856
873.3892538
0
0
0
0
0
0
0
0
0
0
0
0
485.4489725
623.3279345
626.377462
0
0
0
0
0
0
0
0
0
0
0
0
0
0
0
0
0
0
0
0
0
0
0
0
0
0
0
0
0
0
0
0
0
0
0
0
0
0
0
0
0
0
0
0
0
0
0
0
0
0
0
0
0
0
0
0
0
0
0
0
0
0
0
0
0
0
0
0
0
0
0
0
0
0
0
0
0
0
0
0
0
0
0
0
0
0
0
0
0
0
0
0
0
0
0
0
0
0
0
0
0
0
0
0
0
0
0
0
0
0
0
0
0
0
0
0
0
0
0
0
0
0
0
0
0
0
0
0
0
0
0
0
0
0
0
0
0
0
0
0
0
0
0
0
0
0
0
0
0
0
0
0
0
0
0
0
0
0
0
0
0
0
0
0
0
0
0
0
0
0
0
0
0
0
0
0
0
0
0
0
0
0
0
0
0
0
0
0
0
701.703837
645.1859597
624.1582433
530.5010533
529.9949013
657.5621326
0
0
0
0
0
0
0
0
0
0
0
0
0
0
0
0
0
0
0
0
0
0
0
0
0
0
643.2144568
0
0
0
0
0
0
0
591.879689
654.9874411
0
0
0
0
0
0
0
0
0
0
0
0
0
0
0
0
0
0
0
0
0
0
0
0
0
0
0
0
0
0
0
0
0
0
0
0
0
0
0
0
0
0
0
0
0
0
0
0
0
0
0
0
0
0
0
0
0
0
0
0
0
0
0
0
0
0
0
0
0
0
0
0
0
0
0
0
0
0
0
0
0
0
0
0
0
0
0
0
0
0
0
0
0
0
0
0
0
0
0
0
0
0
0
0
0
0
0
0
0
0
0
0
0
0
0
0
0
0
0
0
0
0
0
0
0
0
0
0
0
0
0
0
0
0
0
0
0
0
0
0
0
0
0
0
0
0
0
0
0
0
0
0
0
0
0
0
483.9202262
682.5323194
0
0
0
0
0
0
0
0
0
0
0
0
0
0
0
0
0
0
0
0
0
0
0
0
0
0
0
0
0
0
0
0
0
0
0
0
0
0
0
0
0
0
0
0
0
0
0
0
0
0
0
0
0
0
627.780952
679.0085545
669.4698066
636.741516
0
0
0
0
0
0
0
0
0
0
0
0
0
0
0
0
0
0
0
0
0
0
0
0
0
0
0
0
0
536.4303043
535.2467608
0
0
0
0
0
0
0
0
0
0
0
0
0
0
0
0
0
0
0
0
0
0
484.380941
0
0
0
0
0
0
579.2998692
667.4026623
0
0
0
0
0
0
0
0
0
0
0
0
0
0
0
0
0
0
0
0
658.1077067
594.8167797
0
565.5901847
633.481978
616.9662831
618.4142762
531.9698131
0
0
0
0
0
0
0
0
0
0
0
0
0
0
0
0
0
0
0
0
0
0
0
0
0
0
0
0
0
0
0
0
0
0
0
0
0
0
0
0
0
0
0
0
0
0
0
0
0
0
0
0
0
0
0
0
0
0
0
0
0
0
0
0
0
0
0
0
0
0
0
0
0
0
0
0
0
0
0
0
0
0
0
0
0
0
0
0
0
0
0
0
0
0
0
0
0
0
0
0
0
0
0
0
0
0
0
0
0
0
0
0
0
0
0
0
0
0
0
599.9728442
913.8276384
0
0
0
0
0
0
0
0
0
0
0
0
0
0
0
0
0
0
0
0
0
0
0
0
604.3556724
0
0
0
0
0
0
0
0
0
0
0
0
0
0
0
0
0
0
0
0
0
0
0
0
0
0
0
0
0
0
0
0
0
0
0
0
0
0
0
0
0
0
0
0
0
0
0
0
0
0
0
0
0
0
0
0
0
0
0
0
0
0
0
0
0
0
0
0
0
0
0
0
0
0
0
0
0
0
0
0
0
0
0
0
0
0
0
0
0
0
0
0
0
0
0
0
0
0
0
0
0
0
0
0
0
0
0
0
0
0
0
713.3758458
671.1208667
715.6458118
744.6089334
637.2462051
656.3731115
0
0
0
0
0
0
0
0
0
0
0
0
0
0
0
0
0
0
0
0
0
0
0
0
0
0
0
0
641.8173094
633.2883112
607.2333368
0
0
645.2651005
0
0
0
0
0
0
0
0
0
0
0
0
0
0
0
0
0
0
0
0
0
0
0
0
0
0
0
597.6809998
626.6992933
621.5902946
0
0
0
0
0
0
0
0
0
0
0
0
0
0
0
0
0
0
0
0
0
0
0
0
0
0
0
0
0
0
0
0
0
0
0
0
0
0
0
0
0
0
0
0
0
0
0
0
0
0
0
0
0
0
0
0
0
0
0
0
0
0
0
0
0
0
0
0
0
0
0
0
0
0
0
0
0
0
0
0
0
0
0
0
0
0
0
0
0
0
0
0
0
0
0
0
0
0
0
0
0
0
0
0
0
0
0
0
0
0
0
0
0
0
0
0
0
0
0
0
0
0
0
0
0
0
0
0
0
0
0
0
0
0
0
0
0
0
0
0
0
0
0
0
0
0
0
0
0
0
0
0
0
0
0
0
0
0
0
0
0
0
0
0
0
0
0
0
0
0
0
0
0
0
0
0
0
0
0
0
0
0
0
0
0
0
0
0
0
0
0
0
0
0
0
0
0
0
0
0
0
0
0
0
0
0
0
0
0
0
0
0
0
0
0
0
0
0
0
0
0
0
0
0
0
0
0
0
0
0
0
0
0
0
0
0
0
0
0
0
0
0
0
0
0
0
0
0
0
0
0
533.2454096
719.6868938
748.6812687
533.7781325
0
0
0
0
0
0
0
0
0
0
0
0
0
0
0
0
0
0
0
0
0
752.2677037
742.1305983
685.4561158
0
0
0
0
0
0
0
0
0
0
0
0
0
0
0
0
0
0
0
0
0
0
0
0
0
0
0
0
0
0
0
0
0
0
0
0
0
0
0
0
0
0
0
0
0
0
0
0
0
0
0
0
0
0
0
0
0
0
0
0
0
0
0
0
0
0
0
0
0
0
0
0
0
0
0
0
0
0
0
0
0
0
0
0
0
0
0
0
0
0
0
0
0
0
0
0
0
0
0
0
0
0
0
0
0
0
0
0
0
0
0
0
0
0
746.2505991
0
0
0
0
0
0
0
0
0
0
0
0
0
0
0
0
0
0
0
0
0
0
0
0
0
0
0
0
0
0
0
0
0
0
0
0
0
0
0
0
0
0
0
0
0
0
0
0
0
0
0
0
0
0
0
0
0
0
0
0
0
0
0
0
0
0
0
0
0
0
0
0
0
0
0
543.1336118
654.5126221
771.1499991
485.0459893
0
0
0
0
0
0
0
0
0
0
0
0
0
0
0
0
0
0
0
0
0
0
0
0
0
0
0
0
0
0
0
0
0
0
0
0
0
0
0
0
0
0
0
0
0
0
0
0
0
0
0
0
0
0
0
0
0
0
0
0
0
0
0
0
0
0
0
0
0
0
0
0
0
0
0
0
0
0
0
0
0
0
0
0
0
0
0
0
0
0
0
0
0
0
0
0
0
0
0
0
0
0
0
0
0
0
0
0
0
0
0
0
0
0
0
0
0
0
0
0
0
0
0
0
0
0
0
0
0
0
0
0
0
0
0
0
0
0
0
0
0
0
0
0
0
0
0
0
0
0
0
0
0
0
0
0
0
0
0
0
0
0
0
0
0
0
0
0
0
0
0
0
0
0
0
0
0
0
0
0
0
0
0
0
0
0
0
0
0
0
0
0
0
0
0
0
0
0
0
0
0
0
0
0
0
0
0
0
0
0
0
0
0
0
0
0
0
0
0
0
0
0
0
0
0
0
0
0
0
0
0
0
0
0
0
0
0
0
0
0
0
0
0
0
0
0
0
0
0
0
0
0
0
0
0
0
0
0
0
0
0
0
0
0
0
0
0
0
0
0
0
0
0
0
0
0
0
0
0
0
0
0
0
0
0
0
0
0
0
0
0
0
0
0
0
0
0
0
0
0
0
0
0
0
0
0
0
0
0
0
0
0
0
0
0
0
0
0
0
574.4369736
685.2924032
0
0
0
0
0
0
0
0
0
0
0
0
0
0
0
0
0
0
0
0
0
0
0
0
0
0
0
0
0
0
0
0
0
0
0
0
0
0
0
0
0
0
0
0
0
0
0
0
0
0
0
0
0
0
0
0
0
0
0
0
0
0
0
0
0
0
0
0
0
0
0
0
0
0
0
0
0
0
0
0
0
0
0
521.0180626
0
0
0
0
0
0
0
0
0
0
0
0
0
0
611.5281299
664.2137043
0
0
0
0
0
0
0
0
0
0
0
0
0
0
0
0
0
0
0
0
0
0
0
0
0
0
0
0
0
0
0
0
0
0
0
480.9870168
642.1377789
0
0
0
0
0
0
0
0
0
0
0
0
0
0
0
0
0
0
0
0
0
0
0
0
0
0
638.6750227
0
0
0
0
0
0
0
0
0
0
0
0
0
0
0
0
0
0
0
0
0
0
0
0
0
0
0
0
0
0
0
0
0
0
0
0
0
0
0
0
0
0
0
0
0
0
0
0
0
0
0
0
0
0
0
0
0
0
0
0
0
0
0
0
0
0
0
0
0
0
0
0
0
0
0
0
0
0
0
0
0
0
0
0
0
0
0
0
0
0
0
0
0
0
0
0
0
0
0
0
0
0
0
0
0
0
0
0
0
0
0
0
0
0
0
0
0
0
0
0
0
0
0
0
0
0
0
0
0
0
0
0
0
0
0
0
0
0
0
0
0
0
0
0
0
0
0
0
0
0
0
0
0
0
0
0
0
0
0
0
0
0
0
0
0
0
0
0
0
0
0
0
0
0
0
0
0
0
0
0
0
0
0
0
0
0
0
0
0
0
0
0
0
0
0
0
0
0
0
0
0
0
0
0
0
0
0
0
0
0
0
0
0
0
0
0
0
0
0
0
0
0
0
0
0
0
0
0
0
0
0
0
0
0
0
0
0
0
0
0
0
0
0
0
0
0
0
0
0
0
0
0
0
0
0
0
0
0
0
0
0
0
0
0
0
0
0
0
0
469.7436504
0
0
0
0
0
0
0
0
0
0
0
0
0
0
0
0
0
0
0
0
0
0
0
0
0
0
0
0
0
0
0
0
0
0
0
0
0
0
0
0
0
0
0
0
0
0
0
0
0
0
0
0
0
0
0
0
0
0
0
0
0
0
0
0
0
0
0
0
0
0
0
0
0
0
0
0
0
0
0
0
0
0
0
0
0
0
0
0
0
0
0
0
0
0
0
0
0
0
0
0
0
0
0
0
0
681.6700831
477.9715484
0
0
0
0
0
0
0
0
0
0
0
0
0
0
0
0
0
0
0
0
0
0
0
0
0
0
0
0
0
0
0
0
0
0
0
0
0
0
0
0
0
0
0
0
0
0
0
0
0
0
0
0
0
0
0
0
0
0
0
0
0
0
0
0
0
0
0
0
0
0
0
0
0
0
0
0
0
0
0
0
0
0
0
0
0
0
0
0
0
0
0
0
0
0
0
0
0
0
0
0
0
0
0
0
0
0
0
0
0
0
0
0
0
0
0
0
0
0
0
0
0
0
0
0
0
0
0
0
0
0
0
0
0
0
0
0
0
0
0
0
0
0
0
0
0
0
0
0
0
0
0
0
0
0
0
0
0
0
0
0
0
0
0
0
0
0
0
0
0
0
0
0
0
0
0
0
0
0
0
0
0
0
0
0
0
0
0
0
0
0
0
0
0
0
0
0
0
0
0
0
0
0
0
0
0
0
0
0
0
0
0
0
0
0
0
0
0
0
0
0
0
0
0
0
0
0
0
0
0
0
0
0
0
0
0
0
0
0
0
0
0
0
0
0
0
0
0
0
0
0
0
0
0
0
0
0
0
0
0
0
0
0
0
0
0
0
0
0
0
0
0
0
0
0
0
0
0
0
0
0
0
0
0
0
0
0
0
0
0
0
0
0
0
0
0
0
0
0
0
0
0
0
0
0
0
0
0
0
0
0
0
0
0
0
0
0
0
0
0
0
0
0
0
0
0
0
0
0
0
0
0
0
0
0
0
0
0
0
0
0
0
0
0
0
0
0
0
0
0
0
0
0
0
0
0
0
0
0
0
0
0
0
0
0
0
0
0
0
0
0
0
0
0
0
0
0
0
0
0
0
0
0
0
0
0
0
0
0
0
0
0
0
0
0
0
0
0
0
0
0
0
0
0
0
0
0
0
0
0
0
0
0
0
0
0
0
0
0
0
0
0
0
0
0
0
0
0
0
0
0
0
0
0
0
0
0
0
0
0
0
0
0
0
0
0
0
0
0
0
0
0
0
0
0
0
0
0
0
0
0
0
0
0
0
0
0
0
0
0
0
0
899.269375
974.132756
789.3998007
680.5320952
1307.539506
970.5800109
1151.208803
1925.623963
921.4807422
940.2403368
829.9848299
878.9550685
708.2336071
1279.565695
978.5234569
1151.35489
1635.278126
920.1428352
1222.441604
0
0
1650.883332
701.3055202
1041.885152
1208.118889
821.5381137
985.3406115
912.4572554
962.856004
1148.371443
892.7694552
1067.78573
1144.87005
1310.694962
0
0
0
1457.201744
922.0622699
801.5201731
1102.745034
763.1902205
887.6346066
1187.846744
1143.412901
921.5287287
697.0230571
1442.585571
629.0420772
1038.012752
0
0
0
955.0076221
823.3308039
928.1563733
944.3813201
1035.442778
1062.9952
772.3088253
1254.491984
1024.310513
1244.078428
690.0258827
1012.922506
890.8115941
0
831.3851098
923.3951187
0
0
855.2403995
1141.17887
1210.40804
1104.050586
744.9905922
1105.00088
804.8089126
794.280998
836.7013278
0
930.7858928
1297.11173
0
638.6750227
1205.28637
1236.579251
915.9707396
1332.587753
1090.289424
1064.902147
829.7650352
942.8973191
733.9273602
1071.118795
805.880198
638.4284219
0
0
0
0
0
0
0
1026.508925
972.6649966
931.4535912
683.1528641
698.3387454
761.9816873
1007.245769
785.503922
881.6400175
1205.702282
0
0
0
0
0
0
0
792.5192222
867.6975334
665.0352553
965.7036734
904.3805699
802.2264809
1041.318279
1049.671762
626.5918806
1014.647973
844.6855577
939.6052232
0
0
0
0
4863.324983
0
3879.002522
0
1261.295784
572.300515
1200.202061
825.3001082
1005.685661
882.3554481
975.9258249
1244.807057
976.8242244
1196.873635
1375.615728
883.243902
857.3625371
2241.241047
1943.386342
0
0
0
1298.909117
1202.485425
1464.006698
0
0
0
846.8719564
978.1785524
977.5550963
979.4284758
764.8506281
772.2406599
995.6448947
1175.14708
1230.881729
1321.798618
880.7191572
1282.983389
1038.663244
1050.25689
744.9651085
807.0485739
1356.590196
0
0
683.1528641
0
0
0
1101.190678
988.6049585
842.0585443
813.1683878
1002.917998
648.3418678
1168.086097
902.4220319
922.4318103
0
0
667.9684248
0
0
1018.8823
0
788.8724097
1216.731437
1003.287419
1086.452738
1078.978567
764.2646018
942.5283433
1199.256787
914.3445628
863.475388
864.8193064
0
652.508841
722.8570872
807.6854661
847.0526774
720.2088383
946.2146935
1110.923951
1076.237785
758.0656973
1099.576899
0
0
0
0
0
1097.847391
1045.355288
978.307814
670.2076917
948.3497128
1052.739778
1113.669389
768.6534064
941.4083652
955.0076221
1398.570765
1069.453114
0
0
0
0
0
0
894.1921505
715.1002153
920.7038039
865.7504494
893.8734861
830.3460586
1003.281374
886.5129856
849.5949699
968.3330978
729.0237621
737.0282162
831.3851098
0
0
0
0
0
0
0
934.2578594
742.3454498
1075.548551
815.4284489
1043.093281
1085.458963
1130.944522
0
0
0
0
0
0
0
0
0
826.1010953
820.2540771
961.0231113
821.7525183
944.668201
900.051033
722.6136418
1023.305855
1291.392285
1062.335525
0
0
0
0
1013.002788
1015.418707
942.2881401
946.5095303
1001.956317
1270.396269
1161.738241
1184.310361
931.2446462
1001.613336
1163.937878
1079.77549
971.524699
0
0
0
0
0
0
0
1584.410683
1127.843167
1220.922107
1315.053326
1408.684221
1082.699028
1040.396088
1294.476726
1215.831246
0
0
0
0
701.8369519
959.0718165
710.9315691
972.8600004
831.1697839
1003.49952
803.5143004
0
813.395574
527.5231678
1908.589094
981.6577055
0
1187.76507
0
1010.504674
1043.191956
1101.888302
627.6721653
0
1008.417397
1088.692142
819.5181445
725.5716043
920.1428352
909.607501
791.8436943
842.9805195
918.0725628
0
0
0
0
1007.354451
1121.54224
1034.144938
1051.468232
1098.422362
1190.613259
949.423743
1076.736353
0
0
0
0
670.7320123
1022.805478
1174.331586
1188.875818
1177.608286
970.6902621
897.4016112
1140.195102
0
0
0
0
0
0
740.705596
902.1726895
969.3374952
1018.475895
1047.484537
988.5061404
971.2751564
836.2094983
934.4795948
1006.297468
0
0
0
0
0
0
0
877.6119944
986.5174781
749.8851059
787.3380435
1131.156781
999.1876864
776.6290839
1060.206976
884.3511428
719.1439163
775.8158512
1137.48584
820.0202953
0
0
0
0
0
0
0
0
0
0
0
1139.515538
1597.468919
1459.849277
1246.114307
870.6380993
813.2892395
1028.639341
0
0
0
0
0
0
1057.417719
753.7553306
1133.291619
1436.439428
991.1215439
1310.454547
1471.375251
1139.309801
710.1172053
1109.624357
1072.149089
0
0
0
0
0
0
0
0
0
0
716.7454469
1075.109622
971.2855659
1007.45789
941.4262264
836.7685307
1043.893527
0
0
1075.109622
0
0
0
0
1085.390982
737.1146297
1104.082196
751.5618366
876.9687523
1043.050031
1137.284867
1324.281512
1169.510062
957.3558607
862.9089489
0
0
0
0
0
0
0
0
807.5436662
871.6436941
1012.418653
749.1427965
815.2029559
1050.068274
930.8916462
860.9701087
920.1428352
0
841.2078168
0
585.0346996
0
1032.257207
1293.006431
1077.276153
764.9681795
1001.942248
0
0
0
0
0
0
0
0
0
0
1009.185692
913.968453
1026.623754
854.0897862
996.6571277
0
0
0
0
0
0
0
0
0
0
0
846.3911586
1074.489376
903.2406754
980.181736
833.1078463
1067.932646
0
0
0
0
879.4724151
672.2588418
1245.096315
721.4947682
884.0827182
859.2754038
1070.022073
1147.533633
0
0
0
0
0
0
0
951.4225564
860.9037101
1041.29172
1128.027583
1042.814026
996.7354918
1077.818771
970.1766796
890.5570389
0
0
0
0
0
0
0
0
0
930.4544837
892.849354
792.2624349
932.2920137
841.5552177
0
0
0
0
0
0
933.9357706
870.204564
758.4467272
816.9225611
790.1655088
918.7488337
870.7891919
0
0
0
0
0
0
4156.954486
0
3236.821218
797.8684513
978.7177571
1215.229596
1125.789749
953.7087886
838.9881673
737.6060198
1211.448684
1243.010554
1085.090185
884.0396994
0
0
0
0
0
0
0
988.8764083
867.96382
931.3655822
967.9056808
1049.189364
878.3785545
827.0372387
0
0
0
0
0
0
852.2866348
1038.248191
1067.632673
957.11384
962.234891
1095.983946
1408.340147
921.0654512
938.6248712
1105.564831
1964.302404
1498.217377
1192.071125
0
0
0
0
0
0
1493.494338
1060.712052
711.3137692
1197.535445
1113.826407
1029.687266
761.491155
998.3068867
881.5704
938.1780995
903.5708138
957.8672882
0
0
0
0
0
0
0
1061.707805
755.4790707
1090.570593
1204.707729
1088.77118
0
0
0
0
0
0
0
0
1015.089855
938.0428136
1058.346991
996.7098172
964.1048792
0
0
0
0
0
0
0
0
0
0
0
722.0856726
857.1489136
836.5709678
925.3780429
954.6409507
1094.932288
0
0
0
0
0
921.9087565
1009.681372
860.7710036
684.742616
1172.971785
880.074815
929.9372805
755.4790707
0
0
0
0
0
0
0
1319.694521
726.7650006
927.2506592
858.752485
908.1991141
899.4802283
1091.344862
1028.474902
859.9992869
1084.385634
0
3274.025279
0
0
985.0588427
881.3806966
839.0436934
1084.90472
902.266014
1089.842871
0
0
1575.184944
0
0
0
0
0
0
1056.058545
752.9029286
1014.324549
927.7596442
892.4666246
830.3356032
1158.325741
850.1902508
1096.34972
0
0
0
0
0
0
1157.772418
943.0234955
1110.091942
914.1228201
899.8062919
820.8403186
0
0
0
0
0
0
987.7249547
1153.59838
1286.618339
915.1030692
1230.089367
967.7505126
1053.650483
799.3487551
0
0
0
0
0
0
1297.752341
1108.973084
781.9895806
506.3073607
1400.880149
695.1342888
532.5669252
986.7587401
585.9986847
0
0
1259.733936
875.5508486
1080.138726
722.8570872
803.1541112
1162.103242
972.0396421
884.1055768
955.7770705
917.8589786
0
0
0
0
0
0
0
1213.731668
987.2768081
840.961796
874.8984289
804.2219239
0
0
0
0
0
0
0
839.7475133
954.3557914
1091.23985
954.8522009
887.242071
0
0
0
0
0
0
0
0
912.839784
919.8747225
978.249281
788.3108312
939.4429191
0
0
0
0
0
0
0
0
0
0
0
981.8254463
762.8697885
991.7812674
881.346408
921.869305
974.7406569
857.3625371
1045.88449
0
0
0
0
0
0
0
788.4278767
961.8907791
863.2207969
1170.488709
1022.660041
1039.635097
1008.346347
1093.527247
921.3398268
0
0
0
0
0
0
0
0
0
0
0
877.5253333
970.8471623
1132.159871
1451.052326
1110.325071
0
0
0
0
0
0
0
0
0
909.1772299
953.8882682
785.9250022
953.8575545
851.0878589
944.6796863
462.5256529
1043.665629
0
0
0
0
0
0
740.2483818
997.5768618
763.0432486
695.4751017
0
0
0
0
0
0
1095.479617
1040.317242
952.0018988
1077.541182
1127.918924
1056.055172
801.464833
1061.836642
0
0
0
0
0
0
0
862.5862526
1235.922366
1126.680452
1068.860307
824.2275038
1763.976778
0
0
0
0
0
0
0
0
0
0
1259.506612
787.2110226
1113.433147
828.4536337
0
757.4491456
0
599.7792827
627.6721653
850.4073346
769.2787564
850.0682863
2810.532145
1305.984816
955.030565
855.9898467
895.6552989
855.1802238
0
0
0
0
1064.170082
910.9326439
900.3268244
1073.353703
875.2136626
0
0
0
0
0
0
866.1756561
888.4175452
664.7817047
959.9232045
1048.912256
0
0
0
0
0
0
0
951.5553475
794.1871385
1075.268277
962.6045779
1138.810917
1058.615746
0
0
0
0
0
0
0
0
0
0
774.9814497
733.1654336
952.1875437
783.8932814
761.3594348
1039.6566
1043.596586
1020.345642
0
0
0
0
0
0
1233.124135
943.7614053
846.9885242
1169.419915
1170.629272
901.7516239
913.1838137
923.4621718
926.2949638
1073.910806
0
0
0
0
0
0
0
0
0
0
782.5442132
867.8366687
1017.481157
1147.502485
1058.583663
0
0
0
0
0
0
0
0
0
1077.499834
740.6292651
754.2912684
1017.400386
1421.806537
907.9004544
1274.575963
935.7959023
0
0
1277.350045
0
0
2525.091615
858.0538045
791.5449864
1083.971552
0
0
0
0
0
0
0
1019.220601
918.5407631
1237.401151
976.5195572
1084.015342
951.7423324
1246.813203
774.5909731
0
0
0
0
0
0
0
0
0
978.6097866
825.3567968
1249.151894
879.701809
0
0
0
0
0
0
0
861.702499
0
0
0
0
576.8759095
535.7963848
633.2883112
1344.294578
0
963.0635325
1207.623983
665.0352553
1636.389135
2832.573896
0
1369.874649
1364.268954
1101.536506
1119.647077
1067.957143
905.859889
953.2589091
926.1985425
0
0
0
0
0
0
0
0
0
0
0
888.9054991
817.1769703
883.6262655
957.3123145
960.3789306
0
0
0
0
828.2362855
823.1713031
751.4356393
1026.805505
906.0906957
881.7533215
853.761029
0
0
0
0
0
0
1138.776552
979.7121636
841.1018382
1162.170434
1180.508033
1065.455909
936.4036766
935.903239
0
0
0
0
0
0
0
0
921.5540363
542.6064276
976.9765781
898.3934027
843.1292603
915.865166
1062.862788
899.823472
0
0
0
0
0
0
1136.98121
929.4974117
824.4526105
885.4129803
0
0
0
0
0
0
0
0
0
976.2743945
1149.678702
905.6850827
917.6647093
1158.802703
1062.9952
0
0
0
0
0
0
0
0
0
1079.77549
892.3049376
960.765389
1031.492503
1096.757437
1015.994671
925.3226363
813.9695431
0
0
4863.324983
1881.390922
0
0
2431.662491
0
760.128378
534.2382978
736.462775
1086.295936
1056.725543
0
0
0
0
0
0
0
0
0
990.4411612
982.6484294
979.1024576
745.5014631
799.8398535
798.3526955
878.6469429
781.3534963
0
0
0
0
0
0
0
0
0
0
0
937.413233
808.2458255
711.5327923
1127.288747
1057.264594
0
0
0
0
0
0
0
0
0
1405.816191
868.9264498
907.2552777
955.9430967
744.786882
770.9358929
0
725.3220155
0
0
0
733.6043694
897.6480939
0
0
0
0
0
810.5541638
0
793.5382778
1089.942608
922.3037977
1099.155143
1037.81923
1099.500908
919.8690227
710.0423498
0
0
0
0
0
0
0
0
0
847.0526774
945.3154618
832.1892262
1021.122573
1038.213642
1016.60342
1028.914993
936.850786
0
0
0
0
0
0
0
0
0
0
0
908.6538146
1136.568544
694.0639443
840.6282201
963.7311479
868.6056949
876.6936561
564.7788849
0
0
0
0
0
885.4449733
0
726.5757017
883.2075366
902.8894433
788.060269
998.7679151
854.5049751
0
0
0
0
0
0
0
1031.815199
837.9557205
1027.348124
790.2955517
0
0
0
0
1023.134151
856.2975656
831.1144689
938.1111863
850.0199166
0
0
0
0
0
0
0
0
0
744.0445734
811.2726539
934.3982576
799.606348
1079.788005
896.6625006
897.6480939
1024.771835
0
0
0
0
0
0
0
0
0
736.233226
891.9623252
1098.118714
582.8322769
892.8152835
972.3279941
913.7062505
995.9712437
741.1071808
947.9677615
4863.324983
2690.852208
0
4863.324983
0
0
0
0
0
958.6213884
784.2297622
979.3223176
823.0998638
816.8996087
833.9270505
0
0
0
0
0
0
0
0
0
0
941.5555144
904.7980103
841.8910291
814.9778449
848.8116246
858.0538045
842.2391693
1137.058773
1157.337846
0
0
0
0
0
0
0
0
0
0
0
0
0
0
960.4869667
1081.887157
991.9002698
1023.44508
859.0453576
1349.101548
0
0
0
0
0
0
0
0
0
0
0
0
0
1100.414569
937.0885138
835.597155
1154.740302
1569.67425
937.0885138
724.3293338
0
0
0
1347.62595
1232.826234
564.5372939
0
0
0
0
0
1072.149089
628.2174931
0
1122.124146
1200.51045
1699.583695
874.3016679
919.2719518
1110.139883
1018.434734
1538.501625
965.5030267
1222.638631
0
0
0
0
0
0
0
982.2118419
684.3217724
588.4637619
859.2994751
748.7167053
608.8849668
1063.364082
1031.282514
983.3119389
1002.653927
0
0
0
0
0
0
0
0
878.9765892
1104.774245
939.1078826
0
0
0
0
0
0
0
0
0
0
0
751.8956593
812.5730132
1178.243385
1055.814365
802.2264809
0
0
0
0
0
0
989.6881308
667.1210438
942.394855
896.1592951
703.7187982
879.4724151
0
0
0
0
0
0
0
0
0
0
0
842.2526135
799.2363553
804.6891104
849.8652438
880.4689839
902.2306742
929.1793964
901.4071901
0
0
0
0
0
0
0
0
0
928.0077973
946.980861
714.9642516
871.3761334
902.1117992
928.5284004
1429.507424
797.3585176
968.1294369
0
0
0
0
0
0
0
0
0
1038.626276
868.4644065
1114.117526
709.6495395
447.139926
0
3332.341797
0
0
0
0
0
0
0
0
1121.944968
799.3374441
1134.220471
880.5852921
963.2915913
958.5586307
830.305735
1388.653196
0
3978.530051
0
0
1621.108328
0
1107.234408
1515.312556
0
0
1277.350045
0
3132.493706
0
1235.464358
890.8115941
1575.468035
848.3372504
0
0
0
0
0
0
0
0
0
0
0
0
0
849.0559569
815.2029559
815.1199758
803.4742299
550.7902262
847.1574108
824.6404858
800.660474
0
0
0
0
0
1602.08416
0
0
0
0
0
0
0
0
836.7685307
1162.725976
631.2806146
702.7064086
704.946864
1340.865524
940.6954611
0
619.6405433
1297.253963
0
677.3518887
750.3826442
876.5216784
1080.138726
0
0
1489.668324
1617.977206
1356.590196
0
834.9388517
870.1049796
1091.82936
794.4992282
766.8350244
0
0
0
0
0
0
864.369962
983.7033771
982.3910534
858.021827
1089.924909
0
0
0
0
0
0
0
1203.847153
738.3970175
1002.04668
1404.225791
1143.633092
935.4066798
807.8027212
0
0
0
0
0
0
0
0
0
767.9692532
795.6438632
1373.304474
929.1405808
975.4888945
1420.665681
1144.401872
836.2094983
0
0
0
0
0
0
977.16657
565.8763436
909.5372356
1239.42538
830.1210703
758.3183582
919.6993021
775.6448018
0
0
0
0
0
0
0
0
0
914.1300265
988.1569052
954.6193312
864.9852021
958.431417
773.3359249
1069.864028
971.4994419
1000.229588
1097.555925
0
0
0
0
0
0
0
0
0
694.4560784
917.7456265
760.3441358
813.4620764
765.0496291
0
0
0
0
0
0
0
0
0
0
915.8627045
958.6213884
1024.247569
938.1111863
919.9589388
865.3762865
838.8425163
975.4146573
3332.341797
0
4863.324983
0
0
0
0
0
0
0
0
0
0
0
896.5409322
574.3447724
980.0610562
1305.335272
838.5251177
942.6253642
903.1807961
976.6967551
894.6811746
0
0
0
0
2094.520064
0
0
0
1022.805478
0
0
1031.254287
1092.21331
954.4310474
955.7619851
781.2958322
1019.011792
0
0
0
2568.994792
0
0
1211.303894
0
0
0
0
0
0
0
0
0
0
0
0
0
0
1060.326118
0
1018.107181
1099.620907
1073.817275
0
1027.458465
1042.120986
1045.102686
1395.331253
1215.831246
0
0
0
0
778.3901097
845.0773331
0
0
0
0
1568.036549
1244.807057
1874.951331
0
0
0
0
671.8780115
0
0
952.0018988
730.4251292
769.2787564
899.9953764
1091.262965
930.4114922
848.6977465
1113.948101
1108.183542
940.4256093
976.140181
493.3777614
0
0
0
0
1015.605431
823.5704088
1058.900521
890.6135703
730.0040466
990.3356523
970.2392464
1075.109622
0
0
0
0
0
0
859.4737576
626.8606675
748.8349059
1142.285881
1050.068274
1070.684433
1000.872365
1151.208803
880.3024315
0
0
0
0
0
0
0
0
1266.784877
869.8310122
1064.360033
0
0
0
0
0
0
995.5352195
647.5992929
790.008739
788.0757632
953.3056419
0
0
0
0
0
0
0
0
0
764.2646018
891.3660471
684.6245991
977.5141296
1036.721106
734.9403859
0
0
0
0
0
0
0
0
0
905.4911149
789.6610581
871.4445333
963.047053
818.0027959
762.2147547
979.4631505
678.3628217
0
0
0
0
0
0
0
0
0
0
0
0
728.7833471
766.2780807
936.4101857
0
0
0
0
0
0
0
0
0
0
1237.165466
779.237648
1169.956794
1186.70784
815.9938601
775.4164995
0
2431.662491
1266.061523
0
0
0
0
0
0
0
0
0
1011.64259
0
1388.529482
1268.840213
0
1324.281512
948.1490818
1234.785369
0
1113.998046
677.1643408
689.6200999
713.7483354
979.2935319
922.9265162
936.3145564
890.8115941
1019.953226
0
0
923.3951187
966.9123816
0
1375.354136
996.0435227
654.8817129
937.0885138
0
0
0
0
1125.267445
1131.616212
1450.164418
0
0
0
2341.240281
1233.559186
3961.650506
1004.548927
894.7247181
758.1132586
910.4846695
807.1191867
958.1721248
0
912.7055467
1665.552629
752.9029286
1319.942297
1162.697482
1358.491754
0
821.1147756
0
868.9264498
1039.145419
752.9029286
790.8170675
688.7883333
0
641.1798321
1131.616212
823.3308039
793.4574027
705.9814551
0
0
1137.023866
1060.712052
1037.957666
1144.09422
1113.164291
0
0
0
0
0
0
0
0
0
0
0
834.9875077
1255.755233
979.7727634
1173.336825
1535.080978
0
0
0
0
807.7788394
1001.370021
1026.231527
1109.028506
1031.85461
889.3914794
938.8823044
0
0
0
0
0
0
0
800.9430368
1013.686555
773.9697534
940.8131124
1048.43325
905.5584149
952.5292527
0
0
0
0
0
0
969.0000308
589.9820861
1086.558696
937.9830104
930.7858928
928.9634953
1081.857693
894.5031692
0
0
0
0
0
0
0
0
0
1011.64259
1113.466949
931.2446462
818.3951387
969.2146101
713.078793
804.9246159
1272.430934
831.746304
0
0
0
0
0
0
0
0
0
0
0
0
691.9601385
998.5545771
455.9556392
1013.950198
0
0
0
0
0
0
0
0
0
0
593.1121121
967.5423992
1195.752932
905.0071448
973.4640934
906.5633924
0
2550.395389
1098.74245
853.1490943
0
0
0
0
0
0
0
0
0
0
0
0
0
0
1112.847177
863.9219916
877.1724089
791.421505
0
0
1771.427423
0
1451.523348
687.219402
1719.81479
1215.831246
0
1019.953226
0
0
1334.664358
0
0
0
0
0
1075.109622
0
0
0
0
0
2894.178105
0
1448.473464
0
950.7079743
0
0
814.4880143
534.546915
1343.864646
679.7272703
1132.26098
1083.709381
982.427799
1113.826407
1228.11177
873.627891
1174.735968
1082.331367
0
1011.64259
1012.851173
832.8746794
0
836.2094983
845.0773331
0
928.0597837
0
622.4035283
0
839.9413412
1176.462189
868.4644065
0
0
1094.989519
1109.167122
0
0
783.3771075
527.9400735
773.5806633
775.7901226
884.1294118
835.2919956
801.173647
954.2726519
0
0
0
0
953.0213778
844.7211287
895.8137867
828.9290523
821.0461088
1058.981052
914.4481474
895.5981641
925.6442555
750.632219
0
0
0
0
0
0
0
0
0
0
0
0
0
1097.89427
869.5166016
1099.324285
798.6302294
1103.554457
803.7721922
819.0178677
817.1350265
859.582065
1117.124041
0
0
0
0
0
0
875.9384258
857.3625371
905.2165564
0
0
0
0
0
0
1175.757881
822.0951817
867.6975334
835.6495357
1088.053285
0
0
0
0
0
0
1041.71005
907.0375027
905.1975075
879.701809
708.0112447
812.9442414
0
4184.328085
0
0
0
0
0
0
0
898.0642223
1100.974814
802.0795145
1192.071125
991.5267182
0
881.3806966
721.2243502
757.496458
1881.390922
0
1781.18135
1173.877466
0
0
0
0
0
1673.033375
0
0
0
0
0
0
0
0
628.0808337
1015.061499
1024.503175
736.2148824
908.1492985
765.20363
1103.680326
641.1798321
0
0
0
876.7653717
1077.83784
1211.303894
938.8823044
0
0
0
0
0
0
0
0
0
0
0
0
0
0
1075.109622
1448.473464
1392.76334
0
0
1527.799585
885.5526354
0
0
0
0
0
1077.609129
0
0
783.2130618
889.3914794
813.0131691
634.8499074
809.7950418
994.1348662
726.0725
876.1568796
836.824558
718.9086914
781.9895806
604.3556724
0
875.5508486
640.5469216
835.2310444
690.9193003
0
0
0
705.9814551
616.0148503
0
1070.684433
672.322461
1174.579649
0
1273.312469
0
0
0
0
857.3625371
0
0
1256.862824
0
0
0
0
0
1047.260032
0
0
0
794.7984668
0
0
0
0
0
0
0
0
831.1809132
1058.925456
890.9454042
823.5704088
956.1330363
1038.231473
889.7140299
0
0
0
0
0
0
0
0
0
1136.511588
790.8170675
1093.898019
1276.218843
794.2219925
933.5576387
924.3242715
0
0
0
0
0
0
0
0
0
915.5398312
701.2260412
743.4296558
0
724.3293338
680.451314
608.7045781
0
0
0
0
0
0
0
0
0
866.9346283
856.1460663
769.2787564
0
766.9844409
0
766.1025962
936.9008059
0
0
0
0
0
0
784.0840096
848.2512494
983.8845075
695.509246
847.8198265
767.5359016
1172.971785
1004.430969
977.2202842
905.3407831
705.359467
0
0
0
0
0
0
0
1096.768507
1100.643586
984.6659872
647.2246278
925.4413877
607.9156229
1115.069021
1026.05081
1136.262233
0
0
2924.49026
2670.645382
0
3121.527071
0
0
0
0
0
0
0
0
1070.088214
1218.335079
570.0512872
1165.269174
821.4815916
534.8570194
1554.892929
1080.502589
1132.691842
0
557.8694077
843.7756278
694.7607118
1042.968362
551.1869619
0
0
0
1083.805857
1183.715719
942.5283433
0
1142.607326
1356.590196
0
2151.411507
1191.882332
1742.244635
2094.520064
1522.463814
670.1205845
2118.674995
1144.87005
841.2078168
0
0
0
0
0
0
0
0
0
0
0
0
0
0
0
0
0
0
965.3026087
916.6676107
879.4724151
1037.730595
590.323629
887.2856364
1081.159127
884.6155933
714.8737055
963.1246172
568.7602621
0
1014.766032
953.9612352
0
0
0
0
985.1492135
0
1384.352023
0
0
0
0
0
0
0
0
0
1332.033998
1324.818888
0
865.044496
0
0
0
1018.261955
1122.158831
0
669.2538656
0
848.0507828
0
1010.292074
739.3960634
0
0
0
0
0
1097.555925
689.3168385
0
0
677.3518887
0
1110.725608
849.0559569
0
1047.260032
0
1084.052605
595.8211003
1014.492384
1111.60712
1173.189807
1645.502702
1907.480076
1417.551863
1543.603819
0
0
0
0
0
0
0
0
0
1085.192295
893.0570621
1060.712052
625.7905903
801.7232899
751.4785309
923.7239419
1172.915293
1151.183406
0
0
0
0
0
0
0
0
0
642.1377789
0
824.5712382
767.644093
777.1068622
658.2720093
504.4814748
968.8921568
964.9024571
928.0597837
784.3358714
712.2808858
943.4522965
0
0
0
0
0
0
0
0
0
1267.573652
677.6652759
1046.024419
1016.636059
1175.283883
1093.914538
1482.372687
1541.521816
893.3008403
0
0
0
0
0
0
0
0
0
0
0
923.3951187
1154.092989
856.7935749
1050.43996
874.3461022
1133.23157
938.2822399
0
0
539.6961862
589.8118848
0
804.6009057
0
0
625.7905903
729.9040252
734.8204454
628.2174931
1630.652193
1050.907924
942.8973191
1083.402704
820.6759129
748.2215836
1229.914906
0
0
0
0
0
0
0
0
0
0
0
0
0
978.9656993
674.8044012
0
706.6071781
719.9712773
0
0
813.6351392
1269.094234
704.741175
0
0
0
1085.290669
889.0384915
1309.214691
877.5805527
853.6112038
1116.49772
1080.601934
881.3045103
800.7781333
609.2106849
0
1028.951292
899.3088884
1360.572283
950.0646547
0
0
788.6581791
910.1541834
0
0
1030.872944
0
0
0
951.5695059
1054.486679
0
0
0
0
0
952.7829583
1414.824422
0
0
0
1125.267445
0
0
0
0
718.5568166
1443.451318
0
0
1893.196779
0
0
1660.910905
1202.485425
0
1654.980564
0
839.312382
0
1429.507424
1372.145933
989.5097402
1242.155662
0
675.4925433
1132.90758
705.9814551
898.1147376
0
0
0
0
892.6053483
754.8296809
595.2716802
1244.807057
1137.758025
1302.809222
788.2308102
908.6053374
812.8581323
0
0
1103.554457
1110.725608
834.2292085
993.5660975
1241.226204
1063.825947
0
1385.617527
1201.487548
1200.202061
0
1062.263097
998.1937667
660.2107322
952.0018988
1227.035886
0
0
711.0951996
0
878.8116758
1227.855201
1201.487548
0
0
0
0
962.0283426
1045.639848
779.9769283
0
0
0
0
570.8371624
1154.317084
1225.608306
0
1010.921117
706.1896125
990.5510521
1307.934489
834.7664821
1107.234408
772.3906743
1246.203673
1240.20431
763.2865187
1320.632229
920.1428352
1029.827416
864.5623695
895.565321
1169.672414
0
594.545114
1197.093153
783.8293525
624.4717298
0
0
0
0
0
0
0
0
0
0
0
650.7247068
0
0
728.8691493
712.6347692
0
754.4417736
1073.870964
898.402598
0
0
0
1077.476831
0
1360.405315
1354.845459
1043.161451
620.8851361
919.4288494
876.035477
0
1116.068145
0
832.336574
1002.570355
0
811.5731849
0
0
0
0
0
0
0
0
0
0
0
512.3683367
751.4785309
1215.831246
577.4504374
575.1788022
0
0
678.0584366
981.6577055
708.0516391
862.4385881
0
982.6852273
755.8051236
887.8676962
728.2528628
0
797.2485282
913.8276384
992.0954682
661.3936996
0
0
707.110472
608.7766852
0
0
0
637.4488997
0
818.7995828
943.143751
921.7608626
1131.277594
0
0
0
0
0
0
0
0
0
0
0
1337.022318
1200.635382
880.4689839
926.0443861
736.3249891
0
1085.290669
0
1144.113345
1357.602874
803.4421825
0
744.3129679
727.8439171
597.8694491
1060.712052
740.9348984
586.9751226
1099.786014
1086.336245
0
0
0
964.1048792
650.5482074
912.2867781
610.7482729
1266.061523
1081.298656
558.309385
1254.357826
663.9414432
0
734.4136101
803.9558942
1197.450222
792.1303535
1411.19077
1600.759932
1101.536506
1578.082389
0
0
0
0
0
0
0
0
0
863.5497273
700.5134781
777.2132885
0
0
1092.873934
744.6089334
1234.294204
728.8691493
721.1163722
679.7272703
1013.458359
576.8759095
580.6927863
1045.409459
1337.884443
1068.209477
830.2049779
733.8734632
802.2937212
960.4301394
784.4487115
1009.486363
708.2943334
0
932.397115
916.5039714
682.1618627
912.0678592
0
795.068384
807.5436662
598.6278142
0
0
0
1069.688209
1295.936795
0
0
0
0
703.5155268
1024.247569
0
801.0137743
0
1045.639848
797.0654222
826.7244744
0
0
764.9681795
0
0
0
0
0
0
0
0
0
0
0
0
0
826.7244744
0
0
0
0
0
0
1395.976508
780.7780615
0
0
0
0
0
0
1051.645495
0
825.8680634
821.6653752
874.9472618
1287.203945
752.2677037
1075.109622
750.3826442
739.6794547
559.1977857
0
0
1861.78502
779.9769283
740.8201891
0
0
904.2139022
803.6345861
0
0
0
0
0
0
0
832.5754723
1314.255968
674.3483515
849.3926007
533.625474
730.4251292
872.8867154
704.1265408
743.7233325
1188.056886
719.4032594
1002.034356
938.2822399
747.7637284
583.4549764
939.1401328
0
631.2806146
996.0435227
802.4367231
684.6583039
883.8391062
885.1224424
533.3212425
893.7196414
865.7976339
875.2056437
1706.802239
1169.104664
0
1079.63037
1298.287297
0
0
0
0
0
0
1189.815094
0
0
0
996.0435227
530.7921053
692.0019968
0
0
1116.598917
0
699.044653
1077.508575
0
946.3997406
887.2856364
659.0426376
982.2349679
959.3331249
1414.824422
1247.485309
948.1490818
575.7401523
1120.378596
801.7232899
1123.769943
1075.624322
693.8697055
772.9925926
1004.28136
1106.154686
838.1873545
862.2542173
1617.229402
1117.197553
609.6470262
0
0
0
0
0
0
0
0
0
859.5162973
758.1132586
786.115539
702.3042112
0
692.5477435
0
1289.121167
0
813.9819447
1343.605197
1621.108328
899.7590564
665.4487378
1273.062082
826.7244744
1050.068274
779.0676728
1088.053285
0
0
633.8706167
1557.764172
1107.234408
1342.698897
1347.62595
900.3397522
1830.748246
601.3412461
820.6759129
0
910.002939
894.0554998
741.5390374
923.0305339
779.1809635
1960.127632
1812.772914
0
0
0
0
0
0
0
0
0
740.6769659
969.3234083
583.1429799
0
0
854.5399102
0
0
0
904.3111036
1200.441435
0
1038.767143
0
1085.290669
1265.058094
0
0
1066.760227
0
786.5357448
0
0
0
0
584.0828882
0
0
0
0
0
1038.012752
1458.749185
1977.418256
2314.986433
982.9798802
1359.857351
1885.57526
1453.572108
1673.033375
0
1069.23002
1488.402231
0
1057.949445
0
0
0
0
1682.362629
1122.600293
1215.831246
0
1575.184944
0
0
1266.061523
0
1074.400919
693.6481739
1077.250229
616.9662831
0
1442.828835
1241.423869
797.3270824
1298.765499
691.4591916
1023.765676
1230.605126
996.4975541
1097.08313
1315.352906
1377.782345
801.7232899
2113.144068
957.2770708
1193.967028
0
968.3330978
1490.144294
1578.530111
732.8009735
1147.155103
1225.498818
913.8276384
0
820.0202953
0
0
0
0
0
0
0
0
0
680.2093699
1011.64259
1461.522425
0
1408.684221
665.4487378
1308.870262
768.5494964
898.1147376
0
1038.447627
0
740.6769659
1088.796068
1949.700996
1032.783046
0
1278.36877
735.7755359
814.2600439
831.9790027
1342.907798
957.2770708
0
767.1041082
928.9634953
941.3596622
604.972508
0
975.6126918
0
0
0
981.6577055
0
0
0
1158.024861
0
0
702.3042112
978.0063481
1143.170933
0
0
888.6863134
774.5105539
1171.05256
1542.931539
806.8017294
1030.125568
825.8680634
1232.210608
0
1256.554701
956.8312702
985.3843879
910.3272098
0
0
875.5508486
0
793.4574027
798.9083646
0
0
864.6693718
909.7511832
977.1049765
0
702.9080957
758.7811434
1341.795348
889.0384915
0
890.8115941
1016.52366
0
0
1830.304654
1115.069021
0
0
0
0
0
0
0
0
0
0
0
0
0
0
792.3946543
704.5358924
0
953.3056419
978.6097866
0
0
0
1014.067489
0
0
0
0
841.2078168
0
801.7232899
726.5757017
0
0
1122.396433
1020.520307
986.3281392
1119.413496
976.8055232
693.6481739
875.0833428
1020.185434
643.4675719
1412.443939
703.6374418
1331.660145
1101.360822
1100.601157
1345.280022
941.2573069
935.4569395
845.4046457
725.2864065
832.3916676
1007.472261
767.7214323
729.5471891
852.3210336
804.9246159
993.328103
902.3920899
854.714713
1182.152838
970.5443645
902.2371872
1041.854141
1455.390254
678.7701547
665.4487378
1318.930665
887.6346066
618.3447475
648.975019
779.9043551
848.624297
761.2732972
755.1834459
946.980861
1037.386283
1002.570355
633.5789742
839.312382
956.3632425
935.903239
810.9353736
951.2728662
1008.773047
754.8296809
1097.298843
967.7228183
1261.841412
927.5040743
0
0
0
0
0
0
0
1766.614251
1215.831246
1452.107435
0
825.0170197
1268.2822
0
0
780.7780615
543.665029
648.2272259
984.3904342
973.0640968
1046.364518
639.9185206
787.592472
819.6574423
1533.08555
1035.162773
1352.625601
517.7981923
780.3768452
695.603202
772.2406599
861.0745106
714.0846971
840.8266687
835.1396679
0
0
0
926.7134446
769.2787564
923.3951187
908.6053374
892.7694552
0
1252.806502
887.5540044
718.8382242
831.0891237
777.0460886
801.3173751
897.775222
1047.260032
813.6351392
749.1427965
821.2522144
751.3841902
893.0570621
1104.366892
568.7602621
701.2260412
1282.456423
602.333388
924.4937768
0
842.8531527
1029.034563
790.2955517
952.9787787
707.0264211
587.6331414
899.3088884
962.1872043
727.7164334
893.1217005
765.6759276
991.1215439
807.9162193
0
628.7663302
0
712.0162479
894.752434
1042.783843
779.3397458
0
600.1668826
926.7134446
891.5777931
715.7826484
993.5660975
849.0559569
991.1215439
905.5311945
725.0729963
1021.532596
657.8890901
722.1283852
1504.434071
740.5911189
622.4035283
1068.925122
1068.506617
993.177949
907.293381
1256.862824
0
1052.534148
582.2147131
0
651.2562762
836.0561586
934.0574957
1142.157428
0
587.9643017
1222.77664
0
1128.252559
999.8229587
859.5162973
636.5404543
1003.480945
846.2592251
1063.897269
1230.767798
752.5213769
0
982.427799
1595.036136
793.9028542
0
0
0
769.2787564
779.1809635
760.8078043
791.9419043
1079.503473
1000.170387
890.0998977
817.7505617
847.9597552
780.7780615
955.9430967
718.5568166
1161.168226
1248.394576
2605.936291
1071.415473
1530.349525
1069.23002
1101.536506
0
1004.548927
802.4367231
801.7232899
717.4385081
976.3133944
636.8422208
819.6121547
1297.419042
1138.561882
1075.683792
1123.929914
769.9073676
0
1008.249165
970.053175
1129.365217
956.8836579
1232.384694
711.3763009
962.5572093
1051.645495
1101.255479
1095.983946
874.3461022
1119.964472
0
0
0
0
0
734.4136101
539.6961862
653.5963573
521.2054771
596.559747
0
0
0
627.4911624
0
741.8278593
0
650.020764
725.0729963
1489.12515
1327.70173
0
0
1090.570593
1515.312556
703.1506405
921.4359676
0
918.0102383
1187.007969
640.9683574
959.7615688
925.4611879
699.8058186
666.4904523
1168.332624
935.903239
733.8734632
1186.137286
812.0856644
806.5553506
1242.035775
0
751.0075939
0
1189.815094
789.5172995
928.3980954
994.0008803
937.9830104
1071.256332
954.0771874
959.1620423
1087.9143
686.7018689
943.2888788
1091.335628
1215.179523
828.1060426
916.5039714
0
967.2664895
0
1573.457005
1168.332624
974.4277636
1040.856649
1150.519447
0
910.7605982
1163.104863
0
0
854.5399102
928.7893196
0
537.2315298
926.1985425
910.9944491
834.8658999
824.6780921
784.6262385
692.5477435
989.9113638
847.0526774
1017.871896
744.0177687
1391.781225
1266.386958
1225.134195
992.9519064
1008.810523
1031.194124
961.7336962
922.1365481
1000.170387
917.6846237
0
808.664521
929.4172141
707.8699867
0
0
0
736.3249891
1196.975943
1364.976726
599.0097649
902.8593341
724.033285
545.4677858
744.0177687
1024.019154
806.8839591
1036.325824
805.9006059
613.9134857
550.9883042
907.7513347
850.2716185
1013.318067
1096.670281
1170.396955
886.8505399
647.770113
925.9702142
993.5660975
949.423743
1188.69478
1234.785369
591.879689
791.8666031
736.462775
972.6649966
873.9466693
772.8418332
985.2396292
0
855.2403995
1073.363054
842.6835096
1059.628461
774.8930182
615.386606
0
1085.290669
1602.08416
0
0
0
0
1219.431404
904.1242309
1018.359594
1111.733338
1448.473464
872.3595535
510.5573837
815.2029559
985.2051798
1144.87005
1183.821427
851.9240394
1122.487497
872.3595535
0
0
0
0
0
0
0
738.5501409
682.6561157
689.8481505
782.9401329
996.4276306
823.8905442
760.2978688
687.219402
982.5380805
1215.831246
673.3675906
734.1016673
696.2633369
990.7980474
0
1754.073214
1732.351312
0
0
0
0
773.7492071
869.3542372
797.5236792
938.2822399
947.2371836
952.0018988
919.8364568
915.4876781
544.9218099
880.0529469
864.2952051
931.7046732
672.0999785
880.1123106
744.3868873
792.3190835
870.3991839
1199.779542
978.0849426
1077.695852
825.5837887
1561.020878
945.6279881
983.9778877
0
0
0
0
960.1910695
1037.288018
865.044496
793.7244861
912.6706075
1051.153481
780.2967581
709.1482152
899.4557397
762.8697885
740.2483818
1203.445032
888.0212383
871.5722974
984.7579312
0
1081.159127
0
0
0
0
744.3129679
886.7503086
813.6351392
748.5278362
839.6265073
961.5130371
776.3380229
0
871.9654043
822.2182358
0
0
0
0
1250.224869
896.2564863
815.2029559
992.8961723
876.5216784
859.7136898
736.8771526
1009.738766
1380.229734
767.4638281
1232.919193
1002.570355
815.8353026
1064.843566
1183.715719
787.8048908
696.6424887
753.8623211
884.0827182
877.0094615
1094.617788
0
853.1490943
973.6421584
935.3137391
1489.668324
958.6213884
0
1027.900455
0
710.4421958
855.0490185
884.1492256
928.3980954
1477.910091
913.8276384
992.4212603
989.8309685
760.8078043
619.6405433
780.7780615
681.1807553
751.9513899
800.7781333
985.3843879
1084.742424
1178.83616
0
0
946.0836002
733.3742345
669.4265792
743.5274639
626.0568467
674.2725526
635.1656285
0
0
0
0
0
0
0
752.2677037
1030.623501
0
855.0490185
1012.016845
774.3197707
784.8633352
741.1071808
1006.086782
929.9514357
896.2564863
797.0654222
993.7302282
934.0960085
0
0
0
0
0
0
0
846.2592251
662.3242826
1074.558201
800.8723381
825.8680634
785.6967409
660.8003361
762.2474207
766.8350244
972.6649966
1051.772206
772.1044439
657.6982242
688.2626092
0
0
0
0
0
0
0
917.1402068
664.2137043
1043.233908
767.1041082
822.1391167
514.2359227
657.8890901
911.5912544
817.6629053
591.0113184
828.1791461
993.8685571
885.5526354
765.20363
0
0
1098.74245
0
0
0
0
714.422127
669.9031641
842.6835096
873.7473531
930.7858928
881.0582876
842.3025604
733.1445751
897.8949667
892.9666137
918.2752834
1045.792137
688.9641914
1096.709195
0
0
0
0
0
0
0
1044.77284
632.9022741
757.0359739
726.6838324
925.1967817
663.3992806
1443.192482
0
0
0
0
0
0
0
584.71609
939.1401328
521.0804707
927.048998
927.0330037
888.361942
784.4487115
1059.523503
738.1295521
1046.811775
1032.719604
927.086324
706.9664261
999.9386961
0
896.2564863
1741.530569
0
0
0
0
921.5043127
941.9871911
1197.480993
745.0543262
996.8971361
837.1331131
955.1476209
1277.350045
0
0
0
0
0
0
1400.919024
895.7535161
850.747191
775.2766849
938.1413595
853.5270731
985.087376
747.3076905
1137.081296
649.6126458
657.1279839
0
985.8556515
1302.149979
0
0
810.5541638
0
0
0
0
822.2182358
889.0384915
626.8606675
963.5834324
683.1528641
776.4349664
756.1320877
728.4835656
864.9420942
868.208339
982.2349679
1150.04339
833.7762192
702.5051142
962.5922322
0
0
2043.291339
1493.759747
1019.76457
1315.719481
750.3826442
1177.764993
1234.207624
717.8565083
622.4035283
0
0
906.8367446
623.2591103
871.0497682
741.1071808
1066.930791
895.565321
1001.808403
0
0
0
0
0
0
0
820.2248321
682.1618627
1029.400095
924.685603
1101.852701
918.395902
1011.64259
0
0
0
0
0
0
0
755.3163845
904.2139022
958.6213884
956.7994712
1105.33764
951.8576468
1040.536485
0
0
0
0
0
0
0
998.0496387
589.472615
701.1069376
951.6775021
667.2617483
892.9063441
896.5085826
0
0
0
0
0
0
0
815.0596593
700.2770497
969.1128785
829.1245754
676.4177544
746.5301032
1033.083482
1094.476954
883.9702334
696.7374977
579.3491686
1168.682745
734.9563877
860.1375794
855.3809076
1051.304742
1346.424028
859.2754038
1029.220827
991.8166767
757.5816683
0
0
0
0
0
0
0
510.8729844
0
651.9699129
639.6059935
762.1784697
842.9805195
775.8369059
0
0
0
0
0
0
0
712.2808858
840.8266687
983.9778877
891.4071972
1018.769589
932.5128033
807.5436662
1531.37217
699.5710116
1587.621251
842.1195086
1578.595997
911.2409783
1463.514179
0
1504.434071
1504.434071
0
0
0
0
934.381734
786.6410172
999.0608919
1098.74245
1172.633031
781.0462646
968.8921568
0
0
0
0
0
0
0
904.5730976
782.512453
845.5139187
915.4876781
1091.949628
781.0798309
955.0076221
1006.297468
1018.475895
759.6454546
840.4465559
996.0435227
849.0559569
893.9912352
0
0
0
0
0
0
0
1000.460407
726.1980835
1117.712821
733.6043694
694.4814295
608.5605566
733.6043694
681.8337362
868.208339
586.648242
0
0
892.4250318
834.3805358
713.078793
778.3901097
817.5899022
1407.387615
1788.471333
751.0075939
0
946.6806802
940.9873872
989.9113638
885.5526354
929.1814737
916.2792379
1013.399515
0
0
0
0
0
0
0
991.7926628
861.262623
854.1294463
939.6569794
965.4204739
899.7590564
865.420582
1129.91442
626.7261677
723.6725385
978.8618186
926.8503225
845.0773331
1008.951124
0
0
0
0
0
0
0
940.6954611
567.2410908
674.728243
920.4113911
1036.946437
770.1965791
787.8474178
0
0
0
0
0
0
0
868.1763618
846.5943738
725.8217651
1005.061516
996.9410174
1189.300983
758.0527294
0
0
0
0
0
0
0
895.2816146
762.8697885
894.7247181
886.8505399
850.6338156
1109.957163
1065.536301
0
0
0
0
0
0
0
1001.860982
809.946516
818.9346696
938.4475607
794.477881
770.2803646
767.2388769
0
0
0
0
0
0
0
999.3992029
1083.182554
1149.678702
953.3056419
901.8988686
780.7780615
911.7764321
2719.226249
0
1509.228035
0
1770.262419
0
0
1096.561767
1041.828502
1004.052321
1092.820086
1094.94228
1060.315102
1092.514895
0
0
0
0
0
0
0
766.1500978
1060.712052
1351.345974
988.7091282
892.5104186
1008.569737
1025.476249
0
0
0
0
0
0
0
958.4527784
0
695.3215943
868.328786
1367.187317
847.0526774
541.9099969
0
0
0
967.4792961
0
759.4528372
720.6855363
820.0202953
0
0
820.0202953
1163.379797
562.3993482
1217.139713
1504.434071
774.6633958
1271.873369
816.3910823
0
1247.373173
0
1103.79787
1712.718604
2757.55981
659.4303703
859.2066505
0
1371.047357
1092.327273
1061.121482
1021.739237
1009.93827
1048.276679
894.2741988
979.6049203
0
0
0
0
0
0
0
969.1373021
990.8182492
818.7545842
1024.494858
827.4628573
882.6848382
928.5110204
0
0
0
0
0
0
0
692.0019968
1085.397125
838.6204999
637.4488997
913.4328183
786.7764976
934.8201631
751.0075939
671.8780115
809.6204806
872.4282079
808.8089164
693.9647963
865.5792227
0
0
0
0
0
0
0
1035.280554
836.2094983
946.25477
1090.92727
625.5251682
748.5278362
952.2618579
0
0
0
0
0
0
0
858.1664481
522.2147649
724.3293338
887.8312525
943.6926657
938.162484
795.3180469
0
0
0
0
0
0
0
1070.522328
684.5572241
870.5137857
854.5399102
1046.221606
709.1482152
999.5050514
0
0
0
0
0
0
0
836.7475263
0
743.0636228
791.7537353
1042.371244
872.4723596
979.6517025
0
0
0
0
0
0
3068.416433
964.9024571
533.0184482
762.1784697
927.353185
810.0864934
520.5829707
898.0163808
731.2114247
832.5754723
718.7577468
1080.546295
814.7735291
973.9223346
881.1370352
0
0
0
0
0
0
0
0
0
0
0
0
0
0
937.8833858
693.0964597
1042.43833
877.9898083
700.7504513
1174.080519
1141.338135
0
0
0
0
0
0
0
662.591876
704.1265408
803.7721922
751.2764662
689.7416623
784.6262385
780.7780615
1028.808624
1151.35489
798.9083646
927.1930165
994.9622942
1146.491322
751.9513899
1488.718324
0
0
1158.928656
0
0
0
0
946.8838698
762.4545145
924.0534277
0
842.9144631
764.615872
726.7271146
1117.359366
1343.359979
886.5900751
0
820.4882668
0
746.100379
0
0
622.1485444
747.3076905
0
0
1183.715719
0
0
0
0
0
0
1244.807057
765.3923251
796.153804
2535.350851
2274.613067
925.2303335
607.4885167
840.8612756
964.1048792
1068.687231
824.0776403
828.7832527
1033.761515
885.4265996
0
0
0
0
0
0
0
1323.561139
934.6794092
937.5990699
1196.830678
1091.317806
1067.9389
795.944351
0
0
0
0
0
0
0
1136.826162
1264.074723
927.2299646
1040.856649
1023.975047
1291.790305
753.3816361
0
0
0
0
0
0
0
714.5724403
1042.968362
733.7657476
840.0674738
838.6862457
797.2485282
761.1110289
1121.800141
904.4326897
857.095557
1131.323739
662.8113872
1147.105188
606.5357405
0
0
0
0
0
0
0
855.1000285
769.9073676
985.0424165
930.6412869
977.2412572
932.4579935
992.3791901
807.0036584
762.8697885
806.6960816
1028.513375
1358.219371
773.2248961
770.2229054
0
0
0
0
0
0
0
511.8299638
520.9557178
796.153804
840.4465559
1049.404882
908.1024275
903.4736045
0
1125.267445
1654.980564
0
0
4863.324983
0
686.3926374
860.5059533
645.9645785
719.9712773
566.3695961
1071.037028
902.2015405
0
0
0
0
0
0
0
0
0
0
0
0
0
0
864.0397458
752.1885444
764.5455352
843.0003425
644.2495322
941.0272345
659.4303703
0
0
0
0
0
0
0
742.9696902
611.8646561
598.0583533
748.8788399
1122.661962
693.0964597
1106.616774
1260.588113
0
0
0
0
0
0
630.4343013
647.9983792
545.8342695
850.4073346
1167.58277
1723.953742
1562.784672
0
0
0
0
5895.55899
2542.865617
660.9977041
2287.185842
829.6187012
1341.344601
2024.615184
0
0
0
0
664.6235821
870.1212337
0
1735.389864
726.3238114
589.3035435
796.153804
773.1813054
0
1397.054867
0
1111.60712
1830.016188
935.0617321
1072.885296
854.4663726
654.2673857
925.4765898
987.1792812
813.7296325
0
0
0
0
0
0
0
963.2038939
1132.422458
712.6790879
838.0007303
1080.229633
743.8838397
852.9797132
0
0
0
0
0
0
0
879.337028
858.1190353
1004.091479
545.3764786
763.3403968
855.2403995
937.0885138
0
0
0
0
0
0
0
710.1532659
574.3447724
829.0349259
889.4100803
937.216007
552.0881782
755.6419835
0
0
0
0
0
0
0
0
817.1090804
1095.263837
862.8080297
875.3206235
824.7748421
1013.276
0
0
0
0
0
0
0
0
0
0
0
0
0
0
840.0077126
574.0688659
555.3924173
764.9681795
1162.071969
606.1158865
857.8817263
0
0
0
0
0
0
0
967.8203214
0
804.6009057
0
755.2188814
729.9783182
493.964745
0
3068.416433
0
0
0
0
0
682.5570662
770.7506401
764.4401076
714.422127
748.7734264
816.4352913
964.1048792
0
0
0
0
0
0
0
0
0
0
0
0
0
0
935.3137391
810.2162351
820.8403186
0
779.8629039
967.4792961
839.312382
0
0
0
0
0
0
0
1059.862385
675.1249239
895.6419656
976.208114
839.6894174
911.5620355
902.097105
0
1707.630009
1334.664358
0
0
1372.145933
1341.795348
1022.805478
626.3239419
1019.638902
874.26613
975.9845984
564.2965242
947.5639709
0
3316.357728
1941.264745
955.9430967
1090.570593
1177.764993
857.3625371
740.2483818
0
855.2403995
1071.415473
877.9898083
0
0
1883.794044
1115.639399
718.9086914
1074.179941
971.9356299
964.1048792
1069.852093
2041.893632
735.6385934
664.2137043
753.3816361
869.456274
581.2978341
0
0
0
0
982.6852273
1383.759775
722.1283852
1037.730595
0
0
0
950.7079743
1259.114413
1014.766032
1113.084169
658.5281729
1170.493405
856.6516839
769.2787564
793.3005567
961.6846368
903.3417734
840.806637
729.126958
740.2483818
891.8180133
901.3056554
1014.461513
827.0521502
0
0
0
0
0
0
0
914.3670755
519.5999051
1011.087367
991.7926628
581.8313106
1053.128761
1167.3071
0
0
0
0
0
0
0
989.7391315
534.546915
772.3906743
894.635083
923.1762702
771.2452792
720.9246773
0
0
0
0
0
0
0
0
0
0
0
0
0
0
1425.157151
725.2597073
1118.712396
715.1758258
991.1215439
1154.053382
891.0443821
0
0
0
0
0
0
0
805.4349363
658.2720093
862.5308609
708.1880854
1005.421162
635.0470986
941.2432379
0
0
0
0
0
0
0
1334.093638
856.052915
876.6936561
1523.290207
719.1203706
646.9192421
625.3927685
0
0
0
0
0
0
0
898.876021
849.3083651
846.7020765
893.1554356
825.2292806
924.8616412
850.7046647
0
0
0
0
0
0
0
0
0
0
0
0
0
0
789.7329989
640.232161
527.5231678
1039.438775
621.8218431
906.8367446
1327.961492
0
0
0
0
0
0
0
990.3356523
876.8762724
804.8436128
773.262272
649.4576556
1035.060752
832.3763616
0
0
0
0
0
0
0
0
0
1433.629103
0
0
0
0
856.2975656
679.887706
714.422127
741.2797259
744.7077595
678.9290231
0
0
0
1138.147422
0
0
830.2049779
977.1049765
760.4676031
1327.210668
839.9413412
800.7781333
984.5175605
1943.386342
783.7058498
775.1230735
855.5416562
854.5399102
719.4977211
979.3669447
746.8534573
0
882.9895268
1141.964884
688.2626092
678.7701547
0
0
0
825.5837887
787.3804124
742.8445674
0
0
0
0
920.4230775
0
928.4717334
855.3809076
1186.372218
852.5117
1021.87579
0
0
0
0
0
0
0
1022.805478
0
671.1711569
1207.895576
789.7761832
721.4045537
661.9243244
0
0
0
0
0
0
0
0
0
0
0
0
0
0
1047.861578
630.1540407
927.6407746
960.2484164
918.8027064
723.9593985
1074.825852
0
0
0
0
0
0
0
624.6026936
807.5436662
914.3445628
625.9236139
731.5858409
761.9489219
921.3335038
0
0
0
0
0
0
0
1322.023461
855.591927
1053.394778
634.4568634
795.1099605
788.8009589
870.555064
0
0
0
0
0
0
0
0
0
0
0
0
0
0
897.8479132
1019.481932
1023.628212
961.9519051
1039.693096
1021.122573
749.3606273
0
0
0
0
0
0
0
970.6525009
886.5900751
659.1717016
651.9699129
737.9897048
1015.291623
1158.372065
0
0
0
0
0
0
0
1119.369727
0
892.4666246
764.498667
795.851371
1516.234218
1030.623501
0
0
0
0
0
0
0
0
0
0
0
0
0
0
793.4574027
1058.866171
0
675.1860967
1547.790987
1397.595427
1208.118889
1129.480111
1857.89655
959.6626035
934.1940812
867.8888783
0
812.4713339
0
738.5501409
1258.788016
736.8771526
0
885.5526354
0
0
1314.255968
893.5100992
0
0
0
828.4536337
1734.549543
1613.388108
0
0
0
1040.372498
0
902.6186676
0
662.591876
960.7941547
735.7755359
864.6693718
810.5541638
616.489196
0
0
1024.086805
982.8140789
708.507153
992.5144499
0
0
0
701.703837
0
866.1756561
0
0
0
0
0
0
0
0
0
0
0
0
0
0
0
0
0
0
0
0
0
0
904.4732391
645.5744214
824.7493749
1389.652944
1166.86145
790.8170675
1026.630765
810.7573383
1138.864799
666.4206456
858.1190353
764.9681795
855.9443145
1055.873066
0
0
0
0
0
0
0
616.6082097
868.4644065
935.903239
816.7894925
826.9054608
1007.619626
695.0808364
0
0
0
0
0
0
0
774.4342048
803.1541112
975.7613616
791.6910745
603.3381018
994.9622942
1107.234408
0
0
0
0
0
0
0
0
0
0
0
0
0
0
544.4702258
1246.813203
1028.448393
1026.675176
1119.647077
988.4217639
1637.851996
0
0
0
0
0
0
0
564.5372939
763.9143636
585.6759867
1187.228421
2173.814476
639.0875701
1021.730931
0
0
1334.664358
0
0
1244.807057
981.6577055
1319.425923
1319.225359
720.3788458
700.869143
1284.259328
793.9921322
963.2275448
0
0
0
0
0
0
0
0
0
0
1341.795348
1611.481387
0
1040.856649
0
625.7905903
0
797.7205782
866.1756561
561.700877
624.7338609
0
0
0
0
0
0
0
0
0
0
0
0
0
0
880.0849091
673.0678193
0
904.7980103
1157.484241
0
0
0
830.2049779
773.7492071
890.8115941
0
0
812.0856644
0
0
0
0
0
909.7511832
0
988.2304386
0
1035.8784
0
1772.244709
0
1212.202928
744.3129679
0
0
831.622359
678.2950982
886.5900751
889.7452804
624.996808
0
0
0
0
686.1870167
770.7506401
826.7244744
0
1001.100043
0
911.7764321
808.5395069
747.3076905
1127.545608
755.9451392
1057.465782
1123.131197
1062.422028
1125.837291
800.8277062
0
0
0
0
0
0
0
739.7362186
1113.826407
1002.659838
1035.718158
741.2509501
1564.187055
964.1048792
0
0
0
0
0
0
0
791.9105234
1942.120502
793.215086
829.1514818
931.9351662
881.5440824
969.3020528
0
0
0
0
0
0
0
954.4310474
884.1492256
872.8112921
832.1414199
780.1767248
638.0598162
1064.477457
0
0
0
0
0
0
0
0
0
0
0
0
0
0
0
0
0
0
0
0
0
949.9876185
712.0162479
920.9022558
878.48239
833.7762192
950.9795697
841.4088386
0
0
0
0
0
0
0
962.3545833
843.1292603
1171.320173
761.6871244
762.303865
892.6053483
925.2303335
0
0
0
0
0
0
0
0
0
1464.006698
0
0
1289.121167
890.8115941
0
1277.350045
0
0
0
0
0
1049.063134
1063.825947
1097.937966
728.5605742
1050.048219
0
1210.40804
0
0
0
0
0
0
0
878.2135091
691.4591916
889.214884
1002.128045
954.8078206
696.6424887
748.5278362
0
964.1048792
1022.805478
0
0
0
0
0
1019.011792
1038.767143
0
0
0
0
0
1098.74245
1008.062416
0
0
0
0
834.6836885
0
0
0
833.7762192
0
0
935.903239
0
0
0
925.3780429
993.5660975
741.9725467
1112.238933
0
0
0
0
0
0
0
0
0
0
0
663.3992806
933.5576387
875.5508486
0
0
0
1047.260032
0
0
0
0
0
0
0
0
0
0
0
0
0
0
0
0
0
0
0
0
0
0
0
650.9015506
822.5595884
1147.812129
980.949752
864.0152058
961.8696251
978.791943
0
0
0
0
0
0
0
894.648525
813.2460655
741.3229032
800.9494659
819.5791166
774.7289581
1039.659952
0
0
0
0
0
0
0
1047.680278
946.3997406
582.2147131
870.4548365
838.270379
952.3018865
927.8835485
0
0
0
0
0
0
0
0
0
0
0
0
0
0
846.8470475
842.4858514
711.9171791
751.8461434
804.7012813
1168.596289
1090.284407
0
0
0
0
0
0
0
0
0
0
0
0
0
0
672.9930224
1348.103726
650.0792173
936.2973979
912.3396654
819.0892216
681.1807553
0
1229.914906
0
0
0
0
0
0
0
0
1506.224241
0
991.1215439
1107.234408
0
0
0
0
0
0
0
0
0
0
0
0
0
0
921.9933277
1508.474708
902.474444
0
819.0892216
0
0
894.8772168
1228.3115
1248.665606
816.7894925
1198.965335
0
1244.807057
0
707.8699867
0
751.0075939
2062.870712
0
937.0885138
0
0
0
2767.934342
0
0
0
557.2146318
781.9895806
0
0
0
1111.60712
880.4689839
569.5320921
0
0
0
701.3055202
0
0
845.8641616
816.1526068
983.5114667
763.5651521
770.0124553
885.5526354
856.5099323
1039.287459
809.0402802
707.8699867
709.7932153
718.5568166
0
0
0
0
899.0522298
959.1620423
937.0885138
705.9814551
644.4140711
1704.484534
1721.684156
1184.331191
994.6880799
1120.530363
832.1414199
1152.621931
1058.460598
983.7186168
906.0074248
1348.573714
1473.7413
1881.390922
1696.184376
0
0
0
0
0
0
0
694.0917232
905.0642296
804.8922086
0
1145.846603
794.6060184
1004.797724
0
0
0
0
0
0
0
946.1556507
779.5783034
1088.442924
0
831.0891237
0
944.7543599
0
0
0
0
0
0
0
0
0
0
0
0
0
0
0
0
0
0
0
0
0
840.1937203
980.1273018
0
604.5607551
655.5312203
664.4867573
581.9078338
0
0
0
0
0
0
0
0
0
0
0
0
0
0
912.1845787
0
0
633.2883112
0
0
616.489196
0
0
0
0
0
0
0
880.4689839
0
0
1170.811964
665.2713085
758.7811434
0
0
1643.371622
0
0
0
0
0
0
0
0
0
0
0
0
1121.834098
554.6558789
717.9962047
0
512.9116069
0
558.752167
0
0
0
1487.500682
0
1133.463274
972.6649966
1902.416538
0
0
1523.290207
0
801.7232899
0
0
0
826.7244744
0
0
0
0
1060.712052
1144.87005
788.2308102
0
0
0
0
1060.712052
0
1068.816338
0
0
0
0
852.3961143
784.2005981
816.1526068
577.1626129
816.1526068
0
0
567.4920565
1026.954559
1353.110748
578.0294807
0
0
0
1056.77682
1501.002562
760.8078043
719.0262395
725.8217651
978.2324001
1209.462935
1045.409459
0
0
1015.752706
1215.831246
0
0
0
0
0
1426.78812
1036.405828
846.0615554
1006.297468
0
0
0
752.9029286
619.8879804
881.7240106
832.5754723
0
0
0
0
0
0
0
0
0
0
0
0
0
0
736.141538
0
895.9308493
717.9962047
1012.023417
822.3290806
1067.306529
0
0
0
0
0
0
0
0
0
0
0
0
0
0
705.1824367
0
670.9952568
943.7614053
1124.268004
925.9702142
1130.859996
0
0
0
0
0
0
0
690.0258827
778.3901097
705.6699967
0
910.4846695
0
0
0
0
0
0
0
0
0
754.3449979
765.6759276
937.413233
715.1002153
1641.507348
0
1109.722459
0
0
0
0
0
0
0
534.2382978
0
0
0
545.4677858
0
0
0
0
0
0
1221.372413
0
0
0
0
0
0
0
0
0
777.4086437
0
1102.947108
809.0402802
969.91677
839.9413412
1094.16432
0
0
0
0
0
0
0
0
0
0
0
0
0
0
0
0
0
0
0
1047.260032
1144.87005
1049.440824
0
0
0
1249.386351
0
1158.928656
1027.868393
1090.570593
0
0
784.4487115
0
1218.732675
842.3025604
675.9540428
830.9118379
920.1428352
0
600.1668826
0
0
973.9223346
1016.347168
892.9666137
0
0
0
0
806.5553506
1481.008405
1192.575279
0
1331.162412
0
0
0
0
0
0
0
0
0
839.9413412
1003.680728
759.7901243
1206.856055
857.3625371
1225.134195
0
1222.235644
859.5162973
0
0
904.7980103
0
850.4073346
0
756.7887674
737.43205
747.3076905
0
861.702499
806.9497801
617.9287944
0
0
0
1090.570593
825.0170197
0
841.9732389
774.8930182
0
0
717.8565083
741.9725467
802.6754111
0
676.1083667
0
910.4846695
711.7522707
1087.386983
0
0
0
0
0
0
0
1055.064549
689.8481505
901.2618026
805.3303897
0
747.7637284
735.6385934
0
0
0
0
0
0
0
714.422127
0
875.0142068
864.369962
816.1526068
0
572.1662542
0
0
0
0
0
0
0
1196.830678
0
693.28003
1175.81341
0
0
0
0
0
0
0
0
0
0
0
0
0
0
0
0
0
776.7123714
0
559.421669
0
1010.292074
762.3509225
897.9279126
0
0
0
0
0
0
0
1318.822347
701.3055202
1102.005693
904.2139022
1059.755207
708.7204055
0
0
0
0
0
0
0
0
0
0
0
0
0
0
0
1111.312891
845.568587
1057.805075
943.4522965
937.3632352
0
796.153804
0
0
0
0
0
0
0
0
0
0
0
0
0
0
0
0
0
0
0
0
0
0
0
0
0
0
0
0
566.7417905
1183.047299
965.0357397
0
0
1181.715929
0
0
0
0
793.4574027
773.1813054
729.6443935
751.6359364
872.5570204
663.3992806
732.0033492
590.323629
797.0654222
0
913.8276384
908.4983359
697.0230571
730.9487042
0
0
704.741175
780.7780615
792.5711616
1027.982415
915.0710599
0
0
1146.449609
1422.216602
0
1146.925583
1034.653197
1054.622972
825.5837887
1196.069431
786.5357448
881.7240106
1362.331006
817.8577755
926.7134446
0
0
909.2488612
0
1293.528007
0
0
0
857.3625371
0
0
0
0
0
0
0
0
0
0
0
0
0
0
0
0
822.6621628
0
622.9158315
0
0
0
0
0
0
0
611.4162629
0
0
1375.354136
0
0
0
1133.23157
0
0
1116.542987
1063.512426
861.0745106
0
0
786.3254655
587.3034187
0
0
0
0
0
0
0
0
677.8223494
1088.053285
597.1183612
841.2078168
1378.188905
728.8691493
0
0
0
0
0
0
0
721.8865697
0
700.5134781
0
0
0
0
0
0
0
0
0
0
0
737.0618135
1255.223576
891.885342
980.1273018
886.5900751
769.2787564
1061.445295
0
0
0
0
0
0
0
0
1363.671349
889.6272562
1160.381962
0
1031.350038
1111.347486
0
0
0
0
0
0
0
968.5192544
565.5086362
925.1435077
1046.332609
791.3407461
981.6577055
809.3416643
0
0
0
0
0
0
0
0
0
0
0
0
1341.795348
1881.390922
939.3337641
0
0
0
0
0
884.0827182
704.433403
0
0
0
968.3330978
0
665.4487378
1424.091239
0
0
0
0
0
0
677.3518887
0
0
0
1018.261955
994.3882165
1057.264594
1405.816191
0
0
1163.500181
0
981.6577055
983.9778877
0
0
0
0
0
1011.64259
1111.60712
920.8599726
612.3155305
779.5783034
0
1291.536345
853.1490943
1287.124346
0
0
0
0
0
0
0
0
911.1951655
770.9358929
599.0097649
757.780733
0
808.2898358
0
0
0
0
1167.534614
740.2483818
0
617.4461397
0
0
1147.614826
715.1002153
0
0
1873.126753
0
849.0559569
616.0148503
0
748.5278362
737.9897048
0
882.9895268
1430.019815
886.5900751
694.2029149
1027.982415
1614.208104
1340.766072
965.5030267
1484.697108
0
0
2178.961049
2018.803363
0
670.9952568
1031.623186
865.044496
646.4125651
1827.415368
1853.054643
0
0
0
0
0
1911.443528
1337.699491
0
0
0
0
0
0
0
0
0
0
0
0
0
0
1109.504986
744.6089334
932.5624087
949.1041853
0
998.8356927
1059.721116
0
0
0
0
0
0
0
1294.048997
582.8322769
802.6754111
813.6351392
1185.226387
0
855.2403995
0
0
0
0
0
0
0
0
950.3400674
0
0
0
709.1482152
0
0
0
0
0
0
0
0
834.5017171
735.22877
949.2410655
0
678.2950982
0
905.5311945
0
0
0
0
0
0
0
0
1068.440978
1210.125797
803.1541112
0
0
965.7839962
865.6089869
0
0
832.8746794
1236.19381
956.9426129
587.6331414
756.7887674
792.3946543
0
692.0019968
0
745.5014631
0
0
0
0
0
0
0
0
0
0
0
0
0
0
0
780.7780615
789.5172995
1102.664257
1176.091245
1093.802231
762.8697885
845.0773331
998.0496387
0
608.7766852
0
1079.412878
782.3960684
742.5531489
1209.070182
837.4423551
826.7244744
0
924.8090386
0
0
0
871.7294154
834.5017171
1078.578457
987.9120078
0
0
761.2173413
1099.298393
1055.432129
0
613.6832866
0
0
909.5500644
1277.350045
765.6759276
854.5399102
879.0473216
0
841.9732389
0
2269.444892
1300.270581
910.1541834
788.2308102
0
913.8276384
0
0
0
1070.198496
0
0
0
857.3625371
0
1284.352626
681.1807553
1557.069976
0
0
0
1602.08416
1665.199746
1034.653197
0
868.4644065
0
828.8021121
0
0
0
0
0
0
857.3625371
1122.931961
0
0
631.5645808
869.8548913
0
705.359467
923.3951187
815.2029559
602.1339629
0
882.482052
833.7762192
0
616.9662831
0
0
0
642.459412
730.4251292
877.6389496
0
1410.108626
0
0
0
0
0
607.4885167
1034.653197
0
0
0
0
0
0
0
1643.371622
1075.109622
0
0
0
0
0
1071.822718
636.239728
725.0729963
1107.234408
0
0
0
1117.5753
943.8498258
620.385069
0
681.1807553
0
0
1019.011792
1034.653197
0
1010.099927
706.6071781
0
0
0
0
0
0
0
0
0
0
0
0
0
0
0
802.2937212
0
0
793.4574027
866.1756561
1018.670594
711.7522707
1324.610754
0
1042.120986
604.5607551
1014.62294
964.1048792
1318.362447
812.0856644
0
1068.687231
1454.363427
1524.637137
1111.347486
901.1823508
937.0885138
730.4251292
752.9029286
720.446924
702.9080957
0
0
0
2617.532147
2155.404555
0
1244.807057
0
1400.530485
989.1890747
945.6279881
0
0
995.04856
0
0
0
0
741.9725467
0
788.8724097
794.5291205
0
1273.062082
0
775.2766849
0
1104.586141
955.9430967
0
811.7779379
747.3076905
662.9947075
0
0
0
0
0
0
0
0
0
714.8737055
0
579.2013688
0
0
0
0
0
599.3935823
749.7610555
1521.502072
1561.020878
764.9681795
685.674821
963.4099609
747.3076905
763.3909298
0
1063.256263
1332.749042
1067.232905
910.002939
803.6345861
752.9029286
0
0
0
0
894.1921505
1264.835613
989.3639135
1037.386283
1051.645495
0
0
0
0
0
0
0
0
0
659.8197311
764.9681795
1250.438206
0
615.5432184
915.9053764
0
1108.255492
1067.78573
600.1668826
1006.297468
0
0
0
1182.856657
602.5333161
0
0
0
0
773.7492071
591.3574894
0
0
0
926.7134446
869.2352832
0
705.359467
667.1210438
777.2132885
1225.134195
700.5134781
0
0
972.1176913
859.0829765
803.4421825
867.0868936
754.1838835
0
0
1607.426401
813.6351392
0
1037.730595
0
1291.536345
0
0
740.8201891
0
602.5333161
754.8296809
742.8445674
0
0
760.128378
639.9185206
0
0
0
0
960.7941547
629.8746932
1104.108062
0
0
0
922.739451
0
0
0
0
1017.142669
0
0
925.9702142
0
781.5844218
1344.431504
0
0
0
1215.831246
643.1061992
1048.565666
874.5862758
0
900.9442362
1117.07178
758.1132586
957.2770708
0
0
0
946.6319508
821.1147756
0
0
612.7689105
987.0052555
1166.28596
855.2403995
824.1712855
0
0
0
1184.179546
904.7980103
0
0
0
0
657.8890901
791.6910745
1525.364488
1121.13212
855.9443145
1322.248479
864.6693718
646.4125651
0
0
760.8078043
1042.968362
0
894.4201698
0
2634.395968
0
861.702499
1397.054867
931.2446462
0
780.7780615
0
0
0
0
0
0
0
0
0
0
0
0
0
0
991.1215439
857.3625371
0
0
0
0
919.0730309
633.8706167
0
0
678.7701547
957.2770708
0
0
0
884.6934604
889.0384915
0
870.7891919
0
872.6756265
1266.061523
776.8235095
1148.30612
816.7894925
0
645.0752802
0
0
825.5837887
0
0
908.748118
0
0
1154.14801
932.1659799
0
885.5526354
0
1027.795128
0
617.9287944
0
875.5508486
1040.856649
906.2677917
0
0
897.6480939
0
0
0
1038.174165
0
0
0
770.380984
0
0
0
0
0
1122.931961
652.6891951
0
0
674.1211335
1447.462976
1420.690799
620.8851361
0
1078.112622
0
595.6375286
1304.567799
1556.415528
937.0885138
1254.741166
768.5494964
0
0
1616.494844
1295.198586
0
0
1156.308997
0
1135.949539
1359.27823
945.1282217
0
1284.015124
0
1431.000243
1649.964793
0
1497.362537
0
0
1095.983946
0
0
885.5526354
0
773.7492071
0
712.4134534
705.359467
0
830.9118379
1248.834649
0
0
0
895.1520927
798.9083646
1081.159127
2260.44744
1116.068145
790.8170675
763.5651521
0
673.6682998
1131.616212
941.5076184
0
824.6780921
815.2029559
780.7780615
0
0
0
0
0
0
0
0
891.885342
772.2406599
960.9992476
684.6583039
1076.355652
716.469475
0
0
772.9925926
866.1756561
589.9820861
779.9769283
740.2483818
1345.426104
0
1047.260032
0
0
741.9725467
0
0
1980.355478
726.8281731
0
0
590.6667023
0
1143.941712
751.0075939
773.7492071
0
0
0
0
933.5576387
0
0
1030.623501
1594.205539
0
0
757.4491456
829.3265021
0
1019.953226
616.489196
1299.621448
0
0
0
0
700.5134781
963.1789326
1539.417304
1267.169595
0
1417.037105
1003.39222
1104.937398
0
1050.540147
703.5155268
815.2029559
636.8422208
1512.078446
0
0
1491.576105
2049.045811
886.2929438
1202.485425
1509.228035
0
903.8256939
1015.291623
813.6351392
1524.637137
1436.870897
0
1792.786754
812.0856644
1262.627687
916.3241596
0
0
0
0
838.6862457
705.9814551
0
1161.844251
0
1368.18214
740.2483818
894.8772168
971.2092439
0
0
911.3693238
0
0
667.5437864
0
0
888.1595578
0
728.8691493
1037.111265
738.5501409
0
0
777.6043103
0
0
859.9509156
1284.352626
952.7829583
1038.767143
729.6443935
0
0
0
0
0
0
901.8988686
0
0
0
0
0
0
1001.100043
0
1325.417137
898.4890597
1022.805478
0
0
824.4526105
826.7244744
877.1724089
1026.675176
0
670.1205845
925.0458837
849.0559569
1176.091245
2329.77799
0
779.5783034
751.9513899
933.5576387
830.2049779
825.0170197
0
926.7134446
0
1016.347168
918.5407631
0
0
0
627.1303074
0
604.5607551
783.2130618
0
979.1601307
0
0
0
743.1367352
791.4720055
1028.101691
0
0
0
0
811.3176899
737.9897048
1320.90098
0
956.8312702
910.7605982
0
816.7894925
1161.844251
0
774.8930182
0
0
0
1272.778586
1350.584443
984.7579312
748.5278362
888.1595578
0
0
0
0
718.5568166
790.8170675
1464.006698
1101.536506
919.225429
0
0
689.3168385
649.1484711
692.0019968
1097.986637
1078.870129
0
692.0019968
1058.199053
1231.991094
849.0559569
0
0
965.152445
0
0
0
0
1081.159127
655.6243836
0
0
1080.601934
1259.114413
797.9835818
0
0
1204.789808
693.6481739
601.3412461
1173.877466
905.7763464
0
771.4933588
0
892.9666137
1103.419344
796.153804
789.9490684
1340.485978
858.4354139
0
0
1185.364184
777.6043103
849.0559569
0
0
1015.752706
976.208114
1095.202225
1065.400756
1341.795348
1139.809769
1177.764993
0
0
847.0526774
0
0
980.5086872
621.3882136
0
886.8505399
0
0
0
628.7663302
862.8080297
809.5429722
0
0
0
0
1171.956951
1048.893404
0
838.6862457
1154.51232
0
1186.043704
943.143751
0
920.1428352
847.7172999
0
1101.536506
1060.712052
1025.700484
1005.546099
607.4885167
0
782.2943215
708.3794094
670.9952568
856.7062409
940.3643397
980.7379063
720.6855363
1062.708414
1064.540278
888.8783103
1032.318278
749.3485148
719.4032594
956.4421335
693.8697055
733.6043694
0
0
0
613.4537327
512.2602729
899.9953764
912.9453351
680.9370041
777.506438
701.9035739
763.7645761
969.3549377
718.2761446
788.2308102
728.2528628
644.1947533
568.2502819
915.4876781
1010.741177
0
755.1075489
617.4461397
608.3450052
880.1914986
946.7038896
985.6017425
638.2132136
1595.613364
1405.816191
733.0012786
925.2624329
1234.588792
870.204564
840.9145338
831.2666388
781.0462646
1105.206388
920.7293485
670.9952568
797.6489436
760.2978688
538.2062354
960.2163673
631.5645808
787.0726011
717.3921641
565.8763436
828.647123
1485.494574
903.4384387
770.6581201
797.9835818
1236.302467
851.6737584
1000.634635
846.511205
1000.210711
741.4772427
1130.62782
828.4536337
948.1490818
0
857.3625371
831.3851098
0
0
0
0
1531.71407
708.507153
0
1639.231045
798.9083646
0
0
647.4287968
776.9208381
710.6594145
932.3291006
1157.574259
857.3625371
919.7854498
1308.776673
760.5525617
820.5664208
510.4525553
676.5728197
1402.373949
888.2848118
701.703837
0
698.4049766
863.7729723
834.0176285
706.1896125
611.5654531
628.2174931
651.9699129
733.8349814
1052.534148
813.0695912
712.0162479
782.4775262
678.7701547
716.3317558
993.0745808
911.0984928
796.3810997
1203.438332
695.6972449
1115.568021
695.0407655
978.2919347
1130.401364
782.7222208
925.8775464
826.7244744
0
0
0
0
0
0
0
610.0857318
739.9066816
1129.480111
1098.380646
1002.7258
840.3622265
1048.565666
834.6836885
0
0
0
0
0
878.8116758
0
2449.787245
0
750.0714317
675.4925433
1358.345056
1738.756674
1126.444336
805.9302958
645.5744214
1263.85886
1047.911788
831.9790027
1083.23885
1226.685544
669.9031641
847.3371341
646.0763652
1276.876854
799.2181116
0
974.3434259
825.4805635
1260.873441
1050.79469
1172.706632
750.7393447
1182.055162
762.0923372
966.2062937
616.8069477
857.3625371
969.191046
521.3307378
633.8706167
716.5679546
1759.047719
587.9643017
893.691686
833.4981939
864.9693944
750.0714317
0
0
0
0
0
0
0
0
0
0
0
1464.006698
0
0
1155.334092
648.4566558
871.9654043
0
0
795.248647
898.1147376
1470.971654
1185.420739
961.8407829
1081.456299
1160.746689
904.2139022
1093.598823
776.0476524
632.5179544
878.2974828
791.1077321
629.1802851
675.7230177
629.8746932
886.3710802
1017.871896
1125.789749
689.3168385
1036.095405
1153.453105
1832.063088
824.2479526
789.9490684
890.4553345
1079.589206
941.6094137
0
0
0
0
0
0
0
0
0
991.1215439
0
0
0
1534.208216
0
0
0
0
0
6996.126067
6996.126067
0
0
878.4243554
913.0040047
1069.75772
863.4068006
1163.160306
801.7232899
1004.424652
1000.561256
770.1597318
0
742.2210125
902.9970232
539.5289481
633.481978
0
0
0
0
0
0
0
810.2162351
0
681.1807553
675.0332373
873.4488773
0
0
0
1252.581018
1392.76334
0
0
0
0
695.6972449
0
699.103004
619.5582273
782.8353197
0
819.4763834
790.8170675
563.1048235
596.1895481
948.1490818
690.3822955
746.9441602
747.3076905
666.0723848
1001.100043
948.9977986
779.407858
507.8904548
973.2506501
879.1416833
0
0
0
0
0
0
0
541.7370322
836.824558
917.5870669
647.9983792
1302.378005
1870.10728
1251.905706
1268.840213
1098.74245
1008.951124
0
0
830.2049779
0
608.7766852
658.9137531
678.4848428
835.2310444
1026.349734
761.0635988
811.2083434
740.0042047
1682.632255
533.1696664
999.0608919
788.6971029
1326.893361
688.4375431
0
648.8018999
1026.675176
868.4644065
904.9520826
1152.497509
769.2787564
0
0
0
1015.291623
1196.069431
711.7522707
0
0
0
0
0
0
0
0
0
0
0
0
0
0
0
0
0
1304.567799
0
0
0
0
749.6061798
0
0
0
0
0
0
0
752.9029286
1075.109622
0
0
0
756.7887674
0
1420.352702
751.0075939
1002.242617
982.9798802
908.6053374
1052.048944
779.7110353
791.6910745
918.0102383
1077.152453
1072.554951
829.2014647
642.6744842
0
0
0
0
0
0
0
0
0
0
0
0
0
0
0
0
0
0
0
0
0
1107.234408
0
772.8418332
887.2856364
1087.036161
0
0
0
0
0
1015.291623
764.9681795
0
751.9513899
1243.351804
675.9540428
0
784.4487115
963.0635325
0
825.3567968
0
0
0
0
0
0
0
0
0
0
0
0
0
0
0
0
0
0
0
0
0
0
1066.760227
872.3595535
0
0
678.2950982
930.1001375
0
0
0
0
0
0
0
0
0
0
0
0
0
0
0
0
0
0
0
0
0
892.6053483
597.1183612
0
603.743571
673.217588
770.7506401
923.3951187
0
0
0
0
0
0
0
0
0
0
0
0
1943.386342
1754.073214
1089.770235
0
0
0
678.2950982
0
0
0
0
0
796.153804
837.4423551
1082.699028
1611.481387
0
1266.061523
0
0
0
0
0
0
0
0
0
0
0
0
)
;

boundaryField
{
    symmetry
    {
        type            symmetry;
    }
    inlet
    {
        type            calculated;
        value           nonuniform List<scalar> 
1442
(
595.1501126
576.8759095
574.8440473
599.4485667
544.1410029
842.9911387
661.4504081
0
735.8440701
698.5299136
0
678.3741135
705.0940344
648.2688969
675.6900591
0
671.7893686
0
622.4035283
0
0
586.9096335
687.9484989
577.3351726
1004.052321
552.1217869
536.2183069
594.2563829
638.7522279
0
673.6682998
0
0
0
0
0
703.1101769
534.1357536
904.8771097
802.1304839
786.6122978
0
575.8529403
541.5645203
600.8824709
679.2475387
577.8359607
0
0
484.8456156
0
766.9844409
0
708.163582
1011.873426
584.9708698
989.1890747
1448.665674
681.0920484
0
556.136923
513.4598551
570.4431544
0
815.4458103
0
894.6637606
0
0
605.5525501
706.9500698
604.972508
659.6248464
725.0156109
763.652359
0
941.0698168
578.3207155
0
0
594.3284649
699.044653
783.4474791
642.459412
0
732.6409893
548.6487878
0
0
633.7538418
823.1545245
0
624.3671048
718.0894368
589.8969381
657.8890901
0
752.6484217
623.0872957
0
602.7738966
1038.144563
0
547.1955035
548.0130606
0
0
650.3134087
508.8510022
1098.74245
0
0
758.7811434
636.8422208
776.213494
564.1364649
717.5396918
653.1027785
931.9872574
853.3379592
706.6071781
628.858147
518.3928708
587.8813762
0
613.5301792
0
0
0
0
0
0
0
0
0
886.4166783
1432.673351
944.3813201
596.8695945
698.7533955
665.8640436
621.1866193
481.0491045
632.1353386
0
0
621.9789848
876.0701534
0
0
620.1361543
597.8694491
467.7801153
596.5968638
0
0
0
0
794.2379705
0
765.4395455
857.6478605
786.6653234
0
802.3345628
612.7689105
980.5433986
0
0
0
0
787.7517524
0
582.6000927
640.3369564
0
817.2462813
0
462.8738904
466.5903195
743.1023236
0
0
0
0
0
0
657.1279839
872.7547498
986.8967476
638.3668799
564.0565708
940.0338682
914.6743821
0
0
0
958.6985218
811.1263931
0
0
0
607.8300202
0
0
597.4179311
573.6569539
0
0
0
0
0
0
0
724.8245444
0
783.2130618
687.6353752
0
1095.983946
0
0
724.990116
664.0502529
543.7540144
754.4769846
690.1148672
0
0
592.7579757
0
0
0
551.6527683
0
0
0
0
0
543.3102775
551.2865091
1101.792301
0
0
0
0
0
875.5508486
0
0
706.0706145
686.040405
708.8271945
903.7375978
644.1947533
0
0
0
0
0
0
525.4122013
798.2911027
548.2031489
553.6859614
0
0
0
0
0
0
944.8477482
565.753563
0
785.6967409
771.4933588
0
526.834412
526.9715601
768.7313978
903.9226565
0
0
0
575.8341302
542.6064276
639.502064
0
0
791.6910745
0
0
517.5619382
643.6643627
0
0
0
592.9348407
0
815.2029559
1265.17831
964.9424313
992.622035
0
949.423743
0
696.7945456
677.1175103
719.9712773
0
0
0
0
0
0
612.0897816
621.4891931
659.5275574
475.8458862
636.0398185
686.1870167
520.2740666
0
729.4223378
0
0
0
0
0
0
0
0
0
0
928.2100587
762.8697885
665.5869698
942.3866437
0
0
774.3197707
708.7204055
768.4834186
871.0651105
0
0
626.806842
534.9347794
0
683.7077602
588.7147264
0
0
0
0
0
0
0
0
0
882.1446764
786.9573665
0
0
0
0
0
746.4010166
0
740.2483818
0
0
0
0
0
703.8205836
0
0
671.3725829
614.4222108
0
517.5619382
0
636.325544
0
0
0
906.1693806
0
0
0
597.4930033
0
0
847.9077656
0
0
655.997985
0
836.2094983
793.9028542
1099.338158
834.2292085
0
852.8528086
507.1925871
772.8418332
657.1279839
0
864.028527
0
0
1101.255479
603.3381018
0
0
0
702.0308808
1159.023994
0
0
0
0
0
837.4423551
0
0
0
1077.609129
788.8724097
0
0
915.6963919
773.3703115
730.7389764
0
710.4421958
685.1652579
612.7689105
786.7463782
639.4190088
0
747.5881148
1003.208856
0
0
0
0
619.8879804
0
0
0
0
0
0
0
991.1215439
675.4925433
0
605.8024328
1435.570356
1070.198496
939.7864397
0
776.5125764
0
0
711.423224
0
785.9478513
1083.559395
0
0
637.8557033
0
0
524.4817377
0
611.5057442
0
0
656.4805721
0
0
0
0
0
1071.822718
1134.858465
0
0
1292.904093
833.7762192
0
1000.170387
0
0
0
0
0
0
0
593.7059731
647.0887725
578.613103
663.5151946
0
0
628.858147
0
0
0
0
0
0
613.1334351
0
0
621.2201846
0
0
0
1563.811478
0
0
1092.873934
934.5588576
1204.115506
0
0
791.3407461
851.3154232
0
0
1071.697327
0
497.3702824
662.7259605
689.6200999
593.2897915
0
0
0
0
628.3087211
0
0
0
480.0033204
0
0
0
0
0
0
0
1160.746689
0
0
1001.100043
1177.764993
755.3163845
1038.767143
1049.440824
0
0
0
0
0
0
0
1135.512484
0
616.6797003
729.0096974
0
626.8606675
660.2107322
0
0
0
0
0
708.7204055
0
0
0
0
0
989.7391315
0
0
0
0
0
653.7788769
0
0
0
0
0
0
0
490.0901426
0
0
536.990121
562.2435315
0
674.4621618
463.1806062
606.7253939
0
0
0
0
0
0
0
0
0
0
0
0
0
0
0
0
0
0
0
737.1542581
0
0
0
0
655.8732823
0
0
0
0
0
0
0
0
0
0
0
0
0
0
0
0
0
0
0
0
0
987.0052555
0
0
0
0
0
1283.173158
0
0
0
707.5076251
0
0
541.9966498
573.5201658
616.0148503
0
0
0
0
629.226404
529.9949013
584.6366478
0
0
0
0
0
0
0
0
0
0
0
0
1010.292074
574.8997335
0
0
0
778.3901097
0
833.1745379
0
785.6967409
0
0
0
0
0
0
667.5437864
637.9577003
0
0
0
0
0
0
0
0
0
0
0
0
0
1014.372787
0
1053.87449
947.0640404
772.6160442
0
0
0
0
0
661.3143657
0
0
0
0
0
0
0
0
641.4979963
0
0
0
0
0
645.836993
0
0
0
0
0
0
0
0
0
0
0
0
0
0
781.3823385
0
0
881.4721709
776.2587626
0
0
0
0
0
0
0
0
0
0
651.4596009
0
0
648.4566558
0
0
0
0
0
0
0
0
0
0
0
614.1443332
0
985.7377211
0
989.1890747
0
0
553.4113459
673.4877614
0
0
677.0840739
0
0
617.8320382
594.184368
0
0
0
477.6209616
0
0
0
0
0
0
720.5423056
0
0
0
1009.681372
734.6846686
923.3951187
0
1301.410158
830.2049779
0
0
737.9897048
661.5923303
503.2644219
0
777.7468095
0
0
0
0
0
470.7544393
0
0
600.8694021
475.7896132
768.2590249
0
0
0
0
0
0
0
0
0
0
874.7466064
0
0
0
554.0307873
776.0476524
677.1175103
0
0
0
0
667.6851212
0
0
630.0980983
903.5489861
808.3730066
648.5551621
0
0
0
0
0
0
0
0
0
0
0
0
0
1142.326037
0
0
0
0
0
820.4296811
788.5970373
0
0
0
0
0
650.9723848
650.0792173
714.1520974
0
530.865077
630.9975829
0
0
0
0
0
483.7893122
655.1992642
0
0
608.6685486
484.3148836
0
0
0
826.7244744
0
828.205264
618.1711801
0
716.6994021
770.8564641
0
0
0
1406.940214
0
625.9502437
675.8879793
764.2646018
606.9578026
530.5736914
0
701.5841802
0
0
0
856.6516839
0
0
0
0
0
0
536.990121
0
0
0
0
764.2646018
734.9563877
0
0
526.9715601
0
691.6398015
0
0
655.923143
0
731.4747706
643.888613
0
0
0
973.9531125
0
0
0
0
0
0
0
0
0
480.0642721
646.2202963
0
0
0
1060.712052
0
0
0
0
522.597544
690.8116693
692.1835841
0
0
0
777.447752
741.8389826
0
0
751.6809487
0
524.7461699
0
0
0
0
0
0
0
0
0
0
0
0
0
0
1119.27192
0
0
689.3168385
0
701.9035739
0
665.4487378
561.1240791
0
644.6339299
0
0
0
0
0
0
707.0264211
0
0
0
0
0
0
0
0
0
727.751187
0
0
0
0
0
722.8570872
0
0
0
678.2950982
0
666.8402614
739.7826829
0
642.8900792
637.0439795
0
0
592.9348407
0
0
0
0
535.2467608
564.1364649
0
0
0
718.9792048
0
0
0
0
0
0
593.7059731
679.887706
0
0
0
0
0
0
0
0
0
650.5482074
643.7577317
0
0
0
0
0
0
0
0
0
0
0
0
0
0
0
0
0
650.3720513
0
633.6372241
0
730.5676765
0
632.3647043
478.7392303
637.3474937
0
611.9546317
728.6119433
0
0
0
0
0
0
0
0
0
0
0
0
0
0
0
0
0
0
0
648.5715903
580.7932868
0
0
530.066962
0
0
0
0
0
0
0
710.2057396
0
0
0
0
622.1994792
0
0
633.8706167
532.3423536
605.1791832
0
0
0
0
0
0
533.3971651
590.6667023
0
0
565.5086362
577.7393907
0
0
626.7709773
661.1954914
0
625.4368787
0
0
524.7461699
0
563.8970531
0
646.3003582
0
0
0
0
0
663.8637992
0
0
0
0
604.4786587
913.6342198
600.5563985
610.0857318
0
1214.411451
596.281933
709.3823029
0
618.9842841
559.4964568
0
0
0
677.0395098
583.7682759
527.8007978
646.9757166
0
0
0
0
0
567.1576312
0
0
0
0
600.2640813
0
0
0
594.8349246
947.748526
803.5332854
667.6649176
0
0
0
0
0
0
0
0
0
0
0
0
614.7010323
0
0
0
0
0
0
0
0
0
0
558.9746197
0
688.6127842
0
0
0
0
0
0
0
0
0
0
0
0
0
627.2384032
0
0
0
0
0
0
0
0
0
622.6080747
0
0
0
0
562.0104519
0
0
0
0
730.5557905
0
0
0
0
0
0
0
0
0
0
0
0
0
0
0
0
0
624.7863849
485.7870927
556.4942947
533.7017578
0
0
0
0
0
0
0
0
0
0
0
0
0
0
0
0
0
0
677.8747637
0
0
0
0
0
0
0
0
0
0
0
0
0
0
0
0
0
0
0
0
0
476.69731
0
0
666.4605288
0
0
0
0
0
626.377462
0
0
0
0
0
0
0
0
0
0
0
682.5323194
0
0
0
667.4026623
0
0
0
0
0
0
0
0
0
645.2651005
621.5902946
0
0
0
0
0
0
0
0
0
0
0
0
0
0
0
0
0
0
0
0
0
0
0
0
0
0
0
0
0
0
0
0
0
0
0
0
0
0
0
0
0
477.9715484
0
0
0
0
0
)
;
    }
    orion
    {
        type            calculated;
        value           nonuniform List<scalar> 
1990
(
1701.936114
0
0
1354.874228
948.6300328
0
0
0
825.6127676
0
812.4843114
944.3062105
0
533.0657809
658.5216069
0
882.9777607
0
1139.381081
0
0
933.836539
0
803.5557605
0
1234.146889
0
1065.308897
1035.407469
940.9650904
1224.745501
984.3449674
796.7104889
0
742.6679471
0
879.3225335
0
972.0310433
1016.496275
0
845.3635863
0
1019.624732
0
814.4768084
0
673.563787
0
956.8117515
0
619.836346
1225.303293
0
0
1161.90971
0
825.3431072
0
943.2141826
1289.688362
0
0
0
0
0
945.8161967
0
643.3127976
0
722.687048
751.5471559
752.8978845
0
0
0
0
969.7744391
755.6569309
0
963.7501564
1047.713865
943.9022932
0
1009.845178
0
1067.584169
0
0
978.538702
0
902.3850786
0
0
0
986.4325017
0
781.4902235
0
0
0
938.9981425
584.4233343
1129.44508
1000.86837
0
1077.210069
0
0
895.8473554
0
0
1100.980907
0
0
0
0
1055.064139
0
851.424573
0
771.820889
0
0
1045.651883
0
0
0
579.5873458
0
0
1084.746705
0
0
0
0
852.317929
0
1268.09426
0
0
0
1088.430256
0
0
492.0972835
0
1166.938603
840.6061149
1254.899824
0
871.6641839
0
0
942.7212603
0
0
0
839.1592488
0
0
0
0
0
866.1885852
0
971.3389743
0
581.374327
0
839.0346729
3157.879115
0
1231.040682
1773.94545
0
1161.514366
0
812.2121743
1257.34749
747.9605432
0
764.8819001
0
0
0
0
0
0
0
0
0
0
729.4419012
0
748.012752
0
0
0
0
0
0
0
0
0
0
0
0
0
4232.032603
0
0
1549.546885
1263.158603
998.1931893
0
0
1213.524517
1147.068041
0
0
0
0
0
0
0
0
0
0
0
1298.517472
994.4186587
0
1522.112468
1404.915541
941.9368719
0
0
1633.959931
0
0
0
0
1491.283678
0
1552.797596
1191.806955
0
0
0
0
0
0
0
1484.940576
0
0
1105.448373
0
0
1600.924711
1227.410049
0
0
1521.89793
1258.661373
0
0
0
0
0
873.9305245
0
673.1611086
782.7794032
929.011026
891.7239646
0
0
0
500.9461161
0
664.199246
728.5215599
0
1584.106383
0
0
0
951.0821454
942.6472936
0
0
0
1313.75061
640.1666602
2317.270557
1102.405515
0
955.7398627
0
0
823.6505902
916.2044082
579.6982801
1190.256559
0
1018.649203
0
790.3012295
853.8572551
580.7268852
1003.421932
620.1277931
2352.193698
769.6178981
1055.590749
862.9776417
0
0
1262.888229
757.0246419
662.1915766
867.7963344
749.7469218
757.2360891
1008.500577
787.2697529
1529.865743
807.5531528
1437.638432
709.2423773
879.2958423
961.6052111
1246.349136
0
0
0
0
1684.683381
862.9673244
0
0
1192.744628
760.8866865
1000.79534
0
1725.236002
0
1243.335739
554.0412831
1423.544236
1167.613298
0
932.1896121
1222.977055
912.3853319
1166.656304
933.681472
1023.938341
1027.497339
1192.912523
694.0447973
1571.216969
1127.729401
807.1192323
726.6806609
998.7858948
1155.463123
0
1044.509484
1179.74157
1720.393479
1040.219067
997.723887
1401.122143
889.6472067
900.1498296
582.3689683
631.2370234
0
1076.314512
0
0
0
793.5030867
976.2415774
1299.096775
1157.770953
1136.590672
874.085093
1198.985431
1110.593486
903.9609632
0
1172.771173
1045.407309
833.1008873
1208.095495
2249.814721
0
555.9997201
1095.084621
634.2465865
858.2483412
1250.412352
1349.221663
728.3341987
1337.185609
808.8242797
1009.856146
917.8250298
964.69103
621.2545416
0
1013.01849
773.2902383
749.6665525
632.4603164
577.6047846
998.5966247
0
0
1205.737643
545.5263046
955.4521567
0
0
988.8823604
923.9167795
1182.131751
749.960132
744.7131513
991.100699
615.8853428
1061.991582
823.9907603
811.1191614
1201.635261
0
792.1287112
799.5417914
743.2005273
743.1789188
930.9567239
586.0685
1143.319984
745.7102345
1099.249771
1385.15792
651.8749373
643.3305246
1064.604302
1442.220524
999.1348998
2328.699724
0
929.5938899
866.7193127
917.2835988
1068.553857
934.3105062
0
710.5980591
790.4311238
1031.885667
552.671712
860.1948698
0
1185.184911
985.903075
1325.914279
1145.277944
830.4374707
880.7248724
1095.258121
926.7738001
0
1043.523509
960.8467794
855.6721244
1219.19585
1034.297957
1114.979758
963.5471805
856.2994312
740.1061065
713.570036
876.9801512
1018.81746
1146.0705
636.4795997
668.3155897
0
1309.254147
1210.6131
919.2138556
0
1127.401302
802.9743992
782.8689599
900.3759386
894.5054487
698.2705087
790.3610994
1010.191947
1020.32926
1032.628551
746.0010159
895.8135558
802.7617365
725.1580869
1578.755516
942.4609592
804.523514
1070.671377
1019.488344
664.0309375
1246.807464
1249.772517
680.708286
938.5181293
1069.965638
913.3063892
769.0026097
0
1323.855899
669.0652057
0
853.4989362
764.5307497
903.6703899
777.0799831
966.8588662
697.2361163
0
978.6504909
922.8465472
1129.339147
1010.681487
1621.761062
955.6102478
815.6420075
1045.648108
883.1780093
680.5195926
962.1654696
1070.455453
1055.022574
935.3302059
1360.702256
1209.608545
814.4617024
889.1552367
1632.049702
861.2313917
545.8147333
836.2393216
1271.284467
955.9134779
925.0291987
669.3700781
903.1925478
869.7636219
942.7577618
857.6716485
1118.544019
982.4051224
865.1195368
1080.974151
794.7345532
795.3252884
891.9955506
864.0267045
858.1013171
1058.728327
563.8758676
919.1387812
0
935.2233652
874.1577539
849.8640039
713.625566
489.1369348
949.5094815
964.2860555
860.1302906
1741.331427
1086.305951
921.2697803
940.8832517
993.4232124
955.0730137
776.890164
1028.649837
1121.616469
859.7805778
0
1032.709512
1117.597664
792.8148757
853.1364469
670.7223695
645.5902046
808.6460679
816.4530731
1278.30043
729.2561889
1150.708213
764.0606248
0
0
859.25556
841.503708
1097.027642
1882.0653
935.7625843
1052.266648
1511.598346
685.260968
1067.100782
988.4234019
0
1071.60698
1129.004082
740.8364618
761.5457147
874.9936481
1048.714169
903.2477911
1204.744508
775.8243882
806.1907558
894.4665614
867.1253476
819.6298956
1082.968312
787.4543603
726.9431541
819.59781
778.5918929
1238.007781
965.2904199
754.7823178
973.5350538
901.2374728
1304.573388
1101.195472
906.1823417
0
881.3216574
704.2832196
761.9486995
1097.491321
861.1387507
877.0013935
844.5103895
799.2671949
811.3800657
1139.683949
888.4125341
1325.990793
915.6377999
1016.940946
1195.57794
727.3575215
1182.561416
748.0272998
824.026612
983.4810965
0
1122.40569
2657.578457
1085.751411
1944.955896
918.2517225
1096.665189
0
0
954.1564452
1556.822518
923.7219625
850.8973828
702.7205055
882.2307632
1326.760718
922.1260564
953.8409832
822.2677481
768.5169153
654.830886
909.2639432
931.9260752
894.045019
1051.681351
654.9905008
716.2444665
768.5819796
1207.103573
1615.15496
0
759.3523351
846.9509531
945.4756393
748.7083441
923.4096765
0
864.7048128
937.1224827
1385.433447
1303.615537
995.0930647
1020.168558
820.0280465
723.9317582
1236.085242
1051.942442
786.3203367
520.6723692
1080.693429
831.9658874
848.5967985
1006.3991
0
1167.833266
1192.491565
880.3936811
0
1047.682106
903.0869452
736.7825395
1007.043502
921.2766262
763.0079253
0
0
741.0705371
882.5107911
878.4648036
0
895.1277554
1037.677762
821.1500169
438.9155221
1414.68769
530.8044495
1258.805889
1277.5249
692.3799547
621.6850106
556.7801325
842.8770428
1051.709439
1115.416484
1105.625121
815.7308648
1065.119432
844.9540516
0
994.1871491
804.8745308
1169.940831
1248.232151
889.2558823
729.8023689
1233.753315
0
727.1213759
1591.199771
819.7457843
1022.911544
901.1978514
813.4218309
770.3678151
970.573573
0
965.458866
0
0
0
927.8985943
1742.427435
0
0
1697.450454
919.5267906
0
934.3329168
0
1122.744809
0
0
0
1247.807708
899.7102388
1336.72388
0
1227.117625
0
949.8256199
0
0
0
0
759.1082514
0
808.2461156
1194.593471
0
0
845.2393673
1013.221372
756.9988463
646.1974235
968.686437
0
1348.299101
725.0576544
0
898.3799309
0
575.0908317
0
1197.270724
801.2030715
1305.170055
0
0
0
1039.127373
830.2684827
0
739.8639861
0
0
933.0839419
0
0
0
1028.180174
0
791.6751195
888.8163998
1376.863684
885.9400488
0
0
1333.007174
0
853.7609632
0
0
0
0
1044.043474
1202.661998
0
0
991.6266897
1073.616759
773.8843838
1049.701577
0
813.068668
0
0
0
0
792.8677726
0
936.8028223
0
918.3120557
1005.028807
0
0
0
979.2624351
833.5357112
0
0
0
0
0
0
0
0
982.339662
980.5673419
0
742.8249401
993.6395888
0
0
824.5328773
0
670.4591561
707.9766575
1198.377784
620.9988987
0
0
815.4583035
1095.591028
1258.18452
969.1671036
1005.639635
0
757.0385903
1124.230729
0
0
0
0
0
0
0
0
1043.766699
0
0
744.1722426
0
0
0
0
951.9466366
0
0
1158.118714
746.5944425
913.1985016
0
0
867.2192865
0
0
0
0
0
1906.362944
0
0
0
0
0
0
0
932.1389093
0
0
1039.463924
0
0
1118.550747
0
1426.838302
0
738.0587259
1453.943507
843.1886083
622.4404391
0
0
907.0537357
0
0
982.7837727
1455.438972
1056.01815
887.326907
659.6160018
0
1063.418505
0
0
0
0
862.3734861
0
3454.409379
0
0
0
0
0
1060.821003
803.9055758
0
0
0
0
0
1150.59798
0
0
1179.297542
947.8094694
0
0
1208.718996
0
0
0
0
0
0
0
1204.210966
2642.354616
0
0
0
1599.644209
0
0
0
0
0
0
0
0
0
0
0
0
0
0
0
0
0
0
0
0
1050.034818
0
0
0
0
751.2636214
0
0
0
1227.019686
0
0
0
0
0
0
0
0
953.8639726
0
0
0
1047.821989
0
0
0
1222.517327
0
0
0
0
0
0
0
0
0
0
0
0
0
0
0
0
0
0
0
0
0
0
0
0
0
0
1006.880978
0
0
0
0
0
0
0
0
0
0
0
0
0
0
0
0
0
0
0
963.9062943
0
0
0
0
0
0
812.0219223
0
0
0
0
0
0
0
0
0
0
0
0
0
0
0
0
0
0
0
0
0
0
0
0
0
0
0
0
0
0
0
0
0
833.1601785
785.8233988
1034.544561
3025.523452
0
0
0
0
0
0
0
0
0
0
0
0
0
690.3119553
0
0
1795.722749
0
0
0
0
0
0
0
0
0
0
0
0
0
0
0
0
942.546884
1237.210787
0
0
0
0
0
0
0
0
0
0
0
0
0
0
0
0
1318.442872
0
0
0
0
0
0
0
0
0
0
0
0
0
0
0
0
1016.725149
0
0
0
0
0
0
0
0
0
0
0
0
0
0
0
624.6865497
1111.081043
1023.055516
935.32579
0
0
0
0
0
0
0
0
821.9637359
1372.523963
0
861.9313816
0
0
0
0
0
0
0
0
0
0
0
1168.150827
0
0
0
0
0
0
0
0
0
0
0
0
0
0
0
0
669.099528
0
0
823.7666918
1039.394274
0
0
0
0
0
0
0
0
0
0
0
0
1133.389696
1015.72114
0
0
0
0
2021.813645
0
0
0
0
0
0
0
0
0
818.910771
0
0
0
0
0
0
0
0
0
0
0
0
0
812.5198239
720.4547951
0
0
0
767.8156353
0
0
0
0
0
942.095514
0
0
0
0
0
1119.214112
2881.243856
1199.264684
0
0
0
2329.368311
0
0
0
0
0
0
0
0
0
0
0
0
0
0
0
0
0
0
0
0
0
0
0
0
780.2481806
0
0
0
2961.268162
0
0
0
0
0
922.6179596
0
0
0
0
0
0
0
0
0
0
0
0
0
844.4297672
0
0
0
1614.700252
0
0
0
2391.101161
0
0
0
0
0
0
0
0
0
0
0
0
0
0
0
0
762.4965429
0
0
0
624.0645114
0
0
0
0
0
0
0
0
0
0
0
0
0
786.3385619
0
0
0
0
1965.278869
0
0
0
2164.654592
855.4990806
0
0
0
1041.617638
0
0
0
0
0
0
0
0
0
0
0
0
0
0
0
0
0
0
0
0
0
0
0
0
0
0
0
0
0
0
0
0
0
0
0
0
0
0
0
0
0
0
0
0
883.8903234
824.762566
1413.598123
0
0
1916.066986
0
0
0
0
0
0
1625.727026
0
0
0
0
0
0
0
2013.800869
0
0
0
0
0
0
0
0
0
0
0
0
0
0
0
0
803.9138884
0
0
0
0
0
0
0
0
0
0
0
0
925.411606
996.7339069
0
0
0
0
0
0
0
0
1643.862699
905.94775
928.6188711
0
1041.129054
1150.347229
0
0
0
0
0
0
0
0
0
0
0
0
0
2754.751383
1434.389601
0
0
0
0
0
0
0
0
0
0
0
0
0
0
1043.100611
0
0
0
0
0
0
993.8495272
1385.361693
0
0
9032.342925
0
0
0
746.334537
1835.836097
983.1755764
0
0
0
0
0
0
903.2803989
660.2740743
917.7234107
0
0
0
0
974.9407717
0
0
2140.993634
0
0
0
0
0
0
0
0
0
0
0
0
0
0
0
0
0
0
0
0
0
0
0
0
0
0
0
0
0
0
0
0
0
0
0
0
0
0
0
0
1737.62114
0
0
988.4028208
0
1315.429965
0
1392.610163
789.202351
612.5595646
0
0
0
0
0
0
0
0
0
0
0
0
1125.179955
0
0
0
0
0
0
0
0
0
0
0
0
1190.284488
0
0
0
0
0
1595.011532
0
0
2256.783508
0
1921.783584
1148.369325
0
0
0
934.0685706
0
0
1188.644393
0
1277.069344
1347.90555
0
0
0
1013.184962
0
0
0
963.8090914
0
1326.742406
1005.962224
0
0
0
0
1045.706768
0
0
0
0
0
0
0
0
0
1310.859014
1204.296168
1991.066995
1207.036818
0
0
0
1382.31861
0
0
0
0
0
0
0
0
0
0
0
0
928.15309
1784.263032
2036.010013
0
1453.044867
778.1765388
1477.358833
0
0
0
1127.732538
1011.38016
0
0
0
0
0
0
0
0
2321.668935
0
0
0
0
0
0
0
0
0
0
0
0
0
0
0
0
0
0
0
0
0
0
0
0
0
0
0
0
0
0
0
0
0
0
2013.201752
0
0
0
1399.293021
1245.002531
0
0
0
0
0
0
0
0
0
1062.874223
0
791.2129166
0
0
1508.274734
1446.747952
831.8526343
1240.772925
1305.26205
0
0
0
0
0
0
0
0
0
1546.794497
635.6052019
1137.545182
1082.49025
1322.733015
1049.246176
1034.897476
0
0
1493.718108
902.4747478
0
929.6850373
0
2390.280014
0
0
1925.95925
0
0
0
0
1242.741925
2141.6228
834.6142641
0
0
0
0
0
1208.385433
0
2849.732693
0
0
0
0
0
0
0
0
0
0
0
1135.350412
1098.900217
0
0
0
1470.970301
0
0
0
968.8428967
0
849.3200669
0
0
1484.676436
0
0
1339.342634
0
1318.589387
0
0
974.959646
0
0
2463.655331
801.7323147
0
1749.583695
751.1236125
1907.631608
0
995.5174885
0
886.2160035
0
1045.573581
0
0
0
0
0
0
0
0
0
0
0
0
2136.200844
0
0
0
2067.015856
0
0
0
0
0
0
0
0
0
0
1716.82024
0
0
1852.927801
0
0
0
0
0
0
0
0
0
800.8507974
0
0
0
0
0
)
;
    }
    spline
    {
        type            calculated;
        value           nonuniform List<scalar> 
3716
(
787.2110226
0
0
875.0142068
539.6961862
0
0
0
0
0
745.8005291
0
0
0
0
0
0
0
0
598.2477142
0
0
0
0
0
0
0
0
0
0
0
0
655.3265933
531.9698131
0
0
0
0
0
0
0
0
0
0
0
0
0
0
0
0
0
0
0
0
0
0
0
0
0
0
0
0
0
0
0
0
0
0
0
0
0
0
0
0
0
0
0
0
477.5627564
0
698.688784
676.6038626
494.4388049
850.9019393
0
0
671.5239313
0
0
0
0
0
0
0
0
0
0
0
0
0
0
0
0
0
0
0
0
0
0
0
0
0
0
0
0
0
0
0
0
0
0
0
0
0
0
0
0
0
0
0
0
0
0
0
0
0
0
0
0
0
0
0
0
0
0
496.2120859
0
0
0
0
0
0
0
0
0
0
0
0
0
0
0
0
0
0
0
0
0
0
0
0
0
0
0
0
0
0
0
551.2865091
0
0
0
0
0
0
0
0
0
0
0
0
0
0
0
0
0
0
0
0
0
0
0
562.6337223
0
0
0
0
0
0
0
0
0
0
0
0
0
0
0
0
0
0
0
0
0
0
0
0
0
0
0
0
0
0
0
0
0
0
0
0
0
0
0
0
0
0
0
0
0
0
0
0
0
0
0
0
0
0
0
645.8529312
0
0
0
0
0
0
0
0
0
0
0
0
0
0
0
0
0
0
0
0
0
0
0
0
0
0
0
0
0
0
0
0
0
0
0
0
0
0
0
0
0
0
0
0
0
0
0
0
0
0
0
0
0
0
0
0
0
0
0
0
0
0
0
0
0
0
0
0
0
0
0
0
0
0
0
832.5754723
816.2585432
0
0
0
0
0
0
0
0
0
0
0
0
0
0
0
0
0
0
0
0
0
0
0
0
0
0
0
0
0
0
0
0
0
0
0
0
0
0
0
0
0
0
0
0
0
0
0
0
0
0
0
0
0
0
0
0
0
0
0
0
0
0
0
0
0
0
0
0
0
0
0
0
0
0
0
0
0
0
0
0
0
0
0
0
0
0
0
0
0
0
0
0
0
0
0
0
0
0
0
0
0
0
0
0
0
0
0
0
0
0
0
0
0
0
0
0
0
0
0
0
0
0
0
0
0
0
0
0
0
0
0
0
0
0
0
0
0
0
0
0
0
0
0
0
0
0
0
642.9440599
0
0
0
0
0
0
0
0
0
0
0
0
0
0
0
0
0
0
0
0
0
0
0
0
0
0
0
0
0
0
0
0
0
0
0
0
0
0
0
0
0
0
0
0
0
0
0
0
0
0
0
0
0
0
0
0
0
0
0
0
0
0
0
0
0
0
0
0
0
0
0
0
0
0
0
0
0
0
0
0
0
0
0
0
591.5659436
0
0
0
0
0
0
0
0
0
0
0
0
0
0
0
0
0
0
0
0
0
0
0
0
0
0
0
0
0
0
0
0
0
0
0
0
0
0
0
0
0
0
0
0
0
0
0
0
0
0
0
0
0
0
0
0
0
0
0
0
0
0
0
0
0
0
0
0
0
0
0
0
0
0
0
0
0
0
0
0
0
0
0
0
0
0
0
0
0
0
0
0
0
0
0
0
0
0
0
0
0
0
0
0
0
0
0
0
0
0
0
0
0
0
0
0
0
0
0
0
0
0
0
0
0
0
0
0
0
0
0
0
0
0
0
0
0
0
0
0
0
0
0
0
0
0
0
0
0
0
0
0
0
0
0
0
0
0
0
0
0
0
0
0
0
0
0
0
0
0
0
0
0
0
0
0
0
0
0
0
0
0
0
0
0
0
0
0
0
0
0
0
0
0
0
0
0
0
0
0
0
0
0
0
0
0
0
0
0
0
0
0
0
0
0
0
0
0
0
0
0
0
0
0
0
0
0
0
0
0
0
0
0
0
0
0
0
0
0
0
0
0
0
0
0
0
0
0
0
0
0
0
0
0
0
0
0
0
0
0
0
0
0
0
0
0
0
0
0
0
0
0
0
0
0
0
0
0
0
0
0
0
0
0
0
0
0
0
0
0
0
0
0
0
0
0
0
0
0
0
0
0
0
0
0
0
0
0
0
0
0
0
0
0
0
0
0
0
0
0
0
0
627.1303074
650.3720513
0
0
0
0
0
0
0
0
0
0
0
0
0
0
0
0
0
0
0
0
0
0
0
0
0
0
0
0
0
0
0
0
0
0
0
0
0
0
0
0
0
0
0
0
0
0
0
0
0
0
0
0
0
0
0
0
0
0
0
0
0
0
0
0
0
0
0
0
0
0
0
0
0
0
0
0
0
0
0
0
0
0
0
0
0
0
0
0
0
0
0
0
0
0
0
0
0
0
0
0
0
0
0
0
0
0
0
0
0
0
0
0
0
0
738.3817166
0
0
0
0
0
0
0
0
0
0
0
0
0
0
0
0
0
0
719.0262395
725.4467385
0
0
0
0
0
0
0
0
0
0
0
0
0
0
487.9316328
0
0
0
0
0
0
0
0
0
0
0
0
0
0
749.1427965
0
0
0
0
0
0
0
0
0
0
0
0
0
0
0
0
0
0
0
0
0
0
0
0
0
0
0
0
0
0
0
0
0
0
0
0
0
0
0
0
0
0
0
0
0
0
0
0
0
0
0
0
0
0
0
0
0
0
0
0
0
0
0
0
0
0
0
0
0
0
0
0
0
0
0
0
0
0
0
0
0
0
0
0
0
0
0
0
0
0
0
0
0
0
0
0
0
0
0
0
0
0
0
0
0
0
0
0
0
0
0
0
0
0
0
0
0
0
0
0
0
0
0
0
0
0
0
0
0
0
0
0
0
0
0
0
0
0
0
0
0
0
0
0
0
0
0
0
580.8939231
589.3035435
0
0
0
0
0
0
0
0
0
0
0
0
0
0
0
0
0
0
0
0
0
0
0
0
0
0
0
0
0
0
0
0
0
0
0
0
0
0
0
0
0
0
0
0
0
0
0
0
0
0
0
0
0
0
0
0
0
0
0
0
0
0
0
0
0
0
0
0
0
0
0
0
0
0
0
0
0
0
0
0
0
0
0
0
0
0
0
0
0
0
0
0
0
0
0
0
0
0
0
0
0
0
0
0
0
0
0
0
0
0
0
0
0
0
0
0
0
0
0
0
0
0
0
0
0
0
0
0
0
0
0
0
0
0
0
0
0
0
0
0
0
0
0
0
0
0
0
0
0
0
0
0
0
0
0
0
0
0
0
0
0
0
0
0
0
0
0
0
0
0
0
0
0
0
0
0
0
0
0
0
0
0
0
0
0
0
0
0
0
0
0
0
0
0
0
0
0
0
0
0
0
0
0
0
0
0
0
0
0
0
0
0
0
0
0
0
0
0
0
0
0
0
0
0
0
0
0
0
0
0
0
0
0
0
0
0
0
0
0
0
0
0
0
0
0
0
0
0
0
0
0
0
0
0
0
0
0
0
0
0
0
0
0
0
0
0
0
0
0
0
0
0
0
0
0
0
0
0
0
0
0
0
0
0
0
0
0
0
0
0
0
0
0
0
0
0
0
0
0
0
0
0
611.5281299
664.2137043
0
0
0
0
0
0
0
0
0
0
0
0
0
0
0
0
0
0
0
0
0
0
0
0
0
0
0
0
0
0
0
0
0
0
0
0
0
0
0
0
0
0
0
0
0
0
0
0
0
0
0
0
0
0
0
0
0
0
0
0
0
0
0
0
0
0
0
0
0
0
0
0
0
0
0
0
0
0
0
0
0
0
0
0
0
0
0
0
0
0
0
0
0
0
0
0
0
0
0
0
0
0
0
0
0
477.9715484
0
0
0
0
0
0
0
0
0
0
0
0
0
0
0
0
0
0
0
0
0
0
0
0
0
0
0
0
0
0
0
0
0
0
0
0
0
0
0
0
0
0
0
0
0
0
0
0
0
0
0
0
0
0
0
0
0
0
0
0
0
0
0
0
0
0
0
0
0
0
0
0
0
0
0
0
0
0
0
0
0
0
0
0
0
0
0
0
0
0
0
0
0
0
0
0
0
0
0
0
0
0
0
0
0
0
0
0
0
0
0
0
0
0
0
0
0
0
0
0
0
0
0
0
0
0
0
0
0
0
0
0
0
0
0
0
0
0
0
0
0
0
0
0
0
0
0
0
0
0
0
0
0
0
0
0
0
0
0
0
0
0
0
0
0
0
0
0
0
0
0
0
0
0
0
0
0
0
0
0
0
0
0
0
0
0
0
0
0
0
0
0
0
0
0
0
0
0
0
0
0
0
0
0
0
0
0
0
0
0
0
0
0
0
0
0
0
0
0
0
0
0
0
0
0
0
0
0
0
0
0
0
0
0
0
0
0
0
0
0
0
0
0
0
0
0
0
0
0
0
0
0
0
0
0
0
0
0
0
0
0
0
0
0
0
0
0
0
0
0
0
0
0
0
0
0
0
0
0
0
0
0
0
0
0
0
0
0
0
0
0
0
0
0
0
0
0
0
0
0
0
0
0
645.4743698
935.3137391
0
622.1994792
605.4902011
1104.366892
781.1805846
760.128378
0
0
0
728.0141261
0
0
0
0
0
0
0
0
0
0
0
0
606.3885415
0
0
1269.055138
0
0
533.4731778
0
0
0
0
0
0
0
0
0
0
0
0
0
0
0
0
0
0
0
0
0
0
0
0
0
0
0
0
0
0
0
0
0
0
0
0
0
0
0
0
0
0
0
0
0
0
0
0
0
0
0
0
0
0
0
0
0
0
0
0
0
0
0
0
0
0
573.5201658
0
0
0
847.6221628
578.9066513
447.8391642
0
0
0
0
0
0
0
0
0
0
0
0
0
0
0
0
892.8831698
1046.427532
1111.26766
1280.022395
0
0
0
0
0
1055.258467
771.4074276
0
0
0
0
0
0
648.7634741
0
0
0
0
0
0
0
0
0
0
0
0
0
0
0
707.688649
700.3951959
0
0
908.4151623
507.6902166
681.7401868
0
0
0
595.0287349
711.7522707
592.2883099
0
683.6521298
581.0956049
449.7006702
583.4549764
648.6291125
875.5508486
0
0
0
0
0
0
0
0
625.1945565
532.5169522
0
632.8747659
487.3002973
0
0
0
0
618.6092671
562.4773862
0
0
0
0
0
0
0
0
0
0
0
0
0
0
0
0
0
600.3614
523.890843
0
0
0
574.6217259
0
595.1501126
0
0
0
576.8759095
651.3748269
0
574.8440473
0
488.2145804
0
0
613.5684292
599.4485667
0
0
0
708.2443209
544.1410029
0
0
0
842.9911387
0
0
0
599.5219391
558.9189398
661.4504081
0
0
0
598.7912798
0
580.0926193
536.2712411
0
0
0
0
0
0
0
0
0
0
0
525.5239011
584.71609
613.5301792
484.6459805
0
0
0
0
0
0
0
0
0
0
0
0
0
0
0
0
0
0
0
0
0
0
0
894.8772168
0
0
0
737.1794835
0
0
0
0
0
0
0
0
0
0
0
0
0
0
0
0
0
0
0
0
0
0
0
0
0
0
0
0
0
0
0
0
0
0
0
0
0
0
0
0
0
671.7893686
0
0
0
0
0
0
0
0
0
0
0
622.4035283
0
0
0
0
0
0
0
0
0
0
0
0
0
0
0
0
0
744.1947964
0
0
0
0
458.4871819
610.5268244
608.9933937
569.4028767
666.8202374
0
0
0
792.7479152
950.3400674
774.8164293
0
0
0
0
499.4124982
0
0
0
0
0
0
0
0
0
0
0
0
0
0
0
0
0
0
0
0
0
0
0
0
0
0
0
1170.811964
0
0
0
0
0
0
0
0
0
0
0
0
0
0
0
0
0
0
0
0
560.5519903
0
0
0
0
0
471.3189713
0
0
0
0
0
602.6668819
571.7649576
0
0
0
0
0
0
0
732.5344611
0
0
0
0
0
1117.07178
1299.324425
0
0
0
0
0
0
0
0
0
0
0
0
0
0
0
0
0
0
0
458.6473367
580.3920971
484.8456156
0
0
0
676.6970509
0
0
0
0
0
0
0
0
0
0
0
0
0
0
0
0
0
0
0
0
0
0
0
0
0
0
0
0
0
0
0
0
0
0
0
0
0
627.3105435
0
0
0
0
0
0
0
0
0
0
0
0
0
0
0
0
0
0
0
0
0
0
0
0
0
0
0
0
0
0
0
727.9715491
953.8299168
0
0
0
0
0
0
0
561.5851374
0
0
0
0
0
0
0
0
0
0
0
0
0
0
0
0
0
0
0
0
0
0
0
0
0
0
0
0
0
0
0
550.0036522
0
0
0
0
0
633.7538418
0
568.4198725
0
0
0
0
0
0
0
0
536.112568
0
0
0
0
0
0
0
0
0
0
605.3863941
0
0
0
0
0
0
0
0
0
0
0
0
0
0
0
0
0
0
0
0
0
0
0
0
0
0
0
0
0
0
0
0
0
0
0
0
0
0
0
0
0
0
684.2977783
0
0
0
668.2241241
610.3059783
0
0
0
0
0
0
0
0
0
0
0
0
0
0
0
0
0
0
0
0
0
0
0
0
0
0
0
1037.730595
0
534.0845428
0
0
0
0
0
0
0
0
0
0
0
0
0
0
0
0
0
0
0
0
0
516.5100215
0
0
0
0
0
0
0
0
0
0
0
0
0
0
0
696.7374977
0
0
546.5733257
736.4037031
0
0
0
0
0
0
822.4400166
655.0050744
0
0
0
0
0
0
0
0
0
0
0
0
0
0
0
0
482.8817115
0
0
0
0
623.690188
0
0
0
0
0
0
0
0
0
0
0
0
0
0
0
0
0
0
0
0
0
0
0
0
0
0
0
0
0
0
0
0
0
0
0
0
0
0
0
0
0
0
0
0
0
0
0
0
0
0
0
0
0
0
0
0
0
0
0
0
0
0
0
0
0
0
0
0
0
0
0
0
0
0
0
0
0
0
0
0
0
0
0
0
0
0
0
0
0
0
0
0
0
0
0
0
0
655.0668174
0
0
0
0
0
0
0
0
0
0
0
0
0
0
0
0
0
0
0
0
0
0
0
0
0
0
0
0
0
0
0
0
0
0
0
0
0
0
0
0
0
0
0
0
0
0
0
0
0
0
0
0
0
0
0
0
0
0
0
0
0
0
0
0
0
0
0
0
0
0
0
0
0
0
0
0
0
0
0
0
0
0
0
0
0
0
0
0
0
0
0
0
0
0
0
0
0
0
0
0
0
0
0
0
0
0
0
0
0
0
0
0
0
0
0
0
0
0
0
0
0
0
0
0
0
0
0
0
0
0
0
0
0
0
0
0
0
0
0
0
0
0
0
0
0
0
0
0
0
0
0
0
0
0
0
0
0
0
0
0
0
0
0
0
0
0
0
0
523.890843
0
0
0
0
0
0
0
0
0
0
0
0
0
0
0
0
0
0
0
0
0
0
0
0
0
0
0
0
0
0
0
0
0
0
0
0
0
0
0
0
0
0
0
0
0
1086.270746
711.5876192
0
0
0
0
0
0
0
0
0
0
0
0
0
0
0
0
0
0
0
0
0
0
0
0
0
0
0
0
0
0
0
0
0
0
0
0
0
0
0
0
0
0
0
0
0
0
0
0
0
0
0
0
0
0
0
0
0
0
0
0
0
0
0
0
0
0
0
0
0
0
0
0
0
0
0
0
0
0
0
0
0
0
0
0
0
0
0
0
0
0
0
0
0
0
0
0
0
0
0
0
0
0
0
0
0
533.9311549
0
0
0
0
0
0
0
0
0
0
0
0
0
0
0
0
0
0
0
0
0
0
0
0
0
0
0
0
0
0
0
0
0
0
0
0
0
0
0
0
0
0
0
0
0
0
0
0
0
0
0
0
0
0
0
0
0
0
0
0
0
0
0
0
0
0
0
0
0
0
0
0
0
0
0
0
0
0
0
0
0
0
0
0
0
0
0
0
0
0
0
0
0
0
0
0
0
0
0
0
0
0
0
0
0
0
0
0
0
0
0
0
0
0
0
0
0
0
0
0
0
0
0
0
0
0
0
0
0
0
0
0
0
0
0
0
0
0
0
0
0
0
0
0
0
0
0
0
0
0
0
0
0
0
0
0
0
0
0
0
0
0
0
0
0
0
0
0
0
0
0
0
0
0
0
0
0
0
0
0
0
0
0
0
0
0
0
0
0
0
0
0
0
0
0
0
0
0
0
0
0
0
0
0
0
0
0
0
0
0
0
0
0
0
0
0
0
0
0
0
0
0
0
0
0
0
0
0
0
0
0
0
0
0
0
0
0
0
0
0
0
0
0
0
0
0
0
0
0
0
0
0
0
0
0
0
0
0
0
0
0
0
0
0
0
0
0
0
0
0
0
0
0
0
0
0
0
0
0
0
0
0
0
0
0
0
0
0
0
0
0
0
0
0
0
0
0
0
0
0
0
0
0
0
0
0
0
0
0
0
0
0
0
0
0
0
0
0
0
0
0
0
0
0
0
0
0
0
0
0
0
0
0
0
0
0
0
0
0
0
0
0
0
0
0
0
0
0
0
0
0
0
0
0
0
0
0
0
0
0
0
0
0
0
0
0
0
0
0
0
0
0
0
0
0
0
0
0
0
0
0
0
0
0
0
0
0
0
0
0
0
0
0
0
0
0
0
0
0
0
0
0
0
0
0
0
0
0
0
0
0
0
0
0
0
0
0
0
0
0
0
0
0
0
0
0
0
0
0
0
0
0
0
0
0
0
0
0
0
0
0
0
0
0
0
0
0
0
0
0
0
0
0
0
0
0
0
0
0
0
0
0
0
0
0
0
0
0
0
0
0
0
0
0
0
0
0
0
0
0
0
0
0
0
0
0
0
0
0
0
0
0
0
0
0
0
0
0
0
0
0
0
0
0
0
0
0
0
0
0
0
0
0
0
0
0
0
0
0
0
0
0
0
0
0
0
0
0
0
0
0
0
0
0
0
0
0
0
0
0
0
0
0
0
0
0
0
0
0
0
0
0
0
0
0
0
0
0
0
0
0
0
0
0
0
0
0
0
0
0
0
0
0
0
0
0
0
0
0
0
0
0
0
0
0
0
0
0
0
0
0
0
0
0
0
0
0
)
;
    }
}


// ************************************************************************* //
