/*--------------------------------*- C++ -*----------------------------------*\
| =========                 |                                                 |
| \\      /  F ield         | OpenFOAM: The Open Source CFD Toolbox           |
|  \\    /   O peration     | Version:  v1706                                 |
|   \\  /    A nd           | Web:      www.OpenFOAM.com                      |
|    \\/     M anipulation  |                                                 |
\*---------------------------------------------------------------------------*/
FoamFile
{
    version     2.0;
    format      ascii;
    class       volScalarField;
    location    "0.4543";
    object      meanCollisionRate_O2;
}
// * * * * * * * * * * * * * * * * * * * * * * * * * * * * * * * * * * * * * //

dimensions      [0 0 -1 0 0 0 0];


internalField   nonuniform List<scalar> 
60268
(
409.5303938
297.6107207
481.6060903
480.8053059
491.4242184
382.00434
381.1975313
438.3465777
521.6957608
615.3261814
677.3101949
494.8344311
471.9044597
386.4535242
475.0974652
510.6569584
402.6341413
426.7175213
430.528425
461.8658656
360.5877371
510.7789011
487.3487389
390.5368035
485.4552052
616.5463164
526.1312924
460.7308525
458.4088951
526.3478253
411.9494705
668.8393365
529.6834238
375.4249579
418.3528807
487.0901353
412.4098762
534.4667649
524.7382682
451.3291741
563.0856901
454.3901938
415.6479498
403.8580503
522.1091714
542.6954128
462.0287047
557.7673064
612.6811501
485.7910424
489.9746214
513.905559
495.4327211
633.6597942
479.0093009
372.3494036
351.72554
315.3833866
431.2787613
466.0781841
465.7238947
504.6290679
478.9654794
476.9434154
528.0798192
531.5333617
648.2225446
590.3908831
561.2906208
651.0384963
634.5404061
692.2752323
638.2067763
598.1912422
191.2402112
374.7898205
423.5317402
406.034253
435.5197473
350.0365192
471.6409261
443.6284813
465.0308236
457.0218739
449.8318172
516.0120316
510.9553704
606.7209059
648.1666543
622.1976149
614.9232986
568.6841992
537.4856862
435.0843161
263.2707428
385.9262249
456.8403826
417.2938593
442.2690026
462.729242
460.8253857
590.3931693
520.4246874
480.2893644
499.9649716
512.4484055
420.778118
485.3019379
620.2204722
613.5265135
665.1028766
626.0624216
539.325533
657.7006445
349.7371795
287.2177638
311.2182319
441.6615022
390.7985634
341.5338667
341.4766707
417.7615266
488.3224786
570.2405509
567.1699232
518.290297
556.0606571
550.9409835
489.3833243
609.6558932
747.9072293
596.0987663
735.5482765
393.8137156
399.9703329
339.0007998
407.3086402
391.0360654
390.0829781
363.4573379
505.7053107
613.8248449
651.8800604
649.1467302
578.8266049
601.4655655
583.8614984
487.7035058
573.4119465
576.26758
580.251201
736.1420173
359.0081025
368.4670693
416.5175517
307.9447298
447.1937584
407.6064501
373.8017172
441.7956799
478.0629952
521.0458437
529.4149465
454.8873178
439.6493402
447.611032
532.8185491
525.0300623
486.6926322
747.5244722
520.3375998
279.9834609
426.3666549
487.5242279
427.4713193
437.683606
463.0525874
446.1732234
480.8575734
525.3967243
469.9512272
471.7146805
446.6564339
553.6469052
543.8315507
419.3095148
778.8852318
399.4226857
463.9484774
523.3488625
455.0592173
415.8564108
425.4370959
477.9465885
548.7403734
529.1258357
500.7255778
503.6206189
556.5490149
561.2598248
486.5418934
941.1396508
520.6621515
436.5791964
424.3021635
476.39171
440.3791229
363.7397073
419.9536068
445.4739163
482.0032214
459.4516533
604.1443455
527.454571
799.9750281
332.4031593
351.5354097
446.9025778
465.3811319
537.2983074
450.3042013
338.131326
318.8852551
391.6405055
326.4840726
592.3092976
459.4143639
439.2228128
488.5761736
543.2916562
539.9426988
527.4364297
587.4487517
233.2129203
358.2382915
395.5341983
466.9359703
384.0326739
328.4252433
412.6466312
465.2421611
486.9886821
522.4406016
607.0073207
558.4943638
587.6810985
603.2007796
686.7809474
659.7151475
701.9627677
699.3049876
638.1757266
610.2033511
525.0571297
485.7020965
591.838387
648.1847998
275.7233217
442.0125229
437.9910334
335.7479793
348.3164574
508.9093359
567.7483369
462.8331384
543.2989933
473.2707825
549.0183254
528.8584444
527.7529659
613.2516297
641.1476314
660.9010614
669.8113332
616.333372
597.9607737
606.6494048
568.9278166
498.9288401
499.9340531
457.8967838
551.4351127
293.8306656
342.8385774
277.9319035
381.2758479
463.5709126
441.0888342
404.8285169
413.3149688
514.6482274
505.9006565
580.7642846
530.5425697
546.6486673
557.3627975
633.8169662
630.5636814
584.6809133
576.1563552
494.2996007
442.0501891
460.2113242
540.3891769
483.6239215
394.1886884
321.7105185
289.7673804
375.0536051
394.5353117
399.1202454
459.2702354
426.0874909
422.2634037
635.608658
632.9624941
605.9508875
670.1987853
571.7519369
599.1299245
532.7197721
587.4513482
798.1477332
704.1172697
601.1091375
624.9693628
554.1415219
610.5912455
614.8389781
250.2900821
332.4560773
266.1101908
338.1584299
313.3970152
386.3378951
368.8761331
380.5932928
436.757379
545.8115487
545.4717818
625.8744568
634.4166593
633.246132
592.2111288
613.2109122
499.7820379
504.6686938
517.6967535
482.5541364
594.009132
642.8956517
648.2251068
654.2747901
363.3200385
314.2173554
276.9468385
366.0045547
336.5147718
399.1946875
391.8292568
381.8940235
400.7492998
510.0378917
571.163505
490.4430244
514.0261327
432.856482
393.0253817
496.2594037
542.602206
599.946612
604.8890033
632.8624939
543.4210179
476.8043863
525.1860183
553.9790933
406.4960892
400.0050595
376.7620685
382.6335275
467.6744783
460.7234591
527.5672278
553.2710273
494.77298
576.6455004
510.1525673
435.3579377
521.7599029
536.9970601
610.3557962
535.7658753
581.7929147
555.9696642
595.1298449
496.5947956
557.1366441
507.7305234
351.9639368
314.6423116
282.0090369
427.944606
480.889642
415.7540302
374.0471696
389.6176182
508.6395631
589.5258941
425.8001735
479.3741408
595.8934276
563.2816943
566.8058335
695.728564
722.4085801
705.4684439
636.1714254
687.7480947
553.8427464
914.307369
329.3538243
350.1197394
316.0615028
388.8177705
415.4411524
417.1577289
611.5642788
511.2816225
418.7330225
466.2969652
462.7420398
566.5455307
553.0805077
612.7074819
667.7324411
586.0122048
597.5987044
484.9729781
449.7622903
433.2879124
572.2035297
432.7471416
399.2698606
390.9864395
397.7519157
300.948096
403.8713547
489.6726189
550.3426264
438.7899931
473.7608734
446.8725537
494.9828507
588.9230885
616.7402784
621.6163376
497.6579189
571.6358635
588.1216194
413.02192
542.4188456
390.0728951
256.5478984
331.54834
401.1662924
371.884339
398.2615262
524.7767128
476.1011794
396.720044
481.4963504
472.1088848
531.1721196
551.9336614
547.2243095
511.7368883
520.6795825
455.9538321
745.5305527
495.2440772
332.4017454
532.2627358
374.3848547
485.6371092
347.8640401
395.9420938
372.0303479
400.6258844
420.7105947
497.1806433
567.4013256
456.4186395
351.8710023
365.0176835
609.1990443
521.1531704
406.6719505
364.8987272
359.2969803
474.8907427
512.9269912
565.4850907
418.0950907
457.5933257
520.8463103
348.6441243
498.6149866
580.8474474
612.7228703
424.6418256
395.6019657
307.8700524
397.7262728
337.4160965
356.1673479
402.7626666
614.6784275
378.5720917
468.3320379
280.4944367
332.6541627
375.0663963
341.2728531
509.4273442
420.4245242
385.2209592
518.0487151
520.745134
525.6544206
553.0534394
753.0963753
654.0625731
670.0495069
700.7199045
759.1316859
758.1080433
624.9689248
580.3639865
543.3097704
695.2718729
860.9406978
912.6320624
788.832247
700.8738087
257.1940837
410.6125875
345.4081816
342.6012263
403.2850815
335.3644051
284.5125632
415.6927268
444.4883471
458.6761399
445.7749145
495.4068591
474.8351881
461.7488908
518.2499005
556.9472532
474.9502599
479.8466892
549.9037591
622.842798
760.4498382
739.1592961
683.6956527
658.5137971
622.5267338
634.9369754
703.8981149
477.3153839
424.3345765
425.3776849
386.0326583
402.2098281
412.4992039
467.8300415
442.1953336
553.6454099
443.3192485
417.9923823
537.9331025
438.9528261
538.6388392
535.7760551
576.4844139
560.3902449
566.3582315
563.4360508
651.4845647
526.951924
609.2397258
550.9958112
480.0896731
562.9589189
562.6968295
473.8830094
225.9544743
251.2316531
352.9923546
422.7291059
293.1496122
364.4621971
338.9597728
379.0322473
375.4565915
422.5692902
414.0947287
582.1112548
527.9344824
593.4622524
628.1174347
639.0130594
634.4598474
689.4514399
769.4696929
693.1263242
638.7883251
640.1492587
635.0731958
628.8434159
554.3599718
467.3052387
252.9307687
253.7566019
327.6708043
338.9683386
360.5862404
364.7941784
397.5036745
539.3789192
520.30228
521.4677166
630.4020196
605.2775112
633.6081844
691.3228305
554.3559961
608.6538384
584.1069502
513.2739983
541.1017528
630.0554421
631.7808706
712.02436
647.8711075
658.6492283
649.9720885
575.1906691
371.4639045
303.8328548
301.6326418
374.8080706
320.4620798
339.5468693
505.7347145
445.5991965
435.1234304
380.5773464
426.8202865
483.7260842
482.1753766
468.2245155
575.9367358
591.8311653
555.3231711
532.3284102
586.7122929
544.0091123
513.5008515
603.767149
672.9308639
677.868659
618.5521153
612.8502994
425.9653181
285.7140196
237.6945136
329.5948501
354.5061634
357.7993195
401.8834008
552.1807577
438.6550348
446.373744
442.2622246
450.9684688
492.7532939
462.6961912
506.1746538
581.3782522
674.3067281
635.6447109
548.2691033
619.9394945
642.6729522
645.8032343
598.3259604
630.4383516
613.4131633
563.1548605
414.292811
225.881506
328.2557534
353.6187958
400.4985569
364.9136358
483.8497134
495.1923852
461.6747724
429.236792
470.5085027
550.269918
490.8794049
626.6336932
661.1407882
626.7024636
605.7652023
671.8710689
554.4436797
512.2152721
576.1279786
588.7523383
667.5979
638.8969295
654.4011753
268.8874304
227.6324369
293.620764
284.4021235
326.7710166
352.0011228
317.1139701
374.6423845
514.0967523
431.8824804
400.0333302
440.5122859
508.3895701
547.7728768
568.9270695
627.4617097
638.8880688
633.7608495
673.1163478
611.29679
504.9820362
489.8086811
580.0671905
621.291972
570.3198191
484.4705348
308.3270303
273.797971
413.3831993
389.526741
396.4134126
383.4184111
408.3484484
490.0614929
626.1154567
538.1755294
424.1525427
549.7947142
539.387051
591.413599
525.2162857
595.2848375
514.623128
523.7603283
613.2541624
623.8434688
544.0766637
536.3151904
511.426745
375.9472894
302.8119231
350.7645876
383.8234956
361.3810974
361.6685841
358.2016478
478.7852838
444.4845939
404.2644379
461.9562278
550.8792241
464.3685057
514.6792684
530.7245121
575.3534395
533.2560991
589.7974109
620.968275
586.2507511
609.5512477
588.625596
573.8063687
444.2387792
302.1015844
383.2686097
250.5992243
384.7392471
428.266915
495.0836328
471.4499604
519.1361363
425.6677551
454.2508062
458.8323228
532.1049855
559.9613439
569.9117094
501.4578271
576.3479265
567.9138593
536.0236523
531.8117104
475.5777361
433.2695536
582.2382835
526.261194
279.5111542
325.4157874
394.5472489
386.5502203
366.9771529
458.4720696
406.7491896
440.763653
465.9756492
468.6876053
417.033074
444.8625937
427.140244
460.4850329
430.1890974
516.5678067
497.0684043
472.5030849
423.2711401
821.4544904
310.1888972
329.4300428
281.7322608
275.3624026
377.9747717
291.4532902
370.6469314
356.6561613
430.4953752
463.1241562
459.7943352
421.0889363
452.1683975
476.3387857
422.050938
449.6162443
521.1558237
444.8736121
483.5125704
400.5738108
380.5536419
474.6202835
505.1145294
412.226788
526.027423
460.7246189
412.7334248
468.4001909
471.8877613
493.0103704
517.8913623
402.9438464
408.2207993
514.1399572
605.0181341
510.6973454
416.0690952
524.3948184
508.8931631
421.3874634
415.1238372
423.488451
325.3291873
393.3778986
341.3231581
568.2678794
557.5013113
770.4101436
386.914381
404.6649264
405.0976986
454.741293
536.075452
398.408606
539.7540336
361.8590708
292.3050723
320.8946948
443.8592673
280.9554077
313.2737381
398.2759733
309.9253762
460.9875633
439.0259242
506.6610151
531.1274447
535.9864305
549.8114634
655.6946115
580.4915017
537.2555685
645.7045027
821.13581
852.9656376
819.1056803
855.0163162
775.2902326
822.8932969
708.6346573
597.0807092
647.0674202
586.4866468
559.2440897
363.7968833
318.4751206
311.1160332
363.0394579
381.4046753
288.3055968
431.3531604
460.3454913
402.574529
389.576168
379.1201169
429.0880168
513.5860202
601.6610762
592.8504824
611.3169793
669.796888
609.412801
734.1166822
766.2579355
632.5833451
540.9027956
640.780544
679.7692949
722.3435617
736.6519159
727.3592223
658.4616162
578.8887829
355.5174982
321.5056111
349.0502817
449.4226835
300.2036112
447.0586728
396.4762107
493.349373
484.2001916
532.3805678
431.8857867
465.8854271
526.317841
528.1158864
541.8534072
589.6555944
725.7728888
658.0025333
571.8309165
644.6430985
523.0475407
564.979336
474.7206752
521.5283951
638.5112306
705.6087074
577.2046394
515.2106329
395.5852921
369.4628436
257.9605121
286.3668864
476.2846439
593.5298265
452.3599873
498.5816643
372.1135223
401.8679349
444.6078576
489.4291451
507.8643755
446.9533271
574.1924621
648.6191624
598.3881534
658.7720998
687.7657149
734.4263824
735.3144403
752.5851201
736.1237239
664.1208483
609.5138605
494.7722971
477.657497
502.1443788
197.8675798
340.6316868
351.4894085
377.4550023
371.3057759
380.3340827
310.6001976
406.782383
548.6277072
503.0731759
581.1149879
562.4608664
628.7800013
568.3048039
674.0395865
666.498489
701.4243625
762.8743795
813.8720902
824.3420288
840.930286
732.2294301
747.4722948
811.7863472
686.3106418
697.2499379
640.21978
570.5360842
228.1184726
310.1303539
399.8470255
382.6069291
352.1273515
341.0057067
284.9232301
392.1722417
537.2289298
435.2640038
474.836295
583.8210242
555.0229474
571.0153104
641.8480959
615.9818716
715.3305737
632.3667609
583.628424
687.2197207
622.4311695
642.5495667
647.3858055
703.9257568
722.943398
710.4880615
655.9025012
619.3533553
175.2740976
293.9628444
306.2268154
357.4897675
323.3296749
373.5919617
321.4701353
457.5057351
494.9268793
530.5697199
525.14649
641.508153
719.8254906
714.689453
631.6384078
621.8287773
765.3509473
799.0860147
769.7901338
638.4967524
715.0482914
716.9653596
714.2975851
673.6910093
593.5280194
512.0919449
614.5480671
677.3451556
466.1817568
333.4179396
389.5928597
370.220621
373.3184364
459.3162994
521.1634586
538.9133379
649.6429325
591.7441223
529.6982396
523.0040635
577.8001776
561.4430018
600.1077107
575.8173747
704.8955347
688.091697
696.0300539
596.1931999
485.218129
522.2793489
536.9375165
500.5311078
535.9064351
423.6319982
448.4296649
303.1385057
275.9852995
285.5471528
382.0334242
350.2167999
362.5877166
340.5339551
337.2792872
368.7272383
429.3693603
447.6873113
420.3108837
443.0858354
536.0695596
499.8178001
477.918998
502.8267266
450.5447455
539.7711423
580.4183082
616.9492478
671.3383459
594.8526918
580.481667
555.8909943
541.3405103
556.7403928
286.5997786
230.6333985
262.1857266
327.4995731
367.738182
352.4822153
398.8537461
340.2114486
315.0615288
349.2977742
458.7383528
519.1425108
392.5644439
433.4950188
393.3103916
525.4041283
556.0355556
521.6631858
470.0461383
507.281857
499.0999095
513.626426
521.0049975
583.7576688
519.6470658
456.8536721
424.9558263
341.5070048
354.6783137
303.4932009
466.9794997
394.1335675
381.3590288
442.536403
397.3345706
498.173608
449.5839467
417.6528593
572.6839026
612.6370723
511.0984289
469.382358
502.4445194
585.4398222
569.8692585
550.8472155
480.4711793
504.1801741
554.2705318
605.9621045
607.1395063
679.9124443
275.5495644
250.4400577
364.9705208
377.2270717
361.9266843
429.8957428
437.6384645
463.3110366
405.7792832
458.0275546
553.4302595
511.4409819
520.3475998
506.2253672
616.2670274
643.6141157
702.6063097
565.1559382
553.5796104
586.8423776
591.053377
490.7819736
509.5798003
479.5755803
618.4622763
334.0812987
379.9560542
270.9328687
315.4608989
338.0974385
348.7169995
351.829329
429.8310433
390.3792028
491.1393538
375.7808748
497.1835459
477.2411885
478.6611003
438.7333757
479.16656
502.5059374
518.8093262
506.4979816
473.3417371
565.0653013
583.0047463
588.9098577
485.9029577
450.7130151
428.7472798
347.61783
249.4667649
369.7497471
346.0603425
459.5897465
521.822349
443.3742692
414.4659957
449.7354865
416.7937412
372.7900114
421.7251482
521.809456
421.6915071
376.3056758
445.5792239
460.6098043
558.8295925
540.2307804
515.5559558
480.8627524
468.909868
535.8540723
366.6262292
429.9352614
372.0129291
406.8832323
336.4431047
444.8994991
427.5989461
370.8118508
362.360787
491.3059004
484.7860673
556.3919625
522.9676436
478.9601395
515.3735169
425.1523082
467.5897271
503.1547093
542.2685833
505.783188
515.9706898
886.5085771
499.021602
339.3240655
357.8284661
361.6209936
294.3281385
370.9120685
415.5488057
445.6756342
440.9598899
446.8727198
420.8514568
541.1120786
451.5818987
457.3082322
487.2342569
462.1180619
410.8121875
388.2020338
436.3166552
644.541116
283.7466256
439.8841229
349.9036047
307.8890255
376.0999563
320.0442804
374.710552
451.5757181
552.4690499
430.9944398
498.766242
533.8395192
432.420088
422.0608419
491.1584217
381.3115709
574.3183687
511.975061
389.1935098
346.8611205
458.9387597
446.9817024
439.2327792
449.1387024
485.4357264
363.9685169
396.8609505
404.0720961
440.1078247
423.9410783
313.3361749
402.809353
408.9719625
334.8179408
324.3214669
373.4772843
354.3176262
414.1583877
449.7821126
590.1127317
323.4135324
320.8774502
303.93955
362.0698492
384.4832982
292.6180361
502.161713
530.4372447
496.7906802
649.0462005
537.7877497
597.9306246
675.1384811
581.1218339
729.2201894
694.004435
709.0794652
808.5943193
976.8016499
789.204074
704.3777178
633.8853468
677.0524519
842.0073591
731.9034742
680.5137111
673.420655
743.9366741
698.9586345
713.5996128
276.0082847
375.6683438
341.0236344
296.2594687
424.5580876
439.5076313
401.7662811
380.4489426
455.1442055
426.0960508
487.7470293
520.7287522
547.1374915
613.0051954
537.6245013
560.801569
661.1830669
702.0563754
666.0515313
737.703794
787.9407169
613.2720002
607.4122348
651.653063
632.821354
681.0826062
558.9701748
474.661478
545.0982638
515.3327254
165.13054
356.5383245
412.1484564
262.5420997
475.0818301
490.3816891
358.7092266
483.4723181
530.9260123
463.2961592
472.2748838
497.8506023
612.9670488
621.699457
705.5685079
772.4878121
851.4664533
767.489086
692.5421277
680.1143524
825.6404
735.5675997
809.48691
723.2086424
674.6978655
555.6197367
508.846043
600.248979
630.9135879
581.6509821
381.5476915
372.3847339
228.8147395
304.7127838
301.6117319
294.2554746
331.5527694
402.4347389
515.4424518
565.2681028
476.4720845
557.9043462
465.5771165
555.888145
655.1260741
775.1766816
815.2894131
678.8246211
762.1223114
782.0567895
711.946954
709.0778783
656.4646256
712.2591265
705.4645719
616.6764633
537.7423573
434.9530211
478.9635294
453.6799782
203.9472346
247.3962411
276.9975186
384.6381768
455.2624848
448.2423685
412.4379866
445.3927984
385.1274546
439.2105132
479.540845
529.1298199
560.7703443
592.9697488
541.3630202
636.554856
668.8625629
774.1218903
849.6266108
678.7022648
639.3003611
546.6719151
665.5005059
667.6882127
733.5532502
704.4412489
681.2618374
539.1616477
486.7296253
463.3949702
222.3637509
196.8905134
290.1013102
355.4482557
374.1777957
374.1890776
398.7772932
328.7061035
351.908669
519.3279559
616.4529833
594.8809648
715.8368125
600.3848463
568.846752
538.9774438
452.8591123
543.9428036
507.0652024
512.021353
643.5402647
687.715969
705.6400731
631.6415476
636.5481819
610.3559671
556.2390065
625.1718569
534.0011051
562.2124157
301.4307794
285.4557711
373.6918016
228.7253778
479.123469
349.6937964
455.312422
473.047287
571.2592924
556.4810969
478.0763357
566.0082067
561.9792271
572.1791895
609.7057194
643.0106507
715.6711823
683.5557866
630.7988224
577.3181135
558.9955478
540.7656306
622.9444429
667.5999296
613.5429618
610.2033494
612.135007
543.5523109
493.8894865
169.017232
348.4265761
343.366999
370.5496843
365.4605067
430.7715339
393.8700557
369.3966804
404.6059881
454.0456405
452.1339606
455.9150861
436.3715443
533.4575388
584.5028839
635.3019975
584.5248513
674.7795665
719.3369968
689.2491773
698.6853301
598.419018
714.9250971
621.5302486
635.3743399
652.9106163
580.6749615
615.8004244
607.3466904
336.2649714
385.8764711
359.6253944
360.9296511
321.3642269
436.5737184
399.1038383
500.108229
466.8686068
425.5936411
381.4105023
459.3459623
461.8440824
557.6614239
589.5758649
593.6262299
621.1294658
601.4924967
678.6408657
674.2865146
673.7893028
671.1986724
633.8345133
696.1960608
657.4858995
692.7413963
607.7064221
582.070772
528.1078
404.3682821
235.8207192
231.4542404
262.1937336
286.4158721
460.1366426
381.2653332
403.8197279
416.4121549
490.5008973
409.593821
483.1447328
555.9333878
541.6057506
597.9088526
594.8830284
541.7346533
491.6528443
575.1336982
684.1039142
623.1863125
487.1108767
535.443803
611.1826017
595.5614155
574.360404
658.807108
662.4473539
406.5292552
283.789005
312.8760836
336.1428997
267.4091394
438.3530823
431.159644
458.7342425
539.8150042
493.1293532
410.2985453
444.0994732
503.8265001
441.461926
547.1005032
485.7661372
503.1687786
555.5826964
585.2569446
571.8973816
570.5816819
579.2291982
499.465768
468.6429917
516.8268057
474.8349759
434.5987509
415.128205
331.8654949
232.9662824
281.915202
361.5566598
414.0365359
390.2141415
413.2277733
364.0642568
424.8959371
458.4004187
406.1647089
464.9184659
347.4024802
471.5315455
542.4762833
520.0438701
560.397756
638.1329302
600.1087599
544.0447321
597.5878034
643.3449488
673.7987818
552.7545015
545.1369481
555.4467074
562.1123042
403.4913184
286.4810405
299.0023551
359.2319665
274.5642318
308.8096725
314.5513882
312.7942916
306.3142603
342.9602374
423.2743023
420.4910955
457.1391321
414.668564
457.7226245
589.3411371
450.0743415
524.2185865
571.2554304
607.0382352
552.994594
604.8505338
561.3364344
558.2380395
543.5995226
552.4711563
542.8195789
221.0556367
313.9296315
325.8819331
380.6922218
419.2040294
373.0812402
476.6001355
402.7442763
516.5252961
394.6829962
443.1686649
421.0521898
498.0869481
593.0736553
603.979224
557.819173
476.8974399
483.0873716
521.9662842
515.3941413
510.7307536
591.3746377
482.4355801
489.5919685
418.3979367
442.5246433
218.9139305
342.1975801
336.4201256
478.3462542
408.760691
282.4742135
280.1185619
307.5692676
413.1938491
432.0852037
419.120369
385.8389549
450.9641506
426.477545
428.9910149
367.9168133
354.5312925
419.4794399
511.2922337
624.2066691
532.7233609
508.8041879
509.3759024
521.24672
600.2922651
357.4856575
334.9425971
347.0516083
322.7364065
360.5433334
352.8332131
301.697623
380.3189803
308.5978479
390.9163786
467.766285
498.5765394
475.9325316
538.6379001
509.829799
585.6609845
532.5506252
551.6474708
448.57879
452.2879243
493.8779327
597.9318878
576.0798749
514.4201127
448.63737
334.0185973
299.0486711
320.623365
420.0404371
356.1299438
379.7037769
407.6644475
424.9421368
453.5435184
493.0315213
474.5151268
381.9436191
463.4719038
485.1949392
487.6673204
556.437081
524.5646044
554.7263062
535.804176
392.0062592
353.8734167
503.1917206
375.9859049
360.83744
296.9598346
414.3822816
373.4183048
383.3629382
434.9785909
431.5507299
514.3584235
396.8517552
416.8583636
518.2674731
494.3707166
422.8632494
445.3257848
456.6708393
452.2856084
510.058185
529.5998929
447.3376047
456.8604684
378.1785188
305.9436498
339.5677375
336.8950638
314.9006614
353.6912026
344.5130668
372.6376333
453.0640193
332.6017841
341.0046509
315.4389875
396.1501535
397.7458484
485.3468864
474.0993307
463.6218779
502.0917445
467.2654201
375.5471075
440.8560591
401.7101038
420.5138785
452.9500678
464.4849308
435.9908631
373.8683992
369.8420722
358.0146427
460.7103469
453.1918667
651.679114
377.4011239
319.8239733
390.3835964
439.7804005
375.3681046
368.9207966
312.5351874
443.3211667
275.3543225
185.5417718
196.9357741
456.5828616
268.0741436
355.8164469
397.629779
286.1762726
581.1457349
496.9852835
561.5289249
692.833477
612.9235644
633.3968477
508.9630581
613.0799107
629.3058609
788.5156837
761.6320364
712.2893337
807.3845016
699.6986287
673.9957983
729.8939637
866.2543543
658.1382133
637.8756662
629.965586
759.0740652
648.5185076
614.5448221
595.2816183
232.9361679
353.8574218
359.368708
430.0545492
218.2112883
366.4487811
401.289288
406.4492944
490.0014031
439.4166874
591.7314479
659.9449554
710.0496392
654.8909707
719.992496
810.0865454
781.873659
699.9836527
785.4606726
808.7762423
770.8724348
755.8759068
788.7150289
710.5459904
688.4179481
709.8118425
699.130301
656.1441209
618.2897642
608.7504198
533.9469581
533.1804658
295.0324644
291.7586537
235.0977502
419.7775009
519.0092599
380.9792656
445.5263928
450.6057374
491.0659407
483.0790864
600.0029346
472.8356662
620.1086792
638.6891143
614.1181198
586.1418803
814.8034976
639.0678279
654.8868281
797.304673
641.8550108
676.9415255
581.2245952
780.0092927
852.34789
819.4122588
620.6002568
588.7153019
577.7970894
659.452989
656.2268358
456.9136269
337.6897848
374.3901839
376.9394798
432.4707144
273.386715
295.920528
388.7719733
387.6516953
399.2223293
522.9670516
595.6567032
588.5746881
605.8982137
617.0797153
610.2539273
785.9688935
696.5569486
874.5436895
748.2600453
831.4118369
736.7668734
761.529531
804.8316428
748.0855592
705.7015713
653.7208784
613.9347486
532.3464973
529.6911645
622.8810061
633.2096791
574.2178209
189.2093482
227.6220945
208.8545513
238.3752062
343.6153293
435.9712263
302.5711216
428.3435097
390.0199594
377.0590692
469.3900125
523.3324019
504.064205
565.376605
569.4994904
663.5297775
553.2590981
734.5242294
835.8765283
833.9012959
792.6107496
699.8902142
694.5465735
722.7361178
694.3985703
681.543765
609.5316092
502.6826286
475.6688117
461.8323824
479.6553864
254.7315348
337.1525484
243.5504086
373.1509397
315.7238336
309.7853318
370.4350374
406.2844797
406.7895594
487.0536396
539.5674795
541.6671534
565.8359787
697.1842232
605.5031594
616.9554162
748.5252134
755.7729055
680.4672555
630.2790484
681.8092321
670.9813373
628.675159
658.9744446
669.6581723
725.7382137
670.7272776
600.096565
580.9908675
586.7568865
541.8507968
323.8326802
298.3687113
281.9098428
316.9634026
263.3653575
338.541187
475.7624127
486.135989
419.0086966
479.8225849
554.5256275
586.0486577
636.8813571
632.6806947
596.2780045
594.0822773
601.4233784
633.2301224
674.9232117
652.9180423
686.8048877
763.9819611
699.8714799
708.5748974
626.3539534
655.4737415
686.8585273
683.7997991
593.195051
605.0727472
623.2187706
341.7073967
275.1209315
349.7117318
373.1200522
292.0271612
352.7547895
316.6451316
464.5378671
484.6272623
413.5022842
497.2905142
562.1398426
643.572796
543.3643362
645.7893012
649.7515727
723.69372
585.5733006
734.4768321
813.4358576
752.7891532
657.6886452
654.0097201
708.4520394
720.6049712
609.5396237
705.7859679
705.1164203
713.8956989
589.7669778
598.9207792
357.4507595
341.8149966
298.648774
359.4067704
274.1868201
332.6997176
273.8038364
400.8693596
321.828004
330.9997041
345.2184421
446.2719046
485.5272517
587.762548
623.7986007
531.5020683
691.6136637
593.1540216
604.7748094
660.5867442
595.3774462
502.8550453
567.6854799
630.2505404
659.6279136
641.0026283
655.8966803
560.9020736
544.5962232
578.4282995
232.3891072
364.0382652
396.1830624
279.0631747
298.830027
239.8870618
436.4102132
505.0535633
329.0783138
460.3421826
475.3045837
451.6793139
472.5796203
523.9243233
551.9385742
625.593036
590.4187355
551.5801999
653.6667738
633.2215038
626.4217586
497.4302475
576.8364829
650.1039004
622.2993533
602.0542055
606.1314113
652.1467476
559.4086386
505.5710626
268.6495381
257.1055138
299.1825704
351.6560102
358.4426998
439.87733
363.3969155
463.7115371
424.8462952
499.3588267
443.9658821
550.0286556
611.6374705
511.1045838
561.5398698
572.2383063
623.3487365
656.0279825
654.5722565
672.9307796
667.0826104
655.3597342
556.6150997
531.6212837
505.1987445
512.8521719
456.0721658
493.9910582
514.1877525
262.9048353
278.410616
319.0786814
363.5193412
415.913932
363.4738593
380.5028399
349.2227475
351.7886383
444.3618589
456.0510015
381.1460432
473.8153485
429.8583836
478.6285251
617.1418189
526.7097316
563.7543605
593.1377318
533.9174087
536.1974497
600.9268534
618.9414145
686.2501937
530.0573098
525.7185782
570.7880643
496.8721083
521.3039926
213.0754993
309.3965427
347.4568171
326.7978599
302.5762537
409.6212576
417.2784907
440.5720525
386.6044211
483.7952751
563.9849196
524.2793844
524.8594175
519.6063341
516.3073659
576.014432
537.442166
604.9123119
596.9539076
625.195586
551.4083278
631.5165696
582.847134
620.8490689
497.9326625
513.183014
532.7000714
572.3932361
379.7175767
137.7919948
277.6980887
352.354024
359.795238
403.0686885
507.5323029
466.557395
528.0671563
505.3352774
548.6358336
526.9940892
508.7008324
526.3701565
583.9593772
487.8113135
520.0547342
462.9019815
528.9366153
453.8360985
502.3377616
590.0673578
617.7668552
616.2637645
611.7898085
545.5852304
575.8423366
502.1183423
259.2556217
288.6602613
391.4847225
295.3396401
386.3751561
512.1190205
407.9103671
365.2886525
410.3147187
475.4548887
529.854961
501.8992444
467.150361
483.1210487
506.5704378
525.4224216
538.1479432
479.9382854
472.9730226
478.4755811
515.7861783
519.0455463
503.6516177
591.7401207
614.5107265
538.2181783
540.8169264
381.559053
331.6980155
322.6488476
308.9379756
273.0914788
338.9740477
307.5810127
300.4301148
369.1656239
345.8336129
438.5427851
494.4248106
560.7985764
506.71376
519.6670758
488.8783659
525.6062623
530.3790915
437.5657178
339.7950701
539.0471038
581.1779051
557.3500695
609.6524442
708.8795268
624.3553311
309.2645944
291.5124965
334.477673
295.0754835
287.1456798
338.5376018
421.6789908
407.3173083
400.4221124
406.4859157
478.1752118
392.2819739
445.0075053
470.5971959
497.1983233
548.1998532
579.3346758
589.5179984
661.5834979
673.2239214
611.5509873
495.957888
523.5457034
546.8927478
587.7291375
424.3348923
380.0353258
335.7479784
359.3842437
356.814084
288.3288451
360.9163489
395.3539249
490.0439086
514.0158516
406.2862198
400.2735192
400.3524793
452.2379572
393.625052
416.2516998
358.8848398
398.9185269
464.7212121
427.8892817
492.8891672
476.8884391
543.2058754
487.9610753
354.5696646
292.8836995
335.9752615
327.9940984
353.1972055
425.4472577
333.6967342
345.441102
390.8270083
436.7660864
549.2907947
459.9562029
457.20166
537.397446
520.9705771
441.8070887
390.0791372
377.7616968
353.8204748
382.3263021
470.0729732
394.0565142
455.4068481
366.663645
424.3403619
345.7560458
279.9225754
286.9763399
329.7549972
414.1235972
366.0998734
432.5754707
465.0293376
382.7309197
340.0412795
332.6026476
374.6746004
379.7939529
320.6594335
317.5409952
431.4550593
384.7689743
472.6327464
470.1832976
356.9256682
331.1925714
344.1195468
379.556202
244.6192841
293.127722
358.0216008
483.8823771
391.0741866
385.2041511
321.9766638
386.4059809
418.6349049
422.7822183
365.5528375
471.218484
539.9804966
369.3556536
276.7690981
299.4358036
306.2026082
253.3931143
344.8602533
293.3561502
351.8765035
401.6737416
457.0331033
385.8999463
355.7703049
549.050098
258.034296
328.9229108
415.0286111
553.3819674
333.6894994
366.2445046
267.4396238
366.3277251
404.6173277
391.2730299
376.2611113
438.2133822
488.0780959
533.3055635
479.0538487
589.3785694
627.8605708
588.79105
700.8943652
688.286215
854.3762846
868.7994629
777.3989417
774.8616636
707.6442619
804.912637
777.5384472
861.8084655
803.6080626
633.6414446
653.1883882
670.3299534
702.8160011
577.6679482
592.322612
571.379429
530.9030006
169.8478431
336.8115448
383.1262245
223.5833054
334.396311
378.7687607
381.6255405
427.5887633
424.9201744
631.2925417
495.9955659
622.7603109
565.9528405
561.0456246
607.2111104
705.8229153
649.5636246
644.4066449
802.7551351
749.721237
726.1125264
754.0837552
746.6717488
790.1064978
650.4286712
491.026951
609.0426371
602.8531482
556.0424965
540.9055804
517.2869525
576.3307934
522.2765327
346.8400115
322.2808379
263.8694705
319.1158886
282.5323367
425.259447
377.6431715
354.3976957
529.1404321
487.4598916
518.5196215
505.4699781
762.0887835
628.0138944
766.9849952
754.2076978
835.4071034
694.3688184
698.6933742
798.6906626
723.5810209
755.2847584
857.0132278
968.8189338
879.9833213
771.7152522
675.2228128
642.8539055
678.0011692
779.6627793
676.8721949
525.7179763
483.9862341
296.8023265
434.2576868
286.4263654
341.1241849
369.7458683
391.9603794
394.7206513
482.3313834
530.7524041
567.156366
603.7247096
595.9339553
540.9081909
582.7783904
638.9224477
663.3718735
695.4004158
802.9209856
701.1698379
807.0548717
741.6121515
841.3505493
777.5816384
640.039181
597.1867443
561.2845851
519.7404655
545.7792293
568.4364418
500.6560123
495.8294411
486.3455551
492.1464452
361.3813819
258.2996512
293.2399283
254.2147789
325.2145021
350.7646004
344.1746666
381.0784181
300.9137035
490.5325627
568.0221645
559.020564
694.1174137
690.8170031
755.5253786
679.583212
677.9846652
719.0669681
764.6672695
836.6294077
776.1871652
676.3483167
637.8205948
618.107366
611.6282849
620.1266398
547.4897013
462.0344145
483.4378821
519.4613884
530.6100884
463.2766702
517.3461624
240.0786813
259.6655832
276.8030313
451.856317
383.0304882
378.1651652
372.200399
442.850642
503.984203
540.9067263
473.9987418
519.4253187
501.7770626
502.0088514
662.7627299
543.2261502
681.838669
730.4513387
626.3004679
668.9472438
782.4459879
619.2410505
591.3125593
525.250942
514.7805079
478.1830641
552.107168
558.2544051
546.6754646
451.9426358
501.2619156
533.1730067
466.6152804
307.9632611
341.4605962
303.8318657
379.1329718
436.7394951
386.4583975
354.1921762
497.3971262
595.4189288
503.9600803
468.0286808
594.3817417
490.8939339
570.6852111
600.9210543
654.0131586
658.1386413
717.0537623
684.5828802
764.9965192
831.1554176
804.0904438
637.1593685
637.4122491
670.337479
665.9546999
702.9468
656.9927821
640.728311
585.8107373
544.59309
558.3874895
174.2755574
362.5174085
317.8513555
388.6785017
233.6090208
385.8408561
406.6251288
395.1353076
468.3002789
393.5856114
422.6963224
564.844166
594.5022531
645.2976458
685.6368032
608.0335023
686.1981838
793.2450553
831.4538757
753.4570815
674.6598086
684.3895753
702.6429501
811.4178301
776.406874
719.3498043
721.8177641
652.2990591
642.3809837
607.525204
579.8323927
534.0379837
310.0718187
302.0291092
173.0815036
303.4639142
374.8165682
300.9797134
283.0926344
295.790251
472.0973828
377.7310352
465.3054937
517.5918262
502.2963795
556.200098
667.2133393
775.1008988
677.16378
758.012276
719.2567113
743.139775
705.4911418
688.583418
724.4290446
811.2295946
779.222883
676.6600409
570.1367625
551.2835104
511.7859205
519.8509523
484.1386794
423.2397297
328.1359314
297.0370848
345.3514591
315.6051962
396.6895685
302.6393263
231.667552
370.074153
392.9361647
420.3452518
558.067707
543.2275841
497.841132
613.0737496
588.4903728
639.0505026
685.4665832
691.1205112
764.4448468
679.2811894
794.0223806
741.9793014
745.044582
666.7255951
651.1508989
634.838202
640.5873602
668.5755049
643.786614
666.8362413
680.4081761
220.0128883
296.7152126
168.8262235
203.0024264
360.3198397
396.2695192
420.7649113
560.8034496
494.2243218
484.6905706
494.5983218
620.9599929
511.6919182
511.9708348
631.5235339
661.9480109
736.9879083
662.4752351
535.5717988
662.4687795
584.5868835
636.6758987
566.2075064
559.4934041
588.9649787
530.4907717
495.7301986
442.5563241
382.6674143
423.9218112
519.4193379
230.6770482
333.4474098
326.0609166
349.5056238
357.5846074
302.1848113
363.6466469
359.7514515
351.2335219
345.287677
389.372697
507.6527869
467.0747665
388.7340031
444.5347728
601.7631678
609.2073672
557.514851
597.3375258
583.0400112
595.8061228
750.4384071
798.6828385
726.4705948
627.733529
548.554317
605.6835041
572.1604862
461.0006399
467.3249376
347.1111145
362.1902662
183.3164795
285.6299814
368.0404291
374.2933654
344.7590068
471.5653912
415.4231232
530.7787695
481.5597007
530.3982442
525.0542991
473.0335682
546.8345416
561.0538215
605.1938757
688.5824919
653.5043169
646.141968
589.8495765
577.7203683
601.9997052
564.4616644
597.7795543
543.3827175
471.0697307
541.5103602
535.7672723
495.7063251
277.8826074
256.3799924
236.7304303
389.4738013
406.3934979
402.5264053
363.3605125
443.1476296
412.3135601
462.6006353
569.1350972
531.6665465
565.8972801
608.8154257
358.9570289
487.8878187
531.8506806
608.4352691
629.1120208
643.9441778
593.9906644
705.0176532
540.0893604
451.8500243
422.4154923
490.6094039
580.645109
626.1042013
652.9956594
183.3591001
169.6881845
270.2542257
354.6833132
269.7281189
336.956593
336.165351
380.9525405
317.6224804
387.1907023
467.3759846
472.1253914
490.2252548
511.2626879
549.2093482
460.5136143
473.3749085
611.0601898
542.8751775
536.1006063
629.0027688
612.6270844
620.2417084
450.6421996
396.4590541
382.6005546
444.610477
546.9858072
545.0723529
355.8023622
276.4290152
307.3953307
307.2450285
398.6550933
284.9041399
388.8774712
298.0795027
359.9435136
565.7745906
510.4864077
503.3368768
498.719281
473.0331654
480.1583978
516.0012084
526.1606561
580.1454727
496.7138052
406.6362493
493.0440009
587.0537901
540.7486402
524.8733054
536.9448433
564.3272359
520.825846
497.9658785
249.9609324
314.0859277
295.5817127
378.2915438
389.5764982
347.1629072
364.468377
315.5265763
451.9348266
461.5448459
425.1475043
422.7108024
409.7473002
424.756654
381.9693665
575.1960941
545.4970335
478.7354033
447.9897042
470.9538396
479.0529014
457.9588964
501.7988502
504.8789603
551.6314221
480.0167059
457.1557228
279.6841116
323.5662786
275.1368071
369.1002061
359.5041318
317.4894423
401.7429
339.1191565
427.1159015
400.9763662
346.192083
389.5816846
423.4204185
360.4836564
449.1494317
545.4877245
510.2490338
549.5595318
518.5866922
437.2946043
453.473109
497.8719196
472.8126796
510.2715823
555.6184695
513.8378368
342.9234801
290.1022729
326.0693846
284.506428
419.1177164
349.9926563
368.5601701
355.0652418
425.3039685
456.5154747
536.753854
524.1953705
482.3270358
416.2361078
431.5922863
476.878684
504.4439207
450.3795523
460.1759237
533.6999427
568.9782644
573.9070349
530.5508685
545.9361607
637.2200847
461.4178471
278.0056326
265.5729716
319.7779936
302.1546397
317.942946
327.165959
369.8998806
389.8799041
328.0334972
420.978304
391.2213264
366.0306795
415.8878267
458.3909237
502.6237768
486.284921
505.69535
602.1502724
565.4680274
487.95196
443.7382687
408.3278983
402.6465632
291.101293
392.9501994
350.8026492
320.8897514
334.4817725
278.3664642
363.3543346
310.6806048
324.7965198
413.5412664
409.1146442
392.7193632
410.7225645
442.4133796
434.2496734
470.0840927
418.9484322
401.3806634
467.36924
504.8935058
372.2663827
378.1089845
452.4117814
444.8464922
245.6723362
268.8538713
289.8505446
301.0049221
330.8438029
263.8637566
262.988124
309.2253399
350.7915761
397.0088944
449.3224097
458.0940968
459.4696204
530.3756592
498.9222246
426.3858587
538.4790619
525.3795897
344.8105581
300.9986593
357.2176469
295.7228494
349.6520827
319.4028237
267.4011747
360.0012742
347.9967888
348.1672334
388.0252693
402.1320858
445.7542979
459.935515
579.8583568
288.4900641
198.583685
366.7257429
318.563709
380.1752379
426.7047786
375.4658697
379.0256433
460.4429862
281.6655557
262.7383054
396.703702
314.3924683
383.8134762
478.913674
507.5918398
440.613621
468.1591574
576.3948267
508.4492376
591.6658706
716.1248132
751.9927119
798.4827236
915.5497854
862.2057346
943.1352317
1032.205819
925.5257856
902.111245
985.8696436
843.5222319
795.6833673
680.4271285
587.463319
618.2383743
574.1257682
546.24306
487.3581612
463.5660784
448.9328537
411.8342231
366.3536582
243.3404408
231.8235302
266.7877258
460.4930751
348.0896426
311.080663
447.0274079
409.3360476
416.331364
476.2876971
558.2211858
551.7641868
679.4065455
628.9082687
569.1637263
655.2316274
781.1344133
735.5899122
787.559496
727.9127264
770.3500219
761.412775
713.2521534
824.5343969
691.6962884
640.4683405
624.916475
684.2659394
525.5761793
579.2790222
489.6857149
468.3309353
476.6188004
484.1636489
289.2063771
311.8099015
224.3331493
253.7871739
303.4917542
420.4596912
393.3440488
258.0731151
478.9014564
601.9039603
577.1031922
670.6197734
730.606723
633.8561783
811.4611108
772.8725367
915.6069727
998.0808049
995.2218252
783.4071004
827.7553627
791.4928275
953.0920594
780.9666649
668.5886577
534.9694962
568.7750903
511.0122537
508.4709989
478.2870134
485.7986611
503.1756009
461.8405024
468.6440214
263.2616724
337.3704914
354.7114964
273.7150646
396.2900836
301.240318
301.6115632
459.9695377
401.1600146
547.4144087
643.8632095
529.7946452
557.9598365
702.3694154
701.8607893
684.0177895
906.7455345
965.1899202
723.9839765
764.8142044
956.4046374
1116.803805
871.197362
751.4354201
655.7954306
709.4186455
809.0688776
739.543245
586.9088158
551.5201667
536.6706466
520.3034469
419.4515823
410.0070632
242.345906
351.3042504
383.4271845
295.9495383
248.2394128
401.4293443
420.4729
323.0155114
358.5700619
415.2809432
541.5088586
556.2905491
599.344407
615.371026
607.3099188
669.3263052
661.3611114
650.597272
646.802393
718.8122395
758.0799633
700.3825525
672.9522998
736.8965417
628.0455658
690.1260461
628.066231
583.8772691
603.3058126
610.3883916
563.2952051
484.0366534
451.7831716
412.9185438
273.8737014
275.786437
291.3574351
244.3621585
349.8269524
367.4824579
300.8206744
382.2728527
384.6199595
411.9780915
429.0117464
542.4989422
551.4900169
602.0504087
688.7456216
685.5212519
703.0679897
855.1693752
810.6456473
767.9690999
779.5816947
628.2494737
701.1553586
646.1151546
747.5135215
683.9180539
626.1315284
631.1388837
541.3173124
534.3265268
541.6662223
544.3936594
497.5760812
399.723864
476.6874144
347.0816019
428.7511745
351.1884353
396.3460047
366.4333006
403.8906162
345.568777
437.0734525
505.5945774
536.2964109
491.5027618
648.6817963
602.6106287
742.7178644
798.9253906
749.2111634
704.9421635
792.3792832
719.7097752
779.6342489
928.9775008
765.6424648
814.5742774
785.459499
718.2858328
719.9052847
686.2886646
579.625576
584.8672222
586.0109689
554.1461125
494.4312716
551.2209093
288.28518
297.5674361
306.9987386
309.8478379
212.9153395
326.6676488
360.8602723
283.9678774
351.9760137
384.3897766
421.9657941
438.8560468
470.8189088
487.5488235
527.9171815
664.2024361
640.311218
784.8874981
822.0403064
835.9663368
814.9940905
742.6991739
695.8244008
690.1844229
687.6082243
643.1034229
624.2974715
518.384114
632.0779852
593.4802088
489.3215691
521.2556011
463.6276573
187.4874035
282.5722106
306.7764796
320.2993927
379.9719917
467.9695459
495.8405955
392.1513129
376.6508865
482.5483875
487.6157235
414.1589989
620.9102715
623.0300524
641.0801843
726.3033877
715.2231109
739.7014721
768.707173
717.3837538
624.2166887
683.6293761
707.2545738
735.4673645
701.2519822
661.8035026
666.6926812
632.1688775
609.6819318
571.6181451
555.7026153
526.6195345
510.3157862
232.6460821
184.6921633
360.0823862
326.332361
346.2223251
335.6967256
376.3410009
473.5920339
352.5244243
440.5614185
453.6690891
501.9296669
581.7934385
554.1392514
614.456188
643.9517458
638.8458116
807.9346442
890.0113789
881.645248
793.0010512
766.5743077
671.1674946
671.8856017
650.8977587
626.1147715
668.7798618
697.0528515
624.7745756
624.0593186
621.7269441
678.3191035
598.0332918
169.5788378
182.7457695
306.9862579
254.5837656
340.1913783
309.8236711
302.5055922
317.7267444
571.8421513
427.4580375
457.430714
469.9826384
395.2584598
430.1331026
500.5247413
507.7284455
489.7240521
492.550284
600.4291817
635.1059377
638.0952282
723.4411946
696.5178087
630.071487
651.9206261
596.6666759
519.6612341
531.9190892
558.7152091
524.3097761
558.6913277
521.8193623
302.755907
247.071685
311.6133632
384.474942
391.2508369
302.6665451
296.8053392
287.0636273
465.4759874
456.6951211
607.6786583
468.4927196
453.7431693
503.9702977
516.2426995
479.0433328
459.6426281
644.6492717
566.558572
623.8407176
589.8360782
582.957429
636.7265604
616.955182
506.4624636
473.0693159
517.7186308
592.3856669
551.72983
499.2200153
439.1688371
468.0560822
290.4733786
310.246063
307.4820631
268.3913152
329.5073948
297.4563591
310.2212607
376.4091653
401.7274776
464.0498633
549.6559512
544.5162554
479.1176982
439.424304
516.296653
648.8043501
644.0245761
646.4911491
529.6548976
610.5999006
634.6866316
616.6772483
655.2233839
604.2702112
533.5462507
479.0678144
564.1760566
636.5540394
609.0940073
642.6855617
571.3714704
545.3325885
400.055948
168.6004763
255.5472659
292.4776275
368.9615035
328.6344117
412.0866378
378.3764914
459.7435647
374.7252827
543.2702386
459.6113178
450.8849582
541.088258
545.8719808
529.3735067
580.2154451
587.0397956
600.2203139
652.8676163
629.5894691
742.8070425
639.8367317
629.4039437
674.3497921
578.3051146
612.6540301
650.5114915
564.9937949
526.7811695
369.2208645
243.8913272
358.01938
363.5269441
416.163785
343.5495334
362.0869258
406.0696472
432.8253863
433.6583701
592.9126853
576.6772641
533.5492515
552.3978841
574.9254266
550.3433401
635.4696621
538.0525042
532.5286804
459.3873494
493.6281348
518.9899037
542.5632852
528.2838218
648.7322091
798.4444277
605.4126204
599.1460102
550.1584081
561.9216298
356.4603715
382.210429
333.866684
350.406636
288.1974434
425.979129
499.4322639
488.8461228
428.4416374
510.2029699
501.3212552
537.7984189
595.5631656
626.4081878
587.0836043
572.602884
663.2469587
568.5644784
678.2819016
575.9985362
699.0442643
608.6472709
577.2998014
551.6023493
612.006014
675.0298875
538.911001
513.4506779
638.0642102
290.2201851
275.8739911
268.2608009
294.6322995
357.2524168
365.7660885
275.5485625
425.3214601
436.675633
368.6372159
407.1409888
410.8188156
438.0221084
518.5839967
604.942303
519.4789769
585.2902765
554.0001179
449.801191
543.6095058
511.3710046
535.1041108
576.4334908
620.9006712
529.6037598
540.0701239
551.3573293
621.3642028
546.4500031
187.628745
161.2764623
322.8349194
299.6689847
317.0237295
307.3530338
286.0601157
295.1219835
372.6601935
404.5363875
406.4416995
357.1648264
422.2749107
501.3783455
494.3828118
507.256809
505.3422776
521.2808342
492.9617073
461.7909095
548.2079275
514.9664031
445.9302128
484.1204225
393.0648769
387.1987099
416.9325096
365.2405417
411.1581993
327.2780903
349.3764751
312.8844859
301.209121
450.9497356
454.3724454
364.2679312
455.6545564
409.6150117
438.4188948
487.4379468
450.7508307
477.5601695
448.9082245
433.9697864
404.7427196
440.0355952
452.5796608
552.2155568
556.5784088
519.3494085
453.4474662
583.2544057
677.4234156
616.795229
547.443461
302.4694973
197.6349307
322.1564179
296.9008251
368.085256
334.04128
411.8749814
367.4911163
327.7599908
415.0740224
350.4899503
387.5330622
445.2910512
370.0169819
446.3017491
445.0295297
380.3353733
438.5930567
400.6569517
559.4071523
517.1221209
455.8309269
418.2264089
483.0815041
475.934712
478.3413031
281.1442881
381.5870059
238.2026848
340.9728743
376.39022
287.5046532
334.5266435
267.2111076
323.3732446
370.3451957
330.8155309
393.2519387
403.3150301
426.4255758
443.3768242
447.2145518
455.5610223
481.9705048
459.5910772
544.7792282
577.5363896
553.5505135
476.0103293
549.4062755
582.7065409
388.9525836
319.4329281
318.0459681
411.0875761
344.0011001
411.090918
342.8502718
444.6691431
447.3264218
350.1158165
406.3953828
429.3363523
435.2929574
537.4873021
511.0607316
518.6815705
574.839572
531.2054936
502.575134
512.5176292
505.4019498
398.1646977
482.5996443
325.7195758
390.0785512
243.9438964
308.0199822
306.4353817
207.9449775
228.8513655
354.6126684
415.6652185
387.6029481
354.2152387
419.187494
418.3268096
467.8653539
443.9154988
427.4102133
431.055639
475.291542
358.0752394
407.7999015
453.3192118
428.6005505
301.4136757
384.1201013
232.3445678
251.2343386
361.0132422
319.1051442
376.3169586
369.0925629
357.8930105
372.8829861
404.8849111
422.6388223
423.6640967
355.8757418
373.5495056
424.8130477
305.2530193
290.2368415
306.2101261
304.643851
338.9629691
377.4411163
324.7469899
279.3044741
304.4102112
283.9772464
240.8689089
253.708029
213.9095029
256.6631681
274.9989978
288.4974317
411.947187
236.0429567
491.0781593
455.5455805
470.8415609
452.2339238
574.518957
468.2075481
613.4140028
666.0045483
617.2745218
760.9368019
763.1623123
858.26861
912.8613371
939.3132334
1030.448456
893.9057947
682.2117849
876.8838044
823.93897
670.5293862
546.0060322
596.9534141
443.6207147
421.1026827
425.9047016
390.9301712
336.1835316
314.9926597
334.6075882
360.4611366
328.5798038
277.9635995
282.155892
358.9957999
517.2495131
405.1628095
473.3756497
460.3938858
528.8974987
606.5494255
591.3655213
781.30726
618.0069728
715.2428022
871.3105221
1072.47698
936.4834901
965.845716
924.0412906
916.9543455
859.7906809
736.9966769
692.6115528
622.4533727
616.8441391
764.625922
638.9758347
548.7291502
565.5496661
427.5187602
354.2649494
436.8809119
412.9084846
415.1924859
331.666454
255.3138401
280.4234922
285.4340711
280.8718778
396.8660912
389.7525948
368.503571
394.0105119
454.0045698
607.8898191
621.6749608
649.0602233
700.3946372
909.6143465
774.8814491
1054.844459
900.7525604
932.2917033
985.4659102
946.0438101
898.0520579
938.6420897
859.8589696
649.1948568
633.8023467
672.8606414
629.9255212
588.0036475
513.265488
403.964563
507.5905757
445.1700762
438.7745392
386.7359489
265.7985387
298.9641208
289.3769003
266.2061017
274.8077147
360.0781213
286.423457
362.1048159
400.0729497
428.0939027
507.5392039
472.737445
457.6603629
522.6902336
623.9563158
714.6031462
859.1425463
889.7061666
699.9694497
766.4867216
976.4149998
998.3292864
670.0095301
695.8800682
789.8276183
705.1329643
644.3583397
589.5220211
593.0298854
577.6924005
556.2414103
445.8137503
418.0012554
404.5671573
373.6392624
224.7334562
297.8466597
306.5779243
476.336843
259.1374668
411.5128538
462.1931032
486.7166059
474.7772922
476.1339624
467.2396413
565.5271832
670.2454632
807.2651008
663.2713199
681.7437741
761.9847299
791.5048455
884.2958782
806.3895577
814.952859
914.1484986
956.7244886
920.7684232
744.3804855
843.5578657
645.9752266
604.1070353
580.1836962
631.983556
640.2270881
518.0140682
445.8091539
386.0220603
399.723311
344.3971052
335.6290724
307.2497381
280.2298544
458.9988187
449.6979975
419.8156583
410.6671737
414.1651066
429.3423087
518.0955471
545.5082733
588.5235721
678.7396056
696.0091004
749.8377346
827.2584907
946.3067569
850.3052472
977.7244154
974.8534706
818.2713492
797.3681014
741.966121
813.322743
711.0126517
683.5319298
569.562532
509.2036522
531.2127097
469.9724541
410.8261868
315.4781726
299.1962334
351.2100077
219.590365
305.4043451
312.5036191
304.7517015
259.1763232
414.9720001
400.1913167
423.4601399
324.995737
446.2717744
554.0174666
560.9389723
523.5415404
621.1706727
683.955921
677.6739149
534.0104323
585.4989874
555.0627342
716.6051589
903.173089
876.0911877
757.6946922
820.7159117
845.4884031
801.3512073
747.3628235
707.6201069
737.2024647
617.0909838
577.8184492
578.844909
545.9136711
567.0260108
557.13652
198.3041673
347.7788436
340.3924996
388.9286416
305.0138354
352.5620025
414.0062753
468.6467724
491.1242298
425.2662651
572.4102329
500.5848729
552.96259
692.9687994
642.4707688
664.4203606
593.552986
646.6187625
661.5981241
635.2235657
722.2878756
617.7817321
718.5799122
642.5683243
724.0029878
690.4626648
618.281296
554.6565469
528.4496745
577.7038695
553.7908976
574.5756733
541.2651906
456.4786749
199.1453415
240.4374812
380.3752635
370.2797721
434.182324
505.9334717
470.2427588
426.3373888
459.3077648
565.7415126
542.35053
580.1237254
548.4707253
790.5891262
695.3539111
779.7345258
758.7095001
856.9308894
768.7254954
627.8066505
584.4168299
703.5441375
705.0067519
703.7969392
680.8815923
719.8026387
767.8728847
681.9023186
577.9471435
497.1133942
526.98411
454.6691948
435.3018716
466.3486877
253.0953607
176.1368321
246.5600099
394.112959
395.0089202
268.12328
318.5065218
333.305259
424.4171736
354.3610276
345.2944126
356.0952508
495.6772694
465.5497959
453.8022996
647.8293268
633.6015491
722.828224
859.7719689
772.2636293
761.8784809
772.872776
802.1746337
707.8676421
667.4537911
670.6348601
663.789766
585.9136908
533.681306
571.8828199
558.1197274
508.9440572
469.382347
456.6243877
289.3382173
323.7390251
214.1742146
360.2750457
310.5125466
377.1216764
323.4824367
404.4666287
415.1375238
447.4733638
514.9339594
586.7090821
542.9125387
523.9165766
544.6000172
608.2165953
554.7066017
752.0837132
751.1827491
763.6000602
730.1016341
762.488143
601.9768323
471.2073557
473.6329429
479.1893849
510.9406215
579.9255587
496.1266833
518.1122096
475.722716
508.1698743
508.9385684
157.0635114
359.0929067
300.5486868
272.420944
410.3833242
329.4201344
314.1522464
385.4097613
465.8837041
538.1873979
439.9878777
441.3201504
423.4011802
482.8686525
587.3522029
579.1790268
563.0987586
686.7355536
645.3363413
679.1104264
673.0612436
706.513005
729.734228
553.7971914
562.1417497
427.3034938
505.2996801
488.1543866
529.7703279
484.2228334
484.9403485
467.5084871
502.951357
209.1697384
217.702958
414.7906303
274.8921474
420.6308595
262.0614362
376.0327425
394.9583933
514.4200877
582.0896782
553.4746576
628.9013507
684.8753056
520.7088446
556.9028039
696.5168051
698.925738
745.3272607
756.3858999
625.226174
790.976564
706.5658207
604.2933858
697.1091442
613.701643
655.2096297
598.3824928
615.6046418
577.7975037
639.7214469
527.0743709
498.0132489
497.3028767
456.6683868
274.6629021
278.8806956
270.3041938
245.3324719
239.2493007
406.7707811
365.9262291
327.5030221
502.1839837
464.508362
569.6229906
601.7182405
546.7208835
558.7299193
630.5575774
532.021911
643.8209433
678.873447
587.815163
616.086363
582.5736304
559.7217011
655.3987169
596.0139706
601.763518
667.0692411
651.4450787
619.4567064
474.0264829
472.3899856
521.491554
388.2310368
366.4994152
397.927947
428.2554892
371.8486347
308.8586309
429.1774283
431.0848476
367.6939971
538.1553987
571.8438141
542.8690165
543.2015173
557.1597038
622.2503384
537.2843659
589.2560639
606.0546751
513.8850757
515.5130258
575.6919046
676.819005
586.142379
690.1493186
643.8653267
615.2213592
553.6717777
565.3970015
530.8256433
441.2338005
388.4391996
799.6286201
375.0166893
332.1060029
487.1482645
358.0060758
338.1436708
316.6195498
416.9555493
490.6801529
437.0151378
474.4632485
543.7691206
575.697897
514.6005086
597.9762609
705.5950645
558.9035598
568.5630483
554.4827551
531.4832614
542.7157761
536.9687727
611.6430796
604.4501238
696.7333547
650.850444
552.5541946
514.789966
570.6405095
557.8535318
475.5960162
430.4645075
300.7248014
291.6201091
366.9287325
452.5719933
389.1831594
449.3236149
347.2741871
346.9995624
425.2032354
389.5731523
420.3904106
410.2371741
380.3312915
401.7487448
576.4483557
596.8597126
574.9728563
542.0412459
569.6323226
580.8752392
537.0638481
499.9083519
512.5471496
607.1528028
620.8791822
627.0094449
544.7459155
503.882959
447.954574
373.1696146
251.5665451
252.2864191
368.7394452
335.5349191
339.2113164
302.3444341
429.8954714
272.6237531
331.945598
376.9200274
328.6618303
376.6504466
506.5382737
540.7386865
593.87638
632.8771521
518.7502156
582.2825206
539.2586926
637.8775659
631.8340626
568.6348768
598.0512402
538.340501
517.3872135
467.7431923
447.1009502
519.0172548
224.8365789
201.6317299
383.9196737
340.6689914
452.14203
267.9214269
334.6371195
401.2394117
298.2151985
316.566719
422.8292502
351.6430239
438.0139786
390.5263773
418.0564345
414.8870735
440.0795716
462.026624
469.1622203
534.3731792
547.2325742
512.5044094
491.0105691
486.6641134
497.7738865
483.059935
430.4815294
402.7303036
412.0079143
372.0154377
275.1986341
282.2542374
454.0958802
407.6162839
348.1756562
441.4102394
381.8015943
375.4528879
401.058115
434.7187832
442.5554102
370.2884394
353.1356819
387.2540353
448.3354123
579.5311317
520.1160532
501.2089812
472.0392841
543.6324257
520.567124
457.6516419
464.1996336
457.0067247
433.8985331
395.2409114
436.7842663
211.678648
264.0402537
191.2322619
318.6182008
308.5818561
257.3082569
307.451362
372.5849565
433.5140924
364.4641324
442.409013
487.1967805
399.1010198
351.1948781
375.2669349
357.5030609
425.7195011
415.2152823
439.0305864
440.3725254
496.3418386
594.9212374
563.2256157
509.1577274
478.6376591
493.247456
466.2969259
307.6421434
264.45024
305.259491
364.2639024
373.2560856
387.2786125
375.4338599
351.050065
392.0618653
381.822784
412.5306059
359.100034
357.8705438
354.3374322
387.8237231
393.8229907
430.3955853
483.2902248
414.7802174
429.6610486
568.5354542
537.9196875
490.4323963
458.8219068
511.7321208
285.02586
275.2682119
186.8982152
384.7883626
323.5365918
343.5836636
418.2033951
405.0486827
462.2692758
469.562307
419.5796
413.0541386
413.0607651
387.5182229
381.0456389
379.1993707
425.0921108
411.9991802
404.7374909
394.691248
483.034916
493.1412778
466.7681081
389.9578655
419.729203
305.9456612
321.9864585
264.4052908
321.6715289
309.1110128
313.7095269
392.8216436
368.2893651
393.1541634
366.6827809
417.4297984
418.549845
503.7261248
617.3566767
607.3677283
509.6314023
481.9650877
599.5730938
425.4785857
479.9283292
520.7633147
395.4412843
354.8902796
258.8429186
167.0252508
267.0677607
261.369573
329.208466
389.1831286
435.8720343
383.2888488
342.6857423
362.8417714
390.342771
443.6203031
453.7788744
490.2170085
485.5595291
392.701633
562.9236583
314.3886854
335.2936708
308.5897785
364.232595
361.9330174
382.2360881
420.2919453
337.509579
320.0419627
258.2672676
286.2936928
276.8133202
386.7351358
279.297553
412.8965394
347.4248769
343.1774943
340.1984381
237.3310287
361.3362817
446.5131868
458.1882291
561.9900865
447.2918167
533.7654534
600.0793359
600.5073685
588.9157785
705.4954493
665.3467836
786.5043391
896.8170266
769.6290638
1013.207847
951.7493409
1107.445844
870.196904
763.6245328
963.72193
791.0053197
669.3564368
614.6965997
583.6272619
596.621181
546.1545475
387.495375
359.140114
423.874281
416.2865051
341.4669597
353.3925816
364.6166923
378.2939872
597.9209955
397.2464572
282.2772082
408.2184876
343.8314272
584.4455775
554.7609019
496.8843438
517.149733
784.5615458
749.8504768
869.7485394
879.3014752
920.0290847
842.9002615
871.0887439
935.6305178
1083.550261
1061.09611
791.3515803
719.3466793
716.7638784
721.670809
647.843243
686.2505308
683.2848779
608.0123822
487.4187567
498.076075
449.6188403
410.9755388
353.20305
366.6204939
299.8310428
165.108609
233.1838578
205.9487963
209.1638311
384.4102381
330.535096
382.8669053
394.7161474
362.005866
383.2484803
470.7844776
481.2154379
545.6517301
590.0890275
826.667119
885.6927758
864.1580032
825.4891692
835.0578101
857.1669299
938.9109464
828.7526033
932.8809559
779.0232515
619.4997564
541.3434026
542.1665775
550.5238615
494.997729
378.1794554
420.7175601
510.115967
449.6492405
442.5109082
451.2391092
355.2396952
172.1190022
204.6256857
275.906549
215.9705051
233.8704569
233.7316439
383.61732
435.1522515
435.9058897
558.7610759
630.0498975
537.9546085
609.9618907
731.4829982
728.1903202
1049.653545
1100.923664
995.6775185
798.1391804
965.6466235
1019.334458
811.0113331
743.5417453
715.0914541
613.1294491
703.2528154
671.1975197
758.8538195
681.9958501
688.7320733
568.0509016
472.053851
410.6712629
414.3721422
350.0261534
358.127562
186.1822884
271.7187719
353.7881031
200.4146977
422.4097005
238.8879924
509.2621611
491.4634754
605.1293937
615.9090637
702.0811626
735.6362922
745.9124118
874.6986565
952.9045616
822.9896052
903.5745328
960.9279754
972.7377389
985.9553247
1186.40737
1068.547522
1097.266558
953.3371382
772.2717209
743.4315551
766.5639955
628.6413212
659.8752479
560.4563208
475.3714256
433.2715709
437.2113528
386.7755831
443.0478335
418.9259321
204.6228232
315.2049645
298.9804351
313.7283124
305.8363466
389.5244437
631.2992054
411.4696147
400.0507618
383.3459852
404.4477804
478.3421236
481.9559297
614.0705946
660.3329962
759.7212136
775.4326286
990.2153559
1122.530403
1085.190092
1066.714556
904.6901207
698.1360145
796.4251142
789.5752293
715.1160833
595.455124
585.3136056
549.4010759
491.8791089
465.9240981
437.0726867
478.0540732
409.6905298
389.6305616
313.2951279
313.5581963
169.4757671
260.5515867
321.5645329
411.6595298
403.7985358
426.3596531
412.4977903
568.6312745
560.981973
615.4821018
671.2953808
587.1843364
717.3901967
794.3645605
688.0663192
611.0755487
873.1300357
826.8510073
882.424568
974.036535
965.847321
897.2593978
880.9242258
799.901312
754.2709862
839.5141981
665.3273547
561.4717915
551.6425463
464.4313207
461.9715754
370.7743064
466.3395004
382.303477
323.9484416
221.5472972
262.0664686
344.2565411
400.7479188
308.2702542
254.6857642
473.6315932
477.079972
497.8805964
542.0427279
481.7783184
537.834828
493.1913414
774.7875828
796.1536741
705.908805
748.9040871
763.0436587
934.9770683
851.3090499
818.8702928
772.3246234
791.4440559
688.1340966
767.1819609
759.5111206
586.2885772
509.2643762
486.0073687
478.1008201
549.2401795
586.5216022
480.8595641
430.2442643
403.1908401
251.8271465
192.0099097
220.4690514
330.6678961
437.7277145
306.6675996
357.1622822
306.9590887
353.9206929
479.2843493
538.5635012
517.7946974
576.2081598
624.077592
725.4041345
737.4614969
757.9368535
907.8610734
791.9747129
823.9205094
702.3817603
807.2068433
744.818559
724.7093678
657.6678668
587.2734871
651.610392
561.2632142
611.4397875
546.4702682
463.52184
536.0892323
444.6893774
382.3953074
320.4424349
269.8979695
262.4975461
195.1379236
162.1302405
438.932227
403.372718
442.3340737
462.5058956
416.6669517
549.1420701
529.3369955
573.1564636
649.8037127
641.1364719
570.6003343
601.5162352
782.3461449
858.1478736
885.9470266
799.7392264
859.3419634
780.8562622
785.3014415
666.0308319
621.662244
645.2313766
651.6265706
674.602614
592.9202968
582.3714497
603.2789869
508.0040761
497.088207
424.2295641
395.8651312
362.0572766
278.8713894
330.5979757
274.0561039
315.5175944
405.0330919
405.8697933
405.0633899
525.1161668
542.3811005
571.4787217
588.6021289
616.9392134
692.6598441
728.2113666
760.4130145
873.6729248
788.9562606
787.7909758
763.4802203
780.0915064
830.8121718
664.053437
611.1244613
680.4228561
647.5951243
646.8595442
635.3757155
602.8433248
504.4298796
505.6255666
592.0831889
531.2301109
445.4268163
216.6763354
236.1308636
257.2914803
338.6645588
296.4346457
444.7769778
352.6575953
367.9938557
390.3388467
573.2347346
532.5867221
583.5830324
495.6826526
503.1443998
453.5585224
611.4854253
659.6835586
842.1174058
756.3900794
784.5962135
891.3595715
822.6034665
637.8373632
619.7332358
721.6195161
591.2471205
684.3127582
575.0193369
500.0298868
444.6172146
462.7009074
461.7179104
519.9066563
438.9427052
257.891105
183.108732
254.7468897
472.9392787
357.151682
360.4984131
279.3146772
294.077819
509.1188505
334.0947407
487.7727555
435.6741902
495.6191334
487.149631
453.1124971
457.309682
535.5462122
626.7805187
663.9563628
662.503332
756.9356996
736.8348262
745.1634349
565.3150177
550.9280278
633.8080118
607.7606461
585.249877
547.1079407
568.0582396
500.9113861
446.1915725
459.5351063
415.6720088
177.0370108
314.0923084
304.6424689
306.6322954
396.1584924
410.1369514
410.8567437
484.2596149
456.6905892
539.6605581
543.7975633
581.6840062
720.8654725
655.6324656
508.4011797
538.4080621
583.0615072
712.9962039
565.1599002
542.4883038
646.4130979
702.7283666
823.5313218
722.5357947
705.5554755
649.5274609
631.3104696
586.2274059
512.2338618
446.7990919
491.5976732
459.5756486
466.488099
190.5257718
386.1461237
419.2584552
441.3806461
302.9801104
373.3059016
392.0682892
537.8215292
455.8248841
513.916649
507.0857969
394.9418127
579.2667407
548.7246536
531.3521578
608.759856
632.455698
646.9355843
704.1198148
730.7950549
576.6448443
624.1268565
643.3197898
666.5325186
668.0794617
583.6912147
577.5528149
455.6899056
429.7570383
411.379952
389.8507296
406.7338117
377.0747164
391.1955143
335.0790415
319.1736551
316.5257908
252.9285399
322.1615391
430.6785901
394.6639206
441.7097024
456.3370087
447.1155126
578.3153525
565.7658602
491.6780203
466.5558351
490.5777102
444.3842888
497.4536338
563.7254245
611.6183619
588.1581119
567.5627229
508.7081347
452.7417038
466.4221277
538.4009264
658.7255689
621.8754574
504.5203453
498.4896553
512.3819654
565.7844487
162.606333
342.7432094
378.5899233
284.0552924
327.3528321
383.4794142
415.1081966
373.2704326
324.2014803
344.4569473
433.4123821
542.9659971
489.7084551
675.7717601
619.1687325
504.500218
537.1310198
615.8226032
628.5518599
778.2479149
726.1921617
763.8430803
616.0043118
640.9911543
549.9311114
522.6757814
640.136534
533.8899122
440.9757902
400.9921338
504.9712695
231.2959698
245.2539591
339.1407255
312.8316667
405.4037515
394.9871475
503.276134
384.9288723
409.4847064
430.5438961
422.0975711
531.0087095
479.7339162
499.3527627
478.1283708
532.283015
646.5840491
527.8384818
544.5572146
534.1764299
508.0473378
514.1817498
555.5014134
560.4177964
517.3725014
489.8966161
502.9764449
533.7960273
587.8019283
616.1472766
516.4275978
379.149214
249.5525764
282.2562657
303.7468627
276.2462507
405.6178281
272.4157003
367.0230937
319.2908591
365.7199184
394.5540316
514.393751
526.8043278
412.9551286
392.3530868
410.7679573
425.1886667
472.1872117
535.0598855
521.8968474
483.0094611
492.6542702
514.6889084
513.3373731
394.356134
368.7760848
404.2112037
388.2469164
387.4341023
391.4361126
392.1766929
192.884652
245.3783446
181.8747663
309.6172479
373.2710728
365.2343499
414.6575627
513.2089918
544.0875266
441.2905321
508.8356729
489.8551583
416.7653078
421.6913202
499.8084669
492.3301507
492.5044959
493.8470067
436.0053452
567.616139
546.7160491
485.2242663
501.7943912
445.4149046
415.6383406
456.9457819
390.554736
411.8630508
218.5749614
167.3303992
192.3959281
311.1758532
361.0435213
437.3012172
317.7436093
386.7574457
443.8450799
403.178262
515.9553531
454.9351212
461.4989274
404.4733864
360.6399044
321.7754635
359.2338979
443.4192855
415.7673166
404.3079485
489.6597853
413.2555807
428.0690645
458.6194567
427.5739761
487.6952801
469.4786956
396.0449439
324.103917
234.3417967
330.7123264
362.3274541
322.2087955
340.2993136
310.7694619
314.5994192
437.8321905
335.206067
467.6757139
441.647298
423.7648685
472.716396
423.4951416
390.6279483
471.7285992
565.0226009
527.8093042
513.7463516
550.5118725
511.1597137
492.5667765
481.0959428
514.0187548
548.4816021
577.3678657
354.8516398
412.7396563
279.198328
272.2316349
342.759345
333.4414589
259.0750769
220.8631527
336.4544881
284.2459749
337.6058021
383.2947011
397.8214379
481.1808454
489.5201728
406.757322
467.3739969
507.7022293
435.4861265
453.0749488
499.361201
434.9851946
412.7654206
435.2680776
404.9951643
472.2389942
453.4600403
194.7255371
226.8039049
334.169758
371.3290428
288.4536511
241.5463984
279.5550611
347.637506
401.9828141
403.2279539
383.1772575
423.665154
480.141744
381.4020428
375.7779297
516.7483887
558.8691305
432.977799
392.9923375
394.8330357
424.5437068
433.695559
462.558512
219.9251933
185.8990465
268.5988383
291.4261807
292.942735
307.4723319
249.8918384
290.5636025
346.1810279
369.3862772
373.1428965
282.787203
295.4359883
375.2634776
328.2675512
290.8536242
361.8202974
432.1132891
417.3408463
421.8440103
310.3199721
397.7692782
436.915416
380.797891
300.2498104
387.8892585
281.9122343
297.8479547
303.762905
375.1165735
352.1136261
349.717233
333.3515281
363.6519901
381.4192546
429.6373955
416.0272413
410.7759531
475.6380589
370.9732493
502.0786963
651.0468553
479.936257
354.5579865
350.9933311
408.0851
355.2003638
302.9464298
303.9513106
388.5145463
319.0730939
335.6012287
418.9394795
391.8785289
351.4208583
598.8566857
360.5008215
274.8437432
321.234955
323.8151453
316.9807449
246.9354184
312.8492414
337.1263293
311.3707126
334.5457219
326.58571
366.3505978
441.1934101
487.2855948
513.3480175
627.6210099
666.6354538
723.7225165
793.4341892
820.0673347
950.047473
911.5756061
1075.548575
1039.1355
1019.390742
1054.261076
949.3324659
867.2294549
784.22361
639.3317056
691.9312369
613.1098606
542.0183951
515.8945087
497.6846754
479.4846556
481.1530326
429.0754414
457.0536483
352.5785038
240.5953914
236.5765654
105.2136485
199.3757099
235.5001384
250.1582823
324.504303
125.5216152
334.8570556
336.9233652
585.9742325
399.8706688
508.9740268
534.0121898
447.5601566
748.8021043
856.3760585
836.9535347
783.2205103
844.5130429
1070.78721
1378.962448
1209.888936
957.4447671
828.996584
767.5115014
751.6787368
684.6037417
779.6466029
640.4185904
530.5416924
444.0932894
419.1388715
478.9724285
392.1551134
316.0040736
337.825754
313.3693563
368.3125815
381.9612888
352.4712864
197.5198939
195.5966645
347.8453628
403.5833587
383.9419403
400.8184733
459.8450825
463.6689617
489.0437822
672.4739033
748.0920554
707.4796242
799.1901269
1054.652128
1060.79703
1072.446435
1180.344947
1203.875547
1224.901837
969.6021131
1043.834096
946.3146464
939.3611817
844.130754
799.3557858
654.0526184
423.6769701
408.5383725
493.16509
469.4854997
419.4943
397.3427866
352.6548332
279.4774778
308.4805082
159.4166603
185.8418991
322.9116674
354.0835208
243.8743828
312.826242
304.8879666
454.1101076
527.3945962
474.3044283
583.4748314
676.5407363
721.8762021
806.9739538
910.5780037
954.8546223
1134.144902
988.6213152
1096.010427
955.1153348
972.0998095
1003.021764
1019.103796
908.1123885
817.7325374
996.5770938
748.9389662
602.1814859
724.4617211
623.6305438
484.2606062
417.5396069
441.160043
449.6784935
393.8463441
461.9533595
326.4011507
181.7102231
199.1619267
365.9011719
318.6784408
225.3959592
448.3330975
303.6832928
358.0382894
405.4717238
575.14839
568.9644488
590.1138953
673.1713817
701.1944484
1035.238913
744.0375054
949.8301973
1104.315725
1111.602406
1171.352486
1315.063086
1120.425899
979.134519
1045.568609
997.4789164
884.0566429
731.6491829
642.2075887
628.028747
545.1137144
516.8620779
483.7102085
411.9028723
390.3719095
428.7621814
332.3793394
304.39297
180.6874829
258.0689862
205.6550686
295.2646602
281.2577836
458.6054548
413.5502444
585.6737175
567.1228694
651.8158949
678.8603527
677.40989
542.7866183
693.5107119
786.3325189
785.6343621
737.4098728
973.6892302
1052.129561
1075.040008
1166.120067
926.8397948
846.5838649
728.3737397
782.016
686.567594
620.0566212
516.4583852
444.1368152
440.8634368
428.3187546
406.8870558
469.7374393
442.8379405
349.0558432
305.334693
278.8691484
195.0143318
319.6419288
213.3262367
311.851738
342.5096171
340.1612054
473.5220915
429.3703972
448.1677546
533.0028231
576.4199303
603.3027406
607.6862052
655.4858215
797.2851344
797.960613
824.4027428
831.2318907
957.4189703
921.3034282
996.439878
896.6403849
816.4782372
900.314564
843.1869153
721.7375558
626.2256316
508.3090691
457.1818065
546.1876273
469.348776
489.9271148
420.0926682
386.9576932
355.6722625
320.465291
281.2812824
304.4431983
188.5886659
254.2743209
206.3554469
333.1462763
325.6872544
321.9386542
311.0700235
323.234733
450.1708904
454.2498203
481.8526942
472.1279025
663.410092
635.2591048
710.0295624
830.7451651
719.8327067
875.451652
870.3399522
889.7409109
902.7113969
821.1648809
743.472833
774.5277656
825.171993
664.7744021
531.0124009
465.5619171
400.3967967
450.9025017
444.4054222
433.6885563
463.5572369
470.4625279
420.8467927
246.2518169
242.4417167
315.0347669
209.5106291
351.0529825
335.2048677
405.4033661
467.3870039
440.5500835
533.893017
512.1616911
577.8668145
628.5714224
704.6635488
751.1477633
786.8387476
720.5344942
1049.96687
922.0912731
861.2785158
746.2399627
746.9939756
795.6291737
572.296758
554.6207875
526.9840505
547.0782321
534.8525386
494.8865696
501.8295889
399.2635945
401.388557
338.7641496
351.5228099
385.6179654
365.9743385
283.7929599
179.7230701
447.8778141
415.6365961
371.8927218
458.0321242
421.3332002
410.9546798
428.8285657
357.2788097
543.227334
568.1235061
607.2991233
608.6508271
582.899167
417.7391061
591.5914381
817.1980607
796.4245469
774.7218262
869.3412446
757.7849501
644.1192792
708.9163273
660.2048512
683.7482001
665.1945211
597.0876184
501.6739608
471.8891751
527.4645144
426.6262601
387.8112928
372.5495902
386.2070361
373.4266455
177.6827368
257.407884
312.1343321
280.518523
241.6462323
326.6630604
416.6519244
336.0105974
286.5840378
426.0755679
465.059745
404.649784
625.0250952
723.3944946
803.1373359
734.3534138
679.0783756
800.3123307
848.8860052
800.9165004
775.6233489
719.7211515
533.5470598
665.0844666
786.9710789
623.1320638
602.5402224
538.4539559
543.9736241
408.6375751
433.1906087
435.2523612
402.4837853
442.5458459
445.5872953
186.484745
191.4881303
361.6968622
382.2706249
375.4527596
454.5661916
289.5409091
434.1604353
366.9143059
449.3321661
541.9312759
502.734397
637.1169121
774.178095
703.3177848
584.4718117
711.2047034
959.0719278
862.3531936
909.6490854
846.2401463
805.8626568
614.3154982
585.8199336
720.6565568
662.9503571
649.7241539
590.4164455
569.3542619
483.9487416
488.3979323
560.2737203
573.3529994
560.8971092
549.8292517
257.4089461
171.6051001
160.3014245
277.1110057
303.4937825
301.0821877
316.7075932
387.1869015
402.3404738
444.7703753
433.9934321
456.097512
418.180319
725.1350514
699.061004
738.2520138
573.212144
626.6134941
719.8005869
725.9170206
688.9895576
711.9743001
739.6258511
656.7006886
651.5698262
630.9332518
556.8888845
621.4675151
587.7280021
548.2746043
511.0812748
463.6000896
513.7948443
544.4051484
526.0759915
347.2481779
186.6215632
228.5940315
360.7504638
339.3011404
382.8272063
466.5816079
430.9076428
522.8419334
532.5903399
457.5046749
469.0346587
627.7196865
714.9342267
583.0842896
690.0377219
558.970683
657.0807592
657.3240809
775.782665
660.2894525
645.576579
777.3093123
583.3132222
564.6908572
544.6167518
620.0295474
555.4386768
542.2729585
516.8938781
525.0449418
488.7650387
482.1178877
457.0245758
255.0992507
220.4892871
308.8391727
315.7773658
321.0342876
371.1395333
287.6143607
376.7016467
395.7098533
417.7502578
335.1098664
538.1214412
519.950821
585.310167
604.0208116
738.7306259
647.9398291
599.838453
704.9246195
659.6601054
654.4232317
643.4948871
655.4447222
572.5308831
600.4329045
617.2000408
515.8825953
495.3558286
426.4646777
357.3048316
351.5792978
417.0425807
372.5244228
384.5686414
199.6313626
385.6378305
321.5299225
365.64434
369.936803
342.8348209
290.7172485
456.3551478
375.4249323
397.7536136
352.0590859
525.5656981
582.5022569
479.266464
573.3875426
643.5324502
480.5638209
512.6946115
594.0057409
573.2152969
561.6759469
586.4869988
632.2836535
598.370337
517.1169656
572.8886487
610.2799942
559.9267152
522.2899767
548.6106544
495.2616104
490.4696784
386.1549362
244.0368255
193.7145764
291.5600421
351.7306994
201.5114882
252.6660978
394.929909
426.7030025
385.0461661
325.4029869
332.7528276
354.6722271
438.3328257
477.2021933
528.9328508
569.5471172
545.4610211
567.7947022
622.0254163
574.1832872
464.8788524
491.6493225
475.8820166
434.5067337
558.0939531
457.3247834
479.1001467
531.6128833
522.8322612
467.0805674
504.6755088
524.4290767
517.187775
229.2709906
322.0385163
345.5197891
307.5672537
325.8804499
325.3165805
405.2007373
493.954436
433.7555978
401.2308647
371.7941962
513.535229
528.289729
602.071537
540.3091814
498.8288377
553.0420569
555.7558573
561.1714804
514.7711108
513.406634
545.8423632
591.8397925
536.8872695
540.9126395
558.7125793
485.9674034
530.7898775
648.1676346
561.6458807
436.185764
427.4140146
362.2256974
235.4658935
182.8765976
233.6833372
198.5830732
194.624732
308.7287676
262.3576273
342.1791371
342.5113218
436.823587
533.4524645
476.9851542
421.1477977
482.4586369
414.9085447
452.2895309
501.8983008
468.1872828
389.2791419
449.2481898
503.6657458
559.0764146
584.3004428
514.540058
548.342454
480.2789688
442.2937429
470.1500839
513.9564516
543.1417252
358.9139927
214.1360924
268.2599043
235.1019504
293.0708905
284.0601705
384.547562
422.8904672
378.1283112
387.0849536
330.976098
452.0706353
453.0837339
376.4164415
352.9111248
430.4030549
380.4876514
477.1681935
454.8751749
420.2239372
400.3794077
439.0220828
402.0337415
445.3235588
455.4582535
528.4826426
460.0121765
418.5987698
419.6095791
395.4340502
244.3201266
323.8099726
257.754715
340.6655082
356.9956029
341.6953898
385.3397659
418.9395916
350.9022699
372.8506357
501.1424775
430.9699904
393.8103024
364.1402334
362.6356907
458.353878
539.5517249
553.3444032
532.5421804
571.4286058
458.5934225
501.0238289
546.9024197
598.5910641
511.5986686
542.2650145
516.5669669
476.2142082
533.1445351
514.24797
212.0740583
250.3752722
386.2000898
237.8160287
355.9900068
371.8299921
445.4778709
350.4795734
375.8952705
293.7066892
414.1067031
474.530083
455.1926334
439.7505726
492.0130626
449.8131608
494.4498972
466.3467965
560.6656952
489.3946561
425.1848819
394.7948385
492.6774246
460.9485358
434.6019576
437.8844162
411.5031757
338.0168377
209.1490715
302.1653648
320.2141796
220.2257187
348.8645184
274.13153
142.1181772
224.9695741
192.8323525
255.4149278
312.1740123
407.9507398
482.5674016
461.962728
457.6335025
333.846873
371.0247886
391.5962648
439.3298052
330.4320354
395.3481389
357.6945082
367.2500642
413.7287759
407.6498261
462.0997385
333.4063545
207.4896287
259.9031881
274.7297008
329.8130801
424.3997842
281.5538619
295.2926653
332.2784755
352.854892
316.3758021
210.8690446
274.7543084
338.4651359
357.1270583
412.0109465
362.2798817
416.4142664
432.6330462
479.2464798
417.4660537
470.0020562
466.4930326
503.9271664
489.0101099
416.6063055
217.7144187
336.3934838
264.1415105
240.662121
256.7211933
259.7514119
305.5050686
250.9489921
283.3785162
371.7397869
406.4497579
318.5824333
333.0637499
377.4797384
400.521101
467.6253758
413.7778488
396.002145
378.6881981
354.3795857
388.1014792
409.6753834
356.4136409
444.5177566
501.485748
276.0583207
287.6157848
226.0477964
242.5979042
320.7697838
352.9704248
339.8905326
330.6451077
302.7494788
322.7048273
352.5143274
379.2598773
327.4444396
321.5402724
346.6167569
352.1379286
436.4523158
454.8457658
422.1837005
473.8356106
476.6723666
386.2211389
400.8934801
278.8554151
237.2325811
329.8710514
260.3683963
367.6012636
362.5547279
351.6705643
304.6235543
423.0911511
353.8447344
370.9727301
350.7552961
387.6430519
396.1322942
390.7209009
455.0127637
414.9372144
456.236464
371.8498821
417.0570994
301.6065509
282.3815516
336.5656961
372.7597396
260.9124966
253.5700123
311.239942
282.9397799
261.0131606
342.2811604
335.484083
372.8571323
378.9981993
382.5816225
441.1212854
226.4159974
269.9180584
328.2089974
205.405029
431.6347327
248.668301
350.247668
416.9901959
450.0412753
470.9094495
501.0961767
480.0092315
421.5471267
547.4891272
477.3021296
658.3904406
724.6750573
942.2666482
876.212385
877.1550829
898.6222041
995.2668739
1002.182481
1095.404167
1132.316995
1095.706447
1003.321934
886.8182811
861.8215789
734.2935617
555.5206607
477.1335558
433.203598
450.9186869
442.6715932
385.5128593
364.1862306
336.3014814
323.0144696
286.8129295
283.6703831
201.5629819
252.3267342
344.7088176
191.4001455
377.2219062
449.8021929
543.1893885
529.1146379
412.0568379
745.4478515
551.717819
590.3397087
729.2635679
669.8569488
913.8854363
940.3519128
1082.081178
1112.666143
1264.774481
1519.135005
1425.850343
1276.363079
1069.206169
843.1532837
1002.072574
852.2196232
721.6337524
559.0178828
445.1944922
363.3888695
366.1418562
282.8029128
317.4682283
387.0765845
329.4783603
311.7167115
360.5449918
401.6925403
149.970292
189.1719252
285.4903388
361.7322616
366.7479075
473.162549
482.4150529
489.1295632
369.3888437
531.9981103
573.7428783
493.1170587
751.2214424
727.4414449
888.9119446
1059.454113
966.1157794
911.2934453
1065.863337
1295.791598
1148.015933
1110.557006
1236.749206
992.4460106
821.4300408
734.8898354
690.6364237
500.4584677
554.2196177
524.913004
537.6054656
429.7516749
332.4875752
263.652247
333.3589071
342.6450589
364.4861558
293.413216
148.0517771
184.618075
239.3179383
270.8724535
348.3370996
212.8432063
396.7184799
401.2916229
453.6966394
522.7663473
558.5597371
747.9878815
763.6521712
728.3405129
835.6214155
1229.885511
1034.12134
1066.607618
1345.139926
1179.446706
1094.825513
1133.36837
1102.227407
967.4451983
880.7123253
845.0091165
663.1219944
496.3723537
515.7135049
426.1649115
342.2765085
376.3344197
261.9406836
231.5974331
188.102208
224.1739837
222.6952294
235.7822375
161.8681952
206.0050649
249.433087
298.4216652
400.5656888
216.2035862
433.8540811
498.7887812
493.2068703
506.0243867
467.5520322
725.5017388
730.6828377
658.344178
766.1188218
897.8260912
1020.276149
1061.990532
1221.636463
1147.148273
1193.489906
1158.100509
856.1767861
903.859015
875.4506948
688.3511896
813.3935379
679.7994478
637.7009399
516.6753876
382.6660353
325.7480849
315.8412021
282.5705052
304.0445509
293.8130108
228.8236436
258.6256328
305.9209812
273.1508343
348.8887613
176.5363539
323.5444277
257.5930711
356.0329464
462.3399554
487.1702649
456.6999797
506.4193794
521.3960834
646.6095631
517.2879097
876.5808097
909.8314657
742.394026
1006.529187
1090.250474
1118.087956
1257.897607
1073.951856
1146.909287
954.5522787
964.3212924
842.7293623
645.2234616
578.0963215
565.3261787
436.1111469
470.5867092
487.2591411
379.9514805
212.4718494
255.8765405
330.2404257
289.322726
292.7017951
262.7890756
222.4442531
242.7403257
249.4144193
242.1663589
295.1542313
387.8741994
358.4293352
481.1534273
472.9835348
636.3400911
560.7945713
712.36543
592.996788
799.1345683
878.3959985
977.4605896
937.5795138
931.9141375
931.7695038
1043.731044
964.1541729
980.4738145
876.021654
730.017958
645.8039751
589.2694529
551.0259009
496.0753296
369.161535
344.4559465
333.1548895
344.0104583
264.9803354
279.0999396
294.2638116
315.0595348
179.1655785
164.2419468
187.527018
218.3601607
231.1719291
321.5535542
390.3703057
449.7562022
397.8477809
426.3331361
471.3292811
488.3098626
556.578475
670.0040662
755.1279538
858.1859537
797.1726756
1002.284026
1015.817745
981.0213297
895.7406369
796.4213308
718.6326428
703.3050456
650.4272959
631.6146333
538.1869749
455.8203757
434.0406538
514.5263627
458.97611
497.5429963
464.9085502
463.5837065
496.7559132
330.6212315
347.6263115
175.6900013
192.8413195
189.0489059
437.3974478
398.3921442
329.5268961
490.2484718
402.2285078
453.566283
544.1611282
604.6801096
594.8348164
705.9444012
800.0141208
913.7556952
955.7274415
853.829326
1023.291771
1162.591349
1047.682055
952.8111197
914.3918215
927.3017713
794.094416
708.367628
619.3549804
544.879554
487.0381729
450.9912917
445.1900558
491.8382451
458.68804
464.6515841
464.9513613
433.7382121
420.0830663
403.8904707
272.2329441
272.7309843
172.6453628
361.6112853
313.4426372
411.4660601
397.7616028
490.387674
488.9099759
350.1558698
491.2951945
593.0014867
577.1426148
599.8436186
712.4657312
718.0655191
619.2320642
895.4599229
1014.340958
805.0070172
852.0431038
951.2307317
879.4878303
825.9716469
826.8122353
810.2456548
663.3333883
550.1939326
546.9849095
504.4738789
416.6793946
356.5245879
430.8314794
349.7139905
359.0602682
337.0590557
285.2817434
298.9748463
184.8163585
357.9613401
352.7897609
430.2952421
331.6823016
440.6062335
478.413961
453.8187717
406.6939877
492.4763238
530.3931426
463.7719151
646.5798806
691.1598238
719.770365
698.1355138
912.9799789
1113.911832
922.1411406
778.3304749
820.9951453
756.8930247
762.8042431
647.7028042
520.2211742
466.7995142
480.3113591
483.6329579
354.082951
460.4037495
452.464263
370.0008158
351.394031
297.5214499
286.2921739
190.6895086
262.0875748
270.2694776
282.7097644
363.9214101
376.4612789
423.9801069
443.0062036
477.0796415
416.1079976
420.5808257
514.4459103
581.4890029
626.6785347
654.9380579
613.156397
760.4136198
816.3956387
730.7908839
725.212819
658.3029835
805.9231427
724.5802823
718.8904356
758.8552242
713.1729651
644.0439677
615.7999913
541.6844096
425.7238295
395.7390044
469.1120578
536.1119711
393.4211714
379.1331491
388.0962761
209.0161424
172.7677
181.0423618
183.4493869
374.6166963
316.3503991
449.902907
482.9979351
542.3922366
395.2267549
660.5440869
483.4997677
469.6345135
623.5243347
721.1171428
630.1003119
740.3878792
738.3401784
768.5295625
743.3317471
720.196749
652.0476668
678.7162636
727.6215487
678.178026
722.6207541
680.7143306
662.9097067
563.8771725
498.7854563
555.6414849
492.1695324
530.9205124
446.1779316
287.9545825
264.9941196
174.2864487
360.9603363
474.8093621
367.1099345
305.7297317
480.3189315
494.2304162
462.8313905
486.9265453
531.8705758
501.2896079
460.8047832
474.7017524
626.5699993
685.768114
761.9799828
595.250778
575.409556
737.1009356
807.6435839
765.5499805
763.3578638
757.0073474
614.5820317
589.7042153
636.1459337
622.178523
606.5382795
622.9982477
513.0287562
517.3128228
404.1138714
484.808158
453.3283217
367.9763726
209.3372951
217.4301197
274.1416418
282.9410204
330.2720988
450.2665021
286.1679161
417.7524291
379.6788052
504.9739058
378.1188365
455.6212873
574.0210494
519.2684372
593.4119464
676.8236152
744.0864383
670.1955008
679.396785
601.7681906
516.7606643
539.3478016
607.5117023
572.0779221
504.7737819
511.7172646
494.4548485
482.1477525
498.866216
490.2296507
484.4366153
453.3295892
390.8655602
417.1358635
441.9518098
282.9751088
244.326606
397.409943
417.4564645
389.6594787
297.6975159
219.5978568
343.5240164
561.0922517
517.357531
540.7371715
577.8313918
494.0991416
611.2078418
452.7952178
521.8396387
656.0888735
557.6321347
775.1835916
578.0553125
618.1700979
574.7575024
504.1151392
438.4046385
498.7193789
610.8339358
563.3813647
523.686579
511.0222205
452.9186578
454.9549894
543.9841586
534.490926
448.8935704
396.3044769
239.1571447
301.9976404
326.3202038
302.7341411
281.06948
364.5994486
355.5351279
347.9845872
458.6368123
389.0674959
400.7427095
469.849342
493.3448357
564.4329962
543.4852157
499.9718388
515.2071489
553.4218175
655.8883208
631.9270692
635.1237373
752.9550696
722.1625239
774.8844011
627.9067307
649.624078
571.427419
574.8575411
582.0089009
512.066701
498.3054735
471.738927
408.8567673
236.6689872
172.7514986
317.1127502
477.006991
406.2779138
257.5239848
278.8141267
246.9965966
339.2163977
379.3267537
356.0037183
476.4066393
507.0464561
504.8443609
605.9870112
594.1711395
579.1622465
554.472038
570.1339559
491.0499979
464.4005481
512.2729149
492.7029607
553.7004222
522.7349152
488.7343325
507.8661335
528.2210893
494.6386222
486.9075802
546.5851261
565.300626
512.7732782
226.1380487
164.1896716
353.963171
242.7528564
273.625601
259.5185228
285.3860105
375.9097095
541.2412434
388.5820305
407.8068725
407.4161312
441.7789733
406.6152489
510.3559076
616.2990395
590.9311427
649.9778025
613.9187269
533.0891406
534.1127273
552.2976521
511.4267185
552.2684593
489.6378949
466.8667168
464.2924675
498.7109766
487.1196604
436.2188973
510.8944683
590.8277324
317.093579
346.6199489
227.1934285
317.2889929
298.4470023
341.6903772
313.4562433
397.1804165
482.6658987
362.8173595
416.3186935
487.3759746
488.7405353
514.2217543
572.4962036
626.4411052
640.6850878
522.5721023
522.4911706
511.5709247
466.4975149
498.7182021
496.9820067
418.6680662
397.1562466
385.7148869
348.6905083
344.7516363
431.1482396
478.556622
560.3343451
239.5371433
229.6585507
296.3938269
382.193303
306.1090658
399.03426
434.337575
370.7440014
462.7713253
415.9164765
319.2422587
449.6481187
348.3502819
369.0468058
508.2854789
583.0532667
551.1663379
505.49768
475.9585672
436.6126381
455.1788013
425.5271634
315.4136382
398.1648238
426.496297
388.0549203
503.3311086
572.1111424
528.0672297
389.4623118
379.797278
345.2612751
232.0891363
362.323097
289.8557903
306.3053448
236.2940837
303.8341356
254.2382279
405.0508619
271.67758
301.7274621
301.7070447
314.5117723
307.9876217
453.3034046
493.0900201
536.5898586
562.5032662
496.5265757
457.8278303
592.0107465
544.332164
511.5234631
559.5123603
587.082726
518.5209606
499.1387432
493.0858538
528.5031549
478.9718582
226.0177756
341.7988985
299.3807042
373.3974913
404.747033
288.0293458
230.4230512
378.9248759
351.4756097
369.2941517
363.9875541
407.5638023
383.0602533
466.4053657
398.7938945
426.5987206
451.5586722
472.4518232
423.6457218
364.5310025
363.2225115
340.8425501
309.2402896
391.0157399
355.7310603
399.7068183
388.490395
444.354669
409.985861
221.768837
288.1801575
212.2958235
303.3612493
388.8828604
315.3377743
306.0392111
333.1566394
319.8554136
358.0335446
408.2049514
373.5675469
403.6407819
426.8129345
372.1267096
364.1255311
371.4882707
407.2339138
359.3952226
300.8589366
320.9463451
330.0499245
373.3103056
371.6870317
347.1960998
432.056399
449.8362685
419.4635408
403.1533439
149.3083669
195.0570075
265.7588615
359.4510707
267.7319334
408.1855551
403.0740522
389.0377287
398.1191815
369.182658
432.7858611
440.9498586
358.2381469
393.007543
434.1643746
463.8716195
385.6070958
335.4379947
361.3439863
354.1844672
351.5501866
294.5173207
288.7901379
367.6924797
399.5908914
243.6825567
208.1609879
189.8428185
248.0145401
324.3494444
288.1499878
283.7930381
258.4086739
274.144387
241.5074308
245.0086978
330.1856378
260.4349117
170.4039233
305.9416123
263.2159629
285.2965472
295.4808522
294.8664657
296.3832824
366.2459229
363.9055332
296.061977
343.7137529
390.120849
397.1148917
315.5611436
207.5323193
326.8042137
369.8884103
400.9140836
401.4103208
361.2514051
361.024666
390.4008606
309.1941628
343.630417
296.8567899
260.6022138
298.9710477
321.4832047
313.5530124
314.0819883
291.461417
334.4016967
338.5038891
323.438987
311.3995943
266.720307
295.8395043
313.8491532
291.6989286
355.8466492
312.4704586
313.7526373
348.3286381
346.0472519
365.1907204
315.6134883
351.846534
399.2536942
322.258422
340.495843
318.0551336
282.2010663
322.6154481
442.6462708
287.1184795
276.8773333
279.8736734
304.6819261
277.6643474
287.2311666
382.7902523
410.7759994
339.8547339
381.4302845
434.6210852
391.3037045
471.6982186
445.8965299
411.8284543
497.5643318
164.8876558
183.6371353
364.8552895
187.5883344
238.7856571
319.0597632
421.8591339
332.9845328
412.6058482
376.968615
518.201319
575.3890553
512.3926587
764.6506747
900.3119478
973.2603585
864.6536294
843.8506037
1086.175915
1485.271342
1167.191602
1345.162603
1386.561548
1196.006984
910.0022617
618.0094829
573.1827393
533.1369669
457.4603972
335.5019818
371.5011141
329.3072169
260.7800262
255.5412619
256.4614933
249.4599395
314.0582464
302.8435648
225.6358096
180.0497278
193.8659381
338.1864507
377.6536602
312.5488015
258.4368452
453.4419191
424.4732843
382.0906343
529.0948712
713.2345196
485.9701722
704.5850781
854.3895153
1021.98153
1079.063498
1218.560468
1019.266492
1100.852109
1463.630419
1695.153842
1580.023504
1453.375072
1124.239921
924.7920479
726.2421436
633.1323698
493.1718121
423.3993794
495.4217104
344.7602464
268.8772801
298.3028153
274.7076594
245.2928473
255.7783158
258.1447354
246.7308259
232.7906825
198.8173763
296.183824
190.4596997
322.8433279
488.3605998
388.6501624
441.5053801
464.1494982
391.1329912
444.0431277
464.5236749
497.4693082
581.9034114
825.1160356
713.1891266
805.582373
985.9793562
900.6484435
1155.231477
1390.257194
1332.525724
1243.565871
1157.48827
1001.859923
966.5191654
751.2204277
568.5037186
400.4776767
417.9544899
352.7993067
394.9566401
347.8245348
284.4838085
262.9619054
181.6042894
175.8097189
230.3529509
183.9230675
203.4491898
368.4335659
388.7018666
187.9549048
359.6437911
378.483023
352.8055711
201.5710512
416.4155653
343.9949789
356.4977841
440.6269627
385.9358722
515.8798342
697.0882781
665.9087346
852.6260971
1082.989409
1083.47628
1055.572318
1238.959994
1341.369573
1320.064372
1064.436719
903.6224284
734.9263607
710.0862555
489.688823
501.4118376
544.391872
445.2793584
428.7200554
357.1556873
302.691658
323.7301702
292.8723647
261.1165094
218.3034911
222.4396764
195.9478833
443.8686486
269.0924401
268.3049735
373.2828513
226.5035476
325.3100907
273.2847194
218.1203596
448.944103
460.7661079
386.6727787
567.2015805
638.9649784
825.5253246
674.5780843
780.6858537
806.4160344
979.1733596
1113.841522
1156.610218
1198.971295
1261.698454
1071.899723
906.5049501
822.0687755
698.7105192
578.8346958
527.2412484
568.1135333
547.6564462
473.9666568
448.5797288
364.899348
317.0126574
386.3965621
278.1474728
225.3848104
232.4694301
230.1290151
248.2045982
155.3458984
361.9089247
255.8292132
383.8626475
373.2878792
433.1981053
581.7051789
452.0953524
441.1207557
613.0936508
634.6894534
701.3150438
795.9675285
1049.826889
880.9092948
1081.250205
1485.373089
1244.982817
1303.757806
1155.406091
1069.075096
983.9424398
814.9194329
772.4228585
588.4692865
387.9236744
363.2022859
340.9438115
330.3349093
302.847259
302.9620938
266.0524234
257.3222088
214.3543037
235.1691266
236.8181397
220.548456
177.9479976
182.0191163
388.2629108
264.411525
373.2398909
399.0555662
368.0424694
378.5859436
464.7982378
611.47879
598.7192677
569.7815049
711.2816288
706.4409061
851.0958108
978.5569271
957.43316
1042.479329
1310.764383
1321.685185
1238.504873
1133.880862
991.839074
876.6707875
720.335363
652.7960448
579.7860663
439.2262903
417.6042181
504.6807476
422.8060573
315.8821525
377.6189635
277.5004031
240.4351818
250.7601339
229.3115456
287.8895896
267.3367269
208.8082105
214.6043701
211.8069377
268.8967184
351.1270516
422.906081
466.9617858
698.8882519
595.9973202
550.6756077
541.0941458
648.2983473
625.1752316
839.8054587
1152.255193
1117.155402
1137.737099
1107.582591
886.9940249
1107.833973
899.3905546
754.215583
680.3791618
583.6108675
513.1229701
474.0234111
514.864472
380.5518012
400.583213
392.1685893
376.6106123
329.9415635
319.3004627
330.5878083
220.489892
257.2137249
220.2760283
218.2243267
171.3568142
187.3868255
204.9529208
439.9115443
457.3113859
519.3484675
461.2412706
502.5405322
490.6032859
499.9804973
537.9225549
684.782337
762.7390469
750.3971857
1034.771318
929.5351791
1054.870202
1260.936873
1149.962266
968.5092559
1008.933193
830.7990572
706.9068747
624.4919582
566.2313155
541.8836404
504.2114702
587.2820922
441.9499246
442.9166576
378.1522294
377.1648663
390.0769302
332.2510856
383.4889083
390.4821641
359.4596278
223.3772335
346.5763216
153.8694195
350.9562274
295.3023491
230.1582134
322.9891245
382.5912467
386.3799113
327.3070361
404.4652997
477.969682
577.887399
579.1087105
719.3246722
874.7619999
836.586262
1111.063913
1142.995455
1087.996954
999.6051009
1078.233771
831.6721761
745.7722117
629.1882572
573.7165975
558.8366827
547.5125532
453.1072519
427.3717456
372.1463783
321.9308616
335.1002322
379.6647785
366.5617123
366.749106
271.5848429
207.77705
265.2677377
210.580086
412.9923361
232.8235907
416.1827457
444.2761386
481.7827859
407.0062816
482.4098349
357.9825649
493.913838
599.4902272
586.1013978
942.9690462
847.9191839
970.8394509
957.176245
901.8312043
993.9468057
941.3198767
893.4062061
952.7505942
852.2952415
547.1912351
512.4822598
503.249606
463.2379522
402.8799451
425.5512233
497.9062872
493.8732821
426.7419136
416.6089448
336.7678654
348.7537773
351.6872546
235.1885091
244.8077798
306.8624082
272.3740845
403.471272
437.0273101
400.3180129
460.0068942
352.7706293
360.5477513
320.2489662
522.0685941
424.5462796
576.4653395
687.1371459
882.5681769
876.1119993
991.8671263
959.6540059
843.2199552
877.9959062
880.5130983
803.0220162
693.331563
674.3798559
696.3355341
647.3318108
621.7500519
507.2290785
393.5075088
380.9846066
392.0668729
419.2282891
393.3434487
342.3076852
309.9114864
258.2769345
194.4791136
190.7441586
360.5701857
425.4930078
377.1768383
379.4528394
394.5631254
372.3156448
472.3165682
373.2668417
598.5945991
503.5018195
502.4917651
637.4565129
576.7077932
651.9263286
793.008588
628.5579066
803.8978684
780.9015163
765.3917812
696.8407161
849.6019959
827.5125127
662.8911233
591.053553
624.3169461
528.4906448
545.0749817
616.3451426
487.9012337
380.5461066
308.4395408
343.1152429
313.9568451
260.5909364
219.8903187
268.4576017
354.4281226
399.4386321
418.31203
326.4295675
428.2591596
379.5622094
522.9391742
472.6215969
479.3045623
489.6996352
426.9651713
557.1620432
674.0327251
568.4977111
692.225972
708.2239027
702.9139128
723.1197289
725.7962673
704.4929101
635.912679
694.1422233
621.9128313
596.7517706
545.9612732
480.3750103
537.2250338
491.5714314
513.5659818
518.5769188
435.1226675
379.7038103
396.4188182
392.6863848
267.3229452
238.2758864
249.3527835
273.8413714
275.8101872
393.0979061
334.1452183
255.5141036
351.3112069
487.8256887
528.2210357
502.0352571
479.8418475
637.1762356
675.328926
612.8001116
665.3460411
724.0832424
770.6737934
720.1635482
707.3430609
679.8854385
703.5038486
672.5939551
641.1377023
566.017804
597.8977349
470.1277325
404.1248502
403.0165962
433.6991603
533.938352
486.7886272
447.1812239
392.0877158
419.7957976
241.3574734
155.3020396
314.115393
403.0598138
312.869921
187.9916073
286.5692157
335.6046475
287.5998753
412.9946881
447.6455743
469.7896427
656.5087615
610.7262978
802.2734583
688.2134792
603.505838
648.0047173
695.5992305
675.9500943
519.3478059
480.6137672
521.6956176
629.2441794
598.0961289
666.5589574
790.6947429
694.7035621
605.4065261
553.1619415
499.0223375
467.4446909
415.7019606
404.9301739
264.2793293
194.4342889
217.3801683
352.1432237
354.8992513
464.0504423
364.5431176
415.8584232
324.3069486
479.6067216
418.2834288
340.3494209
500.4625575
518.642707
609.8257191
538.2905353
514.4137523
578.7839854
565.3525882
579.1261796
471.1106648
565.8560244
597.7013618
614.6166762
596.163722
525.9173299
507.743785
624.1177951
615.2281022
650.560944
636.4723676
573.8484788
476.8651795
401.4800576
359.8270243
181.0525607
175.9324808
211.6465513
410.9467447
247.5067161
283.6438969
324.9641982
312.611367
350.012591
440.8295109
429.117918
478.7169592
464.0422837
588.7780097
624.0517237
523.0144636
535.2104133
623.0161579
651.7217517
559.0684709
584.7429917
472.4581626
465.5758704
469.6774613
483.7086251
527.1177851
564.2916776
542.5953614
449.8743376
513.4907673
539.6006869
520.8978676
441.5086281
206.2642632
240.0458069
215.0492906
394.6125554
229.0649715
294.2693572
292.4215132
275.8412437
315.9345467
336.9123966
406.9032338
389.1377903
320.617716
483.3675477
392.2148425
506.2285618
624.6431954
668.2731637
609.2200326
611.5633303
515.1955848
586.6970327
578.8107816
506.9812509
504.1376426
454.9768876
504.0983471
584.1889924
528.6696164
464.5494813
465.8166869
517.1242862
474.8942272
293.777226
273.631594
276.1435409
223.9412032
311.354509
331.847616
376.1376798
442.5069748
363.5207508
392.0925595
299.7356046
441.3857627
446.2003083
386.1925832
374.9211213
502.1419676
417.418202
380.1961431
445.5788766
465.2419083
552.1378614
583.9932079
506.1807145
516.9237858
517.8106972
543.1964863
519.674106
515.2521081
467.7823607
468.3035518
369.8935153
427.8671051
254.8559684
292.0721166
281.1047729
274.8085913
295.2456506
232.9046331
318.1388342
324.1365326
264.7452638
352.5922875
368.7811543
234.4034384
274.6085819
367.6302402
410.5853078
487.5846255
466.5889929
485.3708755
496.7786879
399.4420424
497.7246286
547.1264519
573.1899531
549.4210914
602.0945329
542.2206309
576.8082189
574.6691851
496.8026496
495.7149868
657.8510756
576.957672
258.4408759
232.7177393
247.4691112
253.73029
212.1016802
361.2677824
364.1630468
316.9268787
228.2759561
349.1631383
430.6738293
425.1608599
415.0604221
427.3104244
459.8731859
419.7299881
424.2884482
427.5452375
532.911108
404.7195746
537.7835379
487.0504721
453.902531
532.2064227
578.7485203
615.9742107
511.0784275
550.5182222
475.9462214
469.0978023
468.7530183
237.212394
234.6138775
205.3719155
274.5340073
300.8490448
328.9483272
417.8229477
258.1042154
364.4939135
322.188347
319.3033152
370.6970079
354.3186796
406.0656905
461.0612902
354.4316871
407.9579218
440.9208177
509.2223667
391.9242098
420.388424
462.3976079
449.0619181
448.7085596
422.8382134
499.749758
449.994386
480.7523728
513.9254292
540.4524377
248.3782818
261.0663749
265.1544832
206.5364812
294.3967855
304.9409258
293.5219107
360.894373
329.8748661
326.4846508
307.7421887
286.2977663
287.2373105
320.7115
362.4138258
406.0348063
402.1743576
387.1118288
431.733669
416.6450259
370.0905919
360.1312347
375.3688443
349.6435727
379.4566209
390.0079839
465.5717141
401.4617631
469.8714155
289.8945586
297.6305484
198.475346
177.2699948
326.7555532
406.8488055
449.6716306
376.1385049
396.3285639
390.4359578
389.5377912
346.0019158
360.8079462
376.5897133
391.0732469
383.2409455
393.4311496
430.0571965
420.8742215
490.3285299
488.2480459
419.9087725
463.810689
465.9013984
526.8111441
484.890621
472.0916121
399.3431596
390.1166498
176.2169037
238.287368
281.4931125
312.5089725
310.112799
263.7780187
260.1139726
275.0584823
320.6560156
301.8439833
351.7821312
385.3797346
372.5301807
336.0843614
352.4557213
340.8347528
442.4908899
418.4304965
354.7841032
389.7630681
454.4791702
464.3717595
492.2548123
508.2833707
468.3432343
221.2342863
189.7352657
330.0788265
421.4583254
361.3765396
310.658733
305.8820469
344.9625529
362.9050522
329.2276128
315.8648564
321.5435196
383.252437
337.7328301
329.3933534
343.2883895
297.1811755
356.9878898
398.6441918
321.482773
373.8434023
381.2673869
406.6855046
411.8752015
457.0678482
225.5513455
184.8486272
352.9123591
295.4492212
381.7272115
308.7610814
355.8065045
371.5310085
296.4923736
325.5083246
387.3014848
368.4707688
290.6166986
357.6016539
350.6580258
335.6524857
415.3060534
375.4962629
361.4047739
384.9097354
351.8105529
488.1262606
316.5078526
308.2647093
375.1404295
318.7480928
267.0923161
268.807876
372.9277119
335.362498
319.1315054
321.1508539
327.7800094
281.8428707
273.4293438
314.8735982
364.7267942
350.166671
318.9898574
314.3125773
377.1217721
564.5249836
312.5324218
221.7017925
183.5914833
207.227403
275.1638531
309.5711736
267.1650727
268.7380834
300.0495383
308.610499
319.7322988
314.3452622
442.1024818
161.9488896
302.1117097
185.079437
328.2169947
254.4258318
363.0963606
431.1293911
395.2021914
429.8883525
513.8156396
440.2027825
726.0999785
751.077941
923.4669995
1087.677227
945.9357143
1032.426657
1096.351794
1209.89491
1490.86236
1496.95303
1519.628141
1519.217361
1370.969659
1071.048613
737.4639877
556.0183845
547.4057034
537.0631432
493.5116389
384.1253736
391.4898046
380.793313
319.7146339
230.9616138
222.603757
219.9159437
196.3382639
149.1325376
133.6911631
253.5648149
192.3834571
209.4175033
307.9346852
455.4044991
563.2930608
450.2042633
637.3104826
604.1575907
518.0234393
591.3381199
708.3712714
790.807766
818.9616108
952.6249484
1099.703609
1026.710537
1096.32517
1217.875396
1215.446673
1340.164868
1408.565196
1479.77962
1279.212589
821.0481627
838.6292281
650.5075211
393.3177836
350.2485793
301.7501679
392.9043471
314.6653821
290.5682589
317.2827973
325.9214236
337.0414572
193.2086804
112.0527462
186.2335587
212.2646535
190.1933415
263.7519704
322.9086463
301.2317913
296.1249146
371.4489003
527.8174899
407.6933127
553.6808777
604.8351686
604.9267135
594.2478807
716.2754793
878.173347
835.970606
1052.488218
1240.541036
1521.742155
1452.950276
1479.913431
1505.40998
1454.424163
1248.141374
1009.602425
700.8178591
609.3822337
524.7242067
434.7286254
329.42562
306.7718118
368.4934578
348.8847519
239.2983454
171.8866902
173.7851335
128.5567728
162.8083757
97.54312873
97.65105272
336.7971705
152.9164731
152.0970482
377.539125
366.7165628
487.9039183
370.7973327
470.6237103
481.2863022
538.1896035
640.3098871
542.8361441
768.3225054
878.1040059
921.724178
1286.145084
1546.533882
1328.496302
1266.720093
1396.698919
1503.623506
1216.087604
1171.949037
1001.832326
867.2188494
510.9588232
528.0421567
460.6698319
356.5069745
321.4454847
340.0489281
301.8271317
326.280504
295.3519422
241.9267402
269.2166282
186.3640644
170.5389913
174.6012795
268.2698878
184.3697278
307.3942389
418.1794371
287.8828614
385.7423912
398.8673054
410.712878
502.5166432
530.1806482
537.0403027
612.3511225
789.3099632
964.8290013
1055.300847
947.9760092
1330.930035
1193.464528
1263.463086
1537.062867
1525.285463
1361.571456
1285.453964
990.8181422
756.0282298
683.2720214
604.1873295
550.3831236
435.9916042
351.6898469
270.395445
233.9895818
306.8065591
372.9741882
294.3141901
229.8967804
234.4287165
207.5642418
156.3561542
172.4086923
180.1870838
194.7891158
429.2525357
386.2321196
343.1039386
425.6765534
471.2975932
526.5578996
553.4201142
551.8618016
710.8709245
601.3958821
832.6256313
966.314265
1134.840831
1124.997502
1573.051047
1472.929895
1354.610806
1584.339394
1446.962857
1390.99059
1127.617891
858.8424956
738.1611625
560.4049439
516.9772125
453.6299429
451.965363
346.6649273
233.7128996
158.9382945
182.4356271
307.9619821
274.5024321
220.176953
270.96381
260.3113037
160.8570595
199.9357033
229.0988048
343.9055412
318.6406184
357.7935292
366.3274887
527.0223498
517.5453707
711.8015523
606.1678719
611.6206995
673.0348337
707.5636716
1002.355974
1136.494717
1176.491537
1179.281176
1367.788573
1322.152397
1164.438681
1247.343638
1190.711039
1041.863772
760.5657853
556.3377836
583.6041354
535.87259
480.3498399
413.6602131
350.0694861
375.8504573
385.6601086
299.3239655
278.2383285
359.9474891
357.75044
294.991602
326.8340451
199.5190556
328.4589907
165.3599919
196.9231819
297.3297367
279.7934442
463.5753355
478.7176053
513.6066395
509.7414461
668.3106248
656.5113618
632.6765962
845.1468276
894.1028493
1095.640892
1167.556899
1043.418649
1026.237591
1194.269497
1165.583928
1139.636455
924.1875489
670.0084077
620.1839608
715.5622625
548.5604269
415.9010913
463.4321045
471.1688108
462.4617221
489.4377505
453.2127379
354.797095
354.9883256
264.7102055
286.4300813
329.6680574
261.0581113
163.716198
162.2202018
186.7332745
152.7344734
431.8424793
422.985829
521.6718023
537.1517851
528.7445949
516.4757568
580.2976932
745.4934706
707.4614798
825.2887366
951.2084824
1047.033388
1059.157396
1284.290456
1253.278645
1150.97205
1062.995128
1118.44692
879.7060325
761.1849581
675.4149012
605.7364868
514.558371
355.1204651
406.6472459
414.2442465
347.9100128
376.276872
385.834878
306.5595465
276.8420097
284.0462675
307.0669945
323.1727394
178.8431453
162.7172264
164.684153
398.5637257
329.8257343
361.830731
274.4055744
480.9654782
487.169347
438.752997
562.0991653
525.1797235
788.0218469
749.4058362
744.6794633
853.6452172
972.6474162
946.9144656
1130.102968
1163.223229
1010.202633
1065.085719
771.0590067
723.9779201
657.3590369
615.3131488
559.3809917
430.0086284
364.3634211
410.410515
401.4493231
309.6467074
327.8610537
343.0714183
350.5285879
296.2549684
243.2182977
229.0951003
175.5228528
178.6577375
195.5959532
208.7504707
196.6195143
234.0090201
294.4943986
381.1071685
404.1703383
399.5983825
505.9582795
535.991389
648.0120662
624.7948636
777.1464568
708.1317226
774.7670958
937.0881353
877.2202386
966.3501343
894.3017187
898.7042549
945.6273327
770.7858716
693.1053714
550.1097195
457.0121506
492.6577472
465.9817835
489.0600532
532.7943592
487.3231133
462.9218631
386.6520842
374.3076917
369.4134024
329.940856
299.5017347
439.2954933
158.234153
209.0294647
189.84015
279.4456193
349.8305821
440.2516736
349.5568305
572.9697286
357.3250032
418.2410287
510.331689
545.6738169
518.1498005
671.015627
695.2954785
828.3419607
926.2920261
872.566401
995.3881709
972.7980228
948.0660432
1012.22591
965.7704066
681.9911012
543.2294837
528.5982757
518.6623403
527.0036103
517.0865604
393.3659489
322.455481
320.2000751
263.3307644
331.3230932
360.6333407
343.1064278
332.8298867
198.1627847
193.7365216
346.2889156
321.8978972
381.5295216
423.2422428
320.1321015
503.4301452
359.4553458
562.7419984
514.2510433
673.7736451
680.1143655
658.0007518
714.6682072
722.2122155
809.0716933
758.1219636
727.808049
734.6350095
654.6768598
706.6671344
773.8194273
764.9859884
678.8819022
639.5566602
607.0457258
529.7884247
484.9299504
455.4259286
419.6822085
372.5116422
392.0301886
372.085466
336.8835743
367.1580357
435.1437847
179.7270668
155.1438262
362.285037
160.4334248
196.3666652
296.3890384
308.7494242
350.9119097
324.0546447
411.5718456
497.3654511
448.5814004
534.0834528
545.1811316
625.8343859
603.8411741
724.6003677
727.4633742
655.2123998
656.2049539
730.7748695
837.5206603
767.1098261
749.3433029
609.5393779
571.946144
494.9361411
556.8695705
567.9903688
517.8433958
428.9790893
410.8394609
388.413762
353.5004439
345.1034498
320.2709742
342.0609345
205.5231139
328.821155
329.6420352
215.9242225
379.2508796
336.5272111
414.4605265
484.2532467
541.9333147
487.0517877
432.6423616
493.5441676
534.6769971
597.6610644
631.9834023
643.4885149
669.6539042
615.9085964
670.4554143
618.5891101
521.4646208
630.8823083
680.1821314
760.9028643
762.0522088
675.8916328
670.2608964
565.4689169
503.2394234
501.2136743
498.9017561
436.3442084
408.3275063
384.7306489
385.6476516
369.9521309
275.9413051
268.637434
314.603362
202.5588409
378.2102154
339.3916599
405.483906
523.9694873
573.4948269
466.7477822
332.3656225
397.221827
446.3792397
489.5204083
607.4730595
480.4162955
624.9122463
581.869934
590.8555866
579.1793093
580.8043572
520.6722257
535.1486167
714.4241901
802.6542206
725.9272829
506.7689668
528.6976328
601.7629872
668.4040557
591.4300805
613.3006616
486.6592248
484.6265428
418.2411336
414.0605648
224.7712075
294.1569073
182.1642669
302.26562
304.87958
438.905848
398.4842237
389.072666
424.5441713
386.0125893
469.2556242
427.4210247
525.2238506
605.5620436
587.1590662
676.1235619
625.9823849
696.6627266
631.5503391
603.1773409
669.419134
702.0197938
607.1688426
625.8975476
653.0454258
585.5011924
519.5350127
504.287596
496.088291
562.2776129
608.4380233
613.4635638
525.2667149
538.8714141
528.2812106
265.2347364
199.3443759
235.6260934
226.7189165
230.8429793
358.0783382
487.5227603
430.255595
374.0267196
433.775643
431.1376735
366.8069881
430.5888511
489.547833
502.9622981
477.6977133
579.0213531
575.1443385
512.8431509
568.0160997
704.1340856
621.8896654
625.8529328
649.9445826
521.0321716
451.9413394
443.9955051
499.8227074
463.3158965
427.7870367
447.6467075
505.3251554
428.3808335
429.1273375
404.2852825
250.468384
204.2580005
193.4165431
271.9463891
179.0640703
244.7080591
384.0806411
272.4740874
342.8709514
420.1590597
453.211812
422.9987387
371.9489764
431.5508792
550.3691993
481.862801
449.4623276
550.3624545
557.1818582
603.0805885
541.0566811
598.5414314
536.4209854
599.7191153
635.9016402
543.3596916
566.1042388
482.7028462
435.0355794
444.398633
493.7300494
455.3793456
398.9036363
436.2141629
213.3995342
278.2674944
375.6861801
277.3888225
301.6300909
404.8234648
382.1259795
456.2991035
286.2617953
321.6739296
269.9070034
489.9578103
371.8869017
436.3230612
524.3981136
425.4876335
399.7726033
538.5734699
572.0656691
547.4758617
562.805885
514.2132405
432.3699733
446.1008448
572.7586419
624.1360359
539.1796169
512.9024636
553.9742942
526.4937857
557.4014094
520.8481899
505.8285991
222.3232431
161.8019008
232.7641876
204.9911179
229.704156
284.6960105
367.0593797
297.0113047
312.1098585
242.0731431
360.7253084
354.9379017
400.4722483
475.6359449
431.055171
557.6911044
454.551346
500.4493522
559.3351335
545.9633536
628.7424125
578.305142
519.474006
574.9111939
511.1365414
519.1619372
475.9293998
463.0820944
455.5883185
483.3379661
480.4265732
459.1921143
421.4221586
242.4537972
234.9493816
178.4908672
193.5796039
224.4756753
389.415211
353.8037741
390.066778
369.6809645
379.152437
532.2372022
470.8709001
483.0216508
427.7583186
429.6650687
423.8235414
362.661713
492.4860465
514.136233
424.1186997
491.043839
408.1487521
423.5957837
442.9837991
448.9768007
454.81503
391.316894
422.1841336
438.4384699
416.3750458
444.5855175
464.4717517
289.2499731
230.4245331
209.5249223
226.572291
358.1813807
308.9041459
292.888226
218.5964632
327.2808774
325.7153183
348.0866253
482.3888104
481.1718383
410.0659817
463.69543
416.850443
341.2918559
394.0061504
494.533761
486.129084
523.0306273
463.4616052
466.3631644
437.8229049
395.1614582
437.5152276
410.0086223
353.8196613
354.2878907
354.8130007
433.7297028
216.2861542
143.8574375
278.3456333
233.9199319
209.5799891
282.6649713
276.410273
278.0865667
352.0904877
217.4446593
383.0995694
483.5397464
406.229365
432.3948296
365.2739899
370.9333676
386.1405673
353.1954564
429.6630104
418.535424
378.4157184
353.2569703
390.0909257
432.8787988
397.0180755
360.9505157
453.8452493
434.8433799
409.6627751
355.8094751
458.2596395
164.6620096
336.2773735
260.6867146
312.7000279
261.9338024
307.951654
232.5624953
286.1150413
298.1280185
358.5696638
446.1047775
335.7721679
358.0192383
432.5842452
354.1390092
325.5427469
398.5612132
393.973469
416.1815753
390.6782196
489.8370604
526.8453631
531.325693
493.1391927
466.5001525
441.6855308
471.7784803
474.5377137
425.6187146
211.3759969
279.0556706
300.4209154
288.7185676
349.1560149
312.6092269
400.0106681
402.1658148
395.1845779
347.155988
312.1998204
325.7800814
397.5666065
311.9492517
260.2844568
353.9729633
302.0095051
352.907986
281.8406202
372.8789589
478.3288829
452.3071068
419.0841304
378.5919733
355.9325716
359.5684089
220.8912631
182.300197
275.3065476
247.9042659
181.7652319
337.5067891
310.2646614
334.7620013
391.6061464
323.8440914
260.7433683
245.0178549
362.4659945
405.9035613
339.1297699
364.4013078
432.9223278
428.5150239
346.2494187
314.3740649
394.3820168
397.3532184
375.4460546
385.1812864
347.3128079
366.295775
375.7108806
234.5254824
209.0633751
188.3638113
304.609122
210.1447822
217.5643599
372.3304535
374.8815245
293.2536657
325.5650688
338.416611
353.9377877
360.6091099
323.0802966
334.1996019
413.328686
349.0784509
347.7733944
393.1594594
424.0073838
346.3774576
382.3869328
444.5412663
199.7657706
291.5378478
160.3941036
265.9887019
271.078945
230.4941973
185.4708692
297.8835299
344.8306374
372.467356
327.7766012
344.5076348
314.7168932
372.1936636
389.9291923
411.7560362
397.4373788
395.436317
394.2718081
388.331404
300.7276268
333.0946188
329.7766673
191.7792353
373.9126507
243.5744945
231.8039674
228.1409625
302.5510862
348.6410519
332.3680043
358.8884472
326.0208585
290.1248351
294.5480923
286.1184246
283.500283
235.7733022
288.8733508
356.7200938
562.7136111
373.1057053
276.4656357
238.9482913
344.3171546
348.6973822
364.8569531
390.5321049
363.7010801
300.0668747
392.8566323
401.309777
210.2739073
344.7623043
230.8140418
173.7387748
319.5435602
389.9251489
460.3789392
433.6650849
405.1434569
561.1123169
470.7748401
565.9435283
783.0120566
773.3753445
752.8840379
1037.880715
1116.286187
1320.297173
1434.213299
2025.810162
1856.851472
1581.911857
2161.158859
1924.174641
1325.052968
424.5314406
407.5884865
365.2933108
342.2321604
363.9323105
312.0249255
297.6906387
273.828145
188.6847226
103.9010284
91.05288643
189.4302662
174.6729654
106.8006177
96.21583157
181.1375338
261.118958
251.6948369
234.9974572
203.0960922
354.4534581
537.3687719
474.2466702
488.5134653
588.5225264
613.5247911
653.4546813
936.2696845
896.8102061
1045.796268
1141.325926
1265.247827
1366.040449
1435.305619
1369.388808
1304.365553
1415.258289
1656.0237
1101.103937
670.4611957
591.1997422
470.5264639
295.6448905
231.2241704
160.0816591
181.5831691
168.2312869
210.5835445
248.4383293
253.0013838
235.5777692
181.9940097
154.1829902
81.65218028
102.2849073
186.9557096
234.2368744
183.8336509
407.6918196
391.7388079
342.3729297
313.6257276
514.7441611
294.8057943
444.9376202
577.5902628
644.4408085
741.7810219
824.9372999
1100.792042
1203.776826
1293.318357
1378.071877
1396.127369
1648.051799
1826.228586
1054.343065
1430.271864
1245.450062
1537.804847
308.7409266
315.8417415
300.5728864
239.798068
179.1875035
149.3463659
173.7037315
251.2914914
225.0285301
219.4940783
189.4881822
154.0871824
174.4107144
158.4809371
118.1323477
171.6182473
315.9628576
193.6040567
308.3632599
388.6855154
387.9382251
421.4522545
555.2829245
471.140698
417.6789733
471.8484497
665.0131132
903.6214943
916.2784784
1067.894801
1308.120059
1307.604805
1429.644529
1568.026547
1736.036961
1739.307292
1486.079288
1568.7659
674.4190225
522.0439371
586.3816969
362.825843
420.007593
388.3144047
286.271868
250.0076457
221.5159494
213.9631734
217.754517
206.0341129
194.1359038
206.7632937
198.8207541
212.1322341
173.8387463
185.6346955
168.6943913
219.0064419
202.346217
368.8636258
352.2079186
390.6272111
546.727445
406.2745476
582.1176344
518.8077694
703.899944
812.7491999
862.9700491
1066.215577
1124.351517
1208.948746
1340.558623
1395.129777
1759.582571
1625.572307
1625.34956
836.4839637
1139.174153
767.4335799
542.0011796
500.7044199
378.3030249
398.5658309
324.8470798
222.0488016
189.3722923
206.5904727
234.8012727
188.836684
214.2968762
185.1484353
152.8179953
162.3287416
176.2078576
185.4754836
235.6311784
245.786465
250.0291658
423.5610526
419.4717694
326.330937
449.4601138
451.7346924
491.1601542
569.7226139
620.9571389
663.3985991
758.9661068
941.7783214
1050.927036
1222.375028
1383.684866
1446.577344
1642.824422
1570.181881
1604.544258
1679.926379
1159.67859
801.5424349
706.4190911
620.6626221
572.2574103
377.3745399
354.3558829
307.0564903
322.8251191
341.9422792
292.5901192
280.1003485
253.9668317
218.0197144
209.099871
220.2722694
228.5361402
205.1550932
156.7764333
305.8032542
226.7825373
376.5527139
293.6200067
342.5213932
221.9585784
406.8226071
405.5401546
681.730059
753.1000105
612.1135696
759.8205864
858.3699307
943.9035655
1240.434162
1233.789055
1590.789438
1439.757672
1531.143841
1285.513261
1157.666694
827.9403116
708.0492368
517.8504495
470.2852342
411.980784
438.5979625
370.5267779
287.3069156
226.7650565
228.1630771
229.9731282
254.8631265
315.6733603
367.9516563
344.8412523
222.3121259
152.6657082
194.1536406
382.369961
196.1282376
309.3361199
369.3540016
327.3127668
384.9197
368.6624843
464.0935932
508.4207624
604.1538245
664.160527
710.5001767
1085.038786
1031.699423
1152.15692
1274.471588
1353.294141
1476.337952
1602.445844
1323.205172
1145.177544
744.1744293
642.6120217
621.7001714
476.5870185
399.1685033
375.2079526
418.6698882
423.2788235
328.0983361
309.6365126
292.7798921
299.1315394
210.6401249
190.5636205
202.2053559
194.899114
199.2411405
224.5406902
175.4455309
182.5655242
340.6416733
270.9363068
376.4946368
419.9314483
411.4179719
411.1784565
470.3656997
471.3029754
566.9378227
687.6485633
656.5572612
871.1080239
1007.054506
1178.856368
1376.895646
1210.497144
1166.715987
1205.209734
1156.385174
931.1799799
857.6308683
723.4607887
565.3245332
619.8556212
552.9595401
471.3165039
307.9814861
324.4151992
309.0999893
354.3948849
350.1079868
353.8231782
297.538393
282.8413765
268.4202638
310.2094163
183.3967286
196.3418927
309.5061519
252.088021
415.1048771
353.5246802
372.4336994
325.8512724
412.4146441
519.3262442
618.2948542
612.0039387
764.7972903
884.6059881
899.4243467
1025.180083
982.5840809
1261.249193
1315.31077
1165.571246
1001.555506
1158.542581
1101.267577
860.3276749
704.4444579
686.2036078
614.4898381
511.0115208
422.0322589
451.2396
358.0329527
336.4541208
408.5486288
390.3708616
339.6670534
355.3915073
327.3906493
291.6506577
248.137875
214.1394049
163.5538338
365.7234301
271.9348537
288.7238351
268.636287
308.168304
275.8748783
436.781996
535.9406145
529.1676153
665.3409843
601.6174497
655.9501739
698.3012924
861.3795172
1027.611861
968.3909587
860.3701371
969.7410829
845.5999152
946.6963565
973.5228876
719.7829284
726.1382691
677.2183785
620.9810421
574.8289603
468.3164825
508.1936425
436.3005451
395.4927188
358.9874873
327.7506204
356.3124076
299.439951
301.0706013
311.6420661
326.6769596
356.9910313
320.7873599
244.4537058
404.1978567
312.0391042
343.2889451
413.5173743
391.4691801
582.5207714
431.4025232
613.760095
858.4672694
894.354816
891.5881358
976.5636259
1128.243596
1117.232347
1056.550097
1016.45888
897.0334205
1043.665037
890.8501394
824.266622
662.3861722
800.5856946
694.4745305
717.3006181
644.6448002
657.6319841
576.7983397
451.7324406
437.3909292
395.8036287
320.0750102
215.5046876
248.2566257
222.9562029
202.2696944
656.6350268
253.296009
189.8049983
411.0232707
383.1848655
392.9329294
422.9021386
451.1609418
456.1470964
356.4379333
435.0102218
655.9155523
702.6862391
745.4981527
675.7051728
864.7936936
807.0259029
803.1670134
948.4960625
877.3894412
822.4939064
772.3631102
758.1833575
771.6551741
680.0787715
703.2820702
593.637677
682.4525351
476.4681335
435.1237363
455.8428245
396.3025485
379.7608437
333.3724511
274.3551251
249.6074712
228.8850049
218.0961678
237.7975389
203.4733131
270.1112695
257.3422366
284.4757566
319.4663681
309.6896846
436.9078585
381.7282407
477.5487502
489.3382328
571.1511906
651.1270559
719.2922448
713.7495243
737.1836249
821.0995661
793.544782
769.6316633
864.6657948
789.8899755
739.6048622
695.8798382
808.3905459
626.6304659
664.610822
653.781702
648.408936
552.1116616
473.2567609
366.7949645
353.1976095
337.7044221
351.7115465
357.3977009
300.5004212
296.2048243
323.0048679
160.815583
252.462054
359.1930572
294.0110436
271.1449284
353.1250586
392.1090887
552.8188525
612.797131
457.8403668
550.9529243
487.173438
580.9580159
655.3603714
775.1491489
779.3349041
779.0886758
852.1389067
792.7208154
810.1494439
755.3311705
817.408289
726.0185748
716.881758
662.697086
662.2428404
553.8335073
551.7297609
534.3685047
564.8798894
491.1434583
539.1204399
473.6371945
417.0150128
339.984099
375.8394358
226.515746
293.8788675
205.7870812
264.7706892
266.2607809
278.7204106
252.6396431
336.1304353
390.1703303
400.372376
296.3716936
339.4100147
517.2943213
527.9645794
555.008554
639.0679702
690.3033894
761.3171522
732.9218016
798.8942863
702.9665669
809.1737009
622.3986993
659.7937324
604.0076171
590.0313174
471.9083624
433.5254601
467.8664019
437.0618373
492.5389654
548.77215
460.0441407
451.8905578
384.8825376
359.0902071
338.0996094
309.746764
330.1803747
259.849833
260.5573372
380.3301873
256.9469007
293.2448614
448.8036346
478.6650634
452.0314241
496.7491521
532.5566456
404.039909
567.5845295
492.8028575
662.3071528
629.1098353
583.1580211
649.4688913
684.5241037
669.5739035
627.8160727
578.7650938
597.3165873
528.5707345
656.7141006
655.4736348
577.7977261
512.5950654
457.6620734
442.016167
466.5497415
449.7987217
405.8855312
447.9955896
420.6347272
293.638802
176.3820605
191.3299323
172.8373114
171.2181931
275.0983551
324.5276005
305.5871662
322.6415964
365.6894232
441.6493482
533.3829578
424.2590754
482.5979747
574.7875534
576.0537776
609.2116356
611.531933
613.7600623
536.690986
563.4731253
634.9869979
535.4161865
580.0675883
536.8309377
545.395769
530.6408047
453.5807238
371.2911163
361.8268714
416.5155985
456.2519806
460.8339229
442.0993271
492.9755715
251.9405367
169.2568202
179.3297724
154.1579987
281.0671327
219.3898379
365.851061
374.2879325
295.7679062
355.2081738
331.1117762
355.3608878
366.299223
461.1335462
500.7958485
507.1786875
490.774545
499.1120497
488.2832702
605.8100175
543.4919559
536.0315263
456.3171806
438.6679802
470.3176134
476.9806445
649.8243284
580.9654337
543.9477214
462.7626159
451.297781
491.620333
491.1342333
534.019389
518.1905852
318.7162949
206.6688838
215.5321345
273.6477808
177.237349
368.3275108
457.3701497
403.1716826
304.3099997
304.9247995
279.5629077
426.8605748
513.6997491
497.0038646
440.8806265
495.9403638
600.2901615
530.4505547
551.5924168
534.7847389
583.2053211
513.8882386
533.1625283
637.7710324
584.4599293
483.4681628
519.8153681
574.2775346
588.3342804
509.5668937
489.5405005
469.7205795
470.5587736
444.0685512
168.7935499
193.6419846
365.2300585
245.660657
211.237711
311.9465881
241.2342167
293.409979
330.5937211
237.9786867
348.0955858
323.787744
314.5276688
350.6535184
270.5523799
345.0393279
426.9606983
495.2570468
490.4608357
396.4394379
406.0995723
476.8684778
526.5142686
482.6672614
469.3004518
392.8317247
424.8545612
424.178348
421.1643969
385.8853703
382.590617
416.4749965
468.3588707
248.8500898
187.8272195
319.1540778
232.2117725
232.9980566
257.5477487
388.0199947
298.9492873
353.8839753
238.2662904
350.7482071
339.4124125
427.163589
452.9659926
444.6390471
387.6424613
538.3302238
496.5611368
553.60487
480.3381339
421.6766132
406.3668815
450.4341985
459.1906594
517.3589136
477.0213468
431.6787064
468.6524072
522.6724922
498.5344941
501.1397154
477.6744449
484.0775274
380.5362104
168.0991628
199.1134165
195.8599342
370.219438
261.0595425
552.4116741
351.0074466
275.8625116
348.6436305
254.1246049
314.9878539
377.8263552
327.9320573
277.4130682
398.6329519
370.3114072
344.4549695
417.7723191
488.5180754
452.8640632
410.9122355
374.8817541
390.7101251
435.6655343
385.6895063
372.5058894
388.9036287
471.3643548
484.1759428
456.8659648
376.2395616
256.473639
227.4074
304.0828705
344.4691055
235.2583001
437.3439312
262.4115106
316.5481655
276.966159
394.7327219
310.9585275
364.0274655
330.5046211
362.1139652
398.3355115
514.3104335
457.4042524
392.269902
459.3858577
470.7369742
337.2113127
381.431557
328.1670093
410.0594627
410.9035559
390.032427
350.6074664
277.8928949
381.8370361
400.4928226
370.4675731
247.8832233
282.2530624
323.959423
285.6931471
396.3699397
337.0104159
372.10936
311.8540092
270.3086974
335.0784113
399.6138853
492.3232165
335.378356
382.9726432
348.6635309
387.7246566
375.9628095
441.1422042
390.1060833
432.1107351
504.2629687
517.4144217
482.3074958
423.3022816
392.5093939
431.2176454
382.7090352
379.4901564
390.0884981
407.8504662
194.0329376
380.4154487
247.805647
188.9410029
283.8771386
272.3260356
274.0129108
282.489678
246.9157446
287.6748881
336.7249493
410.8703542
371.1336961
273.741681
371.3605235
358.8269009
396.8875448
419.4392751
312.5295814
328.6401148
362.7856704
379.4603651
424.1409057
473.4657375
448.5223971
439.087858
442.3510854
391.3547058
376.3683781
197.3132116
221.7088796
261.9140871
187.5064394
288.2115599
171.2702654
260.5385413
236.7278298
331.8164249
348.342756
406.2988142
378.200995
407.7003313
406.9612007
381.9673651
402.8795378
413.5393523
399.0778585
411.1379543
433.8135518
438.9837948
393.6503322
400.9820274
439.2131971
401.9530168
419.0809672
371.1212999
345.6741823
297.7953
148.9370521
257.8285973
288.6732643
316.2289789
244.0052969
370.7678282
332.0252816
375.804264
337.513253
383.3882795
392.8115897
345.8785291
330.0077161
302.6208792
346.0902602
343.6450982
317.4618052
372.2630624
370.71797
367.8887267
326.5012533
383.6728596
360.2100806
383.7761876
272.1805591
174.5679702
311.1755989
352.1671139
353.0458741
294.9748392
255.7514771
233.3682098
277.5685338
330.2502639
292.336481
397.1337185
388.961764
448.1557879
450.4396969
390.5487089
371.8568195
391.1149675
436.6905493
342.3368652
328.5554067
298.1436764
268.7934525
251.2379135
264.8291309
215.4868827
243.434585
249.6699201
299.6188099
179.286233
223.66235
268.2598072
329.6233473
295.6812523
437.3502101
391.7504035
327.8325242
396.3668523
381.3609605
402.8857097
380.93353
410.0876639
332.7274905
371.4651535
479.4831157
275.5633356
214.4251377
212.0555505
210.3847127
259.4116464
331.3070247
322.6244209
361.4761844
348.1126113
334.2689937
292.5261182
320.232792
316.8270105
393.7760209
346.6009292
395.0459191
302.198735
198.6863895
352.0974044
329.6260527
248.2731786
242.2112869
395.3693959
178.7924085
334.767968
271.4979367
455.7905982
179.6997986
276.3216922
392.7147845
510.7470189
400.5814392
463.2834745
450.8284422
452.268971
585.9066371
590.1285998
1058.459649
1056.475775
1455.834572
1654.332408
1521.22529
1702.205704
2155.154798
1792.515479
2481.452243
2635.090928
1022.210056
495.6794508
238.7095537
283.3486877
303.7372713
307.8394753
209.6414117
181.0642857
133.7817767
85.64889809
134.9799782
166.9821092
126.1057602
99.8961213
132.2873042
146.5525721
126.1257282
397.1037721
173.9672899
265.8150242
458.8980702
440.285548
451.1803807
440.1607095
527.7371978
644.8015229
540.7103544
633.2339653
798.6909744
791.172185
1052.214331
1122.240788
1267.947703
1448.946503
1715.924892
1978.363902
1718.951769
1781.765556
1993.40807
1562.603652
2790.027853
489.5212208
228.8462213
269.668165
144.4456804
133.5351551
163.4842964
174.3038261
140.6050508
142.7998589
190.1607462
188.7706556
171.1509839
231.1226879
172.8937893
126.9106729
137.0121357
124.2731518
175.0067312
183.0517351
297.0015386
343.9012862
277.5444402
365.3944717
399.8198132
422.950987
490.055796
585.2556597
747.5052436
748.5935537
848.248932
1005.859577
927.8395274
1274.448698
1526.886191
1509.418467
1796.100532
1755.872851
1559.752561
3270.714372
2364.142272
1928.221047
1057.070269
249.0803598
192.9778149
206.2439489
214.2290704
205.2970156
221.6256697
280.9231723
322.6585606
295.7107189
202.1133258
191.1442715
139.8858532
162.5811063
123.0107702
115.6126508
109.6998993
250.0552981
190.0689734
177.7123213
199.9979092
286.1866993
336.8943196
413.5931499
461.4871916
461.386024
596.6035491
473.587636
708.0559128
718.4748587
736.6607937
996.701166
1246.112543
1301.498974
1604.6119
1774.141151
1793.979961
1734.979555
1815.596152
1755.271203
2099.337365
830.5812051
547.5847781
253.3641392
253.7682847
262.6136999
206.6099838
220.62385
200.672807
185.6961132
128.0726841
147.4505945
126.0440763
122.0828786
162.2619958
174.6722417
135.2330792
160.8747652
303.9306781
168.2313499
162.5472069
168.5487657
349.6722024
371.7083045
421.9927256
492.0969951
487.9835141
663.6146079
684.7428442
704.7094722
831.4910706
961.6783562
1196.061049
1381.139146
1477.083075
1495.591494
1514.798722
1751.127352
1169.861574
2220.100588
1660.856325
804.8035623
547.9152853
441.9331161
434.4166953
295.2081524
257.5995119
233.9728514
174.2401028
110.6569584
162.3176967
149.0660635
167.2040019
197.5552411
187.2476776
177.4830067
113.3535322
111.220561
207.2140539
247.657977
217.1418213
173.3814689
250.837346
394.2970966
293.2196285
408.5245126
385.8265454
492.7726439
814.1968046
894.6929706
1004.885316
1165.451476
951.2445116
1309.426345
1579.998916
1416.486827
1639.862853
2600.718604
1737.93479
2500.554313
2068.772678
926.6057777
613.7077441
458.8632715
330.9032197
313.4640979
320.9648096
324.7679347
253.9263872
192.5200346
263.3297784
271.5407783
221.8607585
161.1938596
129.5479071
137.2487942
144.0769287
165.6553331
278.3572936
367.0345715
363.9725681
277.5213614
244.7227306
323.603389
410.778935
357.2513465
390.9558827
450.3397158
507.8137579
716.7926145
767.374999
930.3813236
1171.740601
1200.491937
1386.535263
1816.069306
1677.270596
1747.475072
1565.522692
1349.940004
1350.499823
868.3227601
556.9478602
389.0678739
331.6348294
316.6688346
282.273541
302.4061564
316.8985845
346.6418864
284.4010774
278.0924869
233.6108602
220.3906658
229.04749
259.5428332
307.8718958
288.315964
288.1999337
283.8558925
369.6029203
396.5193288
339.4797115
272.3706179
305.5184822
482.7104991
505.3027932
476.3182845
707.8442652
623.3879922
747.3816625
835.275903
1082.20952
1241.380679
1397.247663
1765.977425
1941.835068
1680.796381
1509.447896
1334.578575
1054.212106
825.8393034
689.694301
485.7951014
419.0450422
400.3293421
350.0070706
308.992281
348.7237475
305.4072023
320.2275927
316.0212382
269.2438739
286.2210212
328.4065763
226.548759
132.4860464
194.080716
211.6811018
281.7700486
191.4721571
259.3238224
341.4434076
295.5215113
314.7742526
446.2211338
530.6004174
423.0276242
665.5759214
599.8169298
748.1701348
955.3453096
901.1125526
998.0053504
1228.969443
1539.240607
1474.0551
1353.999573
1536.914124
1204.012143
987.8547032
865.0257001
684.5288865
611.8458428
596.0683484
396.4604974
360.2458244
292.7714112
247.7343235
264.0651062
276.6594377
209.3713562
211.4910085
249.5536193
184.4051881
165.3542839
217.2900843
216.0338872
322.8471629
208.6160852
404.2322318
388.0421997
288.078166
374.805973
352.4139065
406.6773801
530.2596522
502.4505285
553.9142056
694.2890162
868.6185615
900.8407837
840.8391373
938.0577295
1099.449337
1144.539278
1135.369777
1040.189307
1142.601373
911.104904
758.3071319
700.7472849
553.4376174
402.2256033
394.4691111
309.9605183
292.6636739
251.8381723
263.8401901
342.6558745
348.5290489
409.6201013
353.7060985
277.1120065
236.738735
228.6964442
242.0284209
278.5906626
230.9081114
350.6076822
382.6621447
270.9828943
270.7584792
302.1327753
443.40622
456.8911933
515.0149617
540.6315129
687.0021785
695.9635517
788.1232454
945.2120317
1115.167056
1043.21948
995.2104591
1240.481107
1114.364047
1037.352914
974.9543172
714.7005714
555.3502961
634.0824175
515.0304315
439.3749088
450.6848645
419.5179395
364.0142192
377.414553
374.5027626
383.8935977
307.2687781
382.5788602
338.569326
305.8888268
295.2250913
338.2704871
199.5991975
276.8326459
182.789187
198.3256104
319.235134
339.7980996
312.4293677
269.7286267
368.7702273
566.4566585
410.8025987
484.6239351
680.7803736
844.5160824
878.0928318
957.6123003
932.4687427
969.2791694
1006.347037
1122.707906
1052.333711
782.1485294
722.7971389
739.7813979
652.8681685
574.8507268
540.6610813
483.3527035
382.942433
375.1095046
322.721643
326.958991
316.9471747
339.7797863
292.4330721
250.5492591
251.2329369
281.1140383
231.4124155
325.9294776
234.1089371
325.5920272
400.7804967
354.1044968
296.9757672
350.4148333
251.8625885
391.0492088
419.7245682
499.4985888
530.5395303
597.0698634
610.1442308
729.0039117
811.4303636
772.5291982
785.1524889
776.9443164
640.4896701
798.0826725
802.6371495
672.6636363
654.2391217
718.7051903
651.9269517
631.7117878
662.7457786
550.6752125
517.9029172
389.6313295
352.5152455
337.3915631
301.8419838
317.5491046
252.1139298
309.4232959
326.5836655
178.4643119
332.7565709
301.4354154
312.980095
360.755655
193.5715838
499.3532969
408.2849575
405.8627525
438.4922531
347.5328475
496.5316203
547.0982422
580.4623415
632.8133615
854.9390446
921.962196
995.9062686
895.9719807
963.865391
950.1410288
808.5588454
684.2903546
650.1008947
604.1732217
570.4221491
574.921792
513.2068734
546.4042642
452.4260357
422.1008292
433.5289017
377.4852012
322.8494671
369.557368
392.9665324
329.4974729
252.9242241
199.344178
309.866056
269.350185
330.5092631
436.9988657
273.1870766
409.5129306
413.931211
353.9868914
441.1071559
453.6846137
408.1670413
520.4465286
648.7443202
709.5866008
643.6905388
773.6352357
845.7236225
806.3260789
790.9934132
743.0985239
677.1881741
648.3906669
523.621219
619.7210596
532.625465
481.5502204
570.2992818
604.8942016
533.8466407
466.6999704
486.2664477
404.4638995
344.3342737
343.26221
356.1485975
353.0330133
304.3773119
174.7583773
302.4747977
339.0707205
374.4671049
341.0776051
173.9571928
239.1300779
399.8448391
464.9548672
432.6441731
534.9251362
525.6082642
536.8955978
593.8310912
588.7431273
661.3263288
640.4251599
714.4899432
673.84192
691.1628486
680.0691086
781.3053489
702.5147318
663.9549361
628.3483174
550.4764252
464.6780012
449.7290343
469.4764792
455.1840401
447.2274817
419.5077098
395.1670131
430.4104155
409.7319649
391.0924668
361.2483308
222.9135749
174.7950823
294.4484235
248.5238575
189.997058
386.861073
245.3852005
295.1567368
394.2699798
470.7460723
484.7050244
418.5608725
507.7321133
521.5168867
530.3308966
578.6892712
628.2296978
630.4601245
664.2230323
756.2404408
742.2709754
770.2244887
850.065815
718.7991094
763.438378
718.719377
645.5293269
526.2512777
449.7783989
460.1372053
495.9920321
474.4240169
494.2086299
413.0605531
380.2032465
412.777364
404.3638692
243.5299095
161.2555551
299.5796814
185.3173585
202.5966872
324.5448505
375.6811511
262.8212022
491.5709257
431.0445448
437.7338619
409.6740296
476.3521336
400.3655397
434.2074812
523.6054454
462.9413226
496.0299028
496.7838165
551.9358874
538.6357213
658.3002526
699.4039547
771.2925306
675.7830015
694.4823486
678.0577733
587.690711
473.7015668
459.1138728
402.8042834
397.0231196
463.3560802
465.2436099
444.124063
457.8091149
263.7596795
201.7635052
187.827111
357.4129512
212.1686014
293.3932055
385.1233248
418.5078996
346.9985743
441.0058416
345.6183866
418.00135
450.0102924
407.8708846
374.6369162
435.5153599
375.4664038
406.3191848
367.7144732
620.8984649
548.5831846
515.9069763
609.828689
559.9690762
483.772967
518.5374462
543.5092441
645.5734492
459.2836044
445.7112776
343.3758541
317.6379924
428.0089321
436.0275645
383.6340262
194.9851241
152.9097751
187.02847
356.2922066
184.0743973
206.9727999
353.4094079
280.785468
391.0211706
448.6916941
421.3187114
583.6029595
579.0943449
489.8966356
467.8536896
398.0263105
531.1604121
583.0947843
653.3080638
527.3950448
590.3759648
672.847253
603.8162832
528.1369048
577.6216557
536.1159422
468.438773
437.2565734
481.0698619
405.6971663
436.9596693
436.3686454
353.2492687
400.2259932
374.553235
242.8971668
207.063941
242.6281855
244.2833147
195.1462183
326.3480215
273.0361941
326.8716209
396.4607564
360.37633
443.337215
538.399919
470.8785674
499.1330166
439.8013352
381.3652991
568.9051482
502.5033394
471.1342153
402.7079894
464.3345951
470.6714662
439.6349313
388.7625156
392.6478529
413.9861012
450.2323204
433.4732955
376.9222443
385.8775677
412.552435
430.0439761
369.1274652
361.175758
261.8766881
277.7767227
197.7811769
203.6603175
252.0201674
265.8690127
348.5239931
327.4253798
278.3783912
309.2679581
401.1178541
416.1303612
354.6359512
406.6669385
398.5176211
437.8077465
471.4417034
507.542772
524.4452403
466.061083
501.0113365
539.3097163
630.8385236
559.6352526
525.0319747
472.8372128
541.1545518
536.7482991
475.2316042
408.9268057
404.1330245
479.1568044
508.5421621
182.0274946
215.156248
314.7340562
400.6156213
242.7713106
274.8987539
378.5463351
278.2310647
391.8664738
345.9956043
387.6285835
351.6957424
299.8203766
407.4344878
324.6925867
334.6397613
274.6862463
396.4806281
398.0266427
315.420209
318.2495423
345.3932694
408.4210686
463.6722926
424.6493368
434.3683985
470.451628
482.9633141
413.2240919
314.9000515
349.2409899
427.5513133
329.2061782
151.4345692
228.2670488
345.4482848
200.4772478
316.2534054
317.7558252
279.4088848
378.4012477
298.0130277
353.6044311
437.3389022
436.5863021
455.1439599
421.0848727
350.0337707
355.0082418
388.9829578
387.3197551
370.8412203
423.636219
416.0928979
440.5400959
524.0987855
431.3354551
436.8163165
404.3512274
418.5233218
498.9886454
467.3752931
485.3178261
467.9224954
330.3270827
156.3140831
310.6596471
281.1162121
233.4303763
381.4438268
384.4004505
337.0029767
371.4813812
248.4552559
288.1593717
312.7829471
288.6599506
409.3277332
342.0720969
387.8683571
368.0328963
384.2340354
329.5137223
320.7272191
445.0463834
400.0807205
390.2362063
430.1804387
473.2980621
465.7110979
509.4349216
467.4472563
444.7285075
441.3371567
453.3855071
183.2911863
182.44192
173.3047166
280.4195559
244.7545756
288.0416568
283.4309105
292.1245145
259.8420774
360.7436743
330.7164087
368.7075659
352.7305526
418.0846932
397.357322
387.5875744
417.2835067
287.2163361
308.2539429
376.4804329
437.6812726
363.8915943
409.9200303
388.3834745
375.5746582
432.9036797
364.5685029
408.1320395
401.0449848
479.0004012
291.674985
196.9324157
242.8109239
250.910639
233.5918731
286.5449825
238.6372095
335.12368
329.0395479
296.2150174
433.5684336
494.9110538
415.0850816
484.8407053
443.0207609
406.5684849
362.9917668
342.064465
319.3323739
395.5622889
316.9097374
296.6570769
317.4438939
290.5619956
328.5259769
335.3085022
366.0886505
353.3742525
172.1461127
209.8107977
201.8563582
212.7093024
235.145982
297.7724971
203.0258238
321.9331756
382.1912968
346.0935746
356.5404907
411.2314722
339.8136862
371.1949476
391.7204783
308.2274924
335.5935816
343.6275402
415.91675
411.7237718
369.7989557
337.346373
376.7609646
346.7903935
363.1202597
428.6563883
326.6926965
157.1146063
190.3193618
255.5185101
295.5876762
252.4639689
192.9747703
202.6530917
197.1663757
268.0444099
304.5277555
356.0169559
355.8733562
327.8780709
320.2863446
351.2377607
339.9567811
378.76109
361.0277707
337.8471727
369.8702831
350.1485442
343.7496146
311.7865754
356.5463547
240.6706054
196.506735
265.6736642
377.2180132
313.500851
252.5941027
342.1894274
216.8384795
277.2380239
270.5542952
313.8952622
235.3755247
254.9497875
260.0339773
294.2328216
264.3090034
287.4965585
392.0692589
363.4060363
387.390581
323.6840853
277.4292876
391.8083778
197.4300811
239.3907804
261.1619671
282.8705413
243.75138
241.5580947
195.2916433
203.0768115
243.0388704
333.2884605
300.2633423
297.0392614
286.1051614
313.4787279
294.0107865
302.49586
345.9016765
379.3147172
397.7361224
581.4158665
283.8900376
232.2127926
212.1951086
147.0746263
203.60534
201.9203506
191.8325518
266.3078633
288.2280099
291.8868079
320.5631846
238.0675855
320.0216952
313.2385848
202.6730171
206.5513699
288.0009289
260.5580674
357.3606262
366.7606981
293.7446578
416.9766054
482.5608945
476.589179
590.9619451
580.7420699
864.3742337
1009.030565
1248.200039
1431.533486
1773.538319
1803.47026
1817.440895
2174.454367
2018.614815
3206.909217
0
0
130.0447168
89.10683089
145.8331218
194.8544513
187.8267655
167.4156199
165.3660726
161.0111663
167.8844013
186.812098
138.9839719
101.1443019
86.96287412
111.2220791
361.9880105
461.1975795
255.3633765
388.5051184
254.5239164
273.6969014
357.5142462
431.0809974
483.836576
611.5757874
645.6105062
721.6717779
1009.787141
909.9118079
1271.489449
1337.827554
1454.842569
1986.573989
2301.508627
1976.387893
2998.580204
2991.572994
0.004647804858
151.6274482
104.6090086
216.2862522
190.9899384
121.72298
103.7766308
226.3295974
157.3049848
170.2298002
170.2798506
124.0106424
143.8166217
91.14465681
54.36796647
87.25262922
194.5862122
208.9868253
190.6348409
412.6049649
310.4988533
186.4142014
497.5595899
493.6572038
522.8832676
607.1933538
685.6902486
761.8943124
881.8534226
946.960884
1015.249565
1567.811761
1621.345589
1760.466459
1928.759491
2618.448057
2116.896555
3344.459875
4599.872282
0
0
155.1977479
143.9546462
130.5902111
108.2270473
160.8177092
113.3277015
192.6128077
224.2543603
170.8407475
162.8969155
123.968265
133.0924355
160.9843353
101.9337316
173.1331926
171.9841122
184.2113172
193.7179263
360.7066859
330.9458142
361.3357446
521.7975527
636.1254023
707.2873313
717.251497
750.2434993
868.6401299
915.8663591
1142.638876
1291.845104
1542.805759
1810.14398
1817.422352
1960.340018
2226.262456
4331.082357
3700.748225
118.6792677
159.7775016
91.12237084
108.7560958
92.40152628
117.3652237
105.4465283
117.3849471
72.75298832
73.01277983
166.3682717
157.3103877
190.2824216
128.7396781
198.3953109
195.0074233
186.5941245
359.634053
223.9914829
278.1992525
221.4343618
230.702968
513.0769146
517.2381177
539.7558945
576.5222108
715.6298018
773.421411
895.0934626
886.4957019
978.8546405
1396.261236
1770.026772
2164.424899
1688.715099
1432.912073
2799.320748
3119.929644
3775.052983
95.73579287
257.6196982
98.94326556
168.4804814
182.5048066
162.6602096
148.2468242
114.1244963
92.33042826
73.56998165
64.17383007
57.20901368
118.9162868
108.0888301
129.043775
110.021197
154.6025262
165.4686259
170.55415
156.2698315
145.1573638
356.9641224
240.8651452
276.8431227
271.8894534
444.3869834
466.4975004
559.4303097
884.9670552
822.0011142
1176.710907
1212.314687
1439.873801
1594.856529
1672.57589
1569.214351
2111.44805
2276.46855
2474.868808
3699.42865
1508.818758
65.70450388
264.319351
91.38857774
136.6308875
126.0111885
102.3119335
156.8220982
205.743773
219.8205206
118.5195214
108.7970898
98.2117539
85.62529315
136.0184835
55.52518279
66.81212548
59.83964271
203.0923221
181.2092197
254.8037102
436.6369053
539.9806215
424.6041005
287.0135372
528.2484973
455.121174
509.2666331
381.7892564
558.9687759
853.2324459
936.8599466
1134.857423
1268.305318
1354.820334
1503.067161
1755.028121
1582.982245
1513.483049
1945.004834
2187.184531
1185.662864
719.0081208
277.4041947
256.2829848
172.3952602
230.7058541
212.0732026
235.6221091
290.5805106
208.1643931
209.3972832
181.7486891
140.2288806
130.1530239
136.609455
243.8313646
279.8715267
163.0029845
175.7797612
160.8517859
161.7880598
397.7266192
308.8684738
338.8560885
420.5490011
381.1924013
375.3329209
383.8006298
551.5012535
692.6454313
648.8722036
957.9466765
912.1889368
1150.129592
1612.782626
1927.71642
1735.73893
1304.913362
1265.905543
1404.189533
919.5994322
431.2645166
359.7155517
311.3936168
283.6550432
223.5154512
248.0015739
299.3967688
170.7322954
125.6499493
170.3370683
116.154006
162.7548601
202.872182
95.0772254
145.6790096
159.3551102
162.4514031
172.1909025
156.8776732
167.3747422
364.1157938
376.7450472
211.672679
334.9969971
486.6513653
491.9255296
516.140573
567.1258515
639.2768412
896.3999492
968.691276
846.5361006
1273.771751
1385.898046
1619.717418
1676.174689
1696.68479
1948.98809
922.1223532
1009.306324
656.5754901
456.8093612
404.1163459
448.2975786
397.6216928
339.6532701
310.0978178
276.7319191
250.5468248
221.8238839
241.5680417
168.726746
160.1579027
209.210617
187.4752315
166.3812436
181.4041233
172.8312513
187.7128678
167.6132279
218.3008714
284.6690235
235.8554159
270.5602019
323.3542676
365.3179891
510.5048654
593.0620048
723.1593506
901.5763906
902.1256131
822.0918075
1179.023733
1272.509416
1212.683424
1440.066631
1530.158205
1070.220229
942.4376715
888.2195457
770.5810029
671.479406
456.4500563
448.2065927
367.0765414
288.8015561
239.6016127
237.704071
292.0558448
270.3361969
282.8683112
275.7677484
241.4723825
215.0992047
175.4676645
144.2374069
186.6610303
181.0667331
174.0465334
190.8480203
256.9422226
301.1550372
253.585589
319.5763503
287.844983
335.5815345
455.609521
599.8434721
534.5042448
657.4209571
750.6369143
899.6409745
1066.113697
1069.470947
1125.485573
1181.795877
1280.484391
1013.893034
849.8696648
834.6428321
705.8118951
588.6746441
570.8104703
473.0637689
415.5522671
367.4208033
338.8411663
298.4103872
266.2065052
294.669261
284.7791216
331.5028919
204.2572162
225.0168434
232.066104
193.9501059
132.839979
192.927706
202.4130438
174.7355796
382.6305626
289.6649982
332.2703416
234.6033093
271.0764352
350.1305445
461.8096048
440.2392387
549.5209625
699.59527
798.311226
709.6767507
1046.23035
1107.089023
1239.559252
1070.532075
840.4724383
786.2867483
605.2005082
626.2037855
535.2357749
444.9956152
485.1377756
470.3518598
356.9019109
298.5652066
298.8546965
303.782757
326.0555088
349.1762719
282.3548977
350.041012
347.596973
291.8787642
328.4865964
309.1086151
137.6611691
170.6389427
170.6377631
230.9981575
293.6537142
357.023743
320.6314791
431.1056232
437.2063632
434.3539672
391.374548
457.4401031
598.4987099
650.5885123
785.8678939
949.8795885
997.8274845
1082.311437
1125.105642
934.4137893
983.6075342
884.7573897
747.4188086
621.1447905
555.6764073
479.2460554
521.3525757
436.4164829
340.3364166
357.3953359
401.2920072
383.0450775
374.7373376
394.9935838
346.0833524
354.7867709
306.1801646
250.3830788
242.1964551
347.5302476
169.5548184
344.4813766
260.8367509
422.1396149
416.2836085
462.2109793
391.7507055
328.0337636
397.7918478
451.6752656
532.2099296
546.3449639
529.1424644
705.2169782
843.0557962
1029.330103
1144.197367
1047.683258
1088.269598
855.829005
777.8289522
805.7155914
723.2758457
552.0009692
511.0784079
413.099382
527.5475859
489.8275504
401.8097921
447.2651794
455.9088869
447.9655468
527.3874082
432.2951794
362.2413397
360.2412727
300.9040796
305.3427737
177.8576737
234.0493898
356.9015303
448.2240481
402.0443104
363.2438458
303.9238779
394.3076481
396.8655367
437.8547515
459.9256235
556.4073279
597.8782616
543.8100659
783.6536193
808.4180553
778.4079481
922.6245017
893.5700336
975.4703169
734.2407455
764.6362416
697.7994631
588.7460979
667.9442616
676.2430848
566.8339
495.4691599
437.9193992
538.9692638
509.6091655
425.5046897
366.3042996
428.8589586
367.8176378
345.7266224
368.3082235
313.8153145
233.5194035
163.4220139
219.7799129
365.0536152
291.3026595
394.5442445
378.5728904
345.8181648
441.33529
536.5073915
598.5522077
664.5441645
574.8552419
616.8766171
642.624287
738.5490233
722.3378839
834.2090011
732.6297786
794.8983285
795.9573475
769.8018646
780.5537242
689.7336523
555.0010613
424.6610927
487.1130078
479.8558424
422.5002239
431.7631667
401.7844631
400.4650726
360.5516208
330.0908955
339.6224612
341.4658142
337.1933181
331.4074865
173.0653248
222.4007259
394.7771979
352.6122639
299.3779064
291.0871218
268.8225498
318.6163259
332.0107136
543.269138
539.0382256
596.4664085
681.885171
550.2991274
641.7098876
637.1768616
600.0819216
579.8426726
615.263087
682.2358538
636.1960823
720.4501454
628.3805441
658.7196612
598.3122544
535.735016
515.1092959
506.7795822
522.8562278
518.954673
477.9992185
552.2040189
441.186627
391.9418805
426.452306
379.1390043
381.3715552
226.8044728
172.2506728
298.0979879
221.7535595
193.5566691
322.3423007
259.9232572
283.4141546
342.339271
339.6788683
387.5466934
418.226202
460.8708672
611.2323475
630.9010496
553.8649783
576.5231197
648.7338512
673.8267465
756.9631861
756.718792
660.6853778
667.7687667
665.8708601
561.9292754
528.077459
494.4642949
457.0049794
481.4942796
427.7581594
357.8989528
366.478985
423.1914653
369.9899751
335.4060271
366.4629304
318.5065791
247.8951523
208.9484082
295.1735277
270.0304651
283.1240946
258.5461995
332.0778219
399.7411537
389.869389
368.1540099
488.6410938
513.9290085
545.1148472
562.185117
631.7232362
496.8947515
578.1758875
524.9738436
537.5820479
635.0790997
582.5688979
521.9706761
483.1832593
552.7750993
617.9814329
594.1324765
573.5788042
505.2669761
502.3423979
579.6070907
525.5750985
545.1352138
445.2208873
428.0539753
407.5540277
429.9950457
190.8729229
188.3459092
282.46472
380.8902207
335.7788883
258.451501
337.2877442
246.3108053
326.2746657
363.4760459
373.3306872
428.3724453
578.3402936
565.2979868
609.0729976
530.3292136
533.5852086
620.0373132
534.4952646
546.643116
527.5342037
526.4620359
426.5734032
543.1709577
547.6080668
519.8854631
495.4793324
466.8021171
467.5145167
425.4253931
383.4407804
411.5555633
431.3395662
419.5669886
386.144004
241.8278368
329.9945091
277.2967327
169.8146946
180.8781597
339.4825217
406.2704957
417.1965611
430.2251628
290.8555288
409.3855887
511.8609051
492.9163998
479.3698256
500.3828773
537.6878782
488.6681426
552.3652084
458.2896128
493.4374784
596.4208236
558.3978885
505.6125234
441.8566223
455.7759527
470.2368245
499.5990042
492.8234476
447.7381216
467.7794977
490.810961
444.0635321
432.0512196
372.3443395
380.7911523
235.1858989
216.9546964
175.9079615
219.6130709
325.061283
345.3513462
364.1508331
305.7766263
386.5476439
278.5290512
407.9990722
408.4149223
506.7079608
520.4508363
509.52163
439.4962059
515.5839624
524.2914224
483.7540016
478.8451764
469.5714707
490.5826667
582.4057551
489.8630898
486.7427856
481.9650845
538.4141525
472.9627953
511.9176194
448.753917
432.2494642
432.3799736
438.4212948
485.5371293
275.8260972
195.0679656
255.6596408
303.0472992
238.9426554
246.4420321
335.8743914
295.673914
307.8770514
407.4496637
485.0270199
499.6107839
448.403514
510.098701
420.8375247
402.382332
503.1962077
527.8709915
529.5024227
498.0343601
486.1295077
434.7152202
477.3563908
440.4950268
417.8925429
368.7496019
382.4611919
464.0905684
435.882108
350.5316918
394.9830849
409.85751
411.4875036
250.157737
255.4175076
153.0788837
224.792576
209.2833976
193.9838348
381.1098431
281.9513217
352.5531292
258.8291366
426.615686
367.1417107
414.9700732
450.0478022
397.2949504
368.9059867
417.4150402
461.2348957
432.8839769
485.5182431
455.5821084
448.4201126
497.3947846
452.3408636
501.4961105
493.393215
552.7069121
527.0811572
513.7483694
482.8393702
509.6591655
485.693804
274.0260307
211.6088805
196.8665671
231.46406
308.8129623
284.9460108
290.6170576
272.2199177
225.381321
330.1475536
393.0420359
318.6898537
405.5019593
319.9219971
406.7119872
391.4487393
364.9407241
435.2198847
405.9240434
447.7314039
510.2334214
543.4205032
496.9139994
512.0114681
448.5453149
486.6051719
510.501319
509.7660207
483.7962214
422.0257187
497.2604791
188.899252
200.2014528
241.6212672
314.8562797
307.1231243
199.219162
283.2492786
373.3071475
304.7416149
328.5354231
506.7919908
413.7308199
479.3975776
380.3883342
433.6812511
440.6417698
401.6877386
399.0529907
411.2925689
440.282996
465.1286729
412.6872344
345.4476368
386.3847804
417.5764186
418.2637146
449.9183214
532.0800253
425.4591253
442.0969764
318.5495963
227.2614882
219.4631301
375.3675247
216.6552686
249.4557179
372.3182093
292.1955571
214.8377785
304.5328289
309.1107506
423.2482881
378.813712
341.0114418
362.1529589
307.7818669
366.0583497
360.9040821
393.0168179
411.5424216
392.2947653
390.0281382
340.9546907
318.9952814
340.4074402
316.5732532
337.0351557
381.7702509
405.3067643
248.0066709
147.2187889
289.5949459
293.7336011
226.9965282
246.4936794
230.1141021
180.2554408
168.7745891
210.3323076
295.0681858
340.4772213
373.8644958
396.7885594
332.0122023
265.5215898
229.1487191
329.9676462
345.8361154
362.240934
342.8796516
343.665873
292.0633463
302.8061293
351.4178402
320.3273192
311.6541164
345.7668614
293.9536469
253.9800871
181.8789965
202.8646432
310.5302199
251.5013124
293.2890588
286.9258171
279.3927172
252.4217391
277.9647846
375.3242749
403.5160339
395.3282031
266.0214869
264.8090868
308.90929
322.3341561
377.0598413
334.22391
359.7047453
331.7856881
387.6902351
413.8059621
353.5368372
379.469774
426.1932467
166.8751181
140.3350672
163.6065504
172.1013456
239.9451821
187.7328511
219.1765953
264.1481249
286.3554273
286.9943752
336.4924243
369.1892301
402.0875664
347.3101456
333.7303907
313.2759177
326.5313111
409.2909438
350.6344882
290.957841
326.0127733
379.8172506
387.1469394
349.5522579
195.4752863
233.6042546
231.5139215
200.9844867
194.7980168
237.9330527
225.2930368
220.7177674
305.0115373
248.3431618
396.804238
324.1047537
302.189225
281.1048527
253.5225248
275.7820485
305.9371832
319.5794403
263.4381269
314.1720094
280.3952971
282.5985598
295.3447806
231.1319794
251.1349717
198.992317
299.3620059
257.9606433
199.6481902
258.2168729
270.2312757
344.3375204
347.914277
260.1807125
293.312772
307.7542761
269.1619739
280.0280274
352.5852606
339.6457997
463.1825432
274.031809
213.0471955
203.4533977
252.4158183
293.2197814
300.2723486
308.8621915
236.2785018
311.3186257
320.9651768
167.3752214
193.7262946
171.1766089
322.2247523
375.6802823
337.5119055
365.5059678
483.5149602
425.930844
559.1219121
636.4586579
762.5569152
664.5210043
976.356535
1394.922531
1512.437146
2081.293583
1879.343079
2430.533614
1628.044203
3572.055845
0
0
43.7051373
63.03379387
47.0792032
88.14055518
150.875425
156.6947979
149.3839144
115.5076595
85.53444279
70.53652831
154.8449299
172.3527276
181.0308189
149.7908352
180.2521031
187.1575873
383.1653822
221.9531872
365.3542504
230.3549734
333.7212767
300.4931626
456.5877168
433.7260604
538.2642782
649.4072686
825.964516
1109.970137
1100.835225
1509.492451
1648.922571
1807.349332
2373.421333
2619.989069
3232.936522
0
0
6.673332863
90.58024338
109.0753151
92.8975146
64.82291989
62.2198677
153.4812793
127.6506187
159.7160013
157.1175029
94.67306554
39.74689776
91.57988245
73.88972664
170.8314513
185.5068652
160.7069595
426.3131396
387.878132
424.6194193
327.1146759
336.8507346
502.217875
565.1072023
640.7163133
739.8185136
908.1149281
1063.652399
1323.079663
1584.609161
2142.420163
1764.917061
2223.499396
2359.039415
3468.107683
8558.554897
0
0
50.17736397
106.0527136
109.1843791
54.26614624
55.92621828
61.21340974
67.9521556
220.7073443
234.7633179
150.1816421
113.6785775
149.0127653
88.29645609
86.71917743
207.1599351
168.7754584
175.0266911
172.3982367
178.9458774
175.1200111
360.2072127
469.5835008
546.3882444
757.9090304
603.9669284
735.5321369
877.0745216
878.554622
1158.874273
1405.126111
1554.758602
2401.268671
1971.018965
1886.102405
4042.680311
4180.800234
0
0
64.56706554
37.6751352
77.9550143
134.6532127
101.5757411
96.44404345
88.4552517
94.17542548
94.45710756
138.1269574
167.3553194
162.7327897
140.0454092
80.22301906
181.1135848
251.3759702
241.1951704
183.7370543
314.968192
381.3028477
452.2363334
565.5824711
614.5173395
722.6884316
633.3706961
880.1591607
877.3001585
1112.085094
1230.425515
1770.582854
2101.060149
2135.82138
2879.583513
2212.414771
4681.411621
0.01373847687
28.42713829
109.6023129
190.0298501
137.5572159
127.4027376
87.49458287
116.377033
112.1967601
98.77756779
103.8802544
63.7886421
66.13078564
92.97925115
101.9617534
131.9339967
178.4734483
228.1760409
188.359551
217.3648404
397.4167893
301.3698709
362.6331819
342.2675752
380.7726661
578.4351586
533.3246516
752.1435067
876.5195647
939.3566554
1327.385983
1637.813098
1699.025105
2672.480346
2281.455162
1914.430098
2636.9166
0
36.19954108
105.7249691
99.48049533
93.00322274
66.67394926
104.2962014
93.08546579
127.8499957
155.9503155
130.9707508
47.20656346
78.64046794
64.38621182
52.68596304
145.9409962
134.2102045
168.3814075
175.0428248
187.0364565
348.4794718
294.5012873
426.6587213
331.8084782
448.4485986
446.9887172
514.6907024
474.0672615
592.0086285
877.8742032
897.6111948
1091.739947
1546.84285
1754.024877
2158.265074
1579.705987
1799.775247
3307.606371
2619.210708
133.8137449
135.4643715
99.3209194
82.92934621
68.97254435
141.4211775
155.2134309
194.8423339
202.9458541
106.8135611
160.670884
139.7554243
137.8511329
123.0358321
130.2389471
161.2737123
108.3766414
191.8100131
185.4091504
276.8942636
246.2561972
394.3700896
260.9301363
309.4098319
559.7320471
299.1436279
507.7950701
477.7921798
657.8270889
785.5770315
986.162902
1133.459031
1311.991153
1699.06946
1966.81052
2297.097086
2593.502889
2284.15975
2146.107041
1126.698579
376.2670252
168.5725706
277.4803468
196.6114644
212.7175161
191.3682723
296.3966345
207.1050332
189.1468632
206.7576537
158.7137
117.7394527
180.0515852
182.0719407
146.3830305
151.3682191
141.5599992
153.261166
221.5728355
174.6530676
296.6642576
256.7385694
309.8656801
439.2922472
273.519655
342.5292692
373.7203444
430.8678476
712.2994428
660.5633941
771.7470201
983.1804546
1137.761994
1156.571364
1499.039355
1518.3838
1662.686853
2019.90517
2165.400448
3038.01499
1106.581215
596.478666
468.0213558
341.5559147
320.4792741
267.5819329
226.9191025
154.6550019
227.307296
228.6690685
191.0723546
236.6416507
184.7223059
205.2933672
254.2282559
200.2657439
156.8909382
139.9293882
108.0414606
201.9536744
211.2431789
278.2790889
334.8331206
209.5313522
338.4846526
378.1109816
349.3935056
494.94992
429.8074988
621.2376474
579.9299286
783.0085533
1007.837643
1125.983805
1386.764669
1492.845102
1323.335691
1498.353435
2162.140466
1322.010232
1449.967586
746.6624802
608.4552788
466.2992817
341.9934487
331.2134227
275.082979
275.0636291
227.9154771
259.5528301
215.3699787
233.9320222
192.1564326
194.4766794
177.0424615
213.6869291
150.0927829
213.2517614
250.8143697
160.650676
152.5824599
152.2690102
142.5055039
403.5376104
302.0226635
382.4215877
366.897272
396.982205
453.6722109
576.3136188
682.3578358
712.2656772
966.3480567
1099.408949
1250.394906
1366.026134
1472.315934
1440.50622
1472.643011
1098.938327
977.1381901
649.3556423
593.917672
518.9759353
502.9603571
471.5274819
412.5099198
347.6991947
368.9436961
408.700389
341.6924344
292.4813552
283.996759
223.4891509
204.175919
198.8163222
216.7412311
232.2536998
167.8539557
218.8335804
159.4723103
179.6726624
373.4229704
317.1583715
319.377479
265.3737773
318.2472531
457.1380626
303.6591383
389.5619639
560.0982006
620.6803772
856.5732723
815.4829089
822.5278107
1123.170003
1501.094
1302.799467
1059.439929
931.7679698
804.1951223
596.2674497
535.0007522
506.6238419
468.3580684
520.8585443
394.8040787
363.5868602
320.1027825
250.9195079
261.7559456
239.5264704
276.993054
217.953334
177.4778333
185.1737354
204.5727582
245.724908
210.0866513
319.1623582
385.463423
412.9307658
329.5845366
320.454479
338.558199
521.0344822
587.4579569
492.9755577
408.5918739
430.4135281
626.2386181
686.7001067
637.0240701
828.4136207
948.3491559
1048.276398
1100.709517
931.0725041
903.4485551
906.6248224
741.7651704
698.8078214
564.030631
497.125071
443.3185838
384.263431
381.7248679
314.5283077
324.990801
254.0730297
312.3398289
244.4629239
264.3183588
224.6592687
237.4603678
295.0005968
407.0823555
362.9516741
298.8190084
158.75055
219.377793
330.5013756
360.9522873
398.1162036
338.3450031
327.3940367
303.6330359
346.1891724
524.5807162
619.8453291
651.9298333
829.5964799
685.999183
801.5087139
1102.868204
1046.272039
1038.307039
746.8738497
669.856267
621.4334132
655.0194917
606.1126892
518.1983254
461.7132338
507.1441703
518.9125155
473.1432291
381.1807443
312.9931649
339.0724443
271.1458179
242.2339755
274.6689915
196.3831239
200.3786439
248.1558364
247.0848118
209.8598702
192.0652198
242.0969687
292.1980697
352.2344039
325.0892945
373.7908478
330.7856559
283.9732294
451.6599119
440.5481278
545.1794298
631.4806185
744.037007
805.9531088
729.2886798
821.4331494
694.3723841
816.9262821
745.4838396
649.0218016
689.2899189
647.3407725
717.5396707
713.7239924
611.1883167
537.6213386
416.6362972
356.1861787
415.7511101
399.3732975
388.4646469
401.5295755
324.3315577
277.1224862
283.3648062
264.6185763
249.5330243
225.495671
198.116404
213.5692359
357.7998498
203.2552281
396.1989459
362.19365
191.398392
270.0122857
315.6734912
339.5028463
310.1682522
474.9092741
599.3440453
625.7044007
614.5226053
752.3188739
779.603867
799.4795915
767.6381452
708.3003978
774.1639363
798.9934057
701.611453
627.6892101
638.4475812
603.4604562
540.3959701
494.5255882
432.4117881
426.8722567
427.7567864
409.7238702
362.2067031
352.9390738
368.8500547
393.7958332
349.8806615
297.1416945
234.316851
227.4928817
238.4597619
350.494014
267.4966099
374.9842229
237.0970148
331.3268267
382.8582862
358.7079404
377.9431666
454.3804402
561.7612621
524.0577119
652.0727377
730.5368401
766.2076309
657.4224415
746.5159913
698.7020871
681.0139335
727.0792789
747.4425202
628.1659048
650.730441
501.7238434
513.1791705
405.8724208
468.4710695
335.7639806
349.0117547
401.6217574
425.1888356
457.0891196
345.6128163
335.956198
260.7092393
283.5134526
183.7256583
304.0771485
245.8251287
336.0663645
308.5145552
315.7519042
309.623618
441.9732559
504.3706982
534.1885501
431.1193488
522.513208
552.261321
604.2290332
656.0212873
586.9515715
671.6219323
569.1645115
677.4052736
712.5643705
699.8976137
595.4749848
651.4080704
576.2742569
586.7799118
471.0174937
563.0723681
603.8431625
650.0885229
602.9989073
449.892053
408.4070954
374.5831438
426.2087661
393.7123406
337.2057477
350.5979931
245.1580437
157.1336194
153.668546
343.8263256
249.8779658
208.5675865
245.4483322
342.3562429
450.2346063
360.7850309
510.95767
535.3369337
505.4973848
514.5160996
661.9909814
615.491336
560.0194405
580.6609609
624.8503095
583.1592093
659.5400739
655.6470365
633.7980125
616.4578006
666.0764187
574.5041575
465.0746481
460.8383371
559.6600084
500.1696034
501.6437629
484.7789195
469.6966889
464.6716436
423.468949
380.3817373
429.8949602
221.2944634
157.4863596
274.959404
137.3136625
270.0091528
237.8485691
241.1613154
277.6911759
287.6007553
374.5232844
350.8298346
457.8939147
360.034189
447.1350013
481.1623571
462.0629263
455.9294435
486.0267221
444.9352253
396.2177642
490.0964799
496.4126378
509.6506911
543.9442646
563.1563435
459.3377613
453.5687177
516.847829
539.7151829
518.8482065
472.9550124
455.167364
377.1614807
345.0115525
294.6147234
311.5307142
146.8362602
266.7771858
291.7420758
266.277764
272.2638155
529.9802447
427.4186602
371.8512087
456.3988551
403.022318
377.6654225
450.7210808
492.8259802
495.5374629
535.7807797
470.2474424
512.173554
438.1045544
500.3081
455.3567599
521.2173697
494.5055291
455.4386679
471.2622027
530.7435034
536.0852198
487.5760835
425.3651153
463.4330331
399.2564033
348.8073761
355.6285683
363.5032323
321.0672733
277.6336247
229.9695617
154.9874337
229.0121242
181.5960628
181.2663346
235.1014643
243.8091797
359.7282665
392.2211014
336.5771054
312.0227059
343.4871237
362.1070388
426.6436427
468.3390903
391.1198537
467.6181956
580.5162712
523.1706027
500.9331434
503.8545076
454.4405576
537.8998537
458.4676558
381.5138903
424.3351347
436.0046005
420.1511184
413.4443449
356.2604348
431.0251402
471.4549836
416.9686682
464.9710138
411.774095
221.3521185
153.9513434
219.8808511
168.9633614
163.4045641
158.5962771
241.0801441
459.8473114
405.166065
408.3410138
396.53755
346.2152637
357.2850873
387.2676588
330.0756774
393.1210445
405.4778021
500.2796187
524.3292415
597.2453576
601.256554
590.3746208
545.639921
526.5465313
448.3792521
498.6622918
445.7246356
478.8005395
463.3742553
355.1985474
354.9982086
405.9591984
447.167923
451.6805851
248.6233595
167.9540776
288.5087203
287.5101275
246.8414387
213.2994032
414.3973611
368.6766486
371.4325499
416.6461995
260.5266527
270.0200838
395.1017839
389.7797572
485.6182076
443.2227375
401.7530158
416.0685766
431.0225991
532.2175763
489.9810572
566.9089771
448.6481872
362.9370546
390.4175922
454.5858743
517.0805265
475.7242132
522.6101292
535.5737469
461.8265066
468.4660191
555.5238187
231.6079883
155.1880248
312.3987194
208.5052951
157.6306086
310.4015229
324.0772407
272.038143
277.3757743
279.9181835
213.5445105
330.6158479
315.4711598
320.2229208
410.2295167
496.3111743
427.4561395
427.5866707
388.0102768
481.4350737
442.9433406
464.7616161
455.5881632
439.68413
452.5727773
475.1922193
469.1106756
445.5144376
419.8000139
416.8509485
445.3390458
442.1242935
296.6636991
307.7212484
290.2411441
313.9332244
315.667993
269.416702
317.1746448
345.3063855
233.9409919
268.2809761
341.9327938
223.1699948
328.3450839
296.6893347
336.0170153
473.9066037
405.9791485
487.204579
385.0077113
517.5181061
412.6165909
348.4881539
392.8758219
384.126885
372.1938175
390.3135703
344.5769591
288.3730473
276.7804711
268.3693643
263.8341658
419.9841276
164.5686988
311.1104988
182.0375686
237.6447046
314.6043254
308.7927646
271.1886532
273.5682286
316.6377046
293.6678841
306.0264576
239.2422315
307.811652
375.8609846
388.0196999
361.8069303
361.3059711
343.4728538
396.4585367
397.9265393
335.6824437
355.1165982
321.5246993
297.0211102
310.8650544
342.9839424
264.7850114
284.4740603
284.5721994
208.6326409
202.7023344
251.3680271
198.1398819
195.199462
236.5430984
244.3560313
213.1412313
325.904194
266.9593969
222.0918391
299.003887
249.5562383
275.6172201
302.4541203
363.4040156
319.9689149
267.5900505
278.1278453
258.2974744
269.1353378
263.7561901
367.093409
390.5546569
332.3845012
376.3502053
441.9624238
378.7420732
382.7957258
246.0176462
172.104495
189.5066977
201.6220775
315.5422378
202.1724541
236.963184
156.3472116
205.6872142
249.8050164
295.7337285
339.4576872
369.359913
356.5606979
378.1676651
450.7099703
405.6118647
449.7602395
398.4157648
400.3754521
322.7406062
349.1031084
374.3421918
301.118278
315.7545607
354.3147883
355.7909539
273.2030485
188.5659961
198.010514
234.3869288
298.9059679
211.4895987
268.0863593
285.2303216
267.2877963
334.8566628
376.8004149
298.6277667
369.0528863
400.1677733
349.3446554
349.7193809
325.5009217
370.7442547
302.4317757
312.4533117
274.4390287
360.4450426
389.7775773
351.5286321
434.4292527
404.5489891
247.8194377
160.6225864
232.0202587
236.6284361
243.1906375
172.5842649
287.5729167
205.6266444
364.9751368
345.372889
326.5747498
328.0122318
328.5735856
312.490852
341.3516453
380.4459669
391.4670412
339.9535492
319.3907976
304.9061339
301.5450768
392.6279236
358.5095858
335.185076
201.9266789
184.6173665
217.5884943
235.1200679
280.0797593
294.5058978
250.2023459
268.1586776
268.2499297
270.8710512
324.1328457
299.6961109
328.1588078
218.1342514
317.97145
350.2687299
380.6110756
364.224296
363.8614448
351.8943116
428.0426559
325.5214245
223.6335423
228.4478883
217.8392759
311.3853097
304.820169
304.4539892
313.0011503
289.5370186
303.9227617
298.4189302
287.399311
263.5695054
308.5555956
363.3542255
183.7420093
171.4151085
177.4863816
247.7250118
444.0439562
281.3751084
338.6263462
427.83726
559.4813223
574.1561546
647.7869069
756.7306665
916.67113
1435.324303
1780.771914
1761.126679
2571.21887
2290.072148
3998.735554
4545.863418
0
0
13.86785685
57.67074799
66.76504574
117.1116361
55.63640526
38.09733935
16.5853599
14.40855701
55.28338054
100.3950418
97.51952451
90.44385271
119.2766245
163.6815068
154.8096367
157.0293252
258.8199264
276.9786202
335.4048598
443.0449074
372.874185
363.4405517
481.1407767
603.4659257
796.5972062
1092.286608
1367.449248
1519.683967
1920.909054
2550.551725
2379.379954
2152.189361
7088.657873
0
0
13.41379954
89.23642123
128.748823
95.63878029
46.98190764
131.154974
95.42635212
64.735636
97.59149824
83.68832718
110.6091854
96.6781648
66.27117529
188.2112989
189.5200679
185.6455793
183.3853047
341.5377606
420.9332552
442.1575474
448.5377992
541.3568081
531.6151579
705.3839634
684.0322622
1145.443115
1176.386905
1529.026302
2009.93914
1707.740471
2529.414122
2706.923576
5069.517555
0
0
5.98220821
53.134205
53.28671964
66.78915345
81.09577278
100.8941701
42.27161793
54.13561721
73.2828718
117.5988536
168.4270871
121.7339833
105.813228
111.9872818
183.3136257
182.4526719
185.765435
240.8976036
233.2013346
211.1277312
376.718919
553.7938687
500.98741
626.1855237
571.3554387
629.2269983
1138.344684
1262.040063
1683.487071
1817.825547
2835.191086
2781.074097
3641.977276
5248.307799
0
0
47.73120304
13.96232062
49.47299509
88.27605863
107.3726963
70.79827926
82.53320884
39.94647816
23.62795867
70.8386545
66.96515274
77.99332767
59.58000656
90.34777848
336.0513455
182.0442782
204.0102513
248.1997619
234.485833
179.3160683
304.0742476
460.1092986
347.3024611
467.0553969
688.2649357
623.4337281
802.6267604
1362.79406
1668.527249
1853.790735
2371.936208
2239.431275
2221.550516
3542.025507
0
15.0208733
16.38186739
68.01678626
95.79876838
35.45350138
125.6678812
49.44697491
36.45280244
56.11219356
66.25085887
67.6861065
76.19182749
100.2267314
133.3661394
76.72802693
208.3363223
250.7165043
305.3727487
211.373948
271.3828365
342.2234721
500.0752636
557.0009169
524.8870335
577.2449783
722.2531264
783.3561487
877.1238962
1259.100883
1381.823542
1852.755217
2225.647274
1941.220249
2733.359726
3346.289276
3929.949111
0
0
71.06777516
34.76319999
34.40876196
100.3135639
107.5286063
119.3148269
131.9318075
94.00687304
41.17500899
119.8037047
102.2940939
66.66603938
88.48675121
51.08990678
102.1163596
191.1674701
216.2210941
173.2247403
176.1392718
239.0617612
288.6595958
331.1735905
410.0230196
500.4578854
460.2043894
523.2573157
646.8014997
704.2555617
1135.98703
1382.650408
1461.85058
1961.679841
1628.771579
2358.387476
2999.470773
3134.395701
0
0
42.72593592
57.1319951
51.29277347
51.96735017
105.7856243
59.01097423
65.64391676
70.8577986
77.01924985
97.18290535
123.6366764
121.3134644
128.7250839
81.11393508
88.11511596
182.7349387
241.1756034
202.0058077
240.0180939
227.2840704
323.3158791
361.8841124
487.7781972
415.0224638
602.2882505
789.2468235
753.569068
783.0290429
1179.976761
1496.165544
1772.015773
2047.401295
1844.635977
2826.192591
2683.340443
3969.525353
0
0
88.43637493
73.13281191
87.95448541
123.7833455
148.4474894
135.0907974
146.2703244
133.5804641
158.6068853
121.8761621
119.7013563
134.5984772
154.7846036
137.2730413
109.90771
160.5673398
170.5266156
178.6523778
272.6148836
190.9434082
176.90414
326.8657747
324.8134404
286.5980391
475.3101292
534.8239645
751.4160664
1011.864613
950.4550401
1010.642428
1247.171056
1274.084846
1785.61089
2480.217308
2158.023668
2812.421618
2648.926144
260.0759808
121.2942018
155.4771556
223.8054115
358.7363391
289.1080024
213.1767305
149.5438609
127.0388151
93.81822761
183.7775717
175.0402824
204.4332395
218.2384182
199.2022548
342.6256886
229.8282412
192.7523504
141.3350838
193.7960434
285.5159057
217.2131103
190.3328441
324.8576881
373.5552377
362.8921213
306.6531748
504.40203
690.3447222
605.9187302
762.8686859
842.5743772
1067.339479
1154.760318
1148.249596
1527.908457
1662.29943
2163.067977
2311.109979
2793.086802
1395.989336
482.2578777
278.0872176
400.9064132
403.2657026
276.5122318
229.3240861
226.0402341
167.8744535
192.3795089
117.3546991
155.8333509
241.2116256
258.8014611
177.8532371
176.8973885
191.0343527
196.9622886
175.1310873
124.2206953
253.5251477
234.9453347
189.8824699
286.0447912
369.4280493
563.3602359
435.851869
351.1445805
455.6644155
416.5324474
452.6329978
548.7492978
680.7228702
825.4391119
1128.989676
1085.57019
1259.26982
1593.23354
1715.31918
1238.959868
1193.973441
1100.900117
794.0126269
507.1770766
498.7237914
454.7727383
445.7636089
392.0729718
315.1512908
260.3350376
207.8239843
177.1722336
168.55904
155.8884405
166.4732329
182.7028387
206.6515007
230.3912479
203.7392833
130.8463331
166.1646928
216.389542
205.1558576
405.0280973
446.1355022
276.9714411
519.9494908
362.3342051
437.4169323
549.0667532
378.2320635
463.5957498
532.582016
774.5516638
854.443941
1022.072244
990.8435146
1193.899756
1540.3248
1308.999759
1298.734918
1133.392363
894.110036
543.8346591
502.999245
534.194378
463.7837115
324.861442
319.1777299
317.8678042
282.0087598
347.8322112
350.6993198
317.9258211
248.7824895
248.3387041
262.6267019
278.4045531
207.7379333
230.2772952
202.1252864
238.4719792
168.6131137
287.0229253
259.6585708
477.351933
278.8137469
288.8622913
426.165252
497.8832067
441.1144731
534.3842152
778.9530221
819.0021362
855.4329164
910.7931563
1006.003975
850.462941
1116.756659
898.8796117
748.8461602
806.4853757
814.5427091
838.1921557
512.4912968
428.1025737
456.9970902
505.3971507
420.8493974
377.2734178
373.928497
279.2395437
264.6061626
258.7464885
268.2834532
265.3551486
299.9329268
197.5720153
142.5716087
104.9329612
141.467252
222.9868021
198.3537428
328.6419982
439.6689225
459.1946799
546.5340239
590.3747503
534.5310005
597.8314012
485.6541027
499.3823043
673.8234769
674.7716509
753.0334956
917.7616325
767.436866
782.0993257
902.5374105
1009.254264
1000.398515
714.2285703
841.7042382
676.5619533
566.2937714
482.131803
438.38242
421.1842945
416.1650057
356.8678725
336.3971077
347.4683615
377.8786549
296.0827632
193.850158
163.6792094
231.8991072
222.2291284
294.3417376
270.5549044
259.3055976
167.8715801
233.2087352
312.3782498
226.9358471
395.98668
288.5148866
450.5043825
423.437585
436.2750892
425.8414682
501.4247164
393.8407284
584.4557005
716.0664988
899.711347
668.4088411
712.2664473
674.7303178
633.4671974
775.3847496
732.6994762
631.2590323
605.2759589
687.2348712
599.064678
454.1502873
435.1632196
484.6238947
544.1997587
364.6509954
388.9103095
397.7123501
318.850311
309.3117389
300.3904917
258.4588922
236.2902527
249.6339039
273.7351946
206.3188168
183.2642155
208.1989345
142.103198
204.3322628
196.865797
283.7621726
320.8857631
456.953631
498.8004514
418.9674911
446.5575578
564.8642705
565.0634611
676.2479285
707.7963642
650.8065355
695.1516234
639.2190395
688.7389574
767.0653018
809.820773
625.0447296
529.7880714
444.0797516
327.3176575
339.1523338
491.4292455
421.7358386
409.8860659
379.013099
327.6633275
353.8612696
352.5247107
354.4204906
321.3776535
280.7636421
287.8597646
269.5015284
204.584029
205.8210634
183.1358744
193.107326
262.7553403
268.425371
206.0304473
433.8851159
414.4716519
505.8513448
593.6596304
595.7347432
651.0153745
745.7563439
758.1018639
740.737346
729.5186416
698.8833708
769.8148402
817.4405322
724.3534282
667.3462224
697.2146737
548.2305328
512.9333885
459.4201762
388.1767914
437.2200486
403.7091512
399.0739655
392.4373668
377.7367519
382.6365909
323.6398776
273.8248404
310.9778529
352.4265577
310.3556872
210.7666194
181.4507263
364.2278499
264.4487811
187.3431322
214.4577956
294.6109714
357.4814334
447.5814284
484.3522634
460.4768249
659.2424309
576.8443525
687.6081785
659.0678069
556.7160188
612.0148034
648.8798009
693.9019744
649.4032793
709.5018156
603.5655099
623.414575
584.8476232
585.0832319
564.4596978
633.9299838
529.8058156
465.8180556
453.1164807
447.5076959
476.8931503
469.219738
434.58913
422.6845113
367.9818418
377.721784
321.2848849
185.4636026
170.2865785
200.174632
356.3327581
232.8821967
354.8862918
349.6256098
336.6683817
286.3778938
298.7210216
471.6705852
383.9774516
546.8326287
418.0085244
474.2111353
511.9826097
624.3063631
690.9125098
600.7356325
651.9763715
626.9637904
581.1694643
575.3761465
541.4766635
518.3342585
595.2036402
531.6357606
486.7729496
446.097625
396.0936408
351.1952667
318.684377
333.8440668
294.8136162
324.295217
360.2571909
406.0862572
216.4114169
157.3181355
174.4254865
254.8275867
302.3595655
215.0669794
375.4041755
366.5037229
333.5086224
331.7424983
442.2227499
443.8927492
461.4867088
551.7182162
535.6561089
538.1954069
506.541832
524.6406186
535.1674167
558.3738888
519.9621997
460.3800688
550.2171834
472.404694
447.2207382
478.3870588
509.6246937
540.0148696
516.5743094
537.1648034
475.4226863
383.9729614
362.5663949
364.4438754
309.8616611
309.6297
298.4513174
277.5548
192.9547501
228.2760279
341.4881957
184.8941591
179.5741642
313.688389
318.1154416
389.1388303
448.4375271
477.7667498
413.0887181
370.0155504
495.8390605
440.433771
485.1415813
557.9733511
569.5404136
553.1208279
587.0647658
507.4242539
470.3516446
551.551803
468.8346511
439.2484408
452.4007893
479.0868764
471.8298024
490.2645657
472.4355112
525.1901035
462.2708572
409.2352935
380.1926661
432.9524105
450.4113494
156.7128319
180.4722059
225.7931157
190.4803125
150.1406297
309.7068639
270.9438106
288.7887721
379.3663084
391.5625537
435.0492601
339.3960034
482.3297166
447.2527407
440.1292344
465.2908826
510.9672243
444.6141322
409.8906379
455.046871
350.4185095
356.3805485
456.3890997
397.0663687
412.8308815
431.5599622
488.9722973
524.8065076
467.6260559
440.4423573
400.5047278
433.0675932
402.2548714
271.9389962
322.7818612
174.358517
186.8449214
338.1713224
191.227154
296.1930055
252.7853143
250.8278696
261.0985218
220.9047503
338.3278069
325.8863217
347.0901003
370.9796485
398.4162003
470.8172294
489.6613941
437.4279462
452.6915793
541.182014
507.3389427
398.9661283
428.1650849
537.8333851
409.2356425
492.5410004
507.2628671
507.923525
529.1664741
471.6773747
435.4160767
385.0424258
438.4773085
482.6688933
443.7498769
220.9897894
145.3644759
189.0318662
190.4995632
301.1151364
323.8196253
264.4054282
295.5455039
276.8548554
325.7288316
336.7386204
408.7735784
467.8326455
351.0113594
359.5915475
385.9212015
428.5440463
475.2412106
473.6479258
526.9156279
471.4239619
453.1180415
434.0879591
500.792545
465.2491017
473.977774
493.3670064
444.6259047
440.5752707
449.2801329
352.3580426
350.2669591
382.8771294
434.6759617
253.8536635
161.5127366
224.8510348
205.9817091
284.1452636
291.4447171
287.0128218
281.1585424
237.2694773
307.7038465
338.276122
364.3434019
332.2133667
344.0374069
330.4312266
368.5555104
390.8693189
377.8984547
419.5731218
469.3445274
409.7964404
373.4262082
484.8744557
510.4473624
491.6832849
561.6759621
494.4180415
460.2662835
385.0891007
451.1073816
450.3957306
428.6694491
429.7698708
209.433324
179.3678344
281.0573753
158.3125798
199.476315
258.0883296
289.4348767
303.4299229
228.229875
195.3893189
262.0481508
216.1825725
231.1118575
248.4326131
222.2881075
249.3777359
210.9329279
275.5427604
306.8815051
443.761048
372.9797984
359.6814838
393.568014
355.8903404
368.6495571
337.7386121
384.5491089
401.7206077
414.72419
397.9758569
408.6108872
375.1838906
364.6470325
303.8856296
190.0352945
202.0536842
193.8280937
194.0727648
182.4662793
194.5529004
218.2702477
254.6017237
286.7514132
280.3292541
356.2963921
378.5640578
357.8604745
329.0677174
368.7467711
407.3028684
377.3358439
428.3241652
281.3521791
295.6277848
383.1351088
413.0717612
398.0350172
346.6830675
364.7183453
417.31226
477.5182637
474.1419365
477.5548257
329.0489759
190.7386884
180.9637737
194.4382566
208.8386036
206.3859741
207.8955854
261.5321869
271.6633798
292.7241865
244.4530468
303.6415609
320.9730068
335.8274974
293.3846094
322.77066
396.6884228
362.4176245
485.9483272
411.7033185
374.0805312
389.2657159
346.1380839
307.0269122
342.6872633
367.4859971
366.6429383
349.8879692
364.1867923
345.8682136
185.2126757
215.4079697
227.4139648
276.1041727
373.7971596
278.6154407
348.0967912
191.4796624
263.6502751
265.4618466
261.718459
254.7457179
359.6697782
327.7572474
205.6153999
311.6372249
322.435195
370.3338604
359.4521339
359.1636425
336.553629
318.074663
350.6317579
338.2861391
334.4571384
346.355622
354.0751752
183.765543
138.0510181
173.1159662
232.8458601
238.4255073
277.5617576
341.716877
292.1631019
338.7255133
243.9060007
317.4115255
280.1128444
272.5139184
379.5714174
387.3591209
349.9973556
340.5921642
369.2807906
335.5330195
314.4485415
303.7692322
334.6535135
356.7101336
325.914266
289.0322869
230.115791
267.8970429
256.1274194
146.8829183
235.5599542
316.2868752
353.6234333
254.1218853
325.3751583
236.3787638
249.2026424
243.5395685
283.4215813
266.9665298
291.934827
363.996498
392.3180758
345.2114039
343.2057064
341.6899555
334.6620744
367.2883367
397.4163343
397.8338588
449.2090838
380.2596589
412.2240895
216.3534999
265.3145947
248.6653704
226.200859
211.8767267
286.0996909
229.1055981
243.1390053
326.439465
254.7601959
258.3094523
317.5354896
289.0302135
327.2843546
298.5278103
253.4021264
285.8543299
296.2566703
297.9974864
302.676552
270.5747489
334.2077688
314.4003684
196.1387028
218.5994758
188.0771225
201.5561631
225.1715678
259.2849978
210.9452149
175.782955
234.4959005
294.4566304
284.3718068
281.4033538
263.0089248
283.0517234
255.2533188
269.5218672
261.7877847
336.2350551
379.4267364
278.1643721
332.3565619
330.068025
212.139808
222.5798491
302.9349221
300.1418255
245.885748
179.1906841
187.8596203
260.7943457
317.4877376
359.63192
317.2200175
275.2665066
447.0554391
445.1613123
568.9648997
996.4178656
1054.643089
1554.35562
1692.548067
1973.040146
1656.280988
3112.298337
3624.214426
0
0
0
0
59.20060884
50.86499466
72.65911081
62.60618726
53.62977963
58.2470706
0
23.31833039
67.1488384
28.82201514
38.09551394
196.3543913
194.2479518
176.3611287
288.0633175
404.2956731
383.8809052
386.7558113
517.4752592
546.1862058
506.0940875
716.038687
919.8388801
1455.703001
2021.160217
2476.172815
2630.664786
2790.54297
4586.867424
0
0
0
32.66286036
95.21136294
41.19431078
29.02642253
75.60136181
31.67250759
38.43266971
65.74038001
69.65590036
35.50219089
104.4660652
128.8455085
220.7958798
212.7802626
222.4137837
202.242194
333.3561286
428.4782082
485.9700123
507.046272
598.1720036
892.8290804
781.5251535
898.3422074
1097.302686
1936.40574
2254.381592
2884.614996
3226.898324
3621.123834
0
0
8.634651047
36.4104766
54.1011857
36.35692655
103.7433669
51.21069447
91.91206627
120.3884577
67.15293577
57.49068549
76.2222294
68.90804455
48.84115437
196.114068
185.2195677
204.7992785
202.8117279
316.9085434
401.5754244
370.3255686
446.970021
400.2773912
587.2535341
673.0562519
966.4988696
1300.442033
1511.217948
1927.603534
1618.089943
2988.342743
3592.594389
5983.798687
0
0
16.75376482
21.46910447
11.47297559
46.20133707
87.38667614
178.2443862
125.9191682
57.65420505
57.03966763
48.86211441
9.946832309
21.4291335
38.80977529
72.76189159
272.5017197
164.9582691
170.0716797
177.7240293
235.8359482
328.7650751
495.8355644
515.7141253
539.9976339
694.5541431
550.8067679
952.4400368
1046.851075
1479.21792
1617.208037
2238.729026
2142.690356
2858.712717
6029.764668
0
0
22.19006389
0.004724462331
32.33796345
22.58051025
75.7220076
88.15350526
65.09781435
33.69230158
18.81178818
49.83161662
10.2118197
14.9044019
45.72750839
62.02154415
186.1877625
178.0684837
179.4466996
182.2864906
249.5247124
327.7096873
424.6420876
483.9181032
593.2094548
442.2907053
623.4633023
901.5648136
943.8542489
1357.054106
1896.494863
2355.919401
2528.381661
2647.716016
4147.369495
0
0
35.08935113
52.7324885
38.61006929
82.125632
67.41895146
78.16305388
86.3068838
56.03053228
50.44382715
48.34784186
53.26131789
58.6522013
79.61048505
74.20620716
259.1862841
242.6832864
150.7693678
322.1938386
420.2491904
421.7174647
366.2363957
415.3677581
609.1807632
671.7995094
810.2179827
876.2973849
1001.308184
1234.32511
1466.648403
1868.467411
1860.405215
2925.930322
4287.475546
6694.381392
0
0
15.86856804
86.28410142
62.11564232
118.2322335
112.1094941
64.66963077
25.05111344
103.4752794
87.68331458
66.39409567
88.05659493
121.2388837
129.6039004
111.9331611
111.5004536
177.0324971
189.6449572
253.4127163
194.0852888
171.1347544
251.6723382
455.183441
309.4649786
494.4360436
514.3752063
609.0680785
853.5461996
1015.160135
1131.90398
1440.670976
1804.188664
2528.850396
2282.73372
3260.14549
4570.24319
0
0
20.58671248
56.8730324
81.47115345
123.7130394
92.47567005
108.0132866
157.0610212
107.1108283
133.1571356
131.9594228
146.4210316
130.5082813
138.0690025
133.2587076
160.2701425
201.7783172
208.4470908
208.5955832
231.8807268
212.2829862
234.2738702
271.0501524
347.9251025
301.7923701
578.3246203
387.0565438
516.3433088
603.3879165
978.6020242
1035.835413
1155.186525
1367.44107
1869.877868
2518.92669
2732.318389
2847.840205
7087.205892
0
117.0405564
101.5225669
85.39366294
110.3774583
163.7564709
138.136284
232.7237045
191.0157879
146.9449936
164.656043
176.33388
102.5639381
121.596489
235.4433955
156.2161183
213.6676563
200.1329142
168.282006
182.9678096
181.9247411
194.7464532
442.6058012
286.6977442
395.6076225
493.7368357
500.7149182
628.1864293
619.4733974
923.3014332
951.9996553
996.1909493
1366.126618
1334.737732
1828.500438
2759.644938
2525.799219
3965.457414
72.90295758
250.4630671
175.3913621
170.9822212
304.8012262
238.6528251
259.6008975
196.4507186
118.2360624
148.6330323
156.8347391
149.0004068
114.2038603
220.5031299
249.911627
215.1543503
147.3326847
144.0863965
131.4573503
179.201448
163.975736
148.5336431
263.3056106
319.7208547
344.3104344
438.8029375
364.286367
445.3393887
372.0933749
426.1468046
606.9314858
659.6698718
796.7549893
1260.666116
1339.90717
1651.484226
1868.275092
2560.334497
2632.270232
1141.531879
780.5455844
475.7049156
329.0184367
381.8032687
343.3795775
376.9059387
340.2858582
324.7136263
285.1088472
260.1982853
245.3738279
217.3337196
147.4949381
179.8219757
142.9936211
168.6917304
131.098303
172.735541
154.7222146
174.3040698
232.586182
193.7395964
429.4162073
339.0564514
350.3283081
468.7268949
442.2724915
390.6496929
582.513148
724.6762901
595.6608238
621.3488677
785.4590799
838.2990551
1056.519521
1225.12074
1191.964178
1316.036868
2072.994063
1013.621616
1177.058148
894.3039126
617.294593
573.7692286
413.5335213
349.8441508
287.2701725
198.039316
225.1939344
233.201095
239.9337295
276.9090745
275.94139
358.3491856
227.0948812
163.1157268
192.6619089
287.1905178
261.450784
203.4467359
193.5554638
386.4749941
333.4968367
189.6002121
337.8265805
406.2328192
497.7914618
355.0679698
426.3778802
433.3391678
540.2804648
485.1602204
792.6433433
788.5582857
918.671159
948.8302193
1204.312129
1202.400639
1091.955639
1012.089717
872.4518212
965.8593775
754.7996935
662.6147318
449.7745976
323.1370079
368.3284254
423.7137096
358.2928649
272.2267958
216.8128341
216.3385679
231.8903549
208.6187358
305.7531711
297.0650628
223.0399545
237.5376679
267.729065
226.7731884
194.7793306
186.5390208
245.391972
232.2544507
282.0014333
379.5606323
291.4395508
344.7057671
439.1962202
431.0917434
551.6056144
545.9574344
642.6596264
645.7388218
836.4899803
815.0570321
862.4300939
1169.273076
1029.639153
949.443344
892.1948425
1003.799202
844.8228955
639.6208181
596.8705032
545.8704649
340.3107796
354.3809478
378.386293
343.5770647
322.2307498
295.4260856
282.930765
212.2986563
141.9367339
209.4190421
235.4814368
274.8979831
232.6030189
203.9927795
184.1401087
214.7625944
183.300282
191.4729643
432.3789433
279.521374
262.1389454
430.2544816
356.7918762
367.5858991
459.1600586
630.6263197
565.2695593
627.6763933
687.6577856
753.9108109
1014.102811
1002.058429
808.200127
947.2484311
802.7367611
719.6109717
627.4538297
645.5296345
609.8461741
413.3951145
484.5558484
396.7772372
348.3236043
331.3591227
326.0743493
372.8401267
256.2301772
204.6014714
270.0926094
202.2514033
172.1221635
219.3710744
224.3135945
252.5682426
257.9195868
236.215989
235.3592827
409.7230294
220.8801687
308.509593
240.2134925
328.091432
385.5004654
457.2809136
430.0904832
441.9631775
571.3305037
698.0056612
615.1004052
754.5834877
956.1495601
866.3432267
663.8621555
838.8047682
660.3604682
744.9364335
741.2027462
607.8128167
488.7972242
446.4160649
450.1409834
420.0350812
374.2188057
422.3827037
387.9075478
446.0153194
430.2072881
426.0223835
422.5185973
329.878242
294.7958573
311.4090529
292.3444979
264.6858482
250.5643431
174.4822468
258.3219975
335.7741907
379.0046849
341.9881832
394.9056158
360.954749
466.2233531
484.3374155
530.6036658
645.6303155
714.2383621
521.0030245
650.9769764
790.0002677
700.4336854
730.8550647
693.363383
666.2181106
635.3618255
727.3987985
606.375711
584.5434744
619.2794592
613.9750439
508.5827655
564.4657482
537.8415705
514.6740621
451.0747884
462.5614982
415.3735291
365.1263768
366.5008206
386.9555315
354.1470366
289.1436535
227.5711545
162.8260532
173.7628203
213.7300325
288.365793
230.891746
330.1804715
325.8098812
422.2870159
503.3455094
455.6121377
437.7795411
636.9398265
542.7284881
497.5620701
627.8472386
619.0880509
619.0995692
696.444936
648.6566031
614.67498
660.0047881
639.2417237
608.5794478
641.2548476
668.2469423
599.5313373
486.1818417
412.0220018
387.0240314
445.6874181
420.4971351
467.6128293
431.6628492
435.5077431
399.0617367
409.5479673
339.1212529
297.029829
215.645617
165.3772077
344.2015101
173.1353632
415.0561262
360.9219873
259.6441201
422.1585296
410.9649441
275.7475282
426.0309207
479.4113436
416.2056143
451.9206029
484.1097316
452.3218808
595.8610761
657.5259817
575.1690009
555.1493857
507.5813581
566.745638
592.4640099
544.7231314
593.2728054
601.8172084
554.8093002
442.686822
395.4898851
396.554421
373.0646119
359.6233436
333.3719708
382.3287233
353.9241535
346.0911984
372.043906
385.1109436
215.9285757
204.7610989
203.2086553
319.4074614
235.2155031
197.6639762
385.0075297
433.0813711
440.5802637
486.8295233
520.5152791
506.7659395
494.0494218
481.4003762
410.151561
484.6295531
530.0219909
485.1319293
483.8585226
492.7817801
561.471013
575.9099908
544.4386347
499.7458809
461.9069289
568.3658763
541.907191
500.8626656
447.6681838
441.4461652
415.248703
395.6391329
400.8028287
449.2685422
431.8307993
414.7475762
372.5637352
157.841261
185.6257214
195.3706611
339.7373779
202.4826658
461.4464418
373.5798473
425.3192824
555.1164362
507.1172742
514.1323987
469.1027472
479.4110891
422.5700163
373.9231057
470.2146609
555.5479162
553.3935773
625.9699527
540.479395
499.7305936
573.5744131
579.1376842
513.4332938
480.5566137
506.0002777
483.7873438
549.4768185
529.812182
401.5017284
427.5003654
389.9320154
365.994675
387.7391352
365.0000011
378.5895194
210.0903443
149.8172729
260.6147074
352.0322084
349.1019262
381.134401
403.9292173
257.7325464
479.3319241
432.4410581
349.3828234
374.8687422
427.5546902
417.3214787
389.9326251
435.7379439
474.1242893
414.5171456
406.450127
470.7658076
488.0432712
431.7946213
513.5478819
525.4679555
485.096776
520.2888566
500.7968913
547.207456
462.1037112
441.2891394
459.2810151
473.1719025
561.6573608
473.8257994
439.8431237
372.7055398
476.6800134
205.7789082
308.4926209
175.3178087
164.9300466
291.5546431
275.7628119
352.3057742
331.8493386
333.792737
338.108663
393.4389448
417.3930222
359.7819337
283.8308085
347.2037574
356.4040064
374.8475507
427.842161
443.7929389
416.7911145
414.0460745
365.5729794
382.7109486
360.442226
375.6188119
383.4387193
367.9849915
348.8602414
339.6456354
487.4538079
504.3325453
406.024097
398.8687037
395.4724217
217.4440397
195.4164203
204.4867694
207.1157604
228.437758
282.9930028
226.5098843
229.1001822
361.8594395
266.4284687
294.7451895
408.6757981
286.9605987
319.316698
373.5518004
367.7719605
427.9517409
378.6311398
432.6582303
468.430531
416.2624375
439.3034499
363.7659492
376.4773496
338.6037047
397.2052995
451.753307
481.1328488
519.1679343
538.3395054
531.6328139
519.1024406
471.8325037
472.9036564
165.264357
227.3586917
225.0179559
368.0159354
228.627802
320.4084697
209.396328
254.1494195
267.7866922
263.5342176
310.5642856
416.354386
337.5759719
360.3563035
347.6838207
386.4965696
437.4182857
381.2440337
445.873061
400.4509033
349.781927
366.1713761
383.8340469
393.4601396
344.0857839
389.5424012
375.1047633
395.6197998
404.5608428
465.6859785
479.4319024
458.0560386
396.9389333
169.5138411
179.8985001
392.6695334
181.9484727
282.9199464
356.8051266
259.8439043
306.3443419
271.029254
416.6911366
386.1999993
404.8817223
377.8761547
448.9557915
411.2756917
358.0271092
444.9330307
363.1209089
399.2575987
467.2085192
363.5614965
343.567531
386.8460484
388.3851064
359.5581209
411.4407664
358.6292931
401.7181028
427.3966077
451.0701229
505.9064997
439.0383615
184.82818
270.898187
311.2352074
168.8116751
250.0819045
242.8702967
222.8556955
272.977197
307.378587
352.8631514
275.8591645
362.3526116
362.0655044
345.3768503
360.0825457
353.1285417
368.3876426
231.0711519
282.0844753
373.0740455
371.1629617
313.457931
316.8804834
324.4702402
401.3720523
406.0615624
392.9977827
387.3115224
480.448477
415.081196
374.0941727
271.7394409
229.4977023
234.1775022
187.3314446
235.151425
276.8180461
309.1072236
315.43972
218.4431824
266.9845836
325.0099715
253.7518074
340.6937271
394.2112097
278.2688021
354.588501
344.670881
283.10105
364.5521426
406.7489041
368.5813183
371.2717261
433.6514216
479.3765963
484.4380882
421.6205384
419.0316497
406.7581457
414.242089
424.5779507
164.6827751
158.7927401
219.1726098
145.9038552
172.9245052
249.3545489
293.4708818
210.685953
256.8310126
309.577228
314.7563237
268.8160977
309.4717591
402.770028
300.3054745
319.5064506
347.1038748
317.9739538
389.5107395
413.1654997
345.6121505
294.1774734
317.797922
361.1727198
303.9169551
251.3674262
233.8763649
274.4469725
264.8545849
344.9661631
194.8870829
200.2267323
280.0730523
327.7277117
200.3290612
213.305895
290.811581
237.1953697
282.6312169
252.5819423
323.3623762
298.7683633
294.9460316
300.781372
274.4540906
275.8291704
288.577326
285.6751906
308.1664826
289.9012403
294.4213553
308.9710371
362.8527843
361.0831365
314.3130185
313.6957152
275.8910867
155.6377077
186.5080489
189.812795
226.2983623
169.6255935
210.4280858
276.0807934
203.7648759
236.8824312
259.1367725
179.9478689
235.3416088
265.0572413
254.1015712
287.2959783
258.2030294
289.2588724
295.1987981
286.2912189
256.4455404
205.2081149
220.459996
280.0235415
287.4803302
270.1621445
417.756642
186.2179277
220.189946
289.0088744
294.7862634
290.5617642
277.022734
187.1438503
225.3974154
236.7186101
179.304927
261.3463999
273.4010734
291.6627876
338.2757966
346.6310045
305.2700606
283.1110593
279.2907954
311.2511623
366.8568389
388.6900135
410.8681074
390.4730438
246.2272257
281.8908934
243.1136243
333.1175239
268.6911004
237.1426788
205.5254045
220.7254083
165.0911169
247.7915581
268.6075101
237.438102
239.0135475
270.3307488
267.3190578
216.8232465
238.4282939
263.4425812
266.4557099
338.8646013
338.8232259
233.5433406
197.4617106
232.763939
299.1127737
256.7042312
230.7531106
355.8747279
332.6125206
231.3867911
192.5544302
237.1031716
369.4669599
194.1451492
197.7136408
188.2735644
276.683151
194.816775
259.2729862
437.3088993
364.5816415
529.9784156
635.3715299
782.5829605
935.2622957
1160.304336
1690.159888
2440.901236
2492.506437
3010.537703
6476.849779
0
0
0
0
12.228783
93.69180811
136.0924467
61.80280991
26.76925704
30.99822922
62.25533277
10.38452716
4.055420043
52.46113911
30.87066639
182.2761941
179.4481652
183.803393
257.8622463
218.3999471
312.4447767
316.2699846
278.0383192
557.759431
618.9192481
623.8199123
718.8860419
1229.925464
1751.503256
2075.893852
2410.365786
2760.096487
4246.187893
0
0
0
28.56033461
34.6121041
7.655923748
18.59187658
45.32584751
18.02769222
25.32804717
15.85955567
99.81827682
50.45215283
49.85922845
138.6734742
153.5033235
166.9966332
162.6038912
169.8354006
156.2009212
242.8367812
308.1260791
420.3618766
411.0405548
629.3814622
689.826204
574.4082448
1029.242026
1517.699672
2189.810118
2587.966341
2878.953605
4996.570663
0
0
9.390400017
28.4339865
5.120856487
30.26990941
42.80018307
55.31079374
56.38833991
37.12864574
75.7752896
73.24611838
12.82816889
51.01901758
36.39649664
182.6213856
181.0733208
193.9243287
211.9854266
267.3339194
354.6228833
321.1404837
430.1095646
491.0194311
637.51924
713.9344142
766.647746
921.652883
1517.074835
1590.006526
1524.228178
2492.936511
4454.476206
0
8.400411787
4.615417305
13.41813273
35.41740516
100.619089
81.59581171
163.691904
113.4709829
76.8143123
28.71866696
37.07463547
124.1063597
72.52364106
47.68034688
262.9533418
181.5355075
186.199804
182.8559544
173.2076916
298.3040613
298.7341997
460.3843417
577.1060827
798.8128135
627.2966654
757.3992481
942.6365311
1353.871822
1699.615197
1828.480053
1879.589617
4554.824777
8030.37624
0
0
0
0
36.39739558
33.76613087
61.93871137
66.60506885
47.47126436
24.35549354
29.39349128
26.12596862
89.29232251
33.65076244
55.42423016
59.50791368
162.0635781
182.3088918
188.9479064
280.8082809
310.0920674
327.7606468
270.681907
367.0839136
556.2106972
440.6590089
696.3409903
814.0180386
1143.837898
1565.334993
2032.055191
1876.734467
3530.719258
6179.845604
0
0
23.87876434
30.16446253
19.52974665
83.73129509
99.06223273
47.39020382
47.48682174
47.41099418
31.58578524
48.70458099
38.04950068
30.90998112
45.97093113
34.79470348
183.5390305
370.923156
192.1707947
280.8868824
527.9345849
301.7291244
449.5014278
371.2305377
534.1055746
703.4710943
924.9813212
1081.034269
1432.756069
1600.999011
2070.096727
2734.637426
2160.110124
4173.075459
0
0
44.34572495
109.491818
10.40973137
85.14540129
91.80547575
43.63539321
44.33056872
38.1053158
107.6483375
115.966761
70.92281441
75.80975775
94.9668355
112.5095484
115.4911781
277.6789393
193.926549
292.9511268
223.7837566
304.5712729
273.99638
389.4105474
338.5812022
407.1206614
523.4717248
650.8973553
863.211062
723.8210676
1459.555782
1670.22191
2436.568126
2539.406205
3467.940607
5128.629268
0
57.88030754
35.11091956
52.15068478
77.67211745
20.73554252
58.27518586
81.33141773
96.00981036
96.64558045
159.21488
112.9460799
110.2296808
133.0409899
88.51258779
97.21190514
79.10947792
165.0580675
171.528402
312.2891794
224.5277296
239.88529
501.7721779
375.3455116
467.0993502
617.7562197
780.3672762
658.228627
974.1378086
1015.657161
1083.378053
1396.956827
1773.871953
2257.809484
3112.817716
4814.921015
0
0.03161827258
86.01558414
36.00147646
43.91129986
56.07827896
97.2669687
62.80853753
48.07086223
141.71338
176.1585282
211.0851071
235.6492594
210.9355707
176.5087706
162.3587617
147.8691736
126.1662523
232.2820561
174.9733938
292.57751
164.9951864
383.4502478
501.6116383
394.9858601
450.4720019
612.7956175
563.3608325
537.2958623
742.302028
905.1416682
989.8818247
964.430545
1608.936274
1808.800099
2074.923886
3195.984896
4277.855306
0.003399520418
30.7265241
140.3285198
76.67387237
78.77808777
88.45646657
155.7929859
163.9613796
154.8490369
106.7855534
76.41358442
97.63084438
143.6408835
204.2190619
177.8336286
168.0478551
189.1965397
126.0976672
114.50246
156.5003708
278.1584042
330.9300606
182.0156471
390.3963506
459.7404699
529.053303
369.2948859
578.6566581
557.5648766
600.7909559
710.6050792
1032.509686
1155.823728
1462.90439
1448.649065
1294.898551
1982.665241
3526.473103
2985.960226
508.9025648
230.6688205
117.693181
210.5595471
238.326932
255.2361413
146.9562008
188.393426
171.5628094
235.5744583
233.0662773
223.2499222
181.0516053
199.3154469
213.5136259
229.8640224
173.4723734
137.6542052
125.9707698
217.1780817
230.2573704
191.3282047
302.1756107
318.4439415
319.6618723
224.9175499
435.2292315
527.4840037
355.9519281
524.0008995
669.82497
774.5393509
527.0697715
805.433935
1032.678311
1363.839687
1472.741328
1661.592389
1630.31566
1560.78762
1885.696747
624.9104621
591.4933981
553.2464676
384.1382281
348.4546319
368.278562
315.9928759
304.1288554
281.4737912
285.0365894
226.360382
293.2744621
266.244063
198.9196324
240.0399231
249.7479424
248.1168228
208.8258214
163.7580523
181.5337038
206.851859
414.5174932
264.1044663
245.5632198
223.1010435
360.1942679
353.7143631
345.5226127
365.779451
434.6103054
504.350434
434.5162123
570.515283
763.5887519
771.8587162
1134.290142
1215.01179
1274.70888
1167.825736
1235.94219
925.0468821
952.612412
761.9135208
717.880676
556.887771
497.4294537
439.1260535
262.2696498
224.5939502
267.2821494
275.4364599
279.3516307
202.4803145
181.4587884
204.7079831
168.7849685
222.6662038
240.5755683
186.9250051
206.5528926
259.9796008
204.5545703
301.5818945
280.6010717
248.2991763
232.2119853
366.0620706
387.6697261
338.8018289
324.538643
478.5790728
498.3021669
565.3338605
823.8678887
881.4669817
1047.703916
1101.476666
1285.75515
1194.025831
1142.778389
1285.652677
945.671984
665.1958431
664.3566993
522.7384308
461.0967869
437.4603369
515.0829921
366.2035326
292.4245955
321.4703046
289.0267703
264.405969
251.266227
268.581344
290.6666566
281.3444739
235.617632
223.8997526
222.6569887
213.9037813
242.8029872
317.1040315
234.9994473
187.3184255
250.6216407
174.6678062
376.082276
360.0583836
307.7842439
309.1798258
373.6377475
500.8613846
591.1547122
664.7666144
770.8590886
697.7459217
919.0021821
954.351313
964.762023
940.3780625
810.878083
893.2753115
660.6784338
580.9608892
461.7263812
436.2027334
364.7724591
383.3422995
279.194105
291.5790594
315.2271474
324.3913897
319.4503644
292.4311566
300.1683401
350.9800472
318.3156082
276.0146995
259.1784152
255.3770715
258.3501109
209.0465589
192.9760629
336.4788752
339.5585479
457.9331434
290.5287811
242.0902632
402.3079924
478.9976611
597.6493714
571.4013655
662.0448648
711.4216098
649.8720817
669.7735489
636.4659474
853.5190292
933.8450817
890.2483014
992.0337676
856.9446951
678.3076767
670.5144204
635.4402405
502.5693438
523.2288546
443.7621226
418.616125
350.1204872
305.2409099
360.1185755
392.0663088
382.7071777
339.88463
267.7184356
292.2007849
305.8689364
248.8042411
194.5587539
168.1624367
179.0124426
187.0694883
398.3183128
413.5993884
171.5619417
339.1004147
380.4113321
413.1955225
417.0269738
409.377615
356.8878668
443.8884617
744.3619432
575.4747306
583.1361669
604.2566509
783.6359935
792.4146836
811.6774158
707.9250102
676.3815764
558.6708799
522.85225
513.8223839
430.780681
466.1230354
388.0407174
384.1185069
365.2336147
368.7127935
338.2192251
429.6930382
395.6210734
429.702855
410.9275849
335.3137283
259.130786
289.0627134
243.8612967
161.6153932
175.2735895
329.6355286
198.1690681
374.6828576
312.6758637
306.8301541
477.4936088
423.9314389
348.3339595
424.7574064
521.5585777
605.0842158
558.6966501
548.6091781
489.1550335
542.6461248
617.108124
637.3374
683.7250108
705.5369465
603.8419418
527.6072038
489.1621609
460.3404605
460.2825156
478.3741443
518.8690465
500.2680324
508.2816601
475.9948506
419.9366608
428.6251452
409.5204597
332.8759609
333.6114486
388.0455867
345.2091454
205.6018765
188.2011683
181.341236
230.7209221
337.5071414
306.2386504
187.1750291
287.9734759
335.3228347
379.1132147
471.6718877
468.878609
599.5363589
486.1228499
564.4683769
494.2157156
529.0696193
435.4430682
506.5589524
463.1211272
488.1286537
528.8499924
486.9311165
540.6354407
582.6800184
471.3051652
455.3732844
500.870813
494.4284199
386.5423829
345.1991026
389.1802523
418.2565443
381.6431936
306.4799897
293.2872658
327.0652202
306.5046283
178.8072884
188.0735952
292.7095266
359.475398
191.0273668
272.7003568
368.147923
478.7769911
315.9801758
528.7876715
424.9029195
521.6458814
570.6449826
516.231749
563.3680801
447.6783172
525.6488204
562.2569365
623.844709
603.3300832
481.794311
539.0558551
509.144554
500.2786135
582.5583613
432.5113288
480.6279826
590.5109459
554.8532121
491.8015986
426.3203093
347.2675767
351.4894898
370.6821033
391.0433867
378.2463992
351.8824138
217.1898211
166.8090474
180.1897979
251.09889
172.068749
166.9365918
214.7596769
273.8432262
303.6857608
350.1751806
404.3340569
368.7217685
316.6021823
536.6650619
450.6173732
414.3976363
382.4531063
463.8401681
448.9532118
461.0892744
463.9126524
432.2742976
537.2163507
528.0377214
458.5106188
482.0117357
497.1051039
430.2842126
416.4715269
404.0269445
481.4299686
435.2941379
365.4755762
335.2487666
223.8425289
283.6103865
267.981795
198.6777166
170.4402516
190.7356418
190.6664384
195.3510395
227.2887734
353.396756
216.1350931
343.3136042
351.4624414
345.8108734
381.6392735
498.0142147
540.1701042
462.3115401
526.1188538
390.3103927
408.9905304
399.6494602
356.4253209
470.0408909
536.0416695
556.8100689
612.2387427
550.7263639
521.2254491
474.9663268
455.739115
451.376504
445.1421588
396.954991
400.5814508
405.4659994
368.0053771
325.2348912
344.5931142
208.4881139
168.6650334
248.4918236
170.7012593
168.5882036
349.5600653
226.3689177
266.7827198
318.2415997
246.6824418
296.1444733
411.2333752
415.0328013
316.7924461
379.8549078
395.1396786
358.1936422
376.732343
383.7614646
466.9961183
479.6120417
420.9159407
472.4512541
525.4879241
551.1599833
573.2670026
550.3352352
514.3381307
534.6989273
444.4081522
392.9463183
395.4414411
406.6539921
427.8135142
378.5931788
164.5256474
327.8505867
171.6311445
171.3844348
360.8096432
292.8965182
181.6665425
253.6570982
253.7341939
217.2988475
339.9460652
318.4189532
334.8911398
375.68452
378.9266061
391.0659388
371.6154626
389.8331992
338.3829041
387.9269133
376.2649405
346.960741
369.5665735
385.4612973
463.5201464
383.4965894
394.261846
414.9560889
434.3733271
430.2929089
414.7546376
423.4847205
417.2637051
415.67873
194.9050165
286.2230997
226.6090959
205.8153564
344.3584311
247.1660229
312.9854294
337.7933877
340.6653879
340.4539059
423.6470672
354.6563509
324.6561652
320.8685236
340.6815611
359.4334933
322.0939631
286.0411519
402.2582732
371.5565702
447.0584335
420.1863148
395.0876535
384.510122
368.8631215
398.4189594
380.1065999
370.3783229
410.0478839
368.1167428
352.2307826
326.4754887
367.6883664
438.5983139
338.9851162
142.3541755
148.8325985
147.1796991
145.341185
172.2377319
318.8461921
234.5492302
295.5303845
342.2121434
430.2947378
332.0150665
305.7728933
339.7344333
363.6445593
396.5561166
356.0754323
352.2023951
418.660199
346.7601716
351.9860307
378.2609497
316.5592898
385.871425
418.2796601
466.9726767
466.5918939
495.981218
479.4961186
449.0638972
433.5429587
354.8636797
377.278186
247.6044369
149.3695744
170.2619733
178.4469265
171.0696789
212.3093456
189.5854067
204.0164432
263.3451932
386.2817679
416.2639555
362.0974354
268.1782287
364.6956215
320.3054573
314.30856
364.2830177
347.1852684
339.290109
349.2380902
379.3828001
366.7051746
314.1421672
322.1664036
298.0495433
344.5180019
320.8483254
413.9033168
419.3690941
371.33759
440.0362672
420.6631451
189.0410705
146.2867292
180.6250868
170.5258377
206.0982596
259.6781769
164.2826235
157.085417
176.2784452
322.9919771
365.0690665
277.1111566
220.9098313
252.0571418
334.3252043
300.8860265
277.1548593
290.9954569
318.3092762
287.0692954
246.1268541
317.1392926
275.160846
294.8768279
314.5141525
353.8500557
291.4177173
356.1530803
428.436294
410.547378
436.2107636
191.8779419
256.1662675
258.4929083
332.2742668
225.185135
226.1526236
237.6832703
307.7534058
285.1161927
352.9817183
320.2466343
292.8356122
329.2323951
329.3200691
306.1722589
321.3190534
366.6902378
368.3224653
357.783467
359.1963912
375.3852147
324.9178957
308.4292783
405.4163917
441.7086726
362.2888193
373.2808564
409.391411
379.8071303
430.8923486
246.6162274
275.7763893
252.2699771
235.7582558
229.6288931
167.5810447
264.7380481
205.7747639
259.2274416
276.7982105
237.6830945
215.3870324
250.4175569
213.4394216
236.0327818
318.028198
267.6489669
285.6870307
363.0233322
396.1074579
387.3173987
356.4840722
454.1633639
458.3294505
393.0377627
408.1745663
406.5547681
229.9743979
312.4178292
286.4423623
354.7863589
260.6230532
261.8825575
303.8238897
195.4600129
190.4705352
268.8522645
248.4430249
204.4843825
236.5624915
270.8422628
283.7102897
335.1936272
344.151128
327.368971
333.5399187
378.1755977
380.0704979
302.4910869
341.9268012
355.6673279
265.0309088
316.1905475
198.4777105
147.2060898
219.0279059
208.7145183
214.3507526
302.4308515
202.5527397
187.7898455
282.6519533
249.2634914
243.4101406
221.0695215
268.824286
286.3044558
219.83298
192.7245652
252.9209168
302.882876
301.374676
331.1002953
368.6970589
371.5507714
342.6965823
377.0548541
330.9299769
229.5943476
170.2738967
213.5772485
296.1951916
209.2972186
276.8973016
179.4630293
295.5818158
242.0412841
264.2725455
231.3016515
232.2942334
296.6481609
325.9592376
331.540748
312.6722276
304.2189135
318.7402095
307.3263528
319.0649989
295.3557981
518.1294108
232.3001099
265.4572152
196.8491789
305.1660905
329.7286649
198.4156789
277.8493151
232.1340324
224.415191
204.0018785
243.7389792
257.4676168
289.5559069
316.9122865
261.4910168
338.2048207
427.9447556
271.0940267
252.3315998
301.4166717
290.3371
235.0429474
192.4053259
259.9597284
169.7776284
157.4829204
151.8274191
161.6993209
287.6750713
242.6395116
368.8526285
435.8586203
587.7294188
730.2799325
758.8399536
936.1497341
1321.621369
1935.472421
3095.504302
3081.09598
4450.662502
0
0
48.15555012
0.005186249207
0
49.66129272
61.59149724
50.12635074
108.9151504
35.52429597
32.21594827
32.78015451
24.27308387
21.23949212
21.44325021
183.133466
184.4214466
213.3394377
270.5261988
338.0069538
181.7875605
382.8437684
539.1890452
670.1873226
664.6032098
636.0845463
683.2865238
1389.793934
1697.46602
2616.859041
2897.124861
5735.884961
0
0
0
19.79704358
16.55287256
0.003589863052
52.71505853
21.73207085
22.36445829
23.2204619
0
23.98492675
73.50992951
26.53051775
0
182.7520396
200.2102556
192.0673183
369.6595742
193.5823769
417.1737545
403.5222553
463.044412
505.2223792
611.5496244
845.2680434
1001.814469
1290.592433
1881.003079
2652.806606
2187.089744
5354.48609
0
0
6.481993206
0.0006165396242
2.560112528
19.09360251
13.35219059
21.46072876
22.03472218
43.80039172
49.76935195
15.80821495
43.43848276
12.22371872
35.53873277
166.8931708
146.5553833
147.6368467
153.0649561
143.6645281
393.6020735
355.0465067
459.8210034
494.5932024
572.1071
713.4733998
959.099495
1222.185033
1926.076491
2555.119534
2858.675085
4122.776656
0
0
0
0
26.75269662
14.61256949
36.61204517
49.01320616
118.3325888
67.05538162
26.77935622
28.37507797
28.55547319
61.47595756
90.22339188
190.7478886
178.5071865
181.8515911
223.9889651
229.4947425
468.8599818
376.2642218
458.5444971
486.4273553
612.8340667
609.0409589
887.1272307
1279.131872
1326.81339
1877.836075
2237.285775
4324.072917
7873.586806
0
0
0
0
38.41603135
90.29334108
85.50482494
63.26300741
68.39577111
27.17315845
33.81074057
16.27067479
33.64971497
57.92237838
86.69663912
79.7891692
181.617334
194.5451523
189.2193279
200.604909
457.3809086
533.722544
609.4846863
594.919542
606.2335169
671.6278034
844.0141846
865.4762032
1114.72671
1763.775557
2226.735072
2844.827148
3142.213882
5369.803481
0
0
26.23151949
58.41420971
78.8476508
20.23214394
38.6424008
64.78219829
112.6487576
82.36152693
41.18432432
44.51214035
68.63410963
72.13712324
103.8464544
111.7576862
222.1514471
234.0345131
349.5175484
284.9282648
235.6572461
291.444425
390.9244288
308.8055997
346.3564756
696.0049813
669.7211153
1167.772104
1235.262776
1663.312053
2026.638619
2431.446644
3292.211273
4014.066171
0
0.007904568171
23.9688285
74.74912899
55.71492445
50.41216907
72.77663235
75.97603683
74.8195263
88.26324053
33.77806516
59.69533399
95.64140146
51.1798242
69.99728029
68.30452694
149.5156119
286.0381837
391.5109715
177.8170677
359.1931873
418.2339729
497.9765622
528.3188419
569.6886027
683.6753477
763.3217756
947.4684741
1068.037852
1280.374828
1880.598954
1950.763701
3097.848821
4814.315632
7623.494485
0.02174612807
32.94674574
126.7140632
99.98382413
56.36083026
59.13707735
52.91473384
110.663402
45.25723791
81.2483163
86.26746736
144.3996382
130.4752966
135.0640922
93.812597
50.42623784
36.15864429
301.0179363
192.9111004
197.7155073
285.3777403
343.1168312
481.7515006
439.3882086
390.1492139
522.5594151
575.4102216
598.8892747
730.3108301
893.5174282
1384.930718
1995.352138
2461.365799
2234.402289
5611.337655
97.25564507
0
55.18388999
86.98971451
44.86122948
100.9370867
118.6756516
106.5266799
62.42523901
91.79329942
172.6472256
108.1633683
149.5700243
93.48604747
128.187459
144.8506143
156.8093814
142.1844864
180.0197027
309.1857182
201.9811578
234.8156362
173.47656
318.2827132
479.2021889
611.0517262
557.5205578
529.7142701
525.1694687
722.8553174
881.3077352
1280.483018
1388.418628
1777.099465
2218.055579
5240.04457
8588.008611
0
113.8348201
42.23622291
82.86628202
87.87079071
97.4590792
94.87126858
158.1293622
155.5659363
110.3234301
99.843357
123.6466816
173.3435722
89.631253
181.2222073
195.4411337
151.3933476
159.745227
161.2890459
438.3243735
225.6494995
200.0062451
220.2278272
341.9067606
387.4245391
303.9986462
594.3861742
525.852223
403.3572481
721.2501688
525.5580041
775.7140205
1093.602976
1196.968845
1686.24831
1878.808758
2267.983417
3649.377592
0
0
0
179.2982508
215.4359056
224.0755085
240.6492904
215.9664201
91.33061523
139.3554186
172.5112518
210.2591575
297.9220922
197.3671287
174.8117359
179.2086229
161.6757301
196.184711
168.4431419
210.8162887
233.3820267
193.4083372
177.1402435
182.6195917
178.7919442
443.4006257
251.6989447
295.0921148
325.5357802
334.1362257
472.7701494
571.1274045
670.5899038
877.5496682
1348.2402
1478.667528
1615.101197
1629.156604
2933.57572
2068.059272
708.2871291
541.1856526
649.5497608
416.1536235
357.3722936
314.700776
273.4070652
319.5828863
230.6288974
226.9277565
249.3750011
256.9322475
249.3917606
248.5080152
234.1922214
237.3170649
292.0302285
232.0715574
224.6293218
244.6123789
181.3187404
198.7451977
260.9383432
269.8534712
212.833838
250.5278348
414.131039
316.3159405
414.4771757
438.1400748
471.0662708
399.3482604
496.7508389
635.5302709
807.9291355
956.6657737
1159.831381
1369.218554
1427.836
1587.39872
1135.645153
892.5050008
743.3180896
519.1742691
454.4958825
438.3572216
296.9740778
308.6882456
305.6860808
256.9433695
246.8187561
270.4910517
311.5128241
327.291597
248.7574997
175.7425931
223.1933299
163.7598417
219.3779754
217.2915203
238.5576378
196.3339483
198.2816617
242.8961977
178.4230293
194.2358033
258.6924035
325.094816
235.9765805
375.9154117
360.5879821
358.3012168
322.3491355
401.1488957
456.9265565
744.1105921
876.5795056
1175.334256
1037.880219
1244.121757
1176.065244
1079.426734
971.3617874
790.6466074
828.8096992
622.9033521
421.654651
328.5549759
355.129367
342.436897
346.0162579
262.1519865
177.3240079
207.7025294
172.1827069
256.0016366
278.8031793
208.2118025
156.4426558
231.5390398
285.7831424
249.3115233
249.712193
249.5098517
173.1503876
200.7180729
251.5618435
254.7901628
316.1789652
425.6832377
438.7289823
356.7886797
318.4765385
413.2304253
423.2756249
664.7687538
583.4549922
655.4500411
751.1389535
723.9593327
742.9612279
748.2230673
793.5766907
707.8682078
744.298383
638.5972479
641.6964536
507.2872683
434.273497
455.9523432
521.7922047
522.6985938
364.3622545
306.9662992
313.7721117
254.8388882
251.8019274
276.0795181
241.3333112
249.8162256
250.9673599
258.4287007
233.2363843
207.0777621
235.7225828
184.6332123
252.8339643
246.093543
310.9056444
544.2001143
396.5494191
435.9149328
470.5488172
408.3288459
424.442857
524.9859164
425.0319964
580.3218057
616.2191305
799.4846931
718.9001999
836.6018727
908.9597028
908.2263444
686.5323049
768.6576563
705.1029773
744.1264891
500.41078
512.3532983
403.2961313
575.5218608
488.2177757
409.5574541
347.0187333
300.2894914
280.0092246
317.9006153
341.6338543
325.4123832
265.0294861
250.2962667
260.7681039
296.4060478
215.392142
182.5633149
248.9406891
253.5305424
311.7113429
453.4981311
362.3656523
285.7051067
391.2854058
391.5956418
521.5115626
581.6199188
684.1338708
632.5290391
651.5767502
671.2966309
854.2677031
778.6576924
773.0766036
788.9104351
822.0724881
717.9925163
580.3200568
511.1207383
471.6539294
505.0184288
502.5589301
533.7166461
464.0624346
405.2792427
278.2782294
308.5545735
291.0338761
331.5455384
328.6668575
327.5292275
386.8566944
412.3462894
328.3766704
341.717277
196.0637313
299.4618664
188.1549085
172.0329729
469.5102434
406.7645747
411.0314373
431.1196867
486.8659701
555.3361927
600.2156079
631.1441926
547.4824852
592.5723559
598.6925394
692.8335415
727.1753504
704.5270651
690.0408177
604.1292517
655.876064
571.2359237
443.8761026
343.6882755
335.4142032
334.346526
434.1773597
397.585942
465.3614414
372.9257163
327.9249815
328.1127488
393.5271923
462.1809814
422.4277606
356.1882563
351.510239
368.1444505
195.8089279
222.5634749
293.5920619
218.740131
428.8444205
489.9151549
315.1198945
333.7828784
256.7746565
355.0854137
380.4302324
394.9845895
453.6559541
479.9952466
476.1271189
426.9617943
532.8311329
684.863519
687.4178769
600.9198363
552.7724499
587.1189404
536.2596723
456.1069037
403.9528876
404.4468187
389.3210519
464.1622704
557.5310267
521.8711681
449.3396038
415.9507856
359.7701986
340.6773749
407.5200919
320.9873343
307.4300666
292.8202652
195.6273057
157.5623254
228.7243291
205.9627792
311.3779206
272.8518099
373.1715121
376.8327912
236.6344814
276.3716817
278.8040948
413.1014939
422.054197
431.7680723
504.0820248
520.7741711
531.1329643
432.0374531
506.3865594
581.3164003
591.4471598
600.5215096
595.5417509
478.5636474
421.5987196
371.7693514
449.8671391
397.6995496
388.1640444
484.7214767
582.4468932
583.1468826
519.3012569
418.1103719
471.2395696
471.3813686
404.362941
414.9011137
221.6584748
191.7584501
202.5229579
198.7397289
196.405863
443.4282856
378.9100877
395.7632686
265.2315091
423.3958611
402.6104248
397.1577856
494.0917451
394.1656575
474.4833015
577.6564646
596.4171432
433.0868703
498.8805911
545.0190215
506.7734669
489.925333
547.4733395
525.8844925
552.2915688
494.9728103
474.8166121
533.1546103
531.0164619
487.1627985
503.5490289
531.9302044
479.8809427
417.95654
440.9178133
403.5963181
374.197091
176.9895569
193.1431284
209.4516163
371.5158426
381.4676394
218.2032773
354.9066126
267.6163742
420.5416592
412.9094365
448.4226422
495.9605279
479.7010636
487.5810952
538.1632365
525.5816012
588.7211497
487.7540752
508.9520937
498.3010759
534.5192662
573.2708015
543.306281
465.4818367
485.7056381
469.6570464
398.0404803
426.1856573
527.4541222
454.5908912
499.2055425
498.0429691
417.0653846
406.4500857
346.1708437
312.2546333
254.4467599
160.5043133
168.2865161
225.4521362
153.938852
156.1080517
187.6396362
166.8837939
313.1015576
323.11235
352.7731628
369.5871546
439.2397154
438.0132803
434.9613563
311.1751348
456.3295094
384.8611588
493.3327983
550.6340369
492.9356748
507.9554885
527.9170594
537.1115774
512.2214046
585.6995369
501.4404101
479.6477318
459.5272666
410.7457413
429.4208972
391.9684683
416.1223976
448.1215457
470.6428518
431.4860928
215.0490805
168.1761433
170.9917973
176.6289006
167.2872286
174.9084165
250.6413249
279.3842716
371.1524252
257.1137321
285.8922317
420.9176107
310.1167939
362.5262896
307.5886091
297.3499718
408.4341467
415.2042916
434.1021961
409.8657444
369.2706171
404.6413768
478.3983933
478.4096075
316.2111741
413.7218564
424.0653712
367.3492156
439.0639772
453.0574388
440.3976891
464.8224516
500.1583485
510.3124839
553.5507498
173.1071631
197.4386566
222.7503983
229.2757898
208.4678715
188.6086175
196.3250345
280.6047562
292.73287
340.2846144
466.6665312
377.9224237
408.6983245
461.9296981
323.8743182
328.6701707
389.5422892
421.5745263
334.8909616
371.983152
362.7488213
365.4435481
374.5255033
402.6579491
360.0189653
394.8853402
452.4016338
415.2606416
367.0739386
424.3168682
414.0951673
336.5516773
290.7347544
286.0890626
328.4242392
275.9400569
180.8809056
192.9196003
189.3565144
253.7110904
303.7442902
148.698662
208.8993869
296.7886922
328.4459643
268.6751227
345.4651473
219.4121587
237.2268957
281.7660616
333.5867723
315.642208
258.9690266
337.9604921
371.2782622
435.0512411
425.7889164
412.1738918
378.9640266
383.0827839
440.4656964
392.6349782
342.6610756
363.0724986
357.9394789
331.9651874
340.1462255
280.8928802
197.8990959
203.8482133
345.8022184
201.0879144
222.9839681
291.7630862
206.4500882
183.8080227
236.3988623
229.048891
276.4631832
288.4324353
240.1380199
235.7850136
258.8362791
290.1987502
275.351584
313.8267995
370.6525761
442.3805442
405.5135429
399.686634
406.0179144
468.6254046
446.510744
457.167459
474.7707252
405.1175634
394.4368662
427.3019461
388.1452159
167.7512473
190.7148314
323.7723405
236.4782838
241.5923368
169.3919065
175.8928947
258.5994545
160.1554977
181.3579845
256.1156585
225.757046
293.0388149
331.4551408
280.3497301
278.4960263
282.0555885
295.9452877
262.2455174
345.0622822
319.6599296
351.3440437
370.7684636
380.3907758
469.6617975
471.0026658
448.3877493
455.3288405
440.7036575
361.559177
340.5415235
228.9996072
337.3269808
376.861848
275.1148415
226.8934748
170.3218566
306.7278477
247.4316552
208.387568
283.907124
326.7831303
383.8075191
349.6655638
289.8236167
237.3013302
295.8617551
342.5943584
283.9280339
318.4415503
422.1038386
388.3262109
367.4365533
337.1851095
347.0523996
381.8348699
418.7066237
372.7211799
422.3792741
433.6474943
462.2403685
289.468653
271.1553466
244.4379114
273.9654364
345.2489928
336.5060829
195.4474144
232.8870883
261.2915335
298.4850432
321.2745124
270.5604117
311.6129776
288.6716997
263.8989895
332.1188761
327.709974
343.6087877
374.5363214
356.7876469
353.6755477
298.3232775
302.0428513
378.0184893
401.5488462
370.6517663
351.6348942
421.3579679
222.5184125
270.3140574
179.3795849
215.3815955
256.6028017
180.7262328
177.088215
183.5641556
227.1101399
345.0844909
192.0414389
186.6807189
248.450533
291.9239616
318.5508822
302.1696954
286.9893489
304.0082821
316.0713875
299.916619
292.0116291
316.0753548
327.0140423
350.8868224
325.6237472
261.3595256
257.7742931
194.9261738
184.6700953
308.5686979
210.2645134
192.8426932
189.0837703
201.2778168
260.4220782
364.7833583
260.6018425
257.1210391
248.3070973
302.6448686
330.4587565
343.6604802
334.5422306
328.9598562
319.541259
328.7564412
310.6302347
278.3863661
317.8135024
337.2628523
329.7218932
313.4350548
324.5668248
198.1500187
177.9645314
194.8372229
178.5117022
211.1073355
221.3584985
228.6899421
265.911692
259.2356335
231.1000444
207.9613757
231.5569305
229.0801217
221.4792152
261.0878559
265.8872609
279.7674158
235.3927321
264.1096978
309.4946063
362.6753634
286.5376447
210.1990347
209.2762435
246.4866436
248.4748827
281.5147396
276.3840699
212.6394495
228.7614945
225.7483331
215.6296525
233.0331656
252.9951446
275.7953238
293.6590922
366.3604412
388.615707
321.7170228
391.939216
320.8860309
243.8170698
254.2048162
220.4241418
215.4816227
252.3976427
300.5984248
221.9351812
197.0101415
236.2648518
223.8917552
172.0653087
171.4806472
173.7452662
172.657454
177.2489898
362.1705281
316.1931955
446.0939753
574.2826454
814.9602334
1080.513146
950.4595495
1638.721147
2870.177543
3349.789842
4448.802847
0
44.65625436
0
31.93612833
71.11223039
0
0.001696152072
9.341872881
95.7823886
74.89955561
55.56743745
57.31826852
71.46087624
52.25458558
188.4676124
192.4500861
176.5462119
219.3759349
339.6322459
270.7904138
324.4228737
443.474101
487.1537058
754.3871087
911.3907308
969.3125485
1419.548189
2639.964344
2893.14057
6182.251358
0
0
11.8927645
0
32.4782398
42.06803529
65.96477076
18.57930746
30.61454335
27.59021538
33.39274634
30.20415074
16.91483557
24.71664858
31.33109775
184.5045114
175.0327205
182.6861338
177.428551
195.4178726
227.9478031
415.5284631
401.0000383
561.4522643
599.572693
788.3174907
1120.811853
1423.231553
2322.501208
2163.695356
5615.952631
0
0
0
0
22.63641757
89.3458466
33.93889199
47.72964876
40.53317449
24.28114752
46.13766695
60.78020272
76.3162398
37.96932279
34.76750082
184.9022709
200.7211427
200.8234657
206.9748403
205.6302593
349.8928221
366.856684
512.2246793
547.4019808
503.6638698
777.4728448
1216.976631
1439.581696
2242.0163
1790.412295
4693.690005
0
0
0
0
33.08204032
35.63566807
30.543694
32.88448312
57.18830179
21.41312637
39.31479457
57.05091652
62.21518787
92.34028029
69.8843317
402.0382549
294.0301229
204.6886477
217.4779974
233.8916712
493.1018763
612.6253607
760.3469082
743.1083997
823.1126964
945.8990969
1291.750811
1601.610017
1804.448829
2275.330391
2773.991916
7642.059347
0
0
6.375477949
0
12.03070302
14.42607825
5.22512216
10.3417207
19.93924597
72.40590051
71.14822149
41.88261505
58.1081695
47.96719821
104.7674552
323.8379873
279.3597955
182.911497
177.8331915
283.2476372
429.6277425
579.297042
573.2476222
560.7806069
874.5283084
917.7628607
1038.640554
1630.261217
2141.800083
2134.412581
3003.331239
7203.834341
0
0
0
42.95643399
14.95224276
76.31626684
30.17661877
0.007428689754
37.18994733
70.74353955
74.25852147
97.11552963
78.00965631
62.55680161
25.30115306
77.36586533
191.2039658
316.1541571
460.7046598
341.7253114
418.7389286
428.9588644
456.4976597
462.5246096
463.285136
593.6777538
666.5837433
801.6234644
1321.00791
1837.631626
1799.464034
3243.849229
5367.320858
0
0
8.529388953
20.46675204
16.56448844
32.5019347
16.23162795
58.70444566
69.98522547
76.16645423
46.44024127
52.20054721
66.13115515
75.13996088
60.23427419
122.7469282
89.17867206
245.9071808
343.4832204
333.3957269
261.7161026
338.0764653
422.9735562
274.6543018
398.203798
518.7896683
484.2808397
713.639536
819.7645898
1189.707064
1234.70013
1792.376385
2309.168352
3495.64548
14783.0284
0
0
21.84331489
64.3873718
64.56813489
37.71005967
39.7818901
65.89097032
55.20530613
63.83186238
61.40819768
88.32559277
84.80729595
105.5851941
145.5898422
113.8064426
116.0270046
370.8832159
384.3766175
451.0372011
413.0669532
274.5294586
347.4830223
379.3832008
419.4517227
618.1508482
588.4858179
810.0474853
1100.938828
1081.025628
1521.190973
2288.259344
3305.722285
5402.883911
118.4457163
0.004932316983
78.57992156
96.49349042
73.13064151
33.14216034
11.39569274
37.06571761
102.2818655
184.1017793
134.9175608
101.9772231
76.5187814
156.2634106
123.764269
101.5037928
100.8333536
98.36289283
198.3946513
206.1430356
243.9787669
278.3250904
321.4505623
457.3807629
439.6964493
625.9846886
475.2521148
712.9870672
773.2709544
1122.986751
1293.372847
1262.71461
1976.413131
2435.384769
3461.57563
7948.439145
0
0
0.02448673998
115.7506225
76.00025692
95.68342355
55.64640242
59.62991539
117.9087122
129.6063872
159.3543549
151.6417081
104.6391226
109.0506691
173.4459187
120.3262636
92.53336098
123.6389679
59.28077377
101.5575809
181.887013
170.962094
154.6669769
205.2137096
214.640089
343.5296998
366.4429464
437.8700772
396.6612445
555.5339352
736.2683039
797.8626212
1023.094751
1467.254692
1727.830042
2053.853836
2515.261051
5292.899381
84.2171705
0
45.82259782
133.1330657
197.9621965
173.2117072
115.5386447
126.5558993
205.0245092
189.0504783
173.0597743
151.715358
195.7745374
228.9762981
202.0224883
187.2594044
140.7430143
78.20163183
101.5317018
187.6674897
180.1411243
225.9584813
177.2556421
205.5003821
203.390568
341.5699597
321.2676652
284.3638818
532.128765
466.3566905
452.0119479
558.0021717
538.6577909
886.6237551
1078.571172
1646.884055
1935.843418
2179.65265
2054.07843
2885.903685
599.4883473
305.4561833
619.8836977
284.2767306
254.4995604
323.5498929
214.463196
201.8079255
231.3041925
186.9255181
113.7659734
125.163539
163.3302626
156.102297
162.3266322
188.5084954
230.7879762
184.3590065
219.7653914
224.7593925
220.3270662
213.4835316
176.3391835
212.1410753
304.6951953
198.448789
355.8452343
230.706266
465.0039113
424.9600773
406.7402032
403.276152
455.3419075
537.8471057
672.1954999
888.4693258
1067.987741
1362.457558
1515.381679
2133.586407
1298.104753
1165.863945
861.7744246
733.1358103
567.9903635
462.7171106
472.2821709
389.3625105
351.2274053
279.6150112
256.0616627
291.8840867
304.4394007
346.9203555
333.3899166
366.1037631
338.0969435
257.9070887
348.5440817
283.0617164
265.8752397
138.9927323
125.845225
133.7874588
199.4752521
268.5388265
436.3905463
348.5449073
194.9253223
311.8436176
436.7790913
371.751091
423.8397768
404.7064707
624.6642145
528.2818117
715.1907238
910.3091815
858.8604088
951.3056536
996.084756
1082.537718
993.3466882
906.350525
637.7262308
507.0973346
526.2370761
429.8951601
460.3942859
380.0092461
394.46203
316.1800022
391.3062286
306.0033479
259.1231336
306.746627
190.9696321
230.3568079
285.7961145
239.5157939
211.9144271
201.6807655
214.2140183
217.8215478
207.8834426
277.1953533
374.5509093
312.6064656
262.1201655
456.9764683
422.0708652
471.3236217
428.8649349
427.3182389
404.2083245
518.214217
530.8697915
713.3444595
804.4013177
989.7497201
979.0154594
891.1765414
580.224312
688.0475073
669.5796236
545.9213186
495.0848971
498.6901984
517.9666687
368.8501482
341.3574252
364.1272343
406.2572836
322.4269443
247.9120044
252.201765
278.0263472
267.2136344
261.3420785
309.6843811
247.056588
237.4360788
197.7383029
216.5009016
232.0720821
159.0683414
369.7130345
271.1771676
182.7961418
422.6496753
259.0226274
253.2735923
442.6549932
320.0591346
456.2058626
500.1326803
464.9526521
555.0064928
826.3259204
808.5832917
859.7039299
871.3240691
681.6757333
602.4682836
653.8068223
568.3763947
567.2242874
472.8307886
458.5590389
521.205619
448.1223252
402.2912321
338.9342135
364.9478895
394.5116483
335.6657339
345.5315556
358.988209
286.2384599
257.9336043
324.0812166
291.8148544
341.0520638
370.6948147
283.9302247
215.8287139
277.7951958
358.7577306
199.2571523
324.9323881
262.6978768
350.1374695
321.3060027
303.6006541
390.2434927
420.4761794
415.4358328
555.7592344
534.7825021
719.9889264
741.1410285
810.4929095
840.8084626
806.1412372
654.8036496
624.0300326
609.5103014
626.7420943
600.6652945
544.3257576
491.2812663
532.316405
449.001681
559.4872635
541.73799
418.5680178
473.3743177
473.3392094
432.4762053
381.511876
296.3681303
358.7366877
345.4085534
290.9895198
312.0433796
341.0412207
294.354608
175.7154223
186.2010782
188.5951398
213.3481953
244.170335
247.398864
241.511033
464.0630733
513.4410871
464.5592438
394.7058296
571.6690069
588.3073686
596.0782699
657.1762564
665.1740534
647.3597756
623.4702734
652.2232312
580.6450877
606.4988346
518.4772306
444.4435846
423.446873
362.6108129
317.4584605
408.6336477
523.9528457
460.8455103
334.4046905
351.6732973
380.12897
377.077873
394.3098755
343.7246001
279.5242254
284.6917623
315.0271398
157.195887
151.9302796
223.6933797
287.0001384
284.4217246
285.7532801
250.5782345
388.1762896
331.378576
349.570983
374.4734264
442.2126239
536.4424977
539.2509653
571.00367
542.8015002
571.988396
533.9443847
524.6279543
519.3187807
508.3947366
533.7040838
508.0172228
474.1261426
505.9588527
558.7812634
475.2421933
438.5198094
363.3041229
430.6448533
405.1969024
414.9118151
415.4498494
518.4457882
470.1217523
384.4178481
344.1002012
343.1612794
216.3685821
229.3666845
241.8623176
243.9283989
226.3853692
290.3979481
183.151471
265.1892048
327.7866194
284.843142
252.2806097
208.8665797
358.7714983
503.9107116
434.4337249
576.1663824
540.5590539
427.0879982
476.0977016
558.9931903
587.1445447
525.9379719
598.930765
673.417787
538.3383055
472.804968
457.469788
353.4821106
355.9573314
419.6605309
388.9698503
423.3815645
406.5106748
395.4069131
396.6393436
418.5168504
375.5678543
350.5592183
211.9242274
195.8208848
344.5282634
184.7426781
338.0069857
297.8424803
296.9158257
297.3073717
325.6660955
264.6843724
387.4837951
389.5525386
615.4729965
526.3568305
364.0362318
405.3620916
439.950439
368.889688
482.1385698
453.2610182
499.6525699
509.0303647
519.7715351
532.9935021
450.2681913
449.0879431
513.5886396
469.9919595
395.9362
438.0030509
411.6259747
392.8461801
383.5950035
324.686682
284.432623
269.3457433
300.4121038
202.371525
174.3330427
340.3153458
272.3936146
354.5415572
173.3590639
324.6043477
289.7069172
368.1616024
315.9920255
349.293034
281.7508199
445.4054541
446.0372683
454.2337569
437.4556322
392.2342494
398.3557092
378.9915193
437.4361061
369.5548223
444.2600521
434.5027657
372.0241098
377.6567945
405.7187138
414.8056412
448.8504264
364.4538405
437.7414998
482.3041762
516.855155
479.1515453
451.0591333
410.7621204
341.4237009
347.5568922
191.8506799
301.3201309
162.5252578
403.0603109
228.6575387
215.2047353
254.6170923
289.4330855
320.6478947
525.9500816
287.6661965
314.4831428
378.5069272
303.7519904
408.9327629
455.7607609
529.3935407
452.0571629
528.4516372
531.2953439
422.9527669
335.1222778
454.9379205
455.2674297
477.7514026
452.7920675
424.4018147
420.3611127
344.6652481
455.8152462
509.7033967
523.9722106
465.3356951
394.4968337
379.5513352
346.3482346
193.6690509
344.0163173
322.6974526
235.8876301
235.9681602
231.5445054
287.2504185
314.1302544
367.8715039
276.8884635
298.5008747
316.2467193
319.4340148
295.296173
362.9192339
516.9525671
449.5927236
391.2404115
440.8160434
520.9624573
517.2461398
371.310795
320.3467608
372.2623237
425.907267
418.0621952
366.4180871
371.7329182
339.1948325
431.1090217
438.4447677
489.1552349
496.4390191
450.3222603
383.5619702
199.3167402
189.2808333
424.7350958
258.8218534
223.4657095
371.5028613
230.3834525
271.5884268
210.215475
224.7801827
350.5248819
410.1180868
296.8619424
364.9903855
420.4179957
511.1269663
409.6544908
398.0029139
418.876344
412.2287936
384.9899107
347.0317292
357.1689432
338.6794428
374.301609
418.2703306
411.7266884
390.9164416
408.2593262
406.9758973
409.0367356
464.4785064
514.3578188
454.7905248
176.4127291
356.8363592
158.2462783
172.1470706
336.6563472
275.5669917
307.0386507
305.6034513
304.9299068
214.4979327
317.9827248
272.9248167
283.9940033
335.5564113
413.5798406
431.9550191
324.6401263
358.6565094
405.800717
411.9138865
479.0968398
376.1428062
494.1376445
489.2116498
404.6256598
308.1052156
367.3051439
372.8173255
400.8328316
405.2040508
408.1165803
415.6593219
426.4207264
301.1864283
261.9593025
174.0675055
222.7068723
244.1912412
256.6439953
264.5199728
336.4928966
238.2566851
170.8863779
334.984985
311.5362216
363.8777697
382.1442517
365.5408126
392.5479186
284.587876
345.0672025
301.5746363
365.2654843
372.4378458
382.1334344
452.0697362
541.3326911
515.8508661
466.9182919
401.1852682
405.6491974
324.6177293
298.1947462
337.611572
362.9825739
226.5568951
195.9167555
178.6874657
233.7378673
212.3614108
319.2147993
321.7855766
331.6673961
275.5764271
356.1235529
286.3600176
283.5353813
339.4472513
344.0285401
280.2204045
305.9772351
294.3021768
348.8116429
282.1820487
311.2030109
306.1260818
287.2587638
346.5017478
344.9841002
316.7883405
291.7643447
296.8921548
299.840573
301.3920535
350.4231544
437.5777217
225.2489205
218.2305093
207.0468526
222.7315397
211.1716024
303.9720726
282.0818924
323.3245106
210.1973415
271.0111321
278.7376698
277.4682719
319.7781239
352.2058743
248.5888876
319.9980385
314.6711161
378.055982
332.749811
336.4783575
300.937939
284.9307372
310.1827672
315.1402618
406.2131236
346.4356018
344.3375056
308.666031
299.5221398
293.6734309
182.5270579
143.3425649
176.6149737
183.4459198
179.4535582
182.7003915
267.0942257
276.9720679
184.5987072
254.6536851
310.1382791
302.8359119
356.0049511
319.6050517
296.0811386
305.0206585
298.2403153
289.0355351
306.7806439
298.2215171
297.7519045
281.8215433
280.3358789
291.9036535
340.2270068
342.3494924
281.2607269
293.2774368
268.0568899
168.3662776
176.672409
251.0980893
192.3459531
276.773174
255.8273907
196.9928019
144.479593
232.7164197
284.0127975
282.499508
269.4647601
206.4954944
269.4875421
279.5654366
256.964199
211.1917959
238.4123989
244.8096637
263.0145703
282.077612
267.5773875
294.0927688
276.1658296
330.0996895
388.899571
390.7752262
217.9261281
182.3204681
305.0650652
284.8630199
237.6741953
320.1181477
252.8645103
207.1953356
274.8928367
300.1288147
294.0094479
256.8883484
270.8330291
220.6929621
273.7441951
279.3191912
292.322265
356.7964327
375.3995885
360.0061605
398.9786999
382.4266394
361.2916167
332.495312
369.4100829
401.9814452
445.0780008
214.8770714
224.9058892
227.8667768
292.3411988
191.2193333
192.3205268
214.3412917
283.6678215
213.9227812
205.4637056
198.3559727
248.7901469
250.5554508
201.8284227
202.7735344
238.3677102
290.2671554
274.5253022
330.988075
329.3089695
314.2676436
254.9443939
197.2017464
171.2760115
215.6713799
266.3703273
185.7991854
165.987091
245.7084397
270.0126282
231.8038549
287.6174268
196.035226
255.433366
266.8641335
215.0727876
197.8835987
190.8047473
192.5216157
191.978801
240.8324298
274.9966255
509.3842316
226.913115
155.4206769
150.061641
187.7500992
229.8816202
178.125412
240.7985402
165.0284682
182.5557406
203.4172481
187.0545247
155.9683515
225.0019569
242.2259876
193.0078127
213.0005757
214.8013692
180.0626983
214.3267965
366.8319054
327.7693131
434.3787724
607.1360817
963.455029
1107.14775
1645.61817
2046.65115
1714.007143
5453.480926
0
0
0
27.94958554
26.84824643
35.0757074
41.55779748
24.90797717
31.96864434
36.08998093
40.1584669
32.04373817
40.25112425
50.16348007
173.3216565
192.9039051
182.9350681
266.8301483
442.0138092
442.2022613
426.1918049
617.0492735
471.6087566
696.7213862
1126.345743
1389.95395
2376.628742
2808.980888
6000.085763
0
0.001594038687
0
0
24.91248904
48.95035736
14.33054916
37.62692814
50.3929346
27.90317968
23.66066262
23.78550113
57.97407009
41.45282466
169.1846275
166.9992645
180.971011
152.7787237
149.7567974
156.6332116
315.4406159
448.3911643
784.985707
634.2593108
1064.655595
1299.436333
1782.934587
2399.763683
4640.81658
0
0
0
0
0
9.521193979
64.43129315
8.062610257
3.185985882
55.81056701
96.05179413
69.9387977
48.73614878
11.03012818
32.16653938
174.7921603
164.7511745
158.1853932
187.5124422
198.9393527
171.5567921
413.0212649
588.2136362
513.6343185
614.8623437
782.3595738
1380.239593
2087.040112
2322.818769
2921.691201
7899.909057
0
0
0
0.0004240380179
14.19999862
10.56015891
9.82290696
13.26221413
46.98590205
22.07031032
18.43130824
26.00052521
37.69213291
76.93847581
93.36363397
163.0303595
343.2664197
338.0929368
186.2240929
210.9660203
338.1325729
541.633271
716.0517848
783.2926787
1002.001411
934.6000394
1574.71753
2028.868016
2236.112682
3635.172129
7856.315138
0
0
22.91480479
0.005436532034
0
41.46136659
33.26950833
18.16053996
24.18370955
39.55485228
25.12103812
16.96988287
41.63344989
126.2551505
97.15663091
198.2354262
180.9757413
161.0582497
258.1748476
200.9322354
335.4738906
361.6242563
513.2294984
648.8790676
706.858566
904.4556541
1108.652334
1627.464037
2007.151221
4529.299342
5815.346183
219.0494936
0
24.56686241
27.19034648
74.38469345
11.79304707
22.97934471
48.65123616
101.5180179
69.873762
74.03735343
71.30344625
46.85878044
36.54051217
18.37662185
45.44338158
378.3757964
387.8788553
293.8333346
262.8196917
342.1397753
210.5479306
464.8188778
525.5452094
552.7373922
706.5646137
696.9121249
809.0497619
1455.663229
2233.414672
3003.091711
5574.843894
0
0
0.003060842496
25.01802903
54.21457458
63.97419166
43.57095692
49.69523931
43.47555955
12.73279063
25.25702929
79.64680452
117.4348754
78.69992087
34.2404756
8.543421223
32.46522055
172.5152632
179.5038359
182.3313789
178.6492392
307.0417814
399.2340092
466.9845839
400.3268891
487.9631922
483.9905081
675.8580465
1001.166692
1357.450212
1704.828504
2084.257701
3289.661351
8490.470165
0
133.6271412
28.05309117
43.82636276
87.44473629
46.10328435
38.49744043
55.02099318
69.80489029
91.88226093
61.29191818
64.5484388
116.4953544
86.70626762
79.79096141
125.7862314
81.63883945
188.6076282
310.5270457
251.7485961
439.5786977
463.4683303
406.7754676
336.5797839
418.3325226
612.3014007
718.2761007
820.0443806
872.4200597
1163.313603
1498.376512
1276.663164
3150.998736
5707.78116
0
55.98069284
0
46.75770694
35.74181773
39.77080977
35.09885936
33.91188156
35.23791485
36.21600242
52.48883298
122.2964528
100.9257216
61.7098932
34.09322808
11.53345408
45.46590307
143.0156221
91.75179545
237.8191752
210.0547149
403.3681487
193.7318455
258.7988914
173.2418886
395.2063565
521.8925166
471.1042266
609.0742329
674.1138531
1074.322045
1534.430622
2078.584557
3217.715952
4929.298844
9464.492996
0.005105715009
32.44379232
0
145.0192978
98.07132035
96.53063735
44.47067397
71.21523656
52.97674649
52.13003287
104.5034454
87.73775221
64.51320879
98.03186218
96.14372688
48.79352104
89.44579646
116.9950189
114.5497441
132.9335696
177.2344237
170.1798875
176.0788322
178.759823
273.3754304
288.2599738
331.1552661
434.3068088
475.1385274
523.1572272
700.869734
763.466662
1230.508205
1667.23375
2041.942366
2771.075118
3847.491818
178.84242
135.0107318
144.5564029
152.6813454
142.9779777
179.1119419
208.7543589
162.133718
109.5280689
135.4194105
102.8009481
81.25433761
139.713868
133.5250509
70.88244565
106.339875
177.1605839
208.5658546
192.6682544
153.3510935
137.2278562
184.5594492
202.7930595
195.1215172
348.1818819
313.6288703
381.2227871
428.0629756
520.2055495
516.7919982
409.1731357
734.2244927
727.1330179
652.6300046
1324.115098
1458.497104
1962.377699
3281.042277
1698.684135
219.1238575
442.5189195
116.8989839
293.7864065
314.1058162
295.4142657
266.4507159
244.2600628
256.397975
248.0128759
214.2169066
173.9385604
179.2012606
182.6658459
112.5712313
101.6969443
143.7513378
194.0077988
216.2682547
198.3500811
200.9004474
185.9743172
236.528335
222.9598247
355.8497615
434.47638
437.0923849
420.0429
367.3207667
451.8599781
437.0161967
488.622715
628.9550569
750.6080204
832.1362335
958.0210738
1334.77686
1453.249342
1325.775892
1910.529216
595.5335096
433.732171
498.1547096
501.8897587
473.8743334
388.9853809
402.4625693
358.8408168
285.4878825
269.1046052
249.7434315
215.7923896
232.4775516
188.2625557
179.7988202
183.4695618
240.4473346
252.8751091
267.4806061
232.7696248
265.3079772
280.2032243
215.9339467
213.3786702
163.8595771
246.3212685
309.0481222
331.7431497
227.2477524
240.4214534
433.7571327
324.7966738
366.4598348
456.253196
592.5160067
686.2411154
858.5267645
1027.888855
1041.29436
1283.916244
1208.087661
1086.117373
705.0622515
694.5054204
565.3070996
593.5779732
549.6353258
399.8037275
302.1895627
340.6441496
390.4038062
409.576523
296.6810583
270.0628812
245.4012954
211.6283964
250.1661838
194.7022756
245.7580862
273.848147
251.5195859
182.0992215
179.020327
207.2691024
225.5539408
228.2227072
254.1852932
325.0373047
156.1899296
188.3382383
214.3829611
229.2033948
312.7749745
201.0833506
258.9167157
439.2321223
440.8717706
629.9262297
717.1926411
831.7344973
939.5244897
870.0756945
941.274587
790.5619762
812.489591
747.6186767
614.3112955
552.1231926
583.6724189
486.3488686
404.5093153
409.680309
433.9636708
349.7739688
360.6745587
361.7830061
388.5426753
373.8139853
328.8408158
296.4984692
245.0366209
270.1071294
305.6260353
320.6228492
312.6105118
280.7863775
413.8870899
328.7110621
204.2272864
389.8905687
271.6771433
213.1652003
307.3342709
329.594536
242.7642247
374.0842348
459.610581
657.1497391
722.3396561
755.6552333
885.9993766
831.0193262
779.5327738
705.1788488
652.6119684
650.2325405
554.5725009
521.3761718
490.898086
568.9618344
494.117848
421.2523152
413.1287786
430.2158598
398.1939697
357.301077
460.4421435
432.6670305
401.5523145
412.0608022
368.7798895
321.7107029
300.1178765
263.961558
241.422994
249.1564271
191.6693243
170.2941051
183.548255
181.7465206
194.7486178
319.2779131
319.088925
252.7328215
305.7905578
337.7508736
340.798155
593.716663
447.9271155
486.380511
433.0714608
539.8413368
706.8647462
647.4915088
685.8186166
671.0826976
663.4640762
481.2423862
484.8637355
541.0796855
489.0534153
467.1487513
445.9132691
456.2566158
420.0276508
393.1102218
390.975441
334.407744
292.4550219
325.2003977
367.3076537
420.7171652
469.56505
395.0930577
333.6359126
302.0739867
169.3022874
183.6276943
181.9450228
184.6870503
234.6317871
296.441948
333.0168394
326.1022599
427.5165792
417.4224358
370.0553416
520.4017944
534.2018375
516.5488469
589.8162741
608.7080686
563.6080604
599.0367386
590.9642431
634.9978987
542.733633
469.7943716
467.4520583
553.4828388
366.2638492
354.8001754
369.3628761
330.6232521
403.9598885
286.4604419
304.3579736
326.2264218
313.6866361
294.884253
265.9162228
256.3287294
331.9081501
335.2181647
339.1784351
356.2424073
182.7607559
187.8302787
209.6262285
420.1121695
327.6068629
254.852287
306.897897
293.6169959
293.7529143
268.6988213
381.9609922
630.4623713
458.7997671
477.6007944
558.310686
510.4661112
471.4511328
552.5444572
580.405346
542.7316967
470.9197607
376.1999416
512.3873338
534.7711372
484.1623405
493.0567514
530.7894157
407.372363
387.5977889
413.4350519
380.3851197
431.4833728
379.9672624
383.6378755
363.1780839
389.020988
425.4307694
465.3949727
181.9773813
314.7614292
260.0993956
219.0864557
236.3069263
242.6047956
249.5908064
353.5066333
296.48056
243.1531945
260.1911395
448.7986626
428.935843
404.5740614
511.673482
592.7027743
508.8691572
498.1890422
467.449726
678.590928
591.1649141
485.0912973
424.3239861
484.5991533
486.1089367
476.6329007
446.8100972
401.1911016
371.674547
341.0913636
415.0751802
435.965373
468.3899851
449.2418683
385.0709601
327.3104257
400.6698342
350.6630643
231.6001482
170.5904211
263.7557994
224.1888947
272.9065191
234.238139
234.67168
244.4406642
296.9102517
281.4437781
285.4814427
381.541967
373.2291985
458.3619671
457.8120749
520.142387
421.9098581
411.6363848
342.1812866
397.4743244
525.0415569
602.7739802
471.9151909
490.1555524
535.5820158
543.6174828
458.1851483
441.2788459
462.8935963
408.3781904
384.5959582
349.2200735
354.0441211
335.5063375
340.9771825
358.5071517
370.4445359
355.8202319
196.3464512
189.3431354
185.2170352
174.4219047
184.2272276
258.4909282
235.0396592
426.3773326
305.3688406
404.5725221
351.6247977
459.0461653
489.1086423
471.0599322
425.3101761
466.8311739
402.5736223
404.0986376
361.4208381
387.4096061
410.9436665
505.1815665
417.8880884
376.3274898
437.8584495
479.0034965
419.8260835
484.5280654
483.0081594
468.2557928
452.3503474
381.1906437
339.6989809
337.7600222
364.5640986
412.8431902
420.7303976
199.7851108
197.5733236
207.2375664
206.7835742
195.9167672
212.9124857
377.3320036
284.2555512
232.1431341
322.3264576
336.4217742
459.6673659
389.4472363
446.8719921
414.538537
494.5848632
492.0141495
502.3524275
433.4745469
493.6365228
464.8652185
442.0548761
410.1208414
454.5048915
364.125621
342.6870379
335.5903651
370.2312155
419.2879417
378.3858969
473.2163529
476.1368461
476.0476616
430.1952062
367.7167509
397.9920486
163.4609052
170.9206486
166.6430923
172.6840324
178.4535681
323.608752
198.2373786
214.6657292
203.876081
327.857462
289.3404
304.5848225
305.6979751
331.3151435
401.8855861
335.9149502
360.1745518
365.5827203
293.8829644
324.8165186
403.7300748
428.4920929
394.9887812
458.3650138
446.5755679
432.3654564
388.4381614
390.6299023
438.3965276
408.3972068
351.7036044
335.3638109
366.615122
424.4811992
413.0246823
209.8653579
186.3394353
251.8282344
195.6847816
203.9702425
238.2387791
375.3004415
204.3570995
212.591649
307.8806045
380.1834587
344.152333
340.7814061
266.5664354
291.9709117
395.0843517
423.2169271
323.5417622
334.4802708
313.8382972
297.7975199
373.7858298
365.5706506
409.1506735
425.9604289
372.0691705
379.8650343
303.1096097
312.4279787
362.3045393
391.0614173
408.2750595
384.8747941
427.3288168
464.2609451
228.0667377
230.7288702
246.3789317
167.1564936
161.0223362
155.3751607
211.3582329
124.9707928
295.2784842
244.9261314
297.9132592
306.9355529
359.7197124
306.2869843
324.4831055
368.5614363
370.7484704
362.0519022
309.8453063
384.1556091
481.1667244
361.1432628
374.9844158
373.6303995
474.7531707
436.8196023
463.2834203
430.2519141
325.7091021
360.8907093
396.7098048
390.5459333
386.087085
414.4863979
210.4188665
296.1217349
256.2591986
281.4853096
232.1299999
237.749153
226.3103919
358.8114456
266.9914685
278.7069593
319.5683611
372.7780142
327.3641909
360.5965057
344.3124525
307.8247731
295.8388558
236.2737787
226.7346381
264.8799438
318.1351186
306.5524845
340.8018031
392.6489298
361.9615889
317.0956808
353.6768107
428.8252342
425.5338263
387.0286162
400.8255134
349.4292971
279.778506
382.7485423
169.3295374
198.2018988
199.3492042
201.9069001
214.0407987
266.8920375
289.4125402
309.8741217
274.6817407
272.4100521
313.4548537
327.2983528
303.7344337
239.7417779
224.6335638
313.6352687
320.2509851
311.7719615
319.0339203
369.0272313
352.9930181
314.9577197
366.0974327
404.5610303
401.141925
397.5787994
394.3604793
433.2603496
409.4830993
425.8530699
348.2402717
188.117782
174.5312711
177.5991412
186.3024328
184.7430951
293.5502441
276.2402012
286.7848667
333.6533946
270.2018053
285.6177139
297.1864005
281.3627343
264.6702769
205.9672216
239.9214249
229.5637911
325.6620857
288.6232265
417.3044138
382.006515
303.9759468
371.3507416
412.193203
379.3937847
434.650657
388.3216045
364.7662104
340.2762312
279.3855428
148.935557
172.8793722
152.5396872
126.5731372
219.9854593
204.8776972
221.7091521
305.876344
274.5470226
356.1205145
328.682808
259.25094
302.4599754
200.6959909
225.9490643
190.6987612
274.3995604
330.2815157
325.107185
403.6470292
404.6179067
352.2108042
362.2725001
385.0575581
348.2741064
377.1040364
426.0580241
441.3969923
438.3582662
239.3284587
166.55818
190.1530357
272.3526501
180.4786687
212.3938958
267.8631806
213.2808013
219.7899069
270.8228238
270.1855845
248.8703108
212.3707386
269.8983753
236.2598613
209.0377405
318.6996343
319.7995199
319.1543108
365.0883741
357.9348974
314.7718404
337.1807273
414.8415956
415.4409108
367.7523764
373.6567628
379.9829882
199.749503
199.9433409
197.3123012
240.5559751
292.0337882
227.573514
196.1348706
204.5334701
198.9075978
219.094026
184.4158476
190.6755767
228.0617141
239.1997541
225.8391404
253.0700027
325.0172514
296.5967794
333.6717029
348.445865
340.1488034
322.0541115
339.9728685
332.7886618
313.891917
319.4646607
217.3891799
227.3725661
177.6106821
255.3643922
245.9444095
222.5477796
244.1592461
273.3726279
278.1295077
285.676177
301.4696622
308.848862
335.5736058
294.7714587
274.5286597
287.6413494
312.4751396
304.603191
298.4699955
313.004121
252.8207707
249.1805682
266.6021436
260.192262
309.8650622
163.5478785
177.7934933
230.6807156
226.4333063
202.0631985
213.0589755
242.5467062
232.099215
227.2924457
224.5460958
229.4261263
257.0227223
256.883343
269.6904983
279.701715
281.265621
277.4681173
284.1682939
285.146951
268.4421717
299.9867993
223.9134257
273.5823615
246.9180706
201.0477778
206.2810902
250.9435017
205.4362416
243.3293055
223.5791358
182.9690122
155.4393376
169.0021377
210.8878977
302.5358561
397.4017859
267.1029945
289.0386417
241.7823041
249.5549808
212.8444659
302.0248429
410.026614
422.1238712
767.7431851
982.3448665
1189.102243
1842.885612
2958.427793
4624.929058
7943.125528
0
0
0
0
22.80955961
38.58905704
25.34712307
19.99620824
21.71344842
20.18892122
63.81087707
121.9761589
113.3878396
104.9387831
204.5129337
270.5385869
188.5789907
376.2189081
426.0987696
391.8621207
330.2765392
302.3286355
488.1965847
660.850908
887.5849532
1516.469351
1896.330648
2870.284611
3177.910505
11577.80519
0
0
0
0
33.88594482
52.12555284
70.62230289
9.018026261
18.44625435
67.41288378
34.53220591
35.88599847
57.86257384
78.33025648
198.497599
255.0692491
205.6023219
376.0870909
195.8207864
398.7336157
401.7988436
463.2365421
568.1372548
632.2205629
815.2456006
1140.692464
1796.831302
1529.734711
2755.900239
7717.176315
0
0
0
0
0
9.823522685
40.51398982
21.9605787
0.00286487101
57.18717789
57.29430266
36.98507448
59.72937634
39.67617605
200.2988908
182.5454507
215.3569075
355.073706
404.5282666
297.3381674
381.4152877
471.7542843
621.3554076
646.2860439
879.1690136
1237.126153
1197.676062
1895.685464
3023.274022
7055.155756
0
0
0
10.83650197
20.85129205
5.471178894
0
27.61615997
37.98637708
40.80375261
25.81414359
59.71313773
84.055471
73.69440069
114.5604356
198.1438734
203.6338116
194.8353491
213.1295144
368.0282797
356.4504839
474.748908
571.3036529
728.0413014
919.4503173
1116.709278
1316.629427
2457.531867
2701.022459
6454.605218
0
20.67220528
12.69086393
9.07506687
35.30833378
29.86695637
25.11278224
50.5767649
13.20008949
26.33588594
43.75644259
41.52594471
47.99286599
59.39618772
107.9075951
181.8680223
191.4466523
247.2033978
422.4648009
321.5767625
454.6577427
382.5527721
555.5007617
586.4555625
906.3194816
1093.850628
1101.262005
2252.640476
3165.19845
4790.974186
0
0
48.49619279
38.85369583
48.05490196
29.43182725
84.21907191
84.13937962
65.43183384
133.2107704
76.27339082
61.74387569
85.37019583
137.2314295
71.60612394
25.23709407
176.3752902
234.3094135
434.0122445
366.3150851
190.9806224
358.0805271
389.8808347
431.982941
589.8376715
702.5460524
967.3536771
1237.683166
1957.105622
2096.094787
4968.73906
0
0
27.85510327
30.1393994
34.74951184
32.18086679
45.25651446
65.65567343
95.96262995
113.9025324
95.37989837
32.33495885
37.00859338
38.11303593
31.44599053
23.6194922
39.42265002
181.8019133
306.2658913
393.6299223
196.9162974
378.1729047
250.2183371
354.7686788
340.3686079
565.713042
649.1005058
811.2347787
1037.714613
1647.18078
2219.431952
3694.860657
10229.95738
0
0
49.90460231
42.12326374
25.96291314
35.29229966
45.43284476
125.4179357
68.00644817
27.03476484
53.65967175
54.78162737
51.43769808
49.85857196
99.67617253
54.3254089
51.01257812
61.28479919
199.6985676
349.7366295
181.9279292
326.4024454
236.258962
387.9715498
339.1396647
299.5641433
492.1313654
599.5600603
722.9730709
866.2411928
1158.265867
1716.090828
2332.262234
4883.047984
0.01748252787
0
32.3020662
69.9799772
62.55049547
69.48739592
169.219361
75.96779828
30.69771063
28.1617595
53.79436073
33.36955584
59.11492621
20.08400383
33.70695237
41.65238483
66.11822567
80.79643762
91.53567469
190.3466445
193.107096
199.1580279
395.3566041
364.279718
329.1234224
341.9039083
476.9262123
406.9787582
746.4647041
671.3633938
1182.811907
1674.179912
2172.867175
3692.505736
7811.518934
0
0.01495635433
71.13908863
100.831262
53.95020266
75.64764611
79.81147329
105.8999879
56.28684602
64.92677956
95.27005001
33.94639176
44.85414101
95.64061084
107.233028
102.8979678
94.92665449
70.17467798
119.4767425
105.6766071
171.1389404
170.3136125
234.1759691
242.8631277
344.6107483
385.2749927
440.1312995
419.3928303
504.2989844
604.0670554
512.2295128
821.3662016
1229.522163
1887.747342
1455.91437
4558.679095
0
142.8706114
132.6960906
152.9580537
123.8055634
105.7254752
114.0225749
118.1175607
170.9730024
118.4353423
113.8183953
103.579698
116.7354896
171.2086145
136.2020186
92.54540525
80.35130815
80.76895141
130.4734443
106.0039231
209.3063837
186.0125398
187.1162534
178.0449766
199.7338147
334.7900902
505.5948375
401.2243442
372.0142151
464.9602043
693.1754648
476.2426798
651.6440332
832.3756002
1033.405643
1179.030305
2195.043478
2042.561119
3013.837697
467.8893221
132.63699
175.9643181
154.8955068
174.430669
221.4885096
277.9729021
242.7471824
211.4594008
186.5944006
192.6063185
178.8315862
161.6945265
209.9754694
170.18071
198.7472638
233.4237003
205.2942456
145.0626724
151.9230936
227.0150898
157.3468602
211.715362
185.3576806
230.2590592
175.9848883
245.2939694
285.6575276
258.9623055
355.955003
231.3552797
567.604379
496.8151804
464.7723451
562.4982843
648.3653519
811.6319701
1019.884013
1402.428986
1156.777318
1694.814428
1328.154953
381.7808708
747.8416542
522.1361704
449.2122369
401.9301842
296.4057851
294.9833237
336.1312319
299.9115602
216.7615291
211.8209285
222.7435851
226.7157944
229.7914509
255.5056608
257.6555
201.0538072
219.4007617
200.0457077
196.3628576
152.0308328
225.4569773
314.5968394
237.5929572
169.3437526
165.8503065
240.6901111
238.8762555
325.8519501
364.1278051
394.8361233
413.6778592
456.4567695
493.2915132
655.770125
646.8602667
704.9317977
796.4334898
906.5155799
916.5774687
744.6393497
784.1607351
720.7988906
530.4116775
582.2030507
541.4353687
550.8037258
466.3073962
390.1795295
381.6749044
308.4658188
314.8423626
288.793364
286.7049556
341.1082333
279.4319729
247.3100218
223.9967172
182.6235141
217.0095386
234.8196142
187.8138011
185.3536091
181.8438063
209.0632176
197.4994461
277.8593023
274.6802381
357.84439
353.8711096
280.9246061
465.73031
526.6205948
398.715984
615.3807583
714.1641228
518.9790476
776.6045459
815.9937102
989.00575
877.021396
1006.805447
866.9572021
962.0519319
852.2228109
651.8004051
505.1159657
548.5639712
470.8159564
548.8149516
416.5585171
437.5051397
438.7511107
418.730056
390.456872
382.1848133
340.7667475
291.2658928
327.6608289
281.8024604
203.9928551
233.0413766
293.3272205
254.7192854
187.6132436
201.1949682
142.6535551
145.863535
181.7572575
257.6135858
316.5727773
275.1062757
323.7956567
325.6423176
484.2485763
482.599514
364.5297065
492.0523027
547.1695252
708.8476797
707.6322118
714.4840044
578.7996414
672.9549352
672.1276012
639.8937314
744.7338313
605.9285585
490.5224188
474.5007272
460.1082716
397.903372
500.1078116
492.9396977
349.6168432
350.8581809
352.9065641
351.663365
312.9426854
309.2104387
355.6079753
348.1830289
328.1602987
334.278246
379.1472813
408.2847349
188.550484
195.0737846
306.4852175
161.1940431
345.0166442
322.5463881
256.1491895
246.8503237
409.4943864
443.1449697
362.1982307
524.7039743
542.1183301
594.4391945
665.627385
770.1429795
515.1421466
467.6051167
453.2290771
429.3126731
385.6757468
490.4000508
517.2028175
397.8793596
363.2844556
410.9794708
348.6509163
338.9009321
368.8551815
328.3638149
270.6977408
316.772233
336.5447461
316.3302578
319.4483413
328.260052
376.7289136
428.713299
427.5174214
413.7066955
297.3263205
228.8343709
277.7711644
354.6010827
388.1100096
337.3696202
399.8520691
469.8372114
303.6141446
409.8993729
371.390008
504.0487513
492.6614385
502.6589995
539.6168769
548.1341633
499.4889811
515.8928868
609.1267341
602.3509851
539.1062856
511.2970344
521.1499732
534.3341292
472.1432235
460.7539453
397.6241374
338.2054698
317.4147509
408.2668188
370.6144293
339.4929452
315.5620374
364.7486813
414.1242196
403.8267378
337.9912261
346.9631648
265.8898337
307.515813
187.882102
349.5311184
184.4863989
350.2438153
224.6772345
348.0305478
307.5726395
344.5030884
347.5019312
382.9881164
356.4286839
469.1528944
515.9246244
377.0547317
358.8793016
359.4900413
361.5927253
410.9035807
450.697886
466.1522444
484.1558604
527.7309531
510.8881315
508.8984378
482.9927485
501.6417908
480.3286837
540.2379732
570.4260583
490.209421
443.5478377
374.4255901
391.2526018
394.5533289
378.8022104
427.5548492
359.5708065
322.2446904
154.3656431
290.5483127
153.2509549
221.1730135
265.1807235
308.3554786
194.7376229
302.5731021
215.2330245
317.4340057
350.6024972
415.3514235
454.6901979
418.9973721
497.4336811
465.9919319
444.36855
429.3359485
475.1504716
546.4330935
518.741832
580.1092226
418.8577312
459.1745334
502.8161278
411.4119848
446.3333932
416.0234797
407.6159321
396.6716999
445.838335
470.0434333
434.7130197
391.1625027
371.4676379
379.2041668
430.085303
450.0302538
181.9932573
250.2341105
185.0694263
186.331295
249.0715639
334.8428936
268.9608984
412.1637681
411.9965039
287.8911898
346.417347
406.9093382
445.2150352
481.1513187
365.5474345
413.3557105
441.5529124
375.4147603
326.4781017
380.0151908
412.2094487
424.0369194
390.8928993
383.0510287
515.4597581
494.1134814
411.1365574
443.9273298
404.9421115
322.6850159
284.487998
347.1208606
350.472297
368.5769037
424.885525
402.0618076
389.6303239
452.4651221
175.1313565
176.7667328
174.4184794
162.9569702
179.5075125
184.6260265
284.0790222
215.4856528
220.0701605
250.2637114
264.1675668
313.6218685
307.1739594
408.2392158
380.0490064
331.18883
399.624287
298.1932513
273.787768
379.0202325
408.670417
558.5151484
567.4625957
460.587523
436.9425782
472.0316
411.1012346
503.7833261
547.3401162
479.9548663
420.0162498
406.4589979
452.8492941
471.9704824
459.314556
434.1070117
411.201709
179.5616262
184.2233902
171.2483628
174.84817
219.5859337
338.4250078
221.6958751
270.3945642
166.7619825
257.0976886
205.8477174
360.6179216
296.3280374
412.5280538
376.8651657
434.3726104
478.8348006
522.4192067
384.4043305
376.084363
362.8354815
354.2129701
482.0042814
416.7613226
386.6330877
418.2892486
400.5789873
390.1105242
403.1867874
489.6707993
477.9836423
430.1302114
413.5201207
379.6958873
357.3720896
413.5121097
220.056184
176.300641
189.0965578
200.9713902
233.0371822
316.0800845
251.1246814
290.167415
188.2593617
185.1769675
184.4606128
416.9863606
337.2357305
379.6157171
386.4440975
349.5135252
397.1451054
493.9330358
507.2339907
426.5017569
462.6934601
397.048002
396.2333492
423.188796
442.3524429
450.5011148
432.5675479
408.8404799
511.0997195
488.0838189
447.9819488
502.9469549
479.1317237
505.9353666
473.4496287
436.0762605
166.7016861
192.24274
189.2837678
177.1706873
355.4263826
290.5977353
237.9030072
301.0991705
247.6996364
313.6144088
366.9058963
420.7217813
378.1897855
399.841885
407.5174294
406.9044345
363.3044224
417.3711197
490.1189775
468.853096
479.8567524
404.6060719
392.0831034
373.6361393
368.7783718
434.8984121
427.6335221
377.3044125
460.9462575
409.9171587
410.8323158
452.1534379
424.733911
429.5876501
420.7358655
193.1244185
205.9040307
264.2120654
196.9210719
169.4686825
222.6022535
266.9377948
266.7160968
188.7199638
256.0148244
198.3367683
344.3177661
229.768799
333.1546164
329.911553
354.8425981
368.0111314
362.4997078
422.1646328
447.492364
412.0834379
493.458075
450.2282082
363.1108084
398.0998205
430.9165257
434.7884536
416.4969269
384.4348612
324.6770999
338.3571482
412.0117136
366.5837472
367.6990129
185.7332758
169.8962393
192.1459651
230.1510331
249.652776
200.6756444
252.1246054
274.5325845
311.4493754
286.6473563
315.338624
326.3885922
193.5408844
230.7492233
250.6861376
296.6442269
271.3519113
248.5644547
239.7681585
281.0392628
339.0468739
314.6638788
305.1334419
314.2804029
349.0388564
380.0069871
339.4635672
299.2425229
265.976894
267.6106408
261.5071308
295.212213
269.2161824
158.1153462
165.4560886
150.3090221
155.6742664
159.741756
162.9501606
199.4753831
282.2144768
264.147122
355.3659785
262.5970669
311.0261081
331.8341511
373.9873962
416.7412298
377.995459
424.8463024
379.8107552
346.7183585
323.7992542
346.1353246
318.6800042
388.917999
416.4683325
363.0332134
334.9086601
335.3131708
408.0652579
392.1239449
458.1441425
415.5065088
431.0133266
263.2856891
160.0596912
188.7017954
199.8549454
203.1936076
206.2842883
199.2797845
231.4843292
328.6104798
392.2385467
184.1459697
203.9468727
235.4188398
291.574157
362.3416823
298.026399
354.8347246
269.4065878
222.990466
252.6413297
248.3585731
288.5930694
333.4992481
379.7307667
362.655075
329.620166
261.7137551
297.321357
317.1064678
386.1797541
414.1276946
205.4381134
192.6689076
235.7408154
259.4097514
222.5694335
226.8089209
253.7760445
326.3467021
335.7583994
257.3838112
169.6631489
171.7059718
259.8300983
355.8982224
315.7834956
299.9698474
290.7371269
249.7143791
215.6924602
200.1401961
258.815382
314.3014735
328.059049
318.333686
289.4290787
310.6663386
323.4592055
320.7818142
303.1041959
191.9605471
177.4363668
230.5108469
226.9936037
208.4689238
303.9647362
276.0835764
338.2589784
338.4480611
255.4795817
229.642105
229.9355586
342.1870216
306.7314268
313.1344631
317.9413782
357.8188999
377.4968115
331.2351918
270.067103
297.0395828
360.5528897
341.2154381
370.7532174
347.7157985
340.8906286
370.3830958
342.1435119
216.3056016
194.610425
160.0244118
188.6029092
231.5826599
251.4925918
225.9232662
208.9940898
201.4421771
170.7824668
282.4496104
308.1170743
332.0564992
309.708805
270.637059
276.9492635
300.5612474
352.0044277
320.0703993
327.0742443
362.9623905
326.335508
417.7941881
392.4053079
391.9642859
432.1477705
255.1079063
170.5987646
187.9439034
263.9381793
209.1051912
211.0174603
266.192501
268.642204
284.3288639
272.142819
249.3352768
267.9043237
272.5905093
272.9693007
217.499984
142.8328445
191.9952703
257.2384866
238.3189596
197.1691645
242.0479254
235.8599435
298.0532171
261.7799549
246.5394734
177.6536968
178.4980269
163.8021058
179.3144202
192.0080888
233.9801424
260.2658217
239.5326557
244.385765
262.3986612
257.6388824
319.0210202
317.1929635
276.3212273
236.5975675
233.7304885
312.6828613
202.108932
271.2919468
273.4572736
318.3889523
409.0326604
164.6783662
150.0093002
157.3289004
170.3895117
190.7417071
261.8718012
257.4028307
277.4556163
271.2043951
305.005453
280.4446995
328.2711544
298.5415596
348.1332885
413.8970688
475.2740148
216.9015462
283.0632081
255.4126513
310.9204867
363.4428079
399.0043024
321.7346202
395.947401
386.8390432
375.4626926
405.8171693
470.379635
319.8022311
384.2968665
486.6664545
775.7600469
904.8342784
1276.379969
2454.543106
3236.209656
9447.868513
0
0
0.004724462344
16.39681579
33.33199951
0
0
38.77603056
164.9333359
32.99993395
48.99470083
38.34232326
35.7759984
65.80325688
345.6400016
251.0173099
183.5415509
165.567996
335.9419195
372.0291538
414.4672045
390.6650704
361.0109823
575.3193659
1186.995739
1635.829379
2358.700083
2330.496287
8217.428626
0
0
32.07802196
0.001989306429
0
0.008480760357
49.75499573
43.95764085
34.26819402
37.01188509
50.57310012
52.16217235
31.27213827
26.52774139
382.5913622
259.8859287
330.4957835
284.9674333
292.7449707
435.5656955
509.7312878
526.3056686
584.7700407
758.8111316
1098.188664
1366.28652
1876.211756
3604.245736
9597.446032
0
26.24234886
19.00781089
0
0
0
53.42376383
47.62176709
63.83049318
51.21156459
92.11054572
46.50636498
31.10532775
60.21101693
381.8915585
186.1818425
204.1064036
227.3536434
221.6008338
321.4385014
331.1832169
319.5231202
498.4813274
723.1219136
1098.075449
1457.512535
1884.031903
2392.92942
4985.64717
0
0
7.514419297
0.006545798737
0.0004240380179
0
0
41.58446836
115.170009
34.31047582
38.01058904
67.11195456
70.00301556
85.62914087
96.8465779
469.0618342
184.2072307
185.2180854
189.6676554
177.5412791
298.2170693
382.798022
517.2808306
522.3476765
774.7731427
862.9256105
1121.107304
1867.774308
3221.589971
6572.218541
0
0
0.00246615849
0.003060842506
14.42573094
16.06797396
37.32027351
32.75734162
22.90039774
11.40498143
23.11501736
32.07832785
24.73856065
44.61345389
61.17864588
310.0377609
188.0089517
292.9954874
248.1986727
416.4942124
353.2212397
338.3629415
415.5887367
618.6569503
919.3614839
1060.160333
1509.223387
1840.399957
3914.689446
0
0
0
0
55.66905708
29.81269218
46.09157026
67.36301692
48.04299144
31.77039822
58.63498948
78.52128412
102.0647052
48.27428138
26.67523004
24.49510244
189.6648812
331.3340757
301.3195697
304.5947653
368.3046027
378.5029271
525.1665021
479.1053372
558.6953367
712.852921
801.5388636
1479.866722
2293.540071
4434.820063
10138.44511
0
0
11.80695027
13.81537027
21.40070181
90.13914586
200.9576298
98.41835307
52.48840174
70.57402597
105.0652277
107.295429
46.30621464
57.13335632
97.66951852
72.47655607
68.82468478
282.2862818
354.2778447
177.8963836
387.8828226
258.5957045
456.4944067
415.4880564
480.044529
526.5701415
540.5612192
1000.510406
1386.76563
1774.416942
3464.477689
5468.355141
0
0
18.97647239
32.12316386
65.79758738
28.7088106
106.8492467
122.3168131
72.30886123
54.84640663
41.68695479
59.67285974
58.91364679
39.37922444
59.14470429
112.6558796
60.63785308
56.6772831
342.5840753
169.3947722
176.3231858
166.0366085
180.7198076
386.4770178
362.5773772
346.7979331
392.0222364
522.5060988
653.7876166
844.4326777
1360.377432
2822.533869
4850.902612
0
0
42.17736819
78.95112123
75.66725963
116.9762056
92.4796956
97.84494531
94.75946453
73.55434377
96.96554029
63.51240191
63.35401065
89.74800821
72.14321825
45.01863652
56.90949773
71.15652559
41.04301096
202.9889739
167.0723734
152.6767796
152.4783291
271.3750059
295.697238
323.8313194
349.2850897
421.3309255
446.6970653
437.9214056
645.3203614
1056.469715
1912.135315
2446.568795
3871.113783
0
0
122.4448784
172.3028317
132.6280279
107.9051452
93.374687
71.04426727
68.69148667
97.77326956
110.3148023
58.43334736
58.65578925
110.8357249
98.30273422
92.37832801
90.45444784
121.9116807
140.3246303
86.68144787
118.7591458
212.2950999
181.9388981
230.9005516
195.9512759
190.6383382
258.937402
346.970763
437.502786
628.8624035
722.5066283
869.8142676
1095.010838
1443.437911
2254.156988
3269.750663
286.5564795
41.52174074
206.5851247
164.2024606
147.2849551
130.5366342
172.6422462
192.5798261
157.6474856
108.1256909
93.74805925
116.3479934
145.9762753
206.6178405
100.2557451
126.2751922
182.3275165
226.8262237
212.7374027
140.5489463
156.0596121
160.3104682
135.8103604
168.9657184
172.363709
297.6183952
180.3600506
279.002327
254.0599347
425.7443865
357.8741789
588.4647305
720.3060403
802.836419
907.5979743
1033.421405
1270.981675
1568.746272
1957.330739
1906.08367
431.949225
342.4441275
102.9012604
213.0927909
207.3317468
203.0406543
209.6103562
215.9652685
344.1478208
256.4824789
232.6809014
220.0486043
193.5783988
157.4612659
129.2373693
137.889591
133.1434175
183.1935973
228.1504545
260.320819
253.5504672
200.3840617
238.9768058
176.1531741
132.1130163
188.9967771
192.7528527
214.7799668
457.4488199
425.9114214
287.1531332
487.4591518
425.645496
414.7702047
579.3340239
468.1144016
762.9568754
872.5952521
780.8326242
1081.887948
1404.866759
1123.152666
840.7213795
724.0762704
556.6499486
489.0520565
394.6268674
382.9956669
435.9036094
359.2278052
338.8476481
390.8538082
360.8962006
290.2986935
250.3143419
269.4458257
201.2960543
181.5786458
217.5580761
188.7154028
194.6423883
205.0573896
194.1426774
214.0681187
217.9424933
187.5625568
234.31362
171.5293933
191.1911131
220.4903154
317.5779765
241.5560593
421.9490632
359.9672174
401.6848099
413.5193247
516.6222566
650.8408616
726.637256
771.1682977
949.2318431
969.1765155
973.0952896
777.6926465
878.0833156
678.6936504
417.7349921
453.1013845
452.697549
390.9960527
449.0371063
313.2430274
285.5023176
262.9009592
243.2315285
241.5124937
236.6459907
229.718611
282.5512056
245.9208392
213.2509229
202.3570824
203.1519937
204.2601071
308.814128
258.2432579
242.949647
237.1351756
165.2401769
172.953733
143.7178473
258.1502266
358.807351
285.620107
346.6625988
468.9824728
300.3681901
432.8808439
472.0080377
515.8561458
527.0748091
763.5208176
673.888085
813.2788513
744.4275788
661.2632498
785.0789356
688.5647821
545.6853842
504.2756316
481.5045058
511.6754072
484.6877686
358.5211469
253.1098338
296.6842925
296.8140116
297.1928425
290.6981859
279.9345264
285.3992919
257.2769766
335.4926983
273.5106983
202.3390657
173.8750864
220.915126
232.3695967
205.9324336
199.681041
165.3140176
168.122072
304.4068828
240.0568684
177.6950547
248.6810814
224.2298288
259.0678193
269.0501829
418.3990008
472.6727946
590.215744
590.0015947
563.3885265
622.2809034
654.8773391
559.4804924
595.4248631
669.5224828
650.5983745
594.688853
483.5982485
448.885545
467.0473941
512.1864612
469.7823257
319.0720765
390.4662411
362.9953091
365.8208993
397.4283383
357.0001944
386.986902
437.5828392
425.6619923
360.2795652
344.2499883
360.8646613
261.1754053
237.4327584
199.4648848
267.9693005
348.6278051
216.0938466
254.7827082
346.5064978
208.7957448
372.8256738
334.7952464
468.4619139
458.443378
509.7389247
497.4831906
656.9311243
573.0134726
517.2550906
524.4839663
601.6811465
612.1581041
625.8176973
530.501732
609.7524771
531.9242917
505.7676802
470.8327582
427.0539111
444.0989618
488.1842066
404.2245149
362.2505846
383.9341574
421.6324197
439.9095661
449.76909
485.7032674
423.3366751
277.8220964
275.9665392
274.6618492
258.7894438
232.3350516
173.3617477
185.7264338
171.2738155
161.06885
323.2168787
239.6572276
196.8841794
288.1729354
292.6831085
370.6701263
458.849656
523.4819765
585.7490997
527.5936772
520.0245371
543.0392819
519.8207164
448.0587217
472.2224037
507.85633
484.6452819
577.6915239
606.2336163
480.4685037
439.2322393
431.6420954
443.008539
472.3480758
482.7751395
360.0313756
333.0063418
329.1476135
397.2710982
377.0880354
387.0322618
334.0853576
272.1326769
256.0844075
268.5359201
174.2346192
161.3782709
141.9510241
133.4637538
208.8192916
205.5067072
139.7727951
218.0286249
241.8176528
387.8139753
310.3092884
379.303271
455.6506239
446.8985552
450.8581094
419.8240375
427.922962
426.5032228
492.7124101
457.9858373
510.156882
406.820352
471.6594124
544.1018395
522.3112988
479.303364
494.2556673
374.169263
332.9590027
300.3539513
367.1375925
391.9710436
426.8572451
401.87912
431.6960711
367.6629036
307.5999382
378.125628
390.1414353
230.7236146
159.8910599
340.5890353
185.6354484
220.7510882
313.7136508
278.8892463
330.2071877
207.9625431
324.4208114
298.2633885
301.207124
430.584622
353.7405703
332.0593846
365.576952
449.3379572
388.3212228
294.6462515
417.3741811
448.5846982
427.9361748
510.5479027
507.83441
528.8306057
493.0394065
502.7122782
514.8581555
528.327325
532.2112593
498.6229238
442.9745269
464.5529123
526.4365062
469.6340549
459.0531491
418.3474543
414.035017
457.9900149
273.4327242
386.5816894
198.2857022
210.5025268
308.6379098
362.0877077
334.4205719
299.7562692
300.2143287
287.7822812
279.4656983
475.8808538
539.3207028
476.3648009
469.5614619
460.4627515
492.3933091
418.4522834
356.1282974
399.5708802
512.0309514
403.675049
508.2771315
475.9883783
463.006262
487.8954046
486.2431004
381.890675
394.4909353
446.8991955
372.2205253
313.8193529
308.0195816
335.0437201
352.0017244
434.11561
446.1860918
393.1863812
173.690042
165.6439135
157.3676204
147.2527349
246.0293768
236.9442593
184.2682533
130.5109826
362.7686643
200.9870109
208.3378387
329.2021402
287.4616088
284.3540684
317.47339
329.2632713
313.2556597
363.1371409
398.2722902
342.411078
421.5696648
456.2518819
520.8591142
532.2991815
504.752797
466.3983536
501.705204
457.542778
439.3605013
401.8219914
350.3518101
365.9150042
344.2298743
418.3390537
434.8293352
441.5765431
401.6958268
190.508291
177.7152602
196.9027502
197.7023681
213.4001447
375.3642708
230.5887363
240.1308998
354.3378356
302.1760759
236.2895458
365.1874426
300.3789703
284.8654325
324.9686386
274.717699
325.3439806
375.0115086
352.8494956
320.2426072
328.6556272
383.7838136
395.6072147
458.3280699
484.9424011
484.1195851
423.4893953
446.3088714
440.5783183
515.0255291
406.012452
369.1122748
376.2352669
366.6812533
373.7815594
341.851436
419.5229848
194.1520731
169.3269848
188.3960168
201.4860897
394.9886557
394.2401462
304.8662639
436.4358223
315.2981155
377.5976104
326.3503324
511.4361405
353.4235584
375.2651064
426.402501
373.0905494
454.2651777
429.2177702
466.5623973
458.3139191
360.6941932
416.9733753
430.8515467
401.1865332
441.3122357
419.3969699
403.3710646
429.5627775
426.7119288
423.1728339
518.8076467
446.7233465
392.3463069
349.5050121
331.2840013
317.0257478
201.362233
170.2089026
171.8676637
196.9402591
314.9845453
378.6866236
254.5002779
308.6944639
226.9913021
335.1809785
381.2313788
315.7234926
243.9279794
359.8035968
324.4922956
346.7662435
398.960033
472.2871899
428.8270079
404.5870373
422.5619233
523.4956266
532.3723775
509.0778847
451.2346237
403.6475241
450.4674564
425.0745899
446.5878029
384.5239919
418.292342
430.8280854
384.8576567
389.4828243
363.8096208
184.6516948
178.1983339
173.2582963
244.6148756
220.1700048
243.1766816
183.43484
231.9206624
292.3015441
313.4315399
284.0707377
246.9698469
299.3113516
254.9772673
243.0109741
199.3402006
292.1861948
352.6419627
322.768276
310.9770313
310.8957693
340.4837331
347.7337324
352.3528061
313.0107824
334.5917265
364.3423315
326.1949287
420.9746797
409.793904
388.6227569
438.9744141
391.2178775
400.3829795
176.5003684
182.3469717
367.1535105
344.1009697
225.3745982
295.2665451
279.8560888
248.2357791
320.8312754
367.3467913
292.8738903
307.0738313
309.8615065
233.7004241
270.0753732
300.0158181
390.4274971
356.9831525
315.1641831
342.1574804
389.4250564
419.7460221
354.2692857
363.3170997
328.7733503
331.851343
304.2380234
299.0086267
336.8112792
349.6991464
291.1849171
327.3623558
297.8013989
178.4572074
309.5080595
218.9502434
250.2184747
219.8546889
198.5353055
141.1377263
254.0095067
258.7128737
225.2689396
225.0824423
299.094677
297.5361822
280.3014788
250.3208237
315.487677
312.6980986
316.7405666
286.5376486
265.9283753
405.7019062
487.1170619
406.7472138
350.81774
379.5775393
413.3441011
342.7192213
362.1074874
344.7409847
307.2674156
285.2849213
350.3107929
366.9566596
189.4320688
194.5241668
237.3511081
305.1005779
230.8291389
181.8153487
217.0995345
300.2825936
296.6763975
230.4222568
240.5000004
222.7729881
240.931034
275.9868236
275.3198021
264.2361777
325.6548388
301.3757716
264.8973204
303.342638
294.9091696
268.1485185
260.5372691
280.2843485
297.5906233
284.2632262
286.1263538
275.3247423
251.7340177
301.476299
207.8967873
163.499139
197.5030315
244.7626035
299.5265211
163.6204349
233.1256364
178.5825462
267.144866
301.8410493
255.241562
254.0732372
261.5695868
301.781682
314.159897
336.4086937
349.0578219
326.5107502
366.9619039
326.7760567
347.4046279
298.8560014
276.2200079
255.0167867
257.3285836
265.3001144
292.7358031
291.9201948
349.0031144
345.0966003
190.7276943
199.4358312
304.2490346
166.196193
170.8804481
219.0250123
210.3460679
212.7320912
262.0005009
284.2892533
316.2601994
258.3506029
293.1063873
373.5990066
313.289847
279.5634588
250.6235082
323.8725412
325.0707285
330.9595809
294.0223038
349.4439188
323.7600842
293.1964466
348.084209
322.5330721
307.1319457
261.3355779
236.8276402
255.6532281
255.0288746
192.9813881
187.4026507
197.5327529
214.7720798
237.5843014
260.4023698
290.6805108
264.3174743
244.6362395
309.2284831
339.1045376
359.9811237
339.9420724
328.4075153
267.1325423
312.4406896
299.9491289
273.1299888
277.2974917
340.8276272
285.9865488
358.3565553
343.3656951
294.5441456
243.9692195
252.2449482
191.6893395
193.2492706
238.6902617
192.5465824
220.7656172
231.3841028
208.9928884
279.1250312
281.4697182
300.1967186
261.4467087
233.309472
366.4669081
319.5026039
234.2048748
282.3524582
333.8503273
337.4185658
334.9581352
351.0524539
366.4484056
403.8015752
353.921965
189.05459
144.9105699
269.543646
228.732649
233.3001107
274.0444311
293.8774289
266.4428201
295.5951747
284.1763029
296.7014902
271.398505
195.7760624
285.3538166
213.6531711
194.2121723
271.414449
295.4526502
270.5450571
258.7514284
286.2794385
273.9906609
348.7733025
211.8947292
167.3820284
217.4777123
227.0398273
226.485444
242.1262117
235.9342196
232.3767951
247.1536518
286.0266864
257.4123952
222.9785068
204.8366011
216.6059418
199.3931773
209.0666263
278.9463615
237.9940389
234.4591571
174.5470531
190.9604829
192.0285001
206.5846538
217.5902705
247.9069312
292.2657803
235.90907
219.3840204
224.3336623
323.7948122
303.7315489
374.5365688
467.7225389
505.8461012
599.2040542
617.4570838
737.5142454
1726.924877
2324.144455
5803.721369
0
0
0
0.007540663816
16.10810644
0
0
27.19843878
50.01183023
49.66235073
40.15235847
28.62505509
43.45805991
46.96049003
199.1127458
295.2219869
194.6856474
433.915272
324.6692045
398.09911
276.3455365
543.7023598
535.5573203
860.5052284
1121.377604
1575.783097
2402.367414
4039.144086
0
0
0
0.002700277683
0
14.53951499
44.09455954
37.25401738
99.6314115
30.45875812
12.54583319
18.12957794
6.345973388
9.746222038
179.7418549
185.0969539
290.3051857
360.7951907
294.7098495
335.719497
408.5293559
633.8339046
519.3929994
706.7401461
1030.753165
1600.275396
1820.107823
5746.948604
0
0
0
0
23.73146481
66.40577103
33.95777395
50.3742527
25.67806835
72.50343878
47.63846999
39.17918254
24.26587103
4.785235978
181.7430234
169.61813
176.5209896
184.5041285
214.5307341
227.9683468
445.954025
334.1023298
537.7715861
613.8130428
827.4412246
1210.949548
1449.015513
3924.809144
0
0.008114877071
33.11885135
39.68692468
39.73866049
46.31698149
92.138985
57.51843721
63.4202235
63.62269511
54.65229773
101.8684818
56.95395872
19.2242271
184.1643505
279.494897
179.6793184
169.2679687
208.4417475
415.4685479
325.058192
377.7933183
501.9042136
654.389363
1088.793845
1314.826471
2130.171547
3176.959252
8991.521123
0
0
19.88749071
29.77338539
36.38296257
20.84181235
48.66893959
20.88655446
53.64211063
88.78729608
81.79050085
92.45614332
100.5175678
78.1485554
45.11792714
415.8081438
224.7337463
334.5014026
218.4701742
289.0644562
312.8575653
406.6037541
509.1439428
516.0683071
756.0167756
1250.399181
1846.439576
3434.000316
6857.973101
0
0
5.881909171
0
14.74123885
36.14491084
59.806791
43.22189331
78.29941375
73.36284609
30.69800063
44.39258846
72.1462753
67.30988132
73.98907248
62.77731935
259.4266419
170.489317
410.6689025
334.8555974
429.3867775
493.7982573
435.0354928
615.4364504
638.3595041
824.4128853
1156.609829
1971.502399
1805.094883
6102.129099
0
0
6.486182324
9.804213868
60.6487022
82.27249596
50.74674087
35.38320615
39.33984933
16.36075013
0
36.9180459
51.37212648
64.14621212
103.7937947
152.7638526
127.1797323
194.2000693
190.2744633
180.4803113
295.7243155
337.5312852
329.6404973
233.5588209
482.8802406
331.1515272
508.1184269
1076.211546
1354.585063
2220.655395
3999.476983
0
0
40.2831645
101.9950985
85.4436805
92.74811967
95.04781483
14.93792983
8.355878601
20.34558034
38.3355085
40.13615329
81.58874261
111.4621511
89.55606847
96.16616077
101.2251741
105.2537418
208.350635
231.4138046
207.9739562
204.1103579
268.8303349
280.1533615
318.5816583
511.9746318
457.0851596
644.331033
880.2896274
1169.245269
1851.270809
1978.677224
6704.138228
0
0
0
10.55289465
47.53767198
129.1465534
169.9739642
64.86703155
77.38356953
114.4819503
75.4945708
82.7868046
73.37641386
83.57645639
58.19929667
59.19789412
67.96109563
64.60106009
102.0125039
144.6130559
195.7878699
198.8565264
271.9459745
198.9197554
340.1178555
213.9498049
352.1416578
452.7146069
480.204366
586.9161238
628.7817082
870.6220749
1319.269423
2190.006425
2931.82463
209.4941722
18.93593733
425.8781049
138.0042898
81.06854166
68.52319542
74.7280608
93.95469114
96.88521156
88.27533253
62.90865574
56.54303671
59.02226282
102.8337932
167.2203983
125.2031127
79.7370371
98.5103859
145.1707244
121.3664331
171.220123
154.9635188
175.4259384
175.8799141
250.3119852
253.1804866
336.8702802
305.3325337
358.962157
467.2270481
452.5891714
652.7513956
885.0887514
887.3093946
1472.224424
2757.112563
3782.982933
98.27271234
138.5705338
170.8041728
91.77814329
216.8492576
227.3199526
165.8378982
145.2485284
179.209131
131.7630307
119.0265327
213.5287056
190.8709786
176.5777332
145.4317412
214.3477811
166.4937656
103.6623322
176.3428168
182.6025223
166.5957077
188.4995542
159.3973891
154.7408198
189.1076575
314.3684137
218.8355556
421.0228524
378.1620855
320.9517612
294.7601919
406.3684091
549.6835239
584.0087387
566.0957326
584.3401175
1050.974429
1208.654193
1832.517761
1267.166118
577.3914013
470.4479687
681.1365999
543.4154268
367.8018898
398.4733293
317.8664812
318.0066757
293.7550401
317.2530069
372.067638
261.5982857
252.6072397
276.7652373
192.2325414
152.4399089
217.1267265
221.8960001
233.625921
242.3784511
154.1304721
188.4368629
203.2126469
125.8222126
107.090568
89.1992756
198.0610911
177.6267924
380.4305732
239.2112399
167.2581228
221.6261895
228.2486057
474.9283227
464.16284
616.9779068
575.2205817
614.175696
731.1936306
1011.899758
1077.772545
702.3399134
829.521918
640.0673758
656.4484536
529.0851019
516.9113295
415.2723028
378.4594509
431.6950521
297.5910278
256.5684805
247.3526578
236.7537173
248.0914911
277.5572579
309.3972622
262.1465397
280.5270264
224.2467032
257.916029
312.9655958
276.2724842
283.7851206
244.9616912
262.1007361
284.8479887
246.9424666
397.250812
205.7652504
192.3016123
171.4902162
214.3690695
328.2291961
468.7650342
380.442774
584.3500006
536.07156
566.5366214
649.3596679
836.161065
872.928504
783.7887119
766.0465782
745.3649502
612.9835623
522.1894192
486.0672912
440.6997024
407.8685899
430.1240704
393.0417853
285.6102308
336.5900431
341.3370588
329.800142
310.7984742
289.318606
358.3583886
259.2591222
290.3116671
272.9798472
257.503796
299.6770293
244.7512482
226.6440419
222.4479745
216.3793427
189.3232864
159.0291825
173.7506289
187.8373558
199.3164112
308.7589969
400.6487359
289.8045932
399.9293441
459.1162103
493.9526622
451.1403187
617.8756792
540.8394249
623.7755864
642.0641972
634.3509884
657.0246875
721.6473022
524.9876523
526.2357949
565.937607
479.8184328
417.5183981
474.0446782
426.8912817
417.561669
381.8504402
420.573136
421.6369482
441.1930301
337.0414168
313.5793152
309.8584851
344.1186658
256.8638812
281.4105472
302.27498
293.0080147
317.3853526
319.5252326
292.9931614
190.0002747
195.5599359
316.872407
198.2953056
236.5878462
322.6705147
195.8608748
335.9336201
392.6065613
415.8758857
483.5020949
405.3900841
499.2509163
454.9961121
664.3697908
641.7694792
672.1408715
604.9065868
585.2820979
499.2747709
513.8883399
601.4252229
471.5938313
429.4240633
394.2772273
467.3467972
486.8991845
466.0288476
459.5253962
438.2343274
403.3841439
383.2715543
308.7653099
288.3301372
300.6445662
345.2359333
400.0666359
345.1452856
283.6080577
349.1176542
308.3782774
180.7832091
312.175911
205.1001424
226.4670007
241.9592678
341.7178485
432.0786461
531.2294546
393.7167402
456.5945326
436.9430846
511.3660679
581.4278408
570.2150506
502.0123419
484.3875164
595.1080452
566.8231742
472.5260917
490.7959156
598.1414107
583.1712988
524.8402284
501.4455225
493.1991004
483.3280804
465.8460179
379.9905841
377.7673527
394.9234052
362.6221861
367.6539102
397.8240617
377.6568876
280.182997
326.9302101
321.5758295
309.7435125
315.7313122
304.9394561
183.5243899
184.9342319
172.8017338
219.7463946
219.9860732
332.3453829
391.5584159
326.0063584
389.2763335
415.0024946
315.9460609
381.0430845
441.7683108
427.9587175
479.0118902
438.2407331
491.9204233
500.0340536
495.034498
619.8388611
491.280706
592.3773292
542.5615918
354.8429575
399.6434372
414.1063947
487.5350159
488.4970652
454.8020523
402.3585089
404.2740863
392.8738943
388.3602939
337.5768097
308.474912
393.49429
424.5334578
384.0018585
347.9674813
323.371396
176.692392
191.7600216
181.7098867
207.41058
326.4984315
356.741683
419.7081028
372.2869183
415.6732241
259.814758
275.1189522
463.7270586
502.1024548
460.4299118
414.5094701
514.9887096
499.4409675
448.9871478
370.5632976
430.4097807
484.0762837
486.4510235
479.5196055
448.5978975
491.7018913
453.1898521
500.9035614
404.5108051
354.4665033
398.4619116
325.5337819
333.5863542
315.7324486
327.4036657
281.1793442
280.8346117
261.4441139
239.2356953
248.3084184
221.1117328
200.732103
202.6166993
399.4737663
213.5190904
396.2096346
364.8968104
313.8312283
286.2731683
219.2527543
333.9855853
366.7291259
412.8308476
492.5904992
483.4786729
529.5857419
560.7648002
531.299037
466.5619258
483.8137117
420.4142077
548.5399563
532.4595386
477.8086092
483.9520857
474.5245539
466.3895423
439.383194
428.3701774
440.55054
438.0954085
388.7385769
392.8112921
342.8105598
414.6604431
396.2453799
371.781687
380.8422811
301.6700964
335.0566679
235.5937886
322.4376481
267.285976
323.1689564
262.6760679
346.8204983
213.6853264
253.3301721
339.2581187
374.6243063
391.4736517
450.525746
454.5455607
317.9495781
437.2659149
549.5952885
494.9030983
432.865781
368.3113017
387.5241655
442.5100061
411.316034
418.2841142
377.753827
376.7799904
363.4847613
417.0451742
386.875559
431.3077742
402.6072123
405.5870022
403.0936718
424.4701736
418.3585226
375.1883059
372.5766134
443.0416246
165.0280428
162.8245941
318.9597853
224.7227092
323.4381314
319.4694184
246.1306479
246.3094437
351.9905956
387.1776977
330.7589212
365.9567198
486.47756
445.7871564
441.7728568
421.2586684
469.8826206
434.5580883
466.4335088
409.1156305
438.51905
463.3294417
436.235569
456.7717627
439.6721298
519.4269344
477.1181521
394.4492353
362.2814765
461.7097466
395.9790205
347.9906388
363.7352574
381.2301515
401.9597049
388.7615347
414.0647668
173.9806893
163.6722358
252.9773344
225.4761114
278.5778495
274.3534448
214.8024042
339.0669716
360.8867236
390.9523022
293.6275444
350.8061897
358.5438486
351.3332122
318.4536372
345.0001101
455.8846387
370.6620917
354.8281538
359.4667236
365.8359328
387.4116164
472.1214725
441.7583904
553.4016543
475.8847128
522.6984647
583.2068998
524.9749552
457.7257923
554.0291299
494.2865316
463.3418753
405.0938344
364.4175219
398.7191163
388.169284
223.4094801
202.1166803
290.0336176
172.7957445
234.7927496
241.8310768
186.7251627
309.472332
208.5610082
275.1493952
362.2625607
302.8391321
311.6954192
294.4405929
279.1389071
309.5741189
332.1145172
311.3599648
311.1272849
336.1094013
320.3481698
315.5890096
282.6464256
277.9182862
371.9884248
385.3362045
362.8736368
401.0212357
408.8297451
378.9631564
446.5812298
387.8844499
341.704308
353.917539
356.7166548
378.0595747
182.9301646
161.5160978
167.0573195
167.8219686
165.2774239
158.0189085
197.4093254
273.7036578
220.2113221
209.7810977
399.2957627
269.8731962
312.1542608
294.8013017
303.7408984
341.7704367
341.9012954
355.6198291
346.3378846
372.8220879
354.4141679
415.6126024
330.2185297
389.3600328
390.8798395
409.2376947
356.0754446
357.4174723
353.6785848
350.7168532
411.610695
391.778745
450.0839308
456.1751353
454.3599306
188.0233249
190.6800222
177.6451141
241.4632153
180.6130954
186.7062905
286.571201
334.5389358
316.9153266
291.6522162
425.6875256
300.9732253
313.3314551
322.3759014
437.2405317
482.3713828
447.0033941
372.2687217
401.7703477
459.2070354
435.3289786
423.0541914
355.7872385
404.0525012
419.8182814
360.7907058
339.5935448
406.5600678
427.0958624
427.6065226
450.6268951
429.2229333
421.8450432
420.7194933
177.5894117
189.328252
194.5128065
175.1950377
166.3359819
157.8407267
302.4965603
241.4270782
235.7037977
278.7655187
275.8432582
269.5035082
263.5559911
286.202496
290.0880842
267.3605133
269.0128083
254.7674725
319.1832098
300.4316552
399.2066502
391.493596
379.5651547
404.4911182
295.4612621
340.0282871
335.3384817
344.5473658
326.3803222
320.1781753
244.1058573
285.443884
345.8136232
172.9468094
183.5375177
234.0228881
280.1338304
228.0511348
334.8333995
244.7698903
281.8603219
286.4400092
239.7072461
240.5246131
280.2526183
276.4091617
278.4765655
252.2689593
260.7518015
253.6881172
246.400899
237.7240581
239.055686
189.5058996
206.2517683
268.8026077
306.3989958
268.1588784
291.7148815
312.9682933
297.7988575
320.7586031
292.9825644
290.1566555
344.3089345
178.8131555
158.9814735
202.8006845
257.3318066
285.8270657
255.1076551
244.2361732
185.5341153
157.0587739
175.7522964
198.9973298
325.3936921
336.9187712
327.4298421
336.1500731
290.2616312
216.907638
269.5514574
328.4504885
301.2749233
313.0560184
355.5360033
411.970758
353.0249142
400.251626
380.1243164
341.230123
263.1638306
285.0485083
300.1671178
245.9457325
160.1880429
179.1695882
185.987881
214.1810644
175.9102706
225.0160903
260.2739435
159.3930758
208.4792301
232.8634839
272.0360197
372.2563056
259.7505263
348.1747777
358.6264167
278.1517362
197.0397234
240.191769
254.0135433
240.1571212
253.8401029
262.4052947
295.0383962
301.563963
351.3621715
355.4688331
328.9769226
313.3142171
265.142202
270.5838722
169.3407358
176.0428141
207.83215
215.4568539
268.1277698
265.2918132
197.3825098
253.0186216
175.0196624
262.2488655
330.5225909
279.5843868
302.9561454
293.5136298
320.0320338
319.2835536
213.7834343
250.8168881
249.5283923
258.2198375
284.8884734
281.9655069
258.8810439
272.1071508
293.7997768
333.017012
345.0430245
296.6215386
193.7227691
177.0583471
205.2153358
217.9964528
301.4130255
215.5548206
198.2153078
294.8298315
187.3861047
183.5852985
235.7115122
277.4990295
330.2210583
313.7141114
306.8089343
328.867887
249.3875971
250.4417986
306.4434431
263.6623094
228.7389487
220.9660884
217.4251012
233.7605166
238.2987473
235.6648322
244.2604522
174.8300993
179.3562835
171.1449967
165.9553752
194.6768383
194.9630322
282.147704
216.1227484
196.8823801
209.5401513
214.3622135
304.8967216
269.002807
276.065935
244.375181
230.0955976
151.2233681
164.85153
230.2289993
255.4168928
263.0450238
258.933732
306.8818814
261.545306
239.4187425
194.9935194
182.8159599
186.9889877
223.0048341
151.5920632
187.3872185
181.6811511
208.0654012
245.5276139
221.3926694
279.4836737
178.2453777
267.1659346
237.1971623
252.3893523
249.0399641
212.7822008
194.9544205
226.9509055
255.3716255
237.7484126
272.7523577
283.7666665
298.9727516
217.2411354
192.5536791
190.9984302
258.8582127
244.4547735
232.4680395
341.6108271
278.1593508
228.8205916
326.9902017
244.4020225
275.1519079
279.8799056
282.889122
258.5631516
258.5661538
400.1326319
152.4188739
231.5017836
152.4233643
231.4320823
234.2327807
119.816962
151.4754028
215.4788518
215.8163156
185.4843195
203.7078611
236.2553296
189.8961562
381.3776807
306.592127
312.7499335
529.5507409
685.3659312
916.6479893
1240.9709
1601.507751
3354.234311
10191.81338
0
0
0
22.571318
9.393968828
24.60264763
68.00475948
0
13.02186877
12.2006076
30.89440023
91.00604309
80.12080728
183.1835047
185.4666771
189.2723969
229.7915839
246.7991899
378.6481524
434.4524183
489.6901082
531.7027736
716.2353952
990.2552849
1953.600765
2986.871612
9857.51671
0
0
0
0
12.91632509
5.747440171
36.54254104
42.4267
6.193474927
0
21.89870406
50.37158182
105.4281189
183.6634569
184.5146561
211.8489498
311.6146332
379.8666036
418.679029
399.4157404
428.2455197
591.6543304
1038.667337
1317.302929
1745.560503
2469.314045
8816.516465
0
0
0
0.002014120719
16.49631869
40.52643049
30.13993826
0
48.73539712
86.42537291
102.8778837
35.64128683
65.79403285
60.37407334
188.8800961
190.4187189
240.2226475
167.3462939
177.7342357
196.6460473
496.7511008
488.1547155
516.2795753
635.2791569
1206.241947
1467.214827
3300.733253
7229.569873
0
4.138466972
24.92765108
8.590950804
69.53181377
66.76603398
32.80479844
48.02899832
47.80491144
41.92997018
55.43985206
44.59575635
64.3513872
60.78459776
166.2015744
151.1436434
167.4067416
169.8428447
166.8596491
411.7968858
336.5800513
504.8882617
550.610639
671.4370149
938.9391852
1625.527854
2367.778327
4346.347302
0
0
19.81624656
0
13.6696956
13.97465428
31.81448743
13.6953223
41.97855328
96.89622789
133.6203478
89.92285338
44.80755186
41.63864569
51.0265955
220.4254762
340.2929786
167.9783517
171.1906113
259.0040181
458.0275349
440.2272617
487.5793605
545.678789
700.7214763
801.2842378
1386.019599
1668.994813
3396.900574
0
0.006784608328
14.68130368
41.48677124
101.6580275
23.61529004
25.53770531
25.06113189
73.58245114
83.51177007
27.13371155
18.07883109
44.24416373
82.32101586
143.1402024
62.55439373
197.3239593
196.478249
297.6414923
422.6096559
449.0166905
429.1546481
411.8220604
560.3338823
775.9773655
794.5880425
1113.934924
1127.089363
3543.517951
13207.08096
0
0
81.4484679
84.21466077
74.06152068
36.45418742
31.13537488
19.5736799
11.67779258
78.76426406
83.19240568
83.9955284
80.0109266
104.0548431
134.0791277
127.1709226
135.8613374
177.2993474
181.1231989
180.9480724
191.1720726
308.5236491
329.6774296
349.8064414
475.2623635
636.8208782
594.0837353
940.8358304
1086.441504
1985.187645
5927.704539
0
0
128.8637909
80.55621853
62.50550545
111.8239526
83.08855804
36.92769531
49.7451715
99.35987107
48.98843838
44.94818325
73.57371164
114.9071177
118.5977929
81.20903902
55.46466527
72.27400336
180.3982083
179.7866215
189.2796153
185.4798979
368.6279206
392.3971338
272.8771455
641.4276366
646.9007172
527.8797374
873.5178462
1123.236667
2734.448782
4267.098808
0.005449808819
0
84.76883803
101.650712
118.5978172
67.95132279
57.57848473
81.63223834
44.80197616
85.92482822
99.62877181
67.21971332
78.96906382
103.0529041
95.74509861
73.48724759
66.92579178
70.97827368
90.7099325
170.1625008
189.1359409
196.5071327
196.9960952
194.0839646
202.103734
427.7887313
385.0359877
474.6222007
463.6976869
556.3427533
679.0629205
1010.699118
1475.141565
2236.003231
8124.16422
601.4438047
0
0.01277029917
0
89.09138663
133.143128
181.5941984
162.6912991
125.6555648
99.13463982
118.8317892
86.52877193
107.1449436
160.7378786
137.1951465
92.70278698
152.0289989
133.5822721
108.3468351
136.5222045
147.6475855
196.9255274
163.843698
172.1220336
178.1431094
190.5136714
168.7366782
370.7785976
430.5397232
466.9982199
330.2664751
506.8515773
514.4095608
673.7893121
988.4496888
1369.685554
1616.482404
1049.640944
1041.797244
454.7281458
198.6921103
273.7912652
255.3522851
120.902606
305.4876153
358.4601313
311.4302366
264.2730971
232.1922456
163.429922
176.7312799
187.7522744
155.8850423
163.3065498
160.7655407
191.2028392
146.7944887
145.391788
135.1355587
113.4583202
160.3093875
227.2006508
240.3055758
199.4746064
205.6700619
184.7818103
236.6414353
190.1726641
261.091338
437.5807306
463.17848
339.2494128
524.9984322
587.5605258
773.0233451
683.3952487
925.1785946
946.6671558
1513.668233
1367.338975
1019.811337
726.1533523
575.4517316
497.0467625
436.8225579
367.3202021
269.301094
306.3548959
355.580702
401.1569175
375.357961
374.9722003
345.4716539
324.3793369
319.6973632
238.3054091
277.8733877
226.9441937
149.6564996
144.1588146
115.0261834
135.9895722
200.1766971
225.6084328
293.6805743
262.5486038
212.3785635
181.3394125
184.3275886
181.4026661
231.3020965
234.0830661
210.1403004
393.5184928
409.4061792
377.8180135
538.713147
555.2758888
755.8867261
763.1992711
936.0959047
937.1171572
937.5783911
852.7614922
808.3446436
623.5051786
622.1468029
671.1276223
497.2171462
356.6087823
313.9859266
301.0862196
256.59841
274.4005532
293.9413913
288.4041911
269.9563742
268.9141083
285.4169915
203.7297616
222.2883783
272.3991421
220.2001416
264.2523781
225.0299712
210.7978166
269.2683263
348.012662
333.7085397
208.9939921
169.9373387
183.4809392
192.117772
214.7261978
209.8512615
299.5097369
381.2676669
430.3519974
448.962646
502.2172388
725.2954736
636.5707993
663.304019
757.2485118
848.5452131
710.5603108
635.1163638
637.8857975
515.9077644
569.6873084
483.1591124
427.1892485
384.1380134
442.5938696
405.1693395
360.4031119
367.4060734
370.6594161
357.2912383
293.3162579
284.0891098
307.65597
281.9892924
262.8325417
232.3187832
196.7526551
169.6557151
184.7930662
181.0292011
183.4333359
208.5241877
185.5066442
176.7225954
273.4245183
168.4427386
218.0981818
276.2378281
285.7447099
441.0833874
439.3685559
517.4376111
481.404383
488.1781294
495.5382926
613.5503135
667.6868459
631.7204485
718.4836364
673.2320502
653.5722953
584.8614654
575.3542925
515.9447948
482.5973277
488.6215819
520.4430038
426.0097793
429.1965591
438.2748383
420.2886181
307.3087659
314.4154919
275.5025314
355.8555983
355.6037345
285.5033617
255.0958299
248.1939801
306.8456365
290.4290734
235.0663266
228.0366783
165.0498884
183.2592023
232.7726692
186.5894903
181.0284347
267.8348184
181.4985393
422.0751228
413.8495379
542.1159873
428.3279683
460.9480003
440.5102546
536.7094893
546.6609287
566.6080148
661.3573716
726.0611483
736.3884763
694.9240482
488.952868
513.5286361
619.7733791
541.4187947
518.711331
599.3257959
593.589866
497.1531159
447.0575715
422.3618408
388.1554164
279.5637195
312.5830643
279.877633
272.93397
278.5045003
310.8432447
363.4530361
364.8741577
356.5902755
335.4188964
223.9855861
214.7454454
186.7307582
197.3846887
308.2883096
248.1175473
203.7648281
306.8123564
495.7999767
450.3139226
454.6783368
443.5204245
501.1451212
652.3298241
493.7393543
574.9313513
501.7126722
550.8187408
609.6797513
653.7482905
601.1656922
563.3806793
552.4491077
529.5665528
510.1158193
561.8932678
518.3033759
397.6741837
400.9560669
447.6542346
421.111344
398.956601
336.2971546
393.8089934
367.397208
356.149177
362.2338516
312.1055715
262.5858671
298.2177743
163.6625507
179.484351
186.1259036
179.4941057
198.5544841
204.4064837
195.2541099
172.9922373
386.4898581
432.7041801
351.2897443
386.8903143
400.7761356
508.6293072
471.4056507
413.7102499
490.4950088
531.9527836
472.4287762
452.3289268
569.5343452
504.2580059
465.2983321
545.7803659
507.5740372
463.5410639
455.9322849
438.2659054
402.7698457
414.4799922
461.9426838
350.0378845
325.9550409
372.174629
421.194207
362.580319
375.3177547
365.0481459
311.82004
301.0028694
170.7287296
161.3068957
168.4181245
177.1309496
177.2004684
174.5219909
186.9213662
321.2096499
251.2430237
396.0943356
296.650131
418.6451416
368.3599393
376.0254169
396.8502796
411.1853006
435.6173291
426.9374872
487.5819098
410.0991291
538.4346286
576.1441739
506.0974065
538.3768596
456.3547825
420.1909215
424.7670309
420.0039887
517.2537722
536.1691691
458.9900987
440.3499144
420.6058866
404.8303267
357.4663943
383.4167298
382.456384
348.1120279
342.6509814
175.9862133
174.299675
196.2276671
222.2955815
229.4998658
391.4974136
309.8531153
292.0883768
410.5952147
430.3955276
323.1693822
423.5469673
473.0939302
357.095776
423.5523091
392.9864666
506.4698366
458.9545153
456.1999009
481.5946065
471.584783
473.0008608
389.3785401
455.6318239
426.2345601
473.4929959
459.8647753
582.5805417
503.5998225
424.2614601
400.4363489
415.6772817
384.7015291
331.8678468
324.0289405
383.7246494
380.5157499
385.7996554
374.6904998
170.5333083
355.1947813
241.3501642
202.837121
147.8456484
234.0758064
212.7800589
232.4638041
296.5373327
267.1407242
273.6340252
305.35259
393.574823
281.4473569
344.3514712
335.012805
363.2497945
455.9093697
346.4237524
319.9199542
344.5642708
355.7623439
350.2117241
371.7617193
368.4559108
338.2629038
356.3665099
398.2729734
395.0126923
396.3630568
355.9060456
323.3182491
339.1850223
311.0748632
279.4859744
357.1142955
345.6007613
368.699236
258.5674392
180.8525372
184.1132925
203.1474563
344.4006935
300.583708
337.2812761
310.1617488
275.6458674
356.2369337
271.6770585
401.4375686
315.4468882
311.7545879
384.3677235
352.1276036
427.5646469
408.0072549
378.9432788
354.0240363
340.6594234
351.2590694
387.7576767
458.1820744
439.991208
409.4997404
438.1839084
447.7095042
392.9287437
370.0195402
333.6482065
308.0616995
286.1035042
279.038459
260.0478232
298.519858
280.2628255
158.7284426
185.4257442
188.3789097
191.2957749
343.5216813
275.4627987
282.9978154
183.5669037
326.702498
383.1198706
334.3727574
258.4905909
396.7471972
394.6216826
335.0315286
340.2989566
298.6875187
364.4027166
387.5946119
336.7505745
405.1276566
395.1319214
370.0873732
301.8931812
332.0742101
264.2655246
364.9237098
402.3457273
376.2048797
376.4409502
414.3965943
392.5871541
423.3377356
421.351437
406.6882537
380.2903687
368.4520147
196.3394996
198.3607114
204.8524641
317.1999884
197.773836
211.8061358
220.0515856
437.4675668
247.7329224
344.2958526
369.2945999
414.8897737
454.9163991
393.4526032
531.3572425
489.1420635
439.8266846
412.216556
429.4688526
429.0017317
390.4226192
470.3807508
471.4933309
448.8583545
480.4588588
376.6392338
392.1392161
429.0208589
429.5672337
454.7216975
441.2792244
381.5499929
445.0462855
392.347152
358.911123
360.036832
153.8986995
169.7282226
215.3141768
183.1269255
189.8738505
192.9801152
378.1603454
349.6291439
331.8861447
285.0187428
250.7245336
410.8019323
398.3898761
347.6876113
410.2371839
484.1896108
379.3159879
350.6096313
397.6174936
388.0771679
426.9139552
366.5939582
418.1983173
366.6285827
337.4620343
363.4105534
395.5306154
420.2998118
468.8360064
400.7878517
450.1671736
374.1572145
412.1837494
388.5697563
352.821424
201.7491002
194.7919176
219.3397772
221.071633
214.1227447
386.9522126
394.3178753
240.2594672
192.361963
200.2610433
313.0543364
273.9662691
239.6259253
221.8187179
340.679358
378.6964469
313.455205
329.9450348
329.6489385
292.7950755
295.597056
294.1885382
361.5490697
360.3750884
328.787697
239.6193465
266.3431384
273.7106826
323.3869109
313.7907063
423.199701
353.1398983
309.6515182
390.0182567
176.8613404
164.898705
218.3997379
234.7159593
340.2680464
249.6919901
176.226918
163.7760766
159.0048024
184.8017212
196.9937462
245.0872561
267.8185208
259.8637556
343.6297455
370.0755505
319.5685278
254.6688749
278.9713297
345.5784501
276.0300452
291.9830107
350.7220382
357.8807283
337.2442859
289.0763684
309.2219642
242.9125314
251.3892871
242.9024605
335.2259907
355.7396597
296.6792897
169.150085
171.5579829
229.5360626
178.7342414
236.1873537
200.9238492
259.9085351
208.5526994
238.7250521
233.3337283
192.7479218
338.1262105
279.9425189
263.860336
318.2640535
324.4379493
351.3188542
304.4142983
280.3600088
359.8068396
322.11774
292.2516651
319.552265
354.1751027
347.3142222
265.3545886
268.108326
353.780726
381.7157249
429.0070463
376.4211827
389.9073621
189.6411691
193.9357765
199.3379373
186.385465
192.0220668
264.9851996
192.7269315
234.0445889
255.4560231
281.5345105
310.9515413
387.2194493
240.7977728
319.5648302
328.243699
391.4655736
271.9167388
320.0649005
306.1630965
329.4595877
307.6556033
266.1544769
279.554462
349.8022742
377.3056113
311.6805493
365.1081989
362.2371188
368.082308
414.0416532
439.259673
160.4793494
183.1573937
188.9765431
195.8077953
243.1161105
172.2342273
150.8877754
156.5511519
186.0303418
203.4906805
224.7875307
238.4583976
204.4089451
244.6086311
354.8287931
382.7191462
295.8794782
312.158989
349.9777137
334.7198719
351.0692757
400.3554369
356.3468159
355.7651477
374.2484418
335.8981343
370.3778755
323.9366451
283.2157797
282.5501266
163.3004884
176.4511849
195.9848192
191.8771827
173.7812158
177.2659694
182.7731149
197.5186625
191.3562634
247.6534323
259.1876692
220.955025
189.2239238
299.1013887
242.2829717
247.2707466
240.8585218
346.7993604
270.5045446
301.5483099
277.221078
299.9168902
299.6326475
406.9200028
397.2628498
406.0349204
401.8908245
430.2359727
272.8980283
261.5844093
192.20036
178.5204681
198.662594
156.5334098
188.3257722
248.9155319
168.9441371
239.8239746
266.8344306
288.1480119
251.1154852
262.6621208
263.0751767
248.8864427
259.7736731
311.5848448
309.0865899
282.9556303
297.4701893
343.1936622
378.9681838
316.3740076
306.4144203
291.590793
302.3398078
208.644581
171.3999425
177.1414022
255.2520734
207.0643971
171.7684425
241.0086065
162.5904224
235.8266201
193.413048
251.4785169
188.9370774
313.9179617
268.966997
259.9764284
260.9603153
209.0166111
224.5171994
239.9549775
226.3478164
296.1312075
325.5279331
269.897935
298.0523117
284.0649371
207.6166013
292.2418309
241.0513116
196.8459929
191.0690394
178.4701264
171.873562
231.1793809
180.3701572
177.931873
197.3422961
280.413213
259.3666133
304.5326444
338.8503993
311.6267287
275.5031582
265.2321625
240.7699613
210.2865123
251.5900747
262.2048002
249.0795091
177.9311934
241.4517558
209.4937708
205.4215957
183.3454274
261.3242422
300.0719066
257.0009468
229.6189246
242.2328798
244.9889037
258.8665526
219.7200458
217.103788
248.4694637
255.5450512
256.3755824
291.044594
206.9004737
202.2871045
293.0682651
190.5651272
222.3099365
244.7920035
202.7830346
274.4246431
213.2009106
209.8802954
190.2827336
180.1243451
207.0093514
203.6198735
210.2985971
412.8336473
211.1862437
443.4600181
747.5857066
972.9717889
1388.688362
1693.570264
6412.906658
0
0
0
0
0.00201412072
0
0
62.01224351
51.20156521
57.47713796
81.56130685
79.23149944
56.73445969
178.6671166
179.686417
162.5018227
182.4080484
268.7062191
327.4132051
368.5114142
464.4529081
653.2287581
999.2435974
1094.84404
1621.705416
6099.402764
0
0
5.742354529
21.31453804
18.79760817
43.69639267
39.70782888
19.97326428
31.78719225
68.71385185
95.06256974
57.60628559
38.07505422
178.090552
173.9927785
178.7825282
242.775576
157.734475
189.3665119
514.1620388
495.1988679
757.6644291
807.4299749
1362.668303
1890.666908
6136.603513
0
0
0
20.59382444
0
40.97129255
42.8844638
27.76503079
57.63465758
85.75338128
67.63266445
80.41040195
97.88913372
94.43630075
188.2725198
171.2227026
305.9659371
175.562952
185.6767635
322.2966029
570.9749097
516.5289066
707.5318806
817.0053764
1110.075819
1615.87945
2888.777561
0
0.0003082698112
26.39826811
66.77598487
76.0980945
54.37763782
85.2105037
70.10657403
78.99190525
31.78523291
75.31121807
128.470978
64.48371789
58.01654945
151.7568364
186.9312809
181.1106933
218.9554956
218.3542639
446.6460841
492.6677135
505.3645667
647.1015355
844.6219671
922.6194548
1831.866943
2852.427903
13908.09784
0
0
0.006781498513
32.96881685
22.90728998
10.03514865
48.24052888
41.35418368
51.18011353
25.02533713
22.15787004
53.14796287
81.58071334
47.45750734
58.07436044
216.4949661
225.7335013
401.56155
281.5520595
187.8527011
396.6620436
451.9475239
397.7094141
418.6337341
776.5091758
791.6945186
1392.878507
1331.159643
5623.783263
0
0
21.20529835
57.16229444
49.18730954
74.92838882
39.46511015
43.40695734
75.56999802
72.25080366
42.26762017
59.71614177
44.67099578
56.81903398
87.11021599
65.15888249
186.2028868
300.6148726
231.8252589
266.8671673
355.5625686
442.2059744
442.5933446
686.3370289
748.5158943
730.2890723
1443.001521
2046.017659
6184.581998
0
0
72.50001119
130.5201541
59.53055428
55.15940776
61.02144914
107.4153185
111.0494142
60.84976964
70.32792478
124.2105189
83.07747302
63.05427923
52.01584035
68.43313406
105.0919065
177.0152364
180.8257306
303.1019959
202.7268653
255.0291232
332.0204602
396.6540583
422.6610652
554.5630163
713.3181102
1109.973275
1952.718135
3702.077929
45.366004
61.69001878
21.85478298
97.28855347
84.99630524
143.9370507
129.7411027
80.63393194
74.70219522
57.70818721
51.39418544
78.17973774
98.88844411
68.97953834
55.84306556
100.6304702
65.61881009
73.43893133
94.05110646
190.6382042
177.1045788
193.564818
192.4843063
189.3141544
204.8546133
203.6277191
329.1800135
498.3245002
692.6674587
698.2700197
1079.793723
2094.619081
7897.789237
0
0
130.9726497
164.6408716
220.2393286
258.5734665
210.0601135
169.087516
86.6751696
54.84306394
48.01810132
70.89012499
84.13826548
100.2957193
72.24827344
50.28450699
55.59727318
65.54620208
56.5238093
89.99760798
133.7014144
119.1133553
174.5071548
158.4588152
158.390953
191.7487056
296.7236613
337.9510918
165.3034745
409.5552588
449.6236503
554.9256206
638.1413035
743.6842362
847.9232914
2453.610194
3441.096459
1242.251782
465.6028421
180.2918946
206.4385664
312.1019214
80.26012119
147.0857186
239.0427954
211.2095134
146.0549637
146.5818683
193.1497083
101.8101081
113.3461826
107.8181108
87.43075781
95.58383792
108.3578508
92.77696816
143.5030703
170.8457908
139.6360746
129.5293579
142.1683451
214.9720938
168.0076619
194.1917547
190.5132892
169.9928908
227.5385224
198.3841924
240.9224054
229.9128792
311.2938852
393.9825668
592.8074333
818.8945551
1095.160893
1008.867176
1263.909032
1119.222999
644.4995191
891.1886867
532.9084639
621.8051357
503.6384774
351.0712498
364.3460484
266.2071316
227.3893561
209.326204
179.9482678
176.993191
221.9226177
215.1430654
165.8952103
184.4394776
247.2012077
270.1296919
215.4925259
201.1110992
235.9991355
280.4601785
256.7557148
199.6983106
156.661993
122.6130089
161.7856073
185.4864349
186.7985244
343.8526785
289.2620093
208.3553485
430.225902
283.2208932
365.8304289
513.2369589
629.9558882
954.0425002
710.61123
705.5274315
868.6526014
558.9667765
652.8674894
627.1315058
473.0494581
504.6554771
488.9084372
412.6494509
378.1394054
397.436217
328.789611
372.3001097
388.5031298
398.4792983
352.3525085
286.1890573
251.8063556
305.5885715
307.3865178
221.6562958
262.3552412
193.7067902
207.8515287
203.9716506
162.3527239
143.547066
128.0594929
156.7192752
163.345288
168.7030323
194.0600723
180.8525587
171.6319421
249.0717847
360.2665139
360.7015596
255.7146812
334.2870733
497.4392489
634.4854754
577.336791
567.0441947
687.5728501
593.0851574
777.8515517
687.6638342
654.9266716
577.5262848
462.997241
457.6127058
491.0131317
385.380073
345.8893887
384.0980438
314.8124071
299.4444633
315.4012677
290.9067719
272.9631752
307.2880975
266.1132337
320.1516868
279.4523604
271.0494298
279.5081555
258.9076945
261.0452589
241.9930934
253.6626949
253.9851836
338.0766692
240.373211
187.196295
258.4191954
203.0662271
205.3240751
276.5563853
218.1658238
359.0942966
427.8051853
506.0708686
487.1538301
513.3692426
537.2428216
540.763784
520.3775188
638.7631846
689.1381152
580.2528196
537.9660367
580.9699875
455.415469
388.1885631
292.2789984
315.9686582
360.6150004
533.1944978
496.4600928
315.1371702
340.7058541
351.9596213
398.2819288
421.7396834
420.6506934
413.0313692
377.5433111
427.9395552
400.8962383
375.4408802
319.0261979
275.597874
300.8970676
415.5700378
204.5563663
293.3029361
238.3435476
185.1283997
176.4385914
366.958792
162.8256703
385.4522582
298.373066
357.1368698
262.9762641
293.7308773
392.2630849
431.1565813
377.9906133
545.814197
530.0604658
459.861308
449.5065529
370.6322988
328.9857753
457.1046396
393.7526149
351.3922708
386.1844236
396.6720965
353.5108275
294.4136505
283.4833516
276.941586
271.284056
331.7358195
311.5847998
309.9368117
319.1974733
322.7209362
294.4409058
222.0685007
205.6339425
195.0964102
243.4651676
196.5941799
179.0205719
175.0471808
175.6927215
276.0460146
403.8733467
255.5612223
325.039339
377.0678063
311.7152379
328.8556317
284.0923668
428.7889783
453.7310589
466.3736534
455.8489252
581.3483597
680.2765293
585.4559636
562.3572821
527.4731054
504.4713173
443.4529516
422.9826558
449.5164874
399.0984505
319.7036426
331.3567708
440.5212399
417.4250577
414.4370733
407.606625
384.2526433
334.5302214
246.185652
269.053503
256.6254305
311.665106
307.3020572
340.0789849
353.1865336
179.5064319
173.038807
390.2326512
338.1627307
391.4654216
258.8705929
239.7605217
516.5382354
426.3495689
385.1969374
285.8205855
538.4145138
530.2259694
493.611864
503.0289034
481.7775311
530.329453
637.5786915
495.2553625
510.6275961
433.7030041
507.5651161
461.5142755
462.5688089
443.9183286
392.5387338
361.4095583
344.7578028
361.7604414
352.0671456
441.0246302
440.0494088
425.7993583
419.6711027
315.3950594
292.8082038
286.6260553
314.4381227
358.6421146
425.6601892
157.7927154
287.1133275
280.7607966
323.3835683
204.9397359
292.8966249
209.2024614
323.3032846
364.0305834
360.3040086
285.9789008
351.609025
393.86695
316.5350717
390.3349018
424.9848339
424.404387
559.300154
498.4160273
406.8818012
434.0584058
497.1742618
423.341897
392.0505262
455.5155652
434.6067375
400.3037625
394.296766
376.7243922
430.0494613
465.1498527
389.7904209
389.9393333
357.4230665
406.1951239
379.3720743
374.1761065
368.8096131
309.9156955
308.4864915
384.8572877
340.7396175
310.3708587
199.9012742
217.1835894
186.6586225
253.790745
533.8345489
379.6048111
333.8231111
353.7061582
386.4867227
438.6276105
531.2622093
558.0234515
504.3125753
583.3533918
606.4590746
495.2088068
479.9244468
474.3886115
550.8449288
470.8685374
430.2288323
460.5259832
456.2300067
450.1255797
434.1548645
417.1245259
397.0126473
424.9259975
373.5640597
384.6499967
366.1289631
372.9837973
336.6626634
323.0816375
327.5474108
341.5618089
171.2875041
163.6341905
142.7275694
140.6165483
148.0169051
145.5158507
181.9957874
220.7792928
278.64833
339.7610572
251.0494208
273.5716353
356.4137051
371.1555178
381.542129
389.276706
403.6210145
374.6768352
385.8878076
367.6775131
309.5469942
378.3172128
516.7394794
438.6014621
494.5945325
459.5875242
478.9998019
426.9070131
531.5363061
466.3298289
455.1523314
477.8628989
511.2529545
472.4683666
481.0947674
461.464334
477.0881817
430.0653025
411.7712218
177.7411134
178.5265107
163.414549
173.813696
202.6840067
227.6090139
213.007073
297.6180491
331.7292985
310.798384
312.0561355
324.6711334
286.2717401
383.9499372
382.287979
398.9341846
459.9069991
430.5144087
419.4098288
430.9244619
320.0048739
365.31107
427.0679551
468.725674
418.845433
368.6532808
385.2668184
414.2004381
429.0322101
414.5789122
442.6386455
442.8562946
445.5160933
333.9957424
316.2090779
313.9089413
364.1460358
346.7098869
196.8081001
206.1921974
200.5456937
191.3752703
275.1139496
289.5348978
281.4879925
278.5775532
407.0425353
291.4030239
383.6433791
345.1715949
282.9231452
314.9851212
336.8221612
359.0011614
299.6060548
325.6977279
318.7606178
431.5624722
375.5751341
358.1269343
342.3797198
363.9996093
346.3213018
351.6615576
301.0235674
328.843596
385.060978
354.8483867
338.7143065
330.2902968
415.1077599
360.173985
304.496588
296.7088913
337.7800717
186.1112816
175.2811252
323.2331742
215.0276155
291.8700889
168.6092913
271.7514115
262.2309806
340.0873367
237.4077889
221.8862141
389.7226599
289.2315401
315.678774
316.1805456
232.9566057
310.9829409
316.47911
392.733171
315.1804098
360.8090404
293.4912774
344.7233947
350.8025659
315.6370541
284.104097
267.1652847
302.4741505
364.4568447
329.5450569
315.5123062
272.4900566
302.816912
346.0450426
345.0691041
380.2243243
356.2376685
180.6067266
174.2489505
172.9683303
168.0170019
183.1322237
259.9594077
211.7264265
303.3138279
296.3590424
262.2084356
257.5852208
377.36611
361.9498721
368.721773
373.1438789
372.0419525
360.3505761
354.1173138
298.0650668
296.7678331
332.639817
329.1641829
353.8386241
368.9229614
409.8288548
371.5629189
344.0076709
337.3694182
372.0498063
332.9266144
348.1184547
374.7346479
379.485779
380.5727232
427.4601952
377.3911869
175.2140372
157.5446646
248.6217976
270.1398633
180.0038564
262.2794902
279.7772786
357.9994638
235.3298371
206.5617352
206.2931603
362.5488383
276.8291361
189.0777731
274.453594
281.4060826
272.00592
392.6584015
403.7638829
367.7602116
388.3393806
392.6605875
373.3941227
367.7811034
362.2597255
357.9516164
338.0469821
361.2729985
394.3014402
422.2965071
459.2292843
475.4847004
449.2095343
431.4110951
414.4443236
191.1829678
233.5676506
341.3179601
169.3562554
167.3801613
179.3360397
294.3948539
363.9957083
263.7839946
237.4489448
291.606952
389.2736734
288.7427422
310.0391372
334.8987303
323.1230614
194.7393674
279.8782248
364.0667421
369.5968025
389.4140992
327.9705285
363.2900594
362.0047565
370.4526638
440.2424581
393.9569809
403.9649606
401.4663038
381.2420984
361.7004923
447.940193
486.0939618
404.2453631
177.7336275
280.6318123
207.3113208
179.1949061
189.8517063
202.1667213
272.3568936
245.247839
198.0437457
256.5041291
374.4254704
416.2396443
277.7126129
333.5274007
355.2079728
312.1141913
284.6081396
289.1173804
350.3289809
440.4935223
360.7847746
322.2544779
387.368089
303.596421
322.6800496
404.3207377
388.3758453
335.3861744
352.531223
386.6144413
323.425946
343.0401166
407.9191447
276.340533
233.6417715
170.7221434
182.0632532
216.6403791
273.8540823
335.9693238
269.0868849
205.2272213
324.7736875
327.5316063
338.6118956
322.2259954
377.0338446
414.9021164
395.005223
353.567044
343.0365468
318.4796464
379.5751683
326.2139472
300.3019798
307.2539302
313.8805323
386.4774219
358.5464377
388.4049087
331.4163282
289.0198954
321.899528
302.3475471
307.1880589
271.0648623
190.1786003
189.6345996
249.2631919
209.4983058
305.5447767
219.3272111
270.5035834
187.9938464
292.2043929
215.6510604
278.5470826
295.8625642
270.5583069
293.8952506
293.8610538
263.7823111
273.6349356
249.2882041
334.5523832
325.3966258
287.6137517
222.9166009
190.0374187
237.3383708
295.4182629
333.0860355
332.8532622
354.0268441
337.8128135
256.63117
192.6375602
169.5757544
263.9981256
164.7917065
198.5458602
234.7653461
191.0594792
226.0964574
251.8138256
192.7507469
258.699346
378.6934894
346.4604925
316.3028063
284.427204
357.9171852
296.3739589
264.1760946
270.5752966
294.8090851
345.8604507
352.7586041
283.6453808
270.5939993
319.781523
295.027205
274.242246
288.8044716
279.1264069
306.8429021
203.3820738
268.4759737
187.4991736
310.0596487
225.672561
287.8988451
297.2511909
318.9442014
263.7557149
255.9663195
318.5514325
326.0456025
228.3983055
268.6610323
277.3353711
278.2683818
290.2853465
268.0945003
230.1199044
231.1793741
255.9781924
278.7051724
271.2904445
257.4004969
264.4072158
256.7482787
284.7826319
294.5801944
232.4442339
223.3735047
203.7278972
225.5212307
203.2831905
221.5995831
234.4883623
215.7016283
197.2844897
191.1622721
227.4738421
188.6063903
205.9596217
237.2695163
249.7926479
290.0565262
313.5904186
304.1987356
197.3482302
257.7428615
312.6648519
331.5550582
327.2206577
355.3735628
396.5573952
371.23742
305.3428803
254.194981
189.8355154
182.967173
187.2238047
170.1277249
198.5000884
209.744899
196.4413572
266.0057268
256.3241322
200.1355644
153.8848273
170.7197021
222.7758488
259.1256659
311.6940223
313.2763446
267.9276619
243.5994675
230.9250778
238.2342828
252.7633577
287.8591353
301.7401232
299.0705489
179.3011853
166.201628
170.4773435
168.8297514
216.7863226
250.3445734
159.8841199
243.5999138
228.4275167
208.4357558
235.0394074
324.6997319
296.1491777
286.128669
299.6088188
336.8262786
377.4507945
340.7771851
315.2150865
304.8374228
340.7144031
345.5410263
391.9560282
188.3397377
235.7854857
251.4831269
268.6811395
243.1424542
310.2830525
219.9671287
249.3829924
253.0263055
183.3325786
243.6408718
273.7857893
320.7041815
249.9519119
307.1956413
340.9958961
324.2051411
266.6826245
220.2986872
191.1018398
291.9464109
225.4871769
205.1793437
200.4404675
200.1150726
240.5621437
226.09598
402.8338994
178.6635957
428.4895263
173.75714
181.5777273
300.1095287
273.947886
334.0455522
571.8156245
723.8157507
971.6712875
1454.896833
3605.544014
9407.070544
0
0
24.23024522
41.14843891
4.102227831
12.48798429
38.74834139
61.87654667
73.67265607
71.28957725
52.54113971
33.57142527
46.88116053
195.2608572
183.5340361
213.2780206
247.05839
438.7585731
466.5511282
366.9991099
359.0967219
573.2090486
909.0022301
1510.500838
2696.64511
8337.999907
0
0
20.65571665
22.83086278
15.07937303
35.67667648
74.45715407
51.6192087
53.36482563
76.17803188
53.35565485
28.13984552
74.89738351
175.2623606
170.4671279
178.5314005
207.7290157
178.4846348
329.7351806
228.087592
433.6990892
601.6569482
805.9986611
1367.343818
1778.715452
8017.019146
0
0.004724462344
7.132454022
44.58691674
120.5083214
105.3013366
86.59396966
76.45189125
75.67007056
55.06052919
34.73749263
38.77373824
36.02913462
193.961879
202.5805786
195.8640397
299.9586126
211.7888596
329.8826158
337.8106322
389.1618181
518.2917019
653.4545416
1308.8875
1849.997327
7345.713552
0
0
22.80916993
39.87146811
59.13319949
109.696194
108.2269343
40.66179752
36.89438835
17.78098105
58.008329
77.11261571
73.18249723
60.8974958
190.9999624
186.0666123
179.7346401
343.0479263
190.9593968
215.2985303
454.0106692
469.2900497
480.2604196
672.4476796
921.6499231
2097.064919
4554.336976
0
0
9.542317304
11.96065299
26.4277829
78.84926812
26.05319659
36.70458354
55.08549693
50.01832382
34.86958363
60.2724609
84.37208179
75.49926312
35.83208683
309.5385672
203.0435709
186.6859026
200.1850941
300.9511743
384.6715963
437.1254045
627.1643128
786.0315487
872.5784385
880.3727028
3506.136541
38.49200277
0
4.407161235
29.1307613
26.01879546
29.18896766
44.01523408
49.05436506
21.96003556
76.29229041
67.64041919
44.44310423
40.66214323
30.12090398
42.6399494
85.09425099
300.394978
188.5172651
199.0161151
187.0368148
388.7651522
409.4450963
410.5355341
396.8711247
650.772979
738.5439833
941.8510681
2321.003541
0
0.006615836845
0.01854150765
106.771807
85.80896846
106.7522895
120.6212075
112.2774453
78.31259302
103.1134963
82.73535737
31.05046918
41.24921673
68.70147701
68.08425996
94.57072522
64.98803427
109.7260856
175.002113
165.6844383
161.3919297
164.0470999
342.5641778
221.3138086
241.4358996
485.0133217
655.930669
854.9720505
914.3901484
1038.103304
2670.216126
410.1807357
115.1672511
90.1693164
46.06651611
119.6073
126.026134
166.2759158
161.9331814
142.4095319
132.5475968
105.1007236
70.73630165
144.1416795
118.4317598
51.74370843
57.73731929
54.61574639
82.59970608
160.7652304
129.1182066
121.8654949
180.4252258
192.5382904
192.5022469
316.825083
277.4915313
385.7658977
404.2024935
473.406387
402.7310064
642.9477295
950.170346
894.9760038
1308.617257
3922.480669
305.3477681
287.5120814
251.1993605
804.8111621
974.3412721
372.9951658
219.6746681
156.6757327
366.0217343
267.6159981
175.5575667
127.8182876
167.2493893
183.6781533
171.0694774
178.4022314
119.4550088
118.6545161
141.5366288
201.8827322
208.6139964
210.4794524
185.061058
173.5468667
192.7789251
190.8705464
190.8520547
186.9223533
197.338238
200.3458406
295.3830481
227.5660829
367.7791798
386.134184
542.0339573
601.3426479
621.9210936
616.0586864
984.2217108
1187.296333
1562.146904
1477.768352
757.4938836
1093.419239
573.4291326
727.3860109
314.799769
449.7517884
277.2178631
426.9028989
285.2043237
384.0569629
341.7873256
383.4691278
209.7282018
187.6492304
217.0481749
163.8884253
119.4146519
99.24952289
127.869522
198.3993351
176.973788
189.8049206
259.6006692
302.0985031
253.8439555
228.2743618
221.5555168
319.2912001
192.9760596
180.8644639
178.0461718
334.0596588
300.1884857
305.4604769
439.8551988
353.8978723
400.7028683
409.8465834
617.0091678
653.7476827
780.0894193
1089.691969
1010.932756
1108.355092
637.3085902
652.3711651
551.8302985
477.2669516
393.6468399
344.0909581
306.5074254
363.1761396
336.7004025
274.1153245
288.33833
209.6418262
250.1134791
290.2499441
251.1709084
254.9517272
230.7821087
192.9088011
173.1367377
189.0896642
242.8662462
207.2628795
166.9072721
210.5475808
227.7177989
268.9745958
176.0742768
187.1198177
177.6364991
169.1176461
202.8609808
264.0738296
233.311474
371.4573254
497.6699132
543.685259
769.1486335
666.0624261
742.7909437
822.8841049
825.9042432
827.6099181
663.4378512
610.4340142
651.3811411
545.4692798
409.3144857
423.5877226
373.2128265
419.6372082
336.8425668
340.5574164
377.2505313
274.7145819
363.1508364
353.093768
289.4865486
260.4682589
287.880052
279.9345647
304.3058155
307.0402862
271.6510356
245.3948724
175.8162734
212.1514811
205.6965758
194.5990222
180.208234
180.0668734
197.4047398
236.8286025
273.4863395
457.5291099
425.0177829
327.3986399
553.5516867
566.4984888
602.4019615
563.8695159
789.5926491
858.4640222
746.5970128
753.9944205
766.2357431
576.4768841
488.4263264
391.6615131
392.6583682
409.7041736
473.6872399
395.6381124
382.0856179
335.4819629
309.0981521
359.4359606
321.476024
273.3479777
218.3289873
244.0905061
276.7719512
315.172481
305.542282
258.8002692
227.8270891
268.5479989
242.6164617
241.1761723
234.8550109
234.5639033
185.643162
345.0346671
202.1948824
194.2396124
231.5866635
363.9920551
376.1430866
455.8951114
496.9252323
470.8850163
529.8311471
550.8538288
549.6343726
713.8523054
661.7843459
666.5954508
534.8115611
516.9125103
504.5942261
486.8968998
418.126892
401.6922429
380.3898743
408.7750871
424.1481411
523.1678739
384.4658539
306.019944
276.6671502
353.1285316
318.5483041
256.5141782
207.9254375
223.953855
267.6112112
228.4942404
187.2194626
317.4927426
324.9387902
252.1558975
240.3585222
161.5352342
169.7261266
175.9094927
179.1989245
179.9618705
381.3704584
349.8984621
481.9047216
553.2110255
597.5716166
416.6566252
536.17659
651.50658
647.6582703
709.1073226
587.0368691
799.4458631
790.723172
686.6943421
735.0404471
650.1587427
532.0649713
469.9176456
373.5159283
363.8628656
404.7213479
425.6651052
448.2548518
409.8202666
364.1785385
365.5886819
301.2431399
278.3441024
274.782994
272.4529905
305.643788
275.8273715
250.7310435
227.9190818
201.9104896
189.235349
190.0326065
186.2875982
201.1991121
232.752987
205.5986082
378.2974089
283.7389929
380.976354
457.7520479
365.6405512
335.0283035
372.0973511
430.0549166
439.589263
605.2245308
570.98201
614.5328472
659.5488624
592.8166907
562.9676353
609.1344113
514.4689444
545.2649887
558.3856608
503.0354925
533.8913304
554.2000608
514.1866706
429.2996383
394.4406967
353.4226246
350.1829707
318.5944398
300.5820423
278.7896363
261.5402574
241.2281299
241.6405288
298.1259484
343.3237777
321.4159194
168.5386695
177.845869
224.4583255
185.4783543
308.6272966
235.3495575
398.2210016
337.3704515
311.1718198
345.6428466
452.5133935
408.367481
484.5348122
461.0597767
474.677926
318.9432518
407.1637644
448.5100834
418.4217027
462.7938525
392.7316091
386.0774908
446.7255339
507.0115489
428.2477982
415.4488125
453.5278172
456.4430779
430.8243203
456.1927635
374.9727641
394.1413936
443.8570385
522.3625551
459.3526271
408.5313519
368.877286
326.5146818
397.3778815
375.0544863
331.2491182
269.3197764
370.9023704
196.945282
207.3420662
207.9453228
199.4448805
316.7390999
437.7598696
345.4677624
475.6564635
417.259247
457.3576052
431.6158068
453.1309991
417.9351739
425.1025967
470.9153435
462.5263141
484.7505781
506.4637555
514.0768006
516.5649422
413.4539819
499.5850525
461.2282301
374.946875
409.3817452
452.6866502
435.590327
465.1415659
494.951457
437.5120401
407.1715159
382.8492889
387.4277034
317.9807911
317.5221658
360.068967
316.8139195
353.0799111
188.445298
174.1295191
211.7316848
267.2662283
309.395804
303.5944892
258.8895407
167.750714
325.5433547
330.5789177
347.0556802
352.3978384
368.5202524
432.431152
356.3827767
432.3547291
519.0025562
418.8412114
425.7180514
432.6259049
419.7237003
539.1656285
515.3152371
484.0818777
478.6157533
492.6203031
387.3689864
366.1316604
337.2551113
342.4752224
305.5848931
357.8992952
388.7270547
352.0284493
285.8977753
256.9452458
261.8762969
323.2402226
345.3710719
192.3660641
202.9507351
250.5713246
239.8879179
302.8557229
196.8328769
253.841615
230.3724112
199.7763612
355.9684396
303.2228923
353.1487168
332.6543846
423.9981639
386.4765498
315.6208381
331.3294224
358.7293631
337.1521014
392.5443998
407.366039
434.7172037
462.2487605
438.6200531
509.688001
432.6405634
440.8333992
426.4969026
408.7558518
384.5211094
455.3584557
408.3441516
431.1520213
419.5062531
393.3116702
402.367347
390.0366962
336.5977797
189.7468923
194.1958069
317.3588209
235.2678339
222.1390063
214.9621394
226.5556157
235.5652217
255.8796297
319.1893346
316.9285813
398.0156194
323.0062537
437.8411476
436.402011
346.4580992
391.1165035
349.6970165
296.8198133
371.9654327
306.1217571
300.3126663
434.710905
379.2552086
330.6567752
443.0508011
428.736324
388.2952366
419.4675433
447.2669414
453.0144435
448.5574821
315.1161719
289.6462898
338.2713776
336.1006981
311.3803498
353.7684727
177.4656841
167.6696116
272.8419617
165.4242955
237.3266063
301.1236531
326.0516163
313.4562047
253.1828858
266.4175151
339.2874643
306.9847111
346.7605147
401.398371
407.7626551
377.7325968
359.3843551
319.8095555
292.1945037
324.5826423
298.5667963
338.8168892
412.582109
393.5835526
438.7047597
395.5137662
409.6880136
377.3183871
363.6175628
361.2526027
390.2928615
404.650692
363.3717326
330.5856076
352.159166
394.5925895
403.225097
183.5815635
170.4583809
275.6207764
287.9090941
184.9302763
223.3452625
192.4016065
274.7156322
218.7234804
171.0467801
239.9408072
311.045806
309.8626113
251.6921687
331.4022597
404.4617881
340.2393821
285.5810215
258.8999086
278.9155516
300.7833199
287.7905644
297.790201
344.8015037
341.8031237
374.0101479
400.6834232
327.0663397
320.5040014
321.2042887
323.1422654
377.0341654
385.8845598
386.6795703
377.9303894
336.6379944
363.658414
185.9967146
183.7272551
321.8791877
186.1720727
265.2359613
236.0548352
225.921545
349.4288539
349.0272352
334.5859297
312.7835929
336.1625293
320.2287474
359.9536101
429.3519334
441.2634777
365.2612731
388.1576259
420.8342233
351.6445897
333.6994867
355.0421774
316.5705274
412.9997172
374.5334944
421.2505913
361.8746962
333.8361265
372.664649
391.4206604
350.7830297
338.968056
340.5901017
364.2711536
333.0955197
266.3641723
213.2527032
203.9527526
266.5127692
244.6649885
292.2199509
290.6514764
254.3524866
216.6312032
258.5950264
337.8704023
353.2462307
294.4298593
268.6629785
383.5952961
391.1696941
387.8178143
249.2321321
305.0373418
401.4804134
351.2857222
356.3120228
303.5668607
330.0053485
388.4129419
372.3213191
342.1671973
302.3801261
302.3985429
352.556233
377.5411973
406.7049048
413.1963518
332.8840372
315.3823285
356.4845429
155.1155614
175.7446488
225.57609
192.3212374
243.9869466
262.4720887
220.3442868
345.2460508
309.9064207
229.8612435
321.3644203
318.5281769
287.3453734
335.9368657
413.2615707
416.6178773
311.5732867
308.6766863
340.8886844
384.3659549
368.3273931
372.3430415
366.2330446
377.2165057
317.9924944
331.4877527
329.0367045
332.6113676
361.7209374
393.6297943
440.4011401
397.8634545
384.5878095
390.8932184
181.9468894
174.2264789
207.8061853
182.6914589
161.6953173
220.4664374
220.3333843
187.2155996
184.2521792
203.8533117
300.860856
300.105834
303.57802
293.5236592
319.7856082
366.8690831
309.2929795
292.7402628
242.9015411
324.1566971
327.5783802
358.1544172
374.207984
330.5936586
288.5202745
361.8324628
344.9296237
356.110094
364.7824665
282.779648
307.8107021
387.8074546
369.9382602
198.8847585
169.9825817
179.8292737
292.4632317
170.594983
228.5359013
227.8893116
160.0136309
165.3011829
206.9665273
325.3951982
349.0350612
296.2607777
289.1526779
281.1868137
265.5393069
241.6965735
246.8088985
240.3395395
351.2365182
353.4033332
343.3460687
271.1329604
301.2238954
256.7068229
364.9124507
332.3236602
282.9959786
253.8474071
259.1351324
285.3994666
345.0190296
198.0877209
177.0309802
300.8702298
215.6985703
173.9882768
200.9462825
244.8747415
213.1489723
220.7523943
280.9045368
348.9656448
337.0057931
282.3421557
293.1115335
233.4103626
230.5877531
246.183189
287.0873156
272.0151605
315.0005036
338.9175931
283.0049593
317.2475696
356.7403912
391.3684595
418.6696247
382.1235699
395.2508969
283.4989216
331.5668765
377.4809783
193.8757254
169.4650096
165.4185441
195.1413775
196.0995296
205.1620457
190.5137806
185.0588182
186.6129011
169.375833
304.9075372
253.5826627
222.5437002
216.3280611
237.3971046
221.5764059
239.5505767
259.2589879
258.1593503
259.1996257
272.9971027
257.5027039
325.9281149
306.7139926
299.7065857
331.1293262
299.0800762
358.5104339
323.26774
311.024354
180.6771359
172.5918303
163.1472308
160.6185641
157.3190385
156.0398932
187.5673379
242.6283649
225.7248039
340.347951
345.724379
304.2056793
279.908461
302.2612865
222.0083766
283.5517366
276.1358243
288.1104773
279.1682161
310.7394719
282.6448902
355.6264591
293.9779841
371.9472637
359.8165911
286.165724
293.0510225
335.0098773
193.9121118
194.7291614
187.6599283
201.4600535
210.1527889
246.8209018
312.8041414
240.7812268
262.4466243
363.5820532
328.5224644
266.2938297
233.7177343
258.7671836
242.9612978
260.4317159
279.6330505
278.9024689
250.2666161
293.9183312
278.045324
294.714157
306.1929796
321.3919524
314.3683631
309.9908779
289.0945
191.4278286
184.5258871
174.603277
188.3421894
187.4233644
315.8972515
217.9766119
235.3882762
303.6727969
276.2455254
283.6723533
242.0251075
266.3089291
246.0869378
237.3237185
242.8448039
255.5826942
208.5859447
210.1640221
266.1519203
209.8307275
250.4738093
239.4042601
270.9729123
305.9643873
163.0568305
186.8074211
173.571517
252.663747
267.2005349
213.495063
261.1141117
292.2764172
247.9752569
294.4049093
270.1873147
274.1658297
248.4001214
267.4578847
211.6487251
249.9527825
242.1693967
276.9061195
286.8383067
310.6432869
348.4532559
344.6667712
325.2425945
218.0513605
217.2221425
182.5180384
184.0424988
251.4041844
340.7489111
279.2485757
358.4822678
284.5841646
356.7547797
294.0997678
246.7940963
230.8170225
255.8657741
294.2475134
296.7225925
300.8578895
362.8543354
191.1322963
273.6007963
251.7381829
255.4070959
256.7877228
193.4816627
239.6035767
158.187219
158.6798382
180.7236623
288.1923206
186.2497152
186.740029
416.5505682
247.2387664
331.6492487
481.8353191
541.1343515
857.6474327
1209.46348
2403.462636
0
0
21.7902829
9.835638217
63.62333653
35.31177739
24.19078422
23.82497521
44.28904877
60.40920983
77.43562936
108.7765471
74.11330076
64.70494868
181.6811578
169.5301188
162.4019459
171.5783815
177.8829368
192.7568695
497.343106
643.0023463
512.8675463
776.9118583
718.987543
2040.030725
0
0
45.56476596
41.74160288
61.97417498
67.05720541
46.85379209
10.41988956
65.61398162
73.45462561
39.85485927
55.05905593
39.66236494
50.27900467
181.8854582
186.4073562
180.6687367
179.0993594
186.1343713
186.5482533
299.7032873
415.0382609
532.773194
807.9933438
997.397797
2972.774984
0
0
43.63680734
71.66185444
66.31597533
31.17095627
50.84633734
93.38506147
56.49114754
46.99003146
17.40205196
20.15804242
38.23981646
28.72622688
150.9818657
179.7156001
196.8471425
330.9642252
260.7219378
221.8210577
314.6892432
574.6159937
669.3034397
786.4322788
822.5320175
2173.145261
0
32.64490626
43.3726266
61.00383469
25.93585017
45.87316392
46.02164801
35.03373076
87.85267303
82.91357895
39.72374857
39.79513453
80.52416241
69.30946986
209.0446116
184.3264086
145.7188525
196.7548469
135.5524635
125.7474812
194.7231802
366.4275457
368.5808778
846.1441511
853.1407031
2178.324405
6460.615752
0
0
39.42057329
66.48246695
62.88314466
50.36298379
41.46416293
45.67937145
48.35299377
29.25639564
35.40262018
50.47119611
80.34062739
83.58413099
103.1922425
186.7759919
204.6168696
310.3160406
374.6425016
386.0884662
376.3456762
345.3160949
497.6488325
590.1776517
848.7161623
1355.734866
2818.713575
76.91653149
28.74745518
56.48463474
51.75071167
50.59387593
41.55121008
31.69041245
33.06356804
44.54043322
66.69088492
62.50103458
65.89958498
72.12144553
61.77440297
70.40027969
93.30836681
100.034489
163.9806217
352.8686379
299.7058116
174.304463
245.5123148
292.2009341
439.6734427
528.6033007
508.7607462
664.792964
1247.413324
1454.823381
7976.612639
167.7494945
0
65.95561602
47.75561464
193.0281191
128.4949113
73.56998387
51.8628509
86.99935102
132.9593742
112.0392704
110.8904749
159.2620854
161.9378177
111.4409022
109.9799736
126.2188245
112.4282005
111.2144278
182.9461949
228.5794282
223.5762982
190.8068065
232.7904218
238.1772455
283.234685
421.2280308
596.3246608
701.997225
690.9379223
1099.764306
1351.093241
2168.140942
922.5397833
1783.902252
476.9760903
263.9490863
748.9790493
878.7249076
609.3305332
477.7556677
600.9579137
544.5581994
63.62506159
299.0673159
294.2810582
229.11701
212.3344046
240.3178849
224.6573042
201.8918255
241.1471856
276.97351
248.6854979
184.5746825
110.2116246
117.3004988
133.7392121
97.40140316
111.5902499
136.5578495
156.8014259
161.1979549
183.5859821
227.1925171
202.3721106
240.5681658
321.41106
310.0844422
427.0203813
480.1774345
608.0257671
717.1499088
1015.04016
1746.104354
2129.093529
1481.847079
1351.709734
848.1575562
632.1463002
778.1937765
648.5678885
407.0727753
354.5773634
293.3260186
318.0959865
409.3999853
297.8731395
331.7569815
250.3019382
244.7426161
277.763428
204.1279442
189.9604004
218.3483562
255.9588822
214.5964519
249.0005663
234.6117899
143.7881491
155.7440892
149.0623006
151.5086256
175.9993502
159.2386793
220.866739
186.9526881
164.3474188
149.718193
212.0858598
270.5619511
210.2417315
319.715938
413.0005897
435.3507099
397.7918554
750.0612704
1099.995981
1050.823165
1039.415706
737.5074623
851.9141653
646.0718715
621.9596967
537.802466
466.8325975
484.8126783
477.3137225
309.8083813
358.3256281
404.3165415
394.7092807
317.0194286
293.5655107
231.9950407
255.892137
239.9427806
184.9884776
167.7533765
211.1776511
230.9571359
181.0838215
159.701372
220.8785129
171.9407232
153.6418881
127.4241757
123.3052664
175.4908603
234.6506691
392.9894409
483.4390076
474.3234013
473.1566279
425.9971287
392.1084076
520.2743065
588.9154033
839.8720099
765.9113262
728.865469
691.1529227
642.767646
825.4122152
733.4674302
652.279185
729.8948504
627.5021429
403.7423127
525.0440339
551.2436658
390.6442246
533.0298041
492.7660836
447.6256436
554.2322081
513.8829329
353.3513335
334.8869272
277.7071231
261.1582987
268.2588387
289.8122558
252.4329128
216.4817775
193.0233516
140.6540074
118.5739647
156.3624912
179.7744538
174.9792892
165.4917504
264.2355594
409.1160668
470.706877
392.4904602
505.3551411
322.9881251
485.9373852
412.669636
502.7226621
548.6426279
614.8204883
669.7987347
828.949542
679.5618674
566.298091
548.2266017
523.3878151
505.9572652
427.5988977
359.2812625
451.5895861
468.5888619
384.2555288
449.4662802
392.9588401
406.5518213
391.1386014
359.2174172
339.5035155
299.0421882
260.5922411
290.4838607
250.4196697
272.8606371
259.3052018
196.7322967
199.5985943
207.1949973
209.165724
227.3304413
199.1773893
185.0552187
189.0501953
439.7489455
310.0674513
450.3174611
358.2524952
205.1831495
419.5065902
383.6043653
413.1248202
425.2647137
610.3566933
666.849966
724.5383276
582.3272014
686.1394253
506.1537493
510.8869323
650.7105382
497.2045152
370.3098719
343.0505744
477.4457455
430.7613928
454.0907299
414.1147271
366.9933004
349.6766352
336.726399
336.812995
369.0305036
337.3240537
305.2057139
282.3142922
242.172778
265.8906317
258.666223
287.6328175
190.2622301
216.9854395
272.7529208
162.1337975
241.2402185
294.9050821
349.1248589
383.8557527
326.9239692
437.3480876
304.6762097
498.0200763
345.55268
395.8671447
406.2508363
553.4725872
734.0763297
735.3043335
602.5330428
613.5718801
462.5474316
578.0068426
540.4492769
481.8145585
478.5671828
440.9579556
417.718159
358.7922381
344.3786581
392.2673096
330.2633707
362.779642
308.9713547
283.8216258
311.5658955
296.3825168
307.5290385
302.2011087
245.9850097
252.6195478
242.7876101
229.3287322
309.9745066
214.0850335
177.9411752
180.9413357
233.2915245
183.9475845
344.5097
290.9042795
416.9960826
419.3911818
471.2495948
379.5019283
453.8916298
424.5490542
427.9346228
661.0698997
768.2476322
617.9382109
643.1843286
609.7910385
545.7539619
495.0424507
551.5286244
555.1879598
492.1274123
411.1786246
378.9120438
430.8856226
457.5027253
472.9282368
436.4018126
417.6948609
380.8528374
358.0016344
312.1972684
252.8698977
245.2775171
253.6873624
306.2317251
310.5819009
275.494385
265.8036126
320.8815038
213.2922104
193.0347105
183.1934389
287.3066104
296.4020201
191.9383407
412.3398928
353.6710067
247.608838
463.6054062
490.4284648
445.6253007
416.093506
473.0253733
522.1801731
462.9834538
423.7925115
573.1734561
417.2971714
425.8078989
453.749694
533.9436855
526.9707683
529.8976335
419.839976
351.306594
353.3853671
439.4112165
474.2790808
465.5323642
460.5014081
429.810323
419.0338596
372.5553169
361.2772183
364.1785533
286.4269024
242.468378
241.4557545
251.7136873
277.1451143
162.2624111
214.8171178
365.9499014
192.5754245
457.8350278
410.9098533
392.9797246
186.0926165
369.5035893
438.205059
359.6529212
318.3453333
391.8228203
435.1493672
419.8604046
428.8145987
351.9121404
395.2748098
392.6990975
395.2072367
456.5653214
451.7728369
455.4675157
526.401587
500.4441995
476.2941184
438.5582854
478.6971472
467.9829277
420.3455015
404.2126652
390.6620442
348.6738591
294.1742178
325.8911257
330.3233939
299.3925171
287.5887203
297.6788755
277.2472494
227.7540608
193.7262463
188.512164
196.7115426
329.5453497
197.0941258
407.1377638
278.9954902
448.2629904
363.1229948
426.0314733
333.1328526
309.0162365
518.6974525
461.3128487
434.0811452
429.4467873
422.4460226
482.4711642
462.9725042
448.2793533
452.5831422
414.2335543
361.1634917
391.7927299
423.4440064
498.6099722
557.402374
577.6026701
514.2289251
418.6963325
381.0915456
439.7810173
418.5177701
383.4243806
394.9270785
414.3418829
425.371227
440.1001614
399.7721699
139.2391709
157.4662029
137.4632621
167.8131863
231.5138485
203.9424787
285.5471515
190.4048839
255.8063119
348.6278399
329.2846225
409.1471928
408.4955592
388.0941934
357.73915
472.1383502
422.4523996
362.3134245
390.6031802
434.4132695
477.4641218
499.4597562
463.3908201
420.1898154
463.4789136
418.7047928
411.775826
405.0082998
432.0485685
467.5982108
449.4644453
409.5981544
408.8528804
426.5172475
445.1645143
429.7507594
457.8399786
379.6546777
408.3085009
197.236291
179.9767063
169.5558125
178.5694324
177.8690533
206.5150811
181.297126
269.1200108
169.1820504
332.1359648
271.751736
280.7469865
287.2828818
329.0434058
277.4645635
396.4230279
445.2929045
466.9267226
428.8041875
326.285857
375.8201244
420.9857149
456.1047117
456.1902488
466.7540289
471.0446587
400.6738566
408.6961874
393.1250233
340.816453
329.5381331
357.0952441
394.1907492
343.0322951
368.773665
408.6200045
378.7191447
331.3914079
283.013462
159.9009108
173.9939037
203.6022986
225.3602514
166.5951604
183.0044175
182.0066373
264.5486801
244.1417613
186.4838726
265.5469532
262.0096552
343.6299903
346.4974374
395.212106
462.8255984
389.4602207
450.4368565
444.182025
386.625788
431.6416045
434.9689815
441.7864048
439.0043311
370.6094961
436.949801
382.5299818
344.818914
422.3371973
454.0411953
400.1196978
393.2124564
386.0580708
417.0104682
396.1998997
408.9133122
414.179402
416.4435912
184.9810373
186.6813034
244.2119772
263.2029129
242.7283487
282.1033656
294.8898958
248.6991017
257.8631717
255.043649
329.5830554
426.3100495
335.2961308
327.4363702
406.1226996
315.2523636
350.9984674
424.1489445
350.6821186
492.7415684
456.5734505
437.0760239
340.807749
338.3479237
258.1457758
292.5410983
322.7759237
375.7848066
327.9271043
318.8974381
372.2628644
443.6238278
446.8937576
418.0861446
394.9711588
430.453862
404.9164381
246.8662018
197.9511687
194.4136338
212.3505346
260.5056288
274.5638608
317.2912902
199.8850991
335.3609459
284.6441108
265.8308263
316.3816721
290.1607077
381.4612486
323.4837957
456.2455058
392.8514149
420.7727285
407.0901685
336.6191603
369.8744198
360.3460087
368.2760762
389.8211595
420.2874856
372.8865553
340.9311191
379.9662457
466.1075748
390.534289
348.6486411
318.6131072
330.3324923
336.2747787
383.4513668
364.434671
376.89094
149.0525728
181.2968011
342.6460446
299.3931289
264.7695876
202.952709
303.0426789
296.2961225
236.5409469
177.7433495
202.3484016
269.4374731
338.0947926
286.9065737
377.8982722
339.7185219
368.9059632
292.0804772
284.9079218
273.751047
338.5721412
347.938309
348.1133734
372.313559
437.3106859
385.6175727
416.5996494
377.324122
436.3448618
413.8044033
356.3344518
326.9339465
380.2425916
410.4296389
419.6513584
392.8066586
169.3811455
164.8145068
170.3858828
183.3934519
181.6661856
180.3823383
201.8311881
222.5886313
252.6556046
258.9641128
261.3986078
259.5528198
311.7069174
268.3061705
373.4221718
341.9940149
346.7979861
328.6088323
375.6881768
388.8814293
371.5343695
418.6456216
360.2378691
364.9718464
359.3449759
365.1100956
333.6977545
346.646394
374.0812347
439.0491765
385.1657561
391.4131662
334.5085199
379.6995879
430.73318
174.4807418
181.158921
177.075231
165.9003236
221.6429822
153.8924923
168.255209
293.672192
277.7427209
234.538794
216.8758041
296.2695434
278.3917926
215.5599248
342.8502207
321.5166238
281.7934162
290.6337759
199.8256349
241.4418154
220.6733351
320.166437
341.0492099
402.4575534
380.7751545
316.8737825
286.4903533
243.4723201
370.0312608
406.310951
417.9465451
423.2276674
367.5581701
375.6364178
173.3587172
172.471343
183.5940755
316.3346762
259.2149708
197.3374384
213.2890021
291.4054068
269.9339517
374.2309582
336.222006
331.9864907
281.1532953
296.6758308
383.2354987
446.9666274
288.7591951
251.5447778
265.8969647
315.9592266
294.3558505
357.8686363
375.2609947
392.2649819
365.7712422
326.9993405
331.734562
297.999727
317.781168
328.5237964
386.7633298
407.8649004
396.0439361
179.8285945
198.6880611
234.3286925
256.5922204
211.476065
213.1077631
227.5450998
256.7207743
318.0183897
364.8237921
360.7326051
282.4769667
234.7702075
287.317054
324.601282
459.5025384
374.8281854
326.3907922
316.9454926
263.4227808
268.4469941
316.5344473
378.9539388
394.1109037
409.8858112
336.9904833
344.0969914
352.131772
367.4381696
388.1138278
368.272403
389.9432421
195.207507
205.2580178
268.411729
211.4007192
211.1351352
213.3773201
218.2135122
230.8687897
261.6422664
316.7976262
251.6311325
214.8456489
255.011926
288.3378807
327.8609008
313.0491285
387.2139981
275.3602542
281.8588182
263.9587866
286.7816893
357.9854237
297.3829243
325.3308225
305.0977998
290.8058483
312.3773268
369.4537689
365.0168457
362.7507572
372.8672664
392.4263764
215.0304785
260.6092271
208.162834
174.3226449
202.7433631
176.0247925
216.2667071
189.4068754
362.7585343
312.6565003
303.9394523
188.4526868
244.6423243
260.8802485
255.649064
271.9857514
252.7472574
248.0741525
254.235765
264.7902614
246.6350368
230.4516524
216.6943873
271.0554212
251.2814013
285.2360767
302.5023297
269.2231905
273.5013236
253.6887071
202.0794645
190.1103426
200.5106229
208.6161825
183.0703919
208.7680181
270.5532678
281.0932662
242.2439302
279.0565568
286.5192185
248.2826366
291.6319337
263.2728284
258.0878811
316.3032624
339.3671976
324.7568814
304.2274434
361.5791075
318.7453755
300.6254557
322.0233938
346.0690987
356.2582587
390.2254643
386.5302887
285.5983847
191.5317413
197.482584
197.0288863
261.726904
221.0164725
191.6254377
172.5269119
226.1267443
304.1658706
251.8815615
273.6678861
231.7401348
332.7912449
291.1356361
241.3753683
238.0886295
311.2723079
309.7680991
240.7585224
302.5598587
274.6280565
277.4218858
269.6923718
289.6128117
277.8396571
312.1379979
132.0800257
163.6184604
155.0244933
165.0428943
227.7109624
213.7958401
248.0564059
251.1742589
265.2398272
303.114362
294.4642383
206.0775111
333.9436034
290.2589908
264.3776237
324.6102539
362.8552293
347.5496527
287.8808822
289.7918637
267.3806187
265.277112
276.3178995
251.1818223
272.7948876
254.9210889
181.7106991
191.0646619
164.7363658
213.151667
219.223229
303.1313587
305.8796223
286.4832962
276.1003508
217.9233625
223.9156115
194.3730165
208.0243095
235.7818116
235.7617
208.3223427
172.4944907
183.4995216
178.2345109
299.0108651
297.6553398
338.5441607
238.462175
174.5953847
213.1981513
224.5515378
196.796238
240.7912967
222.3794812
238.3111028
220.5864504
188.190729
248.6539936
294.1495355
227.1612544
264.492544
216.5731379
240.8691747
296.6905152
250.0173611
153.8981732
226.4463907
176.5159338
262.18196
191.6658657
183.3719845
228.186579
338.6780915
159.5393205
191.4556479
176.6765449
161.7504487
321.6451722
258.9368381
358.8216251
318.8574249
334.7994799
470.0330356
908.10514
3070.049236
0
0
39.23691663
30.01018765
9.943600316
9.166415834
17.10082238
30.12467616
31.54269174
19.27380625
44.07357952
76.40462585
93.33030458
93.45733079
70.87599757
158.6244142
180.9091839
176.6222053
169.0976839
251.6181275
404.6512265
447.5190532
492.6895456
575.5123361
554.7902998
626.5932226
2275.416289
0
0
29.78105258
6.0520239
50.84831229
49.13557371
53.6151538
39.13405166
34.71767078
57.98311461
48.86885022
83.75105029
76.08366741
71.21969944
114.8755967
169.4260456
183.2963268
171.7057679
159.5523053
287.3061553
406.2250752
350.7608515
471.2724251
602.7069073
653.4915797
869.5795406
2512.345996
0
0
41.44962652
28.55080575
22.3618155
38.83739819
70.18273501
45.37730099
58.95469347
65.82983891
106.9098829
93.61248256
73.3499087
34.29301964
14.54978434
225.7056654
158.8418988
169.5110838
173.2548877
232.2410655
223.7651099
209.9259866
326.9508283
588.2074032
517.4454826
730.6769388
2032.940356
3980.737477
0
21.83429051
71.73738376
71.78370319
43.67679331
30.60716276
63.76709544
136.9245392
121.429625
67.61080464
22.02179585
42.06171405
35.51187535
58.59479891
83.98376987
181.7608384
190.7890315
192.174818
191.3444568
177.2045634
275.9866531
360.1565678
521.5362347
659.2303685
725.2169052
1076.853779
1832.761708
0.03707232502
41.41895847
105.9677368
69.8246035
78.66400278
59.2772682
84.66042788
113.3419415
74.82264606
73.00785852
75.34666433
74.59759786
59.30240771
80.68684325
95.61241891
62.92449682
185.771568
194.9241768
198.0756295
359.0247383
227.8635366
316.013961
449.6505054
623.8043256
619.0096257
643.5589832
1084.863481
1691.891652
2976.221036
2029.641086
2144.455616
705.5704235
72.95762707
108.3554945
154.9246664
129.4512577
130.2673467
84.02324077
92.47275722
67.67468786
81.55555719
88.0276283
112.565857
72.38028263
95.10455916
111.6667955
85.79252675
91.33765574
108.659271
192.507927
204.6808353
217.5714398
188.5621614
244.1208881
312.1276291
388.7003172
483.2955009
572.6323689
802.9259159
997.0233295
1328.334261
1433.244155
1090.759409
1271.301009
1341.126903
725.1371669
2258.087097
1249.331335
958.2459627
447.2980878
642.0372468
418.7864745
162.8299919
338.6969322
182.4227194
170.8980672
254.1809619
183.0394668
203.4692246
242.8808024
198.6230136
193.8410834
229.1325842
172.6366557
167.246815
109.409577
126.2881029
113.4444685
76.22367183
92.87559084
107.2385028
86.90613794
243.8177692
337.4690947
291.2439419
249.6707476
174.2364103
219.8050131
278.7087028
494.2528328
391.5793386
544.42178
630.5728778
934.561393
1139.302864
1242.783292
1146.781427
678.5319476
543.3714486
728.1586253
924.4087432
769.5925715
634.8969677
445.2134863
420.1656744
529.9652514
480.3875933
426.194233
314.6594937
323.4650418
279.4460273
221.2036473
282.7725178
296.5292824
253.8565163
228.4518665
194.5604732
184.1752069
201.7153227
157.8744678
135.7298097
175.3818382
138.8562325
101.98812
90.67891128
194.7363707
191.8319662
199.3423284
219.5317149
288.9316885
391.6966136
442.1354117
473.3250769
453.8002514
521.9395986
668.7226684
1017.331025
972.5215655
915.6835049
901.6103465
601.0162238
803.9013718
753.9876063
671.969787
552.6378355
303.8062829
279.8924357
329.9811247
385.1418827
367.5129667
328.3740931
287.1807503
277.6141636
301.7965772
276.3897446
283.6885857
264.4732063
267.6882409
236.0961445
246.2906029
230.4426915
272.0479137
235.0758465
185.6395716
162.1411013
132.83322
125.0929594
174.3525922
168.6625118
174.0895652
169.7094629
185.8722876
224.2710959
340.1586891
418.7736976
414.3494525
477.452577
672.6174989
600.1076181
720.2623267
655.1532871
867.5911879
748.020923
706.8716612
684.0808105
577.9502632
591.3222226
539.3239569
406.3448531
383.7125201
345.259755
447.7906047
307.1961149
319.8037751
368.6324712
372.9976719
283.9837712
251.6879132
239.7282662
276.1311646
233.8401113
190.2829307
216.1733527
216.591602
179.6720395
202.006431
256.5038592
274.1891353
262.0647504
231.131718
188.7513965
184.8688595
178.8009306
163.8471405
148.4160511
207.3868547
407.4296029
383.1414218
391.7363393
439.8336372
469.6328971
636.2205769
548.3552009
699.8344876
762.3122227
698.6564341
777.8162722
675.5445058
507.8357985
477.5736161
421.9325906
483.4093932
396.9751521
349.7451282
333.6733331
411.4666135
446.4415282
346.7077005
353.8556591
420.9053403
378.1716722
355.7625287
325.0792078
298.9980024
311.1095453
206.3363076
224.5346467
215.123649
162.7095446
194.9873751
197.4078714
193.8476711
323.0609204
365.3297836
437.3368876
264.654868
329.3493447
191.7492783
404.1252205
285.4202743
435.2540837
401.4356653
446.8309478
610.4619191
626.4541929
540.8250538
602.2503606
605.6552435
603.897127
536.616735
579.3742206
563.8872757
427.4699125
341.2797981
425.1565882
439.7649053
468.1328463
412.0489375
423.9380465
469.9671981
443.7613662
366.9500557
370.0376302
305.5895407
294.7301413
283.8916854
330.1214239
310.5385939
287.4289246
321.6029798
338.5851293
318.01445
287.3113033
284.9496416
273.8566305
200.3020486
223.6282522
264.6651812
208.0139464
211.070497
277.1280387
335.5738484
338.8618063
341.2996233
432.1596041
663.5107258
576.4852283
482.7852791
522.0529568
514.8998176
530.1871971
514.3468326
505.8704517
414.5550693
436.7799522
454.891901
399.8345109
418.6727661
402.9701025
409.1308075
487.1517774
501.3276452
444.121361
456.3058545
473.1817264
429.32901
377.07099
354.904244
283.2245521
277.8177232
224.0665548
284.2770403
299.5780894
269.3406709
237.8803174
260.4667943
181.0809364
314.8908926
326.7111775
236.3867145
190.5372273
212.0560413
205.0482598
277.3846619
417.0950737
265.9113598
509.9016979
474.2108627
644.5669016
522.2838029
647.5302746
537.6205842
499.418534
401.1781283
439.7424533
460.3470039
328.3256661
320.1045855
323.5535075
312.3970262
317.6701405
334.9805576
420.3090541
470.2974014
420.4521769
333.7620738
364.160335
321.3167781
277.1605784
307.4319196
283.4783308
262.3635793
219.5105594
170.4326845
221.7769909
227.4621227
188.1492359
399.4232577
371.9663591
364.8617653
363.3666191
207.1673839
181.0741226
298.8771311
394.1548916
430.8793394
333.3910852
428.7960099
499.5121696
508.3614628
508.5044051
627.188761
635.4174786
435.4387834
527.4377657
531.5511431
536.398182
450.4050876
422.2929251
375.9512998
333.1955749
376.2000847
386.9190413
369.2111331
333.9432919
445.1213287
431.9160672
418.9644724
371.2843258
330.2468559
345.8270791
323.0374942
251.02265
289.081781
295.9254509
317.2702428
332.5545707
344.8805272
295.3709095
164.2486593
172.604632
201.5847717
182.7733768
265.1582972
346.7463653
310.9223811
424.1734029
335.3483146
416.5506838
233.3026195
370.9722244
438.4755536
501.2053251
485.9519783
538.4498462
492.0102022
466.9138976
468.0366033
448.1739075
432.1009616
405.0580725
421.8938551
396.2902636
382.3067344
363.4047457
335.5198691
382.1707079
404.1865856
454.6358397
439.2389771
382.6972041
399.4601357
405.9333561
381.9663151
351.9155168
294.978243
302.2608997
222.9305182
293.1506723
169.9769023
164.6195785
177.2410325
177.3677883
277.9585228
332.0468174
290.8760746
350.5493688
273.8313541
449.0441072
294.7920499
346.2867032
475.700234
452.3466552
493.8156569
489.0526115
521.1559362
531.5411818
483.2176907
413.3227619
399.605341
405.5363322
341.7080426
360.2843055
374.3009412
352.6227752
356.5782379
374.3395244
408.1388562
472.8249691
565.2843697
524.9650602
469.5924574
412.2950313
369.1992746
380.8673147
409.6332069
377.8536709
358.8157449
201.4782503
201.5917087
213.5498775
276.4254635
328.473999
442.9198043
333.2635097
305.7513577
191.6344819
403.0324614
376.0390619
341.5170909
361.5692683
436.6048309
542.9354481
483.2558025
475.7939357
537.7851692
535.80494
467.8470294
466.949823
466.7238047
404.0131093
437.5117759
452.7045172
399.231713
378.6218972
377.091078
399.8737407
491.8682027
447.2564557
383.536826
408.7870871
430.237799
450.5035568
423.6604263
412.1904319
317.1891566
312.7465706
191.2100245
203.1057149
192.0172926
297.1105471
342.8976507
295.1402562
300.3714505
294.6156999
308.0836016
420.9050474
443.2419429
390.622434
388.7033635
308.6564982
428.0207903
366.2475579
312.812399
377.3726423
372.2833721
407.5498768
361.8608502
319.7892735
355.1912565
390.8471867
349.6974223
373.6757619
365.8059498
391.9992332
398.0155511
387.7979324
475.8496727
512.0671412
499.5844783
448.4460957
406.5303451
347.4774785
366.7224381
458.2240103
448.9095737
189.4185087
205.2712984
220.4884398
199.8362921
168.6058335
150.3897047
164.0447138
228.7460965
360.6515893
252.0281823
333.1838377
326.8623831
295.8687793
322.9161385
430.9165159
383.194936
268.2070839
403.8983372
473.9337583
436.4653646
468.3458474
432.6622287
354.3237307
374.5522979
341.9371944
353.6238508
369.9150473
381.4135717
410.352294
461.709023
403.4691457
386.0481555
465.0390938
444.2104312
358.8230272
297.2732748
335.1123952
320.7130144
183.6282268
189.5946911
234.8013025
327.6054706
208.5830073
223.5380534
222.1242121
230.189833
220.2100584
272.0877336
314.6962641
338.3161268
352.0360754
340.8333204
347.073388
419.371713
315.6281775
374.3448126
398.4077223
446.5359587
407.2531931
408.7753204
397.9312924
425.453515
476.649707
451.7094717
425.4884258
369.0228512
420.241265
413.2187513
473.5570411
453.858658
401.0953511
372.3645443
397.1094611
388.9194244
379.6043369
313.6316526
192.7017678
176.9426439
272.8051069
289.8982544
238.3776299
180.3796
195.246188
208.7500301
206.2456105
212.7681541
295.8257394
267.0817719
365.3700118
258.0500722
276.902534
343.7397444
366.4610363
318.5705395
311.257915
370.3357392
395.4142926
452.6023351
383.1314468
400.4709082
399.500497
415.2239105
388.9763272
377.4186469
374.8607496
401.7964279
412.9332029
380.0867543
364.7818199
372.9761256
410.3849841
418.8910228
388.8232128
143.0537709
193.9181758
269.66739
208.1050425
141.889035
272.7517887
213.9929566
172.3759796
316.2588456
260.9595574
332.441769
407.280491
278.9929022
282.159529
326.7232944
327.5547643
363.5009198
333.125919
240.5854156
307.1733906
312.3880916
399.8411241
419.482471
397.4608342
423.074818
421.416971
435.3038802
418.7626972
437.1286789
393.4251051
384.2795883
369.6101932
360.4185422
361.0177092
399.4238874
411.4631896
265.0039732
214.8683034
344.5170113
242.7570906
214.8034484
210.0805777
280.8798511
237.8969366
279.3156045
222.2048328
267.6975988
356.802691
426.8881538
319.0534511
341.7718529
393.3060872
384.0143474
392.4026526
346.2337792
330.9632635
335.2369601
352.5789891
358.936927
412.442823
431.0304354
409.0469589
361.8582368
333.4095262
344.8169902
352.6457199
377.2633158
329.4826465
350.7529004
340.5976674
369.9327661
370.4639068
186.0107227
372.7620053
192.6581295
234.6479205
199.9274722
195.0471626
192.9926812
256.1852458
245.0407787
226.8651476
239.0663737
366.6746466
281.5634228
227.2980159
263.520378
356.6224982
399.7736268
338.5485293
358.0968061
397.6868848
352.0076342
331.0241333
341.8557076
388.5704385
402.4957961
364.0254944
394.6095757
324.4264241
332.0487283
350.1498837
363.297063
336.6629652
333.4246999
331.6518015
383.7417186
206.1555174
302.9155736
187.6189692
193.1786009
215.9666362
208.4926305
223.7743239
212.3273961
335.3919935
231.9423483
293.7523615
429.7660062
256.7559324
290.8480704
252.3330793
328.7252518
283.9665036
362.7392393
309.9229787
274.7230281
328.8481589
266.9615312
248.0239861
273.0695773
328.132331
334.6769766
405.9519421
397.8826883
350.7854315
410.7397782
440.9269067
416.1811403
397.5367092
336.8421769
269.880595
263.9491836
192.4409798
199.409363
219.737865
222.1948302
235.2963389
254.1646323
245.9857406
218.933573
393.6651709
283.4652564
323.0931268
368.9189472
390.8483434
386.2246428
345.9453773
379.9383579
355.0404384
364.8588276
384.9225161
357.7680815
339.7148092
296.8656524
268.2170183
334.1080348
339.8511329
381.7697346
366.6745384
350.2769532
287.9284467
267.1045388
296.0928008
270.4778977
198.482099
178.5696695
155.2549879
162.2014646
169.5248434
173.2853576
180.4931476
205.2892751
273.1872373
231.9139811
191.0031855
265.5907088
273.5464711
361.8738776
372.9271503
394.7609181
325.2686929
330.0369677
280.2738573
250.2854922
278.6389833
380.2046839
382.1490771
312.2906877
310.0841772
291.0557984
354.6460586
341.3535016
317.6634334
277.5908191
237.6386951
367.9981951
254.156446
273.3506085
206.308163
178.2290072
166.5538943
167.9171156
181.467606
304.9973276
292.5330392
189.6309849
223.0386218
248.9167
307.261309
306.2633125
366.933888
288.7887326
259.5970267
386.9919969
346.2678266
281.9628934
242.714721
352.3950968
302.1286903
248.655351
259.1703147
233.436207
268.5171331
280.5097635
309.3629816
294.0288223
184.527784
261.6892433
225.1823013
227.1302497
249.8492435
221.3127192
208.5104239
279.1858332
291.1990251
230.7675141
248.4044207
332.5297115
326.3815878
347.0810384
371.3802176
333.7641856
307.9485683
350.2891551
346.5044371
339.7359468
338.2590323
337.3950502
349.5981408
321.9462482
365.6511245
338.3619752
313.1353045
369.7872906
324.0200383
249.565801
191.793809
219.68139
192.6186775
235.1849119
202.3140294
171.8002323
236.400603
312.0820773
246.8048199
222.0979542
229.0778127
275.6506616
283.9571013
313.548884
231.944031
250.339721
251.4488718
258.5926347
265.8383105
264.5870082
303.4317381
269.6559108
271.6633031
239.9038243
263.4913776
263.3309144
275.6468739
199.7490719
201.019416
201.5343374
320.2720587
232.5043035
206.6601
313.52904
362.1358403
239.3210496
169.7319137
222.3593755
293.71544
305.8529762
312.6561294
320.0986228
326.5325889
342.3075406
362.0277676
335.6165489
312.0283498
323.7284659
299.7121823
265.3104376
245.3572506
268.6755647
282.2858928
259.6678816
187.7291635
213.6786821
254.5595506
186.3765931
209.2665099
185.133809
324.9633043
270.3145934
208.2625716
260.5177426
260.1241958
290.7035877
263.4975424
283.0649374
293.9235541
266.9457421
300.8756851
280.1697378
313.7015284
274.4489387
206.7058879
195.9927507
245.9030759
181.5580329
197.9561668
180.6843797
189.8274403
189.4817299
195.8088279
226.2713599
154.6836447
226.8094692
240.9408719
244.7076448
303.7011202
271.5109137
251.1009519
271.8598504
319.2513943
316.6839859
255.5606514
351.5726368
317.5877081
295.0422739
240.6779973
416.37306
185.444649
196.6176154
226.5666213
263.1734489
230.4171171
228.9618159
228.6896016
216.4847298
240.3908891
202.8971498
159.7243949
226.5101102
208.8553436
242.0415682
196.3609869
283.9873614
255.9144696
246.5326032
284.2453313
307.3787461
220.0508794
225.6745101
253.6102338
190.902719
185.2185649
312.7544285
403.79046
386.2038587
372.2049467
357.5600413
473.3272114
595.5711728
1117.005594
1336.340965
2102.127709
2441.220177
1641.954393
0
0
75.25414894
90.27012676
71.12292295
19.51516037
22.73639829
42.85415002
54.3713089
67.0056393
55.04222361
70.7271949
100.0533655
109.8876598
124.0341034
123.9040357
180.0414142
196.1355258
211.8804755
220.5806823
246.2295645
516.9074587
573.6007021
559.4136815
734.9036607
914.1852397
1542.874953
2854.939077
1648.206521
1100.684503
0
0
50.86288104
24.46499541
26.62935326
39.55047567
94.68704069
100.7760464
93.02186295
61.7307138
107.4208146
158.9741066
93.13288383
78.95219268
66.44138587
71.79241927
206.5087214
317.2417988
412.7534677
420.8885021
236.588038
479.7935244
461.6457655
652.9082581
613.9583433
1118.461092
915.1493507
2250.212431
501.2165929
2302.061428
2289.720541
0
0
67.309992
31.55905356
50.69375696
79.46362275
82.52748741
74.55773676
64.18408522
68.92805114
85.28949788
88.96438593
109.1678895
135.3688092
198.9485381
140.7779895
163.7593738
152.7828592
168.3892499
243.6113248
258.5364992
383.4426307
497.3443004
452.5493141
536.8674337
923.6577895
1163.751187
2180.428163
1992.389154
1464.080584
1112.05635
1990.207982
0
40.28529244
104.2506947
94.02524658
78.40712943
70.51266426
96.53230917
113.0940065
129.2522992
116.7711772
132.6801687
115.8258886
133.2231797
116.5699304
98.43427682
178.2165058
181.0538921
208.9326276
195.3071006
184.4275675
309.7451986
213.7698426
480.1733871
389.9789693
437.0578153
613.4734054
888.6082431
1133.113301
2265.482952
1765.662197
1147.137185
2168.190978
1336.738454
1134.684748
107.3460934
214.6103364
39.36185553
159.5593561
124.6461637
136.5491761
142.3120049
120.5573774
131.3404258
138.502069
115.7602208
107.9845671
132.4483312
168.0888877
198.4341065
157.3748255
134.5298516
192.8713393
176.3690881
168.0589351
170.2927943
271.8944291
304.0639322
361.5839625
483.597399
380.160914
659.6180417
814.449334
996.4456776
1348.866842
997.8306852
1096.390488
904.421774
1149.014701
1229.864269
1433.590188
1249.895259
1646.224537
764.4154982
431.5872977
756.8840905
396.9167047
87.73718809
268.9377775
323.9154489
212.5740392
191.2132121
175.8815971
197.8671988
209.0574771
117.0185719
95.62241818
173.8304369
180.9590134
143.4254369
131.5553588
143.3930414
119.6995024
197.7099243
131.3504567
186.0587667
177.4842483
176.263559
194.0561201
195.9494976
251.6906816
473.0535722
644.2236502
584.8499931
715.4591502
676.6118828
787.7698186
844.8839437
850.5552369
960.2414381
575.2012139
738.5980398
660.112019
884.5309131
940.5576375
496.4440537
1195.433816
751.523311
687.8197105
370.6972918
219.747351
341.9677653
278.9278015
198.3329188
153.2267432
164.2181517
217.1250706
220.5610434
242.6717686
243.0427538
221.5404711
242.1761896
247.4822152
159.2926357
146.7231574
146.9448127
141.0796036
219.1339231
168.8977408
379.8869882
333.667367
260.6127061
285.9854384
286.4452868
281.4888828
522.1945889
596.4489238
685.6291868
630.730354
679.1376931
802.0211477
900.8569768
798.0336862
859.0717465
702.5479243
426.0077353
516.4747719
718.5773791
659.0340018
589.8925501
447.9126498
315.61436
303.3049879
385.6294041
311.557923
324.061733
329.301319
197.7017225
172.5952204
237.0605124
300.4081949
209.2284123
200.3144072
156.9035514
119.9108339
155.1163291
216.4604627
153.7599245
132.1041239
137.5369141
136.977367
253.243673
181.4658464
278.0385293
220.4260405
285.5140925
245.3685226
278.2645745
318.7646899
274.0299932
336.2589479
268.0653353
654.4536243
519.9530469
677.6280344
786.4092823
639.148642
638.0784994
579.6095637
483.0193909
653.8562257
572.8068293
487.4872598
410.425314
364.5700077
437.1973118
377.542228
404.9710076
319.9444656
389.2220583
285.2141193
241.665093
244.3062545
245.3956335
237.6165931
185.5132931
270.303145
195.1006833
179.3286686
195.8218835
177.4805135
199.3713436
180.4575813
189.58116
169.1098952
177.0105473
165.3925976
413.9768044
302.1881063
352.1644621
431.6688364
311.64392
472.9025024
629.0789512
706.4695909
632.2036293
546.6091904
814.0234332
775.6835383
820.6929005
574.4700156
525.2359787
549.6245439
554.6273111
451.879874
437.0194416
368.1481641
412.351583
400.7632279
340.3615406
312.2547385
343.2462748
304.1654637
330.6691514
342.7385283
266.1816462
279.7144305
237.6278647
216.8137484
227.4678241
259.8615721
260.0538827
284.9819156
273.7065269
316.4266688
311.6358994
172.0011589
177.4894364
346.3144149
181.994827
196.8775672
382.98481
447.5139837
348.3849706
584.0853206
486.6040665
518.9920544
575.9414247
625.2389954
763.8964109
737.7924825
669.4826591
709.4657909
698.6205278
514.2302372
469.7613871
457.5979555
517.4008954
569.8718596
403.5741645
446.5572074
415.4334114
425.6489362
426.3052861
436.6018709
412.09496
433.4083228
388.4076078
383.8277786
354.6045672
305.8483124
269.5165113
238.8438665
226.5751712
190.7644718
202.5341535
247.8642592
174.2296796
190.6521009
273.023049
217.2774187
175.1772213
338.3184721
346.4714052
339.9508918
277.8450558
494.3366292
377.4652956
410.3469723
451.5447056
685.6121193
512.7121746
395.5937038
551.9682166
619.576703
579.3028746
559.0301513
561.0567699
545.6345485
554.1461988
564.1538242
533.2654602
560.1916478
479.8761554
425.6798843
360.438444
326.6677953
380.8852485
331.8827888
327.3323378
326.6411929
311.9105206
334.6022716
366.543635
290.453001
245.5022863
270.6936374
342.7905513
293.3822938
267.5839508
356.5032395
179.5843271
175.2022956
181.0196077
169.8084827
230.7464472
327.2504918
292.0571345
423.4152033
403.8193031
455.8905804
623.8346275
506.3084891
461.7521279
409.0969629
400.0339637
457.3506133
491.7835715
460.5163105
386.6309405
423.5488896
427.8397918
387.7858668
347.1341776
407.548194
304.7143336
269.5716247
375.4333929
340.7595451
328.413189
302.7410511
322.4328738
368.8848619
398.6281249
352.9546406
384.3293559
334.4283899
290.8993222
318.0401816
314.7319152
327.1390044
165.3482704
166.4008835
290.89091
192.9118223
186.0557352
179.7102239
364.974512
306.229274
232.3778565
392.4423062
456.6412591
426.8837203
481.1954039
412.1737679
401.7365297
407.0935201
476.515496
564.8364972
513.5266681
473.6777344
451.4388423
373.550559
442.2154968
408.4450357
393.9065159
337.0450261
398.448228
405.8348008
353.4669361
395.9954035
436.2239699
415.5908384
444.7592545
362.0460456
390.5115203
294.0903353
302.5375616
329.5584502
318.5827237
337.9368598
323.8226488
220.5896601
351.4636623
353.0256595
161.956569
160.1388312
216.9301879
256.5616897
293.6169842
334.4351356
243.9829665
340.4745101
386.8129959
377.0006464
459.8125665
464.4048719
483.6997177
496.2845369
512.1425922
639.046304
576.4348213
517.5959597
480.0462389
408.7118594
441.0760777
427.5429551
448.1956491
371.5338124
423.6158137
494.3631067
496.6650106
417.329775
466.7001675
510.5908643
462.0853551
375.0347954
358.4301529
367.8336492
292.9986012
318.9326577
357.1283178
322.7348632
322.0880303
208.2052508
203.9133023
214.3354796
273.2727581
317.779851
329.2057792
307.2081711
221.1569145
397.7037384
407.9362019
396.5794263
326.2107156
306.7270095
427.8323547
476.4277922
479.6707417
420.8545464
359.9143723
472.653871
478.7611773
475.1105516
442.4047109
368.2400939
349.6817212
410.368276
453.1757964
504.8470259
500.9262634
504.3606783
450.7853921
429.3595593
499.8988413
531.6301899
476.3924409
390.490774
379.0058689
345.459727
294.9860236
377.9991835
300.3204827
182.804852
170.387638
174.5225491
163.2611822
280.1793845
464.3691787
226.2762222
274.9442473
301.9107555
364.3029666
442.5695898
275.8919033
295.3913939
350.0772731
421.6861149
412.5156991
403.5736218
475.9980992
417.7235796
508.5973545
603.7400077
585.6399141
510.6272072
364.3410626
388.0000241
412.1240455
394.1641395
515.7114085
480.7460961
491.9315512
482.4752458
466.1632794
447.4995356
510.319208
474.3655468
418.9039799
400.3129307
347.4625303
345.916083
171.599075
180.4565742
174.3086467
182.3091752
292.1520542
236.6943491
331.8594541
333.5809908
273.3466137
389.8700902
393.6903037
363.957583
335.9986758
413.1241609
486.0561878
431.3116028
377.0395708
436.5787167
405.6184216
413.1898079
424.9397735
443.0635889
442.147726
420.5974938
334.3587731
354.6761911
350.0309741
359.0226615
372.0776412
401.52045
384.7683542
362.645626
364.3110318
431.5491236
431.4528587
409.4475214
346.0199649
351.4224576
318.6774118
160.5429834
169.4336088
157.3078609
188.8141752
398.4180636
364.9851486
262.3993273
279.8740965
291.8961006
317.3336121
361.689166
354.4975499
371.1723636
289.0677718
461.4683092
462.3517068
435.9034751
523.102731
462.2473323
528.578772
451.4826661
460.1735631
487.6751761
422.3516014
399.5704793
437.6332878
385.396744
361.1712114
355.5962602
381.3200789
323.3367368
356.9906074
356.0000999
339.8249617
357.5698804
314.2367387
361.0805267
383.4659779
375.0306472
145.8334355
159.9211139
159.5278897
194.6324548
424.1198964
205.7948071
315.441836
261.5469966
291.6073486
435.5881655
385.8942684
340.628285
317.9272881
379.4926024
351.0671166
282.3917621
372.7675248
405.7763584
396.1455592
356.5084762
360.1430252
372.8140575
366.5266061
352.5552133
347.6088018
383.5878361
334.4503289
295.2618189
308.4551659
313.6949248
312.4495879
366.4600555
355.1848987
324.6826511
383.3617758
400.8774197
401.1435374
436.7679884
214.1496427
172.3674477
182.1095104
218.9193105
162.09001
149.6004562
142.3852773
176.861114
292.6855255
228.2994428
342.9385813
315.7191445
309.3872008
294.9231572
340.606067
275.2088228
440.7252879
398.0435444
364.0416091
372.0287696
250.9353796
253.4372696
350.5862848
377.2888479
408.7263972
399.7182088
394.0786193
411.5554824
300.1992363
310.5430763
249.3047213
284.7257566
334.0960646
383.9934866
360.1486683
310.0595616
405.3961162
433.84232
171.4068485
196.229454
194.6096568
250.2009459
209.5131069
206.5028132
230.5362184
379.438989
236.9061424
223.0593085
370.9510673
259.9502215
308.1740145
320.6555831
354.2817964
365.2591233
283.2403671
374.0924929
401.1740529
363.2841597
271.875376
281.2874823
361.9437694
382.6773304
396.001173
442.1601729
474.4505027
461.0929871
449.6380132
477.4669136
465.6990451
398.6721106
369.8359264
396.6839096
409.0930792
423.6116345
411.9460497
217.0656338
263.7489748
234.6948987
231.2751296
235.7688746
237.8867135
439.6801182
236.5315573
186.1580101
344.2365694
360.6085125
349.8826931
296.2278018
313.5722331
344.5231021
398.9080765
397.573966
350.8937385
371.0555857
384.779315
296.5897119
343.4033097
289.6679464
359.8541631
308.9757751
332.3994611
338.4299479
379.2795526
341.4918701
408.670018
418.2003513
389.3930393
387.5870347
418.5173264
470.6734217
464.64355
152.3925942
203.952035
237.8264905
158.7762967
168.8990722
173.2019614
253.0142061
210.2493877
160.432207
326.9653098
244.9052897
280.8165019
194.7161249
208.6195556
200.2898132
251.7893841
260.4037585
231.2793699
251.1379823
301.9761072
282.0833424
251.7689726
258.8512619
298.394678
342.1052984
361.4878775
332.1259391
336.9131089
397.4731599
414.2465126
452.2906594
442.5685872
354.0281255
375.1088235
395.3613432
206.9435638
265.4918987
261.7702141
216.0277538
218.0576288
214.2308363
182.1025984
199.3614415
216.1825259
254.1972368
400.3252006
243.2279657
246.98712
213.887511
243.0373462
193.6382562
249.7395321
293.8632842
253.6795444
253.086583
341.6325281
321.6019894
323.1359632
322.3915949
381.3890294
405.1101471
360.3553066
339.2333174
326.6773084
314.8918622
342.0079123
327.8507224
338.3794252
348.77716
395.8860987
566.7719794
203.6083879
207.1742107
202.5085765
210.9754649
169.7995071
159.9793272
193.6910162
260.2754501
257.4593817
337.5407593
224.1764858
258.428218
241.1827244
273.856721
264.1480607
385.064603
389.2433211
339.1384006
313.4383681
313.7337119
341.5958663
305.8998756
332.9302682
326.3571229
388.5276112
321.9745942
277.0351663
334.3887914
363.4861081
397.6245495
409.327304
343.0711917
354.2853452
257.8152472
174.7838907
196.8517015
206.969394
286.9027361
299.0412089
288.6125268
314.904827
224.9917355
312.3416275
336.799299
295.9710243
288.7237753
245.8538726
293.5114229
339.7887619
272.865365
314.7775429
295.0795281
271.6476403
274.6633041
331.9985972
286.7117953
305.6553145
277.2313157
349.331204
362.1296941
279.4061846
279.3043118
303.5488675
279.2105382
251.7310821
264.6891128
222.126601
177.5338643
182.6492788
172.1105884
230.2909808
223.4821142
302.4463802
273.6567064
185.9473381
227.1399691
346.0090128
198.8356269
175.7969587
163.2737071
209.047281
219.7782161
261.5679255
316.1901065
310.2392774
261.0093945
318.9191651
327.725552
281.7204833
326.2824967
359.9120784
346.9511971
325.3487848
356.0985795
335.6961922
372.4767111
370.0206918
325.8802943
192.7012683
178.954686
187.6987572
277.4854717
211.6650072
291.1926877
274.9536197
226.6881336
269.100015
210.6662984
240.9337106
213.9477553
187.5056981
270.9618297
218.1778336
322.8404924
314.4772765
279.7321063
295.6600484
239.0984489
261.0173883
224.3587967
266.6775352
258.5175243
273.2674727
281.8248489
264.8542572
281.4223607
320.1515603
390.7684887
164.4475038
161.451275
164.1542854
274.9435713
201.6894549
220.8828501
200.4041099
234.1560528
381.7532603
293.4172464
281.9574728
281.9436338
399.5045721
392.2432729
391.8711711
457.3431362
329.9497763
283.3346987
346.6541804
334.0347779
280.550971
304.0528281
338.9347956
405.5051236
336.557284
326.0767029
288.5050972
241.0900989
269.1896956
230.0445463
192.9727954
194.3086317
231.3627192
220.8653968
213.7907027
216.1872156
217.3629971
266.7761109
238.6562981
204.1668332
214.6353543
344.088863
247.2456323
269.3001821
302.0418279
260.7672922
256.4752386
269.3345959
246.7815552
267.1280692
277.9596405
255.1849182
298.4550991
259.7481153
287.4267385
281.7761982
311.0206084
184.5836734
165.237498
204.0084653
191.6592153
174.5046228
233.4771915
230.8628569
272.9511954
296.8070088
245.8536223
233.0609868
277.1506565
273.0808018
277.7025823
290.4043682
237.7578369
245.9543259
293.8046846
350.7844747
353.223926
307.859721
363.5170908
363.2978663
339.529664
345.1212835
334.8671485
195.7156442
200.3724874
243.9746505
219.6213558
243.1734165
289.3454862
344.0477329
321.0931225
224.277285
197.5217107
255.2556259
199.1887877
247.6839471
316.6458347
307.5502125
300.5073835
257.621101
268.9534557
240.9759736
241.3720675
210.0612696
244.9277971
222.9495863
218.3380402
220.0670311
242.5988667
202.6574085
218.7634247
260.2219017
375.9051059
289.8474903
240.5852078
280.309305
254.0819933
172.632434
219.7023959
186.5080216
190.2080472
271.0136984
263.0860428
368.4163543
315.6281291
339.7424977
273.8482819
270.296344
268.7897059
193.5384874
231.1670272
243.7265942
174.2690256
196.0896946
257.3947032
257.1805346
211.6994192
222.3833897
216.007168
179.2109674
215.0149431
142.6861358
200.5889406
179.9771234
186.8042014
301.4535581
308.5075171
217.4485035
389.3035598
314.3108138
503.1736155
673.269592
946.128283
783.6540101
1058.168998
1111.779124
1617.550426
831.3762591
1882.666899
1188.994381
2247.712877
0
0.007957225744
98.03972136
98.13517828
119.8227551
151.0342146
124.5590003
181.1171722
103.6009095
112.8335104
109.2910221
109.6983611
124.9717665
105.2571447
114.384824
164.8613267
150.7807045
194.3420573
186.1512951
178.0096311
198.6423019
182.4322359
291.2668803
299.410217
307.1116778
441.4663848
479.8082434
771.3592268
989.1195101
660.2778998
1426.412311
851.5520353
1630.718166
1649.930936
1647.06696
3954.065295
0
0.006784608311
79.91428797
62.94458558
112.4740129
154.8099034
134.3455456
90.24647315
69.82204234
76.63211743
86.62627144
105.2911918
105.8507579
120.2162173
120.7098072
119.4802804
152.1457632
175.0976909
339.1223367
179.3677653
171.2192366
169.1045303
382.4365535
415.2754527
351.0936815
541.0694635
574.6456788
898.4038938
990.2927225
1020.783896
1003.262146
1237.908289
1483.787411
1700.857206
1516.100846
1514.180627
866.5189135
0
50.03857317
65.20716141
90.74459824
105.2476829
119.1591554
109.8496684
99.61867216
142.9321342
130.6046437
142.4235079
88.7386487
84.34078414
123.9291407
141.1163597
104.5133947
112.1414377
185.7876285
171.0388907
174.9099654
193.109951
261.7641885
292.6843795
420.5112116
366.5016579
448.7532587
660.4285203
669.751154
968.2460836
847.1073773
695.965442
1375.451289
1529.630622
713.892354
1197.080982
1240.225131
1358.851869
1776.349513
2309.627224
32.87026817
155.1363054
146.7412989
162.8887172
165.9458488
134.1458573
81.46305028
88.69630258
85.12324445
176.6230152
181.5870766
144.1723978
136.3851031
113.0903147
128.4137848
145.2234043
172.3688695
187.1948421
211.5069019
351.8805929
167.1825058
327.5456404
425.3160851
420.7423687
416.5065629
581.4788143
568.1491295
543.9196158
714.4809888
832.0112201
1209.415952
777.4545415
899.4989207
1105.613536
1129.730089
926.8739603
871.6419984
793.9452656
743.3402342
915.0931795
574.2472071
651.2878887
663.8061866
189.7786469
272.7222541
187.8323667
180.8740663
216.5481945
185.8519436
153.4566434
148.2741848
135.0797213
132.1139308
158.1322133
228.714176
180.030769
105.9311976
91.92955008
72.02813343
85.12147138
189.8162935
182.1249066
185.4553491
192.9451477
429.8288651
281.3011912
388.5245483
482.4049778
465.9525941
657.5214591
780.99836
867.6563096
922.2310478
905.312216
929.0415509
748.0584313
877.7837783
998.6871328
1189.060484
659.9639589
1121.227572
797.4663808
1320.128632
486.2977456
380.5809257
663.3202007
204.3483184
332.5709394
249.0468635
203.8449279
185.8771734
142.5167565
202.8107702
95.16353398
107.9755186
136.8924161
156.9796889
94.61625886
127.4073613
125.2598703
125.8993255
111.6419421
132.866947
154.6203511
188.70029
206.5953822
195.29203
195.2700382
269.4012689
339.7665694
536.6860461
374.8485857
726.294131
475.0051541
562.0591073
657.6344831
453.8755111
699.9307076
642.565946
685.0979662
615.1623418
652.7010019
634.7810686
620.7521316
667.0638753
649.2852557
606.9785542
406.0048934
372.667178
348.9509244
321.9071028
267.9765422
263.9997648
243.2653121
216.3019515
194.3915343
225.6072539
163.1961985
122.0210951
138.4040077
184.0259511
203.9071187
240.0762061
188.6494004
175.4489002
178.4001343
217.6730075
192.1893272
173.0290632
306.889412
265.176202
390.6998805
419.72536
392.3414574
345.1235688
585.2182204
533.9866065
459.9831234
533.4193298
750.3727673
751.6014741
629.397883
620.4374708
698.3169442
539.318155
576.6313737
610.0404129
732.2457655
701.813548
676.4228807
624.5565633
596.6633821
579.0827456
470.9883191
365.6324245
273.6571321
296.2747208
299.2309999
262.7218341
235.367332
243.1187002
245.4772161
240.0141847
231.4067803
195.8522608
174.0697357
155.3105776
150.8319291
175.716602
167.1586077
171.9913642
166.9839272
182.7869729
278.8947692
323.9552982
257.7979714
289.6947858
460.5239481
520.6488369
521.3096992
626.7252272
822.8493041
682.6640804
751.6473841
536.2912935
820.8473866
690.0812206
594.8502006
521.9988396
674.6810756
570.3360774
415.5269582
409.9555643
448.8537262
403.7266055
385.7180526
299.4121106
436.0882983
308.9921809
350.7248343
356.1911066
278.4741222
287.6143046
284.9263141
327.7499274
267.9103668
283.7334627
365.8763613
303.2081909
287.6147121
272.1053585
174.2371933
173.1815684
226.8984971
155.9556878
161.7966882
165.5131817
325.6184285
259.090628
506.7649118
488.8183407
586.5216305
546.7884593
611.830491
670.8009376
603.882522
734.760197
663.7673624
739.7367363
694.1142638
668.6989519
632.1817796
578.169751
474.0183877
519.1020915
438.5646495
453.7973096
470.5310858
451.4086417
390.5485078
364.8415882
323.1426907
279.0313331
283.8228871
238.8374215
221.8763056
238.0850366
216.2376109
172.0718841
170.56863
198.3796115
224.5905219
266.2468378
153.8371049
186.7424642
304.9055739
267.4211851
191.6397792
188.3405453
444.1296697
458.2189218
511.465574
659.198065
496.0096747
687.6634206
438.3714731
525.3972299
605.2761254
480.0964314
569.864558
519.6772237
596.6589648
569.4391909
570.8880475
597.5224132
501.1961532
379.5230106
364.5540222
326.0660614
360.7687652
434.6003287
409.4493485
355.6123855
333.0091826
332.4290584
415.5223451
414.7722849
434.425516
405.6832215
372.3278462
349.6079709
371.2960809
317.0197091
275.9739267
294.3908459
229.672882
193.3042861
190.7829553
188.6752369
171.5726093
277.9861101
165.1892003
415.222443
215.0114926
406.7419124
325.6355303
496.7492337
513.4738939
444.8802185
711.3557199
597.4299693
581.7937776
513.77898
524.6807336
516.2091642
575.2910611
531.4539669
615.9371093
539.7688893
470.5327449
496.95562
476.634278
453.7326144
391.4081577
384.97699
445.6377525
417.3248989
329.627243
293.193437
312.8040357
357.5981446
418.6050165
394.309591
402.8955759
355.7961271
338.6876642
317.9959812
184.6496185
199.4668819
194.6178753
193.2029331
319.2447716
271.4885396
292.9961715
396.567351
437.4377099
448.5089629
446.9090414
455.6644765
410.8107072
449.3140545
557.6046571
466.5372424
624.9235988
525.1834978
509.4811216
492.9924921
509.525647
583.7523139
584.2315853
462.0693703
401.5664541
446.5578936
419.0155997
485.3114802
436.7519252
368.6336919
342.8957372
323.828591
301.4241872
317.0158849
354.2881305
386.0484042
423.037493
369.7578591
353.2576462
341.6180462
232.8925793
235.0287534
189.1874309
194.9443986
206.5146333
202.1476932
202.2289694
207.4243002
292.9223929
302.491956
388.8482224
374.9437952
444.4476198
414.1145076
401.3203802
532.493844
441.8899045
436.864625
517.4831025
441.1987116
452.8412687
483.2993307
545.6616522
526.128981
407.3183988
454.6858523
429.6288701
412.944034
330.5945615
367.6468373
449.2968784
500.421845
455.2788494
365.141335
325.838276
308.3193427
284.6821828
301.1177936
330.5167386
347.8087877
319.3446216
324.9390777
157.5360678
303.5257822
132.1646949
144.4382982
154.7942094
206.3007464
347.7931138
214.0037063
337.4268337
351.2490216
404.2628498
395.995306
496.1451766
394.2866828
450.7084629
458.1731453
551.9255282
493.2798572
466.4147342
514.5329528
516.6307312
539.366873
531.0951182
469.7968452
499.8516427
508.9110881
505.2687076
572.0150478
557.3924629
435.7828794
399.6029142
380.9816425
444.6472603
495.4472531
418.9016966
405.9568822
337.4161497
281.0997495
270.5698293
249.8324341
148.2369976
211.8386738
241.1008931
225.046242
195.1791401
315.5727757
312.4287522
188.1394308
210.5264275
341.0776878
421.0814494
449.5817671
500.2485122
465.0328632
450.9346738
487.784561
459.5196735
389.9466578
475.684435
452.4004303
505.2284399
457.8961002
470.0648551
525.9956028
473.9935765
425.8702413
416.3968702
403.7367855
416.1490289
454.0500706
509.4141738
493.4945047
474.4379972
465.2264629
465.3560965
448.9021
444.3091631
409.4173376
348.5701795
322.9139891
197.2173257
200.2353411
189.8103256
187.8843353
201.0147416
221.7785492
329.9782908
273.0366687
261.0888426
353.5949438
421.8306525
379.7547512
304.7532124
418.2510613
434.662304
409.5379553
595.7641672
478.9252421
351.5763707
348.1946238
376.2926713
377.3532635
342.0353582
387.9129881
424.7800151
370.1971882
337.9192383
348.2137668
307.6480101
360.4058473
429.6975958
404.7293743
419.5852666
362.8039007
373.3134409
411.5171435
429.4788709
397.314671
404.8185691
420.9387217
160.2066664
183.6119488
190.7714406
171.5805093
158.02429
263.7553334
251.5110163
288.6761044
334.2338943
288.2345792
268.2044969
216.8642183
207.9898946
283.9328842
334.5931553
340.8977179
341.8426782
317.864735
319.9186209
423.7402511
452.3670785
413.0282087
339.863118
371.2692271
364.9752476
362.2506148
383.8299529
381.8342682
322.6845349
314.3449347
393.2727231
380.3914957
393.3766173
303.9981259
341.5037757
402.4740423
403.1639524
359.4746638
352.0107419
187.8772009
188.8816215
176.7113143
179.2451434
218.4587891
271.5269892
207.7601424
242.107393
366.8439176
453.8906065
244.7858289
286.5924644
337.3153652
368.0782108
425.4734954
367.5881962
432.0924267
349.2564802
403.9640875
436.0190714
444.4896451
411.7615532
429.075583
344.1921805
322.8026592
328.8220462
333.8760139
362.0768592
391.5119736
366.6256183
381.4274198
393.8925466
391.3395989
423.6754618
400.5584169
378.849352
379.8719638
411.3431534
424.2330357
178.2773415
199.8346547
234.0922771
174.1103526
347.692241
176.3963627
209.0791748
393.3471871
391.3738641
321.4021714
310.2567946
323.1186277
288.8153811
300.8380758
440.0193903
416.4424997
302.8850264
318.6891045
302.9085288
364.5542724
421.5566378
427.0388243
460.1305735
438.2007022
403.6909671
400.5459035
393.1867678
450.8800696
438.8074676
443.8667073
469.8488758
442.2804691
443.6360713
480.0796406
495.2406408
405.5295568
341.2772076
265.0916706
162.5500903
201.4724172
433.3083128
283.9530192
266.1653528
198.7431106
367.1494786
277.2293991
240.0936499
300.7591757
318.8819388
312.5444632
319.8865676
295.3893312
361.9618055
346.1866795
449.3660762
459.422279
344.1486348
346.7710062
436.315288
412.6238272
397.7560226
407.1799301
375.8977586
370.8790256
348.4244692
370.6808598
351.0984484
338.0422806
319.2252311
343.8014987
346.2831771
338.2318538
399.5825419
333.4313615
334.3777023
226.2084252
188.2556566
263.0951842
154.8496016
222.2660889
251.1729382
318.8536185
314.5395327
198.8076444
212.3784432
155.2772329
260.5791509
326.5488621
354.3300659
283.7905045
279.3824572
329.3366923
367.0808574
388.2943052
341.7765816
365.3533972
354.45514
298.7240816
287.1313266
284.5796539
306.3449752
296.0360947
402.5483658
388.7086696
364.7773473
374.694469
381.1396506
380.6390166
385.7227163
384.1122426
346.8024205
344.4185725
189.9401688
181.0103801
158.09709
162.0184031
298.3930436
215.3970707
299.1210366
222.7639287
202.7046914
233.5674876
243.4397137
313.3294053
347.5885029
382.9322757
342.0345793
356.2791112
385.1229122
383.8158572
334.5159171
273.2448409
269.5482594
279.6960469
362.112947
331.4755207
330.9221869
365.6708751
417.4135493
390.8703204
381.1061988
414.0287396
392.8925018
352.4123311
346.4736829
301.6390747
269.3458017
260.9803486
191.7228004
183.2878372
181.6732842
180.2006609
277.1546253
263.0409963
228.8929723
199.7477123
206.0996248
265.370162
278.610088
327.9329744
245.4917238
320.8577871
282.1987728
268.4982466
398.1204023
380.9033959
300.7048373
313.0189449
294.7110351
346.2606595
334.526468
405.3404854
396.717101
350.6444774
326.5530729
317.6197318
338.2961265
318.5185545
368.2899101
421.4670917
443.8035048
372.8623294
351.0203535
198.9089104
206.5487009
169.7373986
180.6204496
285.1088149
318.6839236
301.6745796
242.2062145
174.4095774
265.6105071
290.5314783
264.4917638
228.093381
288.8298144
248.3371943
219.5768069
325.1823874
347.9408721
266.626498
308.5970591
348.9096491
323.7265915
255.7789849
242.5996548
285.2935489
299.0523825
324.7923358
273.9127604
269.7975595
310.4444258
377.5205925
430.7130383
459.3095578
394.0519314
186.7027133
250.7121118
198.7923868
221.0418249
313.5777697
229.2936695
216.6121309
185.8161916
264.7471334
254.6440021
294.3589945
205.4573448
230.8867154
288.0346524
301.7224973
165.6885782
219.1891239
261.3701127
232.3684374
263.6654119
284.0817024
344.903559
316.9758995
328.5655825
384.844056
328.0473982
278.4243235
200.9053782
212.8959417
223.5063989
294.7572915
360.7885213
388.5285465
215.784913
248.1490103
184.5201269
205.6047122
265.5044241
236.5196643
180.765619
212.2465323
347.7741704
307.7030525
337.0033747
299.6600712
263.9772306
254.0202487
284.519291
417.3980672
319.3792833
308.4491697
250.9585844
353.4158899
242.2578773
315.0438402
306.4631571
321.7155313
306.4951046
307.6245398
267.432469
247.7902551
224.1762984
250.9906444
246.1199395
308.2386657
261.2339798
258.4909445
201.9298048
202.4776005
210.7713888
229.6879539
221.9773035
252.706556
318.061652
238.9241027
353.5227059
245.3548586
242.3363803
235.5785208
263.2007214
253.1913675
193.9828243
218.699803
194.4006782
226.7064161
221.8883543
247.8524025
255.2081379
270.2410688
290.8231978
360.8024747
369.3845754
387.47713
341.9757479
288.3966106
248.2500818
181.1330992
177.687084
191.2073209
240.1535618
215.1196286
193.9820663
188.1506637
254.4675925
296.4064788
275.9032946
262.4385278
226.5551572
212.2094804
213.7023557
248.1472607
259.4464631
309.7687162
355.6722018
356.6379096
246.2741908
299.3780195
275.4852393
287.7838316
282.4588473
291.5494597
287.4596369
331.7663013
349.3787952
344.5272471
413.9005017
194.2148528
154.3829567
221.2428383
206.1093888
127.8426875
184.0590642
186.08289
263.1889355
214.4684555
249.3280946
266.8641362
244.6856677
211.9796004
179.0365561
177.2036094
234.8600145
212.8372947
218.2363278
251.8788254
253.6896388
270.308657
264.5794903
288.135305
254.3070288
290.8175957
340.762598
364.7788301
329.7567844
352.8704832
180.0465115
182.3815803
186.6881326
181.2848448
231.643093
206.2601281
252.871721
296.4948298
247.3342728
265.7967173
242.5035085
245.5527086
182.1449125
220.4404269
296.9559105
239.2382377
203.4747751
214.8532696
213.6854546
201.0575194
158.2810262
219.1908491
229.4705888
222.2275669
236.9913911
247.0275426
203.9012481
227.2128319
200.192321
197.4482349
206.6810677
242.1109948
306.6018926
257.8172587
333.9286243
241.606828
227.1468961
293.0505159
386.6415771
276.8333623
283.0818884
325.5654738
268.1415897
241.1357521
301.4805723
292.8606379
226.2753187
260.5061445
279.9208783
320.5779723
296.5502793
338.5149512
408.8228444
330.8269106
168.2480949
189.082513
213.8460464
250.5276437
246.2054406
182.6432203
226.690372
193.2536118
242.4052715
284.8927845
271.2707648
227.0995193
266.350847
273.2780402
223.1173596
304.8890099
284.7798603
224.3693418
237.4414879
235.0363292
271.0265962
223.6930275
232.4723321
316.2497323
152.7775731
203.3478609
252.0294967
257.8792222
286.0168105
177.0236686
211.9691323
227.1018217
198.883631
232.2563333
243.4374687
292.6321609
268.4348977
340.7380278
279.4804626
258.2545656
254.3168269
278.4468041
364.2009291
239.956215
321.669759
341.1212117
254.8444003
212.1796715
170.2209248
174.7111816
187.9667687
220.9580238
195.6580941
229.9467835
207.9838107
347.2431632
174.3634097
183.6290831
178.7035985
329.8197033
182.7540316
310.9034338
443.3111033
468.2380759
536.3135364
642.6108282
647.7509777
912.1416008
921.8366442
1048.085348
1023.205107
802.4689043
831.0348212
1472.873116
1427.717027
1443.231339
1289.650582
1300.478252
816.7980588
148.8860906
132.1724912
135.4139716
129.7007529
178.8850274
190.5339104
150.1076139
129.9563479
154.2956791
184.3820625
170.2510643
188.4417509
175.9947165
156.7957551
127.8047685
137.1860055
164.5187268
166.5416624
197.4692928
192.1243483
190.5535893
183.2306748
192.5669122
295.6058321
270.4978531
483.4027603
559.1652871
557.6353502
703.032929
780.7825851
698.918638
874.8843945
1093.30088
1246.834365
1195.427935
1239.744591
1181.253569
1621.555439
900.7556001
1198.425043
843.4357392
0
0
265.4178716
262.9641987
235.6323563
253.1666808
239.8110188
205.6367691
169.5914336
165.9773856
150.1961682
157.6430303
171.4940627
176.6441431
170.869348
97.30078418
71.91311534
70.28869774
179.414923
164.245344
178.5232366
190.8844819
224.6719928
464.512648
254.4120319
288.0950821
524.1044515
610.3888758
801.229475
728.8867788
812.1401608
913.3922464
1076.820689
924.6245555
1748.33021
1350.046792
1157.29868
974.5345347
1384.775389
1331.711119
1320.894348
508.128655
178.7282333
36.40373245
167.2799179
266.6422824
238.5982613
206.6228927
163.7247491
112.6536524
141.1199322
134.9482092
97.60355832
82.64230667
70.75502533
61.50947387
75.63835519
128.379805
127.0555367
124.5222097
99.64547266
180.3127468
189.0658547
197.6746477
195.6090227
178.7047107
195.703298
396.6582601
304.2912073
578.9053412
649.3103469
616.3931157
767.92869
674.1881595
875.8108283
982.8740887
985.4153254
871.9013326
1167.406615
925.5468515
927.8764039
1065.465946
896.3835489
983.9082396
666.4936091
422.8965505
319.1825148
171.635491
271.3310962
287.5909061
202.186409
151.3578357
175.4303201
196.2230922
168.7972724
164.1272599
121.0688015
132.1270709
217.9115219
175.667533
130.944144
146.1739205
172.4150012
153.8219122
165.0516613
174.4031439
392.1196689
228.1711889
310.8685867
331.9582318
343.7056558
340.6112878
394.7172428
361.2371561
365.4860637
711.21592
695.8794449
698.1455002
777.9255959
780.1161991
767.0332612
821.1608064
965.5799921
900.0327361
1064.186551
862.9814402
856.2457583
930.3803164
249.2756954
407.6200031
399.2352181
398.6092747
201.253461
168.8783789
188.9380419
202.4364072
142.8996249
169.0528206
179.1539871
196.2898352
177.0984909
133.8054879
196.2705167
186.5937781
152.2336406
155.6909632
150.4485639
190.4638583
189.747765
252.6292704
388.3185369
184.514584
218.8897893
196.1352754
282.3803716
430.1744123
407.3608413
485.7135938
571.6030447
734.9174477
655.8873618
612.1258854
713.59916
778.3261246
709.1682824
704.9123086
927.6708236
676.7203403
663.8934022
683.8600197
563.3589478
482.6991439
469.896078
487.8555336
354.2126067
318.3761135
270.2803256
263.6620964
209.242618
163.6986562
140.7920409
168.5243177
131.5077824
134.5815196
186.5867603
170.4473069
191.3685948
261.0252097
264.9345375
219.0468747
221.8486747
182.4305007
181.12375
194.0152949
225.3119148
203.439838
231.658505
303.1395553
466.9838154
455.4770667
504.960163
646.2645501
673.1126056
515.3667414
630.6560067
655.8230595
615.3558901
672.7493272
592.5964409
720.9667635
728.1763038
643.0622684
589.8669572
497.2232137
426.1960849
556.4921222
481.7045919
459.1309591
438.8756206
434.383366
350.9250001
317.9400978
365.8193638
297.4785439
317.0557664
260.0059866
240.3935536
212.8714945
224.2568707
237.7244116
232.4271245
194.5058203
243.6574029
185.5957842
195.3324814
299.5348301
168.89411
296.0333309
379.4953635
303.5559974
295.4985703
511.5502674
357.3335166
433.5223162
602.2168112
599.3959718
728.5034279
770.850677
659.3345734
736.1903566
632.7828421
641.9844944
620.303197
584.8279765
588.9806791
655.9652892
520.1059223
443.1461848
484.6523347
433.2004395
389.2977021
385.3146213
440.1003246
358.1615479
299.0002377
304.0750202
294.46376
290.2037113
288.7738776
284.9418022
217.5223974
233.1438367
220.6072778
192.2454477
197.7820738
176.8009222
180.9368582
172.1046755
171.5534711
352.6060234
386.4524784
368.6957491
487.2609128
492.7850798
480.7077302
426.4548933
617.8666699
604.2639523
666.6596828
876.0815584
680.3973175
628.6368389
711.9656018
656.835211
612.0715963
622.4121973
498.7276846
508.4182974
497.1715312
442.1263065
474.9030624
432.7933791
379.3246148
315.867532
286.6704502
349.8142922
357.0943126
311.2847783
320.9219461
262.495966
233.5189929
277.8201365
313.1248797
272.0797633
251.0347143
244.2991837
261.1678947
179.2901423
201.429205
207.2220426
221.433462
230.6826071
301.104735
290.5313652
252.617579
339.675742
437.771188
366.4647583
329.6886446
499.2228722
519.4749488
506.8044743
503.39943
611.6520332
564.1533624
570.0126635
637.1452105
703.5576301
696.6145385
566.7165734
563.9597739
527.1374997
399.5069964
405.0112504
420.0205417
434.2893828
373.7250433
384.7731334
371.3714001
333.9117541
233.0876566
244.6021707
256.4849194
200.6207233
195.2238583
246.2796134
263.2323688
236.902586
276.2171713
242.206278
179.5870711
169.0809973
211.9498818
272.5350434
210.7885205
335.0530342
417.2168606
359.721456
512.8998944
413.2812203
463.7725627
442.5600822
521.1638606
576.1689442
398.6663769
612.4741611
646.8728776
499.2387085
464.7250279
462.9748994
461.6846699
553.8006732
528.6504703
515.9903349
483.6765284
429.46328
398.1046608
365.0214749
370.4840123
362.3471186
344.132361
358.449228
425.7534993
411.5759034
397.5468536
365.2253606
353.3801281
284.8918272
282.7151801
347.4233253
310.3918454
173.925338
173.2181484
159.5404498
212.4515293
177.9275692
265.8971694
438.7517431
282.5587011
425.917132
445.192447
526.5732644
447.3376642
384.582459
531.9255338
481.5962384
477.1829451
553.0461666
435.0251697
470.9465219
459.8063224
504.2210149
511.6996018
533.2765337
503.3603993
494.3295996
459.9313226
372.3490791
320.9939815
310.24595
323.4296723
338.3173335
341.1082749
301.7380386
314.1515985
267.6465371
222.5876977
246.307071
210.5532303
284.2454594
285.5365176
285.4982769
150.0669334
160.0424834
263.735959
173.0246179
314.4992563
197.4806344
373.9033916
185.6780083
198.2857688
458.9705332
463.225703
410.3866282
422.2852002
571.3270152
410.5460208
428.7454221
512.9530226
510.0878107
471.7303163
439.2105641
433.7232937
430.3803472
469.8021574
408.3147365
367.0510071
356.6066309
418.9321863
415.6966476
449.9309766
388.5213193
403.5915851
366.9485613
395.610829
366.2547279
343.0658145
419.5917794
475.7724302
481.7695341
389.2798824
444.6453555
401.6336615
206.6939595
190.6479018
274.2945003
176.007052
189.0678305
308.7387973
274.7672756
300.5908466
366.1199734
349.6131689
344.9784865
262.1043418
339.5696914
446.9057273
377.4578231
464.7852007
393.1736402
371.2195951
354.4105719
459.762311
427.2403934
443.6661917
420.2208472
450.2029902
456.3410349
429.1526942
406.8645425
384.4667077
366.9785472
335.8378092
367.7252452
391.782589
420.9659065
394.876265
387.9381285
440.9705709
403.185936
367.3291096
378.9588242
393.1047905
394.0754593
153.6865306
256.1620852
188.7547209
192.5165187
300.8308209
230.972479
326.1196559
435.7029838
305.6180713
307.9885493
335.5884113
274.4037777
397.085813
444.0389049
367.9341271
442.7980511
386.8250649
404.6097103
366.0909316
392.0219937
370.2507592
336.5664326
390.8160059
427.3316413
418.8108821
367.5198469
330.2251723
351.2524981
419.8791622
433.9795143
454.5048519
400.5298564
393.1118262
319.2698613
321.2910626
346.112406
320.810373
292.4556332
301.689689
266.0739426
237.9845426
187.4894088
192.1610943
243.5574491
191.9716667
212.3808494
293.2819353
226.2721564
296.2209628
200.4306521
434.2075745
427.3941433
397.3475569
577.9945405
468.8622529
346.9591018
465.095681
446.3550916
441.3440109
548.9540206
505.4578405
527.5149191
469.3839096
477.2493743
523.5893491
438.5415658
388.4726611
376.537436
433.3319988
508.2454318
418.9068666
460.3928326
439.5250652
491.675
444.3825791
418.3606993
444.1344319
401.4805308
398.3369595
391.4903545
169.7167445
181.9208932
180.1454182
169.4364255
173.5155299
221.8308758
236.8661901
219.3382624
288.0418597
341.235482
369.1932836
299.7284635
364.3191814
405.6629121
392.5456266
372.1168567
391.9148288
404.7561416
395.8695255
355.2591198
365.4417337
388.886729
368.0114734
385.3148674
432.6665859
384.6275738
379.9009867
385.4484453
368.1521502
321.9425906
352.8015005
372.0265517
398.0950443
377.4864339
381.2465186
391.2211667
370.1300804
387.0570097
415.2748726
189.5893635
192.9219841
201.0245186
197.6222449
225.3841685
223.3476275
311.5640281
271.0801403
312.9913123
342.177133
389.6444843
395.6724012
376.6683036
304.5829998
419.8530287
506.4012921
501.3272162
427.5992023
410.6959876
361.2196011
347.2535889
342.8272821
376.4511734
378.7356039
460.8046118
398.96722
321.5610943
296.8080295
282.7662576
337.0930149
326.8447657
355.5319894
331.8762671
362.4088796
338.8602351
311.0126615
273.7821579
270.4178435
251.2363516
134.9836539
166.1933039
169.8082089
281.7650793
291.8202588
193.4533557
316.5702918
376.5778948
328.7955102
361.4864435
309.4383136
362.473981
278.1047019
249.9941236
322.5310162
419.985576
363.2973023
376.7321773
346.3348838
371.051055
374.6169063
373.7690755
371.1094479
375.558102
390.8322938
391.1195462
392.8628123
322.3468567
316.486508
263.7178633
302.6626746
323.4232836
349.013673
336.0241679
410.8982906
374.2109319
391.9653533
412.6577207
194.8859063
181.8036879
151.1386469
195.3328548
147.4706644
226.2700803
292.2804816
344.0993762
267.7681172
235.7728988
234.5346132
290.4640253
277.3461008
315.5017966
281.6172506
293.1881881
284.2814615
310.4310682
351.7278734
347.2127978
395.2351926
395.419507
381.1993277
353.6286286
364.5065779
415.5864059
365.9130987
363.7759288
261.3288816
293.0455362
325.876589
339.2919386
355.3241867
328.0131412
337.0287937
365.2058672
362.4462617
407.1189174
234.9504469
216.7432831
363.9140461
223.9540194
193.4900766
166.4256248
314.2692742
284.3992649
259.5195188
272.2036411
350.1089677
244.7783161
213.1783928
274.3388078
326.0326707
350.3326079
303.0833453
303.6919305
311.1287469
281.7769097
250.8117442
285.6577643
288.8772196
404.9435137
388.6880686
334.7005289
320.6633282
346.6186251
367.0484026
350.5217596
344.872308
284.9217346
277.0889579
302.1442191
296.1271481
342.1208721
358.3916764
153.5666746
371.2318941
211.8258058
259.4025609
266.4333346
239.0863228
201.528035
206.4355278
327.571488
304.8603896
298.1803665
279.351126
322.5939068
361.6836088
354.0274736
381.6963804
382.2016573
283.3404984
271.5584551
283.1202899
290.4351903
365.3739508
273.8849785
368.6512947
406.7434858
404.1547749
369.8807481
381.5138082
404.677165
416.0348196
397.4247895
339.3029559
363.6463424
379.9056811
456.3402351
470.9253416
220.6793609
172.217632
287.1053838
241.5211408
187.3156327
194.7794201
267.0029604
337.5163272
189.1499236
247.5917901
271.8802278
270.7824404
269.7355856
311.2558003
284.0019494
268.9118407
260.2028857
325.2879852
365.8787326
333.778892
377.2729351
334.8396558
363.7473057
315.9610483
300.9683904
331.6561287
320.6940631
282.5057464
327.612176
295.4988743
277.1807499
348.9805868
355.7015959
353.0060566
360.8361539
438.7709149
272.3786745
313.5709537
187.2248581
173.2779934
190.0980558
234.8169173
305.5109638
206.1143475
206.3661693
241.2302893
239.213257
221.8435222
234.5532207
274.2292856
273.6523138
271.8773269
300.8718009
278.823876
373.997066
280.2678986
248.3968374
255.2346634
308.5062452
293.6149153
291.3384547
349.956796
406.9542517
358.5409674
336.4404079
377.1351088
370.0448977
387.9734415
397.3449814
353.0894584
361.2117091
151.3695949
170.8269264
179.4774836
191.3554218
279.4951272
216.6046077
189.7240627
239.2878511
278.3734777
248.9042292
312.7123509
267.0308869
247.4099734
294.1585308
322.5593116
326.5766591
369.4694985
308.8697605
307.2703439
305.3346354
341.1954861
343.657021
382.0320456
334.5678018
392.3211744
413.0733271
402.5137286
418.3195261
393.5234076
405.8526358
333.9260524
301.3936998
314.5140587
328.2907825
177.9842993
187.0984021
177.2536803
209.6165763
201.6668944
157.4578969
177.0531705
230.8197873
299.1798084
284.4183049
292.3806932
308.8135113
234.0883436
175.583605
224.917838
241.2136509
283.8719475
230.4879125
252.9579113
245.5921735
251.0295468
212.5492425
214.5419886
172.9925336
207.56653
290.8037114
331.8727487
318.0898392
258.8596385
226.344268
244.5614499
267.4634811
361.6817239
175.2251013
172.1001891
161.9335266
192.0302799
166.9486877
175.1225353
185.883033
216.2278908
225.5313907
276.3762081
347.7192265
322.6623726
289.2500626
222.1854594
297.6811521
258.3586467
314.7891063
290.8411134
338.6787527
235.3444532
240.4463523
207.6350916
297.1948577
272.5287908
262.8613822
301.67344
287.4427895
230.438195
240.3863781
234.3129316
228.9749617
237.645601
183.7696529
194.8786953
307.5166118
231.1593877
181.3658328
187.793297
194.3787921
205.4841316
191.0326509
199.0151339
329.6646586
305.6077728
218.2581511
238.3436064
311.7159764
380.7891919
412.6947673
409.3273997
363.4966984
265.9094235
295.4868501
308.0714854
321.3335132
250.0387729
259.8218236
230.9163826
261.1161405
248.5292129
263.2696761
254.2803728
263.7352423
262.5300103
225.2023937
207.5306925
182.1577404
162.6862111
165.032068
179.848131
179.8079628
189.4550016
266.2291178
369.7302208
306.3956638
231.3676654
273.0540916
239.8376119
255.1186828
302.602201
352.5927788
281.1983268
297.1966509
233.1254489
281.8671911
261.3716453
224.252868
273.7160339
260.4776977
214.4067092
244.494775
276.8727453
280.2781379
225.7095152
190.3985977
246.4696451
315.7089137
243.3999087
238.2120792
225.7009369
211.8287615
212.9039861
236.9041536
320.6269366
208.0625202
259.5878108
228.875589
210.9508243
237.1051764
333.3831424
306.291773
305.5610279
314.95944
276.96862
300.9319915
298.143858
320.8744504
285.6795519
309.5589955
358.8606951
343.9741559
210.2724718
169.5895634
190.1093725
173.832521
194.5437959
260.8649163
225.4152605
183.0144179
179.2826194
171.9758478
273.3232609
252.1545736
235.1598707
221.3608449
179.6574036
210.9140982
201.332347
197.0197472
210.082638
288.2665036
255.2990448
254.0792188
229.2087561
240.5515665
252.5853004
271.6502978
364.3324412
174.9813389
176.4942872
162.7669426
173.6257314
290.6192993
163.2053485
155.64333
175.3801021
169.7108312
271.2319536
234.2393927
191.665675
204.4026498
246.8796982
197.6774784
170.8864805
218.7839274
178.1529918
237.8309313
275.5845117
257.420498
270.8367306
275.7534213
253.7669211
282.0876776
218.4541317
184.933566
280.7142783
305.8261612
198.3982569
243.3876266
175.0773753
167.196156
179.2143107
240.9376554
227.7007837
205.4556195
268.9837897
270.7450842
186.4418862
197.0871333
170.0120767
189.4308738
207.4569308
252.8196768
185.2057974
296.4261594
235.0099738
245.566585
239.3386149
233.8834164
208.7156864
321.1722658
200.7183423
236.6225464
163.6568343
229.4105581
253.5497669
223.291018
193.8386848
195.0964445
190.4687086
217.2462835
247.5149463
226.867988
296.5557858
233.944826
314.7530243
283.8943995
194.8234021
272.432114
259.2081522
268.452073
290.4518825
197.3667853
228.0840333
250.0844733
172.6918265
176.0657615
173.6320021
290.3557756
215.6376344
182.392989
441.4782105
381.9884604
498.8022127
577.5455409
561.3185567
763.6829225
697.5747675
729.757139
772.0132139
701.2349003
1020.769145
970.6110512
1013.054044
1060.5907
708.6533039
1213.055803
1036.115207
1460.087345
901.4182177
479.7717907
339.0356233
255.9399359
227.2573394
221.5937973
239.5411904
266.1681448
256.4828238
235.4316325
234.1740799
237.0098911
227.2884727
241.5332987
186.2862224
181.49867
171.4154641
157.9317135
115.8910373
196.1600632
183.5002999
193.0624384
187.8486141
267.6021331
196.7548642
345.9555835
446.7215748
586.2041611
552.5690663
633.3868238
680.2425341
642.9138912
825.3560129
954.186041
879.5893045
992.3472372
940.2467533
956.1077034
677.7933871
937.8978318
1074.852848
333.5912655
617.9200283
378.1553502
511.4971631
399.6246031
310.8137745
310.9258832
258.9638073
251.1607235
254.0875405
262.5031555
250.8611182
181.9178435
204.9491395
163.8490516
120.2075155
135.3001018
139.0563967
173.1279304
151.7100239
194.5252275
198.4284629
175.3358592
175.7450391
168.3361371
322.4435401
229.3955091
157.562813
367.7888546
481.4574711
500.1078957
539.0489143
524.5685562
656.6423675
643.3113246
779.0555614
599.8773977
892.2932337
1103.588637
667.3770244
815.6004809
899.6321723
688.7425542
1040.752248
1218.803631
616.1068921
400.3006066
497.3711019
453.1248292
295.2634662
312.748029
256.1765191
265.5710989
207.9157413
197.430744
262.9699665
249.1281179
256.5143037
210.1022815
160.2676225
204.9153732
174.7787854
206.1793701
237.9451747
378.7398513
181.0271238
226.3636908
225.7602148
260.5659479
352.7267466
266.4044161
358.7172101
249.5154191
285.7196125
431.2234455
485.5719669
560.3571816
600.0052916
708.2705645
778.5697002
764.7239261
761.4178429
693.0613326
676.543563
791.3032442
909.4832052
614.8287055
591.7272613
455.5412571
382.628247
380.1288485
364.3625429
330.3447274
358.3248997
243.8739201
199.9929682
269.3599455
223.9911745
145.4271625
147.8839701
158.6238109
163.3920968
179.4589559
193.5795071
150.1325907
155.4895065
168.2048793
230.5691001
196.438383
324.6619806
214.7298111
305.4918939
395.5938611
277.3798443
217.5139994
380.496081
514.5466358
516.2862424
668.6174724
742.7933159
598.5604399
814.7551659
670.0530429
635.5989663
617.6812917
580.1162926
817.2423746
750.5860437
886.4568602
728.427367
663.2160244
559.553722
575.205381
457.1611702
482.308335
447.7848441
396.5939357
358.606696
340.9448039
341.4808285
237.429994
224.7280825
209.6022692
230.8740726
223.2977719
208.1309201
207.9244677
183.8129805
204.1451238
220.7761886
168.4621007
164.0894603
217.9270265
306.066231
245.7305584
345.2175546
171.4854377
219.2592498
482.0394988
461.3534899
676.0007724
711.323845
617.1849248
741.4995041
621.303047
508.4124965
637.7381481
687.576748
591.8928431
540.5657042
642.3562339
670.0787677
584.040916
621.8847359
695.8679525
578.290619
623.7719822
513.8402129
419.1625121
354.0221306
340.8346935
351.7586142
300.222985
299.1137039
261.5491564
275.2308955
279.13364
285.8692938
280.9800837
249.7985134
166.4133364
174.6475962
183.0980469
177.4405775
178.113545
231.0891763
179.1805493
258.4899992
261.7797832
367.5648721
333.7107275
322.0824513
483.2408102
474.2224716
314.2207653
346.2556253
454.0578351
621.4095977
504.2994316
407.2255415
470.0984997
535.2516001
545.529397
546.2977304
474.7372342
482.1283308
467.7549791
390.1459616
300.4204506
338.6026532
329.8714567
393.076691
367.2861773
367.8999159
304.7015402
233.6637643
258.1392328
262.5954517
289.1160913
286.7111802
210.7211523
235.8972012
222.7680728
239.8119828
200.1727172
180.4130554
253.0193011
223.0323226
209.3660565
391.4926764
291.0160769
407.2237723
472.2284202
471.1252116
518.5798258
588.6345033
487.8135745
558.8663451
532.7708904
640.1295149
633.4578966
606.1340541
719.4247107
543.6166551
493.4509494
554.6724688
549.8114044
459.5480851
501.5826032
510.6808574
470.2235915
386.5154714
346.0458261
354.6195022
390.9055526
382.6544035
350.8808026
349.053549
373.6199321
283.7889826
261.593698
266.2717966
235.0884198
258.0601408
300.6252383
251.1310236
167.8124119
190.5527569
187.1827886
188.2795531
190.3318402
324.3312443
297.6244927
326.3523612
580.4603932
368.1757873
465.457733
485.8839877
649.7113394
616.0814379
503.8512148
513.3878339
581.9605752
686.5131049
622.0986899
593.2029688
605.9868189
613.6765999
525.7355826
533.9123595
482.6506412
449.990727
401.0240315
354.6973952
311.8284726
342.5890678
280.9388107
262.7253761
215.4140121
239.9396733
252.5066165
321.581255
342.8970498
348.9692939
351.7823956
318.975482
255.1462241
265.5993483
202.4161645
240.2224061
157.4994288
165.4055526
313.4751377
243.0327178
299.8148544
375.1520623
372.0649554
381.6322044
372.1543166
324.5517212
302.766884
414.8003811
338.4440036
376.8085459
353.3166069
507.6455399
471.3497939
529.7798413
671.8509243
533.7935442
525.4752784
519.5886542
430.4452146
368.1924175
404.709766
426.8785714
510.376552
385.1074569
396.7112358
342.1105718
309.8127872
293.9295371
260.7489978
260.1692317
344.4639738
377.2848284
422.6978166
379.5215898
364.7093045
317.9247075
189.6178787
195.7819514
190.4407967
345.6544769
401.9279213
294.21345
451.927415
390.3767046
322.6812024
400.2890889
451.5223724
399.5205396
492.7172653
481.673916
517.128422
511.0618124
481.5683765
622.0141976
597.6992898
453.5861879
518.5082736
498.7360052
516.8049915
515.3400457
459.0285925
365.6244623
383.2886068
404.781837
405.0497715
330.7558086
393.6131077
379.4346978
328.1879005
330.1606208
314.4040535
352.4447785
305.5611433
315.1108861
296.2067119
287.0151076
286.5956497
161.2962638
185.8071144
192.359749
302.9989763
310.9419757
238.1593591
368.9647915
244.171856
319.9182871
293.5823393
326.8770544
415.6464474
348.4946905
415.1359626
246.0536651
365.0174305
498.130872
538.7566007
545.844018
501.0135799
479.8290203
423.2831877
426.3117699
417.6637567
480.5825771
513.8617265
379.0623643
313.3924384
318.0410052
332.5523497
325.7651021
290.624671
235.3236485
215.8490282
234.5985904
230.6408587
238.2551411
266.510871
268.7101759
240.5449008
248.5950675
309.0772743
216.2534907
212.7313604
231.4944865
271.6515481
207.0979633
381.5745121
298.1780495
414.0653284
478.1832956
570.7191175
557.5880951
514.0150783
420.9009798
384.3206225
430.2790599
489.229924
524.6332506
550.447166
543.6119988
441.8733567
447.5479401
390.472329
444.4837282
475.949488
484.9610454
478.2458368
500.774979
527.4579163
459.6712126
413.9149883
402.9984612
425.3505455
435.859598
419.4300327
365.8641814
342.5513645
297.7889495
376.7189235
422.6602269
410.2746116
168.8262016
155.6380774
145.8850442
130.2001478
285.396082
185.8574101
182.8596042
182.5305113
213.1248969
377.7343121
290.5393304
390.9047186
345.9608746
357.0175669
325.1175707
325.5359804
378.1222301
466.6126716
517.7385031
464.9963017
446.3271593
423.5803626
469.4027169
447.5939349
457.69466
428.9924495
461.4757457
402.6494786
355.2387617
406.9811639
442.2779667
407.4795969
378.3716706
433.3827832
453.6684622
402.1755755
392.6707589
401.3100818
347.5418333
405.9777369
183.0973507
183.2668214
190.2633554
385.5923174
285.7272786
287.0542833
338.8958657
405.0122261
377.6692107
419.7671099
313.9022036
353.0788254
388.6530113
448.44122
535.5389291
464.0333058
446.3092435
405.1890813
490.7252084
420.367961
381.0776646
423.6204371
400.4898226
427.1142758
428.0555622
494.7201916
559.4913139
509.4747752
425.6560665
388.1741811
418.758999
530.5833889
502.0993963
475.3049237
467.3916686
438.4659869
440.4391892
419.5793019
424.9813425
297.5295463
171.5709506
179.9482728
177.3970783
204.4530695
258.1423254
232.5098978
293.9262332
247.3258022
307.2650899
181.3353221
404.0211308
303.5417092
438.4713419
361.1649474
459.1505285
449.5931434
399.566473
356.5205148
418.6887976
441.5864574
379.3397554
416.635973
390.1121424
375.605994
396.2909047
422.9841216
362.0053661
335.5615764
278.5507728
371.0383847
367.4352984
383.0200086
378.8950226
416.7670176
441.0279315
431.0791931
402.3618162
387.8928749
350.0617751
155.7113329
167.0757503
181.5826692
190.9105285
197.0935749
208.4737631
317.1996554
239.1588188
291.4012654
341.5540258
338.394781
406.9445515
361.0239689
411.5014185
443.7483464
413.3607141
430.1439198
371.4841467
437.9360696
425.2362921
471.7312348
414.315535
494.0907963
475.1706832
424.7866862
474.397384
426.6243676
430.2991439
413.1942516
406.031442
393.0744793
426.4964184
477.2101408
419.4375566
360.713171
362.0210351
418.130977
403.4369422
423.2575376
239.3756577
195.1777652
238.6934264
207.2891808
142.1883224
128.5458788
232.0171768
146.0849197
203.9420204
297.4743388
342.7676627
351.7752634
390.4069008
485.5464957
466.7307378
379.5892468
396.2243882
320.6603486
281.4998518
386.6681252
370.9707584
405.4327029
387.6331461
414.4657367
419.2118342
448.2195535
411.8372032
398.7880543
328.3303325
338.0536187
381.0783498
417.7575192
413.7951099
356.6658976
405.0250333
417.8733547
412.6465215
389.0599853
413.4001454
177.7347118
164.2520982
241.208137
170.828199
215.9425302
203.1610031
299.2556488
180.1055327
272.2728498
350.5395605
342.9595133
195.8577917
282.0900625
287.1252229
367.2886883
345.2684113
375.8332802
321.4412598
311.949057
330.8055618
365.408719
411.0349675
421.293872
383.571311
382.5020075
340.4321508
308.6124248
358.9784576
356.4932972
310.0924367
313.7087872
317.9640041
300.2754565
313.9247126
338.3605927
376.6071463
391.2346785
371.6292746
162.2791987
185.7990277
301.1774593
213.7445154
190.6639633
278.0593887
303.1665374
280.6637729
255.4284033
304.7979848
278.0148494
260.6924885
227.205108
341.7694164
284.0438033
349.0850944
391.8182696
322.1062855
301.3684042
356.166511
389.1362622
371.7301149
385.3422832
365.1517235
443.3592245
409.807625
407.572735
465.5736179
413.5011636
391.1350746
414.6108736
422.5287723
297.6261025
251.2970897
313.5790695
311.1191694
332.7198229
371.0395304
285.6913734
173.2535232
170.2623156
173.0641141
209.5571681
402.9755913
233.5651664
267.4845945
259.5449856
321.7145537
267.131026
317.012323
228.2272799
332.7918071
398.558881
362.06044
404.7371695
403.8895512
316.9618696
301.2778873
396.8594006
368.677295
344.1079155
315.8840638
370.379164
250.8815983
301.2921516
376.0407019
404.4198003
320.4248154
360.6660666
465.7656684
409.0338872
396.9068314
347.5608836
327.4340759
356.5325539
285.6157509
223.4298104
204.2610727
207.0036943
167.1004595
158.8846407
134.4789208
169.9730361
254.2547371
238.7378758
276.3677353
334.3052809
290.5640865
250.4233077
278.4649318
301.9460207
350.3300672
413.3753769
345.1834739
373.5663599
366.1387594
383.0290425
370.6626155
346.7593905
422.5899233
346.678775
336.5356624
331.8041986
451.3997506
435.0569304
433.8611257
448.0825162
417.9217335
408.0083577
364.5311264
362.7099505
190.4174264
230.3172653
264.2653064
155.5489805
183.4972385
245.7287219
204.0726033
201.3479054
236.0860835
206.6936609
316.2915366
302.8992462
287.0111055
275.1102994
262.5650773
262.3864427
270.0314201
327.7364621
279.3273436
309.3308197
282.5030314
295.7656698
268.6197068
309.6726191
307.9784604
312.1977975
360.37705
332.5899073
403.8451869
392.545189
431.0591399
415.4592432
383.7703662
401.5428917
192.8994207
177.7946122
231.6018209
264.3034698
170.1237771
275.9607336
215.0969183
215.740272
225.8402688
297.7357114
257.576058
356.6414927
287.4516996
363.1213291
292.7737963
364.0273879
375.7858307
322.5748804
296.8163629
338.3470125
363.6451182
393.5676288
340.3932437
348.4697645
326.6292048
317.527099
337.16239
342.4411148
343.3607664
351.6908859
348.1863445
367.9394544
345.6396363
355.1136813
403.2120174
164.6625936
185.213739
174.272797
172.7849156
192.9623471
197.7684433
195.8062267
182.5600364
183.856176
213.8888049
199.3666349
300.6781475
294.2395959
328.6297499
324.3331272
368.2098378
392.3798933
437.3230033
338.1446564
301.9007835
379.3348091
397.3333557
327.633222
334.5548831
327.0219388
342.223305
345.4915183
272.4243387
307.9363934
418.1142779
389.6122676
388.295815
310.1848894
204.7278406
152.1111758
187.6759064
209.182261
229.8727477
226.8071602
217.3065432
252.6858501
311.233495
269.6307745
274.2445646
317.185835
353.76844
228.5840085
260.5785399
350.4288126
322.0330903
352.178535
433.6374579
321.8077173
313.7151144
368.9432996
409.76322
353.6854402
349.3887844
380.5591348
400.8772308
411.096223
393.9091026
311.4806827
287.1610537
272.0164122
321.9221155
239.6674454
159.4635815
196.3945707
242.0201694
247.9377358
209.2781467
188.3834492
249.7611968
237.2704139
315.0607146
267.4631786
234.1049873
299.8144616
253.9366453
305.0556866
299.8103855
333.9655388
301.2924225
315.4166524
356.7687451
321.7577402
354.4857185
326.6744719
308.590102
280.0618642
296.4820925
300.3971112
289.989285
286.4011914
280.7468582
304.663307
293.8283446
180.6316075
151.726944
184.1891147
246.0080757
225.7934515
201.8760648
205.9413222
212.2796714
276.8384755
307.894121
281.1088229
300.5673978
211.0543997
245.7452064
334.771856
321.5166043
311.6367585
273.1614662
247.9419593
237.3122845
279.3403976
258.5874435
276.2550336
337.3101744
274.4120686
279.909244
321.4474565
286.555558
278.6648859
276.2189592
237.0822706
207.851999
288.9826133
180.575288
178.0235386
174.757544
168.1758158
301.9700857
181.4728617
184.1379327
309.9610881
327.8403247
167.7518365
189.5878645
288.2242553
304.6981124
251.0669298
271.1450278
280.5170601
244.4350875
232.6836433
248.8227657
310.0505851
333.714438
310.8885011
369.7202848
428.4299394
329.9043957
300.4034884
325.3378736
205.1839763
163.0523745
175.6828698
191.1684948
215.1562733
166.4589763
261.5499299
145.8425663
152.5654537
203.648222
164.1799403
143.33627
151.2851389
147.3260747
184.6820784
138.0066163
188.3657284
232.8906278
215.0511002
153.342813
147.0597962
172.7711224
195.8711724
209.6819037
242.9028784
284.9520608
275.826853
260.5885383
163.1959801
159.56847
167.8980527
155.6228231
217.0035243
159.0923515
171.2727594
168.6893437
181.4245604
187.5390157
188.5671305
189.2244841
205.6397542
204.9692277
202.1016563
277.0386801
262.8842234
271.8431011
227.3796539
275.6576182
291.4627407
253.4199958
271.4989428
285.0431075
273.947464
267.6579743
172.1946374
175.0732122
186.1846693
179.43124
175.5605322
186.1225987
186.2362321
162.3746503
175.0570698
161.9464639
173.6870173
200.5503562
197.1852977
194.2548611
168.5938577
221.3005234
226.5906183
236.0117326
194.0601085
235.0589526
261.7336356
219.4056957
204.8013303
256.2766618
253.2184925
251.7749871
180.5299861
180.9406226
200.083595
215.8990137
201.0178512
211.3695572
204.6313459
195.695497
208.6318344
208.1424676
208.5393574
237.9582495
237.901148
237.9229278
267.6480692
300.5615392
256.3707207
242.0493858
272.3819696
214.9588826
277.8885289
199.2619704
170.2747454
180.3958457
215.4637579
205.6383305
187.2770381
190.4706985
193.5799353
195.9293093
230.0022899
282.202119
268.5925444
238.0041438
192.7649175
199.4481744
293.7890864
268.9228793
281.4047803
249.8154833
287.9091153
375.6465975
309.7098023
232.7087901
369.8921787
185.7348189
191.2258133
174.9008097
211.8973071
312.5649833
374.9394716
261.8519169
292.9410348
354.6601772
373.5222383
505.1371196
320.6677158
451.2817912
474.3841272
486.3725829
759.9258449
855.7131622
604.7932559
613.8511186
780.9211353
780.2221325
796.0019059
519.6663258
572.2854402
606.610161
527.9215028
558.0754783
425.3759227
396.6687256
380.3112821
421.1938549
446.0404248
358.8041341
344.1261222
262.3500212
246.1873828
212.2204141
191.6049578
181.0835901
171.7359398
174.8222552
152.1988963
185.5837581
188.5275078
192.1143767
222.1225653
420.4969827
406.4346956
498.3589217
438.8816543
487.660094
495.7509288
497.8857065
566.2487091
777.6716631
847.3407955
769.0399223
648.5327213
819.9603824
877.1661795
774.2327028
784.6280381
819.2808492
737.3345011
742.1938667
742.5399681
572.262886
550.5859098
528.1356356
426.2841846
328.703306
322.4034371
309.248378
209.7449658
201.288058
245.2872966
250.6843821
230.2237953
256.0754483
232.5661094
232.6517679
194.9518256
175.1313326
157.1373319
177.8299882
171.4437858
195.2161821
205.7250962
243.1667779
341.9162209
495.6061641
481.7013903
439.7868908
525.1121632
578.4576376
614.4847501
631.0585621
612.728093
665.9676582
726.4686253
890.5078379
808.2967565
682.4312967
685.656834
806.6234924
898.7285342
693.5678873
659.6192102
533.1989976
544.5673424
515.9420604
433.7494773
376.4944962
304.5521401
286.6806915
333.1761041
293.0665585
338.5936867
351.5976439
234.0190803
218.2588215
219.3280068
208.6782394
200.6764084
151.3030085
138.4227718
186.6799415
215.3978754
270.7293786
171.4812272
192.4767691
267.7458271
326.609167
216.2141628
284.2354386
445.6649966
524.9203781
536.4195501
511.1228031
694.2164889
554.2571925
639.4731715
696.7830805
676.987586
624.8711776
506.3021072
752.7145911
877.3537132
808.9387445
760.3935831
567.7129072
542.2849591
562.0733104
473.2891485
449.8998199
390.0490602
326.099775
319.4402193
463.877377
335.0321886
336.6103668
329.990754
318.0885387
327.7671298
290.328126
283.8557835
242.9920067
205.1160286
168.8013469
154.7103507
150.0084411
157.1925569
297.5085414
177.4356598
214.7186278
360.1360802
358.798458
332.1740842
454.6332481
529.0832073
441.2622228
538.8921482
664.4692504
619.8008819
480.6158943
595.357282
680.3589192
526.3740311
581.833025
617.8916096
560.8369567
479.1139923
569.0736152
523.7321093
481.5588438
373.1583493
408.8844602
436.7409574
434.0604641
350.0937196
303.7453059
343.5414004
341.4966322
299.2874673
255.9188414
252.3281779
310.7224698
331.933791
303.6526693
251.7554801
186.6562172
183.0484478
185.2930947
379.6664304
231.7417063
207.9956066
207.9073401
282.4761037
405.1150467
272.8526389
477.3900725
469.1388513
511.2772435
471.532515
573.0686963
523.7358812
594.043186
586.890661
556.5375275
705.4579969
572.9236432
698.673636
608.684471
507.7015654
498.5251578
506.4336535
583.1589316
496.5235364
352.2885818
294.0412968
304.8970641
382.4615927
374.8873998
355.5283177
310.685701
313.8537696
307.1691655
247.7932737
265.3141376
256.8595557
255.6673591
249.1643408
162.4330048
176.7422863
165.2007362
296.5972805
270.7841034
341.8987951
360.5376599
253.780079
437.2191652
370.7596735
558.9306013
650.3470492
484.3573912
429.4822311
492.4505765
549.0321253
715.0928446
554.4746228
636.0764415
592.300714
591.9910383
573.5432043
617.8317276
625.9686732
437.1233586
532.2741273
425.9638008
412.3432539
394.8404614
377.2099827
417.5508998
416.7542879
379.2549999
347.3860476
244.1969542
193.326552
218.6887218
245.8668737
268.335171
240.712097
206.1431205
184.8765524
199.4414816
194.6026187
202.9243271
187.2592094
187.3360053
341.3738219
284.6032901
306.3532506
344.8556612
402.5804407
410.3520221
492.7313536
392.9977961
472.5316011
475.649218
441.6015311
584.7340148
566.5802296
503.3713125
411.9926753
440.2499396
417.5807479
409.3874714
391.6779041
467.6759688
401.0572285
441.36167
501.7211353
509.347769
498.0282054
442.5386261
335.3831395
427.808619
371.8680761
339.3875897
292.6648438
252.4363155
256.3949408
309.2756404
316.6252314
309.5980778
249.0491035
192.6465358
200.3536952
189.2468001
198.2118614
295.4682814
388.0767356
311.5947405
223.9749062
401.2189498
321.0944648
362.7480466
405.0822371
581.104566
587.7528383
504.5432796
446.5811174
485.6654801
555.7951046
415.4993546
454.6521476
494.4161744
399.0413674
421.3002203
462.7932719
457.4060675
591.7466774
502.8249821
404.1217636
415.6741905
359.2391463
410.0508343
393.0363052
335.927693
333.3424598
332.7572791
352.4188547
331.5675084
301.4647671
260.0754051
296.333802
247.1826488
222.3383654
303.8877154
177.7398097
175.0514739
184.211993
194.2116437
359.3805979
188.134823
371.4171545
355.3512864
435.7880045
398.9878518
379.5206938
436.0011476
559.4022073
428.841291
377.1195844
485.3518411
473.7903411
371.6641357
504.8192606
509.5253563
522.1038539
553.2327607
523.4695273
584.7399971
522.1225643
527.235974
406.6007756
396.7640403
392.1680425
355.5267822
385.9055686
419.3079638
424.8395986
425.0079228
349.3902849
279.5204812
206.2127212
246.749218
319.5345004
309.8159936
171.3695953
170.5845174
194.1177372
219.3951439
335.5872058
369.5604523
252.1687887
271.959806
392.3189236
315.7950786
415.7463999
377.397828
396.1707924
442.6952328
511.3720443
527.5604327
463.6521532
422.8905502
544.3048719
489.5962325
383.5712529
467.3477361
452.6016886
454.008869
428.6677228
441.4109521
415.4504321
437.4477209
424.6615747
389.5733086
439.8911839
470.0216292
489.2605919
375.1817867
382.4953911
408.1972616
397.410404
370.2034517
332.7243023
288.9722406
331.3997905
237.6422287
189.3496084
178.1565717
393.4910373
238.9407709
172.1420561
299.4907394
295.7950058
251.0838118
225.1284295
303.8425465
402.1514471
315.5755098
430.7222028
458.9168364
375.9976827
436.7435815
416.3598839
543.895343
379.5242247
447.5430329
474.8800932
537.8163719
502.2790556
373.8779383
460.0426274
516.2917862
417.8198889
387.7036814
441.3967097
377.4276459
379.3932625
324.5442264
402.8599879
393.5878897
383.8788776
405.2637189
417.9528999
364.5736893
347.3650933
294.0872767
227.0750151
185.9837002
394.2369674
237.3779421
255.184751
318.4820917
224.542767
310.856362
274.6109379
323.9401773
386.8992333
389.0481101
332.3153739
302.2478663
278.0135028
343.8747718
331.8148438
294.7590148
322.7206409
328.8309521
342.1773506
387.2126182
431.4606245
427.3452358
485.5372005
482.3749118
438.288994
410.6112747
455.6463924
402.9504559
450.5855162
425.6283104
437.0889005
383.9928611
313.111036
370.1678728
430.1834236
409.636819
384.5632628
430.3044
155.7023879
177.1458993
191.7228078
174.1979599
181.3246893
192.559833
227.4974004
223.7173405
324.8654586
384.6645695
365.1699984
366.6113385
335.9673985
391.1089271
340.6376237
389.8355645
460.0176163
394.4597938
389.4738197
331.0666651
242.0559486
360.2963493
406.6758112
445.3273749
376.0095872
444.6709763
491.8198039
463.0345528
470.843873
379.2302039
337.0923857
367.0819673
368.3425118
380.315978
339.5030241
336.1278375
325.4568197
290.6585466
290.6558806
315.3643607
188.7787454
159.6831949
145.6224945
249.1518633
175.7939831
186.7718513
276.3757235
259.1396119
290.2781539
280.9286286
323.6191215
263.4607054
293.8969761
290.3828275
345.2154877
326.8508659
361.6667674
416.2251567
451.320836
495.2336955
392.992429
334.0081644
409.731431
437.5038098
490.0460288
349.2562825
344.9935093
435.0460128
396.8434848
408.4906307
392.7550944
371.1634201
326.3605166
324.8760194
336.7994053
289.7845414
272.4058707
314.2563733
350.9545691
332.8882792
151.2133437
178.1590953
393.5794805
208.8643996
191.5806178
155.1034207
236.6277861
326.7489366
366.5362862
364.6323215
317.0897496
319.8212228
353.8563816
352.7419026
234.3567637
390.9099092
315.715445
476.8194465
509.093296
485.8461786
499.3748965
434.7719669
372.1301683
375.4784868
441.3334658
392.7011969
387.7378183
460.660974
410.602886
367.7256054
357.4694575
331.0777472
362.9965957
357.7358354
364.7636667
315.0884187
302.2637295
302.3523916
349.3946008
246.7496471
272.306871
357.4742512
173.5235801
167.7024004
184.5639959
220.1902916
314.0938661
225.2993854
350.7925024
257.5588023
366.4858355
308.9353424
287.2487913
241.6062551
396.2441971
363.4206851
373.401561
410.7826055
399.974901
412.0151233
360.4536973
316.543433
360.6074745
473.092532
408.011172
383.4427683
366.8465941
368.0239629
327.8086302
344.1719457
365.0241038
308.0439114
382.663483
376.0202784
350.7377762
369.504262
400.2484197
373.3971833
165.0793051
198.3273087
222.0701698
204.3753573
192.4769464
242.2418482
237.7221544
161.0058205
399.3079192
334.5430613
279.9020763
287.4972862
355.089358
288.1523028
352.464342
398.3551143
335.5806234
407.3754375
319.9443652
373.5129747
374.7976509
377.6442667
362.5834732
321.6796706
397.6706245
364.3213247
485.7707753
481.2733083
403.2109402
454.4542887
446.3756575
509.6800419
432.6561139
386.0954575
381.4631462
364.6196285
357.8947077
385.0611085
194.4676968
190.6131152
172.8144515
192.8049413
192.778401
282.9097318
316.3314133
278.2967699
252.6826201
287.6083009
315.6600608
223.4331557
340.0941727
233.6312729
279.2508922
317.6007451
351.2268156
260.8326162
339.9804447
312.6189535
397.081836
404.8056333
395.1744542
414.729472
359.192107
382.061661
342.7997127
345.8044561
342.3380104
330.8386061
387.5390081
402.1211205
416.1184667
375.5192018
346.0529532
358.940287
408.5343444
411.4349786
207.7225157
201.4135763
218.4123021
338.5800369
229.3032435
245.8916198
233.7042637
257.507841
351.2062577
367.2176814
341.4132802
291.0326676
247.990574
272.239765
341.0837157
324.6562883
344.5125939
348.5124221
340.22421
307.8806142
277.5671491
328.805091
374.2853037
417.6918455
449.6113251
390.5753618
356.885709
363.7229399
341.9565568
350.6164027
391.4473896
332.7519397
389.7230349
328.0759142
340.2563335
356.7352023
370.8356452
153.87608
170.4714171
177.7964962
176.9686899
206.7046298
288.4408563
213.0968234
184.214749
313.2858848
418.2120808
213.7130713
246.5070336
256.4763861
297.911619
295.9945149
326.060396
330.7688934
370.9016124
343.4898377
339.4703765
319.3955537
357.289726
338.0086749
347.7374764
408.9306085
390.4034246
312.2343829
351.4120453
296.5905703
275.2483387
359.5595272
329.2144687
343.0841803
326.5594829
304.1292929
346.9502233
207.2114084
140.7981733
172.5513826
188.8883944
194.9307305
172.9825748
192.7934945
198.5921939
181.8766283
221.431541
280.6206404
201.3547013
229.1252104
226.5178391
252.4442622
335.0364534
319.2128889
294.6740891
348.5516941
280.85057
332.2202435
325.3154882
320.3339939
405.09415
423.1858247
409.3206851
354.1405007
323.0619314
362.2139691
393.6493252
374.2837096
352.056846
333.5741772
335.6273937
355.3194974
366.6950349
235.704603
186.6064355
166.5333069
163.5099106
161.318668
151.0422212
132.5096967
144.4580607
157.7657084
202.2076594
224.3650401
240.9360848
264.4732292
254.0197079
230.4078928
275.6995919
351.956451
355.9939108
430.8528902
355.2841904
355.9898803
360.1720886
377.6240594
399.6648627
386.0062779
388.8110437
313.1723005
299.1133499
335.4769176
356.8545812
381.7099864
350.0116801
352.282171
342.7490728
348.4201969
188.0417482
185.8589829
179.5541548
294.322374
249.1579826
221.8107312
273.1434489
199.4479464
166.6146994
238.6413847
166.1555365
229.1999054
272.4093066
235.3478785
205.7177801
230.1897171
283.21008
312.6630686
348.1214083
300.9041811
316.6958434
303.9022508
346.3265303
387.6828924
334.8650235
345.4686567
282.4605544
332.4101161
398.3774493
387.9737339
371.8578735
374.2442493
372.8712501
372.0798858
198.6241969
190.7706524
203.044826
241.1577353
187.3812225
183.7516716
300.9179484
208.4268902
191.0700817
183.9955663
180.2335035
170.6497959
219.6192579
185.7567044
192.1766071
260.7645413
237.510182
228.4132608
214.7218012
195.2221859
220.3115609
233.6848737
278.0205402
278.355621
290.0869274
299.2095815
272.144381
289.6134475
334.788434
352.2048727
376.6067523
430.6251725
403.2439786
229.7247151
200.0529856
194.0569124
190.633372
206.0115645
235.2968765
226.2915359
219.2961464
279.9430371
177.5407235
162.4044957
282.6728744
221.4004848
199.8869905
214.1339645
285.2450518
322.748004
324.319778
385.9957626
308.8699324
305.3430611
249.2154593
327.8352449
235.3504244
244.5097837
283.5388461
323.8568023
303.1533888
277.2691892
255.9405113
242.530717
279.9989477
178.4934491
169.3328785
163.3426764
176.5011765
189.2372519
227.024227
310.9100244
336.1599698
266.7439167
237.2957204
285.1532181
276.5677527
250.1059085
237.4200923
284.3938078
274.2498204
309.5567036
323.5183434
287.4411168
291.8320887
284.8786338
322.6896683
367.8863019
295.5388711
234.1270925
192.2988221
250.6485886
283.0331985
281.3419053
287.4465826
256.9498102
284.6028783
177.0043568
207.4776212
202.9537749
224.5703876
238.1455393
266.528786
282.4039543
277.065322
240.107295
279.8085256
240.7446777
204.8445876
212.0656168
214.6575823
238.8575378
321.6015228
267.5377306
223.355936
254.64351
247.2730828
264.5333822
291.049137
295.6622299
275.2724271
212.6776145
219.3352252
236.3304031
251.6209894
272.5196216
191.7656991
180.9577063
243.6757725
177.1211381
173.3759908
206.901422
198.3654526
252.5923414
249.717296
200.3420895
188.5273967
168.3554526
171.1522093
181.448511
211.3769974
288.2342285
344.576272
323.4051281
253.9014638
307.2375412
348.5388941
340.9619196
382.8130423
398.2969082
384.4530072
317.8898018
306.8393262
268.4319006
294.2114088
249.1380862
171.9693441
191.8970372
286.2176715
262.7262116
169.0478404
168.2574058
214.9099819
208.9805473
228.2255616
188.1805437
133.047863
208.066536
218.2815773
218.4128684
249.4598762
293.9212558
289.885649
231.1605599
241.5909292
196.8741271
223.4328971
200.6643359
171.8498851
227.9323825
204.4483375
207.7673566
196.1411882
168.8318216
231.3143504
261.4035727
223.9184782
204.8740062
188.3980109
192.560385
278.3447654
184.707559
186.6048878
193.0669544
275.1551349
250.7562899
270.7911844
260.5774715
348.6686958
406.9987866
332.1141338
372.3092059
349.7526702
316.7817569
329.0439433
255.8828967
289.7806773
280.2863341
233.070455
217.9650275
247.34591
199.2724594
191.1804961
205.6554535
282.9432831
265.6121396
241.2709091
213.2391589
193.900101
293.648383
273.3073216
296.9306836
260.147574
319.6746748
295.8307799
239.8780311
256.3256408
266.5309964
222.3206628
267.2623241
237.2614976
264.2761831
216.8748446
152.7710845
162.8904851
209.6599461
178.5643972
206.5244517
169.7771415
202.6257226
207.9183793
266.7401956
198.6384991
246.6297682
244.9854898
313.5522654
328.9953149
298.4359141
272.2632383
218.3210419
183.3504616
272.6632605
229.3613871
210.6632331
177.4049615
182.2053822
182.7447385
181.6868332
179.9227871
270.5266083
201.6500974
199.1998681
168.3553688
215.4260346
260.0053374
181.3617134
175.2741374
391.9561673
256.5736394
310.1901084
445.3851502
248.8915362
374.2025553
492.1112403
525.9317595
537.6673417
493.4572646
497.141912
701.5515106
557.3505449
572.6636222
663.2778106
617.2046272
619.8901464
744.2289295
735.5775085
614.9695347
734.5483301
598.4153189
493.6820006
667.5291878
606.4861258
613.4697795
513.8419499
408.0151778
341.3115078
418.091391
421.4328962
310.3031093
212.3592468
225.9344251
212.3775335
239.6592395
261.3593602
215.9085236
216.2805393
122.799823
176.5249053
167.7230066
237.7941004
412.6371736
235.0201138
429.1215778
343.4578304
386.1370182
389.1623779
400.7428789
432.5570492
567.4168199
575.2146092
524.4165812
543.9285494
516.9801422
761.7945432
728.9456733
668.5690487
683.2865741
619.6481483
498.0766284
540.3056627
503.9784822
522.4200734
508.0432592
438.0928699
362.4512033
464.0638886
338.3516944
343.0701264
332.1453999
287.4866904
348.8807444
319.6380663
251.6710866
236.6466803
235.5747147
240.9968863
254.0329581
218.5065476
210.0434494
182.3400038
175.6168032
186.8965793
315.2431308
245.0972547
269.5470644
258.2529146
324.2158688
388.6017144
369.1322813
468.7627918
509.5991215
494.9793076
583.3273144
551.8439511
542.651275
551.2141928
667.7884443
600.367416
461.0152575
569.4341063
503.3793025
638.11836
570.6359758
499.8175398
464.8304933
491.3181232
481.5153593
408.2245873
426.3256142
367.2495106
384.7653504
330.5929757
320.6243462
284.6743398
304.9079974
335.6394154
363.2888749
313.4988633
242.7594122
227.4725599
242.7155901
178.0484785
193.3287221
207.6232554
262.4750743
304.409158
271.1706772
276.6320516
308.4648852
212.1676031
474.0166278
504.3382084
514.9908109
510.0872142
532.7780274
539.8236318
483.4621062
522.2307392
588.73258
495.9780528
533.8505299
593.0416198
689.8436715
629.5163508
721.2847714
713.405781
454.3225528
424.2624792
365.5150773
322.7642545
293.8680529
272.6226412
272.3292881
308.7961239
331.1643395
319.3550268
273.0704479
273.8501157
260.9995133
270.463497
333.434165
291.1797895
304.038673
178.3728777
169.6105477
166.2402587
162.1984075
259.8585124
167.6066311
238.7743854
332.4021452
295.3418974
333.2473495
496.1787638
416.4520707
498.1839503
401.3667448
685.2406693
637.4511897
598.7043945
526.8859899
528.4841081
600.5138356
578.132283
614.1477156
636.9116085
651.470438
557.3387006
636.7046588
602.5041106
589.5330425
536.7587182
501.25651
407.4159047
334.147432
266.7462486
276.6509297
282.6093681
298.5136095
281.3250438
222.0768119
208.3208287
242.7477042
333.8958114
312.3497573
155.1042517
173.6987838
162.6664786
224.2568272
144.2678697
215.2212458
155.655496
154.2634786
264.0655219
234.3581773
417.7393189
417.2920931
544.8374532
589.5867105
488.2669577
593.5003347
583.5372793
543.4003391
653.237753
596.9349373
557.9549941
570.3683588
550.5091335
539.5284827
486.953063
457.1444467
381.9913282
415.641563
446.2953905
338.3576098
351.7795391
330.2875616
307.3596155
350.7648622
349.4865571
375.6645926
355.8074343
319.6839588
281.0269961
294.8680551
257.8484899
295.5060079
237.6519704
188.3964028
189.7348048
339.8741167
329.7752861
244.7747577
208.095132
404.8524612
301.5566252
335.4053035
352.1397624
635.5121976
429.4161689
526.17001
512.5094756
403.1587355
444.0562148
388.7253908
487.6211523
601.6497361
527.9264284
581.5026533
505.53793
564.9287551
614.9461799
475.1753321
463.2802106
472.5355689
403.1748041
356.1095794
376.4108955
425.493126
428.1497724
396.5761837
369.9005244
362.6429284
343.3299854
352.1722566
376.9642338
317.8955205
353.5936116
391.471737
161.7028628
155.0869416
164.2604343
272.2165416
232.2886982
305.2095025
294.9489564
247.362129
439.021797
356.1595686
311.6680779
399.133334
420.5105246
488.4526598
444.5475531
526.6459476
439.0185011
532.2094906
519.0812135
475.760452
470.4956856
466.252026
455.9036862
465.9880191
456.7386355
489.5137911
447.3533182
468.6428063
418.2033408
466.8548081
439.6727403
374.5917783
323.8389326
399.8378556
400.6871423
368.0978008
288.6752638
273.3802071
268.145335
306.2200311
281.4168679
162.0069005
187.0330612
197.3483868
372.3751921
185.6688763
312.0704144
338.359771
273.2614459
468.5120985
225.2557509
435.1884351
473.8142551
473.8335153
511.3388785
484.3792899
414.2344512
537.403294
551.9217965
564.8664928
556.8771116
450.6676956
402.3456787
420.00901
441.9237165
475.7729612
476.9469555
443.5716944
387.6413683
433.1365879
469.10179
461.9454867
428.0306561
341.6359443
280.358809
321.935455
360.8935559
400.4114607
366.609966
316.1625673
300.9279291
296.494619
291.139415
179.0164229
177.0786826
185.1009637
182.7564758
185.4820769
359.8747481
360.9152843
356.6251799
285.2352561
332.0326671
375.6959151
428.9496661
378.5389706
387.4029342
408.009115
411.8392679
403.6777488
431.2662043
517.0094694
544.0177849
422.5585534
534.7656887
534.0786715
494.2853981
594.059241
558.1512802
445.6368821
515.1791254
476.4531711
477.998199
492.4955425
484.0695237
434.7319806
386.7338251
400.472979
370.2744704
362.240344
362.5472541
346.9000528
365.8222541
200.5496081
190.888697
175.6610672
185.1679073
241.1730135
179.5252214
206.5398995
333.0948101
299.1215477
448.0627007
330.7535856
296.7207682
357.419158
410.307105
414.5320107
445.8650771
421.8262571
410.1268849
400.4854703
458.5369487
427.5507917
465.5903564
453.4981698
464.2521387
468.5427217
502.4852298
506.3801917
479.2877779
450.1805997
465.1443438
455.6052871
398.294325
418.5088453
427.7449424
378.0521899
308.5635059
305.4585731
323.6662
304.1858129
280.810179
259.9670795
155.7515602
174.3983337
270.9475083
289.803633
251.3694911
417.676721
413.4119474
413.5646794
413.5518917
290.6926279
406.7317869
533.1242859
433.7998466
537.5723234
492.1088338
503.3754017
454.151635
424.045349
429.7861601
434.7276745
393.0799601
510.990153
519.023113
467.2900159
396.8402839
465.5126142
502.9731805
531.0939972
473.2513609
462.177723
424.7622532
439.3211272
436.4765666
405.6037712
364.2329854
375.8865476
325.5763887
328.0352734
313.1552262
352.7203321
190.5565598
169.3697681
245.0221565
219.2656826
178.9576582
242.8886609
404.9831799
387.7882614
341.601497
305.4505679
495.6542724
477.1542486
408.8064637
525.6686296
433.3128283
433.6766904
346.3022465
456.418707
345.8057605
399.3436044
408.8237445
408.4781735
432.6186064
476.823104
460.0470038
465.5749154
451.4979864
413.3149769
406.6192899
499.230194
496.0168051
476.6418299
483.0880301
552.7242433
545.6414786
509.0893648
507.1675743
443.8949668
420.0099917
332.6483091
233.7310585
210.0859979
332.0407514
197.4889036
197.8817683
222.7390835
218.6443601
189.6573343
199.1439801
274.1270415
372.4506052
302.8393527
382.8136573
281.7489578
358.9022705
317.3065031
418.3507607
426.1317079
523.1369577
475.8734918
457.4459425
399.2821827
426.4595531
448.0131995
420.5480065
438.1746865
415.0926952
417.9620347
413.9322567
377.2971644
367.9980909
364.104469
379.361627
369.8438305
415.4174319
359.2591898
302.840227
369.8754249
315.3520961
296.2130446
158.4668514
175.9986695
188.9328971
185.1501459
234.5759703
275.8215505
255.2870601
366.7940689
401.7409893
340.177665
356.880504
283.3157099
266.1399025
381.6834571
383.1978897
359.0207581
394.3721485
333.7287995
379.3219065
346.5114421
286.1732671
309.7288523
385.7148043
403.2874474
364.3149645
444.0404877
457.3408148
446.0399637
414.2593839
406.3913101
453.0789284
410.1441615
336.2337228
308.5039578
322.1062706
336.8913627
344.5886226
321.4071603
318.2758524
232.6368068
207.7402095
174.0713072
173.6922501
242.0559686
143.4096269
146.8098434
267.7856092
177.8029751
398.0031517
334.172083
330.9360387
363.2965761
407.9155502
466.3490818
391.473335
373.7008243
339.7089719
443.1600266
438.6571365
419.0130646
463.6205609
504.7265404
452.7817859
503.5487343
490.6131194
485.1174203
468.368477
461.5666763
486.2389969
484.3056097
466.3061878
468.2479664
423.4149202
435.3314778
453.0389724
445.4161967
410.7481089
343.3984935
145.5377935
167.422535
178.8559287
163.8211212
178.3186266
189.3648741
346.4960583
323.4944311
314.0357142
331.9314564
313.4179982
356.6244677
332.9639885
341.8426909
302.5507182
406.81891
344.5994778
365.2590836
417.6493333
419.8023601
491.3241163
522.321715
494.7291082
356.7623255
390.3881469
383.8565567
363.6252232
324.5765943
340.9461899
340.3027639
394.7341684
406.0682283
464.4553597
476.0441152
398.1368711
435.5309381
372.7987622
413.2251165
213.3478075
352.2677921
165.155571
177.1354267
167.1188408
183.4315576
179.193325
253.0412201
275.0379121
279.9076116
317.2692994
367.3113737
333.7580229
304.6453385
309.7740045
339.4938836
297.3905952
353.8670399
325.9601595
286.9315753
288.7011028
271.2810541
293.9054408
366.1863257
410.4020867
466.1364656
416.0921019
450.876806
398.713251
393.4866417
400.02134
435.4093956
402.9382158
398.7082968
445.4473526
413.0375733
395.7266991
404.5234745
289.4465908
195.6949083
198.6673669
211.7297306
222.4097802
199.6068773
251.9535236
351.0613484
275.4465582
288.4614598
265.6189728
312.7476733
296.1535326
317.7037052
276.551306
319.2023578
330.3244689
326.2982759
278.173431
353.0876846
360.5002163
359.4711836
390.1433227
308.808157
285.9421988
324.9640191
341.1061014
374.2987776
396.804077
335.5868677
288.3140173
253.8115661
332.1771655
333.2201441
315.1518952
340.2885373
306.8237504
231.4649436
155.8296549
186.1428568
194.158796
188.3596245
204.8114454
225.7409875
216.3055528
249.5027039
300.3713454
192.4535061
344.0940972
337.9984755
300.9393159
343.3169168
354.156163
281.4761937
318.1454607
396.6766501
375.8621451
372.0826157
404.7945712
307.2789983
368.8020096
388.8315807
433.8100032
431.4636303
362.3444346
403.5139588
405.2207317
409.7446175
431.1019811
425.2023454
419.5144368
405.2520947
349.7508778
314.4701192
195.7807219
175.1122163
230.1096162
135.4098313
142.8779579
153.1281223
158.448473
215.5705692
301.7814411
332.4678983
328.286575
317.6401604
243.4738309
259.2553068
332.0893314
367.5319008
322.1248321
341.6533881
289.8919295
365.7772692
283.8696114
270.5574598
255.6837121
330.6310974
341.9698821
332.815947
329.2467774
327.4416767
367.3472697
434.8279007
410.3716628
336.2527862
322.0243893
345.0634949
353.2244386
365.4994559
214.4593264
201.6183338
187.3741064
171.4500475
178.1909902
182.4183284
204.8535602
280.1887022
406.2808718
304.6232236
357.3000718
307.7065684
307.4848273
292.050787
338.7221763
364.4336355
377.6544711
381.0677242
359.8123916
402.5039563
355.0700444
302.7491398
367.0803389
349.717947
347.1122911
308.3417132
271.8358843
274.5578292
276.8488955
297.4472577
279.2260322
310.8574007
326.5886589
337.0583438
308.9367707
180.0596645
177.5387866
200.5126296
210.4951496
204.1604874
224.7686426
202.5037491
245.0968893
245.9492751
165.6921256
204.7729436
218.2966299
212.9344707
222.9713349
272.7437503
266.1054667
284.9335621
276.1416346
293.4606165
279.1622509
285.977333
262.7233614
273.7042968
220.4136121
285.2344243
279.938493
224.7017167
246.744239
298.6873437
333.4808564
350.9705215
376.2093057
400.0518866
311.507491
220.0655594
157.2186769
176.5125366
179.2942728
179.8232417
173.0052377
283.2883697
166.4452785
289.8117578
243.3886422
234.2179743
174.7620732
234.0302457
253.2582839
255.5425603
341.2530058
357.1755947
368.3459304
367.4175914
343.1051792
306.1230622
358.0370276
349.4909128
322.7283301
298.8031421
317.1923501
355.960069
278.6038372
231.4324037
294.2502803
335.5877146
381.5486163
353.8496076
357.4127679
235.3003622
167.5538249
185.4871471
280.9720659
236.699503
195.5750888
183.4867407
282.5838036
287.8658766
229.6103672
238.6650425
253.5522376
277.906544
295.2423853
211.8969442
271.7856582
204.9939956
186.2475161
243.955081
227.3620978
281.9044267
301.4677903
290.8336276
352.7472666
273.0849513
293.0258529
319.9765838
301.9856958
275.0222307
305.4188397
267.3392255
257.6534013
239.7773401
222.0343504
144.300372
165.9888442
212.4904505
283.6249225
151.8107825
157.328891
195.4805597
147.7663715
134.855704
116.4054327
179.0379191
254.0128388
153.2038621
158.2191728
186.4541059
233.6827555
200.5894606
249.2360253
193.2863046
231.8339735
313.0021345
225.6190845
322.1121713
244.7006671
328.971468
322.1470476
351.5045572
353.7976975
355.800181
354.3968904
366.1295501
231.6105708
183.9262965
199.1700435
217.0074366
207.2315542
172.0507568
175.804197
248.2467793
245.7869556
242.2250787
254.832795
220.7878717
228.0558055
253.7686915
272.3054302
282.8420721
308.7062321
288.8203749
282.9597674
286.3047759
237.8268543
293.7698057
245.8848689
312.766362
288.6487981
270.8529957
283.424449
305.2729864
252.1028255
312.9412339
310.3361442
209.8405563
190.8944156
226.3392265
234.9744138
185.6765274
257.8662939
171.7171858
182.6331387
237.0681864
210.032783
266.28116
214.9494813
210.1945237
241.7812161
193.2772575
222.2998228
229.9489775
243.7629571
183.6258031
187.7824557
237.0611375
273.2659526
284.6731536
237.8653561
197.8446564
190.8935833
262.3963434
260.4984653
303.7880003
278.804898
162.1645077
224.5698319
222.1482917
243.6340639
245.7716665
192.5289095
252.7331325
173.4497106
292.6292532
216.9110323
219.7150537
260.3394017
254.6439559
243.9923369
261.5605419
253.1043327
309.5484244
295.1412902
282.5135627
303.8000103
314.5027568
323.3536244
277.8125589
267.1179709
238.3957797
259.8093587
309.8616711
185.2884024
162.9550465
212.510965
182.5094676
242.9779321
279.8149717
309.3596016
271.9729878
229.5590726
187.1274693
182.2255494
211.7603078
253.4723056
272.9312459
270.4322673
293.6746753
289.783998
209.1559622
257.6152565
348.6394614
289.1233302
271.5152989
267.397927
256.9123555
257.3804652
287.3065272
257.2754969
207.0653223
152.2387463
155.4503034
172.8846051
217.5944343
241.8553265
337.4198154
249.8431815
222.9139763
282.3635414
325.5231477
294.6244405
258.1507782
238.8532641
260.7263722
225.0416402
179.6247845
199.7183088
231.4951499
236.3314105
240.3924189
203.8659626
251.0564548
268.8863073
196.8425875
219.0096973
171.1459903
225.986096
230.407597
211.7866887
228.3867717
198.6048616
162.6626527
165.1891744
208.3804333
195.8839861
212.9165855
227.2828131
246.8523446
255.9056594
265.934257
273.6268502
289.0553738
319.2775402
304.836855
290.7650524
259.0913976
331.9706682
188.1048133
220.4694952
162.8098161
140.6914759
204.59231
235.1598235
170.0928492
164.9231818
174.736176
158.5510588
168.3756949
172.1265675
161.4742838
194.843399
265.8461755
242.199162
311.2797081
251.1224169
205.8577012
179.6725153
265.0249109
255.8951273
245.0109146
255.7860159
182.9538096
184.9353075
276.9059468
204.357439
200.6914519
395.3294038
204.1643738
381.8172549
202.9723516
224.3433009
367.6739461
387.2312925
507.3643325
484.9285785
539.1225926
503.1002859
576.7332965
633.2161457
607.8419562
689.1108383
636.5090288
640.1740361
734.1609065
797.2555255
679.587909
673.4268221
630.1956729
651.4939063
494.8654716
419.1411592
497.9134451
414.965196
321.4133397
266.6849711
253.8990536
321.7007817
346.3161669
319.4807856
292.6420861
297.5914077
312.6343447
318.278021
327.9819141
340.0107486
308.5406074
168.1225337
174.2704895
321.0669631
185.846996
324.5363674
387.6621949
304.8736118
258.2418598
433.0545467
415.1403166
301.1275019
471.0361038
417.0750399
498.5867067
458.9987478
478.0033874
481.1585499
578.912274
653.5566427
517.221283
571.834887
559.997273
481.0968102
580.0701779
421.6090472
404.5243746
433.2083093
445.858207
440.3849832
444.3286699
355.9589241
311.9206601
329.3728116
326.1723924
395.1113442
318.568872
264.7319873
247.0633374
242.3885022
253.9537814
275.2742437
292.3079174
194.2227056
194.6663523
175.8982099
215.7297797
287.1540463
198.7224733
321.8035594
387.450039
232.1824277
321.6994767
375.01163
438.0569318
336.7500426
381.6531617
502.2114973
394.6255478
458.2796167
500.5061287
489.8474249
428.6672569
490.006772
457.8090214
424.3217989
410.005547
504.3068921
546.8278115
562.8116348
456.6916705
484.9671135
468.0303207
438.6625613
390.4834383
381.6243309
436.3575743
423.8216571
271.4645736
274.8747476
273.3736427
277.704988
301.5909068
310.3116224
268.6421883
244.8189416
180.0388353
184.2856216
194.2737496
208.2857136
193.2036253
336.1885422
306.6209822
199.5313571
440.9013314
369.0573564
553.6959532
592.1757313
448.5465284
567.7761134
480.048596
530.2669687
568.9466877
507.6660659
596.5346958
582.8081686
662.5033239
607.2975429
511.3963602
494.8945207
546.1540362
585.7245406
699.5110219
670.55872
455.9156317
393.2977346
342.7515299
344.6389968
352.9903317
304.690484
358.3170023
376.4054947
379.5718983
336.7625376
289.2770888
265.1882172
257.1742137
173.8727794
177.8705522
185.4007668
181.375015
183.2321533
337.1839882
398.49677
290.4935212
396.3934788
378.8425646
295.6467713
288.8667344
370.8900169
390.0397269
475.4475816
482.7767817
527.915144
442.5642566
472.7807381
517.6651766
493.6822741
487.8829944
525.5457665
632.5049683
633.3908813
622.1426543
560.3174575
497.7883716
465.0282622
408.7039494
365.0860778
375.5576345
416.5597234
409.43674
462.3854504
450.6931603
453.1010805
415.7733443
363.1345812
298.0369107
275.1431767
197.0532388
196.7940659
212.8785956
198.8491689
179.5535863
193.0873009
252.4745985
393.6498944
274.3334913
375.50995
499.3031073
325.9874441
381.8694797
445.2563519
433.0987417
571.4958272
635.2254021
615.6681441
600.9046612
545.0458683
558.3191979
502.0639084
475.761029
483.0377803
517.7000501
539.9911142
476.8892936
377.208828
389.4584215
329.3752359
337.9805873
378.7665562
355.9688781
304.2610156
343.9494122
300.5676549
314.7052153
330.9561277
348.5171401
331.7206215
287.2287999
152.6364006
176.9380142
262.2668021
302.7962446
183.2943126
366.2701198
205.1738748
223.4184171
284.4591409
282.8469404
420.7486318
523.8857026
357.8201737
444.2025429
518.7664234
390.5984177
494.0364513
410.5158137
426.0207978
478.1608035
596.6714959
498.1717742
508.9883847
486.6367174
464.9285348
506.7800646
448.4467147
450.1420409
464.9169242
410.2177611
450.0026117
458.8879474
375.445041
412.550378
333.0608902
332.5716859
317.2366221
316.5708538
316.765656
264.6645912
234.8542112
200.4998949
193.3984938
193.357042
203.0828515
192.9595974
184.2220576
467.6241699
214.4420404
320.7067779
411.4453843
436.5236271
329.3186355
343.5322393
419.7320776
414.4570827
508.3076819
418.3084745
372.0107969
464.0665374
486.7323724
506.5153755
456.3711883
421.7323423
433.0037451
402.5444222
457.1355606
535.433127
395.9370747
423.2924509
420.5387999
398.7368844
382.819348
365.0226686
302.2856227
290.2124596
386.5480387
405.956173
297.804851
306.3268661
276.7275071
252.7276944
233.2921517
195.4705639
188.0710882
298.2944086
311.6959785
360.2555413
315.9820979
356.492326
390.9977635
363.9981817
319.0834199
479.5551294
386.281077
389.2508556
423.5904313
401.3738824
405.7599437
464.8885871
415.0951253
517.5029174
451.4054755
441.2763077
440.4766577
379.6433029
467.3884383
453.7805254
492.2778509
575.3422892
473.728469
422.4904726
371.1905018
410.4842505
407.904033
398.6342971
401.9840301
346.213888
354.4550738
353.0703556
330.4082427
279.7742923
260.7777532
168.7901385
188.3782332
374.5612847
282.329503
209.6969058
293.0682085
199.0392486
455.597685
323.1319473
377.0345747
393.2085593
304.4284717
345.1562748
394.2839234
419.0259515
489.2741669
416.3464221
411.1942226
430.8458779
354.0447196
442.7694318
429.0620993
401.6274144
463.2603438
497.2579317
510.2229276
467.3746956
466.4413513
445.8588792
442.8777325
412.1303022
446.506896
411.511427
409.357841
373.8689348
382.4692698
409.3487396
428.5389398
421.602322
373.9836427
151.8825317
237.2470012
164.3096464
166.5763532
191.4571775
236.8932617
299.8030115
373.518082
315.233881
343.4967345
261.6608372
431.4412306
368.9692451
327.2035621
313.5328231
361.9271359
379.5827921
393.5645909
355.0050533
422.7360521
504.6247517
489.1724012
411.9447244
357.5424881
381.8252374
441.5549772
553.7568926
439.8110118
472.8241694
388.7401944
380.485705
411.9877653
427.6608486
375.0295753
385.2224599
391.4855932
408.2041526
378.0631219
337.649119
290.5782192
248.4481929
197.1494978
182.9169015
184.0362427
218.9930228
272.8095628
246.3215008
182.3342264
426.2534771
409.8393757
375.5871099
273.4343762
344.6114044
283.5117639
313.5335554
317.881764
323.3754976
349.7479961
353.4642218
341.9151778
336.8632067
388.2007174
372.784629
374.0221478
352.5155012
351.2535186
410.2571234
445.7730959
416.8204974
426.7288568
394.9797337
388.8529442
446.4394236
407.120882
357.621706
339.5610337
355.9425223
381.2017534
410.4785857
402.6238004
174.8648246
182.1270306
335.3362148
263.9643002
191.1026152
251.948056
209.5276613
266.5362114
254.74262
334.6087954
330.4183367
291.7235024
320.596562
352.0450335
386.6964054
509.924461
296.7309726
295.5247872
311.6688849
340.0565359
360.893079
396.0114239
320.3091747
352.8202657
351.8877191
355.8314197
386.1073967
311.8268374
393.0258222
433.0344416
453.9273778
384.7849325
376.9168006
392.5000435
444.8468431
389.9280445
334.7112666
332.4896414
304.5509879
162.5386213
213.8839841
314.3030055
175.1429561
188.286832
345.8990882
307.7020111
291.0609046
353.5450147
435.120224
383.9941512
398.5898533
406.9360358
336.2266711
354.9151112
367.4475558
410.8534716
400.2802607
309.89757
351.6486884
416.1413167
387.1483624
381.3831934
439.5181876
392.5078984
426.9555466
440.3285528
465.3319583
419.6317824
349.3149413
321.454223
412.1665611
413.5087089
406.6674706
412.3172527
442.3693215
404.269626
390.3937949
345.3954829
232.4557035
242.9369045
229.490279
196.7758664
184.6056864
260.4467273
282.7039249
209.7044567
269.2903999
333.9209426
352.9818496
293.4981636
378.2754412
497.2063435
345.5628396
285.3234723
352.99644
464.6490224
376.15452
379.0067907
477.5468597
423.6147154
370.6888884
388.4813394
409.744293
432.170615
491.8218356
448.0235748
473.0263546
412.6704359
343.6802031
373.3422413
401.0249483
410.18555
381.6902077
391.1295509
426.622859
447.8617858
430.0723527
153.2711944
236.9752614
315.0207231
270.0454726
208.6362894
208.4871594
202.7540727
329.6164064
255.505482
391.5060492
306.5759417
288.2030732
350.5397165
387.1727164
395.8067062
326.5714224
283.6569656
320.1610848
368.9476096
375.8175605
374.5688883
376.6445752
307.006679
352.7386016
398.0478871
396.7637017
400.1524736
407.9603944
459.6581166
451.9678705
422.3126009
398.4632038
402.7212122
389.3418604
438.036438
428.5893483
451.037224
441.2841943
261.8611971
205.4262954
196.4996973
236.3602558
244.9704721
187.9386127
320.2520025
263.5698656
271.93883
240.7351112
303.2041963
244.8312407
263.0457747
299.516076
399.7545779
403.6336842
424.3962565
398.8565582
459.352789
439.6453746
423.1416398
412.1301106
416.9680926
351.7477388
325.7922009
353.0010324
445.7234576
511.7447511
411.3082287
339.8609306
306.4801388
371.986143
389.6650114
362.0287175
364.0958696
368.8488744
402.4059559
367.5548619
341.5264743
169.2740255
165.2949422
168.0665655
169.7119722
274.195331
174.2638415
294.949882
209.8116352
256.1256686
270.5628849
314.5246776
258.3152905
300.4446189
355.9541006
315.3308546
349.3943744
395.6164397
442.4178018
388.3683512
431.1918151
405.7807199
404.524999
378.2135656
399.0778097
357.3832941
377.6604807
349.0373522
321.6481986
343.8430846
352.4764178
371.9699692
351.7105852
367.9957675
335.9817953
325.0242561
358.7150326
248.5868114
160.9974397
195.7761999
200.7333316
183.5012454
200.0949859
207.8520996
185.1760361
379.2359252
338.8823337
290.7413885
280.0018579
361.0025132
302.0913821
347.6496522
362.9135353
266.2513243
275.3954097
311.1138503
283.6201988
270.6745753
314.0488417
294.0964254
319.2191368
311.7574315
325.0078695
333.0371584
330.8287152
262.5413817
249.4160597
236.8740592
314.6173124
339.05679
303.9308708
305.7590501
320.2731074
291.1364417
229.0277632
168.4981663
167.5630496
164.67439
160.3250129
167.0429202
157.7588777
312.1711333
225.940003
199.4833214
278.7919257
246.2468233
182.4212263
249.1606919
292.0041582
294.4183991
276.9401235
300.2637402
339.2988348
244.6593397
278.0676088
312.3692994
315.6281164
272.5959989
249.5523217
302.0444596
341.0888076
346.773058
366.1985632
398.5129756
322.8849504
293.9804722
367.4372437
356.9663995
377.2970635
404.8205114
158.9585812
214.7906354
304.1987341
189.0580528
205.1375477
226.920402
196.0252273
299.4181086
292.0953976
326.2608823
321.3590701
195.2481481
192.3827741
208.7801829
293.9064888
248.1156249
303.6332348
276.8105835
250.5137854
301.8246395
306.4314345
317.8424648
255.4294095
293.660222
279.2742539
341.6690485
375.1210916
311.3017294
287.4176757
303.5775833
346.1727651
295.0934951
361.2833766
322.6824962
275.6962548
234.3313098
151.7275429
178.1487093
186.3145162
178.4058748
159.0052543
153.2567143
204.1303725
267.2077098
286.3149697
285.0733808
270.7415396
266.3577464
266.6122923
266.6019389
381.3072385
249.5362893
314.2930112
218.6800667
249.829942
326.061801
330.291225
309.7830198
302.3938665
371.0032792
367.0792668
302.6646755
301.612884
260.8726114
322.0330248
307.6359318
318.7558056
342.4069536
362.8264893
390.5268323
201.61084
157.4912631
199.5014368
191.9279968
180.3586079
185.6285674
203.2311221
303.096311
291.5421136
237.4624595
282.6967375
193.9085732
226.5546216
260.1249844
248.9286042
270.8187247
226.0836483
280.2485871
218.8598455
286.8796597
319.3154627
330.235733
299.6417904
305.8429086
329.3224793
404.5359472
368.7092123
333.9488173
291.6591173
315.3667779
349.5847598
347.421201
334.4299723
347.743577
252.0483222
153.0321315
167.4147754
166.6679352
156.9927424
203.1092113
319.7242879
188.3655483
241.9094431
217.1952374
242.303967
206.1195749
170.4877086
246.8629708
269.5329003
299.3570243
283.7341124
325.1720869
291.881091
337.6389109
411.1376746
365.3429593
337.1950155
333.3796053
321.4922822
349.4602536
331.894629
303.162843
298.7608224
305.7365247
321.1006862
320.8056125
321.2241556
224.6628009
165.2866511
171.1933222
167.3475142
183.2242361
229.1846552
284.8341078
338.5471412
289.2384088
227.9873471
266.9032822
301.6697669
221.417019
269.4669
336.5941267
245.4245033
298.5828366
306.5776128
268.4317721
268.6676114
354.9816496
374.9952248
281.8319435
319.9177814
317.4483509
332.7167036
365.9713706
341.5927302
298.9619512
354.704606
385.9407485
344.0295662
233.3626827
162.4137174
176.0562712
187.2969255
197.7951862
214.6961046
197.5006248
207.8041523
243.1927506
299.1738707
255.4448543
250.4145514
282.4296522
275.6028655
295.5277095
249.3445741
307.7598047
316.1946738
288.4135531
310.4345707
320.0302074
305.8527805
307.4156065
214.272846
239.3878555
289.5787192
297.3601795
271.0548237
210.9140978
241.7074528
262.7158377
223.7493842
151.6024603
177.9958185
177.4130713
158.9402259
166.8546441
194.015372
245.628601
183.1398521
259.6742062
308.387476
371.2758205
284.3177057
305.3089699
282.8990694
242.3595759
259.8949658
317.6665581
277.7272869
297.9109013
337.1191907
344.1130999
342.0975168
316.1117352
343.0519775
360.5155937
384.4450532
428.5882065
372.6485811
352.9145093
221.6098924
176.1419107
199.5892519
190.7683586
183.7393933
199.4413159
234.1518521
227.1547005
199.4066522
300.9022763
223.6809787
239.4699708
168.4388887
159.0905155
155.6951596
151.232654
217.6092642
230.2893344
258.9758452
271.3533865
288.1690317
244.2363817
198.8972891
247.5285014
314.3198822
353.5479168
316.6482439
298.2441206
267.2287546
196.795957
162.3635371
165.7594733
158.0369052
224.9153393
200.1432662
192.9596454
156.3826669
188.4609977
242.3801115
235.8763307
202.0520038
311.7630477
280.34364
179.0223498
259.0544929
278.3895234
233.6057085
284.2589523
266.0873812
288.8384118
267.7699173
236.1645692
223.1186184
237.3549164
275.269842
238.1002814
326.4389666
216.4343947
239.3967147
251.3789751
297.0382868
271.763499
222.750884
210.4819229
240.1994789
279.9316033
270.4891266
184.5072365
286.6978635
186.8865474
195.3196749
184.4737439
275.1673503
252.8997616
254.7610528
234.9120381
210.3439595
297.0451103
263.1062488
262.5652982
292.5544791
260.8155643
273.0005104
193.5505569
184.5735785
175.1905521
255.8116257
177.725203
194.2914141
202.1026926
215.0042717
215.0635375
196.6052314
198.054427
215.0475531
322.2231054
296.0600438
236.8145862
214.8801916
204.0803176
187.7134035
203.4620852
223.9596141
219.4377456
166.9831843
238.8917792
242.3499681
205.2779225
221.8075633
202.8180696
281.2558519
249.9017121
217.0294278
247.2182335
333.1998991
324.6578398
259.707287
255.8704533
290.4230316
340.4635856
251.4130406
286.6161303
283.7862945
249.1294936
298.999698
208.0126912
245.0487143
233.4507543
181.2639184
272.2523501
162.7736842
180.6199903
180.9691212
242.8778438
282.085136
249.7740033
222.5881723
241.2129515
286.9493834
205.9229084
193.7839382
259.5974007
180.7979968
182.5412374
184.4103648
178.6450611
266.3745355
246.7066249
298.8106204
330.2901151
506.4105798
344.2263503
498.7842202
327.7497847
463.1988524
499.9364751
472.6725604
603.870007
554.6867721
542.9305591
629.2855262
546.1011509
676.0907548
551.48853
512.3902697
638.8530273
718.235548
700.8016064
621.2186239
528.7442753
468.0469816
374.3541212
374.2290461
356.0197221
366.3965133
395.8955462
374.4760585
338.7852931
329.0468479
357.8036859
277.0862629
289.3404916
304.7949225
196.2886645
194.8966493
202.9810584
370.6600079
287.2273686
297.2000626
178.0845868
172.6423186
417.6093456
399.3715539
505.9103654
433.9072033
470.5351778
528.2518279
564.9515797
550.4925212
464.2673221
571.100617
533.2589608
570.4611332
538.0213388
570.877302
461.6307845
490.3010922
556.2403117
535.3839668
504.921206
421.7948807
473.3510593
520.1429361
425.8966872
355.5436972
334.1007308
313.1267724
344.4664198
316.6321154
278.9621591
276.700659
305.907032
323.5244836
293.5782111
184.5697454
269.2281877
236.8958081
193.5212196
316.335685
400.2751968
451.2365331
498.0564812
382.0083297
352.7732818
411.0310526
364.5736727
415.4714762
512.0052351
500.6248952
462.3505575
425.3673702
417.0052969
453.3597089
456.0587049
471.2027089
436.6370399
513.9259219
499.6489611
505.3326872
495.1087686
507.8651866
426.5961523
469.8154092
496.0423101
510.2435993
449.0900661
409.9027362
380.903207
319.0988444
338.0252353
411.1092121
380.4287528
336.9667519
316.0844975
337.7453993
156.8410457
339.8259627
266.9863936
206.8333787
215.84959
325.6769347
201.2777453
141.3276892
327.9056983
267.7334683
334.3707377
377.7369962
367.6594071
459.8955111
450.6140472
488.3760453
597.440038
561.1335256
517.9742306
475.6910995
727.7401301
704.493528
514.4423543
472.5160743
439.1374018
438.3860659
519.2062696
530.8250294
490.2732434
461.5192336
422.6747593
377.5406432
338.9510649
376.2495168
383.5809785
284.817611
251.8577999
281.9227067
317.0488336
268.3044797
232.387824
186.9649815
172.7265792
163.1583071
161.957077
211.8793375
358.4132152
298.2353062
199.1059805
286.1840561
418.223896
409.012314
389.5692946
497.2471181
384.8797537
480.939898
686.9344439
607.8979037
546.2255025
535.8968038
560.7474762
502.4435696
487.3763297
515.3549411
524.4802325
401.4164077
488.1692484
476.1314674
450.1020699
516.0865667
478.5932391
406.1680791
397.5643909
403.0119448
435.7851349
345.8193592
322.1147834
331.5560793
337.2702622
318.5458755
312.6178779
272.8120598
179.1060268
190.5839918
188.2244874
224.2663886
199.9982405
200.6957541
338.311811
480.2572854
356.2829037
356.1170146
322.7369512
340.1050502
355.0763365
355.4975617
431.9920106
402.6094568
527.6895525
491.0240332
388.5869825
415.1707241
475.4742053
492.060278
453.5109677
478.6269462
605.8393271
620.7904721
624.6572701
546.52587
455.5508697
555.4069865
458.9349839
451.4609575
497.6235712
546.4855439
547.8572686
468.0131324
430.5316668
447.2198415
350.8299998
305.8502116
346.8145947
251.4919353
190.2455095
156.0765887
294.1622331
172.0061798
242.5347468
239.0695986
315.3371954
349.0633904
267.3324716
434.1438453
389.5065946
322.5883887
375.0130968
401.3765247
463.5324605
485.3497644
544.8295061
420.1768325
464.6459607
492.0319233
464.8622803
541.6599525
580.6291654
579.0451098
526.0623511
654.8490191
539.894268
486.4736899
490.945641
438.2807194
467.9482765
462.9753468
426.260152
508.8083608
467.6930204
416.7564183
372.3605814
365.0223493
388.4241434
371.6532973
175.3183196
183.5588863
185.1876857
254.7974304
351.4592143
376.7232019
255.8319267
204.9799968
402.2075473
396.6613066
396.6630676
403.5231339
469.3717777
490.6232706
429.0622392
430.9178846
473.0178661
482.3155157
460.7419226
434.9583049
529.9598746
511.9375122
486.9551595
497.6277425
492.9068625
445.7532168
455.8124533
491.707007
433.4719724
464.5950709
441.370207
432.6096587
447.2729056
396.0240925
415.3873767
438.9256063
392.2612971
341.9725025
293.0124729
286.3464093
158.7107628
171.7191598
183.1271167
186.4909054
175.5771597
329.0330998
256.3084257
269.1827942
273.0695524
261.9330652
282.045402
352.0399932
384.5666236
318.2218576
432.2163995
397.4313849
395.3223084
450.1461877
427.5187822
338.4601851
386.5649254
422.7628079
408.2833226
377.860472
392.4726442
431.9156385
505.7729704
444.3788339
477.7617503
478.0564934
478.6789782
377.3079899
372.2116634
381.0275933
346.6648305
354.5927323
395.9307384
387.6565932
385.0493657
362.3232888
210.4466429
199.64805
419.1025268
240.9853825
282.3658129
234.6762697
150.3788296
263.2425853
136.1420642
171.3365458
273.4862945
287.6494019
256.2263379
358.6224978
349.0915743
285.1544074
304.3730688
319.9405339
375.0983501
498.6985511
423.3309197
455.0411128
474.5590161
449.6591887
366.7428317
410.9332348
438.0352554
508.0049224
549.3352679
488.7399846
422.2381326
378.2001198
371.1934372
378.8463971
363.8414145
294.5773856
332.9918045
340.127052
370.9389855
396.8283404
246.1755619
193.4136995
186.2752245
276.493166
262.3597426
248.6052056
205.8603436
421.5514317
316.4406655
312.0214561
376.3238545
386.6068651
377.1429276
367.2610128
420.4078793
349.8315008
393.6940678
378.6606597
370.7619673
378.234767
413.1210155
445.7371108
445.1466307
391.6921266
303.0938999
392.5556242
365.0657754
453.7195536
416.6114784
480.9967595
530.7717796
483.5289325
396.14968
352.6009956
368.7476685
368.3365931
318.5038051
299.0363232
252.432614
286.6502051
138.8602789
166.8719889
157.950134
257.3112281
189.4419954
182.2354757
250.0618725
266.9533315
307.7908256
373.521511
363.9593861
444.6897284
311.7736595
366.4590339
437.549601
438.4940112
441.1154211
380.8619246
480.9947422
408.4262362
385.626612
434.0164922
456.0693622
417.80373
452.2612386
447.7735198
415.3087376
436.0802732
445.6038227
375.5011175
371.4176482
331.2157997
366.4983922
411.9017401
415.0295141
433.8329174
475.1735003
456.5351215
336.0561293
170.6324027
176.5245917
161.0775469
218.8081572
216.0184198
151.9352516
155.2450237
281.6895662
316.2606634
221.5604483
218.774366
220.7175253
203.7809757
298.8547925
348.8097672
298.0949218
372.5074995
409.2278061
412.8849892
383.8996399
352.8808156
367.1998602
433.0054091
419.730048
439.7546744
321.4582227
388.9193663
429.8081617
370.1130451
316.8173175
324.2235179
383.8731725
351.8534119
361.9972075
359.1191874
321.6370932
318.7879724
368.668691
394.3419727
245.0414427
191.9105036
274.7326263
180.2380064
183.1183342
196.173462
175.3322977
234.9270707
336.3390566
326.0257006
303.1671125
373.5055625
348.6828645
214.4775936
363.6799085
352.1139706
357.3601879
257.481844
294.9027635
338.3302009
274.4807611
274.9673217
274.5705969
302.0828679
346.2852361
405.835134
376.5043077
364.8310203
342.7634335
361.7865664
342.3165652
364.7118191
367.3805886
318.8316304
324.4697552
338.6242635
294.8974333
264.6882871
301.4658142
179.6398448
308.0185384
186.415718
188.8024279
206.8813645
248.569275
262.3041682
193.3102364
176.4072302
284.9589249
294.1414547
301.7026516
246.5643647
206.4738739
260.6902971
269.9942888
363.9715419
402.5616961
268.2570119
238.5420179
328.4049069
257.8893743
317.7699232
336.5948762
331.188523
323.6598676
356.6282672
393.9407132
352.8837888
357.7694386
298.9142084
347.3278567
396.3177934
349.7592576
383.8131824
338.799662
282.3231114
328.1428494
274.673549
349.3023596
160.2132073
167.6116492
169.4256032
157.9251422
150.4942786
164.6933152
222.7253757
175.266237
188.2612056
258.8036836
284.9951872
320.6468168
361.3640615
349.7807343
315.2858031
289.2155033
385.1715424
278.6709563
252.1490615
275.2438184
265.3527846
245.8698093
302.5554346
373.6405048
381.9290404
344.3006001
381.5803947
405.2855136
341.8541611
297.7431175
362.2308633
378.4541999
403.9547502
408.5618283
436.1191548
368.8951835
365.7517696
200.8546456
194.4871548
201.4689334
208.152456
194.0215452
209.3130294
186.7166761
200.1827909
311.6785988
279.5593428
283.306724
241.6083695
321.0367478
333.5352695
318.5658902
279.7771911
352.1304974
378.0987353
300.9240449
322.7822815
331.1188557
270.8371861
299.8776108
255.5885432
265.2985678
358.3171116
390.1729133
364.0769
364.8843849
304.4600729
296.7090876
300.573902
308.3692736
311.7728255
343.2303735
433.2573933
351.0501502
154.4987974
179.4579886
200.5982487
197.5316701
244.1953168
398.5070957
224.5241201
268.7123822
321.2542945
303.6000629
232.735053
261.9703953
225.1579601
277.7783608
366.6203821
349.4713415
385.5564609
400.0982889
397.0216891
344.3682766
339.1763901
344.4369821
297.3121229
264.7751041
324.6948803
313.7851382
403.493419
376.2771595
333.5834708
324.9852143
343.7347693
333.3102703
384.9460979
414.7323294
418.5578384
381.9062351
240.6953794
181.2266489
173.0016383
186.2222069
224.0891237
262.7290679
226.0674503
232.6886593
250.0566624
375.7729576
362.7317232
361.4840927
201.7312783
188.9059691
237.6626989
314.17952
266.6612279
274.7434997
300.7535782
314.157465
338.7130099
364.5677514
425.5902748
319.4186704
349.5263178
353.2832126
331.3881883
320.7492077
348.1190749
329.3978332
348.7248937
380.7147265
383.2831531
377.9461454
321.6310349
313.6781629
134.4539616
157.4688192
155.5927344
147.6007446
187.969065
194.3342564
277.2159245
255.4595882
204.8949913
261.2791999
189.3579995
161.5434978
281.5192939
203.3432347
288.6139699
243.3184598
243.3369503
337.2923787
316.7609265
301.9597811
326.2323474
382.5273127
450.8393536
371.8683943
301.4265065
293.43645
324.9348298
306.9091844
309.3550293
329.7615002
368.2749129
408.910383
389.0412607
350.6596524
365.6407717
266.2547614
171.699445
278.6183233
170.6238504
167.3546272
177.6115007
311.1786802
198.189239
211.0643461
260.9603028
164.6688854
194.1120674
152.9583607
191.413948
185.8738684
243.9904038
163.9026541
192.9124838
315.1571867
300.8907712
234.106278
218.1727418
286.3619407
362.8085109
358.418546
331.4826018
361.9463004
351.9149503
368.7804894
405.6044708
404.3745001
375.0449668
313.9066254
416.1118758
385.701059
245.4438647
164.5131978
189.4948792
260.0843194
276.8618518
192.7699661
233.9704063
189.9566363
304.951071
241.2395406
289.6416614
244.2224951
280.5025566
282.4295307
287.0040358
313.9467303
386.1924393
420.7755648
304.4334685
249.4201018
285.1054034
246.1392962
247.1886145
258.0869058
373.8143046
417.840656
351.302535
400.4044448
306.2899366
302.5226145
349.1663231
384.8483827
403.2251283
442.85168
210.2412408
189.2368681
171.4232594
282.5853118
185.7200607
193.1003256
208.6847175
256.8839981
278.6744281
414.9320136
347.2533734
244.923529
231.8572227
239.9202172
283.2426858
238.1288783
296.9584249
285.6130916
282.0312655
331.993869
336.6097132
308.4735286
278.8226069
322.8103913
311.4395603
340.046279
331.0845037
352.4942675
303.6549941
324.4477396
322.0495681
319.7469519
291.0364819
195.964444
196.0163235
211.8519778
236.0793137
209.2034399
310.2399894
216.1501838
224.8805798
263.5847069
261.6061171
317.5415673
245.1400852
195.9130037
240.4211784
264.1131857
278.1858816
355.5346736
285.2735217
265.716413
293.6248386
311.5280224
315.3737793
324.2521988
358.651624
376.4280691
323.8400547
327.7159546
279.7695989
232.0147693
263.3477079
292.0553963
307.2165476
199.1157657
179.3200827
174.6923993
170.9742519
171.3003244
252.7016952
179.814268
290.9770044
308.9993524
333.9240993
288.5289188
264.3089609
278.9617662
292.0737648
300.7857186
265.644986
313.6634185
327.4867762
252.2544813
316.3750342
329.2125859
290.3712671
310.7454919
352.8080347
360.3434806
335.0510017
361.867611
313.6327487
317.5579782
298.4305414
344.3710996
284.213952
178.2524862
198.7456803
196.3908557
303.8953024
200.2726381
202.6763966
208.3340593
193.4391725
172.2707178
241.7696256
225.571365
194.8553487
186.9503344
235.5571692
235.1105497
294.1501977
318.3971488
285.5477246
338.9293528
416.2191511
408.0619063
254.8675673
290.2792795
313.842638
366.7275054
381.9531694
366.6195162
338.0631599
378.0508004
220.9460447
154.3934345
171.6714946
265.9099683
255.032531
191.7802432
186.9558548
189.1441862
180.4800244
167.5985249
235.870539
225.0843126
222.315376
181.4127108
213.9775222
235.9914556
200.6627555
223.5191048
275.1998905
230.2320618
293.3118098
353.0712595
265.754943
261.2205399
291.3472186
311.8102217
345.4145487
333.7710299
301.593468
235.1268279
167.4643992
160.4975313
158.0827791
153.7454612
177.0479646
180.5495255
209.7538621
224.1229328
238.2597652
240.3503546
245.5525813
331.3600462
285.4744322
266.0498973
261.9929305
330.7792805
298.9595141
339.0406096
311.3133951
330.2709392
369.9047883
276.3040387
222.2231374
257.2252139
244.8452088
219.9283155
243.9511668
309.0247531
201.0736708
214.6371212
198.7675194
229.3225307
249.6077763
192.3408607
195.0359654
231.2547368
274.464817
234.0397339
177.6843742
233.2032882
203.7066235
178.9315841
260.0060967
263.8712259
273.7183102
301.6020092
315.943187
337.3064544
307.9150029
299.0302529
300.9523846
295.9693603
263.0703266
210.1023567
271.8845764
237.6111836
263.7187176
251.3323747
286.5260672
201.3678159
187.9463901
207.9686714
267.3890661
265.8688729
203.9480337
239.1602038
200.0557871
179.2980826
177.4405952
239.8663036
261.3649949
249.8319087
290.6102286
280.6474633
258.8241302
264.1201241
264.1953822
231.8812018
177.2974554
234.0101091
238.2733945
199.2430056
239.5856573
208.7009643
180.3133835
182.8333809
251.2048664
297.4950513
282.0997028
200.743951
173.8954127
201.4856092
211.3827578
246.733329
202.0035306
239.9123419
305.218282
234.7248244
223.7830846
232.9799854
234.2916798
234.2491441
280.3059273
210.1128783
192.2079934
174.8263072
161.6108045
209.0662068
255.5271219
224.7807527
156.7360532
234.1588489
235.4774046
245.3378112
270.5101554
219.1452392
224.52579
286.1572399
277.8865489
240.6732703
200.4582031
227.4396536
191.8275183
278.8427737
254.192015
202.9337852
262.4005071
349.6242569
322.9413176
199.0111921
182.9498578
180.4282522
351.2874852
187.3201279
214.7935202
357.6954371
180.4097387
218.0863527
322.2106892
475.2627544
390.149503
298.3699995
409.2233706
436.7001174
508.6957648
511.60338
494.7495828
559.0741025
512.0391685
619.8566061
556.0527083
534.8374191
597.9402177
549.3058141
547.3579519
454.6220437
474.2442286
447.3042315
408.3873864
391.913324
408.5254782
424.5648383
374.1074755
363.5728068
330.4473164
332.4250073
322.2704235
325.379702
281.3421866
324.9878599
156.3131529
179.9717841
181.7571114
193.363392
161.4032582
288.4995277
227.2124551
202.954895
387.8252254
288.3733518
306.601217
396.2156552
399.7361773
402.5390289
413.3377805
378.8209071
446.837394
460.9205756
467.1489428
470.4097538
439.4951121
495.0940085
446.6661409
395.2832567
519.989376
609.397392
548.2026045
482.9006063
455.86156
452.1836606
461.8606452
466.2888521
483.2351568
441.5361078
419.931162
426.8924405
425.4533955
381.684329
351.1694589
304.6879066
267.9576682
168.4314809
174.2510919
167.9506263
162.3915216
171.7859382
251.2258317
374.6870631
263.3448887
331.9247313
405.6985017
392.6791535
448.4447142
465.893847
479.7301794
500.6460295
451.407959
477.1518454
481.9593543
554.8061657
509.0838852
482.8032163
513.5566028
602.4860278
569.3417062
521.7270293
420.6758434
422.3808947
469.1122447
442.1170904
411.8035441
443.7778575
444.6297189
368.0514053
339.9662208
367.0386059
336.7882662
256.644365
274.614615
282.151055
241.4139324
263.3794227
241.7491531
199.2449997
222.7123152
218.4905282
212.1021628
217.1261763
213.9067808
523.9202568
387.7151556
269.2652835
390.1774461
378.954135
348.4182812
434.6247799
357.9647449
384.5682928
388.4449059
464.7129815
443.5263737
474.9724241
543.1070228
604.8129628
524.9083466
486.3205524
500.3808066
454.7225828
447.0880605
524.6113644
466.1185089
391.26173
371.3500867
340.6584775
294.8851735
389.31392
369.7444859
353.2875925
413.887954
355.2591803
331.5753529
351.2183741
359.0652249
178.3376715
157.4684496
158.9291678
180.1364851
173.0448354
261.553919
168.2576813
161.6235489
308.5441114
360.0348763
378.7697
378.6021353
388.9581483
474.7850686
534.804174
527.8875843
469.7555102
430.3208904
542.7203493
468.4148333
470.0953652
429.739812
446.7799842
461.6776934
396.6639403
417.7422509
460.070028
437.4287514
446.0775824
472.7477915
440.2433099
396.4250804
406.6894276
417.6197254
427.0111566
387.3033773
371.8131572
388.1449136
326.8920311
310.0686094
185.7264606
184.2583045
321.5839468
182.0745982
213.3671174
365.2552152
279.5148261
204.4339185
166.3006921
316.9458883
305.3203718
292.0050102
398.268971
267.29682
374.2120061
429.2097478
479.1696996
445.2782215
420.2552828
374.8517492
457.5160272
448.5512119
370.4297081
360.892806
432.4891931
451.2188737
421.9836686
428.3732073
452.2234824
501.6679362
461.4484643
420.914198
352.5801837
388.6498316
408.7715213
359.6480466
325.2343937
316.2788051
320.4765482
301.4990169
156.7196712
191.296619
210.085187
211.8631884
196.0759129
301.6561919
399.6029162
289.0268565
369.2288622
294.2994383
319.1909907
372.7981306
408.2666912
445.4067377
333.7289992
335.3958784
410.4384481
436.8959641
443.1616866
464.032126
476.1255026
384.8970661
381.656314
443.4017447
469.4737634
478.4784357
493.1383691
460.944427
437.4481101
366.0085224
405.2515124
369.0682026
306.0786409
250.7244615
303.4038176
323.664594
339.7219849
364.1659083
339.580587
371.0491873
188.9203756
173.8746986
173.5455888
178.2298575
307.4957852
262.5453656
165.8436212
236.5741683
310.9601668
310.142901
331.8564322
345.965988
338.9374252
411.5062406
461.3448113
468.9464876
421.1648937
402.6522038
392.5187524
454.8256841
425.3844154
501.4494393
417.6552292
355.7197832
411.8809962
413.9981887
444.440684
523.7997369
415.3909382
416.2890507
392.1290954
387.6480818
397.8847756
361.1929393
346.8637609
349.4528635
346.2625224
352.9102289
301.9305314
270.9182682
200.018847
194.9404473
193.6463153
201.4170252
366.2320524
339.213429
210.2411089
206.6807475
384.9263923
320.4692854
244.7970277
374.1226216
440.610536
340.5597599
313.5682454
334.1790555
410.733033
374.268051
462.2979272
463.3611526
329.8230075
295.2007571
322.0267045
355.1766401
311.4305476
337.8293331
415.8803774
512.3557515
519.4308549
461.2905151
431.0098675
436.7737291
434.9123664
440.6889973
435.7644081
404.1685325
337.989257
330.8465699
327.6427582
402.3293533
144.6771396
137.2817791
162.8489401
164.2855753
294.9591712
231.6063059
184.2444081
171.6548435
234.7337503
222.554173
250.1580996
311.8158663
381.8949263
326.2627585
325.1266313
400.6384481
399.9938308
386.219185
382.3738015
399.8190945
400.7932967
355.7223189
390.883533
359.0782189
401.7470046
402.454135
293.4528165
301.7963198
348.7335692
343.7341862
394.0651923
382.1235766
418.9915753
429.6322802
395.9245464
365.4599462
367.7927884
362.9861583
328.0881457
158.3005517
189.4684871
201.4919247
223.1108834
338.9863816
204.3213102
195.0944518
284.3263349
274.7193682
281.0877128
309.917565
368.98693
369.9637398
423.5463946
297.5236787
350.4268545
377.0717964
351.5031129
359.0261056
394.0016567
385.3943085
363.6438352
369.5377163
333.4495112
336.1814774
348.4499878
340.6690879
335.9550559
334.3579125
372.4978347
334.3303893
343.0749846
309.2366238
351.8205957
358.7012711
284.569182
282.0402632
315.5630956
283.4918563
220.7968728
202.8426802
190.2764463
267.9098351
243.0252179
195.447208
220.255557
218.6359625
157.6955806
234.6115333
304.1288495
325.2982053
299.3339551
320.7940611
377.7678371
400.8060206
449.314244
380.9043551
419.6573578
338.9766887
311.5026512
398.1659167
376.5017008
283.1131876
336.5018563
354.4357447
390.8886838
389.2588676
347.9943587
375.7133582
478.7032711
503.9063114
465.8580659
374.1200562
378.1856624
412.6514623
438.0829109
450.20977
421.1709992
163.8612678
195.1104005
297.6964482
243.2472987
256.4128345
191.1322876
343.2790677
221.1934737
307.8175295
415.2170084
461.3055989
361.1908611
310.9035039
346.8412371
420.6384532
398.4102887
372.7761475
247.9450115
345.6477297
329.1599719
364.4353617
366.0731169
462.4979243
346.7361662
292.3287691
258.7839602
309.2692441
339.6666444
320.3825292
323.7129189
335.7261114
384.644862
408.5724666
374.3759663
364.7701276
423.3151918
451.3488906
501.0233869
201.9316784
191.7050262
197.6072924
207.8237975
184.595176
271.6174451
320.4315054
303.0927433
331.7337433
345.5514148
256.0015245
368.6048163
352.8818746
389.8933468
273.0144083
402.0682846
523.8479165
421.4149975
386.2480947
441.7927646
367.8252898
402.583148
367.2775668
339.0048446
292.5133329
312.7209831
337.5998858
337.4715588
293.9151346
370.4393301
409.527873
351.4762806
355.8017629
406.5602473
414.8403171
374.1673763
379.0382415
299.294164
190.664995
192.047001
168.8179823
168.0275083
152.0412361
148.107998
184.3583373
293.7380172
232.0858168
272.0864695
244.7766574
261.1103079
219.2280385
302.3813396
280.0436995
241.2253183
318.8403475
433.5794231
390.9058146
327.883662
384.4148056
370.9810861
392.0276256
373.7865299
401.944964
403.8889547
412.206364
369.3249963
381.1210212
354.9136725
419.7979626
395.5669953
347.4118244
381.6642575
393.0764938
355.035228
279.3479242
272.6066725
243.7203071
222.4673481
189.2284079
181.3426882
180.1044754
158.0575
167.300675
310.2922085
273.7089569
308.9658488
290.8899889
262.8937384
319.1969195
301.7104821
387.0770859
292.1137185
381.7291231
422.7474922
481.0734994
535.4647879
422.5238158
497.3434066
510.862435
439.4638559
413.958485
458.3077222
431.6590626
414.2948554
403.1080536
431.0234582
481.6900376
382.136248
342.9718035
341.4548973
353.9443899
383.2656279
342.7080431
414.7412319
220.4175813
200.2399371
153.8361978
169.2977439
198.1685168
248.1492377
255.5977086
265.4100819
243.6926432
276.858223
309.5159726
370.6851843
304.4937578
282.1078825
333.4618806
332.6372011
280.519477
315.8723606
373.8427935
401.8091964
377.3998355
394.974572
344.7794753
306.8398212
227.8534232
221.7495818
312.0609374
320.8096666
334.312059
367.1201265
434.3832067
421.4346344
385.663072
402.9251437
401.7617599
448.6610316
214.0949032
195.1908857
208.6560927
199.3420846
178.0697073
232.4858672
202.2200797
185.990835
222.8134141
240.4156499
236.2189906
354.0374057
353.6893894
210.0443945
230.6443242
232.9977837
235.4692228
206.6871221
294.7378255
429.7694492
384.2781941
380.3066444
310.9955366
369.6327623
418.8429926
312.9076783
324.1905497
395.1464865
399.2494967
417.47198
342.0556227
358.5439731
359.5350422
335.9892212
392.5207945
396.671714
181.990651
215.4625091
222.3305947
216.4648523
187.9539593
189.0766808
213.5581279
230.4187984
254.8140166
302.0804677
271.5270591
305.3458986
212.4251315
201.1304754
321.4258641
315.6861043
268.5098048
270.0129465
277.6091757
323.904696
329.084416
326.0484094
333.7187688
308.5702165
347.8875563
282.2688378
230.6812612
271.4570497
311.7544287
284.932791
303.2624838
294.2535899
271.3422777
310.9743195
361.5898481
237.658178
166.1003553
208.6306557
226.1714422
229.098079
231.7344098
231.0321971
219.2830536
216.6038575
393.1249868
410.2654584
342.6285819
330.8559699
234.4004335
255.8012747
310.486659
369.9728961
339.7037745
300.8829506
298.4835864
308.5903462
335.949837
398.6043354
396.9356401
335.2686166
297.6920903
365.6454116
348.3251038
323.1431784
346.6285656
305.6764492
336.0467223
350.8507435
368.1077309
417.1941388
216.7742079
209.998438
160.5710418
158.0264462
148.5102164
282.5091702
158.3371807
160.3707601
291.5281633
220.6324662
239.1639897
244.4675088
301.9659446
249.5385329
219.7127598
194.9512545
271.7304034
244.1055294
285.4556652
279.3902997
297.0265805
337.2303413
351.3042333
365.3838756
359.0600232
320.8342657
356.0989566
384.6533603
390.2437931
345.8398868
344.5898282
327.1308423
321.6671637
299.743471
208.8446409
289.0798339
206.054702
202.9049014
195.4579284
247.5871344
227.8175048
170.3986548
194.8368024
205.3646025
203.158301
161.511262
165.1583723
188.654434
252.9155568
244.7668827
251.6034638
365.3106593
348.2497809
307.3609132
294.9249058
266.3289752
294.7297938
284.5280634
311.119507
252.973787
272.3910027
339.0250039
352.8056947
347.4714689
345.7623684
351.6707209
342.3989806
158.4926119
169.4263095
173.4614941
186.8049521
191.5687747
187.6863406
192.0878253
316.3909679
240.4788091
381.5611032
271.7035569
313.0142681
324.9977443
333.3715639
393.1371132
291.7612309
292.6755347
319.2365579
270.6271341
339.5862717
333.0963603
324.1476372
296.2781005
265.7487013
265.6089797
289.8972359
246.3031897
261.6856444
251.7165634
275.2151191
287.4142536
339.191785
261.2962119
167.1595785
170.6567697
203.5279692
225.0606048
244.0852961
213.7521455
174.9261813
229.831621
351.6708785
298.1470277
297.110015
272.7919527
251.3125769
300.519109
256.7108641
303.8948357
312.5817009
230.0910496
204.5080664
215.8943936
209.445654
181.4251324
214.6327255
270.2319946
233.4324675
301.2015781
273.4046604
298.4975237
259.3228476
256.0679742
237.4550858
215.505702
181.657247
212.9029899
208.7756299
232.0233913
323.5288698
283.0370398
256.5305312
346.8693682
329.2901538
322.96805
234.6240995
210.3599921
235.402826
241.6466047
237.2058959
257.7213661
204.3108101
216.491797
229.8246408
255.4944286
245.2761666
220.6648024
207.7580463
300.6404695
305.5555644
316.7065444
310.2787606
316.4203527
311.1041945
257.4535135
196.9166443
180.0781019
163.6714731
158.0481017
156.0701945
156.9526749
173.7932825
298.6628263
236.5595724
237.2394944
215.1504402
218.7498782
279.8301009
291.7043221
289.7016698
315.2734966
255.9884705
242.4863383
247.4933433
256.1053837
234.5848736
217.7475976
250.8285755
320.7153951
318.0348901
355.8532302
367.1572869
251.1751596
243.4856144
205.5726567
152.9976526
165.3630492
199.8117019
167.5699524
175.0863905
201.004143
239.4228393
167.6271316
199.2487802
278.9125772
249.0057087
165.9366061
212.7204994
216.4163184
307.6252382
242.7310341
166.6234536
231.8045274
229.5118217
233.0664614
253.6228126
214.9970307
197.5552568
233.9809685
260.9993902
364.7230913
287.8074108
214.0589188
205.1586787
321.1938409
210.8249337
218.6715893
154.4084276
148.7044113
163.6057402
172.0283459
144.8080568
224.3853624
237.9162687
273.127027
260.6946006
237.8050279
286.1596036
262.5493884
215.6963071
273.8190723
336.1971437
330.4361877
290.138605
245.3149701
216.3130782
254.5693707
312.7535183
384.901173
341.7523048
217.7474411
214.0631272
232.6667431
195.3595982
195.261196
211.7414627
226.6232833
163.9346134
171.2235116
221.501881
230.2607016
193.9696145
186.3579863
288.3855416
252.7484436
316.3873205
244.7846369
298.2587318
317.9743868
275.965819
258.9116912
235.6812281
273.0190107
256.3964119
407.4727189
200.9826888
198.6578262
248.9388633
241.5859078
224.3798677
228.7775026
219.0366408
225.9556338
209.5444678
276.5926973
283.9649552
223.4223832
317.2767014
265.9275424
270.3978547
281.8269965
281.9058787
295.6228375
283.8664881
238.5975234
211.7494869
271.5960235
281.764644
177.5273626
202.4484844
204.5918292
187.0756405
178.6607819
233.9369541
195.2695672
180.3130271
199.6528045
212.4580246
236.7721817
291.8070141
257.4564248
212.2481138
237.3199846
259.1805002
182.5930302
256.4146785
375.0238997
308.4701137
166.1445556
171.6149038
271.574577
283.3227445
202.8438104
270.3795868
261.0190793
211.005116
249.8692116
281.9146321
290.0039219
229.2066632
306.7903767
167.8575848
170.0596617
330.4717171
175.3185788
172.4881049
324.1560297
236.6878085
213.8374426
274.9729257
417.2502335
399.1723634
304.8423609
381.0967339
515.038521
425.3072596
429.8839335
435.5278646
447.3183739
582.6729371
510.1138999
566.1456332
500.0464359
465.152396
503.5388969
472.0345035
534.7051435
516.1221147
449.2937895
430.1078296
346.0113904
284.7897552
289.2395833
346.4379676
330.8905613
283.3276209
253.1237098
266.9742682
314.9246908
323.7737396
290.5726668
172.580256
213.8682495
252.0839026
209.1564727
191.6948333
347.4857214
178.3967908
289.310273
403.6892606
288.5373549
333.144577
352.1858682
331.7393186
459.3472962
340.0758074
359.4380658
415.6290042
459.0916477
480.7443442
447.0341257
479.5710307
389.4166282
450.8296527
440.3939926
524.9657085
560.1720893
554.5020654
563.3587854
506.6056254
501.027436
438.0560445
362.3645249
434.9589903
424.768263
382.7440034
353.9992665
379.245624
427.7352333
371.7598447
403.0406904
184.2515524
174.6326034
152.837382
157.9537993
140.1179722
215.3844901
129.8464703
289.2108352
287.6792587
140.2773839
258.7458195
293.1806555
198.7592667
206.1987254
287.4227801
326.7058632
369.7370009
408.6840766
429.4053151
433.1881602
391.0215295
422.747994
428.4828139
463.4737016
369.2364444
416.1686518
496.6478504
414.181657
452.3951833
424.223854
470.6713472
414.6083573
407.6283796
431.7670268
443.1653185
395.5916544
399.8798795
395.4594188
431.4611068
369.5179035
196.9180406
182.3317881
189.0954637
222.3707716
163.0764936
232.6081387
328.398013
288.1007
235.3328431
327.4503174
342.4269213
298.0999703
270.8615605
276.5944913
428.6991229
529.7522975
528.7251943
349.2418539
328.4542742
401.5377542
461.7949583
374.876802
424.6099655
406.985291
441.5076474
475.2815508
430.889876
499.8619094
451.6863106
398.7843897
385.1617746
408.806072
414.4940843
399.0398321
372.5851927
318.7529495
366.7279343
330.5274232
361.379946
318.6244116
205.0080758
200.9561534
216.8210252
217.1770931
226.1901002
236.0448317
506.4809213
297.362076
361.3368435
323.6429529
268.6262776
348.8156684
358.3430491
299.4486159
351.4851392
471.426697
364.6258771
320.583501
284.8795017
338.9064728
429.4226213
420.5273801
462.4347127
423.3301081
447.1953071
381.6198991
438.3520603
410.5626513
423.1050454
461.0970023
478.8225682
517.7411119
510.5410446
404.6041149
335.3091004
364.5369057
297.003324
279.5573009
268.3744573
249.1939519
187.715655
177.3064821
193.8198468
260.2065454
165.2079295
189.6317662
198.4520903
294.2749868
372.9036945
243.489204
323.9677692
292.1071572
478.3306476
511.4162962
473.699403
542.3304947
494.5778587
434.7020245
551.6648326
451.8326754
433.318059
514.3652402
429.1780251
422.4062462
426.8618976
479.1415665
449.1064602
371.031583
339.0684123
351.1842991
332.2716895
325.998683
361.8738422
337.4206457
323.4894527
396.2003002
388.8290064
384.4954038
446.6962731
380.3277457
223.3932509
191.3556607
191.5258572
189.2779531
177.6088926
334.849224
388.2010261
221.2223435
239.9204586
219.2626206
302.0531793
286.8834616
279.3861755
276.3715095
279.0738536
259.8622961
373.860301
377.6656499
428.5905581
426.7710155
442.0879829
444.018268
403.5436103
415.8640885
418.6243698
408.2953366
461.7508134
428.2071243
402.8266405
364.9847001
327.4798089
368.2678509
413.1761814
462.4287717
494.988094
482.0795741
440.1135182
440.8508216
450.4136856
424.8610569
160.8739469
170.7509855
184.2706974
359.2013567
336.7490837
294.4821422
247.721446
218.3138406
225.0641602
200.9329469
256.3037803
379.8487252
364.3540009
376.6670091
416.984939
328.7172464
462.6100553
428.4804224
412.221878
504.5739939
504.1029404
505.524869
417.6023173
316.611005
357.4590025
408.3745616
440.1973632
554.138953
514.7928814
470.67193
447.2331281
394.449832
361.1022655
340.4808607
361.0260241
392.7834006
435.8333799
445.800372
448.8933417
181.2506591
164.4600372
168.602351
328.0959107
175.1784392
172.1262478
242.0311265
197.0864848
338.0767448
254.9488043
317.0306946
368.7745816
458.2107842
386.8411427
365.8389177
393.7052139
468.2272048
577.8256608
455.2374212
467.3916179
444.7134207
527.2471426
452.3860389
470.9131685
453.9145458
476.1544145
510.1377624
554.2772544
562.6975139
510.5112764
417.1292277
434.9970447
450.2924628
391.3692317
358.9173055
409.1796726
422.8472535
375.4220978
385.4915378
200.4238653
193.6478519
198.1799973
330.5807631
247.5566277
278.4680499
257.9080811
238.3409477
162.5707754
209.3946364
212.7765514
325.6024766
247.1776545
266.190633
265.5051841
230.1037442
334.6476299
334.0823096
411.5890831
335.0665672
333.6022402
446.4366079
455.0638631
454.0841861
424.5156867
386.0202471
453.0003813
477.5593149
391.3205795
385.8124812
420.0407118
443.3105929
390.8775747
405.8881378
383.5587742
352.9557012
311.7287296
353.1818142
406.1727944
192.3821461
168.2934402
159.6047687
281.1116424
156.0281209
153.5230779
165.9177115
149.7952516
234.6573266
210.108447
163.0400797
168.316638
235.2654843
324.4015545
348.8120815
370.1181465
307.7929297
394.9832763
363.6306542
250.5459175
255.05935
260.1485076
374.1583252
459.7511957
399.1062676
375.3745325
342.2209775
390.9341903
379.0214517
404.0756436
345.7680713
324.1725527
356.786518
406.0092602
425.7258451
473.4027255
452.1867068
427.8381344
375.7141676
149.2046747
183.229507
206.3696192
234.2107763
170.3922884
176.5182639
214.0138298
270.8460364
254.4514503
226.4778755
327.6854873
370.7582209
263.5926278
319.2093509
359.8120804
316.1812509
401.3058306
431.1201882
423.0915983
340.9706417
334.8392578
316.3826621
371.1460517
372.2574436
359.6185158
303.5478859
319.3986869
373.6923887
417.6807779
434.5924655
387.2245344
403.2914758
397.6375028
385.2119054
408.2027344
433.8381218
434.2456409
450.3325912
216.2697556
197.0850265
183.3522153
181.0403554
180.4008134
178.539159
152.6816221
183.358405
238.6133753
262.5299503
328.6738659
322.5314543
304.3380484
234.6587124
272.3538411
313.4907087
405.7468659
346.7754215
247.723125
341.365584
286.323276
306.6684547
263.3843739
302.5296668
317.9102652
334.5702426
317.4163963
314.7945674
328.4748107
337.3002714
340.7115046
284.9543568
308.5805123
319.7049605
330.2818326
354.5992373
389.6374399
392.3770799
129.0528654
146.1944943
291.2174975
187.2538876
280.3694963
253.4104673
226.9353003
173.5734378
257.3495286
258.1562807
273.33205
256.2359893
277.6761835
317.5763097
373.8722927
381.7575826
363.5473122
368.980069
338.9207098
388.8435823
357.6693516
373.7159171
430.9798865
364.1657772
353.2562956
407.5925682
438.6757069
433.668512
342.0889676
385.4870335
400.1373007
437.512384
441.588078
470.6533112
364.9289407
337.4543555
418.575392
165.3042333
185.8384513
286.6730389
171.8217878
185.202905
285.3398933
355.487249
195.7142757
233.7442625
290.015519
203.7981066
282.5601013
324.2993708
283.3496717
278.3082849
374.8913514
431.0606455
442.5533372
379.6445269
364.9482721
411.9145799
484.7023367
484.9570973
509.8708686
356.4593074
445.7716926
418.3549769
420.3549353
396.8917607
327.6043504
311.3245317
334.6783039
385.3813468
422.3551286
425.162849
369.7795218
348.2313708
208.2532664
157.1411643
187.0194657
288.3741577
196.1950743
211.2012654
287.7691814
230.0964822
231.8272369
218.7501833
206.8551928
189.9096336
242.6142834
277.2771209
325.820171
309.6688759
307.3320016
384.3539402
396.8086373
367.5574183
369.576807
325.0452656
366.561633
400.3567514
453.4774233
436.0278347
397.2016239
382.8940242
323.6804978
329.2227598
350.1399502
421.7867984
362.3965974
299.3924704
356.6738511
344.0239072
335.0749468
305.7528612
281.7144581
255.9223026
216.1665463
195.3250967
237.2808127
258.9274135
242.6454247
261.3403285
223.4401854
199.150854
180.6115245
334.7286851
158.9781672
233.2845918
212.5664337
276.907323
363.2550709
338.1734743
357.1710844
403.1917141
351.9715738
330.8478419
342.8039003
381.7916392
349.7274951
326.0033911
275.8432012
302.5395933
300.6431055
356.0875059
380.0516614
375.8420678
345.5527048
331.0725761
339.1173743
194.8262353
173.6164306
145.9853197
144.5097732
143.5961474
193.9763807
156.9781198
156.7589287
171.8462798
218.7832983
209.4986394
199.7568635
247.5659933
222.3234867
251.3084872
230.1688023
261.7132148
322.5497951
312.2888379
366.3162462
343.0878165
374.5958489
362.8108939
319.2991526
314.0076007
271.7560497
284.6187756
287.5001795
269.3187732
275.8531296
303.1605327
360.4416708
366.0579349
363.4835699
316.330531
251.6408632
170.3461829
201.4152428
223.7645403
215.1283776
209.1203471
187.865245
181.1998223
162.700395
227.1843143
293.187018
187.5501343
236.831993
203.3917121
171.6727079
297.2689544
278.517922
275.78711
324.3355297
365.1071728
425.5001978
366.1646516
289.103343
322.9126933
341.0556865
356.5301389
305.313535
286.7223131
318.906319
325.0238046
300.8493298
268.9889863
314.5005865
341.2462845
364.9359147
234.645714
182.6568741
132.8234963
137.3660145
151.7072545
166.4699152
161.6380219
180.0899463
222.7454478
341.0079947
346.39453
275.7088018
277.2228543
211.4532549
287.6322509
220.6090479
247.8789449
299.688728
297.7236426
336.0408314
327.2654933
301.4148201
331.8673663
307.0008489
314.8577128
284.5104534
265.0214297
253.3264636
245.0211724
286.0816546
368.4486852
362.2114656
341.4902709
309.5169716
132.1967211
158.1581854
173.7781037
176.7111043
187.6048658
196.6882915
205.0747128
187.5826699
326.7912389
208.0301464
214.7263765
199.6005099
216.4118032
239.0476417
255.8001412
275.4046052
300.0223912
275.0358194
288.6905652
314.7870772
296.682464
348.8694692
330.7895487
302.9805048
254.5087652
263.7362771
253.7483433
220.7838205
213.5535649
232.9685094
257.2156877
287.2906873
324.2697038
240.7083415
283.9313393
211.7003303
190.6871064
373.7420455
187.202454
226.5249941
236.7949566
176.0530411
168.7561797
170.8094126
219.1301446
174.2134021
147.4629432
220.5679909
265.7725354
231.7851273
200.5734712
250.7631932
324.682396
250.0747568
266.4214364
336.0716236
306.619581
324.4343365
320.652361
272.3216806
232.8597995
288.6482104
326.21575
316.7419425
269.2322704
288.0863673
209.2957317
151.4971037
173.2666191
185.7458525
214.8717283
245.7921321
180.1365812
176.2186267
213.2290159
176.4514873
239.2266228
224.9309113
256.8731699
198.0755549
202.0951884
200.8052185
168.3321327
173.8315307
222.027422
243.9189286
345.5343899
336.0350987
321.5314165
303.924234
386.2711099
366.0379137
280.9502047
318.9898625
348.598956
343.2016569
387.4033608
331.5013057
245.4593225
158.1965387
160.6600368
156.8220547
272.0290963
261.1817231
198.4144534
211.4071824
264.7421398
261.6306511
319.2584484
275.5477276
329.6995005
307.3690231
313.0171433
268.4513014
295.9269955
302.2165435
344.820063
371.36078
358.3816809
322.7213498
334.8282629
250.7186396
268.2348316
307.1849138
286.6706954
286.3358318
295.3403067
310.3668087
314.8676186
276.5163724
158.6028537
166.6050844
156.9858498
251.8912965
199.6884476
189.1571096
224.6438418
239.4963291
204.4773395
219.0775578
218.5452928
216.0889727
274.5908427
231.0577962
264.3078999
243.1727095
199.186648
263.0955605
295.1416157
267.6244989
220.6157853
260.9801756
233.7599795
231.2969572
263.7535117
241.543265
267.8713576
279.7624362
349.7319546
162.2803889
171.9456242
167.4588335
182.912112
179.5461984
177.5211867
176.1985906
193.8638198
285.7406172
275.9866711
246.4972592
199.1981523
175.6442483
195.4001444
192.2447283
161.4369668
216.6342135
243.699082
247.7038257
248.1189956
309.2785122
290.2232731
221.3017147
167.244819
206.2248501
216.791617
248.2798507
281.6199606
236.8674629
209.9338025
163.8921578
188.527301
182.0087306
191.220197
206.4667139
239.3422406
297.4033449
230.4778947
213.5827529
239.0936633
218.4008351
247.6620751
293.1275112
186.2035763
259.6178695
217.2390451
248.4265249
249.4453177
201.3060479
214.9552986
239.2271602
232.9663965
280.6506393
265.7496119
297.1485419
263.6502573
197.032554
141.2431088
183.7215747
165.6543369
186.6734501
259.4985295
255.3408062
206.5907447
231.3611521
324.8910878
195.1663851
176.9624464
198.1986654
237.7907435
220.4064253
280.6438709
243.9938779
258.1556384
262.692034
281.4571883
273.9223027
264.3989793
229.832851
269.0031066
262.6499595
254.122348
186.666327
164.9675269
262.2873402
239.5421428
189.6072103
203.0330982
289.430274
263.3369174
321.431751
210.7713591
257.8215443
285.2351542
228.8266001
183.3567817
257.1410673
226.7089597
266.1822256
279.8917172
280.5543395
299.9025328
252.7385351
259.250428
240.7246487
308.599454
411.8583252
183.477852
164.9554343
185.3043838
170.0230161
211.5347842
292.146416
250.5299054
203.7207163
235.032082
256.9651388
238.4581806
197.6507277
229.9610733
247.1984724
222.1350838
239.3295068
269.1375501
288.5647127
324.6438445
326.60965
216.455583
208.0223495
238.6173203
299.9731915
270.2379748
264.123705
268.7391612
218.5311393
220.6545185
213.7878272
228.5597894
260.0135738
215.6258865
209.1649242
201.0319674
283.9820751
170.3586805
135.8038788
227.0725568
290.8935049
246.6161942
275.4576405
407.1177275
173.269622
198.2605857
364.8497951
198.9376892
193.1686926
192.6822732
183.9888701
173.0008123
205.2785873
394.3688241
217.2271869
210.1013053
228.2083119
445.1719978
322.3363431
239.0146003
315.9426585
407.5578622
472.3462652
498.5066318
406.7205363
452.9868299
424.7107525
385.4755537
425.9603909
435.5519669
414.9667793
411.3736024
331.4727698
405.9563927
468.6127534
434.0124267
457.2028171
344.3191616
348.7250177
313.2716265
284.1163997
267.1747775
288.245469
276.2045817
251.9079528
188.4270239
202.6525475
198.9785076
212.5566737
323.1019614
178.9342433
224.2416445
416.7534931
177.1240453
191.3065507
288.6796033
353.4396642
435.3130678
468.1434965
469.8375241
348.6772945
405.1320584
366.9586603
499.8145316
428.3761731
444.2968324
536.2842255
504.7327916
453.4756113
397.9783061
441.0819696
434.7497822
418.5249012
420.2570507
405.9041609
400.3866475
341.3579655
337.7298694
324.6849998
369.0261204
377.8369442
347.4588553
396.1240578
413.9612669
156.4719919
167.2761379
178.1488498
201.8920295
343.8199098
327.9030882
289.549904
419.8754747
268.9685153
288.4928187
427.5610109
346.6165055
363.985077
357.6675364
282.836834
439.557624
545.91261
555.6578152
594.7432859
475.4389397
514.3519962
480.9896011
403.8119893
408.2226554
404.3965009
430.9182235
466.1133353
432.354119
467.1518078
473.3105776
491.09795
463.0283225
417.9086502
416.5615638
446.9097976
431.4297853
462.6297021
439.7768232
432.1859555
177.1424677
188.2216329
179.3026379
179.1213457
274.970046
153.8395355
141.8234003
154.4287808
186.3257826
237.5278566
221.9393212
256.5791698
319.5804285
314.5476038
392.2230342
433.8223466
426.3880909
397.5355596
371.5190498
349.4956812
430.5303506
353.5934662
384.3111164
459.6835251
365.716177
382.8780905
436.7248125
527.9762829
509.7289212
480.4154356
387.6875557
386.9302713
467.0695717
439.2866821
408.010042
458.4148055
376.9094215
341.6632721
383.2652816
151.0343036
197.9206403
306.5203223
166.0115781
161.6273828
304.0503388
287.1128947
219.6300108
197.5703271
358.1053033
309.8147425
388.2128047
302.0559826
274.5526698
372.671589
487.3681915
558.9787698
488.9838406
384.1806746
418.112884
444.3139995
473.7719408
578.5914885
563.4271985
500.5027688
546.8917266
584.2601302
516.3878767
463.9946693
420.5468861
500.3552247
467.1401856
545.134617
474.9364745
377.7006564
330.7215272
368.9952633
442.8182162
398.609058
188.9069253
201.8240586
216.5111092
203.9005181
216.7706721
356.0558936
333.7866497
412.7273901
360.0712142
260.8903126
380.5104077
415.5707076
458.2001333
412.2991383
477.2303107
507.1793511
469.9722363
432.6610469
456.559174
502.6418061
471.6504035
438.6187152
447.859246
478.0543404
481.719752
491.5286824
509.4810513
476.8282786
364.8897068
378.0343914
414.935222
343.2064178
361.2805112
409.817467
352.093829
395.4744321
410.9919434
364.5191942
422.5372089
180.9591527
180.2583478
167.2180494
172.1512889
172.2428967
183.1947557
273.7775182
225.1280022
232.1107845
233.431437
226.2667848
248.5227963
231.1271172
234.9734659
268.5058745
282.7640932
319.3650155
286.1227089
315.3686835
339.0181545
382.9665283
404.0754573
372.1227158
347.1063286
323.2341945
457.6055508
366.2169657
318.9523072
354.5314381
286.7562188
331.0985652
328.6578814
304.0238982
300.5072661
331.5410869
338.9985875
366.2976634
388.3461543
381.6362896
233.3997927
171.4119897
172.3096086
173.7776175
229.3692325
308.515571
205.1360463
197.5599652
217.4459207
245.570597
349.0914151
324.3829894
227.2654043
279.2798734
336.1877567
273.368211
329.7863141
377.3438873
328.2978235
322.3818554
417.2265642
363.2032497
396.0945519
420.1561283
441.464138
444.1899862
450.4489748
400.2043097
461.3233264
464.107678
536.8414269
520.994331
509.7865912
470.0002912
487.1073
494.5025676
435.6488534
383.9682098
392.1517958
164.7486454
175.3727794
379.3367227
282.573723
257.6489231
198.061215
197.4266226
239.3379324
348.0251295
257.7208375
275.7866193
376.7742851
381.2543244
369.8058071
329.1313362
269.4532477
343.5149587
466.0269831
261.6685951
266.3213564
402.3468654
394.0650239
339.9924477
399.8711669
380.8524806
473.2791385
516.5862337
442.1036331
464.138809
363.0014373
343.427588
371.7531712
406.1579982
380.3849613
390.6737187
366.1292731
380.2124393
428.5816516
182.676017
173.787516
341.8149876
165.4362866
165.3042999
160.7089653
187.9643075
222.2192459
240.0902363
270.7701263
189.0731901
293.6896906
297.5595032
242.696666
279.6354241
295.161024
339.2498587
254.4118363
377.7637631
407.4581876
401.6242653
448.0170939
445.008878
409.6773213
434.0572253
426.0108998
377.8108143
352.3423639
400.7991788
484.2068539
386.3607479
439.4758402
394.8409321
408.9467168
373.6550668
364.7777752
330.3177465
367.3027777
211.5876563
208.6529137
359.5119144
213.3905317
191.980694
223.6577751
273.5277241
203.1573204
283.8113332
348.8395065
209.034453
228.4540897
226.3476365
304.355454
295.5466646
349.9701434
283.854672
263.3837352
368.0591528
404.639874
330.361465
359.719647
351.4953984
387.9422031
403.2103857
460.0384441
442.6055451
509.3384197
411.2025574
378.9853579
458.6422117
406.9743805
360.1140704
371.4170404
397.8124152
323.1741973
268.843304
284.8884095
218.4144443
148.2935469
205.4679866
246.4387931
179.1243788
180.5400797
172.5737878
156.5663226
210.3755403
219.0571887
291.7905868
160.0145486
153.4147007
236.8045397
298.8580687
280.8094545
303.5649728
294.7740804
362.7246049
369.5599424
368.86471
301.8722958
357.632344
327.916252
377.1546763
414.1437738
446.0349114
421.9298289
375.9208806
369.5933908
392.2539295
441.56765
376.0922339
354.6076486
346.2617524
338.3608527
366.5034993
364.9809696
207.1555131
195.0115197
197.0907501
175.0193534
173.7588736
193.6548692
196.6201668
198.6342046
195.7127229
334.5078609
380.3874039
239.4885423
213.8725704
272.2814847
315.2157405
341.072947
323.8143436
319.1657636
348.7536986
360.3361275
297.493657
301.1111205
287.7103816
323.6415967
369.1106953
385.6726363
387.3017179
416.4032254
357.9850979
333.3367583
301.5211633
314.8264234
361.9344577
371.5082817
412.4872303
444.9039953
370.7096188
222.9208409
162.5091918
176.434628
194.7213431
197.5317636
182.7498702
179.9107566
198.1722625
170.4131188
243.0058398
264.9710947
248.3210308
227.5531983
209.4991274
302.6663604
388.7060624
331.9437416
318.9194388
315.1923632
375.7937041
463.2913854
387.0138923
378.0646957
335.6875342
311.5210444
345.5136537
385.6726125
346.9557905
404.7264535
340.5636181
318.9948145
351.6445679
321.2027548
304.9249563
309.3850632
269.4753459
297.1089337
207.2563687
225.5265869
192.5321547
183.6016937
251.4976351
274.0319216
188.866527
175.8958612
185.0188263
215.4519779
210.9356424
282.300068
233.5011557
252.8757334
383.8025749
368.3536569
403.3832225
355.5108428
294.3622399
369.2321276
385.916215
381.229878
406.7197605
362.3762516
366.5478697
359.2842114
348.6032824
410.6630673
392.5808706
407.42014
406.3019363
380.2121732
402.2755876
446.75461
431.5826901
372.5400105
196.1729895
142.3848322
218.8897236
178.4006221
165.1745665
237.6092161
156.0292882
222.1330131
165.4434856
249.4084827
208.2113335
193.2362947
233.0540627
255.3013247
283.0160981
336.8692746
304.285229
387.0829403
322.3478043
288.1310292
310.8698824
357.5803776
340.7040038
432.3040308
363.3793362
389.4142318
397.0640037
382.6046344
357.969782
322.1950305
319.9169976
425.364397
411.9511339
381.1541599
390.2308903
394.4692004
176.4793608
179.2243478
201.2341821
192.2058547
198.8612137
352.3205917
206.6731496
334.181762
279.8646505
226.1111383
268.7610112
370.4921235
265.2722829
353.3506246
283.0309457
286.0083269
389.4492617
355.6144649
306.9707784
253.9520665
266.1877534
271.3258422
272.2452332
213.1665444
276.6675725
343.9783353
362.9323705
338.7077963
269.4175325
269.7184957
259.1704437
356.2808404
307.6859878
299.0402693
319.5581481
209.2591808
198.8609181
161.1354785
175.6099268
166.2833566
219.1345589
286.6924593
199.715468
237.7945171
178.7676991
186.9528655
245.1635768
257.2974314
218.9592893
246.0098272
289.9379089
285.9272054
327.1448948
305.6845059
285.0183936
283.2245252
288.7406838
319.1299429
322.595662
278.6636989
297.4686341
353.5897231
333.5918539
324.1890105
363.946957
248.5284197
255.1766337
310.1559838
323.0063907
292.4550388
336.6545048
206.042909
166.7713429
187.29525
177.0027847
168.682985
186.647138
210.6745648
205.2230757
178.3067471
251.8230966
209.2220772
271.745185
271.8399759
308.6140948
342.9660486
302.3818519
302.0694696
229.1539541
328.6060842
317.9415317
349.1620781
299.4283289
286.0010417
301.4601079
257.2109378
263.6749871
262.2501398
285.8243896
331.3474802
278.6866524
257.3900721
240.5453382
292.5157618
240.0861604
236.8197082
245.4261947
234.5848234
231.8500575
223.0047785
205.4461751
188.9345772
347.3052505
296.6525127
293.2412378
251.2667352
262.4010529
227.1443883
236.453068
299.6451766
333.7493546
343.2440727
370.0129795
351.7166989
280.9388526
290.6079498
265.0818032
314.0373767
340.6201146
300.5044362
343.5275737
329.7679635
334.2718663
371.0537086
329.984791
314.432845
302.4086868
226.1466963
158.3872124
177.5147159
197.2914909
174.375662
165.8237975
165.8417997
208.7198973
282.3314981
229.3799459
275.4228316
295.599492
258.2763871
286.3870844
328.7525145
266.0137083
374.7768408
379.1546864
297.4364309
328.2228017
365.2034105
309.8123151
349.5694053
308.9499474
314.5236379
351.2535465
258.4240693
284.0585832
267.8548113
251.3340088
253.0284386
251.7896633
289.9359312
264.106915
262.5305252
187.0047537
232.7968109
205.2854871
194.010416
212.5939711
270.8367438
242.1883131
170.2166306
196.3814059
243.6569128
232.5021494
205.697326
225.6704055
283.5834145
263.6873519
305.771416
197.4645656
283.3763146
285.7301996
196.3768903
324.2190989
281.4031419
236.6624912
230.0215721
213.4833907
250.7104553
214.8313555
196.9331208
257.7240581
278.1013798
218.7720815
161.7289152
269.2691403
162.2567604
183.1976992
164.660632
198.526452
193.0797315
194.8060888
189.3923941
209.1658964
306.8507978
281.7950129
197.9623933
219.3249176
235.0705827
213.1491197
276.3378383
243.5620004
291.4425194
232.335402
235.0938979
239.1926934
299.6511705
280.3258965
300.6765451
302.7938203
333.8617425
286.5141873
253.5176858
249.4986321
258.0280165
156.3343402
183.2085243
179.0765485
174.5330636
216.0732035
201.6026216
176.8105844
171.5077094
321.4320415
306.2178135
170.5749515
210.5032016
245.0143937
274.1910839
244.7979094
191.2197347
251.6539516
281.8886721
306.0694129
368.8779655
346.2142467
304.944769
339.8622088
351.5016517
368.5324683
376.9139085
372.537296
334.3988122
301.4371425
265.3563635
195.8179555
209.9399854
211.1754385
206.1804527
234.8600138
219.9031126
286.2429604
180.5465145
188.5842437
202.3522185
237.6830131
265.0134693
264.8094204
221.1692821
311.3990295
269.5086245
247.899827
326.9263905
252.7320577
253.8657422
260.8103156
263.9399026
274.9425723
266.6315911
288.5454151
263.0250362
250.1447223
258.1558887
249.0695892
159.2932698
162.8652586
164.7513148
191.8124607
260.8431046
172.9245859
281.4512165
233.8079723
167.4498065
190.223616
300.6937269
212.5342928
227.3741286
199.2640714
203.2158841
190.3051543
196.5880984
220.9604421
260.7105246
247.0204375
248.6367805
226.1135998
190.6899042
204.8041598
212.050283
227.0961074
264.7322528
219.0146453
201.266465
223.7777104
227.0962857
314.0721191
252.4567743
218.0425061
283.7402901
252.6889521
211.3827773
264.171231
215.7977498
260.4236086
280.9141129
380.2766765
310.7694679
303.6167479
308.9894685
307.8090701
260.3186353
276.6776388
269.5874618
289.8024142
263.8880837
340.4395784
232.5686896
154.3280021
187.2436753
182.4476086
271.5636976
208.7442199
218.9747345
225.8768713
212.0596482
182.2122106
184.117084
250.236009
258.3245714
261.5797385
258.5514821
298.7235105
334.6050938
294.898936
304.5299926
280.3980729
299.3413184
270.3955621
221.8550315
224.0409646
249.7400534
171.0314877
244.2032681
218.9538001
196.9848392
158.6427145
166.9374565
179.1689312
225.2696151
214.0599019
172.0606142
205.9054748
196.9781418
202.6437123
241.0115075
257.7203918
240.5625046
220.4659778
256.9361813
272.9131473
223.4205173
336.1810016
259.0825618
223.0025605
227.7550387
203.6217683
226.1154198
238.3341538
202.6827437
224.3083408
260.0132748
285.6710783
293.0406889
237.8400779
215.8365498
185.2255135
212.1766982
201.6920438
231.9512388
263.4837847
282.2132328
262.3373378
230.2204458
157.8427613
178.8925148
179.2352681
209.1213067
309.1005742
305.542324
262.6042856
199.2771169
210.6341439
168.6656904
181.5842709
175.9875243
187.3857808
172.5252685
158.6774637
187.3990112
342.4494348
323.8869612
203.0891822
204.5130863
266.3038346
377.7374787
383.6311347
404.6427433
426.3972348
483.9489359
385.0663761
369.4958747
452.6813247
441.5253248
403.1324073
412.0334809
352.2761869
381.5010406
354.8084883
333.6728841
457.7176079
496.9657331
455.4740451
474.4522892
442.5012815
534.2741668
451.1354036
436.7549191
400.8075483
375.333361
300.6609969
278.4076629
184.2290661
357.9102424
191.3185059
185.2660723
361.7056001
231.0372909
224.8924755
375.6358374
299.9473236
209.9841396
237.3148027
271.1234017
324.9459872
394.8993137
400.5263657
389.0134373
355.9491669
273.1923268
398.0656141
427.6996329
377.6344411
400.0014637
510.9342872
478.0788806
486.2472333
432.9689522
395.4035576
334.2294224
389.9954085
421.8282786
409.6776726
412.5726923
381.9871217
361.7794035
376.6190314
392.1126797
392.9233206
351.6080662
372.381449
190.8873349
182.5059028
213.0678376
187.2470909
183.5813017
315.3333521
307.317618
393.4844459
245.6814862
200.7283389
272.9736337
387.7974598
332.5434731
392.5108694
393.140782
369.6919853
463.0184927
443.0717729
498.2206954
508.6317605
377.5249637
404.6726299
353.9549583
447.8384499
426.3658362
474.8720988
403.1612801
500.045477
506.5754094
509.1502337
592.7875013
548.4848918
427.6706605
468.0334241
518.9170777
496.0472718
429.8109651
435.2650946
388.6799071
153.3967338
170.366045
263.8886304
162.882589
286.9773569
164.489412
184.8627284
279.4342528
291.0275339
236.086827
255.5704439
321.7950223
343.4987611
331.837761
405.1096873
436.2197168
397.6899287
423.7543842
412.6716726
368.0629571
411.9193529
368.6093127
359.397768
327.0036147
381.1173377
394.9372577
445.6486757
501.5669281
540.5583914
515.3291408
407.3305434
346.3534388
361.9364029
310.6991176
351.3309584
388.5047697
380.7148827
369.9398707
359.9262554
173.2238248
288.7875231
153.6024596
141.621408
185.2843079
204.0480327
139.8525189
125.2447783
129.1757696
191.8236544
174.4185077
310.2607019
263.5161679
257.7454801
283.4901131
352.4209639
318.2708373
434.1978679
341.2180179
349.2306839
387.8996949
380.557259
390.7059799
425.439836
432.6716313
391.2060277
375.4368747
344.8904115
396.4842926
433.7359555
430.3425348
426.1631353
409.9582511
444.3652392
431.0938121
407.5070237
406.3125596
365.0192198
367.9555336
281.8477397
202.2151532
214.6155269
390.462169
280.7472136
359.0676781
286.7362702
187.0474199
176.5282738
179.1125829
322.0819371
314.0520291
222.9166294
265.6079106
317.0829779
339.9204907
400.2070263
384.7764985
405.8395569
389.7594932
366.5562782
445.6023191
446.5345217
433.9959213
424.2648495
518.278288
484.6316118
420.6554124
384.5236659
404.0742269
457.9370912
465.300204
474.7706778
461.9614728
429.0439899
417.8328648
420.0799123
432.6930173
182.0188724
184.5136644
205.1320055
214.9166659
219.1340967
363.2454776
350.6312732
329.7855176
346.3368226
240.4125505
246.3839473
290.4099433
415.8362121
319.941012
289.4425237
419.371072
504.9068417
484.7133145
460.066135
472.4410507
466.2185994
432.4956231
401.9903729
344.5725732
368.0898137
424.5626508
409.4408655
492.3741189
428.5484829
370.2893718
423.3349869
423.0263154
382.4204664
358.7070469
314.8781886
328.5621064
342.3930335
425.4306241
204.2174554
190.3871913
268.1824947
195.8612748
165.4251207
307.3892551
238.3747844
287.6858699
205.5113416
209.8080794
331.6708212
314.0682823
192.139765
291.3013309
342.0316335
297.8410032
458.7855054
388.5760883
357.8734422
380.479733
468.5363573
496.1307472
454.9213493
440.8163491
406.5990662
451.1854841
476.1972757
441.3720253
425.1798257
452.0140486
462.5621048
394.5904633
396.0384844
364.2681768
343.0746818
369.3124722
402.1677441
385.9732309
225.0200352
188.7663904
316.119252
191.6304357
315.5228536
203.0639917
176.3593432
193.5938777
275.7442777
232.2968024
231.7446211
307.4342543
353.1530259
334.3969135
332.5031574
321.1358926
308.8196079
371.0466098
368.5579698
321.4098082
235.4551895
293.5432878
320.1423352
363.0730497
356.2854559
323.3906471
294.1656829
340.7605407
390.4785347
361.9816318
316.4345353
370.6201061
349.941047
371.9360712
374.4942015
420.6229369
425.0164598
411.1831462
149.1566537
232.4821722
155.271842
170.4687909
187.289536
194.5717003
173.0649476
246.7008938
251.9713983
235.3536715
299.3684868
365.8295611
398.0904757
366.9781788
304.2869841
286.2347576
299.3262883
420.0153843
357.3271843
377.7828222
423.1469915
438.2850321
439.4158045
400.084024
356.9410564
434.7054786
470.4716973
434.961505
482.7381829
477.9621033
369.0547388
389.8711553
328.195637
345.5372074
339.1929995
370.7967232
314.2633082
167.8240313
318.0981927
261.8016721
183.1209235
187.8311194
236.8007746
252.8759334
210.3707604
234.2090259
241.5066746
203.9697323
184.2764299
240.1599694
342.3949951
379.527298
256.5661597
311.3761772
247.7646161
346.7326572
439.0749811
429.1642949
335.207499
438.8847602
419.0451082
427.3629166
360.4804483
398.1260479
432.8719444
377.2238545
370.1348435
406.622575
450.3997464
482.6498005
472.3782105
403.6604717
360.6990808
317.081642
221.495445
196.9280199
185.9666276
182.2231032
179.7862621
179.3152628
262.0643293
237.4591263
192.1161041
245.1269553
188.900382
193.1727167
185.515798
254.2952508
343.7698021
321.3546587
282.7237831
292.7412061
291.031463
327.1618547
320.7544271
372.1402751
345.4917134
346.0353128
387.6442787
418.2377523
364.7941978
408.7272994
468.2116225
425.9633716
437.260255
466.094125
481.7995945
420.2560496
401.2006387
349.0487786
315.3618512
136.6352688
160.3488908
169.4890653
181.9322896
192.0967975
198.7523016
238.5684488
210.4838363
267.340392
305.433159
282.2342756
204.789269
234.2756726
286.5186154
216.3553499
271.4047164
239.5167048
301.5406599
245.3255232
251.4062962
272.0870904
330.6199351
339.2909749
383.1710228
377.2258481
355.2721333
367.5771901
384.3968762
335.2524083
356.7016907
361.4136084
366.7877274
386.2961855
334.9088763
307.0975194
378.0053873
240.5193149
208.9136395
191.0631563
185.4242104
182.3817776
179.2645808
161.762614
189.458645
156.2728785
222.4004192
289.8787969
288.6844315
250.8323097
229.6272138
297.6230674
219.0665704
217.6314698
227.9124711
259.31462
296.6497458
319.7112949
299.8658108
296.0353547
246.0962198
332.8855359
356.3564548
411.6665925
484.5508772
499.4196696
436.2305668
335.8169358
336.0673549
362.7751472
358.8711414
352.7227806
361.1631165
148.1012957
153.4109604
157.3187821
163.2137419
263.3692494
265.2003292
187.5900195
202.3085553
217.0589659
292.5915271
283.8858209
343.2521286
257.3895794
357.3054091
307.0259777
291.9392206
252.343374
239.8502218
250.5140431
293.6112771
306.2899982
270.3470925
366.8490377
359.251057
302.7981175
298.6219491
264.8683027
334.6413913
331.6085616
342.2148558
367.7566038
372.4546669
334.5880416
426.2113723
420.3204228
220.1268673
190.1147433
212.9547754
220.1827051
219.9995537
187.0067661
171.7280283
238.8940407
221.4403086
298.3372722
219.6137517
204.8449953
214.3392372
265.3713085
253.7806924
300.5930555
246.3914936
234.0200996
250.2548477
266.8818813
309.4514862
284.3958666
284.9051765
326.3023495
269.806082
309.063958
369.3492188
371.9110742
361.3204358
332.7987949
275.372322
262.4782705
289.5212599
269.6084575
288.8477508
159.2315348
175.4415594
187.7179431
185.3314322
189.7952099
165.2801328
211.3509736
301.5977818
330.6960741
284.276489
204.9768178
271.2670126
210.3412769
192.0647554
201.7022161
234.1674022
257.097553
261.2332283
246.5202616
251.6392162
326.5651554
284.5027065
267.3154124
239.5763091
284.6881415
331.4495618
365.0170012
330.501457
297.729603
287.079196
236.6025029
293.3274028
298.2964011
306.445991
209.8119156
147.1587341
155.2878565
164.3491705
295.2108098
271.3860698
223.835625
251.2179931
296.7169694
249.5850852
256.9815394
304.9357895
182.706491
203.9648028
203.2257412
205.3495688
261.7728095
361.5289581
285.414665
313.3903731
259.0222346
262.9111937
336.0976454
374.0359171
349.2248462
335.6547752
460.7190115
457.6177573
355.1073673
369.0418519
402.11545
361.829065
386.0517619
400.2589269
350.8126153
184.8312908
171.2638902
255.6650148
231.1122876
281.5485138
196.4614653
246.2067801
278.9213123
255.7246341
253.7433611
360.6482554
288.0772251
325.2676867
343.7432222
336.0023144
294.6846743
275.499679
212.1326757
223.1767079
264.8092075
326.0188707
343.1193197
255.693719
317.3338022
326.8911038
355.5502177
350.7381427
347.0370802
349.1253561
340.2864648
335.5608509
341.7703173
223.3270532
156.8909818
128.6672898
158.5295109
153.5208996
161.9220276
178.2964271
304.0504274
240.871715
207.3588712
233.6227308
270.1488327
187.5622524
208.0049408
246.1835977
267.7638955
190.1586327
239.6535031
326.5135455
383.7131162
356.9841357
331.7437725
308.2727156
328.9730153
311.3399514
318.5722015
333.3129311
382.5902511
369.1062111
349.5188783
321.1867991
307.2958867
212.8207376
164.925247
201.6795386
195.6550684
201.0152297
258.1173703
255.0167846
258.1672027
279.4066736
269.6241016
245.8043388
169.5505309
171.781867
250.589229
242.4520165
200.2301066
255.1903167
277.9645998
233.1625333
325.0527694
316.1210297
308.7656962
362.3846861
319.8088173
384.5330686
393.6898502
324.3903677
331.3607702
297.4166653
313.5709019
306.6992034
290.6727475
353.483993
156.1024082
185.1807002
211.1397964
267.6512977
266.6869632
190.4566385
321.9120203
228.1501817
213.4141454
214.9878413
192.5051433
192.4324392
289.6421909
284.9501421
295.5018222
267.6152089
259.775959
193.4964073
294.9443292
332.3148203
259.5080087
318.3642615
322.2806296
286.1103129
283.56724
270.4647473
299.4538441
268.5773537
246.4513975
259.5051651
251.6652436
165.8403755
209.738881
242.468782
257.120788
185.6603635
263.4494324
196.9027433
202.6467586
271.5870799
235.4628813
308.8890935
315.8254128
282.214179
236.2901621
319.5417326
380.0017469
312.951217
320.6979493
311.7247699
300.1644957
307.8567572
306.5499983
316.7985824
282.4898208
275.5685351
282.7895938
284.0190508
304.1582075
223.2100453
253.7750294
172.6069322
168.2038902
172.6912177
185.1764961
216.8835167
154.2921649
157.5300102
185.7691965
320.3190118
229.3728305
216.4005237
209.2737416
196.0817805
238.8063865
252.1535175
319.0293971
284.5565768
179.3621335
229.7520944
213.3820486
252.3395731
187.0410842
179.8700449
231.3437901
241.043175
266.5163751
332.3091612
333.0717851
177.6558578
175.9858367
168.3878667
183.6113612
275.1754282
245.8091657
248.6429586
232.1989233
293.8032543
264.616041
152.4029154
215.1145619
199.4754894
169.774807
212.6909077
224.5215457
241.2321081
237.2465966
308.236977
299.7869719
266.1641083
198.4091789
169.9575463
171.2792579
228.2566061
282.341678
300.0615925
272.5489029
269.3239974
165.8098798
229.1943762
192.4779204
274.5138039
168.8663759
253.0171317
271.9843543
201.0010631
164.144554
150.1046107
162.5156359
151.5032579
134.9071614
155.0913162
162.6507705
167.3214293
215.406593
235.5074592
251.7978217
209.0483528
239.4135889
250.7782638
229.3626607
229.5795323
255.8821887
199.3115744
148.1683756
131.5078319
244.5103682
192.8919002
184.3211065
200.8663834
244.0103283
253.0721146
219.7510247
325.0117938
272.0282897
264.193933
232.8350171
239.0125874
276.6658731
240.018317
292.7934677
331.225627
410.8122127
292.9950558
219.7663381
223.5734488
206.071032
243.7270291
241.4979963
173.6510505
165.0240969
215.3154931
267.1165339
205.6605658
223.302739
285.0998489
336.9686617
231.0215397
198.4092544
191.1562965
213.6722708
313.469072
292.7228228
211.0235517
237.4071236
271.8354968
320.6734074
248.6247749
191.7992499
256.7770389
189.3318878
184.5702378
242.7096326
220.717978
205.3536142
177.4370258
175.6158218
193.7303528
218.6360075
204.7290777
196.1959303
200.8688153
197.9739714
203.3943965
211.2650655
256.3529982
238.1094809
282.8842102
341.6685405
378.6007535
239.7730718
148.1875143
156.6151198
153.1491905
182.4716989
197.733223
206.5615212
182.4480372
224.2062955
174.7829599
184.3581211
199.6672378
316.2501934
188.0438626
181.7647869
183.3726777
185.9095607
188.1465298
229.1567887
406.5461201
366.8029537
256.6352526
247.3288554
282.2530162
280.2054241
348.1296788
320.4154106
356.7994815
347.3897591
430.7428849
337.3028782
323.5382602
438.6720612
473.6155973
492.3032604
498.9845989
441.2731893
516.900072
461.579962
359.4982205
382.5301218
433.3527923
411.4630108
439.1503396
381.2914404
372.9955288
379.9829651
344.9151747
335.3846057
307.2955623
334.1706735
245.9964524
169.0747124
161.6512059
303.3616808
163.4590504
150.8445991
279.7055751
250.1565627
206.3408354
161.8584707
153.6141258
175.8731138
358.4151153
250.1505553
302.6118824
354.7760753
425.4756071
332.8627494
352.4012558
423.578546
387.1028312
351.0170171
385.8668204
411.6485577
383.7202127
436.0053094
393.6669893
359.8445124
423.779559
438.8461765
431.2913114
390.9299234
449.8438095
459.3864799
444.8178772
429.1319267
398.3673613
412.3583232
304.5934513
186.6519951
179.8698882
172.4530852
241.0940703
226.4361526
332.0754173
298.2305278
180.4668138
191.4450987
198.5566759
314.4832355
323.4001845
420.880344
325.8431103
342.9914975
422.1694923
387.5399629
379.2142059
431.003436
344.4872537
344.2012483
387.5442285
333.2741802
356.4757638
399.7708351
395.6443292
357.2632308
445.4903928
466.8464109
457.9401748
401.2957561
398.1918211
417.6296674
433.4617246
449.0882402
491.5867571
412.8792735
175.6168172
227.4732711
230.3778777
186.9553222
204.2290748
192.1286364
193.65171
311.5947305
337.7372657
268.5716073
250.3846946
312.7548773
346.3565528
290.0664275
243.7517715
362.7744148
275.2969752
311.3316115
427.791501
353.8411723
401.1050393
394.5362538
395.2825742
375.6115128
361.2357387
416.9051498
399.3260828
395.9158543
474.4160113
500.5203551
406.880604
440.9574258
420.5306927
367.5076101
289.3786073
295.7767637
329.052945
331.5040698
168.8455314
195.1012373
219.989108
214.6283956
349.1254576
224.7556112
186.6168485
177.0065996
183.0733347
260.785114
356.0464506
387.3974155
253.6348087
289.3981166
329.2352178
403.5416089
304.2778175
324.8067958
331.7442703
350.5838036
408.99793
366.8963037
384.3841733
483.5887307
431.5713774
338.3848391
375.308632
370.9174901
402.3345871
427.2564437
383.1633407
314.436664
292.7375391
297.3227355
298.5337493
276.1869318
312.9090443
332.3856474
454.9227265
195.6062145
201.8025152
188.6723152
280.7182302
196.6158879
289.8895791
248.4856782
178.2662528
171.5401198
215.2236693
271.7653855
353.5999805
336.9945196
321.5585955
306.9872455
299.6555089
332.7810639
316.2611504
343.7874282
324.9880631
391.2333726
379.9910299
364.5966342
410.9365992
361.397567
425.9887927
377.7157178
353.8069222
340.2743188
340.702822
371.5945547
404.5564772
418.5909955
354.6733351
356.0701902
359.37688
376.4929747
137.4666291
147.0715924
166.7136145
173.1565347
175.6093772
320.9597038
296.2819585
266.6183226
249.1348191
217.5758841
243.1145707
301.3461658
401.012461
405.3812614
337.1920812
380.6507256
418.3452281
335.54537
460.8362217
389.9514942
373.7225803
511.8895898
438.2782952
415.3387593
429.4294149
349.1054059
346.1996942
403.0022995
327.2696819
357.2577333
350.5976211
337.424144
407.1457202
448.9993779
450.4361876
436.9124339
365.0488208
178.4131964
184.8465171
152.8275255
159.2536864
168.065136
186.6706633
275.0298759
215.9346221
255.7685056
281.5459399
349.8474343
296.6247656
396.6226253
277.0948288
322.7491033
331.4426935
413.454116
326.0439333
233.0021845
326.4243948
316.1455375
335.6349373
420.969236
392.3905219
324.1829795
352.3914336
416.096045
389.4981291
424.9243512
460.2072518
385.3839654
461.0193563
491.4228424
410.8701151
373.3487283
365.5050431
347.4808044
174.8173716
222.994363
183.537693
201.9301149
272.2883559
190.8640866
211.443828
320.0629367
307.4073748
207.720953
324.4140735
351.4981242
291.4736132
322.4329966
306.8030029
316.6839371
391.0056655
361.4608776
334.0636028
356.8781081
388.1450503
316.8113619
363.3514652
473.0169957
400.4775732
391.2038503
359.7072765
382.9195576
405.2994614
412.8058788
445.1395759
392.5779633
385.5581547
422.8138546
405.9165123
429.9913336
441.3001736
237.4122866
157.890078
259.350792
190.5370883
291.8064749
182.8641416
183.9588349
183.1295438
229.9283973
318.281842
263.1999413
303.7857837
261.4820841
351.7214621
294.8594688
297.1692809
336.3279935
339.5361087
353.5480574
370.8210774
357.4761484
371.5764078
382.884516
374.5919894
475.9347088
408.3409073
430.8222524
442.3004578
373.7962515
353.297333
398.6524314
471.8886206
519.652329
400.6085214
352.7150252
299.2367127
353.2031715
367.6230632
192.9044388
208.4205082
210.317118
202.765589
203.3765893
221.4646897
359.9403015
317.1319595
295.8611169
254.05514
243.1301218
242.3649057
378.568456
344.4801971
284.4020725
378.9096695
341.8150148
383.8614276
381.3881408
383.0749995
339.2939812
353.1316815
311.0468145
380.7210311
394.5286682
311.431116
379.6139928
398.6001173
371.6647591
325.5414071
336.518783
419.6835733
458.0646011
497.7320497
420.428191
179.9463456
186.185198
186.1047167
202.8412554
184.8119621
163.7151999
207.3712118
234.6319593
214.2551304
199.6312258
192.8491171
171.6406044
222.3469097
393.3180851
354.7453968
334.7522783
375.8498456
401.451972
352.8729679
359.0010547
314.6435085
323.853286
354.6605741
353.8467841
319.7342213
345.2117967
368.7602375
393.2447997
363.2984665
310.6742594
318.3443622
285.7352583
298.6742599
293.0078484
337.2770438
340.052621
258.0528467
148.6175973
174.8930455
185.5311038
183.8276579
188.4709045
202.6939024
208.0405871
230.5807052
300.856179
245.8563775
239.3230024
232.9235081
241.6696346
232.3010216
249.0658
288.7397911
209.5609125
269.1300067
256.1771689
305.478521
319.3062392
317.0901911
328.6912536
315.6749925
267.910131
287.2844291
314.3739795
327.7543553
337.1704702
342.4914073
324.1511069
330.1968871
354.2477571
421.8447872
374.192828
186.1969534
158.4662669
145.3945736
154.9640288
163.5563305
176.8909045
182.6280316
197.8704945
237.7157066
292.7418122
242.8660211
263.9278719
284.6725793
329.9518071
298.067065
225.4881055
290.1057142
338.9471055
378.0438016
336.4161062
394.4063797
409.3762085
421.5687979
382.477241
463.2421885
432.1558569
363.4231321
397.4969411
427.9697811
415.16761
327.4559738
316.9543144
323.9528295
329.9440234
389.7674174
210.0737078
247.4552709
170.1076054
170.6380819
162.7287237
214.5043022
174.6239691
216.9596387
184.0471941
163.4209676
144.0046836
165.3691838
195.3651588
186.3805215
205.9979141
195.2995825
148.7918052
194.0484133
166.2621783
203.2808854
210.7821239
263.6194573
258.9794534
303.0576651
303.306407
308.361413
276.7749887
314.9770873
301.7704339
345.4837161
334.122003
327.154918
373.6772816
357.2851266
362.9743
184.5439915
168.0569072
180.4301524
167.5518249
169.6633656
252.1794865
235.0827039
254.9091966
236.4221625
197.7838922
255.8324127
308.074636
244.007742
240.2903468
265.5368543
312.9564351
273.9188914
254.5802242
190.0968604
232.7647617
333.4917603
244.0523364
334.2731121
341.9641643
271.9666672
276.4630352
206.0293654
277.1780293
276.8256943
292.3583683
297.7033662
299.4922929
328.0288056
297.5939689
221.8472403
173.2156492
169.4187656
184.4500505
176.1755027
201.322392
228.1321083
251.0427428
306.2747728
283.2011246
225.8518221
194.8528207
299.7716722
281.6805869
275.3820461
249.9219612
253.6194886
293.4725158
313.3100239
324.8911452
264.2106018
240.4696332
314.3905654
308.7780521
315.140876
348.2790431
351.773082
321.7045146
315.537452
277.2022197
268.47899
309.9497842
347.7789281
303.07921
247.8746447
158.4909713
165.7794613
168.938017
174.820844
257.9158992
189.6147304
323.9229554
331.1825234
295.4168099
275.7616151
329.1079182
290.3892343
272.3533515
236.753908
257.4923582
257.1455192
325.4793693
331.3801494
326.7297953
350.349683
332.5467649
263.9322068
328.7589681
364.0467692
331.4348167
385.509538
377.0294681
373.1521163
377.6463056
389.7252606
326.5125712
367.5191984
254.75988
165.8787633
183.8903992
287.8764264
280.771878
201.9913683
178.6592194
201.829346
264.5297641
222.1984253
221.8313538
182.6424704
164.2324066
192.2971644
189.9452523
256.1354329
200.0079019
229.6965483
290.6316136
309.7220971
311.0825259
350.7527117
334.9597251
249.9364901
269.1816917
274.2744879
287.8415119
278.5077465
260.3158605
276.1511018
275.6057699
287.4293264
237.2795131
193.1700681
284.1720375
195.0044262
197.8566955
181.827534
204.4935602
170.040905
176.5784546
193.685171
300.4362367
199.4870312
170.6042767
232.5987653
264.6418186
227.3970829
234.7817004
247.743893
248.8043304
268.525797
303.8800599
316.5156211
341.2658373
324.6273285
296.5928894
313.9551924
307.4576656
296.6817781
326.8595594
353.2987748
345.2587916
246.1184027
178.2263273
198.4654952
205.5450455
184.6370639
182.0427671
201.2028935
221.8750048
188.6547073
233.3228348
186.3802663
262.5401062
171.6726917
207.3761332
266.5516624
267.7274214
258.4077257
243.6968239
233.8980532
248.0146482
230.3189792
209.1296205
229.2059555
278.0259157
320.4150637
266.102699
235.615235
297.2798881
300.9954737
261.7945333
330.1531097
269.8498077
184.3152879
186.825847
167.0214536
182.7415652
214.5269973
191.1735399
283.2366487
225.6941526
185.4798738
250.2211306
215.382763
230.9823376
257.0214774
204.0201892
251.202815
234.2450939
188.2238928
228.2327139
253.9059123
263.3243101
243.2943824
292.0541689
225.2175769
248.1135089
326.8230433
302.1521176
317.8750658
302.9617787
286.1639977
211.3342783
138.7682622
217.0494728
260.0648353
281.551912
243.9598603
181.9833623
142.5430586
161.7311595
185.5418431
169.8181959
226.4230736
201.0025868
262.9044366
258.1977728
235.800359
271.7702159
255.463595
270.3745085
319.5641078
307.4367245
281.8233118
304.6456522
309.9599487
270.0771849
243.5807885
266.525736
267.1853357
230.0130391
255.2335363
189.0173079
155.5956896
200.4921853
180.3739374
218.4603096
204.8607542
157.7435312
150.9384152
221.7702761
244.1329023
173.3885803
223.5441269
267.616033
216.1907494
226.2539298
242.7198367
234.1960171
200.1750305
259.0091508
250.9105507
230.5322936
216.9271578
239.8669401
260.7142162
311.3072346
316.8478511
350.2894634
235.0135595
163.2306965
174.3036042
171.5786456
237.5121594
244.4983918
217.9715467
270.4359306
280.2065343
228.8288442
242.0564206
256.5438687
235.8087665
276.0162343
305.7149484
243.7500707
296.804858
342.3757905
320.8413994
272.7823404
287.6774259
242.9622187
267.0361519
247.7860528
255.2924827
289.8975861
228.6473131
251.7519233
264.1089812
190.4008502
209.5352757
356.3812739
428.1123295
212.127977
282.2512699
314.0333313
209.9371979
209.8873527
272.8265262
272.2650735
297.3281799
235.0925298
225.6984052
240.8356365
207.6059258
208.3619326
183.3522216
195.4467192
210.4879213
271.1469403
220.2531259
301.7472324
187.1544531
263.9648543
277.4650092
308.3907874
212.3708329
183.6916037
148.2435686
252.1083601
226.6347298
209.5419878
243.2580444
250.2258944
257.8488257
247.1076062
211.380045
204.030186
252.5987319
216.9508879
181.499139
149.4533716
158.4082166
226.6182759
170.617983
173.7193511
215.3344429
156.2842132
170.6119911
193.2478172
213.3873881
319.3560066
293.4132721
220.9564009
192.2764481
199.7971027
216.483026
266.2924363
211.5379512
193.9802784
168.2398842
264.8177235
230.7788798
342.4952898
196.5704501
197.0039734
201.6088785
194.2327634
276.9966088
278.3338088
206.1784954
213.8857712
248.6530481
235.0888882
222.7892965
166.8543847
148.209478
183.5048077
276.8837236
202.9860333
195.5792126
257.8958984
262.6924605
406.0679288
396.8691553
363.320258
283.985198
224.1021471
317.8536875
275.4921299
225.3465785
306.3690639
336.0007819
362.0573005
195.766225
367.4241087
321.6312373
300.5010937
311.6173976
333.6481315
347.4724455
351.1975964
310.6581358
342.2855971
372.8198872
409.1369058
340.5767357
365.7153613
364.3854114
422.6089901
410.5179204
384.5316486
401.0539258
449.2801694
491.9351765
508.8621242
181.5147509
176.0811833
311.8940847
233.1139931
150.0911973
252.5471943
153.0725927
284.2883101
163.8629576
187.4807742
237.6068376
309.1296672
302.1432981
213.2150832
276.2393401
341.5216718
305.9148386
248.7577597
280.4682487
334.255082
330.2777129
278.1725577
296.5976297
311.2857628
357.1133268
373.7916723
329.8417167
347.9546917
398.6667629
402.3670477
385.8273824
318.4001247
366.2428098
393.2847354
408.861987
425.1858028
385.9032396
163.9084256
183.1135389
186.2453643
170.9520627
324.0627675
285.7827797
276.2441015
259.7795632
195.3657563
238.4426279
197.9096591
209.6319355
260.2199664
277.3818068
199.753346
227.1294678
236.8486009
296.2370586
284.5137015
285.9070174
261.5619351
262.7477008
300.2006151
288.9539226
302.2607246
379.9117934
327.7531512
404.7873296
422.2782434
489.0955735
435.2585624
423.3819629
377.8731027
404.3336768
428.1270414
447.8861644
498.4847463
203.1259799
189.6781468
193.2291311
186.6069984
183.2604203
173.7534896
165.3732572
232.3477508
194.9343909
177.0486684
271.6205567
318.265691
269.4259004
328.5085094
240.8083922
320.9141309
230.2132115
239.5029518
342.7387367
331.2298242
351.7095435
350.9435508
402.4507001
422.77297
410.6508197
413.1049745
438.1599958
376.0576149
354.9611371
347.6200294
411.0569299
403.3127981
386.566332
359.9433992
322.6791253
304.0635452
349.1729863
158.514877
187.0168989
196.9570362
183.1285065
180.4735976
181.6464784
170.2699877
148.9460395
241.2635645
198.7044897
370.7606569
239.3397772
224.9422294
253.8001189
263.0234507
365.1657189
329.6066148
328.4321634
331.15635
360.2501885
337.1601989
357.1827895
250.33878
291.6953338
274.1666565
268.7761535
320.6101645
357.5956567
312.700393
319.1330543
347.5887843
351.9034225
359.6039093
372.3310582
314.8883769
343.9718427
349.1382077
169.3546937
161.7816639
172.3283344
291.1724959
217.8481666
152.9312886
172.0819697
186.7449599
149.5164286
226.6242322
150.7629183
149.2502307
204.3153575
248.2766083
323.9381178
390.6461173
372.0546034
333.5348999
339.4397809
365.8357529
335.1071109
373.5633727
366.1668732
344.0054478
504.0404283
449.218579
421.9409049
421.1506925
419.1793497
437.5978702
400.1792584
352.4876392
373.9644976
409.3221976
365.9951314
386.1276255
387.5879213
180.1265099
154.6825218
165.2651232
164.4612717
223.152939
245.7488426
245.9433768
332.9910665
256.2541709
211.0158867
250.4981317
228.9831513
224.5613266
357.9749313
369.6658069
396.5300231
417.337851
413.7038922
413.2922038
392.8869485
332.765183
332.8662762
394.669482
416.6989811
329.5502339
424.5483102
399.7898884
336.2469194
430.0366947
367.4488803
389.9562697
377.4440613
379.0381668
328.4824173
365.2320876
385.4684147
409.6188692
214.6782209
211.3449126
203.1001917
195.6075176
183.960392
180.9401825
360.6657866
306.7257061
209.0519423
313.13067
315.4305778
378.5271253
461.8981015
390.7413292
369.8973675
398.4691841
361.3944239
347.4950375
395.1951448
347.1521997
414.0069485
417.9370657
400.1796398
407.244019
371.5531112
306.1195421
329.9075675
335.159529
303.5275876
349.0880681
365.8195357
398.8731099
402.8682472
391.5128663
329.231705
376.2754259
170.3562811
166.4279341
165.4064597
185.6371001
182.5610595
161.6460614
234.6400842
293.0636723
297.3998609
289.9926954
314.1147544
198.5340504
247.9164018
290.9369329
251.6914981
359.0668915
376.4405398
321.385976
270.3062872
283.7498112
291.0138442
305.5086733
323.5133407
383.540416
359.5350004
316.2387022
262.7371761
321.5020824
334.7087355
291.656758
312.3009766
352.479238
447.9975832
480.921604
422.8730498
393.3250627
252.5969
216.6072308
204.5646828
351.4552444
181.866664
186.5221739
299.6662545
315.3519551
222.420634
205.8806143
222.2292079
278.4684993
260.4638556
294.8142107
246.4780502
296.5937207
356.4490331
314.9766232
325.5772623
338.8447113
354.9230631
253.1960781
277.2530797
322.4641385
384.3748129
395.4120269
357.3061126
363.4926739
310.8175407
272.4179681
291.0867401
282.4620464
318.0889054
316.3315391
313.9195376
306.285043
200.2013415
172.2856698
155.5852019
177.4741845
171.5276787
152.1471796
150.9692088
279.7245522
372.9755497
254.1507135
259.7899244
268.842502
363.4761742
371.5217456
329.3874068
365.349047
433.6875793
418.101321
429.9099562
320.6631896
347.8024609
378.5902222
377.6730204
332.1015458
316.4672399
359.8388648
351.836134
351.9501791
403.8696248
447.8778611
432.7520644
350.9829398
378.6800378
327.6690352
368.6010609
179.108432
209.0976171
192.6513332
252.5987722
222.9104115
211.3676272
205.5692707
247.0925095
200.1741629
193.8700689
226.4713061
207.6034026
243.8106963
340.2530403
258.9606123
255.262138
270.0131802
304.861637
256.5410357
273.5644649
243.3878771
227.2870627
288.2963822
332.1472793
252.8908601
273.6791282
264.3548667
288.4895196
240.3124335
230.1933504
287.216137
296.3833941
275.7822664
282.7379558
249.1593545
224.8890269
152.7049182
166.8680003
207.7447345
287.6422302
161.7588423
177.7540745
210.3770209
223.6491511
250.4762831
257.5070966
245.6020913
305.8731495
307.4207113
311.3238278
288.9960792
392.5036923
298.5660081
275.0657695
305.2459726
351.1518523
308.1212929
333.463055
355.0815969
342.5852722
326.0348165
327.0435459
322.6421013
285.5565279
274.1901162
322.5146345
313.758034
300.607365
273.4986587
332.0476448
229.5894417
205.5258608
186.5653169
211.2262236
271.2477535
236.5206618
167.720746
185.2731378
208.60851
303.229608
308.8117907
311.4652627
308.8290528
314.2076648
308.6041501
251.2611541
346.8199743
327.4595388
367.508516
321.5179212
345.8257335
301.9611395
337.9826586
295.5170924
358.6264294
349.3297591
345.5355635
293.0947515
326.8613423
305.3749135
297.9930388
339.4431171
330.0795631
343.2044407
326.8618288
151.4173249
169.6072569
163.9582599
150.5338201
202.0498265
179.3836373
157.6641635
153.9828625
177.3589841
181.661481
149.3276297
193.0807225
280.3108557
276.2534004
241.102191
221.5299733
291.9917854
236.0882627
256.5233329
275.2654643
317.9117341
295.805364
250.4863634
324.6707225
376.7209672
399.9294962
358.9717987
315.7920814
354.5833132
392.6448973
349.6340594
314.8877465
304.4745534
215.960945
191.0482389
203.3679818
222.3827833
227.4080148
212.3489914
206.7804872
237.265568
240.6933406
204.9004169
232.1138598
308.4854292
293.9532883
286.6451383
327.9715179
298.4508682
279.8078693
308.8572045
253.4672616
256.714566
315.0708603
314.8950195
342.3452343
307.5190285
312.3954579
338.2794509
305.0123399
355.2072584
346.1531526
361.3929945
375.558048
348.9307942
348.7875669
247.3188162
173.453754
192.214273
194.8083284
189.0402835
186.6219213
183.5808272
203.2126042
312.6004582
232.9367492
282.1739364
236.2304955
284.368076
310.5124356
268.647074
306.0887797
233.9585655
325.8741212
325.6786358
313.8058978
329.6719108
350.3688478
414.6611862
367.8727099
290.4815569
312.8903116
345.0809716
357.1184973
352.7481444
308.5340035
320.1930469
332.3460218
336.6059294
212.4475615
144.7089845
165.051276
161.4356053
186.6234901
273.0481689
217.4120357
281.5788143
288.1339008
190.770525
201.4686929
270.3739792
258.2979648
291.0663262
294.7648523
268.7276584
223.2746308
320.6520752
257.8443357
244.0828151
226.5282438
289.2674784
252.6104846
310.1111134
306.1084901
293.9544034
317.3241669
337.6826549
355.5885778
289.6288753
271.4706647
291.052213
211.1582606
157.4649295
165.1679687
181.4823188
297.3153284
217.7134108
280.610486
218.8608576
180.9863767
182.8042501
264.8108994
234.6893385
191.7777075
166.2898659
173.8269078
199.1055771
186.1891576
235.7393375
279.6497701
302.1908963
314.399498
362.2330518
353.2723424
376.5688544
304.0855092
313.1706372
302.2953733
289.4868229
281.6728949
259.6675992
301.5497466
212.9244629
161.2119801
166.0822418
148.4465217
149.8427527
187.1295133
267.0555825
237.294835
223.8813046
249.3303835
263.6941138
213.6311077
229.4355949
214.4972041
274.980012
232.8152209
250.3753152
259.3259807
267.1060745
325.2428001
288.1549242
230.8900221
229.9187245
259.9294519
279.7057323
311.3855473
304.5576684
271.5628706
247.7851244
219.6794407
221.8305138
164.0409024
168.683803
172.9585726
166.048241
181.1879687
252.5507727
187.7729748
166.4548776
275.352253
300.6497372
213.1562194
202.035845
241.5609858
218.9839351
199.8938373
240.4444117
212.1470545
263.8357468
241.4652002
271.4656784
266.81259
279.2982978
350.6347319
276.7853114
282.0647772
338.8933854
386.0299441
373.1950817
278.4010016
159.3153519
176.4159121
190.1647423
223.469458
250.5876132
317.4515789
256.9119415
190.5006145
250.3468901
211.6499643
191.5041999
194.8788537
221.0144824
288.8552474
243.9320709
230.9524555
240.906632
263.4044484
257.6226099
255.2041172
261.1776571
255.8040959
221.4969214
240.9448401
217.3242634
255.0640349
277.5065542
274.8160043
197.2520614
234.8715274
238.0201069
162.0544637
167.0436799
190.5631052
159.0697838
163.0719515
165.3990057
162.5501739
189.2266435
200.6405469
248.6802538
235.779783
201.0726791
294.0064396
303.5332316
264.1058051
215.2406526
242.2122826
259.9174699
281.6154919
313.1418785
366.7657574
387.0202961
312.2752884
265.7019669
182.4279231
252.9039592
212.9658995
203.648183
195.6813477
192.615999
188.5003972
182.940705
267.5211207
183.9195352
197.8156678
244.8433091
262.8557845
276.9469721
260.6676489
260.5836405
222.5050688
227.1367352
278.9845291
301.1841272
268.7482918
252.0206405
265.0575253
255.1430089
254.4819902
172.2071408
164.8360204
151.4850737
176.7813822
199.6402783
234.4504035
229.3370445
211.878546
196.5766395
211.1384245
194.2862197
185.0422736
192.8377495
192.5817166
213.6617056
190.0897499
223.1184978
232.7417397
277.424416
262.4855693
319.9499734
328.3826553
356.7380206
263.6299328
247.4660118
218.9571497
194.4525632
153.9021519
218.3581412
239.3675145
241.2345282
159.9503212
233.1803885
243.0540287
190.3264213
203.9887733
214.6580561
287.6325769
281.1915659
338.5497766
391.0537155
315.2129659
310.3245099
290.1028656
278.3328362
269.8232253
277.6028488
300.2848378
264.94791
265.2281746
210.8162602
339.2495833
213.0173737
230.5022427
269.9754776
238.2652861
240.3201504
240.3145294
238.5960316
303.9749305
232.3354162
240.8008832
306.5554466
270.1475306
246.1892606
238.9189492
286.8934312
358.0294362
458.5442447
245.8119643
218.532449
232.3125337
280.9885328
282.4501665
216.993924
216.2223167
176.6694051
263.4118891
251.7491698
302.7407851
286.3248214
334.5451922
417.2204396
326.6877571
354.3681455
277.5259816
196.2496055
183.1172337
207.6214471
254.1383903
383.6162471
288.5780756
333.5173614
226.1610518
190.4816048
342.0567463
250.8747715
269.010513
282.7456899
345.0696932
386.0818696
359.7713481
300.7997314
333.1395909
261.9034574
311.4909033
366.3379693
368.2413547
291.5030927
321.2072015
300.7064198
289.0402928
370.8560054
343.212422
323.2752883
301.8337963
310.5800126
380.6500755
345.3561461
353.5163938
335.1534857
357.389149
238.815132
355.596392
263.2407572
240.8962556
400.0379888
334.60596
215.6431814
203.0655154
228.6357218
266.7176928
258.9776028
327.7297303
295.9692623
216.3882409
255.3789622
379.4381206
366.3301117
272.1215426
275.7600158
312.1869819
344.2817435
281.0914539
291.6732427
294.3074989
252.4381069
341.2366613
379.126467
355.9031277
387.7166334
407.5639905
435.473736
371.1591244
354.0899148
379.7402563
442.3476321
359.7324907
195.0287203
195.3180332
191.4722875
287.4786466
271.7457574
240.3487728
224.2310834
263.6012998
245.6220205
182.390456
169.8101227
289.4442719
325.507572
319.9023914
319.4491885
372.0079444
246.9900595
276.4651664
299.5850196
308.7634956
391.528493
328.1452822
269.0479342
240.8347485
267.7595497
288.1924053
256.2695739
332.0136682
343.942312
354.6583407
372.1410788
362.1565312
373.193883
348.9954132
327.1503123
373.3442126
148.0114269
160.8472938
182.2634358
189.4599719
169.8335223
188.6123631
185.9764344
227.0687684
171.9303233
290.1267069
344.528423
357.3257218
350.0686524
335.2003711
398.0747184
328.0631095
338.5465038
322.3456291
374.7600011
336.6547578
260.2417824
267.8927474
279.7197551
363.6216813
355.4608475
370.582808
404.4910916
351.2695905
363.2868986
319.7645371
402.9254027
452.249003
417.3586155
399.3500736
446.0892044
454.8780496
194.7023088
179.5077326
180.9969222
181.7503807
185.7619453
199.7349596
227.2732165
237.6945248
222.0214091
232.3558063
401.9279528
312.1871402
248.1277486
341.2993273
361.9516994
399.5472352
324.5810883
368.6426095
278.5082964
349.273143
349.7313611
319.4681418
305.8908799
361.9052084
365.4708909
408.7909745
398.5318659
412.7735027
378.3394115
409.2632277
418.9508207
483.3945032
453.9591382
427.5236893
300.5864819
321.5831341
199.2591507
175.4542307
168.6321874
183.9222751
188.7558421
198.0490232
196.3750266
199.0281904
202.2631125
217.3934293
236.2388152
220.8913778
181.7634648
269.6678188
184.6368174
296.8198445
291.5784075
327.4942251
307.2207735
388.5919049
396.4407766
343.8349774
301.809046
340.2081317
358.9080818
337.7717189
344.2564172
368.6899041
392.7150197
392.2600551
345.8007717
309.9803525
367.379022
369.1997452
396.499297
434.1850909
258.3694434
172.4142699
198.7516859
332.2506099
214.5189757
224.3566773
201.7703905
221.8989828
186.2858282
211.3039928
197.5190703
205.8022147
190.3187859
285.7545057
246.2314743
283.1874813
283.9649001
277.3821613
262.714501
317.2075123
356.522038
351.882934
361.0745648
439.0634085
455.0175629
464.1989212
418.7817236
308.349424
379.3864129
434.739908
382.587136
381.0408126
337.4352219
351.2620714
348.5955612
318.0373181
187.6197218
170.1670412
170.3114552
169.9403027
279.9517411
177.4970428
178.3836038
183.5420462
175.4097041
171.8579191
186.44721
264.0976058
255.7828331
166.8481988
205.4702673
286.3364454
264.2730049
226.3987216
273.1184327
175.0635712
261.0737236
271.9310075
276.840326
235.3405309
321.2400634
314.1656122
325.1705841
277.2320483
283.922251
299.9978277
255.3086865
247.8549925
292.2343724
310.9412439
297.9071376
204.4065473
193.2993376
173.8265126
286.010924
180.1255873
194.7167905
210.4406465
206.0495662
189.6550294
271.034506
302.7823563
320.2970882
353.6917582
346.1796286
265.2113351
319.9001177
330.3089471
261.285819
232.2837712
227.1275104
296.5060181
316.9726786
278.4359214
328.2885173
348.9238994
317.9008858
276.4868466
288.9025042
301.6734954
321.370719
284.427014
314.2670377
326.2957644
368.2609138
380.5523015
221.0645365
141.2050782
218.6420986
213.952022
210.7654628
215.4513084
231.5858609
257.7093556
167.8273338
185.8174587
321.5621842
276.2127992
312.8095127
304.7659514
258.7509694
334.4115269
377.1033639
324.088714
335.7396381
385.8094233
340.5990444
350.4054434
318.9021795
306.2337028
361.6082431
408.1559035
381.1719124
395.4274325
331.519907
276.7976503
279.4441337
290.2530464
286.3201865
332.7054346
321.8291925
197.6864127
318.6047608
173.4612091
188.588814
213.2654388
360.8634429
274.1321294
300.8537189
264.7113454
178.4310253
185.5510189
272.4141042
363.2892542
307.1303136
206.2924448
215.1838912
261.8451313
274.6655536
259.3402995
315.129746
274.5090326
265.6197716
340.4848675
361.184464
302.3473611
336.6537368
390.2350391
350.6234702
371.8574988
398.0695403
413.6197501
376.1117966
310.7615721
284.7027223
201.1618568
196.8374424
203.949946
199.0247681
192.5322016
187.9067007
318.6209035
312.611039
303.4528059
216.8560836
203.751584
200.7632379
304.7362426
281.6991865
357.6158949
261.307171
257.7667568
409.1909843
344.7284035
291.1750839
286.0697452
274.6817397
303.9291002
315.8151664
262.124944
301.910222
301.7694649
290.1664972
310.3254108
316.0266623
299.3364473
355.759715
331.7379807
321.331481
197.1462791
139.9976757
153.3864921
214.7985873
163.4227206
175.55426
173.8963904
178.5137582
280.6270716
348.169356
359.0483335
294.6092298
387.9675137
395.0735223
408.4463088
331.50539
305.7391736
291.58265
335.1759975
310.0258035
286.3202076
318.9477864
385.7581275
412.468124
359.5875237
333.0384689
361.6613892
349.7225497
318.3306527
301.4651976
302.9509585
336.2190621
290.3766286
275.9364198
209.9194629
201.7108578
204.112194
294.9885175
186.0933122
181.8275673
195.7840642
198.8344699
253.8644855
265.2181562
229.7097391
243.0287696
240.8151129
288.3943349
255.7324641
243.0116168
209.8348407
257.8118052
220.0007372
191.0214184
142.0345714
136.3465969
203.7059956
197.905367
202.4798844
245.9339411
303.8539737
299.1907781
300.1854774
275.1887754
303.9173152
354.6542102
416.7129524
215.9373426
170.7769315
192.1154402
196.6872989
199.5895003
187.2913372
183.2742978
186.604493
185.2444929
204.1640535
198.4632851
183.1816674
198.1650256
143.6272778
171.3289037
187.6278942
179.4754529
229.0524073
291.9411047
252.6622569
249.2787013
287.2000393
292.6411131
250.113812
264.581222
300.5439438
306.7736681
308.2343684
325.0643836
351.0401897
347.2008001
305.3964755
277.2268036
257.2923567
170.0531341
189.8452121
209.5944953
225.361653
215.6850041
225.9680958
287.6664971
272.7996368
261.8196666
211.6919382
293.9576574
331.8890904
311.6993693
325.4503064
322.4575878
299.1166945
282.2990011
296.3832256
324.7419016
290.1194416
262.3815025
257.3170369
324.4174567
335.8559218
318.4008497
306.6056297
323.3938115
333.2330339
333.8859703
358.6774259
350.4872599
206.4146749
188.0013672
174.2219198
162.3773808
143.4249905
138.7055833
217.5162528
198.9091872
202.1455587
177.1637958
184.2715953
231.6341186
202.6830914
219.0638292
231.1180329
176.3280199
217.673237
181.4875473
199.3557228
252.6012589
263.544603
340.4159959
350.8171934
325.3495375
288.6536944
253.4282241
290.7214784
329.2153461
337.3514575
340.5954298
349.3925019
196.6724725
168.7091363
197.7360542
178.2655485
177.4008555
184.3574918
204.8332113
179.3011724
156.4131701
165.5479764
160.9290597
180.5145994
231.3475353
218.3700708
253.4072183
269.3755025
199.1093254
337.6535501
246.242067
222.9758051
274.151024
307.9594109
246.6207127
212.9855073
251.0876676
214.727836
208.0095985
238.2806217
261.6064591
267.0330194
253.7438291
270.0813024
169.9268635
180.0677871
250.1919166
279.1527426
252.8778648
254.5346322
272.1744402
161.9412044
201.0434189
197.9012804
162.8716598
175.5741642
229.2634495
245.162516
222.200424
199.3829486
249.2451566
245.04316
249.7470392
297.4669684
286.3698099
342.7383452
271.430801
256.7878796
276.0142515
296.4805618
315.2106817
313.9726339
281.6259536
274.9821235
172.5941616
178.952208
205.651672
203.6298255
198.6204793
249.9147382
195.9449668
212.4990527
237.085361
255.4155635
241.6589835
195.2351376
188.8168614
270.4446432
196.9383764
209.5300169
233.9090365
250.199917
252.5855126
238.3539577
194.4142446
254.3389381
227.5054422
217.3842281
250.9912536
243.946694
270.1767876
269.7348371
277.5364019
174.2927405
225.7829625
231.750325
189.3781034
187.8142876
222.3916653
149.0050709
147.7648729
208.2490853
185.0358102
198.8886126
192.91541
183.4010849
179.4806865
199.2630729
277.7566161
212.1583643
329.7517683
408.2055985
365.4617195
299.7311353
340.9261854
356.3604342
253.5137442
238.9018678
262.0266388
294.8376471
286.3315851
161.4764364
171.6634588
181.5010295
139.6692582
196.8191097
211.6590151
163.1803474
253.9331631
270.0763614
191.2462093
192.2222787
196.7031871
182.9846121
187.0892946
183.6566862
170.844811
172.3715849
265.915356
305.6843503
255.9023358
268.8130034
317.5140929
299.0126353
276.2089945
241.6942715
292.9238238
216.8480958
185.4132165
193.4566492
230.4463352
215.8020278
296.2903036
278.4661863
233.2979405
264.8990742
359.3293569
257.8595753
201.6450833
213.1959634
255.2164729
281.3282513
209.366827
291.4060579
230.7488597
233.1217454
216.2864767
267.1223108
308.9406979
290.1657582
227.8379555
270.1313406
243.2326895
265.6472332
293.9163782
251.4029761
160.6124299
229.1294694
221.0898305
172.1256452
180.2517692
243.0116943
222.7413865
164.3402411
181.4815465
181.4886532
223.5815353
259.8416259
257.044951
229.7705587
228.2535381
239.1062753
264.3813179
261.2352175
238.8902286
225.3971261
309.816053
238.0481614
180.073695
153.8478854
203.6962213
243.8812567
255.6215119
205.3697239
294.2542259
218.6821939
231.4615062
254.9641287
281.1410451
264.2205333
285.2104968
306.7297519
336.060061
277.5948856
291.5581165
237.0900947
245.1068047
208.5331014
227.836374
265.2236612
227.9685342
175.4691596
195.7152218
254.5253321
274.68683
208.2908421
207.4388867
247.0525667
265.9565074
259.6848407
305.0490311
251.554466
256.0964981
276.2892692
285.5494377
189.6359213
237.8531489
290.7135457
312.6436302
195.6479261
146.2726812
156.8610183
153.5306275
158.9063686
191.3904735
193.4929502
168.9088032
137.0083065
192.9956038
179.3898429
170.1678185
274.2987924
300.3576569
226.328765
267.0788682
240.6014873
276.4187599
279.8231584
197.8313587
183.1521963
268.1140444
368.8236865
219.4987199
363.2286261
309.2389694
203.6348014
304.1352335
306.9926702
310.1576859
302.0037096
315.7315799
386.1735767
320.9692781
375.9015156
326.8830806
324.5579921
303.1915379
320.3831899
321.1928398
322.1338516
320.485468
368.382311
353.2639847
307.9709483
372.0626493
354.5793907
286.8647129
313.8539336
319.8221431
338.5002524
346.9647204
387.9145706
385.8662268
309.0280106
191.0304108
322.9903437
225.0168423
196.570117
320.6161026
325.2813613
313.8500757
266.8133104
291.7262945
268.7424325
323.0445561
263.2772495
270.8296855
334.5987802
347.9590259
367.933169
306.6758537
293.3053558
361.3251927
320.9562849
416.4280665
354.45982
332.3596686
310.6421372
340.8017105
392.3290873
418.7225978
418.7169618
393.6041107
411.0405856
413.9955147
356.1124238
285.2680154
333.6488781
160.8116987
180.1135606
182.1526365
320.2778185
278.2095149
170.2002461
188.6238334
228.0601702
230.3646181
290.0752064
338.5907228
278.4043174
305.025823
378.5621496
318.9459433
427.6061441
394.0540865
267.195544
332.133911
327.8251714
434.6809946
398.3726459
289.162562
261.7355279
320.8947538
274.0095329
274.7081692
310.9582656
325.7182976
378.845666
430.3746945
412.6938151
447.3554602
432.1317565
417.8265317
185.548292
177.7843846
175.0245998
199.757555
196.5804474
155.9208683
148.6465686
152.1265234
204.806283
216.0617521
228.7821955
194.556817
252.5150425
262.185695
207.6354171
212.5146463
289.0731241
246.8840746
298.0254354
316.6449427
315.6644085
401.9600604
288.7312628
367.5876627
331.9194394
391.0752827
385.8404512
356.506794
332.0400755
342.390474
394.8619132
439.1780821
405.1470281
337.2340872
325.2945485
175.9763508
176.587775
184.5445516
184.3286058
182.4425995
183.5779643
213.7330933
176.0875805
185.0227545
269.9223865
334.3150741
242.5906161
287.3075477
279.8381336
275.0039203
292.9668226
267.1224851
294.827757
254.7043174
213.5917415
191.0908963
240.8760277
266.7527286
312.3607578
305.8902505
344.648246
385.4668013
382.4595716
348.4098776
330.8404683
295.5919727
378.9091906
295.3902432
293.6903085
299.047839
213.7391619
181.8631158
174.0885949
159.8171299
138.4070879
125.4955271
171.8918217
194.1076351
176.2655851
304.1293224
220.3281775
229.7258618
231.9627318
263.5431438
287.7736772
332.2262351
315.0653981
364.0890163
255.94964
384.9187467
424.9981922
405.6159078
367.9012122
325.4054535
355.2689915
295.7644698
311.7137701
353.3560841
380.0222341
395.2670485
437.4036629
397.6046911
450.114339
431.6550988
374.2686069
197.0993533
143.9277002
215.0522012
169.7257267
176.4675115
189.2298354
192.0053729
243.1642339
231.7523605
285.7737344
254.2653539
182.7025848
233.7824825
339.6324385
278.9787406
368.6893853
286.3135839
294.3490886
300.8195306
316.1337783
390.4067762
312.6623659
362.8775728
374.3129916
322.2354718
367.4314311
402.4261058
334.5383761
345.7152366
386.6292827
409.5556179
422.2058988
422.5004687
349.9236277
304.2184492
216.4508668
266.0887802
358.8085928
311.9175019
190.1342959
182.3221847
167.5213188
160.3624519
186.635816
223.848959
220.0234936
239.3739008
256.0461437
332.1549825
313.1797652
278.112407
327.3735493
306.3118298
313.3390974
316.0663548
353.3152557
253.3833814
171.3422244
242.0641101
255.2541387
297.9756298
302.1353055
267.6668438
275.3273765
257.2190783
273.9812845
246.28924
241.9388775
309.0567644
198.353651
224.1712246
313.1239877
228.2293036
222.3595667
164.403915
204.6577219
226.532388
208.0960247
250.2222254
197.9241349
277.381146
328.9930536
297.0804895
315.29145
298.8872101
234.6773953
290.6702318
364.4162127
366.1236112
298.0177635
378.6868152
352.7366754
393.7229334
410.4339864
412.9253293
457.6703867
407.0020461
394.6090166
466.9610802
355.8105583
361.8888061
319.8075359
319.4012542
263.2648464
171.211694
186.4040053
200.7077162
188.3199805
279.5772122
231.0273317
174.3921133
161.3060925
168.1206334
288.0837655
220.4154813
222.43046
261.1019682
293.4865351
267.0271599
342.1844132
325.7805631
343.2835613
372.8439684
378.3712231
327.8886539
382.5116256
279.8685923
326.3381058
301.3225626
312.2936478
339.5962624
369.1403346
347.6849288
357.0674014
322.3485297
285.7086406
316.4899827
170.3172167
264.0229498
185.3170865
187.3251446
180.3689371
263.5899015
256.11048
186.1798894
276.7781169
196.0009352
196.646334
234.7203043
254.1255977
155.4880726
228.8193098
263.6111066
262.4739311
259.7821724
288.2975037
282.4899362
336.0854465
366.6798034
409.6029203
441.1348752
399.1298835
302.0711445
305.3264096
349.594748
370.9399407
371.8035681
330.5517254
319.5443476
359.7278804
173.663158
259.4180187
173.2869647
182.0932399
255.1784114
272.0154354
322.01215
325.4061676
291.9456188
268.6311736
194.990643
215.7707076
263.9317944
288.5926117
297.9636537
224.6181586
259.8338878
324.3211493
303.6042563
202.6924823
272.5902295
307.5738929
349.5083544
391.1261049
317.0818568
351.5086373
353.5878896
292.6180776
313.9691393
355.0078799
395.0912963
424.2334594
374.1783946
238.3949819
182.1921623
196.2606892
195.2501999
199.9356111
338.344114
209.8142872
185.3655607
180.241882
237.432252
273.6201572
265.4001157
338.3903369
218.9515925
308.9387592
302.1408632
341.4966022
359.7516011
423.9645992
363.8388224
324.9046842
304.5144802
306.8521927
385.7076478
421.6084287
407.6343221
366.7996626
309.3045764
315.4694404
264.1917884
273.7513565
306.3277374
315.9553025
203.4010673
151.6613331
215.9379446
188.3085041
219.6698238
294.2748998
194.0753378
188.4138278
215.2967107
239.540639
232.4934121
299.3293825
281.2227647
349.421874
263.9387092
217.815832
258.6883822
327.3300652
355.7801983
274.7124787
318.563792
275.4270506
301.3148662
300.2042052
235.5078483
195.7782898
245.7044586
267.9285378
293.7391749
364.4335056
375.1013736
380.6736532
188.9496249
163.3186325
211.0520302
172.3842534
175.6622453
188.1446601
179.3447811
191.9967399
198.181322
220.5715948
223.2055823
194.1034241
238.891131
226.2178749
224.3786746
261.5312345
270.655624
336.8280597
370.0637629
335.2388848
336.9432242
383.684386
302.3794979
338.7213062
394.642702
412.4765291
387.0621571
370.7624491
359.7918573
359.3799389
410.950958
223.5996208
156.8235782
160.5942855
166.6331036
166.1741335
156.8901281
194.9090178
233.9014789
265.5132686
293.677174
217.243241
300.9898903
252.5418629
214.1761967
232.8874356
234.1059734
279.4938146
244.239504
260.7808269
304.381368
393.9404325
363.0397156
283.8218774
349.5451315
347.8263059
322.5023384
268.5768721
228.5359037
264.1231669
308.9568379
338.5755181
239.7349795
177.7610071
194.62803
218.9931518
207.005403
167.4240405
293.3542873
197.4126802
196.7559161
237.8568896
254.4443831
276.440651
245.090726
210.1345372
184.5848652
200.2180024
201.793383
205.492419
187.6154118
243.4002292
245.9918958
224.0299522
223.7467693
209.2423547
203.6216876
267.3232707
271.9495472
276.6743595
336.1044283
292.7000325
178.0861016
185.3765878
161.8706372
175.4781169
177.8486898
179.8338291
178.1343236
171.0892663
193.4381884
251.6752081
203.9908755
264.1049398
284.0950178
251.533738
269.7874037
270.4002018
277.4125296
246.3064346
288.0480165
299.5138074
283.9565274
305.2197426
278.9583457
259.0461576
234.1056237
277.9224304
288.1728601
285.2472348
265.567637
236.3459538
238.478037
214.6837488
218.9269099
208.559344
194.8908988
216.3423154
203.7656798
234.624597
303.8024196
280.6792613
252.6292443
178.9844595
216.2415094
273.016438
176.6311377
300.1878655
304.4702098
239.7172637
270.3214858
264.9967626
272.8781401
300.2120289
280.6425525
226.9877418
262.7644337
264.0894142
252.9010538
285.5980423
274.599106
290.7879677
279.6034891
218.5220742
354.2575308
211.7952595
288.2093342
201.1272653
209.7601399
214.6061365
266.3329633
233.0232308
192.1449196
193.2682174
279.5823564
228.9708212
249.6313071
231.6594821
215.7332605
232.8157991
246.8242453
219.1092836
223.7141427
242.0750843
234.4794245
231.9344245
221.9145674
220.8586226
165.8767131
211.1919189
148.9890451
176.447122
160.7576083
179.7615501
180.5475108
157.5890322
169.4048057
176.690882
172.1117436
189.9854116
213.2378908
223.481393
197.7139118
173.616213
177.6033263
232.5069383
276.5881532
275.1430645
248.8788927
309.3136478
281.0788605
259.0562252
210.0115074
226.027798
239.2754733
323.0607859
164.4831705
198.3862815
159.8277111
236.1376883
254.5950141
187.6566366
176.3353809
198.7120351
195.7425988
192.6629272
178.642782
173.1558112
163.1849898
245.7922315
183.7914161
155.95344
255.8347758
243.1531285
188.7373744
213.4688725
227.1330313
211.1308533
272.2716003
228.05913
372.0158755
182.83466
185.6115614
204.2191679
232.6909709
285.7639195
345.2787201
226.6663777
281.969366
217.8357224
212.5280069
226.7216928
199.5346294
270.4273726
224.7028839
274.0906913
260.2328211
273.1964458
184.4426957
169.9473144
236.4733535
276.0538277
239.8259401
280.9771787
351.9855424
260.9847711
188.4760013
197.7131869
196.4268456
212.3953157
238.8929216
215.3698648
211.0771187
247.7927552
273.9416009
264.3088557
250.7204167
298.136344
269.9209552
238.2483586
255.2325087
253.8338563
222.1482761
242.8907687
311.8540974
266.7065466
285.6024336
228.4231795
188.7527858
219.7554804
209.1659289
228.7856556
266.4600444
233.270492
157.4093029
147.9430954
191.5697523
218.668513
181.13621
219.4842044
242.6496259
144.6529098
209.2197365
229.850498
288.1108628
251.337131
252.9622394
284.0637342
224.601376
218.2861092
206.1557114
210.0896713
213.8083138
302.2600083
247.2484837
220.008936
256.894738
285.4818155
203.5676127
211.9051007
153.1396424
163.6102235
324.1340081
168.9793069
165.9874999
315.4924573
143.0908893
141.9441387
249.8130671
183.2388709
234.089451
239.1649825
306.586762
337.5357
320.2182743
320.1168166
264.6266722
334.5311439
219.1973766
248.8340264
252.4846694
252.2692499
260.5086284
292.9604734
333.0544639
275.0496183
300.4613357
329.259349
292.7616665
289.4593517
287.0198464
309.1956865
326.6813142
359.9388702
201.6030116
201.5115384
271.1252587
282.9455893
239.5639114
228.1259443
298.5031173
239.4865822
274.3051196
269.6375843
207.7239402
334.6423784
255.1801454
244.9884196
273.8353805
390.0840945
313.6483488
258.4833694
292.4149899
340.5136918
267.6897284
345.1452459
351.7913097
323.8649521
324.7923783
342.5884994
445.3374829
451.0657684
403.6129917
368.7037357
341.4901176
318.9659604
264.8039405
284.1507288
171.6409288
166.8525297
257.3151025
337.6690361
263.4533263
258.1433846
349.5326859
304.9360305
292.2021954
242.4502237
416.3961694
326.6182534
330.9787039
448.6152721
389.6040958
368.1544343
360.5827085
378.2834535
302.9093603
268.1637413
317.0630304
434.7718579
393.3454601
347.492926
292.7798705
280.0664337
287.5309256
249.1676168
243.19625
342.2692321
357.5901347
317.1511712
332.7578843
303.7424097
166.5168847
190.2960229
178.1203976
200.1682625
179.4906225
165.4307156
141.9582917
192.3807789
278.1380498
238.7905752
300.6940554
306.5872281
297.1266257
352.4003195
330.8488576
270.4349191
296.0825893
309.8088383
365.0971745
386.1145619
416.1529048
434.1731435
315.4452613
325.4635551
309.6098625
355.9825151
400.2934218
422.9390536
344.5666001
300.7375567
332.6298257
412.0196202
431.2059733
406.7814366
176.287464
178.8265632
172.3987958
178.9154317
194.9365322
339.1633784
273.5740402
284.3790188
298.5761191
283.5934842
271.8500446
280.5548362
294.8757646
288.2129359
331.8446747
362.3343755
318.3015424
264.935124
276.6422362
247.6588794
258.1154189
275.9601224
305.2714485
349.624155
315.3523846
329.5286642
352.3620292
357.0094537
313.4244409
269.6471566
330.284959
310.2155555
387.1839804
351.1922422
175.0925729
165.2964788
170.0029604
184.8575272
190.1687207
186.2799386
309.5052467
231.6025961
233.704857
232.3020509
236.3090654
333.2735735
255.7347
323.9921303
333.5682848
338.7984554
330.57231
376.0476274
346.5574884
339.9104489
369.3037098
350.2767456
301.8887275
305.7454154
278.0114916
317.6613484
299.5786242
271.6786579
339.1666185
383.961507
364.1150807
382.6219027
367.7491815
357.0874481
253.2909014
167.1440071
183.7615981
329.7720559
182.4117614
181.8241224
177.3698547
227.1938978
302.2052859
283.9704707
235.4694596
219.0786893
274.1819707
275.1746266
265.7558619
327.2726658
328.2226654
239.4808292
261.1210338
275.5967934
282.2277324
262.9702893
329.5712936
402.0478412
411.6015291
368.3295092
371.9794451
379.466295
361.5022193
412.3722875
475.5763904
464.4918821
527.3432716
452.7528993
153.4010511
244.8281811
191.1627986
148.7807356
164.446742
165.7897021
241.7823409
189.762266
192.8181349
162.6624967
154.4657088
196.7317808
308.3348466
296.9787904
246.4477515
204.7032774
286.1329369
236.9494698
287.2947324
337.3250958
344.5798725
260.4344093
292.9494323
306.8613852
266.1692334
263.3530011
271.3842945
254.1275631
317.7443304
342.1755083
368.2448885
443.1945431
431.6156504
180.1201354
206.3433767
178.1123289
303.494689
173.1921509
186.786143
175.9531435
168.7165991
180.1848832
272.046761
275.1898922
227.7752932
229.8857672
271.3391049
271.6649508
238.2497076
202.5438731
224.5044218
259.0597758
215.0688652
232.8961122
271.2374114
202.3437636
278.1539506
321.0373151
351.9353975
368.8138763
314.7944653
307.8683972
333.3303728
336.3287138
348.9544261
343.3923805
183.5073277
182.9851244
242.4154721
219.125807
177.7600349
190.5990072
204.0517798
202.2964531
214.971114
312.6059564
220.6107584
235.521835
183.6611066
258.0264887
305.9485741
354.807551
384.6994764
396.0231776
332.8965642
333.7296977
268.0940374
324.3903964
323.1832282
234.5043002
224.7079756
293.2127585
302.8296109
308.6477186
294.5692206
326.5139711
311.3573682
324.4833012
290.8702579
203.5049274
159.0164669
178.1573175
155.9589946
179.1297636
226.1274928
257.6952646
237.5036027
227.9082708
302.5102129
290.111406
336.2444479
220.963331
312.5167883
338.4023981
307.7486766
332.3139287
281.1792587
315.091624
247.4974282
260.5805448
269.0028292
236.2606631
297.9510535
323.6184822
331.4930483
330.982769
268.4450766
256.7159402
266.4853758
242.451696
267.3418466
348.7384303
173.6377512
207.3170614
220.2183695
209.6993747
335.6379393
356.0084713
256.6744599
261.4736224
196.186266
249.9852222
379.1758773
361.7798085
339.5998655
319.5916192
279.7089124
182.9956337
281.1358795
284.4189662
184.1576132
199.8573405
251.2540322
333.2488457
352.3642173
311.9894859
353.7090144
332.4387254
326.0062484
304.2132863
298.9380344
358.5233907
401.0680236
188.1527626
176.6017377
195.2941046
221.4668768
321.9347512
186.3972622
187.4341013
192.3232797
241.0316231
248.9125726
259.5477878
229.5376315
285.7495494
366.7333875
296.9684082
322.3865706
300.2720249
350.5328245
343.6067185
331.4784807
256.6194124
211.2826555
333.3877278
352.727144
333.9545541
335.2055893
315.8557304
316.3362126
253.1951074
309.1679552
363.2818633
266.4448087
179.5320248
194.0431297
169.3397821
183.4262132
176.2599783
147.9096786
148.3200799
146.9739715
164.0674583
207.3665077
281.5832536
221.6983397
209.654636
208.107663
242.5657296
227.5642219
312.3917935
256.4486666
236.2388536
298.8022734
241.113536
194.517571
259.3646378
299.9354774
290.8427048
339.5550755
297.2780229
294.3627694
346.8468594
328.1340238
201.4920251
140.0367106
161.0946017
177.8061173
167.822357
173.1465779
180.9292032
190.0381219
202.6670362
214.3812255
193.841304
257.9043272
296.1737781
225.5480981
210.74836
195.3262017
218.9073384
274.4894097
269.6422
216.2752704
274.0565057
329.3672063
298.9323588
299.8844214
318.693034
293.452898
324.1581979
291.1041192
242.2385551
286.4731423
207.4331112
171.9069928
169.6914685
186.1350753
182.4282195
196.3901058
197.3980884
199.8827011
188.5724979
243.9256913
226.000478
230.3087973
274.3304526
215.9601369
245.3262167
275.6214755
295.0587995
307.0740186
302.6565615
289.7157001
280.4748468
267.4509215
261.7483773
287.1808689
263.0049713
297.6300369
302.211221
276.860587
311.3946341
239.2601611
190.0839886
175.096522
179.1569823
212.0050158
219.0535959
183.9588141
172.4372307
175.2045611
226.2165185
219.6070934
209.256487
236.5001758
199.2106278
193.4950264
233.5700579
267.3809086
273.0309522
214.4470582
249.7000659
302.6777453
305.2569786
278.6927477
328.4204487
303.0428936
330.1031923
316.0645818
293.5567178
350.8248257
234.885032
187.1059495
176.313763
176.6977934
209.6362181
233.2981127
175.1830298
183.2172585
185.6356269
211.5931746
280.4581923
273.0891726
255.1147417
262.5877347
253.7050025
211.7532626
193.1072291
251.4241059
275.1729821
297.7988922
292.7589847
314.6243678
272.989526
237.7086629
234.9454412
293.4193217
332.8265084
291.4684719
225.55596
184.8440754
192.3630376
198.0568977
219.8593526
316.2939542
236.6222072
212.6434332
241.8975169
221.0070608
286.8407263
247.6897525
251.729576
221.9994547
271.9423879
281.3214478
250.8623968
242.3532447
239.7892854
300.3391271
335.9376652
302.9908838
387.6148508
326.0365439
311.866986
341.3248768
335.249853
212.8190695
272.1571196
205.2939611
296.1376016
238.5164373
254.5979559
176.8044536
259.0759376
245.1579877
234.0635524
191.8309382
207.2893775
320.0914314
293.6718604
309.6424815
358.0358071
305.8387086
280.8215584
287.1338879
276.6013675
289.9328196
255.0500128
279.9415939
271.2026284
261.3224721
271.4824728
241.5423707
200.2921311
217.1182496
180.9005642
288.383339
197.8337961
194.3411398
267.5610095
225.8331288
264.5298203
196.8761442
230.0580426
239.6613093
246.5772221
208.4133823
229.0932303
242.6550492
268.7130613
295.2938292
234.018419
223.2281271
271.472801
324.3488869
265.2927629
273.979472
317.2034796
187.4654029
183.1861016
224.5257329
183.5363975
211.2877875
195.4555889
169.3751487
174.6517563
168.6839448
185.7535609
189.6595259
175.2528159
244.5696465
202.4814645
198.4051794
228.7649529
254.7951449
271.5176913
268.0558358
233.0095373
186.5135073
294.9233386
184.5765992
164.4448529
193.0940059
231.1295922
184.9995698
180.9383702
174.7278794
177.3127341
182.4926973
180.8086843
171.6268361
165.8032723
207.4741283
236.8098452
232.439792
242.5322643
252.6221445
238.538684
249.5867175
343.420484
386.6681289
218.0477837
200.9029042
222.8396336
352.596839
269.5625028
334.75138
289.1581918
228.7389729
239.7925596
190.1884283
178.2402359
192.4547884
303.0589637
366.9418652
259.7066843
231.4157411
272.2020583
208.1423249
189.2193155
312.3581204
274.5017015
197.3223
217.7215292
232.1929997
264.9431211
255.7579633
161.0939863
151.4886902
269.5784324
158.8467989
295.063389
180.0023296
176.1016462
226.4682151
234.4712373
179.1026954
245.2090216
254.1402643
210.6273112
284.0214331
270.359739
301.9377038
324.7122571
353.6115919
350.0987139
324.3702455
398.5874517
314.5778965
360.8633075
312.0329051
328.898843
356.713511
295.8741058
312.5819583
286.395122
351.4077368
383.7267507
373.9469784
345.5200709
359.9720966
338.0254722
307.8455581
276.1285985
196.685898
180.8970501
214.2971271
167.8768931
217.7062644
235.744824
150.2294474
247.0635836
239.9454524
277.9873902
213.5378575
194.6194874
236.8019243
269.1185708
308.9334646
275.7780578
260.67127
282.2406571
307.5767353
277.7145247
247.1179072
270.5133193
325.1314391
286.5527576
274.8107629
264.4391775
327.4526332
290.8708697
386.180615
356.3209205
310.6770753
335.2187048
203.2284309
200.4313344
331.5826589
199.0632242
221.0467595
213.2696463
184.4724735
192.0917596
202.9088373
305.9946656
214.7780518
240.9612224
331.5721231
261.7415433
312.9348985
314.761363
277.9193755
334.7001786
300.1160951
291.9011011
260.2654556
321.3126795
307.4166702
292.87525
304.7293326
269.7353684
307.1640326
315.8607004
252.6491279
246.2775153
272.8498397
279.1771708
263.9856822
172.7394352
186.1120328
244.5302903
281.6878825
228.9677613
260.2087684
285.5326156
269.1063107
254.6058439
267.6906488
364.5531911
313.6311615
219.4858422
320.4068056
399.0150261
272.3354121
307.6582351
333.6745728
356.5521888
325.2091333
386.8832878
382.3973188
291.2829869
254.8871599
286.6705122
238.4513302
267.4124078
287.4362398
290.7887942
271.2397288
293.0970808
286.4283735
333.2766016
168.6365879
182.6853322
199.8258102
194.3442401
233.729154
246.8984482
273.623281
331.7280459
308.532721
264.3069504
301.710598
268.5873569
274.8244443
253.7979198
289.9425791
308.1113682
282.4140678
236.4713117
309.4809677
324.3244278
346.6020943
408.136713
359.226514
317.5240355
340.3135495
370.1833874
273.0388398
308.3464392
335.8880529
310.9396624
304.537237
286.1865936
297.9077131
183.707788
182.0530262
262.2772009
314.1398808
194.4641853
215.2628853
224.7806561
201.927943
302.2434223
253.2363098
257.1453753
371.3943089
279.9495146
360.3285688
364.9795043
322.6768942
299.9261224
340.0307769
328.9452988
316.4053328
313.0354067
292.2352217
319.4753573
323.1457407
317.6062696
361.0707032
383.6276811
318.5582556
208.5550416
279.6095087
259.9550569
285.6429468
288.1573262
171.0836952
178.2018411
185.2329267
156.8687347
156.9873991
153.0155575
187.1459727
193.6479548
183.636597
205.6094576
224.3732718
293.2225539
177.7679902
356.2778112
278.9503214
291.7159538
246.1779194
260.0467448
314.8070705
320.6520217
278.0208117
266.5541448
314.236187
310.6525305
373.1981826
361.5184818
314.9628688
341.0818644
309.836129
323.6969699
342.9691462
366.3259192
188.940315
181.6575997
174.7723895
197.9904333
192.2696987
191.7281722
198.4489108
240.8013937
311.0678608
291.3761848
230.0552534
223.8510589
316.5432885
303.0180472
301.4704782
257.1344093
351.9102799
287.356694
337.6595225
393.5578173
388.2828077
361.0601607
390.1007853
406.3378463
297.4733107
304.7663427
293.9706488
290.6309927
328.7377342
335.2296081
386.8791687
382.8812348
331.8430344
289.6759064
194.4858999
248.2853961
183.4588672
163.3175558
156.9900446
166.4959048
161.5422815
208.0355887
235.6054122
173.6034118
213.5834302
229.4144179
192.6067004
200.2601436
273.9758081
200.2885272
185.2659646
265.8503424
281.3424066
320.6506764
286.2077899
335.3834101
342.0316671
368.0889831
315.6676768
291.8987485
291.5559683
288.7265825
301.6509643
299.7264318
192.5944426
228.1354516
280.942402
220.0299834
203.1107732
216.5376761
239.2733553
235.7149097
280.3515262
223.1355812
300.8600438
284.1822732
255.8536121
303.2152658
268.7654368
269.9507779
230.6221232
206.8341587
269.5176508
261.6528319
250.3824984
287.5392297
301.1519272
309.0795961
281.4383231
306.110604
349.7901368
373.1360504
431.8058906
391.3920865
409.1878363
204.0415586
179.7284957
216.9780897
199.5888349
169.463074
157.7987853
162.7561341
154.3952216
157.1963129
214.2780243
174.8013929
170.781724
137.2666414
225.7600703
255.2789599
216.2872664
287.8979244
284.9280436
263.3135854
155.3537721
212.488667
320.7945303
297.3552151
282.3577712
319.786818
293.5850585
327.5353738
314.1193066
264.7485458
243.0957097
231.2533507
203.5717015
162.9288759
178.4086143
246.4802926
185.8012049
276.782484
174.4827092
169.7906639
179.4479414
218.8272231
320.7813883
227.0660864
309.4554895
221.1040733
246.9143946
241.9547297
321.0047534
308.7360928
278.7768257
267.2227035
209.6032548
230.460047
248.0171967
239.8236792
193.5295723
212.0102779
227.4674006
253.4315633
245.5134296
219.4924934
200.3553063
151.028566
164.4173619
272.5428207
144.3896841
272.241075
176.8859718
169.2561893
203.6748448
205.2394359
294.3578714
221.295211
268.1138341
368.7046051
277.3648813
205.7215797
275.9734805
322.2571982
280.7889184
305.5330553
290.9876435
298.045479
341.0533713
382.4455092
331.993359
376.4213388
360.7418772
306.8960933
252.3090726
289.2934915
212.0259061
187.9326738
190.6038413
193.5885112
202.2435666
162.5151798
186.7083816
195.6113364
206.6194976
306.2000793
288.973881
223.002136
255.4997855
265.7307928
290.3712561
198.1480368
219.0855146
246.8156116
246.2690098
230.6665555
258.6451568
234.6446938
239.4356791
302.7836369
257.6375162
353.4714066
358.1151496
331.9887852
307.4662253
178.5790784
152.0205265
166.8351355
172.4739999
168.2924135
189.977119
216.7231619
152.8359247
144.3804593
217.8413388
257.6514373
224.3727634
232.0948493
209.7622423
219.3515475
236.5761024
263.0149603
218.7778647
306.874627
225.7449468
173.9830306
247.7976922
312.4688254
313.5296316
313.4173282
319.1811522
299.9223629
329.373057
277.9415238
235.2922435
183.6826314
177.384715
176.666187
168.1106014
162.4407249
179.7282554
192.8931311
191.7131184
232.5684935
211.8334712
239.3361328
289.2864608
228.987894
191.5821732
239.0408889
295.8630066
271.1457694
260.7938795
229.7856553
206.7813101
189.4744554
221.2104597
232.0852242
222.1710869
209.9094775
231.3598121
239.8907657
267.0075611
200.623968
197.4666402
210.8473152
191.7993506
196.3183334
196.9264614
186.0230824
216.9081949
247.6306393
223.915711
253.623618
233.1053756
226.8726018
251.2260645
248.8928285
219.5726115
247.0722782
245.2504642
195.6498377
178.100769
227.1858934
287.5549518
264.5297322
266.6763408
233.7982569
215.2671497
234.248584
172.9858141
193.0446242
176.5132061
178.715865
177.79884
190.0034756
154.0284807
161.5339509
161.2382001
231.700273
172.0088669
215.0516021
184.861339
159.2281934
145.9567293
160.1552448
238.743201
261.683412
286.1701048
258.7760946
249.7692648
340.582201
349.3658818
356.2272568
355.9056982
171.568284
166.8455799
173.7744427
159.4557376
159.9683736
239.3725616
216.8785528
216.3099009
223.7264741
265.8547311
215.409219
183.3801286
249.1144132
279.1532255
275.0795465
255.8387647
219.8058633
196.1425202
240.8630064
316.3702945
280.4549458
324.0010227
338.8169663
318.4992481
300.4345535
360.00745
240.9294251
246.8725722
218.4818563
212.9334735
185.2548517
199.3522826
243.3770459
266.1988793
250.5120788
212.213486
216.7870122
209.1775245
296.3694241
311.5367076
277.7510062
219.7478765
175.9159471
223.093848
278.359711
259.5513778
234.0491579
211.8040445
279.3204081
359.6471756
198.1176363
246.4780574
279.8850833
228.5484683
175.1244372
231.1436754
209.1126567
280.147336
256.3272342
341.6340764
282.0664144
329.7240671
379.022462
399.8251855
392.5065718
341.7089421
359.7005702
269.1204156
323.7805143
342.6760045
371.8297251
267.6413213
219.3386708
245.9390895
223.8804409
184.640264
234.6034518
233.2653227
252.7028763
262.6913489
193.8826986
201.501573
205.9351471
211.3829542
204.5626551
180.274854
253.1154042
264.293749
278.0710971
256.6159624
227.5811682
184.9538358
161.9471927
184.8159621
178.4092999
187.7624362
193.5854752
235.5583784
207.657808
225.5994379
195.7961151
237.0690571
208.124986
274.6369748
274.2521266
297.1440347
183.4588173
165.5456214
173.9867531
157.3345257
168.9469229
167.0452934
191.9321572
199.0141621
297.8353288
160.8034209
170.1861013
171.6491636
168.1505156
185.1320036
245.822802
244.2483415
273.408579
184.1764571
217.9847153
221.598101
199.1910671
218.3767554
332.2358189
343.9655363
322.3917417
320.5558179
302.3535101
309.0978055
370.533605
347.3141896
346.4366226
388.3852208
391.2164333
384.7642275
375.0432074
383.2382719
425.7601114
425.9810761
405.1677523
417.2277611
415.2064655
212.5202842
205.4614909
195.7875948
180.2266627
186.3330586
256.5812756
194.0630258
226.6352784
225.8461639
254.1598181
197.0378484
182.1894345
198.0862925
244.5996465
192.8420648
278.3508217
324.6752832
291.4777912
276.6839788
237.7221736
323.1638946
315.128937
345.4235436
366.4150477
324.707475
277.7372644
290.5116809
315.1265093
265.7964644
269.8449544
275.4604566
300.1338186
201.1146798
343.266216
210.1251673
277.5047136
183.0956759
177.448981
241.2157308
192.1327184
209.6675476
344.6821123
214.1708273
297.2987419
255.1500768
225.2789759
272.0571476
329.5087481
278.1439934
309.7631469
318.1403226
312.4386125
306.2185231
394.6151225
347.4817022
346.3056128
298.8102412
283.6992668
284.279312
311.5603226
300.0959384
267.0642711
287.9625356
297.7440373
234.6001736
199.3338988
250.0349033
344.0401489
203.1243366
206.4001055
217.813935
169.2340029
150.9332199
190.4573626
228.6342469
247.7699444
211.4133687
428.5220235
273.3619032
298.2000756
359.6374904
390.7695363
414.5869094
393.301696
371.601444
353.7884843
327.5201316
343.0048685
391.0540871
354.4062853
340.3253929
298.5988045
296.8755372
311.5102664
294.3459262
335.2083616
194.8361526
171.0683694
172.9837628
172.0982362
178.2056129
273.0909549
203.3423213
216.4995668
240.4164337
315.3860195
234.960262
261.2953807
230.58915
197.4535813
239.4238554
209.8394075
128.6120026
224.9426347
192.4293886
331.4402178
359.282011
319.3106382
296.3019018
295.1692845
337.1563686
314.6295193
342.6889002
362.5918084
339.7397508
376.8256013
373.5872334
170.7379443
243.7460671
312.9397574
254.3195424
190.6573337
190.8554538
344.1318079
197.5130865
186.475932
295.8712982
292.7838939
222.1911283
310.2693762
332.1790896
386.2065965
306.7398413
295.0796523
324.8231699
284.7609161
296.8705854
314.676713
415.1306694
365.2152537
295.8224745
331.5737938
323.199596
292.6314439
294.9209887
350.7923265
343.041573
327.6165061
167.0719162
210.5854782
220.1062206
152.1393232
166.9462075
174.7329014
227.6753123
157.4769179
162.8449644
175.0887737
168.8936168
268.2800841
180.7124258
252.818319
201.2888369
246.4102591
267.9645022
250.0412432
325.7342197
330.9560601
335.0753408
281.7978345
338.1840312
362.1025058
338.1218245
343.6800937
348.7641684
360.1757829
339.1191695
346.596787
364.0949294
205.1641848
179.6512845
179.4714723
175.9395153
183.6744166
188.6691495
187.8174278
177.8346016
204.9221235
189.3394267
200.6079249
269.2887103
262.3403676
261.7208109
330.4326881
309.6514355
366.8920674
377.115384
325.2153491
277.9792874
322.4717134
265.136788
281.1547484
385.9955483
399.2199779
404.481226
341.6162331
271.6962432
278.5547464
304.7985947
326.2098364
206.8817087
166.2464041
187.2608368
184.0524438
168.1434306
172.8851378
183.5087815
215.9413528
206.5154083
177.3045826
164.847765
201.0449706
291.7941948
249.0218792
233.5412425
306.9564514
278.6526645
239.4735753
331.5704647
309.1879472
273.5954752
229.4092964
203.8774592
202.8386397
266.0492874
235.2480015
229.4951672
264.3906949
222.0149273
299.6378431
189.0447518
158.0455789
223.4327029
148.094266
161.8512167
175.7752606
183.4797149
241.5862754
283.2136427
210.990944
204.7190685
215.9268867
216.2567766
264.1921599
264.2404162
206.8943573
276.1850568
253.2686786
265.8045661
252.5877506
346.3590099
293.449573
252.8602944
308.3697893
331.1626846
313.4999951
321.6337773
281.8190738
306.4993993
272.9408921
199.3403729
222.6472041
232.5859706
185.4857391
176.7751399
199.61519
225.2848148
226.4032845
349.4302414
307.8361498
341.2562863
328.9154504
344.5346831
351.2650788
328.9327605
395.829551
381.0600369
301.9174874
261.8918116
274.1560504
360.122578
325.5223243
303.1010328
340.8245237
250.1320624
255.6956678
280.3212258
361.3431145
292.1141692
232.6620472
189.3116403
259.697921
223.2023348
208.9781558
276.944036
179.8879798
179.4024861
153.0592494
137.8420771
170.2818664
168.1517348
260.2377547
263.8030579
205.0108045
212.7199408
291.4560807
282.1892505
274.4771861
249.0885531
317.6833278
336.4268771
275.0817034
296.7411557
288.6283423
282.1741348
331.4637057
333.8666386
301.5468724
192.7318381
303.5616212
291.037623
245.5052326
252.113063
171.0290032
179.6679997
166.7259261
217.9485671
270.3211254
196.2244947
201.077935
322.8218026
293.1077218
273.4529776
295.6113634
242.8305044
235.7403725
323.0799213
255.0087983
247.5928281
280.9071366
297.2589032
269.0364348
302.3853652
362.3576655
401.0934563
341.2452218
185.6153461
170.2194529
173.2564668
192.6628077
198.7042212
196.1411373
282.5249413
199.0003784
187.9262953
198.4616467
219.1337609
173.1722233
202.7595731
192.5246176
193.8911928
126.9219438
232.1944696
272.0624311
281.3477355
277.3358933
299.242725
312.0834887
311.8355055
333.947452
250.7376769
225.1630589
271.5359349
294.4305384
237.7325628
175.265729
154.6309596
161.9438623
194.6726663
278.0165021
183.5865682
169.6675366
339.3636164
273.9012207
216.0196432
253.4431422
301.0733553
272.3275066
220.2180779
215.298729
264.6820648
321.3447601
287.0660124
280.1133738
286.328004
331.720854
366.8063944
352.9918604
345.4538701
375.0810302
358.2478186
240.7796387
195.8183922
196.8325577
179.0864195
189.5455963
198.2752719
197.5650598
181.4487925
253.2354946
195.263583
219.7354629
245.2228058
211.6981655
168.5318354
199.5398702
211.4321307
300.0558506
207.813857
146.4896147
179.8523666
246.3567072
259.6586081
253.3337231
332.7606626
329.8579653
351.4388736
191.4645887
220.3176382
245.2216822
228.768435
203.0803906
205.371817
198.4738389
192.339551
218.3993907
244.0501873
228.9565178
281.5798137
231.3075012
183.6309949
249.3318145
165.6318226
179.746216
194.6604801
228.6559741
224.5915961
230.6790123
276.3817319
312.5314957
300.1484726
254.3273516
393.827697
172.762922
180.4811844
189.7513394
183.3807553
187.1040928
201.7773676
194.9750864
166.737634
268.7729343
284.7810987
206.2077645
272.1016768
295.5638764
311.5400258
253.5536447
244.3021012
272.4060842
321.3806359
284.9407078
259.1954359
272.2499737
269.3606162
316.9780481
178.5188704
165.32782
167.4223091
157.8147838
158.6642592
159.2916899
173.9459844
163.9714971
187.7111199
177.6207343
175.4893877
190.7701556
216.7454392
258.7561574
229.8646261
236.8601998
193.3075147
192.2576843
206.6876286
179.8417025
179.6918169
243.183568
268.8075876
228.7569785
191.5138926
166.1970514
190.6837777
201.1825134
253.7541732
246.2666366
253.6599176
292.6405335
289.4750002
304.2870703
297.8885003
285.4814221
273.3814601
290.7300479
290.2548479
262.0580012
226.8788789
237.2985571
224.7171286
220.7500472
237.5696818
189.512247
169.2564517
154.6083152
160.9377799
153.5717955
154.8565819
170.9185756
169.033222
172.7275541
165.9979706
183.8494567
205.0435361
246.5845013
238.851103
363.5966606
360.5564882
228.3922163
178.3864829
180.8494616
272.799051
238.1918441
205.8918645
185.7304045
217.4810204
258.600739
261.8876279
274.041485
251.4793281
286.9676114
317.1394635
247.2372035
249.2764501
218.6346283
158.2655486
175.065215
172.3154859
187.8758415
171.7877925
226.3904314
262.5547409
190.5060027
247.8431923
223.9563578
234.2453323
240.8673489
323.5728548
248.1921659
234.4679165
213.6728587
160.7064385
181.6316439
244.8651673
242.3493808
230.2621877
289.9402843
334.7810829
344.3098371
337.0386658
366.1236329
347.113473
335.5804254
347.1365738
363.1823884
175.6368796
169.1225668
247.8819188
230.9959816
334.4789065
186.0006467
195.6547192
275.6375922
317.807178
202.5227525
216.5709883
267.8275882
224.1125771
323.8721253
270.6663631
227.5287169
234.5974209
233.137246
213.8881426
221.569212
267.4399746
248.7628442
257.0660156
277.6638568
222.7965363
246.0064298
355.2311472
333.6789236
328.8423564
352.3845801
182.6115319
233.7570829
260.1608928
190.9776934
357.0877803
217.7671707
214.7731077
234.2155936
197.960858
209.6305821
373.4743495
287.5540479
288.8457108
280.6312386
312.0939075
223.1607482
245.2560917
328.7980379
325.3069009
357.5550731
395.1761192
367.2656768
380.6317961
381.5041471
414.5776131
354.0736067
340.5293725
392.3474876
373.298513
290.3926721
173.8400656
249.5437229
311.6174834
234.9449991
203.2719586
270.5725493
198.2763716
199.5557688
279.6492541
240.1787104
240.0671924
363.736747
306.2014613
235.9549989
263.8064245
330.8542605
367.9494664
289.925969
239.4981483
221.3803414
289.3922004
275.1889313
306.5832056
329.2899801
257.0412893
271.1530063
296.1370626
336.9216776
330.3417822
331.5157257
179.4043012
281.8010367
253.9818913
230.8598022
220.798695
235.336838
173.0192196
142.4792747
196.9703039
179.7671643
151.188037
218.9103742
169.9356068
233.5313413
316.36562
306.3111852
264.4709868
306.3143632
324.1740647
342.2866115
316.2977053
362.553682
336.401297
354.6970857
355.8516563
259.0980938
300.3560512
326.220921
364.6997957
331.1991751
187.6159964
268.0333946
257.6827611
237.1000467
174.2822159
174.1492947
160.3168017
171.7869992
174.1005792
234.6184072
192.7872952
264.0283332
199.0424237
165.1902459
203.2472212
210.5306534
200.2891755
277.5903392
219.1846723
222.1831788
231.8507075
250.2250515
322.0306812
310.9040868
278.3662614
319.9745944
285.4046015
314.3003803
347.3028736
375.4611045
216.9322119
217.8951586
182.6999982
169.7019592
329.8151527
179.5183557
196.8694238
210.9836583
233.7456045
316.5498738
330.4381769
306.4319751
341.4711678
289.4646455
322.9204951
348.8914205
323.6915584
313.9576541
224.8659831
248.6023369
292.0400007
321.733408
279.7300979
309.0777863
382.189882
337.954353
300.041722
323.0942442
329.9841352
191.4633075
173.887972
174.3871134
163.5970534
204.7554225
154.5070824
161.1454513
147.0565604
143.9743696
152.5901969
272.201417
220.7978111
228.5899486
227.0544526
224.7840978
267.7248285
233.0870984
290.3757712
319.34443
292.9620372
271.8972613
242.6547137
267.336104
293.8870968
372.1926299
380.9101975
359.4995333
318.8061112
286.1911427
233.0566629
179.6048568
214.0989262
231.5074125
208.0537421
213.6214337
201.814302
222.3400015
268.1173944
243.9682905
215.4251684
238.1609972
261.014237
262.1226475
307.0431493
250.9589257
276.9156921
313.9316153
306.0864677
245.3857629
232.8315254
281.0786313
318.1599321
362.4305731
446.8656318
397.5321822
393.0325693
357.7302401
313.6157497
192.5682001
202.7825229
178.7350683
172.9878089
178.5311679
181.2486534
214.6219632
277.2868472
197.1185313
254.7787773
219.932765
300.6939317
314.040009
290.3347256
353.3754882
334.9598648
304.1652667
291.2744254
280.3734936
292.2039809
245.4487313
237.3606731
241.9054004
276.9111556
307.9767195
276.1939368
290.9185349
314.208933
197.3005308
172.2114308
171.4245767
211.6438004
206.0223725
192.8846615
216.8077526
359.6746184
219.0754885
270.0068696
306.4590364
263.0253144
290.2039218
279.0164092
214.3548752
256.7811914
273.8558766
225.3748656
214.0997735
215.5893704
275.3784995
302.3192445
284.006432
317.812555
377.2545672
326.453492
216.7797622
290.9995819
179.1072954
230.0429443
197.9154263
191.0218545
209.9002832
214.6116944
230.8467682
184.9504553
191.3095749
221.5584563
207.7528806
190.8882105
237.1253817
235.6330751
282.7930361
323.2192224
255.1919819
235.525486
280.9957868
349.0431666
341.0529763
246.6858518
316.9908262
262.1223376
278.3325755
259.8740611
300.0669661
163.343423
248.7056451
240.2306794
279.9699234
218.0950527
224.2457537
299.9183081
240.5239363
197.1369313
221.7484629
230.3132397
289.9004688
327.3628497
305.662412
263.4707802
262.4964545
217.5235072
193.7890253
225.5419238
205.8856295
148.3948949
136.6555867
189.8233006
190.0696271
190.0364411
222.3680755
258.8512081
302.6744894
223.2610412
244.2221308
192.4332353
180.0712918
302.4809481
205.1019005
207.4594697
225.4014078
270.9831829
166.780217
210.3339237
247.0491451
242.156686
271.1232802
259.0750823
278.8006845
282.4474431
263.5843447
284.8177188
353.0508104
299.3159496
319.0401251
280.0978628
262.1083511
287.8470073
243.4600112
186.6903079
210.2476561
248.0065587
238.5141116
164.5269498
163.4071101
290.5281735
284.7304301
282.6782659
194.9764761
220.4227403
277.554058
217.0746871
192.9624718
175.6892183
198.5612649
210.6326528
224.9324875
245.4904187
307.1405771
280.7779678
279.7180522
296.1667364
245.6897367
208.427036
154.4627284
163.0283441
170.055347
179.8879739
184.4646328
350.4317968
263.3523751
250.9072606
307.217534
238.9120197
258.0185004
228.2375825
210.6158149
240.1244017
324.2865655
251.2627238
222.5685878
228.8762817
261.7728702
335.839514
273.5411126
257.4752921
355.9376659
260.3383837
251.2654422
231.7368199
231.8052729
208.7060186
198.875078
197.0253011
200.4668526
229.4562897
274.3480412
231.2970109
183.9793688
143.3925225
214.7134749
220.8587725
153.3077159
175.2209513
172.7339903
225.4012369
244.3362159
296.8074347
278.9834947
297.5332752
257.9091768
215.3084994
198.7799392
210.0118835
192.8904279
216.1916246
204.3370815
275.2044457
267.7236755
319.9303876
285.9170337
220.224503
242.8474054
184.2092451
187.5124184
192.3388929
219.5992918
229.2554574
233.418627
210.5793972
294.8211717
195.830942
188.1054457
182.9920949
217.8080214
177.1695882
196.5607606
209.8716775
200.2783582
202.8557363
229.0263947
240.3108142
272.3706482
214.5836385
219.0836451
209.1486052
201.4389979
257.1535468
257.2406927
184.7552098
145.4669319
174.4000829
172.6998476
183.6435057
177.4153602
182.3606539
201.9483622
227.9899115
235.7337166
217.1543878
220.6569428
263.3690345
444.4137553
174.8670671
133.894166
159.8765777
219.3805202
145.3637587
164.6606277
163.6527146
306.1775319
152.2991997
180.874664
227.400748
260.0699946
198.0065824
291.2139382
198.2129871
212.3391227
206.2143056
196.6304454
238.9620392
250.7758241
303.4693305
196.5447178
260.3123975
278.5431888
242.7198254
236.941376
252.2452859
270.4454659
279.0941105
240.8408062
250.7897013
336.9321524
283.4773438
268.8082819
251.5289035
296.9430019
226.0694748
351.4298187
206.548678
191.5935675
168.5733571
167.9665842
179.7593491
168.1941269
332.9110677
190.7716057
301.84818
234.9309515
347.1585337
239.7092641
300.7141626
283.7106854
276.9952369
314.3994385
299.8705302
294.8305381
289.4535985
268.6402942
234.7115985
277.122201
385.0359219
366.6331134
270.3845151
294.5135876
347.1918816
396.3188894
280.3192873
196.560084
281.8815859
358.9328681
226.1884951
232.2755926
193.1408825
202.5904592
227.1386595
251.9836787
291.5435231
299.9967077
353.2755295
279.8041717
267.9277776
223.5076427
197.5125384
255.9794934
248.9769991
325.7426751
290.6503057
287.7449894
280.215928
356.6207736
319.7872957
293.4252831
300.8079851
298.3705085
284.3939579
245.0923752
181.7113651
205.4287734
305.2621872
223.1825406
194.0721608
275.3196397
207.4150932
199.3812665
188.0039808
249.8200453
162.9881659
174.3352873
298.8958901
313.9570073
302.3143859
242.426457
270.8161065
281.9305433
261.2192804
264.0650745
301.0812769
294.0135637
264.6639149
246.7782434
295.5379264
309.0199791
295.3633146
193.2547074
206.1922191
213.5141754
246.7938695
198.84599
183.0683209
206.2037485
176.2631417
209.3384834
215.4829989
205.270632
203.6027931
225.3784775
270.6042437
291.0542589
240.9120389
232.7426858
235.0609434
198.8493249
208.6887894
211.6630182
180.9835122
243.2865411
272.0984849
244.4066422
279.0884409
287.5653524
174.6608006
164.8730407
162.1669365
164.7197202
179.4933821
168.9466677
165.0046578
208.7629927
147.2796325
185.382726
247.4468012
165.4506824
166.7823729
170.9516168
227.5009866
201.1624408
246.8558548
289.2199705
301.0158333
238.0465013
292.9870768
313.3659597
327.6311978
312.3264793
297.0308799
257.3316456
269.6873866
276.8204248
249.7186714
264.1624561
228.001226
221.5157898
249.4902264
248.7600934
207.9117883
217.6730707
201.2753169
284.4651989
211.0183411
219.2823257
254.7329763
227.135875
222.1338842
281.0323778
279.0075967
267.1767837
247.0589718
210.1646153
201.5091445
271.3487607
296.7266556
328.4570574
332.2802744
352.7955072
342.1808833
325.6816748
182.8397134
168.7129762
317.8793019
190.9879116
181.2073938
174.467406
186.8896597
171.3193084
172.0234354
288.1944634
190.642135
204.7992795
200.665571
174.5173926
229.9420365
298.6465899
298.2965916
327.9303078
297.7703419
280.5501206
294.0604664
286.1066745
320.3591906
326.3812974
351.312655
322.5696431
308.3434205
214.3030886
203.0234948
178.6738976
200.6841985
184.06773
186.3755887
187.8415389
199.4957564
191.3136224
192.4989405
211.1594071
233.056492
260.7690474
284.1500162
257.8477738
307.3700931
364.3319845
259.618781
274.964526
275.9139123
302.7548846
318.6997554
340.4386752
341.3450816
363.6934717
338.1760758
343.8809243
245.9527398
168.1185924
181.0934175
172.1341214
188.0092247
241.9540294
241.0599802
227.1824829
199.001048
199.8038438
236.4800056
227.5590829
209.0802407
280.3635915
376.9471912
353.3469825
349.6738017
250.908519
263.124764
281.619343
251.6365702
204.8002648
276.0372642
294.8541467
269.6795113
218.8012312
261.3864442
191.3182461
180.8136589
195.2170161
209.2492327
199.3613744
203.6167143
155.7553999
190.0908115
250.8152612
279.2245962
268.6353321
236.0421787
213.8335677
246.9908805
309.8302525
267.244715
242.3296575
281.8722745
284.021258
282.9588536
279.9585773
254.3541892
282.258436
332.9213049
279.5861729
205.7574798
192.3683418
173.2725921
169.9535086
237.9127508
374.0252354
197.5262408
222.1728071
260.3767153
252.2224622
296.2651387
210.5246521
194.3262123
286.2642985
270.6603349
266.6988291
287.2540537
252.5264923
302.4948916
347.6465875
290.8653193
371.6056813
307.8309159
286.2197901
268.8997279
184.0843335
228.9584455
189.8925044
181.9497411
315.1054493
180.4345663
160.3174472
191.1221615
198.1126219
216.413137
211.6231583
209.1701629
184.7303079
261.9202267
245.5245144
239.6882269
310.3990084
288.5209778
310.9533393
309.304534
259.8794322
296.641619
225.328472
283.5352789
386.9221219
264.1873511
184.6752014
181.3565579
185.4665679
179.4786365
206.7515428
250.6379025
238.5663657
269.7815717
289.721745
319.4622869
283.2893968
338.7344462
215.0233249
261.5110571
281.724235
229.9454645
238.8117755
224.4784227
259.983692
235.1449814
273.208471
254.5869185
341.339311
249.9420376
306.9658598
309.3034927
175.8269428
178.1723736
198.0529196
201.1565822
168.160564
162.9120828
188.1839554
269.5742083
255.5687284
272.9117061
245.8234711
224.0601259
273.2654707
283.0096712
277.6218811
270.5313423
294.497799
249.6335509
323.7670668
271.4843125
209.8738842
209.7817117
295.2576161
355.3377408
295.7095639
280.3487703
288.6106055
268.5037664
287.2270806
267.2050379
246.2663055
301.4650963
291.5093934
200.7332978
180.9483857
217.2865641
197.541028
238.2559472
245.4000138
224.0755349
257.5452281
212.7928787
299.9566091
211.1001001
249.8351547
255.1746272
210.169133
218.8177462
238.2899263
244.3413004
253.2540987
288.9716657
288.3562287
250.220228
196.5605872
238.2531995
248.2263951
203.9291264
217.7965832
212.3049339
194.203657
247.828728
286.1503127
244.2977368
235.0750457
262.2885735
266.9377825
322.2208266
263.8168179
395.7978987
165.6064392
180.4098192
199.6795661
187.3139892
257.8581023
197.615596
174.65833
256.0747263
455.9624366
187.9645013
205.919995
234.2647146
254.1553696
204.2465574
178.6839816
176.5864799
187.9966145
178.58751
196.5708798
247.103036
181.89862
161.1378872
186.3274479
190.4240975
146.8730099
178.8836658
174.9032773
210.6840137
219.1866479
221.0729015
229.3085665
260.5035679
296.7586278
334.9060045
286.9526409
322.8885319
298.2109165
193.8481265
197.7873158
171.0817905
257.7419644
263.6825733
264.1450656
208.0846271
306.0942879
229.6848017
368.614614
321.3823976
333.5232443
296.9877866
242.9466401
248.9322262
216.537173
221.9589783
344.6615819
321.5715786
242.0441437
272.0416577
381.3790591
356.2358925
345.8111822
327.8439178
255.8841756
334.1847579
203.2192465
220.7472598
188.1844199
168.8466081
230.3377264
291.1774305
196.6418597
202.8222114
271.5283871
338.6886398
285.7450439
262.5149566
270.4345313
221.7764735
230.2271148
211.3694079
269.9244703
253.929873
344.8498169
318.3690298
235.0385616
199.0892076
291.7492335
343.0082027
295.8032424
316.6699837
231.1041764
310.4394718
242.4153231
263.158519
218.7175804
189.7575379
191.4987702
270.7346066
311.6389358
302.2578909
361.9773156
215.0280521
209.5779666
276.6907973
355.1354248
337.9300464
282.1787948
216.2802023
257.8519069
264.0299994
262.3580791
280.3481771
298.2679706
293.8867747
278.0479036
270.8771297
148.5635057
184.2595575
180.8318243
313.038667
196.4495004
196.376937
224.5774653
192.0578945
171.731066
168.1954927
174.8188977
189.2680074
256.3038965
351.8733376
317.7170066
264.9463195
280.0290216
235.4764077
288.8673846
358.0744383
334.5195419
277.0829598
267.2900837
270.9486386
242.9711818
267.0742038
192.89038
176.957961
186.2291779
249.2173111
282.8545533
259.1220682
286.5886901
232.6040268
289.2385039
287.4077719
183.6570529
204.4050887
208.4883152
238.7395143
296.2371139
282.6007262
305.9338696
219.9190899
223.8775112
216.6903973
288.0936998
254.0965138
254.018591
273.9495055
257.9464085
276.0020689
424.3583214
183.3232837
184.4166337
241.3236794
212.4021128
166.4536649
136.96355
153.9222763
162.1345331
151.8562251
179.9370734
183.7381734
190.5298124
200.8082278
206.2232947
219.9641352
240.5865812
288.5089998
292.801343
287.6260349
222.6997115
242.5060201
271.227859
223.0529094
242.0603108
260.6968616
185.3749832
189.2232756
186.7972452
234.6297812
243.8184144
250.3232991
231.4231154
241.2985254
228.3346953
193.3711383
183.322671
230.4069159
205.4194053
235.8477187
327.4633115
324.3360082
347.7298495
314.4953886
266.6910961
320.4680395
272.7166734
348.6029651
310.4873916
366.3584615
312.4595575
221.6510563
315.315186
173.7143278
169.5164357
165.8209331
169.3985121
233.0410561
215.7095508
209.3458344
218.7659321
210.3631635
248.5024653
268.8367825
265.3381682
267.6186665
244.7411554
261.6390628
331.4205678
332.9855094
255.7957095
255.9160488
269.9826835
284.8757768
231.9818239
229.0109747
273.4925465
175.5982024
179.635218
195.4144432
213.3352029
170.6200808
207.4071723
223.638224
185.5975319
172.6992323
149.534555
146.479916
168.2678801
246.8654431
333.4921777
215.6043483
216.2504666
218.8023962
269.2135115
272.6145291
290.8852093
310.4177457
256.9371602
322.212385
173.0092365
186.8304963
182.9335682
203.3843511
231.6000988
163.9153847
169.3622078
192.8729171
231.0699389
286.4258149
197.2418712
162.5911984
262.505848
322.1157802
311.9216869
205.1334871
194.2338502
223.1780639
245.9456526
264.8046052
232.4673801
298.6381261
324.1076511
210.8258062
184.7808326
187.2339094
270.5957094
242.1867316
177.9774863
198.7185491
206.8136881
286.522869
293.7681594
260.5960164
260.3573947
193.11524
241.7961528
225.0068554
251.1782698
284.7276015
287.825894
298.3561666
245.3733723
322.3690205
277.4469935
253.1338992
200.3481948
175.8048766
272.268102
373.6819487
227.8503307
187.071143
246.0459046
267.7139066
236.1746065
248.5069201
198.6396822
208.3423222
236.7727659
162.4909566
195.1679556
218.8418976
193.4588742
275.0002958
310.4968474
255.3314225
309.736457
283.3999728
221.2846745
194.8189293
177.3161877
180.2319338
259.4176559
294.1805284
274.5573376
256.8086017
249.3335032
247.4494449
312.5940517
291.5846195
242.1882224
309.4617937
317.1008869
284.0927695
242.4449031
374.5255411
257.0517244
170.2460077
190.8345763
202.5451117
171.5550526
175.4096155
196.4807047
198.5645987
169.8491798
205.6252406
243.8357004
163.8006665
164.3233812
171.4609127
296.9672358
358.759009
212.75821
218.232365
237.8290244
183.6781524
214.4647713
189.9144133
198.6340108
304.8044893
247.9285347
227.4264676
247.8233699
250.5436179
263.5371421
288.0727627
225.3510863
237.0311084
216.1677085
220.7045428
381.4161064
352.991084
238.3354191
243.1379605
183.6666923
177.362458
179.4916021
210.0066631
175.0707107
205.6741116
267.0176408
247.7448902
252.6176086
274.6025464
258.1029784
250.7399789
270.3383341
257.1431446
255.3675895
216.5818116
218.3073286
234.9432821
168.8122557
225.4730918
250.3850313
270.1724576
176.9981396
251.9016162
272.8925997
289.3369303
209.9504517
246.9808677
163.3972385
205.7819918
214.7743773
242.3436065
253.5005073
187.7670652
203.0979676
185.4856349
191.3701698
208.6224947
279.6149074
295.7765728
275.6216702
268.8040633
304.7839688
310.01811
340.2190497
363.6888245
180.7861875
181.8861919
186.3855449
234.2628
235.2283895
212.8801527
253.431111
251.758367
267.1745568
176.1285234
208.4796839
283.1133221
247.4858254
239.9413845
211.9884832
206.7923693
205.0879488
284.7646574
335.2094951
269.3848589
267.2813279
303.4590412
268.3908448
255.85944
237.9696322
214.9710377
255.2772527
232.9412629
188.3327344
181.7164139
178.9371213
185.0635117
249.6968773
337.0480973
250.7938991
260.3068075
341.3721258
380.6052098
372.5141437
366.7125151
287.7978796
294.3763108
283.1757369
206.4717928
199.6367025
200.7401624
228.4824131
227.7110534
260.5251786
200.4946309
202.601421
229.9602173
242.5719874
185.3271846
191.0209761
191.4482303
182.5105903
222.8008038
184.2375576
212.6319411
229.1257264
226.5886386
246.2867584
251.9888493
197.7993865
199.8321881
260.5879615
284.5875763
267.1747955
290.5380937
325.6836043
338.7827227
260.2809807
257.6955533
166.8204462
269.2221355
246.7914728
187.9840994
295.0066841
303.7187132
230.5215606
197.3703043
182.3970385
176.0907713
238.5856089
233.8372181
239.3393683
245.978765
276.3657912
226.743077
241.0477533
249.9933735
193.474873
185.3015521
219.7394501
496.0400244
215.2869132
179.9782024
161.0526995
159.5939022
170.4558006
173.1888251
179.4302628
183.9470568
192.305523
199.4108336
195.0188563
193.6732405
193.5347463
259.0535225
230.609231
175.0491918
210.2779697
243.8184765
212.5412291
293.1197363
247.4409573
190.0720657
182.468498
170.1747913
173.2881651
198.4330002
174.2997693
234.6427319
219.5323126
203.7989822
229.310863
200.0894585
219.0053846
241.3049389
291.0477688
220.056818
201.0604535
269.947179
244.6437696
171.0588847
207.0750646
215.9606069
205.0484401
289.1810004
224.6879535
201.3509063
189.0517054
195.4298948
231.9331192
212.4340751
186.4512356
237.728264
203.6879872
197.6778536
220.3359894
252.189358
262.6447412
247.9902342
232.9167595
274.4056196
247.2110183
302.5679597
259.5311539
291.4559955
336.7157013
271.5962367
211.7259835
187.3042682
188.4146165
175.5422046
201.9821447
195.5668877
155.2205377
133.498837
137.6774937
149.6109229
207.1180989
244.3297104
203.1039349
200.2116716
223.204737
245.2091752
229.9678774
282.0852369
391.2142271
177.1498321
221.3826852
235.4941222
232.6040514
213.7887678
224.8266393
280.8484522
302.3888902
243.4812109
253.754077
262.3847762
320.9442277
273.472931
186.4596021
192.7426046
227.1910369
229.2190614
258.7442607
172.8452782
157.257613
210.9833562
204.720493
193.0523839
267.5446479
274.5790405
277.5118479
275.8064419
243.841726
248.0708064
296.0641399
262.7543549
241.8416362
270.2910256
360.3997198
286.2827006
151.8769716
152.2839318
171.6305705
204.5352654
256.6081767
192.5940383
191.4617681
214.0607902
248.7097173
232.6596637
273.8957168
336.344786
253.1539135
222.9909802
296.8907633
288.3344207
226.7260412
227.0050744
171.5991484
171.0242933
198.545002
196.0105571
176.5345865
222.9410988
241.3059677
230.7606514
182.4780037
226.6756857
227.7804782
214.6346742
247.4810698
262.364558
194.947053
207.3083335
257.9934418
274.9958906
236.3303474
231.3331789
244.7068092
237.2560313
249.4500324
272.0407083
221.2501587
208.2921095
197.9774919
239.4702008
240.7093957
187.1590358
216.4865007
211.6531683
219.3256029
200.2336203
239.6654028
229.1587141
256.3729583
254.8724033
270.0151632
253.5645622
229.7945679
270.782343
264.8222589
192.7369702
328.5025807
249.3144813
200.5509343
218.4604727
274.742652
280.8222939
222.146717
300.2356646
301.907599
243.0517962
222.1439829
229.0166784
241.0868705
192.3315644
215.6241617
289.6830939
249.7634934
218.8505473
327.9894483
255.3825954
196.4788735
183.8668743
223.3415887
246.2871368
206.2922237
220.4067924
240.5554677
197.8177686
207.0277456
261.5663455
255.1814439
255.1978586
265.7730682
272.6752811
273.9504911
318.7075855
312.9106602
256.9710783
187.4018227
253.6156367
170.2083156
166.5423547
194.816613
201.1428824
204.8854481
234.6588763
295.3018017
345.0336133
252.8900871
229.3852514
249.3985159
267.0907736
287.7810213
228.8473081
210.0909651
246.7233056
258.1526678
166.9905905
204.5000939
227.9949141
219.4049593
261.4742973
196.578636
203.7939797
217.3914787
209.6096081
229.9117187
241.6362476
274.5428955
254.2114617
238.5637459
238.74216
223.743232
192.5959592
369.2292818
288.241271
201.5079039
191.4578975
178.2401155
216.0734497
249.833488
156.8291325
173.7034534
174.9168467
173.3548705
184.5889716
215.4751794
221.1220537
188.1249798
206.4330971
226.1267787
241.0041589
219.6758488
188.8551929
181.8539977
243.1718252
230.3895649
293.0205299
260.6715962
234.9374075
189.0806303
198.7877855
172.0889581
181.8878682
191.311682
230.7986264
331.5930515
268.0032951
171.485644
222.5925619
203.710921
213.4563681
215.0202085
235.2183377
274.3371488
258.6642968
316.6080225
257.5650602
146.2780253
201.5212573
247.0417658
227.5329083
218.2941283
249.9048642
224.2815329
260.7107888
248.4380826
232.595943
224.6835111
403.3917207
352.4838623
225.3062995
226.6803025
289.4964546
223.0171006
199.7239195
233.6415992
243.7140554
301.7146419
278.3078751
259.5595967
229.0695487
226.8810311
193.9840986
198.8747963
197.4572016
204.2992604
165.4525923
226.7689135
226.5145078
298.8676657
258.8666163
223.7654586
196.0551212
207.0735757
249.3494272
204.7688701
211.5646629
204.0654693
251.2001236
191.2268582
266.2101069
188.7473388
200.91403
283.8447988
238.8504803
225.6557744
227.0002707
289.2738119
409.0909683
269.1163024
245.3759775
295.6393291
231.1951925
197.243349
202.6943589
253.7798229
240.4954569
219.3972454
276.3499933
160.911702
182.1851501
220.2810207
252.068141
180.142468
207.1347094
226.0426331
242.9721065
135.9036282
153.8594499
139.0768351
189.0505922
2058.757062
2221.91469
2152.309963
2615.585363
2551.880458
2060.646946
2475.871026
3284.87942
2610.084351
3156.189609
3754.804888
2551.524255
3555.26482
3109.557872
1291.374587
3331.702418
2136.481455
723.830565
719.6116231
704.9641534
67.5156681
0
1852.78572
2284.468063
1737.084054
3509.341345
2176.560562
1949.363263
2980.800116
2355.765815
1885.180081
2264.252478
185.2433057
482.9257658
111.2735953
0.03280860482
29.37723269
2347.123732
1736.115838
2544.691108
2379.063401
3336.533733
1989.227349
3402.752829
1916.999338
1437.112111
1442.894087
2945.666967
508.0095694
806.9271717
516.3367769
118.8044369
527.8685015
394.9878719
1711.032606
2472.789406
1975.638271
3058.330714
3054.68144
3292.77172
3524.502083
2331.594643
2370.444014
1321.240214
4098.398315
1762.460457
916.2352598
441.2256778
1114.299648
670.8579402
128.799937
94.3390104
475.9745099
221.8286976
1839.891053
1715.391528
2601.844631
2258.786024
2636.093168
3186.397238
2136.159878
1424.18445
1405.290191
1139.80891
1976.236187
1389.511832
1034.783913
798.0265569
2328.198602
2014.405195
3017.002106
2807.670988
2623.226044
3113.175151
5602.31227
3877.499481
3318.630152
2855.265445
29.78376608
0
88.17715662
0
0
0
0.03467990074
2728.829598
3351.264887
2046.141692
4407.241165
3872.121347
3239.492562
3906.486289
2529.295587
3492.494264
4930.191155
0
0.0208768304
0
0
0
0
0
2573.435244
2960.745385
3568.032186
3054.218522
5941.475596
3966.301149
3370.698413
4272.857903
4140.06568
2747.188429
3922.563972
2475.964176
0
0.01193583857
16.44235322
176.1126345
0
0
0
0
3212.44536
1949.084989
2229.718357
2809.995175
4435.040471
3841.058855
3864.672041
3586.931826
3017.786594
4238.929468
4472.068885
4978.324237
4953.904779
0
44.46349615
0
0
123.6341053
57.96916274
140.5843374
0
0
35.93645311
43.16082992
2228.148344
2096.227588
2371.676041
2793.414308
3246.448222
2796.884795
3635.528065
2788.052043
2196.600184
2879.65198
3207.176838
4941.320137
4281.251178
4271.273525
2864.865853
2322.075958
512.5879787
242.2701201
164.6633859
132.6584009
0.004660466445
0
0
2693.362741
2210.030454
3074.218991
4060.544985
5973.589922
3143.372961
5323.758349
1670.58776
3047.720778
1603.769664
391.5413937
888.2858312
398.7041585
116.5768207
1969.43909
1173.989254
1499.416116
2518.741729
2258.670257
1940.914399
2039.681944
1810.765849
1719.427442
1893.746555
2666.922055
1722.574699
1687.060544
1256.09508
3946.008523
3080.768018
2712.018358
4040.430617
6674.235981
3682.821445
5237.528756
3521.287539
4429.681966
3705.93812
0
0
0
0
0
3749.154593
2041.093632
3572.167959
3891.759307
4886.134065
3720.096857
4931.644873
4235.92919
3672.019265
4118.807106
7688.965246
4901.646973
0
0
0
0
0
0
3637.513963
2239.436579
3654.143829
3677.133636
5337.417216
3922.777132
4498.909048
5247.194991
4487.139133
3883.472553
3681.62466
2879.689313
4745.594657
124.4791596
0
0
0
0
0
0
3746.4201
2324.680138
2807.618328
6536.278414
3813.617955
5986.065954
3508.829117
0
0
0
0
0
0
50.11104584
0.009482049667
0
2943.659068
2409.782715
2864.832964
3960.982735
3700.059339
3437.633745
4306.736876
7029.98969
3552.549875
4177.845955
0.01006681589
0
0
0
2686.490987
2280.280794
2714.594997
3938.321853
3030.300739
2906.786028
2565.610919
3948.151135
4251.323434
3736.541702
5981.188274
5307.193033
4625.274985
0.009476009962
45.3779455
121.1243394
0
0
0
80.8636212
3294.443207
2823.730777
2247.447337
4244.793329
5448.06155
3101.621066
4385.198501
2719.452397
23.85301903
130.8068676
104.0763118
0
0
2823.567456
2604.672009
3463.480076
2866.803436
5292.908902
2941.34852
3116.785725
2380.842401
2329.307891
1884.002065
3659.443363
515.6269998
1109.506931
636.3862122
1067.707837
1870.433776
1289.89863
1476.759307
1954.389945
1924.579788
1744.850685
1582.420911
4629.903167
3914.21963
5058.740175
6078.44332
4740.727606
7522.691557
4553.384056
0
0
0
0
3916.630239
3953.364231
4471.481803
4559.033986
5555.020782
6091.976291
5361.468198
5312.555636
0
0
0
0
3685.637908
3113.693158
3657.075825
3933.804852
6888.381566
4949.460741
6178.333705
4760.391666
0
0
0.004101626974
0
0
0
3447.592735
3161.693507
2997.641832
2844.556552
3532.786744
3514.30795
5388.487081
8627.519457
5122.429908
5499.397374
0
0
0
0
0
0
0
3193.204996
2655.269193
3272.628999
4246.048412
4121.238017
4478.371897
4677.977765
5806.748969
3238.884591
5067.802494
5439.302174
4413.35803
6554.971689
0
0
0
0
0
0
0.01356921653
0
0
0
0
6237.324889
2440.459301
3280.982903
4146.507854
5046.904355
4049.120765
3815.878321
0
0
0
0
0
0
3506.301457
2233.435262
3752.57732
4605.941419
4252.116549
4075.582566
5121.829659
4580.803423
3641.339298
3907.195025
5166.683424
0
0
0
0
0
0
0
0
0
0
2925.688362
1691.787262
2007.53746
3283.617374
2728.155119
4037.212296
3984.568524
0
0
0
0.01018981117
0.0424876681
0
0
2765.286313
2263.090145
3365.802873
4447.12529
5191.666306
3358.011079
3287.048325
5069.125358
2419.071405
2114.226727
5107.95755
1429.001461
1050.108059
116.0290534
740.6154638
463.6354715
0
169.8185773
290.8534765
1678.761513
1584.246219
1261.238361
3624.411014
1332.944424
1847.343898
1555.568579
1056.188628
1486.503239
754.1238594
1366.489731
833.8979573
979.7578259
462.1946491
7883.724559
3726.011155
6159.712443
4641.647857
5651.540273
0
0
0
0
0
0
0
0
0
0
7068.802908
4207.558993
4667.119209
7049.173641
7137.627218
0
0
0
0
0
0
0
0
0
0
0
4772.458167
4313.325969
5666.106208
5182.268339
6547.759065
8439.822395
0
0
0
0
4579.023171
2687.318942
4121.571221
4273.138582
7860.809332
4334.106029
6814.605641
6566.292448
0
0
0
0
0
0
0
4817.574289
2633.650579
3724.078937
3967.823127
6418.141722
4504.001601
7339.234106
4011.036913
7114.579551
0
0
0
0
0.02713843306
0
0
0
0
5698.408111
5519.65196
6214.803989
8683.932792
6314.190892
0
0
0
0
0
0
5479.115451
3587.119422
4028.140833
7274.293282
3945.148552
6195.117091
6587.554527
0
0
0
0.02279302981
0
0
0
0
0
4041.990387
3413.742031
2954.795431
4494.429084
4901.79898
4356.596452
3210.04974
6987.477018
3494.916673
5591.678417
4118.214903
0
0
0
0
0
0
0
3034.292226
2783.613023
2161.879261
3351.677776
2552.957907
4373.105878
3537.4853
38.79829492
0
0
87.8961257
0.02045321957
158.5807017
4627.233771
2064.865392
3002.229603
3170.633193
4795.738677
3575.522182
3606.359572
6145.026216
2604.089439
1859.41657
3555.430764
2580.003199
1819.737581
72.80049977
803.3895036
392.7961217
209.5748664
258.4333031
231.3930512
1125.736368
928.050873
859.2449178
590.729872
758.8316998
1078.342306
825.9223963
6689.248631
4731.756077
6796.231821
8600.089447
4399.213417
0
0
0
0
0
0
0
7984.008092
4065.623884
6050.929397
5552.754815
5985.269961
0
0
0
0
0
0
0
0
6142.214957
5743.774476
6376.599422
7214.881218
6887.268373
0
0
0
0
0
0
0
0
0
0
0
5745.684419
5409.566422
6456.127148
6827.267855
5243.896396
8680.040997
0
0
0
0
0
5069.083152
3096.413595
4260.406575
4187.095643
6540.684044
5152.477109
4850.514339
5949.294531
0
0
0
0
0
0
0
4879.14848
2704.599463
3970.818801
4705.3313
6086.002282
4281.348696
4543.915938
3889.620811
8274.402429
7930.740978
0
0
0
0
5694.451426
4304.650573
4678.226525
5525.67287
4382.420989
5176.836037
0
0
0
0
58.03318641
0
0
0
0
4795.112718
3198.944672
4274.214192
4259.687657
7411.383382
5853.428785
7903.528719
6741.696131
4908.741072
0
0
0
0
0
0
4064.321397
2526.362477
2207.070408
8442.947153
4678.033879
3979.588701
0
0
20.86300469
0.008206659294
0
0
3038.084386
2680.150773
3022.73135
3332.83677
5665.723162
3457.030451
5651.710017
5316.939507
0
0.005907188642
114.2293114
0
0
0
3829.772556
2581.105263
2589.73301
4293.937813
2816.424596
1535.020856
2094.206339
1317.245304
1029.868853
814.1189037
240.010399
500.9777385
702.6429466
47.85402073
382.6187304
304.5880331
7959.042258
5290.904861
9100.097989
6024.492758
7303.849692
0
0
0
0
0
0
0
6696.678781
5083.832615
8281.004691
8017.035534
8731.999042
0
0
0
0
0
0
0
5460.517215
4791.679124
6091.962286
5889.478359
6423.416996
0
0
0
0
0
0
0
0
5939.557823
4097.87101
7474.535705
5400.681297
6400.145935
0
0
0
0
0
0
0
0
0
0
0
4147.716586
3486.676829
4667.558594
4146.303131
10781.3512
4505.012831
8489.567229
6715.047668
0
0
0
0
0
0
0
5081.891015
2596.293391
4406.527984
5150.187387
6532.332158
5045.470018
4300.450179
4312.300132
8390.978659
0
0
0
0
0
0
0
0
0
0
0
8525.264235
4986.348946
6979.102253
10111.62645
6333.163179
0
0
0
0
0.00790456809
0
0
0
0
4389.396161
3455.892704
5193.546551
4731.676348
11593.74573
4184.266135
8250.764108
6776.573525
0
0
0
0
0.01164743376
40.89970412
8475.694008
6769.728618
6226.039719
8490.706536
195.0662672
0
0
0
0
0
4616.213999
2543.573199
3991.041265
5352.320568
10817.47756
3787.55288
6399.557274
6621.078693
0
0
0
0
0
0
0.01282031727
6956.584491
3688.829798
2852.804732
7265.091831
3482.262814
2482.318249
39.29375964
133.8375333
0
41.08489988
15.66423632
0
0.01351268164
80.66695165
55.04966073
783.4724037
1068.884073
1432.877375
1213.323704
996.5591828
2036.462089
1301.485157
332.5687972
1145.074202
1047.568035
581.6504222
398.865481
850.3875352
691.406159
6523.236883
5853.047958
7564.312938
6696.397931
8920.403844
0
0
0
0
8870.30737
4994.112808
8477.306955
5189.033475
9811.652549
0
0
0
0
0
0
8270.101306
4588.836905
5089.276182
8266.712346
6449.05378
0
0
0
0
0
0
0
7494.976761
3764.143027
7198.482822
3655.556487
4159.759986
7444.876433
0
0
0
0
0
0
0
0
0
0
4970.137217
3728.609935
5396.317977
5755.524864
9247.383466
5180.389573
7840.073734
7698.977036
0
0
0
0
0
0
5031.638618
3499.839929
4808.505778
6045.923903
9770.192553
6077.35864
5051.237364
4017.716479
8296.817646
8820.494177
0
0
0
0
0
0
0
27.4311214
55.28945495
0
6447.706892
3811.718933
6646.869239
7961.976149
6565.397025
0
0
0
0
0
0
0
0
0
4899.146466
2982.634255
4744.654926
5283.690608
12207.98733
4780.132506
8028.135461
7716.386869
0
0
56.19796402
0
0
0
4932.507014
11339.57391
10106.85504
0
0
0
0
49.53322573
164.0974385
26.40915514
3881.289903
2483.185856
5367.675214
4904.784915
7963.210064
3079.792135
5775.182969
6811.809644
0
0
0
0
0
0
0
0
93.07900542
2457.592005
5276.754386
9531.541004
3351.382481
0
85.92421902
0
0
149.5931749
0
99.81879339
86.88391266
0
0
91.80725895
191.0340183
1835.05985
1331.324591
1945.81491
2748.53188
538.3358675
2057.533448
986.9109184
568.585593
1096.994311
800.5870964
195.0205283
245.5747282
754.3106196
787.1233531
6199.86659
5413.788211
8517.786663
7655.888943
7464.419207
0
0
0
0
0
0
0
0
0
0
0
7525.328876
4280.404281
5808.335594
8666.223951
5964.269673
0
0
0
0
7109.687551
3874.732565
6305.821902
6078.381527
10682.58465
6219.026088
10665.56538
0
0
0
0
0
0
5781.14826
4065.200063
5367.32975
5577.965515
6971.292413
5179.326011
7776.484823
7602.690471
0
0
0
0
0
0
0
0
5708.117517
2932.053294
4643.719302
4849.785544
10614.91806
5280.484196
6768.055049
8242.427003
0
0
0
0
0
0
3921.514086
11105.29545
7408.874458
9324.893994
0
0
178.1745303
59.79736778
0.005746512421
0
0
0
0
8057.301512
3347.442815
6354.863792
10188.98317
5146.7734
12748.56583
0
0.03655777363
0.01005098365
0
0
0.01935258562
0
0.008662233705
0
6217.421651
3684.731333
4834.563269
4904.333663
7849.888468
4727.843633
5908.253433
8793.707945
0
0
0
0
0
0.008683805419
0
0
11281.77155
6061.741483
7147.98643
9147.333566
8119.102802
0
0
0
214.4904162
65.00029182
0
0
0
0
5361.885113
3039.80179
3938.383186
5307.004272
12890.27756
3800.008606
7267.42243
7681.257648
0
0
0.01064614673
46.45208
52.32728378
15.91794128
93.24338004
0
0
61.56198873
27.36270647
6898.614627
3478.420312
3644.636176
6911.969727
3392.715922
0
89.2479923
128.9379139
156.0400648
170.1632481
65.48860304
146.8590006
177.8571318
108.5100978
3480.290226
1920.546525
1323.891596
1503.751329
1638.439107
1193.294281
248.499617
592.5068988
805.4000254
303.4000271
95.14214536
564.1133621
458.079874
124.0701425
549.7118451
311.9013606
97.29684335
257.2520942
451.5279798
499.1638557
6433.137023
4240.922487
7252.826638
5953.523072
10926.94906
5763.990942
6919.76857
9022.363564
0
0
0
0
0
0
0
0
0
5434.789241
3919.30061
6168.875391
6400.652198
7356.723318
6162.987612
6503.364338
8629.374678
0
0
0
0
0
0
0
0
0
0
0
4921.498245
2282.927044
6901.669974
5951.438175
9953.91057
5257.708965
8706.359641
10521.70247
0
0
0
0
0
5886.349474
3983.062374
4520.673853
3989.137137
7865.839314
4773.786639
7249.431073
7144.595485
0
0
0
0
0
0
0
5551.783415
9549.149914
13757.65318
5903.183916
0
0
0
0
9158.199823
5679.790895
6345.214053
7926.616727
6799.532185
0
0
0
0
0
0
0
0
0
8040.522214
4258.161615
6337.279261
5646.316171
9776.682947
6148.366373
10393.80386
12597.48727
0
0
0
0
0
0
0
0
0
4641.955987
2308.119574
4245.743713
3876.986234
7276.118811
3320.602848
6155.546829
4533.478113
10228.71961
7227.559202
0
0
0
0
0
0
0
0
0
8349.804354
4493.021734
8267.751284
7745.833303
4708.056711
9291.103509
0
0
36.46548187
0
32.40400091
88.60023342
0
0
46.09793961
0
4852.187354
1835.857877
4639.030656
4310.967088
6344.885924
3810.984616
3431.731686
5027.843542
7876.157301
0
0
0
71.28455405
0
0
0
0.01028286842
86.3920584
147.9384384
60.04887717
75.42794291
112.5829004
222.3101825
9238.201621
2672.010499
3695.414655
7220.626265
3560.249319
5881.909425
0
210.6805672
104.4936989
0
149.9704887
34.53896402
40.86560531
129.7050995
62.67079981
0
0
124.7805903
91.4991198
2013.353003
1960.293042
1222.23155
3324.392116
1151.34421
1987.764358
1232.566784
328.5843233
1231.053179
995.1951186
736.5899901
447.0119219
909.6650627
733.4738658
224.3337222
361.7159085
305.2894425
138.440728
76.43149158
465.0146887
177.2163244
5535.486097
2505.204657
5216.637072
3814.785175
7863.175339
3913.862698
7826.111381
8192.94564
15437.81899
9212.862147
0
0
0
0
0
0
0
4435.055778
3233.50117
4247.764967
3581.718469
7279.609254
4341.167207
6678.669745
8198.521583
7647.825853
13271.39104
0
0
0
0
0
0
0
0
6939.831137
10763.55299
10468.09941
0
0
0
0
0
0
0
0
0
0
0
13363.66323
5874.693066
8853.236783
10271.82935
9263.867961
0
0
0
0
0
0
10157.39926
4317.771367
8433.738902
9380.713644
7040.047508
15900.58935
0
0
0
0
0
0
0
0
0
0
0
7956.130488
3717.483777
7051.774064
5646.723735
12377.37204
6251.972984
10415.42905
11288.14618
0
0
0
0
0
0
0
0
0
6526.992652
4298.108844
5465.423015
3691.760844
5881.745932
3304.695001
6246.720813
6728.759373
11312.89821
0
0
0
0
0
0
0
0
0
14161.23866
5187.97472
9800.965867
10487.82292
7607.787898
0
0
0
0
0
0
0
0
0
0
5591.96083
3086.02374
4090.694388
5075.919943
6168.254912
4554.018245
9069.195392
7774.986112
0
0
175.8550775
0
0
0
0
21.73127463
0.007561189408
0
0.01037757135
0.01324028207
0
0
3545.627231
5190.533383
6424.376184
6080.010094
148.5701213
0
0
0
0
0
0
0.006585482289
54.53038452
0
0
0
27.9032672
5479.956319
2159.375583
2237.613522
4203.233021
3048.410407
3404.968137
4319.00935
3971.639518
224.0667872
74.00713669
151.5386091
541.0307778
32.91160734
116.3932085
396.9370616
0
434.5277134
146.3687494
159.3761922
115.4639037
224.3742322
412.6843539
2570.292692
1321.730122
1856.619573
2135.837977
1551.765754
1514.919964
1292.874817
1277.600053
829.1158649
775.1953644
1179.409323
756.531934
614.0631681
572.2964834
249.2518428
812.2865388
684.2274027
445.4230736
430.8253275
535.8826536
761.0280014
8272.991564
5520.910776
6980.095555
8818.79056
6948.799329
0
0
0
0
0
0
9579.310493
5886.959521
10631.77135
8047.857276
7614.615967
0
0
0
0
0
0
0
7257.796908
4834.194024
6783.700871
7385.466377
12899.14336
7663.38243
10466.95754
0
0
0
0
0
0
0
0
0
8120.651422
3829.671957
5965.210451
6420.950788
11556.53317
6001.21704
9711.550437
15349.98465
0
0
0
0
0
0
5936.717875
3419.183329
5114.913575
4393.868929
9108.910147
3992.844087
6605.577671
8144.574942
0
0
0
0
0
0
0
0
0
4275.445856
2430.642662
3867.015699
2993.444355
5333.479662
2934.796319
6245.180125
7334.588756
9090.024393
10572.25464
0
0
0
0
0.02087824896
0
0
0
0.005784793718
14293.48094
4949.840698
6628.587741
8294.925752
6155.006207
0
0
0
0
0
0
0
0
0
0
6305.57863
1676.797872
4710.036368
4520.256102
9148.143232
3604.079389
5616.137063
11341.50477
482.4494841
0
0
0
0
0.01120198297
0.009191356153
0
0
0.01591445147
0
0
0
28.69147292
4322.157888
2600.801642
4203.545446
2693.218686
4440.871435
2755.050891
3804.751889
7235.867451
8361.519273
0
106.213256
31.89954115
336.7736858
0
170.9028801
121.2806183
0
58.01122147
39.59643082
0
6907.535519
2529.110208
3339.06162
4635.499934
3094.50633
5179.099687
259.5177466
0
361.4107582
23.70547343
127.0063093
79.86089922
93.06351642
42.09980669
32.77562063
30.26554632
0.01200521839
0
119.2448643
83.89757723
103.0823018
61.38700749
46.04025562
48.11436701
217.4284398
0
0.01373847673
3458.093989
2725.029962
2720.481406
2499.959781
1868.996798
1236.559044
1414.441445
1955.883509
845.4547797
983.1508472
745.3390912
0
257.2498489
324.9350599
0
258.9344885
291.4506257
115.1142204
505.5321257
129.3223825
272.5115769
81.01017263
303.3809046
318.0271696
465.6094705
183.9605703
429.4453246
56.17428015
1294.184946
891.6627456
1272.851177
1420.506481
1350.110066
1640.848877
1099.106485
5333.700727
2777.358535
6379.579003
4018.022422
8108.620634
4623.959558
5913.362723
8975.408023
0
0
0
0
5156.319014
3078.039952
5237.015358
3450.481549
8459.881213
3707.862618
7476.573491
10744.03916
0
0
0
0
0
0
5513.636359
3219.38077
5831.625295
3454.002123
7703.568043
3882.199179
6880.112791
7687.147422
15228.59797
0
0
0
0
0
0
0
0
7339.450738
8417.635549
6712.67585
0
0
0
0
0
0.006081752563
11210.18426
3396.274018
5438.130561
6051.409266
5732.534448
0
0
0
0
0
0
0
0
0
7264.618754
3537.763658
6498.731634
5553.69911
4590.664555
9465.339672
0
0
0
0
0
0
47.53046041
17.97329727
76.87487526
6045.409436
2806.085657
5508.021354
4498.60089
7225.657014
4656.386974
7197.923265
9743.864755
0
125.9680933
0
0
0
0
0.004508472819
0
0.002735293911
65.96100606
0.04437505212
72.8424837
5249.419593
10299.4532
6750.917644
62.05396588
0
0.005264098091
50.87712701
182.5640698
0
0
0.02211084642
40.57762917
196.7544643
13758.06222
3510.991862
5068.658278
5831.289026
3259.236764
7004.621739
0
0
0
0
0
0
0
18.32550471
0
0
40.4744324
85.27058656
142.9686664
57.42000328
84.49425185
0.008114173672
0
131.2040655
171.9777478
3562.911581
1671.431667
3018.988001
1948.919411
3018.560021
1642.8167
2320.076243
3924.585452
2366.993445
2543.746581
2971.893332
412.9017219
618.4115227
509.9106799
852.1700088
663.7750683
209.1625608
92.91166586
411.0959581
112.6495977
143.1944928
0
32.35721672
91.50741254
115.3372355
359.6120422
234.1334807
0
126.2144114
436.6500786
157.1861627
131.026782
287.9652786
602.1910324
1663.288939
1600.642852
784.4593026
1627.812669
2028.880625
1033.949381
1182.802917
864.2748705
1465.49452
1770.808601
1747.09474
1020.091289
848.1767943
937.3382022
452.9978961
1023.295032
602.7936752
609.3130683
863.8539469
1255.194472
1261.391676
194.2261975
558.1796765
483.4703923
600.0912355
706.3559747
730.457566
519.7467951
11150.88692
6479.608399
10142.15709
7501.09786
7435.868856
0
0
0
0
0
0
0
0
0
0
0
13684.97294
5299.359064
10985.10277
9487.743145
6512.374784
0
0
0
0
9338.921867
4405.663386
7554.002554
6061.860215
12492.74086
4873.468353
8330.69768
0
0
0
0
0
0
0
6744.430427
2554.605585
6036.302785
5282.485587
8247.941237
4574.513013
9204.404114
0
0
0
0
0
0
5938.64219
2104.38698
4272.997863
3287.465301
8506.224946
3573.863631
8617.222864
8706.894274
0
0
0
0
0
0
0
0
0
4046.639228
1635.08391
3450.546231
1863.702832
4922.349815
1897.101372
3998.480289
6421.84684
11079.78791
0
0.003195824963
0
0
0
0
0
0.01356921654
0
0
0
0
5546.01088
8889.252601
8782.445023
5410.898146
0
0
0
0
0
0
0
0
0.009339531246
88.72752972
9278.602079
2527.264802
6978.870957
4592.767994
2324.379806
3984.624781
126.2598896
828.1024232
421.1827067
264.8458953
0
93.13808611
123.3479608
191.5778195
63.9151145
0
129.0899686
143.5037087
37.19902434
59.57003733
0
0
398.2429405
61.4223719
3846.292005
5225.470929
3952.048058
2680.45359
2749.212125
331.1009677
471.5371907
925.3505832
359.9201482
265.0907578
883.6985836
645.1427751
339.1769739
604.7453629
360.6407947
275.5559334
178.8127457
193.5391153
492.7486904
218.4495636
177.5057752
0
52.95342516
129.6981483
138.8391492
184.1428712
179.3056642
324.2042857
78.56837721
123.4791097
182.3194615
327.233753
300.1141359
177.1133085
104.0710646
1816.232324
2224.226366
1467.023309
1666.659083
1382.300467
1369.135945
852.2969868
898.9662234
717.9235798
1087.413616
1005.705207
991.1984389
807.1597975
244.6835386
659.2287073
349.5753775
504.2660147
821.4247928
707.1568881
1270.433062
1307.074876
434.5772062
211.0308867
435.5433036
593.6876341
491.2189763
586.5588703
374.2257227
367.2344344
626.6535342
662.8336755
264.9738853
647.1721001
5232.034233
2523.679492
5595.009614
2574.680846
9429.854386
3262.921361
6370.902479
9653.545133
0
0
0
0
4179.638906
1795.83476
3527.396096
2244.404061
4986.855931
2330.748412
4831.381431
7411.549564
11069.2059
6688.721553
0
0
0
0
0
0
0
0
0
0
0
0
0
3578.013727
1878.425039
3410.107597
2082.039991
5338.672493
2069.054331
4915.101977
5963.009004
7623.258263
7747.320703
0
0
0
0
0
0
6204.207047
7712.426393
7788.051915
0
0
0
0
0
0
11276.72814
4479.866891
7009.343752
5572.608098
3765.452538
0
0
0
0
0
0
6275.989978
3222.356033
4820.919943
2898.821319
2943.797325
6204.123317
0
36.78088653
156.9714456
36.75199777
0
0
0
0
27.27883249
4436.000906
1814.511658
3022.423675
1272.938623
3427.635381
1427.165831
1911.476656
5824.13001
3476.022216
108.9127448
0.02189706945
0
57.84333344
155.961017
0
29.67206205
252.9151183
177.2434574
92.06206465
232.3183909
0
151.668539
235.4965943
254.7412471
0
413.5721022
206.2631543
1959.993453
5364.685959
2635.044186
3282.085568
1910.187371
2499.223922
2560.046759
659.9871494
1499.979166
1159.699003
1023.741722
296.1233296
427.4456964
568.4009317
553.298068
549.7947954
938.2240626
1035.32027
1358.089243
651.9890913
119.8847865
0
208.3675749
269.7123757
0
280.8166079
239.6027483
0
441.2768691
536.1028701
92.27329276
177.2859111
175.6333717
398.8179249
106.4310513
459.7569909
352.6733831
175.5388108
43.3841768
0.007957225696
119.239573
310.396308
256.0156636
293.748152
3479.282612
1891.027578
1269.828558
2472.185318
1391.536189
2173.022795
1292.068229
1585.878554
1729.346272
1366.204647
693.2823997
1415.285806
955.7422761
1406.538246
1207.337833
263.3740481
591.8825997
902.225759
712.7001998
689.5699032
928.4149408
561.5573635
338.5700486
642.3283471
722.1143711
591.2041063
644.1544005
841.1131904
1159.162343
958.7109823
595.0890787
1507.463146
653.1986151
466.0467194
434.9155782
965.4530811
534.5465545
824.8334805
913.9187227
836.1892193
876.225898
547.2658449
644.315098
395.1926382
700.7338183
601.5472685
657.0506958
422.8627789
278.8812498
300.3089236
356.7071513
544.6975679
907.1054203
655.3635231
7114.079595
2636.968421
4244.141792
3480.795366
8763.480674
3006.171872
5026.360919
0
23.93047238
0
0
0
0
0
0
0
4930.180604
2703.802765
5444.41535
3153.177307
6204.227189
3108.429717
8096.478969
0
0
0
0
0
0
0
0
0
4258.233243
2053.686353
6279.569922
2446.247341
5023.528898
1838.615079
3520.164879
0
0
0
0
0
0
0
0
0
5872.051307
1240.652005
4002.371364
2656.003924
5037.265405
1716.013577
3796.081499
4367.781678
0
0
0
0
0
0
2831.852496
1264.890617
2443.193286
1082.395247
2409.869829
1364.813781
1971.216182
4407.324733
3409.499363
3460.699686
5716.216932
0
0
0
0
0
0
0
6631.462599
3806.394715
3393.014875
2144.164041
2260.430002
2753.357582
2458.108535
3551.708367
2736.898704
108.7966582
0
0.02604074678
47.95482922
0
94.88106574
99.51872078
0
41.26528223
23.82017316
0
0
86.10327359
101.0836864
3453.866414
2737.637422
2615.567872
1502.650479
2023.916872
1522.119223
3172.929088
1370.958471
1639.009382
1926.394089
2204.367449
980.5584443
1256.097289
1462.182656
2307.344698
2543.706153
1054.90917
691.2474089
317.3192242
1212.956182
632.8462262
1467.965807
670.7310081
1139.044474
628.7594062
480.4386632
342.3415302
543.4435021
0.04014323276
701.9967175
246.2535254
173.6301152
397.6964695
329.6572173
463.5206847
542.0046824
420.7585857
175.9369333
515.3548934
158.6327769
883.3570536
475.0402303
535.9702686
113.6102616
88.55227963
215.9608474
185.7570992
358.7951196
425.1594406
101.8315739
115.6974475
1288.911983
2189.734145
1267.417633
2006.55249
1284.580494
1307.525056
1243.367458
848.8505619
1429.058986
781.0729217
1076.630782
1418.865644
2017.297838
802.6159899
544.5957405
994.7028312
1314.187493
2378.451257
1401.10967
1312.189099
1163.067605
299.2337308
1185.73716
1254.751303
1129.338745
909.7015065
868.6191766
940.6429551
597.6781715
1050.224661
805.5885989
675.2319381
761.4957997
758.3042626
975.9765842
378.1947065
665.2412233
282.2439088
1452.826536
696.7359108
1096.316863
828.0259258
287.02511
413.8128338
654.3791315
609.0643915
321.1699817
455.2676863
500.7291274
210.2447644
364.7597673
393.5449474
518.1404378
980.5691187
982.5358687
580.546245
267.8738518
394.9968399
371.9430019
469.5883047
964.3818048
661.10491
696.3404344
6713.699287
2918.342544
5166.863679
1213.304897
3084.538535
1288.142562
2570.060687
4494.315935
2234.831521
0
0
0
232.8767593
95.07467549
0
0
92.18239868
192.9913966
6623.551656
3188.527555
5304.663024
2220.617857
4610.747832
1732.883482
3628.480524
5413.307814
5396.120741
0
0
0
0
0
0
0
0
0
4316.948782
2119.870308
3160.003073
1508.34951
2761.488047
1622.750988
2874.555366
5269.60943
2591.523666
2605.938664
3369.07382
2140.061304
1963.020218
0
0
0
0
0
0
0
0
0
3033.434656
2412.780934
1876.95091
1427.26374
2051.05747
1688.628311
2482.350469
2079.288546
1545.410285
3125.246247
3502.33476
0
0
0
0
53.36633055
0
0
0
0
5176.307993
2621.9128
2418.540322
1986.30023
1879.175572
2193.054467
1593.031869
4647.846781
2171.632082
2143.326155
980.8933684
1606.105471
1409.581468
4098.349296
1620.628578
1715.657738
2004.360337
1726.024605
769.8130015
1520.274025
1327.928526
1239.359381
2177.703109
759.7097806
1467.025548
244.4914479
472.9096243
108.7590129
140.4251118
365.2313392
123.7395743
65.21906476
55.22635579
27.59578685
16.32622488
173.8940847
0
80.34396159
127.5237407
2184.782877
1870.670338
1521.274596
1813.793457
981.9104576
1593.144186
1505.453173
2425.978296
1378.469493
1416.611051
1692.670947
1006.586678
1116.844676
1258.212723
1505.004192
1769.540473
1195.995417
1796.560368
972.2532427
993.118471
1901.441678
1052.86342
1401.125337
424.4467597
1054.446181
989.4337921
729.4464105
2979.335063
487.2314063
1151.987143
667.5763337
770.8833895
1934.371708
1353.489623
889.0335411
1504.990471
1616.912813
1427.211236
1228.238038
1125.555823
1108.018383
740.6540675
830.5171682
479.9504656
627.9999037
685.9033948
704.42549
434.3947582
900.956839
500.2939731
386.4531554
1437.399284
450.2063485
279.1835496
396.6082351
498.9854123
352.2026905
280.8393766
176.8036673
195.5310161
203.3567449
243.6484816
333.2611651
419.4353119
114.8798168
690.6769454
147.9843349
624.0064558
484.029533
485.0242496
199.8893143
940.0857229
1164.66053
1647.202205
1238.432383
729.9912123
1337.143516
734.3950735
1309.58438
1410.230249
960.7110452
848.186096
712.134556
480.0109572
586.1768982
944.8531197
790.9716637
1002.372402
563.9470988
878.3073104
799.2220146
517.4029285
2183.380266
1192.716302
1817.880511
995.0617888
1112.487067
673.5275183
1489.649365
1201.919515
1230.284127
1095.465959
970.2603895
1126.62106
528.2510357
821.5215694
1273.925315
1591.263421
1234.810805
1102.850425
960.7692493
752.473756
515.3328298
488.8549079
358.5718119
238.3636095
1007.694877
845.5286685
706.6725957
343.2610392
657.3924816
487.255762
600.3952031
538.037883
455.7191458
469.9069946
305.634168
2024.972747
2069.990166
2183.067841
1148.613598
1121.918734
1427.864581
1424.501972
2337.685619
2738.476363
2089.559233
1701.837281
1795.89557
1160.640991
1431.936295
1734.390793
1369.51703
1666.026543
1313.750007
1168.562736
1239.356975
1416.720361
1262.554363
1550.147637
1400.519209
1893.066001
1834.515648
0
0
0
0
0
0
0
0
0
2437.860151
1971.361735
1522.380164
1924.691339
1110.669655
747.5395982
1785.401412
1297.708736
1080.774865
2006.08303
1434.149168
1314.008571
1420.075312
1814.894546
3215.547411
1800.525134
1104.265428
1770.848994
1695.651549
1595.738037
1634.465842
1188.945541
1015.796506
2017.454486
1188.986536
1903.107093
2084.174862
2015.841964
2108.856214
2958.344528
0
0
0
0
0
0
0.02448673992
0
0
1430.01259
2510.086007
2246.721641
2183.318211
1110.320754
1249.190273
2004.627064
1377.415626
1849.281119
1549.214451
1125.283684
1106.576236
1235.575387
1056.795993
1674.081732
2017.090864
1919.864316
1550.62394
1526.245701
1716.350123
1641.770256
1895.843178
2236.226039
1625.481634
2675.260178
1917.154935
2371.083243
1511.987067
1379.961691
1790.55041
1948.94472
1974.37155
3675.6514
2374.828983
1533.881787
2161.790748
0
0
0
0
0
0
0
0
0
1760.597268
1852.299693
1557.877302
1271.441032
1186.631431
1136.542799
1148.299775
1603.338943
1562.128958
1846.269021
1238.849911
2085.344046
1478.275228
1369.696845
1147.460216
1278.148893
1633.195624
1468.80173
1498.953163
1078.718419
1051.784504
1517.994194
2139.579634
1735.838847
2166.674513
1117.646307
1557.066175
1319.166507
844.5018677
1224.623145
1455.054831
1475.842714
1346.186257
1314.595405
1143.357724
1899.337356
1122.378371
568.3532106
629.1063149
396.9214094
1418.34189
0
0
0.002539369594
0.01526301712
140.0342061
0
29.79803157
135.0785671
249.8893763
1166.165883
683.8382345
1249.197219
1217.690281
1388.684683
1078.764639
1414.609096
1113.864179
2009.738348
1066.971332
869.1631607
1141.206333
1604.927935
1055.162493
1582.081283
642.8773388
911.3701972
976.5536559
1389.331456
1070.031268
746.4265363
351.8211605
1357.519419
1009.207959
1792.730361
982.5386232
1523.011459
1828.208243
1492.727025
1238.28314
990.874057
774.1192312
1028.615956
1690.730967
1576.649173
1523.886596
1866.951796
1920.308946
967.3155374
953.7048234
748.3091318
973.1514597
955.5329121
779.8725689
1121.372302
759.2449315
1105.614184
709.8293509
1522.957714
1066.650405
548.6109351
995.7999904
580.9509728
136.5183199
264.3946797
971.7464644
639.0129775
1592.677191
362.3380426
230.7601177
708.434855
943.2801179
731.5538797
73.92066305
104.0777911
0
54.34694569
494.5752419
209.9467126
240.3241042
47.40525432
397.081568
313.3030311
132.2921346
216.7154612
33.67545142
192.8233509
36.313926
98.28159304
328.4011371
286.9251057
148.2959342
1303.28347
976.0491454
731.5326922
1043.635892
1532.510568
569.5281359
1056.303973
864.2410887
960.2956681
699.5008617
709.8589661
827.7071128
721.1761016
717.5465573
826.3578553
667.2473008
529.7879084
589.8002835
490.5241876
697.572582
933.6199701
1269.188053
786.1382766
1042.965571
866.7988697
629.4036608
1006.955192
699.5948885
1391.393157
1323.184162
1740.62004
1244.023584
1440.297849
968.3882756
1575.250103
1237.499122
2668.682607
2847.084014
1347.33089
1073.544526
1628.53045
2104.736999
2713.545703
1795.941485
1966.532155
1580.37201
2242.144706
2443.972447
2338.686567
2108.899353
2850.959921
2203.983908
1882.200193
2412.681894
1562.676258
1824.075075
1458.167092
885.0647242
0
0
0
0
0
0
16.31974901
46.84181202
198.4943608
1403.350417
1230.814488
1258.493501
932.3578809
1064.921579
971.0745387
1356.238564
1711.460179
1695.616121
1871.608667
930.3688489
1607.049329
1647.732269
1180.922521
1744.982223
1980.853921
1538.577158
982.2074132
1688.196633
1364.130427
2088.906457
1147.2047
1261.771516
1129.503387
1800.150219
2480.74893
754.7322517
695.3070099
1579.518042
1088.384512
380.4394833
1089.768838
1585.751324
0
0
0.002156384984
0
0
0
0
0
86.53982628
2502.84224
890.992086
1072.946308
1633.465604
1264.779274
814.5424007
1092.779836
1673.377568
862.4760496
1780.221824
1185.642088
1155.98403
912.6886035
1001.296385
1006.464079
1884.469149
2773.313265
1483.583793
1609.852585
870.1765391
846.1255306
1597.188302
2936.620324
2255.776518
1312.562974
1114.424332
1617.304325
1536.96182
553.8613184
1381.535546
1001.83743
793.5863802
1112.284642
1257.91473
1332.393072
1058.561612
1910.063971
3797.999136
0
0.003851600409
0
0
0
0
138.0702591
38.28601668
59.37925713
1379.444379
1108.731836
910.9248278
717.6113253
1645.254578
774.0044847
1021.41849
2639.722694
713.1844806
1519.958273
860.2114647
1083.253651
904.4631865
763.9532337
1803.235565
1402.147846
1437.150666
1121.125496
1112.917632
1242.843397
881.188968
457.0912763
865.2850742
1135.219489
1533.635848
905.1774815
1076.060614
1113.273745
347.7260153
1506.92246
1166.64888
644.3472176
862.7528197
731.6046242
488.2671874
1042.441021
1267.028138
860.3918992
696.8766756
493.4203863
931.287517
1265.456457
321.4210991
811.1580943
589.3733518
877.7032376
402.1159957
631.9085042
199.5655086
512.9857362
501.1406524
65.09906059
369.4574853
325.7065237
199.9148128
211.2647167
368.2563475
171.8415127
1363.662437
1737.352724
2591.448419
953.0120944
1218.233267
1414.633944
1332.81584
858.3155192
1330.042186
1349.322895
1121.5947
1220.51096
1117.032693
896.0354035
2188.584871
1693.087361
1439.180411
1031.768489
1164.071941
546.1175705
469.4052523
1503.612895
968.9167768
1030.427976
1021.280211
1063.344237
1376.834643
1658.738734
1264.540848
2076.899053
1482.2095
288.4936353
1366.246649
471.9888852
194.964376
0
75.94435753
181.6033416
62.51704211
262.6095581
294.0116665
1143.810028
1576.10687
804.9387807
644.5509984
1185.074154
692.8637176
336.3908434
1407.719735
1103.696603
1270.202209
1081.27469
1129.109079
687.2162693
1020.236774
1401.898521
1254.455202
858.8344729
1199.348724
902.1702094
848.5794467
1024.196382
617.8519297
999.2137932
676.572002
706.6163971
1059.276342
1049.476287
314.3632378
754.1851694
407.6032763
0
184.4565261
65.69038151
417.8232289
492.7090006
367.060184
378.3972961
761.6594238
728.8833171
1387.696744
774.5451768
860.8312717
684.8367986
689.7164291
1234.41462
1141.002865
759.5924925
1192.785152
730.6530175
280.9788941
59.52707081
1255.718077
888.1828475
823.6059606
785.4821396
808.5612143
745.2410235
844.2855789
90.62900773
530.6824789
141.7164881
216.2510976
453.786231
591.359463
370.6271828
49.81415573
35.93171774
167.132852
404.5046911
254.604462
477.2408877
485.6143403
739.4203823
726.062877
1173.538136
729.0763742
605.7652431
621.9863412
703.6522752
752.9182467
895.7876189
907.5820382
957.6475102
505.4458042
628.8148067
425.9828165
66.77800657
362.4890717
202.0959545
0
0
365.5637568
261.5171425
942.3684584
1144.117001
860.9145007
364.4966237
139.5373155
750.370009
395.6033436
264.2596766
700.8067292
365.2438233
319.0581631
58.07803365
365.5693461
476.5527513
1126.827949
1198.706387
829.3905511
253.0465355
548.8217421
643.1514916
644.7476483
3505.82364
3038.348315
4775.423126
3913.69787
6791.64874
4395.225878
5625.855254
1749.125505
2125.439161
1316.061544
2383.920312
2330.491746
1709.875952
903.8375585
5011.930374
2930.844652
5028.420264
4194.671633
7296.072402
4500.352474
4346.638764
3081.07502
1689.468952
3320.054854
2992.666435
4104.619301
3362.537507
3900.841374
2028.195011
1612.246758
1152.360978
2275.792853
1691.421966
1536.39304
2058.175931
4370.849337
2492.768236
3572.985757
3369.460129
5448.298087
3346.084344
5165.67247
2483.717443
1800.902353
2208.276549
2288.720439
3437.475823
1103.668402
1903.559852
2711.873267
1559.427617
2663.604278
2160.424037
2744.129685
2406.986505
1583.415785
0
0
0
0
0
0
0
977.7735679
672.522426
361.0651779
660.6421442
924.4362923
878.3576812
548.5288024
1718.578097
2076.903215
1284.128407
2422.766608
2335.373243
2466.134505
1694.222558
2485.50893
1310.666817
1621.433652
2732.863498
2908.8518
1979.739084
2465.437057
1885.349916
1859.539083
1497.621417
3015.832047
1883.040342
2092.765145
1279.800004
1560.778446
1177.615284
1043.40552
1131.071478
1083.005336
1547.078761
1089.98118
1440.179443
1658.645779
1868.751862
1054.560857
1473.747536
1627.095353
1696.662481
2117.539183
1712.152418
1540.887429
1542.316516
1508.295418
2069.634978
2409.327152
1740.715431
1429.813613
1632.207281
1664.242594
1852.858053
2419.504512
1748.001625
665.4136283
1336.739889
970.0637875
1093.865704
651.0831277
1295.092031
771.4251539
1543.345945
1836.52802
1412.069439
2001.583545
2093.435964
2122.254633
2161.051912
1087.088776
1677.401004
1416.770369
1694.995982
1448.489261
1512.217886
1077.071102
1150.04297
1002.614138
833.2465851
1146.431715
742.7459063
715.8381721
747.7320402
697.4904385
617.5997908
683.2179767
650.2433696
484.2003896
376.4385527
461.3079947
1613.139296
1808.919823
1400.570393
2027.688197
1548.194709
1287.160085
1197.62233
1872.396348
1631.52197
1473.005246
1805.345687
1800.424379
1515.518648
1240.35863
421.4057935
1168.384362
894.3977088
1147.79349
837.3270425
920.0686847
529.0343444
1643.422119
1605.626131
1550.03991
1164.105965
933.9123844
1869.977513
1854.831574
1276.802293
1950.870263
1369.289166
1110.837
1007.234699
1985.820369
1506.203277
2202.345175
2414.967567
2216.844702
1415.488761
1842.410754
1471.340658
2327.761017
1924.264534
2280.637675
2188.574282
1913.569397
1830.930285
2034.329554
2055.653051
415.6829952
326.4036287
286.2198268
174.95125
174.9977042
152.8694427
130.7743458
1284.933059
1606.203187
1377.570473
1322.586178
1794.996633
1311.897288
1816.563501
1460.153761
1956.875969
1978.190062
2516.805807
2010.236909
2425.206158
2317.444601
1795.024541
2302.764237
1564.74126
2499.187501
3006.614794
2737.701376
2315.478772
390.1753243
159.3774499
335.4489061
12.57957205
113.9950053
164.3320008
257.0762111
2046.107428
1614.623871
1981.027006
2280.618309
2205.920891
2381.802149
2259.343369
1745.797514
1937.941129
1503.950407
3837.09696
3588.597214
2934.989124
2466.738382
123.4354955
522.0446601
418.2393179
182.8673721
89.63519321
119.4025842
106.3537155
2591.166318
1282.414628
2276.13615
2266.26534
2837.056434
1662.551366
1962.400914
1621.63233
1985.653856
2404.405208
3635.884523
2928.935118
1592.624014
2114.623631
405.7764206
410.1742071
283.3114677
132.0645803
210.7195542
115.1811703
173.1096271
2085.651366
1829.181431
1059.418228
1683.689761
1664.581684
2443.331721
1716.494988
1957.891268
1857.37258
1443.20174
1861.73616
2293.70232
2399.576551
2959.638379
462.4010868
723.7022335
717.285625
768.4325696
488.499186
465.0042355
730.1862636
618.6261556
412.8095286
363.4477274
459.5009327
329.8343217
348.5108937
475.3373976
2163.068719
1285.48593
1901.322984
2206.404678
2423.984539
1846.292735
2217.911838
1943.309115
1880.121444
1730.805858
1695.892553
1929.379924
1868.378847
1794.990105
2793.778688
1104.184865
1473.103538
1684.354592
1234.996439
1838.42052
955.8608465
1222.839228
1043.998724
1087.389091
945.1672566
567.0536918
1414.884101
625.3350313
619.3062592
929.3996093
673.3227396
371.5928499
315.1414096
316.7946418
332.1803162
1490.020756
1705.690393
1225.006349
1347.524034
1738.686904
1447.063753
1590.442526
1739.461844
1528.419267
1340.849254
2161.038395
1035.497711
1927.073123
1635.02916
1057.70376
1407.881102
660.8719298
1158.099141
936.1400912
770.5274031
834.6217211
1636.864862
1786.166554
2358.771724
2553.444971
2369.004735
2237.799615
2389.514792
2062.719653
2297.601017
2682.59112
1930.672289
1883.616953
2296.944013
2781.402701
198.4702283
118.8352671
68.12701424
0
41.85496659
0.002892396875
101.6873607
1621.408439
2733.167754
2086.866304
2608.509554
1929.54644
2589.184905
1901.213773
2720.263687
1708.68445
2292.904262
2210.332193
3016.907192
2107.640202
2487.449775
246.2198064
0
0
0
0
0
0
2244.49581
2144.815873
1385.742712
2739.899064
2566.26734
2913.768241
2340.77792
2747.511166
2173.48434
3184.105855
2678.069156
3680.380096
3868.91768
3552.744791
0
188.1265679
68.8300846
0
0
38.30585945
188.0600084
1867.559109
1624.736413
2316.514901
2746.895897
2847.656901
2533.815127
1915.271252
1306.299626
2075.994864
1603.719978
2484.497759
1908.421254
2327.238179
2237.332195
1645.967435
1524.098655
1886.314424
2464.871476
2214.572375
2179.951019
3047.379289
191.1003194
279.7391864
133.3734449
0
96.20067776
43.78436546
0.0161129657
1922.927228
2176.457477
2183.305112
1800.891662
2404.198016
1439.204768
2650.813143
3280.983346
2075.621505
2128.086552
2329.051809
2859.971986
2659.079173
2253.034929
111.8798951
104.2345745
102.9864578
0
117.1483097
162.5987979
133.9973985
2001.872055
1823.326945
1788.85062
2619.399247
2257.078341
2250.155315
1695.879908
509.7624714
622.8561753
575.2575965
297.7290711
67.06454983
334.1760751
336.0814669
1262.687995
1428.563787
1334.143169
2316.781634
1943.592381
1390.633617
1663.057627
1260.615156
1514.946522
1295.902213
1735.795611
1561.559127
2391.739945
1962.332075
795.5377919
1406.204071
954.1470845
1117.898883
890.6554113
1324.577932
1099.15442
752.8331374
849.9394638
885.1482838
739.3548617
585.907575
609.3180937
380.7084813
1455.903326
1235.729101
1269.364376
1701.14366
2261.942724
1361.442305
1686.161766
1411.397565
1337.64523
993.3350439
1605.021935
1909.139359
898.4106651
787.9567589
1156.342333
1190.212271
820.9565722
1667.833199
1473.275079
923.2651546
1265.224767
2508.607918
1686.415851
2975.885471
2474.813605
2786.298172
3619.460032
3461.246512
0
0
0
0
0
0
0
2373.556173
1684.767631
1841.660847
1484.473102
2487.263925
2692.439938
2427.776584
2721.388958
1993.11775
1977.626253
1941.035282
2680.873443
2600.100522
2326.41925
0
0
0
0
0
0
0
2324.708592
2047.222859
1536.974206
2317.123971
2090.406472
2146.789424
2320.3519
2729.577962
2298.21011
2514.618957
2906.213463
2765.762885
2444.062089
2735.485875
0
0
0
0
0
0.03467990099
0
2494.934867
1651.808512
2066.157879
2798.379694
2746.019606
2747.370824
2172.168154
2823.416818
2320.221053
3226.121294
3472.025016
4122.69929
3253.063086
3951.097362
0
64.71943602
105.1672095
51.3825074
0
0
101.3237721
2560.491183
2702.551875
1930.938809
2347.38658
3019.965711
2952.858605
2432.318825
2803.474091
2489.378314
2464.647455
2701.426938
3541.983772
2518.309609
2392.501942
0
0
0
0
0
0
0
1614.682363
2215.911205
2043.571517
2270.623099
2578.671652
2753.091653
2865.695372
83.45812535
26.11926408
95.20299427
0
0
83.18642908
184.0017224
2094.782757
2571.190562
1924.295616
2572.173173
1853.96271
2752.369809
1574.111772
2867.566731
1714.213371
3163.314045
1873.416631
3220.07495
2160.520366
3894.785864
337.6468319
79.26134967
198.5751715
0
0
57.2443866
241.5554412
2299.399721
1749.259135
1761.997416
2028.618821
2782.198742
2467.496164
1938.836118
215.8577157
190.1951948
182.3468903
320.4438075
194.0995174
121.5507937
120.6131431
2132.107934
1204.52072
2221.789077
2062.087681
2273.219256
2011.741826
2136.086839
2705.348292
1656.27485
1512.080745
1913.072064
2417.010619
1596.70356
1721.336071
697.1667712
734.8232012
859.7453731
590.0220174
194.8644915
672.8161442
733.7868837
2352.710018
1431.458612
1638.936684
2130.987673
1922.188167
1596.936562
1979.576877
1809.327975
1364.569898
1247.538029
2033.472932
1012.3019
2291.156604
1794.234203
1001.048268
1264.381329
961.8019942
1304.108057
1489.985156
1550.51942
1317.724136
903.2602813
1056.570929
976.8698396
843.1318972
873.5203392
1008.319426
649.9349719
2672.836266
3377.94292
3512.217937
2940.065372
4210.207185
3296.091247
4389.92738
0
0
0
0
0
0
0
2452.149553
2403.719379
2737.064415
2750.728895
5199.655067
3561.484509
4309.928284
0
0
0
0
0
0
0
2644.240574
2682.416659
2740.615307
2606.902051
3877.975226
2429.091199
3007.08574
0
0
0
0
0
0
0
2798.457788
3063.03412
2425.068475
3143.771037
3222.199688
3072.483285
2498.192245
0
0
0
0
0
0
31.15671247
2909.260514
2044.602962
2458.558952
2620.091536
3369.499438
2398.850077
2992.099182
3381.884577
1795.909539
2686.303654
2238.898344
2836.980396
2527.91473
3476.57261
2783.630066
2516.130782
1854.741448
3074.674235
3517.623196
3545.18463
3324.201042
0
0
62.5627258
0
0
0
0
2160.956717
2445.784098
2846.571811
2850.787195
4686.906517
2580.88033
3692.816062
0
0
73.85968357
0
143.0411256
0
0
2083.279009
1508.467532
1302.105271
3368.035691
2513.93543
2985.496331
2174.367813
2602.003468
2801.114557
3070.238808
3532.160836
3760.799733
3024.063256
2947.32016
0
0
112.8755499
0
65.75207988
0
24.35691548
2274.389477
1598.996591
2692.310483
2293.509804
3001.837324
2267.492283
3266.740476
92.44624664
275.4496994
203.491785
0
22.46003761
408.1683214
220.789132
2802.615607
1575.331506
2229.190335
2197.480864
2418.086058
2251.508398
2572.168149
2673.863379
1711.131749
2098.037364
3230.322137
3338.364503
2618.743433
1649.934504
279.0103589
793.0127673
681.8102537
757.5245233
630.0579812
257.8800272
337.1591004
2501.622962
1608.623855
1245.472734
1425.500116
1551.438843
1394.938023
1772.997548
1192.39649
1431.159426
1079.292045
1072.107492
1045.098672
1092.23313
912.8151498
1217.32044
1498.599568
1071.795924
886.8260813
773.0231151
805.9367133
943.094241
3136.266209
2709.79902
3070.874923
3363.363454
3618.456174
3590.363188
4426.899801
0
0
0
0
0
0
0
3176.318581
2986.896151
3712.226584
3675.565989
4008.511241
2654.76335
4770.155913
3831.590061
2533.951457
3591.263328
3009.834946
4213.099935
3411.850645
5248.176341
0
0
0
0
0
0
0
3554.348918
3186.944742
3513.30433
3835.383041
4770.678973
3842.726937
3826.675972
0
0
0
0
0
0
0
2647.539162
2541.310932
2658.261905
1840.68621
3152.546572
2392.087286
3301.557003
0
0
0
0.0231391751
0
0
0.009270753775
2530.527673
2064.274954
3266.465084
2727.194216
3700.09078
2807.421963
3863.081133
0
0
0
0
0
0
0
2531.761347
2818.963169
2334.936793
3629.34495
3950.784359
3292.698425
3245.630409
0
0
0
0
0
0
0
3288.026752
2654.894145
2571.516098
2947.006583
4067.742661
2332.50884
3288.39942
0
33.59932173
0
0
0
0
0.00678460827
3448.651407
2435.922793
2187.680555
3288.009711
3376.243103
3018.166351
2518.151004
0.009270753795
0
124.8759619
0
63.86050875
0.02867266519
0.008677190636
2077.126485
2153.876694
1952.146848
2667.90114
3026.985984
2664.195001
2239.919913
153.6816565
331.0383936
269.2850799
253.0393543
106.1811463
159.044891
234.2988108
1717.071042
1873.315852
2208.981518
2124.917131
3120.087405
2565.517254
2543.188735
594.2928223
971.5109264
894.3666424
854.3136174
560.5502865
772.0590029
879.5985576
1497.973722
1693.7051
1430.897217
1270.022176
1338.548964
1642.724866
1262.945656
1078.273436
1204.12156
909.8711089
1545.62717
1416.607981
1488.580632
1355.456224
1142.856062
770.5444847
927.7744028
1011.718568
761.4033247
764.4692658
838.5079885
2623.986442
3780.938445
3994.518652
2404.099673
4660.785108
4036.243129
4658.66348
19.08295125
0
0
0
0
0
0
3568.30546
2809.990149
2781.535098
2868.575984
4453.232555
3007.883563
5404.25486
0
0
0
0
0
0
0
4476.670318
2331.982543
2953.345062
3997.016606
4308.235963
3246.617271
4980.507164
2818.127058
1719.102152
3257.11691
3988.049922
5781.94129
2953.900955
5003.367123
0
0
0.03222593141
0
0
0
0
3051.621882
2629.253673
2637.849581
3224.626277
5730.964941
1877.928468
3804.440599
0
0
0
0
0
0
0
2459.807586
1979.844192
2325.954193
2422.810847
2861.276966
2229.292657
3337.633426
0
0
0
0
0
0
0
3250.900836
3284.194709
3807.378148
3189.734913
4459.299853
3671.259512
4122.580213
0
0
0
0
0
0
0
3247.442947
2719.565447
2871.227607
2847.971807
4459.704139
3249.820593
3634.019149
0
0
0
30.67413019
134.8630845
0
0
3188.145135
1947.999505
2102.092107
1807.279096
3454.074736
1701.163151
2263.388075
4011.822771
2566.496376
2398.416481
3315.65697
4026.691856
3914.535315
4461.53772
41.38484093
115.5614299
51.15391389
0
0.01373847685
19.43884269
36.38852832
0
97.95528527
140.0754297
0
0.01495635427
61.60476907
57.32997129
3162.205803
2222.041104
2592.594195
4085.416296
4386.171444
2709.923446
2430.189032
153.6061397
143.4189578
135.1281364
0
82.7159952
82.13847432
85.11080419
1952.642044
1500.873986
1500.423841
2105.016774
2009.069681
2415.477181
2285.344399
3165.184811
2490.789021
3383.006197
2765.254323
4304.570359
1986.546888
2613.526293
425.9123513
465.2250617
241.1219264
55.85045823
97.22924047
214.5142064
397.4166416
2030.267094
1532.612455
1378.438199
2034.145647
1970.895246
1331.672108
1095.340517
2234.516106
1566.486678
1299.095879
2267.543933
1822.94088
1390.028622
921.8783659
1093.05387
1365.104352
1412.853096
1184.880205
1168.028105
1333.866235
1298.560837
619.1123269
1302.842524
604.256351
1051.535767
672.4912929
1079.699319
1033.686083
985.1626038
1063.748868
899.5401375
1313.984784
762.0385263
1369.081847
1261.057475
3019.536344
2491.449651
2806.851172
3636.9174
4832.38714
4214.098293
4938.351113
0
0
0
0
0
0
0
2807.526558
2591.858129
4844.828173
4404.367216
6330.4849
4233.087333
6995.202108
0
0
0
0.00998768386
0
0
0
3426.920636
2503.55099
3579.238699
3001.109859
4778.957289
3331.619745
4715.111468
0
0
0.02747695359
0
0
0
0
3258.27395
2265.414958
2828.564575
3651.989558
5420.529569
2992.018162
4305.753334
2671.54281
1536.036807
2031.642943
2716.52269
4737.939969
2769.103368
2908.713805
0
0
0
0
0
0
0
3022.560619
2346.836373
2111.132515
2615.560717
3289.800274
2892.613597
3087.993976
3754.179574
1963.326057
3755.223257
4278.806491
5319.769707
3843.427373
3943.579411
0
74.0977046
87.74045396
0
0
0
0
2610.74728
2612.751686
2729.097482
2298.466117
5065.35015
2104.299261
2335.132171
0
0
0
0
0.02550461902
37.01553381
0
1840.151379
2171.500423
1901.121715
3154.667688
2943.625038
2995.855445
3007.997178
0
64.72920034
0
0
0
129.540066
99.44256002
0
0.01275230951
40.83009926
0.01399876859
0.01889784933
0.007957225695
0
2894.705724
1955.427732
2593.014387
2692.226491
3628.263422
1992.673057
3369.018438
72.40054786
0
58.27781424
0.003149878413
129.7259056
0.01495635435
0
1985.730185
1050.143541
1477.249839
1898.093658
2826.676707
1541.056583
2155.097126
0
52.91218148
249.3819499
47.01637839
0
20.30929634
37.29196276
1750.116037
1658.398383
1524.265401
2394.400687
2322.344776
1458.107858
1059.589812
373.5730783
627.5194042
476.5307826
439.6094623
194.2347884
492.7804074
592.7482916
1716.143489
1247.88312
1550.89483
1638.287708
1715.468815
1065.273464
1368.906744
1000.865753
727.1641207
1163.478768
1158.326881
1667.136736
1823.062047
1446.413885
612.9827198
684.5695058
830.6611575
1035.320926
548.3165761
1187.027842
1007.89815
3897.973593
2653.338058
4411.115879
3838.006734
5865.291296
3902.722034
6319.778201
0
0
0
0
0
0
0
4736.064491
3704.785343
4680.703155
3558.506593
6058.511493
3751.51753
6080.821193
0
0
0
0
0
0
0
3518.798004
2911.384543
3692.734049
3349.508371
3777.263053
2607.211555
3986.122469
0
0
0
0
0
0
0
2612.880684
2101.612617
3198.588562
1537.723864
3337.086285
2719.40848
3605.417669
0
0
0
0
0
0
0
2515.178917
2431.615223
3267.628245
2867.95144
3181.532797
2259.544913
3393.983093
0
0
0
0
0
0
0
0
0
0
0
0
0
0
3791.689501
2653.319008
2558.29254
3922.076604
5123.31626
3560.951713
4514.933077
0
0
0
0
0
0
0
2347.445628
2336.204025
3053.990859
2684.024842
4289.061798
3013.70099
2668.015556
0
0
0
0
0
0
0
2979.474183
1752.206955
2844.304794
1968.308131
3075.54857
2832.11254
2905.584071
69.19135705
0
39.66885596
61.30092032
244.9765903
0
0.0244867401
0
0
58.29913108
89.42132959
0
116.3621367
73.85118568
3103.153985
1552.029647
1831.341794
3161.47632
4877.347229
2586.351344
3374.822452
0.002892396874
0
0
0
0
0
0
4501.772132
2317.328175
2387.295139
2975.655634
4821.349485
2325.425453
2958.227449
11.45564946
88.13741706
205.1747627
77.40305544
60.4898978
210.9600111
377.4377372
2364.241928
1341.643402
2250.198534
2018.764949
2487.824343
1644.605903
1699.097097
475.7637193
642.7934989
664.3456797
206.9196724
342.9750372
692.4439901
420.6855266
239.4884748
375.5793735
267.6028464
283.1835415
330.4495735
449.4218523
256.2233642
1485.596002
1550.193733
1588.101644
1334.128467
1496.389097
1243.399873
1072.382301
1215.40645
1407.650181
1230.256861
2250.519659
1438.637984
902.0547254
1021.210367
886.4355513
1049.573858
1419.101424
861.6980368
779.7412716
1105.886885
1090.927118
1155.246411
1302.368166
877.9749945
577.2135033
552.6667425
1046.791919
694.4230696
3518.18023
2527.396727
4518.050814
4040.712323
7040.898627
3355.62215
4596.163588
4024.97364
2008.417082
3771.309456
3034.848246
3954.217927
2454.604302
4209.676698
0
0
0.01275230952
0
0
0
0
3133.40881
2282.774889
2541.120238
3445.687744
3110.36597
2117.907818
3473.391061
0
0
0
0
0
0
0
2303.363684
2181.47548
2695.979906
2617.088242
3559.643149
2762.296679
3958.721235
0
0
0
0.0108730641
0
0
0
0
0
0
0
0
0
0
5058.097851
3025.169694
2998.853021
3250.704466
5591.642773
2705.360807
4919.640688
0
0
0
0
0
0.03919741622
0.03274425051
2958.771076
2478.610244
3726.945534
4181.89818
5106.53987
2657.905344
5275.512689
0
0
0
0
0
0
0
2549.739829
2021.675133
1811.958399
3129.755125
3947.069261
2762.392296
3180.878417
0.007957225695
0
0.01087306404
0
0
0
0
4675.269015
3205.007862
3488.314013
2734.554813
6416.814212
4008.535344
5482.479324
0
38.46459615
0
0
0
0
0
77.36266393
0
40.70954446
0
0
0.01611296572
67.80849101
3329.824526
2543.407461
2240.71403
3396.374077
3945.975162
2530.997156
3142.548801
77.35615588
146.2317895
103.1626237
0
88.17195588
101.5101134
137.7906434
3257.159076
1818.66642
2976.467486
2827.265968
4581.110038
2302.68973
2696.674736
136.8507888
137.1786887
225.3138353
56.53119579
0
78.58968097
219.547372
193.623998
231.6276986
184.9042635
30.81613252
139.460565
131.8438209
131.2503234
1905.117098
1794.565756
1852.276313
1978.113466
2598.484532
1580.269166
1650.304735
17.29540535
165.0191745
228.0987571
224.8043192
159.8616835
365.0613897
235.0120641
1522.692891
1320.788205
1444.064467
1337.9775
1245.303681
1314.474486
1039.623529
1329.903177
1591.6856
970.602622
1268.673413
1307.911189
1607.257126
1375.711353
780.5014508
1030.773757
787.5799464
762.8165811
752.9886636
1081.625687
447.3868557
381.928915
910.4214937
913.0532526
421.0358248
476.8710057
669.1497328
808.1279967
3485.384178
2289.528127
2683.68482
2116.986405
3487.536879
2172.147587
2835.130476
0
0
0
0
0
0
0
3056.929652
2759.514266
2454.927711
2149.001187
4176.026561
2228.033931
3145.008421
0
0
0.0217461281
0
0
0
0
0
0
0
0
0
0
0.01087306403
4322.69201
2715.998996
2823.416602
4170.199003
5808.634539
2842.223537
3584.762782
0
0
0
0
0
0
0
3557.922062
2973.726886
3177.873025
3021.757031
5403.746523
2891.847793
4471.318477
0.002466158496
0
0
0
82.64449163
0
0
2681.632097
2619.838606
3213.810249
2979.42154
3350.559778
2418.896417
4001.660795
0
0
0
0
0
0
0
0
31.12911856
21.3226238
0
0
0
0.0109454967
2773.054636
2981.938051
4020.948901
2450.695713
4808.704387
2273.561507
2939.661583
85.29049558
0.01495635433
0
0
0
0
0
2797.031496
2521.14863
2676.668744
1687.695459
1757.229376
1450.534549
2601.219616
0
287.8412303
128.7691519
58.44492586
45.3987351
109.5353553
0.003978612855
1966.433806
2436.871355
1985.572632
2522.930492
3918.562816
2407.774517
2683.19611
62.67079981
0
59.43682953
0
68.01449353
90.26444444
29.36778797
263.88891
70.07279145
40.42699423
66.51267945
68.15812363
95.38399469
221.6971806
2098.486879
2254.945471
1522.717166
1983.34676
1676.155534
1141.5575
1736.265092
2917.580759
1362.146302
1800.839497
2031.142108
2357.103095
1297.670068
1583.31169
207.2159854
214.8276697
191.1338
267.7491534
233.1528918
113.634442
183.9508376
266.3446382
191.8995125
338.2613441
93.17465201
92.49517256
261.0320153
141.5811715
1100.246979
1942.466033
1219.655971
1229.696264
1188.850913
1587.514966
1319.092977
1180.052484
1401.568962
1186.385145
1447.204422
1198.344355
1679.656488
1275.48562
912.8819185
1438.119883
1545.375644
638.6463003
918.8060272
1035.204902
1165.963671
486.8127651
1150.293318
1087.972045
364.6474423
376.2948398
973.3502084
898.1498001
282.1080532
894.7021506
769.0079934
432.3704169
447.7042619
750.5609139
532.5085428
0
0
0
0
0
0
0
0
0
0
0
0
0
0
4042.264653
2895.027243
3578.293075
4760.556075
5223.343618
3569.198375
5520.045501
4225.705164
2544.263287
2956.175565
3663.889892
6403.81123
3338.383569
4420.492035
0
0
0
0
0
0
0
3193.500597
2452.928436
2747.128432
2988.292463
3617.503216
1629.611357
3126.112014
0
0.02956929363
0.01171390466
0
0.02160222139
0
0
2959.102276
1671.472096
2871.270028
2190.181649
3361.724833
1902.562826
3126.435726
0
0
0
0
0
0.01156958755
0
0
0
0
0
0
0
0
5204.539237
2586.088796
2817.441453
2479.181791
4499.388907
2301.002006
3492.423849
0
0
0
0
0
0
0.004666256196
2255.78063
1989.519242
2526.923764
2475.590624
2898.1137
2136.947101
3218.840849
0
0
0
0
0
0.01087306409
47.86177944
3400.843268
3017.92217
2988.644659
3533.35239
4534.598826
2418.115606
3691.366441
234.1931159
0.009332512427
251.0500232
77.78572478
351.5057499
413.4683239
285.5951148
119.5509641
203.1589701
24.61158522
91.49049968
0.03806964582
210.3038923
101.0360509
2512.044467
1901.150718
2031.584011
1705.308266
3225.640472
1920.965482
2221.482625
51.58940885
363.1458716
96.09334931
409.9320263
313.9141605
721.2110445
219.734758
197.8676212
112.0692541
229.269591
452.9285952
355.3378201
71.19962563
0.01591445138
2078.249297
1645.172755
1058.128711
1788.994284
1787.230706
1505.234425
1373.664113
188.3782001
520.2448524
439.9577785
540.3740518
396.6662117
818.3393736
487.588985
335.944317
417.769261
319.0386944
336.0392839
369.8420374
262.6630372
232.1644912
1324.513462
1501.637715
1144.301623
1275.020129
1501.8269
1400.627258
1762.761033
988.0630985
1095.973057
1235.518156
1074.944382
936.4437967
1061.545863
906.6357311
1089.323793
1157.185019
993.4127653
1134.105043
741.1744669
1252.192193
1013.575574
559.0959528
709.3534415
598.1134629
773.475948
755.5780981
1023.657935
731.0610084
3516.987404
2174.438642
3390.369955
2863.732994
4722.800471
1959.289641
3432.376547
0
0
0
0
0
0
0
2834.168951
1734.339678
2569.809879
2431.586136
3567.091966
2042.87002
3873.733131
0
0
0
0
0
0
0
3207.839315
1388.941531
2998.792417
2803.452449
4229.715217
2231.426916
3585.424954
0
0
0
0
0
0
0
2439.08427
1938.217077
2517.326843
2179.959728
3509.289354
3287.729026
2755.849814
0
0
0
0
0
0
0
0
0
0
0
0
0
0.007957225663
0
0.002892396894
0
0
0
0
0
2293.860373
1667.703146
2598.238359
2621.665351
5240.804546
1573.844561
3438.602303
0
0
0.003392304123
0
0
0
0.0135692164
2759.945609
1726.800471
2537.297935
2347.537286
3126.459489
1585.897232
1868.685425
0
0
71.01278906
0
31.13802415
56.53745204
22.22080641
0
0
0
105.0452915
97.46356833
62.25540388
0
0
0
0
74.66721999
58.4563424
0.002892396864
0
2549.483444
1344.656373
1855.700916
2074.271285
2557.362445
1667.343472
919.9241524
0
40.36756002
103.8517049
0.01723953724
0
190.6823265
83.24105162
2972.328752
1699.018605
2022.910924
2377.683493
2450.732711
1596.697382
1743.576556
130.4944394
416.4356778
300.985369
118.3216429
133.5622895
174.9436699
332.9085733
352.3142025
350.6856421
460.5583978
148.8366221
0
279.923074
103.5648951
85.22917878
263.9442879
302.8619765
59.4223675
236.3027324
245.1841051
305.5252371
1465.279522
1283.19239
1524.866414
1606.918453
1302.578291
1014.483624
897.9665491
600.5900699
939.4465084
1073.628515
947.5442422
721.3766346
840.5531011
652.0832915
445.2084515
786.0732441
697.7588465
536.2509151
355.3167347
857.4540466
758.1721209
422.5230274
676.6423893
731.6453813
772.2670052
402.9264333
1060.471305
610.2702829
1200.404358
933.825613
801.49565
1499.829085
1122.626884
1384.601092
900.7056063
0
0
0
0
0
0
0
0
0
0.01356921658
0
0
0.003392304121
0
0
0
0
0
0
0
0
3872.454883
2984.073114
3247.186167
3478.879575
5676.18903
3169.279626
4626.418023
0
0
0
0
0.003392304127
0
0
2709.288986
1833.509305
2006.169542
2300.588822
4136.425195
2387.987007
3045.909677
0
0.01356921667
39.40552098
0
0.01495635423
0.01591445143
0
1810.797002
1623.238224
2203.706926
1294.983266
2619.287214
1494.246942
1767.840066
76.35879537
0
0
94.09986246
0
0.007957225709
0
0
0
0
67.01619397
61.03053821
44.54955641
0
4791.590461
1997.669575
2323.109198
2984.612817
3874.276954
1916.265549
4201.200348
0
66.36125866
132.7225179
140.1321892
31.39880552
53.13612913
76.36928079
0
29.41368549
71.0490702
191.8083076
193.0254568
97.1649558
43.73079257
2409.241396
1491.422999
2197.896995
2660.288527
4378.711157
1403.301612
2241.571477
274.1657664
224.1908901
164.922096
164.3070147
60.2556697
231.1983893
269.3000858
0
183.8809047
350.7186976
86.66117264
67.93822883
374.3494662
434.3935255
142.7429989
318.4241963
246.8315101
109.6078907
92.68483418
229.4560154
575.3249919
67.93679022
87.90726365
38.21273929
187.9533599
148.1255278
351.9761009
167.9352902
1524.457148
846.8982939
1117.375993
1717.314304
2173.687494
630.1623294
1192.068177
634.9557141
834.794155
388.7316079
333.8783921
527.6075666
434.528059
535.7834993
129.5555621
502.0899173
380.4541896
740.9412121
482.1706564
507.3981242
276.8350247
203.9129017
198.6923528
288.6748383
613.4751122
441.587007
269.1359263
224.9779641
1397.022069
1352.218298
1182.14707
804.1606036
761.9916049
784.8685855
1095.540348
1321.092285
1060.454917
1243.07739
1038.346588
961.758907
713.8213896
706.0133879
783.0377158
1149.606702
976.9257177
721.5432834
452.8331684
523.8779863
455.8943689
764.971807
774.6724075
707.1375611
571.8013252
540.0808602
374.3665005
615.4054215
372.0415187
586.257599
440.8011739
473.0223588
279.2793838
585.1387512
483.7923149
2971.293758
1865.569536
2716.602425
1481.170103
3678.436718
2398.583727
2758.653016
2891.523362
1556.517834
2828.584376
1701.225415
3510.433746
1971.796698
3285.526028
0
0
0
0
0
0
0
3424.095462
2255.757762
2136.622472
2314.441144
2512.741312
2427.817154
3007.303668
0
0
0
0
0
0
0
2390.424119
1188.43358
1805.000422
1514.487872
2468.938882
1442.704013
2811.212732
0
0
0
0
0
0
0
0
0
0
0
0
0
0
0
0
0
0
0
0.01193583862
0.01889784933
3291.72708
2205.070608
3240.25847
1609.883543
3671.339471
1178.981996
2063.134707
0
98.18962435
69.38095831
0
63.68775455
156.9827552
75.9866687
0
153.4161621
54.30024842
79.8864569
134.9816693
0
34.36465997
1784.506942
2211.929829
1995.274497
1479.864165
1660.756323
1576.666022
1819.193803
88.01692762
358.4310708
238.871307
0
0
17.36162447
157.5403179
2735.872073
1830.100749
2577.905817
985.553578
2268.419132
846.4234902
2090.393255
0
192.376785
102.7642034
116.7351074
61.04850232
92.22228134
95.5244378
38.06884304
120.3280121
214.4716372
181.4002466
262.6643304
81.95932718
146.6167031
3328.910044
1825.053309
1334.871316
1153.986968
1356.175303
1631.381739
1119.464207
252.6096771
347.5451175
306.9324367
357.5420989
483.5569427
324.2076623
607.2336404
247.1743734
625.0373142
239.3626823
441.0451355
481.5195584
254.8017573
118.0837708
178.5379708
53.13700922
87.4178122
274.188502
157.3734003
113.5911794
23.69873523
95.15783323
78.47875617
116.157578
315.9796591
250.8643796
74.45113522
156.7079119
1038.139149
1355.919444
1193.526206
814.6224881
775.5682331
892.1330578
696.056382
1979.601375
927.2941951
978.0647473
1064.845857
1287.765467
795.5171062
854.6577538
842.51875
1309.10962
900.6289106
1131.976404
620.0455451
1107.012741
529.7401356
641.4128983
899.0147362
564.1279421
754.0806704
843.1405369
715.838438
796.0503245
330.8860919
878.0039418
902.5237059
1049.147399
289.9190727
1077.944696
896.3446825
1097.740832
549.0143812
753.4729161
539.5826602
654.626862
911.1117727
378.5656801
686.4479619
507.0391378
819.2969202
484.6845084
338.6847306
386.7992134
561.7311746
0
0
0
0
0
0
0
0
0
0
0
0
0
0
2675.281156
1675.801962
3198.043143
2290.354483
3281.283136
1504.515341
2956.946138
0
0
0
0
0
0
0
0
0
0
0
0
0
0
2337.746332
1824.157758
2162.074839
1601.38955
3396.729282
1120.410183
2485.14944
0
0
0
0
0
0
0
1680.31769
1055.815501
1780.801378
728.9706909
1194.050659
1006.632568
1561.901795
0
0
0
0
0
0.01495635438
0
1950.182455
1205.829126
1446.306769
1056.479471
1227.120901
762.336101
929.3263315
0
85.72110265
87.9662953
0
0.006784608247
112.8377253
151.1507237
1979.315465
572.9060754
1550.368884
807.7933275
1715.28146
945.2229369
1502.909592
29.15112527
127.4733724
89.03392001
317.7207513
164.0230074
564.6616066
281.3120966
101.8192981
82.02156363
30.38457216
127.5642716
35.50990083
200.640379
211.8068809
2862.14938
1346.00522
2748.741389
962.3177199
1765.711703
1454.479782
1784.265123
355.9665523
848.8154632
411.5778348
550.2792433
397.0186413
496.1269366
459.5815848
116.7377655
280.5113774
364.3888736
728.7692789
739.1736762
389.150152
294.809935
261.8178317
267.4910528
232.1148302
427.9208843
410.549186
312.7589326
321.6805491
1917.39216
1197.025087
1296.737983
1552.902539
1397.60235
1022.577268
972.9824378
1041.140074
1551.871636
1152.060585
1111.91497
936.3629598
1094.130937
1041.185522
844.2324006
928.3543181
1201.426224
1040.436866
738.7753181
1283.619324
1369.103747
643.8699275
1246.646331
1132.9113
773.366087
980.5850514
1214.818775
878.6702822
633.9059588
390.436762
716.4423368
927.9039125
716.9765253
668.3875388
530.2709908
677.4142724
689.0782187
604.8873889
925.4439836
1033.588203
403.7987689
504.5222196
622.7458828
574.5375499
701.8667478
541.2768011
448.3684309
455.8256254
422.892636
361.3167456
286.8525311
260.5116195
172.2621843
305.0534769
382.9081074
298.1695964
1061.405026
703.1456784
510.9743296
1033.52861
816.1939824
560.4388306
641.4593335
1080.806965
1247.68207
645.9564854
656.6516587
673.3521667
656.1603986
912.7832762
692.3962567
1157.871972
1033.338303
834.1354168
1157.621123
549.1672448
370.9273186
1849.979742
1178.405906
1763.537471
1462.006974
1771.728064
1035.294038
1574.887108
0
0
0
0
0.01854150755
0
0
1645.880962
699.9547622
1472.068305
1463.349099
1412.635591
812.053974
1590.177108
0
0
0
0
0
0
0.03161827256
1336.147752
1016.130161
1718.312838
744.6301823
1200.544632
1042.34625
1331.728522
0
0
0
0
54.77956342
0
45.8575165
1775.355753
710.2936527
1279.043941
900.4554778
1115.210791
1077.899889
1276.298482
0
0.02956929373
0
0
132.0983034
0
0
0.03161827264
99.63402768
95.81809167
0
0
0
26.29753194
1762.936318
827.3020589
1656.750113
1288.23216
1506.81208
1098.817525
1584.870482
59.69134803
0
63.24568549
33.83568484
0.006784608247
70.99747041
154.5640366
2716.842569
1886.508368
2235.512529
1998.270559
1610.927116
1613.943251
1410.452364
60.94217986
914.5109105
414.7738687
276.6526091
109.1617337
82.20346713
243.3023504
46.47927596
143.725772
130.8874743
60.06142121
309.985807
593.1650275
245.5267652
1786.164428
750.0180839
1739.796177
1947.590413
1325.420976
1719.96198
1681.485646
295.3574285
424.8197419
356.9021658
554.923982
279.2746017
392.494257
699.709119
344.3294459
409.5851957
704.9926743
1144.78732
328.3624556
408.878476
499.7274826
267.5156442
305.6723278
290.5347242
196.7262066
368.9174547
637.8808273
761.1585354
282.447718
357.9729138
227.1040311
401.0777847
453.9226139
360.84523
325.8081843
1654.223717
1335.829883
1672.598865
1279.50895
1236.362624
647.1533392
901.6425688
1643.967423
1120.655083
1628.660257
1190.619749
1045.542503
871.1050792
1132.987569
1107.233957
1072.809305
840.8431882
815.7313285
594.7441418
1169.031088
1080.517549
781.3818694
889.9333853
1147.430033
750.9386254
775.994449
693.1972185
697.0074995
1268.714572
1067.332307
950.1501644
566.4875327
232.1091063
737.171462
932.1696178
655.2668893
792.6435353
570.6213481
510.0669901
378.9784605
1127.701528
661.1913747
735.6796696
388.7636307
317.6748583
467.9768051
269.5695311
511.5151856
403.3113389
918.3952298
403.9443023
690.9688275
236.38712
887.3311391
567.9394186
765.59586
342.7773082
875.6242147
589.5678036
504.5983622
522.7446964
610.5408153
354.0137901
597.7834976
791.7313399
842.9613974
503.1676001
457.3778111
453.3713808
607.5799156
875.768249
1453.075113
1530.307096
917.8168107
849.4413333
1340.506254
977.3617912
365.3931203
1731.317296
1089.053099
959.4140332
788.2771351
885.5735019
1207.195178
947.9397062
818.4035611
839.6031067
559.4255155
797.6957471
787.3353843
693.6182952
1197.395207
610.1871864
1067.752696
300.4549037
1195.4329
912.3797
1007.577761
0
0
0
0.02448674017
51.32092099
0
0
937.1324216
906.2732187
1906.675382
802.5558336
1320.769597
916.3008081
1242.788002
0
0
0
0
0
0
0.003392304138
1686.579354
633.0426018
1211.722921
653.5734052
1625.268253
587.2547515
1319.074309
0
0
0
0
0
0
0
2381.588882
873.3049143
1745.040827
1284.302625
2103.619334
859.1114633
1035.037766
0
0
0
0
57.137551
0.01591445146
0.007957225677
1622.160116
1692.080199
1865.172757
967.3737047
1325.443927
572.8107227
1599.730145
0
28.455089
16.04949449
0.008698636067
177.6064797
111.8789822
127.278433
1757.690475
2155.368245
1371.569747
1678.347966
1328.33211
1545.922974
1231.078491
62.68759313
136.2809637
0
168.0731447
428.6904092
167.924956
59.79656482
192.1541462
78.2437688
105.1053132
283.785576
378.1093465
102.7247513
62.99006354
1742.734998
1234.584973
918.5528075
1323.311879
1160.299698
1040.537018
948.0767658
1164.449589
2052.309523
1633.442039
1265.088307
1005.945524
1235.223103
1497.935262
641.9633465
450.5834954
480.675067
661.0047196
707.8978863
544.1695675
595.4308896
449.0882418
580.7466013
786.3885176
291.5562627
223.9165927
403.7969313
346.2188916
163.0439704
437.109978
193.1186696
635.2187337
243.3943964
427.3623391
440.1077533
16.69038715
324.5668016
335.8752174
68.86259309
78.7796021
112.7213679
173.3374041
868.3784715
1065.038866
574.900177
677.0245371
700.5536265
927.511849
529.4002827
1266.028598
609.9085573
643.3103494
890.6760088
694.2859592
773.6939608
549.5373673
1192.482906
737.3846892
1065.403964
1097.149569
1054.883704
579.8194863
765.0589666
1070.465411
902.3134587
1227.015511
882.761232
781.7960261
849.277449
508.7793606
528.507726
725.757049
901.1380049
966.2690598
638.9661865
627.0642778
470.2997572
614.387392
659.5521878
613.6252109
549.2448732
736.7682423
445.3848998
536.0495469
1060.239596
482.7113109
837.7735583
755.4553465
498.8679716
564.1541534
1040.219934
724.5497636
979.0092288
755.5893975
510.7709881
395.5671315
634.2181184
357.3683645
799.1887858
338.5589138
498.8884698
295.1629408
383.9981801
401.932218
559.0514613
233.4780333
458.0582898
639.4520874
515.4218928
229.008661
487.2528077
507.9833003
463.3630917
380.2352116
300.305597
442.8323282
565.83738
282.4446613
376.2802089
385.6380992
443.3639119
696.0979867
770.5427939
664.0546432
374.497688
658.8159285
1365.415531
1322.892011
1069.654464
834.127859
949.0858827
885.762197
985.6972755
0
0.02448674021
61.67968341
0
0
0
0
1874.647388
1177.665332
1705.639921
1043.458346
1119.406809
663.7477986
1250.761923
0
0
0
0
0
0
0
2564.953212
1593.197901
1629.754502
857.4999934
1437.891589
1187.710518
1241.80205
0
0
67.98841953
0
0
49.60632173
119.2266438
1799.644645
1100.227223
1164.22744
1578.417716
1337.868345
1194.557372
826.6583763
202.5821685
0
0
105.132013
118.4037862
203.3199054
147.5334936
1473.13889
1105.186171
633.622444
787.6233014
911.1821748
978.0221431
740.8458092
2297.516465
1062.115826
1260.435848
954.3342469
1387.358062
722.2130318
632.2935386
1814.57915
1625.5031
1625.765459
1668.356931
1577.155859
1177.681688
912.4989022
151.5331292
286.1333142
191.2008798
133.980663
107.0100986
171.5603904
188.600333
299.9178582
175.845061
123.0959555
119.0114998
116.4982363
529.4873619
317.6871325
699.9134549
1158.224672
1086.071099
1446.301261
1127.556539
1050.192754
836.0900053
771.8261098
1303.070442
1243.915655
1163.752069
684.8609296
1151.108853
631.476824
1068.102686
1076.108099
902.1101335
1339.540659
1253.895242
741.1508306
950.7747238
836.3736019
817.7583547
793.1400395
1496.984618
1882.761358
755.0674614
991.0734023
1821.559397
634.3674594
691.5283062
1271.061361
971.1184924
557.5282181
999.7070001
879.5925191
847.9788107
925.5521589
890.2968867
1102.171574
867.215281
797.2325098
850.5603338
372.7023513
478.4316696
687.6896747
463.197866
506.9961542
465.2560774
297.7774329
483.340552
477.3644701
486.8264719
231.6161272
244.6669996
336.6073624
261.9954571
209.0439537
132.0419239
430.7120818
509.3395716
205.9195986
322.1863823
278.3817977
139.9361305
186.5046564
547.7848473
435.1317301
224.8548479
156.3676139
1563.870733
828.1526725
926.5643907
901.4262573
642.3494461
967.4094799
877.7800432
720.7705811
798.3742802
559.7397716
863.143434
624.4296054
1049.006468
811.4322721
853.1755085
682.9014226
1013.463791
854.4685757
767.2768165
617.0094211
842.9345406
704.9107176
858.8907447
726.348494
597.4035781
711.9002982
482.9767114
521.0499398
761.8643675
773.5798075
680.1313571
555.76627
365.3748088
767.2392009
502.4073707
478.0831763
971.8100646
293.8217984
689.2554445
891.50048
980.3394827
867.5980479
587.3706672
620.5371823
551.1872588
562.0755094
632.7562214
206.6406005
354.316394
724.9558991
997.0703307
682.3176585
351.7063453
837.5674436
562.5644038
223.6577804
959.6643098
613.6425487
536.3376487
1051.588258
457.9726677
194.3595396
295.0987417
674.828496
660.4516849
522.2057834
566.062516
252.7022961
477.0242016
446.5780639
426.696011
158.2069492
340.1725555
301.1921576
289.254715
220.8232724
308.4553697
125.463684
335.6243382
228.1681737
266.9755085
281.9839357
228.8990982
267.5919604
1479.699421
1184.583241
1465.530029
544.3033709
827.0859814
1002.662375
774.6613068
1709.793052
883.5334012
1398.580199
1165.601835
1086.80785
788.263797
775.437936
1797.430667
1496.11391
1051.526758
1452.28742
1840.999499
1112.618357
727.52365
1786.128049
1577.476399
1236.637433
1503.522241
1690.947972
1353.561747
1058.885993
53.86144348
0
0
0
0.01356921651
289.0344176
143.4767901
919.0872151
803.3323556
845.5854499
1229.313156
468.7470825
1174.597462
674.6632114
1208.25829
990.485457
905.2245372
520.3995583
644.6882021
1347.62958
943.8539977
1157.62125
1195.345844
1090.907574
991.3025244
1226.704027
1516.981932
1312.037293
743.3878383
935.0467509
1103.15192
1092.588697
1161.845247
1174.651121
1128.766969
57.16549345
0.01275230959
46.73373245
57.41186174
168.7041707
78.25821904
0
952.0696268
1321.289093
771.9774555
592.2624068
572.8811702
1324.282671
553.8213735
869.0865201
967.9656786
673.8996939
1336.01026
1083.072505
672.4494291
635.4965665
1105.097185
1095.468065
1054.321073
1407.613796
1556.622362
1111.210911
1353.184935
1900.653211
1396.69071
1944.999967
1297.843415
1008.064317
1156.850849
1516.758067
928.714086
1567.743442
1119.473842
851.3467142
1163.195939
1446.260884
1221.722229
0
0
0
156.8728522
105.3888748
23.64890943
51.90178556
1089.482494
1596.473261
1118.52636
845.4321781
1099.223066
877.9665388
1084.175661
1018.525931
1021.815256
1337.337598
1118.719707
1098.039909
887.9973051
812.4667384
1240.470043
1471.728704
1234.013668
1523.054962
1559.831337
1118.58139
1582.782349
1149.12856
1261.508339
940.5781365
1409.63604
1074.235292
936.3688669
826.1492604
1121.231219
759.1652146
1203.956106
961.1891395
898.3324215
1369.734471
1009.268986
1684.156633
1188.061982
1018.765879
1465.217237
1657.489142
1268.971605
1117.540578
175.6949118
292.3778627
207.3084935
114.7949814
212.0129993
171.103975
196.9606847
550.5477052
1283.96596
1850.242437
904.5896893
573.9292373
814.6110535
829.6600017
958.6563279
1024.558865
818.6161436
709.7141466
1142.107243
494.4982053
549.5852772
867.8509124
692.8774183
972.1992265
670.4246121
770.0567144
673.5333251
542.0413959
985.1309727
925.062234
1221.207009
1036.647216
822.1896399
705.1821692
736.6141584
628.2668688
1217.549724
1054.620422
627.3900885
704.3847869
712.8853251
670.5796645
855.7600269
616.7379733
762.5199127
1017.544009
1107.094678
368.8728755
458.0486228
1314.402514
1010.051587
1271.078112
937.0862431
1078.442783
1002.18141
817.4564402
980.5374802
689.7842253
225.7336496
1003.564255
377.1345861
677.6398422
677.0371123
349.7601721
913.9443054
510.8714129
462.6768829
763.878336
387.870474
639.4782451
639.2875429
300.3936277
402.6343402
728.6704696
1208.226293
543.2818654
440.3585463
618.2262579
729.3983797
539.5335479
573.5846167
457.9451379
637.3305072
636.7264082
390.0001487
269.0346924
352.2865449
663.4082954
551.1423503
339.9314171
752.4041124
283.7198556
133.4528967
143.2875408
218.9826595
189.4236181
703.9966845
441.0569022
126.4549391
119.0782558
364.4088803
164.2625063
125.0556453
197.0941151
449.0370094
1041.844463
985.1940479
769.3576064
578.6235616
457.0179147
601.9269349
587.2699569
838.0396755
700.5134888
482.0555611
426.8810307
567.0846538
649.2269961
1100.950934
1040.008329
880.8390758
716.9919459
519.4829243
678.0459638
1199.090865
993.2051463
963.1540472
662.4145572
912.3244859
735.9911952
817.2067171
878.4805095
475.0903194
1679.25782
526.7190883
747.5964765
1037.353359
801.8738796
886.4326444
608.9198269
1055.39471
815.9303598
664.0831986
610.2637271
564.1242972
389.1704455
781.0758517
813.863498
492.5280667
358.7976207
483.258361
528.2621813
1039.945917
372.3082423
299.816199
544.7540584
438.3888154
382.6836881
685.9506088
376.5323899
411.1216098
252.8109111
495.5509433
364.6785887
655.6551249
737.6957166
451.6261672
750.8553344
405.4275186
345.9485479
391.466129
638.5007424
642.4234526
445.7779184
462.8117928
650.8038601
883.2214541
1106.360317
922.3616828
642.8462846
1049.23925
1297.162385
1264.160513
1266.344514
1423.423156
1496.570156
865.672576
877.984787
1025.31829
1247.495179
1251.349639
1323.618403
1101.054705
898.6321914
803.9947604
1007.530139
1778.267312
1352.316195
1925.270384
1304.089583
1389.157879
1174.306048
1104.382693
187.2758473
172.6384794
155.3674505
86.36598197
143.4322226
404.0429531
199.1642312
1017.390536
744.2688391
973.3989899
744.5842347
1136.546169
1235.460445
1178.049859
2227.68909
1136.096848
1055.414395
529.4382509
1097.132472
1709.373937
1233.752585
1114.550317
1062.178971
1497.223027
1140.66562
686.8447562
983.3562237
914.2012945
1409.021948
1498.164618
1408.08053
972.3902847
633.6109145
890.6098341
875.3638911
70.66508037
232.7219199
138.9292241
381.7724016
180.3605336
361.3757864
435.8845495
1628.957654
694.216551
1026.175242
1369.913195
821.783306
732.7569359
762.427893
1243.263028
721.1091505
724.9474426
680.1550607
804.4581059
836.8443332
714.1234518
1645.305449
803.7402241
1149.270396
905.687998
752.8656199
735.352819
1362.933642
1367.811156
575.8383271
747.2748215
1042.675378
1211.298047
880.736484
883.8806118
1116.524926
860.3745841
719.9302116
510.8964118
700.7235678
1026.265552
837.72991
273.3419993
354.0857785
342.2230102
261.8895167
368.4426304
398.302642
359.1905563
1084.720682
549.4815564
885.0164631
695.9438635
438.1705345
1064.683464
1068.965669
1046.887272
985.4358288
903.6418831
742.3477709
747.4390759
822.1081787
863.0285425
699.5407607
581.2441078
913.9534561
686.5434148
939.4334448
568.0591267
830.4434928
840.5298219
970.6240805
736.2653519
555.5155709
560.4368698
922.8184823
932.1614937
1252.087875
851.0759929
935.548681
614.8438229
447.3512674
966.3200247
696.3970353
1125.887573
813.57911
577.5250162
346.760831
408.1582916
408.0713444
714.7927803
574.3005938
622.1868059
630.1000306
868.0251025
704.2385238
500.8841892
495.9512162
639.6266465
453.852946
603.6857663
892.4467868
745.0381641
933.1892086
499.5048302
273.7951512
806.5878169
312.5336562
710.6525339
754.1434212
297.5043382
279.1035555
260.9529663
428.2577877
394.0915451
507.614417
277.8124043
534.4944597
312.5053395
573.797723
731.2627431
625.8209215
1050.579166
1149.560756
973.9327224
765.5313823
897.8956518
597.5981763
972.8946065
1210.793517
1125.469885
776.3791754
1234.047311
776.4908265
1094.7795
592.3219894
803.2942788
608.732291
571.6480351
921.5498892
492.509304
574.8690652
777.4421595
1058.478712
715.6587097
596.3206641
294.9888853
394.5237005
447.9150526
330.718114
731.6048373
587.1568021
509.5841514
390.3863919
529.0323459
361.168118
230.0870421
442.950675
553.8005142
228.3975523
495.6827699
378.4942835
251.5536753
359.750397
701.6217005
763.4845607
382.3700264
393.9987868
714.2106359
744.4095383
606.8214734
919.518656
989.2183158
801.6425317
729.4007522
1189.917676
411.1871308
825.3438653
649.9645181
497.0727626
825.3435268
1176.558774
799.1464219
676.6810874
1056.971273
654.663492
891.7429937
699.8868617
538.9610662
1348.705149
591.411502
733.7274557
945.3777491
663.197362
671.041302
487.7390792
675.7646938
1004.9069
389.5665696
524.791373
173.9791343
694.7764619
655.8023766
780.9395473
740.6797089
799.3473694
722.7332597
873.9425416
914.0088832
907.3682969
868.5275232
1458.309295
1154.233902
774.2031527
801.5491889
774.1458406
678.3490481
849.1384956
772.6412248
604.380565
510.3645034
328.6375947
790.7408525
586.8426794
408.6404528
560.8279244
552.4547854
399.2764544
577.7339456
867.4056025
846.1553305
282.4411745
325.9962362
346.7050958
515.8578279
675.0682033
573.1774963
445.5482796
764.9387826
755.5689333
836.941823
1023.586742
852.3976549
948.699657
1277.038533
1253.545618
1005.40231
1217.839477
1295.042945
625.2270598
932.9614197
754.0169878
1166.32307
1310.310806
1051.523539
588.4064228
1334.92869
769.7844741
553.1374816
497.9713502
809.3716693
816.7087718
724.8852349
684.7039754
781.8697543
733.4589686
369.6926313
883.4666572
491.944107
662.3746403
567.6078082
470.9894543
415.0452774
789.8338634
795.9468412
448.6871023
1045.804037
1063.70213
641.15208
820.3251167
336.3559964
410.8682374
494.7578898
478.6853507
445.0949345
502.4555885
607.7568971
495.4757353
361.7442729
299.9156028
425.9509709
660.0908402
521.242494
332.1138861
883.2620322
585.0597677
593.6051444
702.9364248
393.1450111
420.3401604
343.6523652
613.2056754
496.0179748
585.9978904
744.5531537
460.6526517
418.9734861
375.3609167
1331.890848
1412.099709
1185.812824
1813.337002
1852.115359
1047.798549
1949.878291
2066.29032
2172.98209
2587.605233
1699.651548
1780.906359
1572.363255
2476.363161
2324.662869
2068.389343
1918.121656
2132.465927
2479.391309
2933.289565
3777.755049
2391.254261
1697.13761
1552.435987
2508.369187
2293.931419
2218.935488
2053.189376
2442.474999
2110.129273
2075.741051
2454.295241
2048.912146
1855.307295
1879.869745
2158.549466
1990.578402
2329.985876
2349.638217
3478.193057
2658.419351
2229.231412
2087.59525
1796.971961
2348.047685
3273.374709
2142.958788
1998.437696
3573.675689
2296.743251
2492.486326
2541.658723
2882.526989
2793.684895
2645.532089
2181.747652
2512.596272
2330.227126
2359.970573
3479.235981
3044.272569
1882.767919
2831.323272
2381.873189
1987.96997
1980.34697
1936.308915
2814.412947
2400.82079
2468.011563
1700.116257
1817.246823
1500.361671
2162.496847
1790.523432
1883.854981
1980.440805
368.9492703
515.9756963
406.1574966
527.0502875
206.7477193
348.8267397
404.7665912
616.8658783
595.360212
585.5422391
464.0766514
316.0499942
852.3363534
680.0515393
2690.140485
2269.14804
3768.123818
1969.508198
2610.558045
2784.287797
3131.893816
2682.492148
2243.667243
2379.07657
3243.311206
3794.444199
3077.736213
2977.411754
2637.214718
2128.189579
2836.859451
2917.858429
2868.677586
2388.086312
2413.195908
3092.997484
1534.906561
2092.265473
2444.353846
3599.043359
2168.708338
2168.418481
1672.907092
2353.13106
2714.184196
2447.457389
2388.184154
2414.436109
3308.93201
2430.787403
1363.184983
1965.510394
3183.280424
2592.876385
1997.451303
2644.003179
226.4268334
150.6602498
194.3311134
131.143143
87.42240356
216.5424677
90.30716136
2122.349331
1604.983116
1584.208576
1795.722203
2290.483413
1145.622701
2072.086842
336.1479039
370.1027066
389.3075732
421.3707291
339.7316555
746.981691
398.1846506
791.0099087
959.7819054
531.6125362
670.6749434
428.3797312
806.1323036
479.9412122
2830.108259
2349.638111
2496.253686
2899.087138
2907.698104
2289.703155
2480.305615
2100.797558
2319.042636
2336.627533
2172.709228
2046.712031
2875.854418
2518.793035
2255.827296
2240.053113
2705.962305
2723.004255
2872.72834
3265.971858
2556.774292
2397.194022
2136.965097
2304.206769
2601.643774
3011.388665
2571.567295
2792.16142
2958.727593
2406.056512
2381.317619
2985.413391
2849.053924
1579.426678
3479.929656
160.372619
285.3573184
335.9891474
96.65712588
0
51.97876755
33.9154237
222.6795728
265.7853419
269.1907877
146.0785037
82.40769388
90.86592118
59.16043348
645.7345999
629.251704
515.3755586
617.8052287
446.2244667
719.648536
666.6346254
3083.294241
2888.06435
2636.064057
2606.534829
3060.391839
2857.93613
3383.404044
2853.605743
2078.961185
2414.654908
2214.267941
3068.42972
2354.252303
3809.652792
2669.866157
1395.365503
2774.114737
2434.605643
3043.360078
2639.539408
3617.70988
2576.641414
1985.730881
1550.293809
2333.048538
2890.702533
2687.226381
2054.495707
0
26.33598103
51.97876757
0.01495635433
0
113.3770772
122.2104354
0
187.6078292
0
32.5478306
75.34115829
225.3238606
376.1052968
453.699776
371.8849629
598.0644658
105.3786466
201.2829416
449.4339076
603.5009747
2233.910514
2758.328807
2891.347527
2949.884418
4523.780819
2484.969546
3660.648926
2075.941493
2384.880853
1763.29838
2577.981834
2260.865327
2393.316111
2718.91826
65.86372931
27.53681858
130.6517348
0.01087306404
73.24116176
49.10272336
42.88255744
2101.61367
1628.0168
1931.55207
2728.825642
2573.540198
1825.432218
2355.289064
147.792994
224.0265115
98.34279519
47.24503076
0
143.3991874
53.75349162
2161.390988
2476.159359
2147.143302
2672.976189
3745.019738
2414.392903
2380.919191
2584.371101
2018.165328
2331.288643
2617.62821
4093.604724
2060.116987
1673.375984
2258.231719
1796.822831
2248.917335
1332.38636
1713.039101
1974.437003
2480.464831
38.68316561
44.26114322
58.93381753
0
92.54727667
216.3398226
204.7755057
2871.670911
1600.899441
1518.617725
1884.929704
2344.120981
2002.224673
1964.846607
96.26628944
107.4245212
258.9607261
163.5659731
95.14471998
482.905649
416.009953
2038.62858
1774.27426
1983.042919
3006.782195
2930.187415
2557.688751
2894.517137
2842.40742
2274.696647
2971.357875
2410.447391
3531.043977
1941.51251
3314.654287
2504.686285
1867.121468
2285.209184
2912.187801
3824.877498
2164.105077
3089.872905
68.52117383
235.4038345
184.9333119
131.6342975
136.7515831
208.132156
194.8289925
147.5540547
241.0138667
206.8146219
314.8749108
84.64144101
132.3905605
87.88408472
132.8164514
167.8881129
308.5574939
365.2079782
368.8805595
539.3749057
317.854136
0
197.7920116
124.2361046
222.37639
325.4901473
0
94.78837476
2088.256335
1205.680902
1296.847415
1145.958309
1503.541323
945.6983518
707.4027709
455.1791803
529.0717251
677.7949837
445.5615376
421.9839756
557.4210023
338.4370658
903.7847013
903.2146144
798.4488861
1243.687087
741.7451095
872.9861996
804.4697056
1887.036792
1424.308147
2641.392985
1572.090861
2516.489673
1341.344835
1947.911458
18.813695
123.6531678
92.79697323
50.50631263
39.96574232
123.2518516
210.2729367
370.2037634
388.6636485
399.6171793
320.6527896
446.1202775
209.9426632
212.2151238
279.2694267
44.2682214
108.0162679
110.4584775
175.2148829
161.2048467
124.1476012
1807.787954
1320.88973
1283.413718
674.7003197
1694.944458
870.5438325
1351.207411
227.2394114
460.8812983
234.9189067
374.6455616
393.0873063
557.5105069
428.9196503
592.0625786
483.8731933
982.0973978
970.8052638
930.6301202
653.7287664
1035.041891
0
0
0
0
0
0
0
0
0
0
0
0
0.01889784943
0
0.01275230953
111.4425303
100.9504836
0
0
23.76129952
55.34445529
630.2976331
315.2917361
619.4267741
413.027363
326.7796808
472.0442474
241.701541
0
77.81298338
0
0
0.007957225669
97.3264794
0
0
54.05733696
89.35957775
0.00795722575
62.74761792
64.44797637
86.8654144
80.18157536
111.3633611
111.6811081
120.6982767
130.5209716
289.2216824
258.7669907
1141.777079
915.1606623
855.8147973
903.6211148
1352.000733
788.9706848
1201.141893
549.6192698
276.5484684
531.0429982
619.7575717
405.3175669
375.6361817
206.6322269
59.54300042
87.92289767
13.84152185
164.4168668
206.7620114
138.8722373
94.65092519
1369.807882
1355.693572
1629.410139
925.9902204
1491.522467
1044.822326
1277.91237
392.0979309
137.0219056
127.8439178
284.8512909
210.3361566
221.7290436
566.9825865
193.4324746
295.9002072
366.4291055
223.2377953
272.0495901
124.5022814
160.6739936
188.0529306
382.9161613
393.789811
574.3021848
430.7241633
467.9809204
329.388408
)
;

boundaryField
{
    symmetry
    {
        type            symmetry;
    }
    inlet
    {
        type            calculated;
        value           nonuniform List<scalar> 
1442
(
648.1847998
457.8967838
483.6239215
614.8389781
654.2747901
525.1860183
507.7305234
700.8738087
703.8981149
473.8830094
467.3052387
575.1906691
612.8502994
563.1548605
654.4011753
570.3198191
511.426745
573.8063687
582.2382835
559.2440897
578.8887829
515.2106329
502.1443788
570.5360842
619.3533553
677.3451556
448.4296649
556.7403928
456.8536721
679.9124443
618.4622763
485.9029577
468.909868
713.5996128
515.3327254
581.6509821
453.6799782
463.3949702
562.2124157
493.8894865
607.3466904
528.1078
662.4473539
415.128205
562.1123042
542.8195789
442.5246433
600.2922651
514.4201127
503.1917206
595.2816183
533.1804658
456.9136269
574.2178209
479.6553864
541.8507968
623.2187706
598.9207792
578.4282995
505.5710626
514.1877525
521.3039926
572.3932361
502.1183423
540.8169264
624.3553311
587.7291375
487.9610753
455.4068481
530.9030006
522.2765327
483.9862341
492.1464452
517.3461624
466.6152804
558.3874895
534.0379837
423.2397297
680.4081761
519.4193379
467.3249376
495.7063251
652.9956594
545.0723529
497.9658785
457.1557228
513.8378368
637.2200847
402.6465632
452.4117814
366.3536582
484.1636489
468.6440214
410.0070632
412.9185438
399.723864
551.2209093
463.6276573
510.3157862
598.0332918
521.8193623
468.0560822
571.3714704
526.7811695
561.9216298
638.0642102
546.4500031
365.2405417
547.443461
478.3413031
582.7065409
482.5996443
334.6075882
415.1924859
386.7359489
373.6392624
399.723311
351.2100077
557.13652
456.4786749
466.3486877
456.6243877
508.9385684
502.951357
497.3028767
521.491554
388.4391996
475.5960162
447.954574
519.0172548
412.0079143
436.7842663
466.2969259
511.7321208
389.9578655
353.3925816
299.8310428
355.2396952
358.127562
418.9259321
313.2951279
323.9484416
403.1908401
320.4424349
395.8651312
445.4268163
438.9427052
415.6720088
466.488099
377.0747164
565.7844487
504.9712695
516.4275978
391.4361126
411.8630508
396.0449439
577.3678657
472.2389942
462.558512
436.915416
236.5765654
368.3125815
308.4805082
326.4011507
304.39297
278.8691484
281.2812824
420.8467927
365.9743385
373.4266455
445.5872953
549.8292517
526.0759915
457.0245758
384.5686414
386.1549362
517.187775
427.4140146
543.1417252
395.4340502
533.1445351
411.5031757
462.0997385
416.6063055
501.485748
400.8934801
283.6703831
401.6925403
293.413216
235.7822375
258.6256328
292.7017951
315.0595348
347.6263115
403.8904707
285.2817434
286.2921739
388.0962761
264.9941196
367.9763726
441.9518098
448.8935704
408.8567673
512.7732782
590.8277324
560.3343451
379.797278
478.9718582
409.985861
419.4635408
399.5908914
390.120849
311.3995943
225.6358096
232.7906825
203.4491898
195.9478833
230.1290151
220.548456
287.8895896
220.2760283
359.4596278
271.5848429
351.6872546
258.2769345
260.5909364
392.6863848
392.0877158
404.9301739
401.4800576
441.5086281
474.8942272
427.8671051
576.957672
468.7530183
540.4524377
469.8714155
399.3431596
468.3432343
457.0678482
316.5078526
133.6911631
212.2646535
97.65105272
174.6012795
156.3561542
260.3113037
326.8340451
261.0581113
323.1727394
229.0951003
299.5017347
332.8298867
435.1437847
342.0609345
369.9521309
414.0605648
528.2812106
404.2852825
436.2141629
505.8285991
421.4221586
464.4717517
433.7297028
355.8094751
474.5377137
359.5684089
366.295775
444.5412663
329.7766673
96.21583157
102.2849073
118.1323477
173.8387463
176.2078576
228.5361402
152.6657082
199.2411405
310.2094163
248.137875
326.6769596
202.2696944
218.0961678
296.2048243
375.8394358
338.0996094
420.6347272
492.9755715
518.1905852
444.0685512
468.3588707
484.0775274
376.2395616
370.4675731
407.8504662
376.3683781
371.1212999
383.7761876
251.2379135
126.1257282
124.2731518
109.6998993
160.8747652
111.220561
165.6553331
288.315964
194.080716
216.0338872
242.0284209
338.2704871
231.4124155
326.5836655
252.9242241
304.3773119
361.2483308
404.3638692
457.8091149
383.6340262
374.553235
361.175758
508.5421621
427.5513133
467.9224954
453.3855071
401.0449848
366.0886505
428.6563883
356.5463547
391.8083778
111.2220791
87.25262922
101.9337316
195.0074233
154.6025262
59.83964271
163.0029845
162.4514031
181.4041233
186.6610303
132.839979
309.1086151
242.1964551
305.3427737
313.8153145
331.4074865
381.3715552
318.5065791
429.9950457
386.144004
380.7911523
485.5371293
411.4875036
485.693804
497.2604791
442.0969764
405.3067643
345.7668614
379.469774
349.5522579
295.3447806
149.7908352
73.88972664
86.71917743
80.22301906
131.9339967
134.2102045
108.3766414
153.261166
108.0414606
250.8143697
167.8539557
210.0866513
362.9516741
247.0848118
225.495671
297.1416945
283.5134526
350.5979931
429.8949602
311.5307142
277.6336247
411.774095
451.6805851
555.5238187
442.1242935
263.8341658
284.5721994
382.7957258
355.7909539
404.5489891
335.185076
119.2766245
66.27117529
111.9872818
90.34777848
76.72802693
102.1163596
88.11511596
160.5673398
141.3350838
124.2206953
166.1646928
202.1252864
141.467252
259.3055976
273.7351946
269.5015284
310.3556872
321.2848849
406.0862572
298.4513174
450.4113494
322.7818612
443.7498769
434.6759617
429.7698708
375.1838906
477.5548257
364.1867923
354.0751752
267.8970429
412.2240895
314.4003684
38.09551394
128.8455085
48.84115437
72.76189159
62.02154415
74.20620716
111.5004536
201.7783172
200.1329142
131.4573503
174.3040698
193.5554638
194.7793306
184.1401087
257.9195868
264.6858482
227.5711545
297.029829
385.1109436
372.5637352
378.5895194
372.7055398
395.4724217
472.9036564
396.9389333
439.0383615
374.0941727
424.5779507
264.8545849
313.6957152
270.1621445
390.4730438
30.87066639
138.6734742
36.39649664
47.68034688
59.50791368
34.79470348
115.4911781
79.10947792
126.1662523
114.50246
230.2573704
206.851859
204.5545703
242.8029872
258.3501109
194.5587539
289.0627134
345.2091454
306.5046283
351.8824138
267.981795
344.5931142
378.5931788
415.67873
438.5983139
377.278186
420.6631451
436.2107636
379.8071303
406.5547681
316.1905475
330.9299769
21.44325021
0
35.53873277
90.22339188
79.7891692
111.7576862
149.5156119
36.15864429
142.1844864
161.2890459
233.3820267
198.7451977
198.2816617
249.5098517
207.0777621
296.4060478
328.3766704
368.1444505
292.8202652
414.9011137
374.197091
312.2546333
431.4860928
553.5507498
286.0890626
340.1462255
388.1452159
340.5415235
462.2403685
421.3579679
257.7742931
313.4350548
286.5376447
52.25458558
31.33109775
34.76750082
69.8843317
104.7674552
77.36586533
89.17867206
116.0270046
98.36289283
101.5575809
180.1411243
176.3391835
133.7874588
207.8834426
232.0720821
283.9302247
312.0433796
284.6917623
343.1612794
350.5592183
300.4121038
347.5568922
346.3482346
383.5619702
454.7905248
426.4207264
362.9825739
437.5777217
293.6734309
268.0568899
390.7752262
401.9814452
197.2017464
50.16348007
41.45282466
32.16653938
93.36363397
97.15663091
45.44338158
32.46522055
81.63883945
91.75179545
132.9335696
137.2278562
236.528335
213.3786702
225.5539408
280.7863775
249.1564271
302.0739867
339.1784351
465.3949727
350.6630643
355.8202319
420.7303976
397.9920486
413.0246823
464.2609451
414.4863979
279.778506
348.2402717
279.3855428
438.3582662
379.9829882
319.4646607
260.192262
104.9387831
78.33025648
39.67617605
114.5604356
107.9075951
25.23709407
39.42265002
61.28479919
91.53567469
105.6766071
186.0125398
185.3576806
237.5929572
209.0632176
201.1949682
408.2847349
413.7066955
265.8898337
322.2446904
450.0302538
452.4651221
411.201709
413.5121097
436.0762605
420.7358655
367.6990129
269.2161824
431.0133266
414.1276946
303.1041959
342.1435119
432.1477705
246.5394734
65.80325688
26.52774139
60.21101693
96.8465779
61.17864588
24.49510244
68.82468478
56.6772831
41.04301096
118.7591458
135.8103604
132.1130163
234.31362
237.1351756
205.9324336
237.4327584
258.7894438
268.5359201
390.1414353
457.9900149
393.1863812
401.6958268
419.5229848
317.0257478
363.8096208
400.3829795
297.8013989
350.3107929
301.476299
345.0966003
261.3355779
294.5441456
353.921965
348.7733025
46.96049003
9.746222038
4.785235978
19.2242271
45.11792714
62.77731935
127.1797323
105.2537418
144.6130559
154.9635188
154.7408198
89.1992756
246.9424666
189.3232864
292.9931614
308.3782774
304.9394561
323.371396
248.3084184
301.6700964
443.0416246
414.0647668
388.169284
378.0595747
454.3599306
420.7194933
345.8136232
344.3089345
245.9457325
270.5838722
296.6215386
244.2604522
239.4187425
283.7666665
80.12080728
105.4281189
60.37407334
60.78459776
51.0265955
62.55439373
135.8613374
72.27400336
170.1625008
163.843698
205.6700619
212.3785635
333.7085397
208.5241877
228.0366783
335.4188964
298.2177743
301.0028694
342.6509814
374.6904998
368.699236
280.2628255
368.4520147
360.036832
352.821424
390.0182567
296.6792897
389.9073621
439.259673
282.5501266
430.2359727
302.3398078
284.0649371
249.0795091
56.73445969
38.07505422
94.43630075
58.01654945
58.07436044
65.15888249
105.0919065
94.05110646
119.1133553
168.0076619
161.7856073
163.345288
338.0766692
415.5700378
243.4651676
353.1865336
425.6601892
308.4864915
341.5618089
411.7712218
346.7098869
337.7800717
356.2376685
377.3911869
414.4443236
404.2453631
407.9191447
307.1880589
256.63117
306.8429021
294.5801944
305.3428803
299.0705489
391.9560282
46.88116053
74.89738351
36.02913462
60.8974958
35.83208683
85.09425099
109.7260856
121.8654949
190.8520547
319.2912001
268.9745958
194.5990222
234.5639033
240.3585222
189.235349
321.4159194
375.0544863
316.8139195
323.2402226
336.5977797
353.7684727
403.225097
363.658414
266.3641723
356.4845429
390.8932184
369.9382602
345.0190296
377.4809783
311.024354
335.0098773
289.0945
305.9643873
325.2425945
64.70494868
50.27900467
28.72622688
69.30946986
103.1922425
100.034489
111.2144278
156.8014259
159.2386793
123.3052664
179.7744538
227.3304413
272.7529208
214.0850335
320.8815038
277.1451143
277.2472494
399.7721699
408.3085009
283.013462
416.4435912
404.9164381
376.89094
392.8066586
430.73318
375.6364178
396.0439361
389.9432421
372.8672664
273.5013236
386.5302887
312.1379979
272.7948876
338.5441607
70.87599757
114.8755967
14.54978434
83.98376987
62.92449682
108.659271
86.90613794
90.67891128
174.3525922
231.131718
193.8476711
284.9496416
260.4667943
188.1492359
344.8805272
222.9305182
358.8157449
312.7465706
448.9095737
320.7130144
313.6316526
388.8232128
411.4631896
370.4639068
383.7417186
336.8421769
296.0928008
237.6386951
294.0288223
324.0200383
275.6468739
282.2858928
181.5580329
123.9040357
71.79241927
140.7779895
178.2165058
134.5298516
131.3504567
219.1339231
136.977367
189.58116
311.6358994
174.2296796
267.5839508
327.1390044
323.8226488
322.7348632
377.9991835
345.916083
318.6774118
375.0306472
436.7679884
433.84232
411.9460497
464.64355
395.3613432
395.8860987
354.2853452
264.6891128
325.8802943
390.7684887
269.1896956
311.0206084
334.8671485
218.3380402
150.7807045
152.1457632
112.1414377
172.3688695
85.12147138
132.866947
178.4001343
175.716602
272.1053585
266.2468378
294.3908459
317.9959812
232.8925793
324.9390777
249.8324341
322.9139891
420.9387217
352.0107419
424.2330357
265.0916706
334.3777023
344.4185725
260.9803486
351.0203535
394.0519314
388.5285465
308.2386657
248.2500818
413.9005017
352.8704832
203.9012481
408.8228444
232.4723321
166.5416624
70.28869774
99.64547266
153.8219122
150.4485639
219.0468747
243.6574029
197.7820738
261.1678947
276.2171713
310.3918454
285.4982769
401.6336615
394.0754593
266.0739426
391.4903545
415.2748726
251.2363516
412.6577207
407.1189174
358.3916764
470.9253416
438.7709149
361.2117091
328.2907825
361.6817239
237.645601
263.7352423
280.2781379
343.9741559
364.3324412
282.0876776
235.0099738
115.8910373
194.5252275
237.9451747
168.2048793
220.7761886
174.6475962
239.8119828
251.1310236
265.5993483
317.9247075
286.5956497
248.5950675
410.2746116
405.9777369
297.5295463
350.0617751
423.2575376
413.4001454
371.6292746
332.7198229
327.4340759
364.5311264
401.5428917
355.1136813
310.1848894
321.9221155
293.8283446
237.0822706
325.3378736
260.5885383
267.6579743
253.2184925
152.1988963
157.1373319
138.4227718
205.1160286
251.7554801
249.1643408
184.8765524
249.0491035
222.3383654
309.8159936
331.3997905
294.0872767
430.3044
315.3643607
332.8882792
349.3946008
373.3971833
385.0611085
411.4349786
370.8356452
346.9502233
366.6950349
348.4201969
372.0798858
403.2439786
279.9989477
256.9498102
272.5196216
294.2114088
207.7673566
280.2863341
264.2761831
122.799823
210.0434494
242.7155901
304.038673
312.3497573
295.5060079
391.471737
281.4168679
296.494619
365.8222541
259.9670795
352.7203321
332.6483091
296.2130446
318.2758524
343.3984935
413.2251165
404.5234745
306.8237504
314.4701192
365.4994559
308.9367707
311.507491
357.4127679
239.7773401
366.1295501
310.3361442
303.7880003
309.8616711
257.2754969
196.8425875
331.9706682
308.5406074
292.3079174
268.6421883
257.1742137
275.1431767
287.2287999
234.8542112
252.7276944
260.7777532
373.9836427
290.5782192
402.6238004
304.5509879
345.3954829
430.0723527
441.2841943
367.5548619
358.7150326
291.1364417
404.8205114
275.6962548
390.5268323
347.743577
321.2241556
344.0295662
262.7158377
352.9145093
267.2287546
238.1002814
260.8155643
238.8917792
304.7949225
293.5782111
337.7453993
232.387824
272.8120598
346.8145947
371.6532973
286.3464093
362.3232888
396.8283404
286.6502051
336.0561293
394.3419727
301.4658142
328.1428494
368.8951835
433.2573933
381.9062351
313.6781629
365.6407717
385.701059
442.85168
291.0364819
307.2165476
344.3710996
378.0508004
301.593468
243.9511668
263.0703266
231.8812018
234.2916798
324.9878599
267.9576682
263.3794227
359.0652249
310.0686094
301.4990169
371.0491873
270.9182682
402.3293533
328.0881457
283.4918563
421.1709992
501.0233869
299.294164
272.6066725
342.7080431
448.6610316
396.671714
361.5898481
417.1941388
299.743471
342.3989806
339.191785
237.4550858
257.4535135
243.4856144
287.8074108
384.901173
256.3964119
271.5960235
290.5726668
403.0406904
369.5179035
318.6244116
249.1939519
380.3277457
424.8610569
448.8933417
385.4915378
406.1727944
375.7141676
450.3325912
392.3770799
418.575392
348.2313708
335.0749468
339.1173743
316.330531
364.9359147
309.5169716
324.2697038
288.0863673
331.5013057
314.8676186
349.7319546
236.8674629
263.6502573
254.122348
308.599454
276.2045817
413.9612669
432.1859555
383.2652816
398.609058
422.5372089
381.6362896
392.1517958
428.5816516
367.3027777
284.8884095
364.9809696
370.7096188
297.1089337
372.5400105
394.4692004
319.5581481
292.4550388
292.5157618
302.4086868
289.9359312
278.1013798
249.4986321
301.4371425
258.1558887
227.0961074
340.4395784
224.0409646
259.0825618
278.4076629
372.381449
388.6799071
359.9262554
367.9555336
432.6930173
425.4306241
385.9732309
411.1831462
314.2633082
317.081642
315.3618512
378.0053873
361.1631165
420.3204228
288.8477508
306.445991
400.2589269
341.7703173
307.2958867
290.6727475
259.5051651
223.2100453
333.0717851
272.5489029
255.8821887
243.7270291
189.3318878
334.1706735
412.3583232
412.8792735
331.5040698
332.3856474
376.4929747
365.0488208
347.4808044
441.3001736
353.2031715
420.428191
340.052621
374.192828
389.7674174
362.9743
297.5939689
303.07921
367.5191984
287.4293264
345.2587916
330.1531097
286.1639977
230.0130391
350.2894634
289.8975861
220.2531259
226.6182759
508.8621242
385.9032396
498.4847463
349.1729863
349.1382077
387.5879213
409.6188692
376.2754259
393.3250627
306.285043
368.6010609
249.1593545
332.0476448
343.2044407
304.4745534
348.7875669
336.6059294
291.052213
301.5497466
219.6794407
373.1950817
277.5065542
312.2752884
254.4819902
247.4660118
300.2848378
357.389149
359.7324907
373.3442126
454.8780496
321.5831341
434.1850909
318.0373181
297.9071376
380.5523015
321.8291925
284.7027223
321.331481
275.9364198
416.7129524
277.2268036
350.4872599
349.3925019
253.7438291
281.6259536
269.7348371
294.8376471
292.9238238
243.2326895
309.816053
265.2236612
385.8662268
333.6488781
417.8265317
325.2945485
299.047839
374.2686069
304.2184492
309.0567644
319.4012542
316.4899827
359.7278804
374.1783946
315.9553025
380.6736532
410.950958
338.5755181
292.7000325
265.567637
285.5980423
220.8586226
239.2754733
228.05913
280.9771787
359.9388702
284.1507288
303.7424097
406.7814366
351.1922422
357.0874481
452.7528993
431.6156504
343.3923805
290.8702579
267.3418466
401.0680236
363.2818633
328.1340238
286.4731423
311.3946341
350.8248257
291.4684719
335.249853
271.4824728
273.979472
294.9233386
307.8455581
335.2187048
263.9856822
333.2766016
297.9077131
288.1573262
366.3259192
382.8812348
299.7264318
409.1878363
231.2533507
219.4924934
289.2934915
307.4662253
277.9415238
239.8907657
215.2671497
355.9056982
300.4345535
279.3204081
267.6413213
415.2064655
300.1338186
297.7440373
335.2083616
373.5872334
327.6165061
364.0949294
326.2098364
299.6378431
272.9408921
292.1141692
301.5468724
341.2452218
294.4305384
358.2478186
351.4388736
254.3273516
316.9780481
268.8075876
363.1823884
352.3845801
290.3926721
331.5157257
331.1991751
375.4611045
329.9841352
286.1911427
313.6157497
314.208933
290.9995819
300.0669661
258.8512081
287.8470073
245.6897367
355.9376659
297.5332752
226.0694748
396.3188894
298.3705085
309.0199791
287.5653524
276.8204248
325.6816748
308.3434205
343.8809243
218.8012312
279.5861729
268.8997279
283.5352789
254.5869185
322.8885319
255.8841756
316.6699837
270.8771297
267.0742038
276.0020689
260.6968616
312.4595575
229.0109747
322.212385
324.1076511
253.1338992
270.1724576
363.6888245
255.85944
227.7110534
338.7827227
219.7394501
190.0720657
)
;
    }
    orion
    {
        type            calculated;
        value           nonuniform List<scalar> 
1990
(
2635.090928
1022.210056
2790.027853
489.5212208
1928.221047
1057.070269
3206.909217
0
2991.572994
0.004647804858
3344.459875
4599.872282
0
3700.748225
3775.052983
95.73579287
3699.42865
1508.818758
3572.055845
0
0
8558.554897
0
4180.800234
0
4681.411621
0
2619.210708
2146.107041
1126.698579
4545.863418
7088.657873
5069.517555
0
5248.307799
0
3929.949111
0
3134.395701
3969.525353
0
2648.926144
260.0759808
5983.798687
0
6029.764668
0
6694.381392
0
4570.24319
0
7087.205892
3965.457414
0
0
8030.37624
0
6179.845604
0
5128.629268
4277.855306
2985.960226
508.9025648
0
0
0
7873.586806
0
5369.803481
0
7623.494485
5611.337655
8588.008611
0
708.2871291
0
0
7642.059347
7203.834341
0
14783.0284
5402.883911
7948.439145
0
5292.899381
84.2171705
2885.903685
599.4883473
0
7899.909057
0
7856.315138
5815.346183
219.0494936
0
8490.470165
0
9464.492996
0.005105715009
1698.684135
219.1238575
7943.125528
11577.80519
7717.176315
7055.155756
0
6454.605218
0
0
10229.95738
0
0.01748252787
7811.518934
0
0
3013.837697
467.8893221
9447.868513
0
8217.428626
0
9597.446032
0
0
10138.44511
0
0
0
3871.113783
0
286.5564795
1906.08367
431.949225
0
0
0
8991.521123
0
6857.973101
0
0
0
6704.138228
0
209.4941722
3782.982933
98.27271234
10191.81338
9857.51671
8816.516465
0
7229.569873
0
0
13207.08096
0
5927.704539
0.005449808819
8124.16422
601.4438047
1049.640944
1041.797244
454.7281458
0
13908.09784
0
5623.783263
0
6184.581998
45.366004
7897.789237
0
0
3441.096459
1242.251782
465.6028421
9407.070544
0
8337.999907
8017.019146
7345.713552
0
2670.216126
410.1807357
115.1672511
3922.480669
305.3477681
287.5120814
251.1993605
804.8111621
0
0
0
6460.615752
76.91653149
7976.612639
167.7494945
2168.140942
922.5397833
1783.902252
476.9760903
263.9490863
748.9790493
878.7249076
609.3305332
477.7556677
0
0
0
3980.737477
0
0.03707232502
2976.221036
2029.641086
2144.455616
705.5704235
1341.126903
725.1371669
2258.087097
1249.331335
958.2459627
447.2980878
642.0372468
2441.220177
1641.954393
0
1648.206521
1100.684503
0
501.2165929
2302.061428
2289.720541
0
1464.080584
1112.05635
1990.207982
0
2168.190978
1336.738454
1134.684748
107.3460934
1249.895259
1646.224537
764.4154982
431.5872977
1188.994381
2247.712877
0
1649.930936
1647.06696
3954.065295
0
1516.100846
1514.180627
866.5189135
0
1358.851869
1776.349513
2309.627224
32.87026817
1289.650582
1300.478252
816.7980588
148.8860906
1198.425043
843.4357392
0
1320.894348
508.128655
178.7282333
36.40373245
2551.524255
3555.26482
3109.557872
1291.374587
3331.702418
2136.481455
719.6116231
67.5156681
0
2176.560562
1949.363263
2980.800116
2355.765815
1885.180081
2264.252478
482.9257658
0.03280860482
29.37723269
3336.533733
3402.752829
1916.999338
1442.894087
2945.666967
3054.68144
3524.502083
2331.594643
1762.460457
475.9745099
2636.093168
1389.511832
1034.783913
2623.226044
3113.175151
5602.31227
3318.630152
2855.265445
3872.121347
3239.492562
3906.486289
2529.295587
3492.494264
4930.191155
5941.475596
3370.698413
4272.857903
2747.188429
3922.563972
2475.964176
0
4435.040471
3864.672041
3586.931826
4238.929468
4978.324237
4953.904779
4281.251178
4271.273525
2864.865853
2322.075958
512.5879787
5973.589922
5323.758349
1670.58776
3047.720778
1603.769664
391.5413937
888.2858312
116.5768207
2258.670257
2039.681944
1687.060544
1256.09508
6674.235981
5237.528756
3521.287539
4429.681966
3705.93812
4886.134065
4931.644873
4235.92919
4118.807106
4901.646973
0
5337.417216
4498.909048
5247.194991
3883.472553
3681.62466
2879.689313
4745.594657
3746.4201
6536.278414
3813.617955
3508.829117
3700.059339
4306.736876
3552.549875
4177.845955
3030.300739
2565.610919
3948.151135
3736.541702
5307.193033
4625.274985
3101.621066
4385.198501
2719.452397
5292.908902
3116.785725
1884.002065
3659.443363
1109.506931
4629.903167
4740.727606
7522.691557
4553.384056
5555.020782
6091.976291
5361.468198
5312.555636
6888.381566
6178.333705
4760.391666
0
3532.786744
5388.487081
5122.429908
5499.397374
4121.238017
5067.802494
5439.302174
4413.35803
6554.971689
6237.324889
4146.507854
5046.904355
4049.120765
3815.878321
4252.116549
5121.829659
3907.195025
5166.683424
2925.688362
2728.155119
4037.212296
3984.568524
5191.666306
3287.048325
2114.226727
5107.95755
1429.001461
1050.108059
6159.712443
4641.647857
5651.540273
0
0
4667.119209
7049.173641
7137.627218
5666.106208
6547.759065
8439.822395
6814.605641
6566.292448
6418.141722
7339.234106
4011.036913
6214.803989
6314.190892
5479.115451
7274.293282
6195.117091
6587.554527
4901.79898
6987.477018
5591.678417
4118.214903
3034.292226
4373.105878
3537.4853
4795.738677
3606.359572
1859.41657
3555.430764
1819.737581
6689.248631
6796.231821
4399.213417
6050.929397
5985.269961
0
6142.214957
6376.599422
7214.881218
6887.268373
5745.684419
6456.127148
6827.267855
5243.896396
8680.040997
6540.684044
4850.514339
5949.294531
6086.002282
5694.451426
4678.226525
4382.420989
5176.836037
7411.383382
7903.528719
6741.696131
4908.741072
4064.321397
2207.070408
8442.947153
4678.033879
3979.588701
5665.723162
5651.710017
5316.939507
4293.937813
1535.020856
1029.868853
9100.097989
7303.849692
0
6696.678781
8281.004691
8731.999042
5460.517215
6091.962286
5889.478359
6423.416996
7474.535705
6400.145935
10781.3512
8489.567229
6715.047668
6532.332158
4300.450179
4312.300132
8525.264235
6979.102253
6333.163179
11593.74573
8250.764108
6776.573525
6226.039719
8490.706536
10817.47756
6399.557274
6621.078693
6956.584491
2852.804732
7265.091831
3482.262814
2482.318249
7564.312938
6696.397931
8920.403844
8477.306955
5189.033475
9811.652549
0
8270.101306
5089.276182
6449.05378
7198.482822
3655.556487
9247.383466
7840.073734
7698.977036
9770.192553
8296.817646
8820.494177
6646.869239
7961.976149
6565.397025
12207.98733
8028.135461
7716.386869
10106.85504
5775.182969
6811.809644
5276.754386
3351.382481
8517.786663
7655.888943
7464.419207
5808.335594
8666.223951
5964.269673
6305.821902
10665.56538
6971.292413
7776.484823
7602.690471
10614.91806
6768.055049
8242.427003
11105.29545
7408.874458
9324.893994
8057.301512
6354.863792
7849.888468
5908.253433
8793.707945
7147.98643
8119.102802
12890.27756
7267.42243
7681.257648
3644.636176
3392.715922
3480.290226
10926.94906
6919.76857
9022.363564
7356.723318
6503.364338
8629.374678
9953.91057
8706.359641
10521.70247
0
7865.839314
7249.431073
7144.595485
9549.149914
5903.183916
6345.214053
7926.616727
6799.532185
9776.682947
10393.80386
12597.48727
7276.118811
8267.751284
7745.833303
6344.885924
5027.843542
9238.201621
3695.414655
7220.626265
8192.94564
9212.862147
8198.521583
7647.825853
13271.39104
0
6939.831137
10468.09941
8853.236783
9263.867961
10157.39926
8433.738902
9380.713644
15900.58935
12377.37204
10415.42905
11288.14618
5881.745932
6728.759373
9800.965867
10487.82292
7607.787898
6168.254912
9069.195392
7774.986112
5190.533383
6080.010094
4203.233021
3971.639518
6980.095555
8818.79056
6948.799329
0
9579.310493
10631.77135
8047.857276
7614.615967
6783.700871
12899.14336
10466.95754
11556.53317
9711.550437
15349.98465
9108.910147
6605.577671
8144.574942
7334.588756
10572.25464
6628.587741
8294.925752
6155.006207
9148.143232
5616.137063
4440.871435
7235.867451
8361.519273
3339.06162
4635.499934
8108.620634
5913.362723
8975.408023
8459.881213
7476.573491
10744.03916
7703.568043
7687.147422
15228.59797
7339.450738
6712.67585
11210.18426
5438.130561
6051.409266
5732.534448
6498.731634
5553.69911
9465.339672
7225.657014
7197.923265
9743.864755
5249.419593
6750.917644
5068.658278
5831.289026
3018.560021
2366.993445
2971.893332
10142.15709
7501.09786
7435.868856
0
13684.97294
10985.10277
9487.743145
6512.374784
7554.002554
12492.74086
8330.69768
6036.302785
8247.941237
9204.404114
8506.224946
8617.222864
8706.894274
4922.349815
6421.84684
8889.252601
8782.445023
5410.898146
6978.870957
4592.767994
2749.212125
9429.854386
6370.902479
9653.545133
7411.549564
11069.2059
6688.721553
0
0
5963.009004
7623.258263
7747.320703
6204.207047
7712.426393
7788.051915
7009.343752
5572.608098
3765.452538
4820.919943
2898.821319
3427.635381
5824.13001
3476.022216
4244.141792
8763.480674
5026.360919
5444.41535
6204.227189
8096.478969
6279.569922
5023.528898
3520.164879
4002.371364
5037.265405
4367.781678
4407.324733
3409.499363
5716.216932
3393.014875
2260.430002
1256.097289
0.04014323276
5166.863679
5304.663024
5269.60943
2605.938664
3033.434656
2482.350469
1467.025548
1427.211236
2958.344528
2236.226039
2161.790748
1966.532155
1562.676258
885.0647242
1147.2047
3797.999136
15437.81899
3754.804888
3877.499481
3509.341345
4098.398315
128.799937
0
1976.236187
2807.670988
4407.241165
4472.068885
3207.176838
7029.98969
0.01006681589
4060.544985
23.85301903
130.8068676
0
0
8627.519457
3960.982735
5806.748969
4244.793329
0
1954.389945
5069.125358
6078.44332
7883.724559
4559.033986
7068.802908
0
3933.804852
4772.458167
0
5698.408111
0
3283.617374
38.79829492
3624.411014
6145.026216
2580.003199
1366.489731
72.80049977
803.3895036
7984.008092
5182.268339
0
4273.138582
0
0
8683.932792
0
0
0
3351.677776
0.005907188642
8600.089447
7959.042258
5552.754815
5939.557823
0
0
5525.67287
0
8475.694008
195.0662672
0
0
0
6024.492758
6523.236883
0
0
8017.035534
8870.30737
5400.681297
7494.976761
0
6447.706892
0
0
0
0
6199.86659
0
7525.328876
0
8266.712346
7109.687551
0
0
0
9531.541004
6898.614627
128.9379139
156.0400648
65.48860304
592.5068988
303.4000271
0
0
0
9158.199823
10188.98317
8040.522214
8349.804354
6911.969727
1231.053179
0
13363.66323
0
7956.130488
14161.23866
5591.96083
5479.956319
4319.00935
151.5386091
8272.991564
10763.55299
7257.796908
10271.82935
8120.651422
0
6305.57863
11341.50477
1236.559044
0
258.9344885
0
0
0
0
0
7264.618754
182.5640698
0
13758.06222
0
143.1944928
0
91.50741254
11150.88692
0
0
9338.921867
8417.635549
6744.430427
0
0
10299.4532
9278.602079
0
93.13808611
883.6985836
852.2969868
717.9235798
244.6835386
0
0
0
0
0
0
6275.989978
156.9714456
36.75199777
4436.000906
0
0
3479.282612
1366.204647
1406.538246
263.3740481
7114.079595
4930.180604
4258.233243
5872.051307
0
0
1370.958471
173.6301152
515.3548934
6713.699287
4494.315935
6623.551656
5413.307814
4316.948782
2591.523666
1688.628311
4647.846781
2143.326155
4098.349296
1620.628578
769.8130015
1401.125337
729.4464105
487.2314063
1616.912813
1437.399284
176.8036673
203.3567449
1239.356975
1400.519209
3215.547411
1188.945541
1903.107093
1511.987067
1974.37155
1319.166507
844.5018677
1346.186257
1122.378371
351.8211605
990.874057
1866.951796
709.8293509
1592.677191
230.7601177
73.92066305
240.3241042
397.081568
2108.899353
2412.681894
754.7322517
380.4394833
1536.96182
1506.92246
1042.441021
493.4203863
1265.456457
877.7032376
631.9085042
1376.834643
1482.2095
617.8519297
999.2137932
1049.476287
527.8685015
118.8044369
916.2352598
0
0
0
0.0208768304
0
0
0
0
0
4941.320137
44.46349615
0
0
0.004660466445
2666.922055
1722.574699
0
364.4966237
7688.965246
0
0
0
0
0
0
0
0
5986.065954
0
0
0
5981.188274
0
0
0
5448.06155
45.3779455
0
0
2380.842401
515.6269998
0
0
319.0581631
1924.579788
1067.707837
253.0465355
0
0
0
0
0
0
0
0
0
0
0
0
0
0
0
4580.803423
0
0
0
0
0
0
0
116.0290534
0.01018981117
0
1332.944424
833.8979573
0
169.8185773
0
0
0
0
0
7860.809332
0
0
0
0
0
0
7114.579551
0
0
0
0
0
0
0
0
0
0
0
0
0
209.5748664
87.8961257
0.02045321957
2330.491746
590.729872
758.8316998
258.4333031
0
0
0
0
0
0
0
0
0
0
0
0
0
8274.402429
6791.64874
7930.740978
0
0
0
0
0
0
0
0
0
0
0
0
0
0.008206659294
3829.772556
240.010399
0
1317.245304
814.1189037
47.85402073
382.6187304
0
0
0
0
0
0
0
0
0
0
0
0
0
8390.978659
10111.62645
0
0
0
0
0
0
0
0
0
0.01164743376
0
0
0
0
0
0
1691.421966
783.4724037
1213.323704
996.5591828
39.29375964
133.8375333
581.6504222
0
0
0
0
0
0
0
0
0
0
7444.876433
0
0
0
0
0
0
0
0
0
0
0
0
0
0
0
11339.57391
7296.072402
5448.298087
7963.210064
0
0
49.53322573
164.0974385
0
0
0
0
4104.619301
3437.475823
1835.05985
2748.53188
538.3358675
568.585593
195.0205283
0
245.5747282
0
85.92421902
0
0
0
0
10682.58465
0
0
0
0
0
0
0
0
0
0
0
0
0
0
0
0.01935258562
12748.56583
0
0.03655777363
11281.77155
9147.333566
0
0
0
0
0
0
0
0
146.8590006
0
0.01064614673
46.45208
2744.129685
1503.751329
248.499617
95.14214536
89.2479923
97.29684335
1193.294281
0
0
0
0
0
0
0
0
0
13757.65318
0
0
0
0
0
0
0
0
0
0
0
0
0
10228.71961
7227.559202
0
0
0
9291.103509
0
0
0
0
36.46548187
7876.157301
0
40.86560531
0
0
0
5881.909425
2013.353003
3324.392116
1151.34421
328.5843233
736.5899901
447.0119219
210.6805672
224.3337222
0
138.440728
104.4936989
0
149.9704887
0
0
0
0
0
0
0
0
0
0
0
0
0
0
0
0
0
11312.89821
0
0
0
0
0
0
0
0
0
6424.376184
175.8550775
0
0
0
0
0
0
0
148.5701213
159.3761922
0
0
0
3404.968137
2570.292692
1551.765754
1414.441445
1277.600053
1179.409323
983.1508472
756.531934
249.2518428
224.0667872
74.00713669
541.0307778
32.91160734
116.3932085
0
0
0
0
0
0
0
0
0
0
0
9090.024393
0
0
0
14293.48094
0
0
0
0
0
0
0
0
0
482.4494841
0
0
0.01120198297
6907.535519
42.09980669
0.01200521839
31.89954115
0
0
106.213256
336.7736858
0
5179.099687
2720.481406
0
115.1142204
505.5321257
209.1625608
259.5177466
0
361.4107582
81.01017263
23.70547343
127.0063093
79.86089922
2725.029962
1868.996798
864.2748705
1955.883509
845.4547797
452.9978961
745.3390912
257.2498489
0
0
0
0
0
0
0
0
0
0
0
0
0
0
0
0
0
0.002735293911
0
50.87712701
0.02211084642
125.9680933
0
0
0
828.1024232
62.05396588
0
0.005264098091
7004.621739
5225.470929
92.91166586
115.3372355
0
0
0
157.1861627
275.5559334
0
0
0
2543.746581
1747.09474
1020.091289
412.9017219
618.4115227
509.9106799
663.7750683
194.2261975
852.1700088
411.0959581
0
0
0
0
0
0
0
0
0
0
0
0
0
0
0
11079.78791
0
0
0
0
0.003195824963
0
0
63.9151145
0.02189706945
0
0
0
3984.624781
3952.048058
339.1769739
193.5391153
0
126.2598896
138.8391492
421.1827067
264.8458953
191.5778195
92.27329276
1467.023309
1585.878554
1666.659083
1729.346272
1207.337833
807.1597975
331.1009677
689.5699032
349.5753775
928.4149408
1270.433062
471.5371907
925.3505832
644.1544005
586.5588703
359.9201482
265.0907578
466.0467194
645.1427751
604.7453629
178.8127457
492.7486904
2224.226366
898.9662234
1087.413616
0
0
0
0
0
0
0
0
0
11276.72814
0
0
0
0
0
0
6204.123317
6631.462599
155.961017
177.2434574
0
36.78088653
0
254.7412471
3282.085568
2737.637422
3172.929088
108.9127448
398.8179249
0
57.84333344
252.9151183
175.9369333
5364.685959
2560.046759
659.9871494
1499.979166
1159.699003
1023.741722
296.1233296
427.4456964
568.4009317
299.2337308
553.298068
549.7947954
597.6781715
938.2240626
1035.32027
651.9890913
119.8847865
876.225898
1358.089243
0
208.3675749
269.7123757
239.6027483
210.2447644
280.8166079
0
693.2823997
591.8825997
0
23.93047238
0
0
0
0
0
0
0
0
0
0
0
0
0
5176.307993
2171.632082
0
0
0
108.7590129
0
3551.708367
2736.898704
2184.782877
1378.469493
1639.009382
1416.611051
980.5584443
1505.004192
1769.540473
1901.441678
1052.86342
329.6572173
434.3947582
883.3570536
475.0402303
108.7966582
0
0.02604074678
88.55227963
280.8393766
47.95482922
0
94.88106574
1502.650479
2204.367449
1288.911983
1462.182656
2307.344698
848.8505619
544.5957405
2543.706153
1054.90917
1309.58438
691.2474089
317.3192242
944.8531197
1212.956182
632.8462262
1467.965807
670.7310081
378.1947065
287.02511
1139.044474
628.7594062
1273.925315
480.4386632
342.3415302
488.8549079
543.4435021
701.9967175
397.6964695
463.5206847
2234.831521
2024.972747
2183.067841
2337.685619
2738.476363
2089.559233
1734.390793
0
0
232.8767593
5396.120741
2437.860151
1522.380164
1297.708736
1080.774865
2006.08303
1800.525134
1104.265428
0
0
0
2140.061304
1963.020218
1377.415626
1549.214451
1674.081732
2017.090864
1919.864316
1895.843178
0
0
0
1876.95091
2051.05747
2079.288546
1545.410285
3502.33476
3125.246247
1603.338943
1147.460216
1278.148893
1633.195624
1517.994194
2139.579634
0
55.22635579
0
0
173.8940847
980.8933684
1715.657738
1726.024605
2425.978296
1520.274025
1327.928526
1239.359381
2177.703109
759.7097806
1113.864179
911.3701972
1934.371708
1357.519419
1009.207959
1492.727025
1576.649173
1523.886596
748.3091318
973.1514597
1105.614184
279.1835496
362.3380426
243.6484816
244.4914479
472.9096243
114.8798168
140.4251118
365.2313392
123.7395743
1796.560368
424.4467597
2979.335063
1151.987143
1353.489623
889.0335411
1504.990471
2183.380266
1228.238038
1125.555823
1201.919515
1108.018383
740.6540675
864.2410887
830.5171682
479.9504656
826.3578553
704.42549
657.3924816
627.9999037
685.9033948
900.956839
500.2939731
450.2063485
396.6082351
1666.026543
1168.562736
1416.720361
1262.554363
1550.147637
1893.066001
1834.515648
1391.393157
1237.499122
2668.682607
2847.084014
2713.545703
1795.941485
0
0
0
0
1015.796506
2017.454486
1188.986536
2084.174862
2015.841964
2108.856214
1711.460179
3675.6514
1871.608667
1744.982223
1980.853921
1538.577158
0
0
0
2675.260178
1379.961691
1790.55041
1948.94472
2374.828983
1533.881787
1673.377568
1314.595405
1780.221824
1884.469149
2773.313265
1597.188302
2936.620324
0
0
2166.674513
1224.623145
1475.842714
1582.081283
1143.357724
1899.337356
568.3532106
629.1063149
1379.444379
396.9214094
1418.34189
2639.722694
1803.235565
955.5329121
1402.147846
779.8725689
1437.150666
457.0912763
136.5183199
1113.273745
264.3946797
731.6046242
708.434855
488.2671874
0
931.287517
313.3030311
0
0
0.01526301712
33.67545142
98.28159304
369.4574853
1238.28314
774.1192312
1920.308946
1522.957714
548.6109351
995.7999904
1269.188053
580.9509728
104.0777911
54.34694569
47.40525432
2850.959921
2203.983908
1882.200193
1824.075075
1458.167092
858.3155192
1349.322895
2188.584871
1693.087361
1439.180411
1503.612895
0
0
1129.503387
2480.74893
1006.464079
695.3070099
1579.518042
1088.384512
1089.768838
1585.751324
1143.810028
1407.719735
793.5863802
1103.696603
1112.284642
1270.202209
1254.455202
858.8344729
0
0
0
184.4565261
1312.562974
553.8613184
1381.535546
1001.83743
1257.91473
1332.393072
1058.561612
1910.063971
1234.41462
1255.718077
1267.028138
823.6059606
530.6824789
141.7164881
0
0.003851600409
0
35.93171774
865.2850742
1533.635848
347.7260153
1166.64888
321.4210991
402.1159957
199.5655086
1030.427976
1063.344237
1401.898521
1658.738734
1264.540848
2076.899053
288.4936353
1366.246649
471.9888852
0
676.572002
1059.276342
314.3632378
754.1851694
407.6032763
90.62900773
)
;
    }
    spline
    {
        type            calculated;
        value           nonuniform List<scalar> 
3716
(
677.3101949
668.8393365
563.0856901
454.3901938
557.7673064
513.905559
495.4327211
598.1912422
657.7006445
735.5482765
778.8852318
399.4226857
799.9750281
539.9426988
527.4364297
250.2900821
572.2035297
432.7471416
542.4188456
745.5305527
365.0176835
609.1990443
612.7228703
424.6418256
395.6019657
614.6784275
425.9653181
526.261194
821.4544904
310.1888972
329.4300428
483.5125704
514.1399572
605.0181341
770.4101436
386.914381
404.6649264
405.0976986
539.7540336
363.7968833
175.2740976
535.8540723
366.6262292
439.8841229
574.3183687
511.975061
389.1935098
313.3361749
402.809353
408.9719625
334.8179408
324.3214669
373.4772843
449.7821126
590.1127317
406.5292552
218.9139305
357.4856575
448.63737
378.1785188
305.9436498
463.6218779
502.0917445
467.2654201
375.3681046
262.9048353
379.7175767
309.2645944
366.663645
424.3403619
539.9804966
369.3556536
276.7690981
299.4358036
385.8999463
553.3819674
240.0786813
461.4178471
378.1089845
245.6723362
538.4790619
525.3795897
459.935515
579.8583568
288.4900641
198.583685
366.7257429
318.563709
426.7047786
375.4658697
379.0256433
460.4429862
545.3325885
369.2208645
187.628745
482.5996443
325.7195758
390.0785512
301.4136757
384.1201013
373.5495056
424.8130477
253.0953607
224.8365789
372.0154377
211.678648
264.0402537
479.9283292
520.7633147
395.4412843
354.8902796
258.8429186
562.9236583
335.2936708
308.5897785
258.2672676
286.2936928
313.5581963
257.891105
354.8516398
412.7396563
453.4600403
436.915416
380.797891
300.2498104
354.5579865
350.9933311
335.6012287
418.9394795
391.8785289
598.8566857
360.5008215
274.8437432
321.234955
323.8151453
316.9807449
283.7929599
244.0368255
514.24797
338.0168377
333.4063545
278.8554151
237.2325811
329.8710514
456.236464
371.8498821
417.0570994
282.3815516
336.5656961
372.7597396
260.9124966
342.2811604
335.484083
372.8571323
382.5816225
441.1212854
272.2329441
209.0161424
226.0177756
221.768837
397.1148917
323.438987
313.8491532
322.6154481
442.6462708
287.1184795
277.6643474
287.2311666
339.8547339
434.6210852
443.8686486
218.2243267
219.8903187
258.4408759
237.212394
184.8486272
488.1262606
316.5078526
308.2647093
375.1404295
314.3125773
377.1217721
564.5249836
309.5711736
267.1650727
268.7380834
442.1024818
253.5648149
199.5190556
179.7270668
265.2347364
222.3232431
242.4537972
164.6620096
182.300197
375.7108806
199.7657706
291.5378478
160.3941036
333.0946188
329.7766673
373.9126507
243.5744945
235.7733022
276.4656357
392.8566323
318.7162949
197.3132116
297.7953
272.1805591
174.5679702
251.2379135
264.8291309
243.434585
371.4651535
212.0555505
210.3847127
320.232792
316.8270105
393.7760209
346.6009292
395.0459191
352.0974044
329.6260527
248.2731786
242.2112869
395.3693959
199.5991975
199.344178
330.3270827
156.3140831
183.2911863
172.1461127
157.1146063
240.6706054
196.506735
261.1619671
379.3147172
581.4158665
283.8900376
232.2127926
147.0746263
203.60534
201.9203506
191.8325518
266.3078633
288.2280099
291.8868079
313.2385848
203.0923221
235.1858989
250.157737
147.2187889
426.1932467
166.8751181
195.4752863
231.5139215
282.5985598
231.1319794
251.1349717
198.992317
299.3620059
280.0280274
352.5852606
463.1825432
236.2785018
245.1580437
208.6326409
202.7023344
188.5659961
160.6225864
335.185076
201.9266789
217.5884943
363.8614448
351.8943116
325.5214245
223.6335423
228.4478883
217.8392759
311.3853097
304.820169
304.4539892
313.0011503
289.5370186
303.9227617
298.4189302
287.399311
263.5695054
308.5555956
363.3542255
191.1674701
253.5251477
206.3188168
253.8536635
303.8856296
138.0510181
146.8829183
265.3145947
248.6653704
334.2077688
196.1387028
218.5994758
188.0771225
201.5561631
283.0517234
255.2533188
269.5218672
336.2350551
302.9349221
300.1418255
232.586182
215.645617
210.0903443
476.6800134
217.4440397
165.264357
271.7394409
164.6827751
158.7927401
344.9661631
155.6377077
186.2179277
220.189946
390.4730438
246.2272257
281.8908934
243.1136243
238.4282939
263.4425812
266.4557099
338.8646013
197.4617106
232.763939
299.1127737
256.7042312
230.7531106
355.8747279
332.6125206
231.3867911
192.5544302
262.9533418
232.2820561
317.1040315
208.4881139
194.9050165
189.0410705
146.2867292
191.8779419
246.6162274
229.9743979
198.4777105
147.2060898
219.0279059
170.2738967
319.0649989
295.3557981
518.1294108
232.3001099
196.8491789
305.1660905
329.7286649
289.5559069
316.9122865
261.4910168
290.3371
235.7225828
341.717277
195.6273057
221.6584748
280.8928802
167.7512473
337.3269808
270.3140574
184.6700953
324.5668248
198.1500187
177.9645314
362.6753634
286.5376447
210.1990347
209.2762435
246.4866436
366.3604412
388.615707
321.7170228
254.2048162
220.4241418
215.4816227
252.3976427
300.5984248
221.9351812
197.0101415
223.8917552
245.9071808
191.8506799
226.5568951
182.5270579
143.3425649
168.3662776
217.9261281
182.3204681
445.0780008
214.8770714
224.9058892
197.2017464
215.6713799
266.3703273
191.978801
240.8324298
274.9966255
509.3842316
226.913115
155.4206769
150.061641
187.7500992
229.8816202
178.125412
240.7985402
165.0284682
182.5557406
203.4172481
187.0545247
155.9683515
188.6076282
228.2227072
191.6693243
209.8653579
169.3295374
166.55818
199.9433409
227.3725661
260.192262
163.5478785
177.7934933
284.1682939
285.146951
268.4421717
223.9134257
273.5823615
246.9180706
201.0477778
206.2810902
250.9435017
205.4362416
243.3293055
223.5791358
182.9690122
155.4393376
169.0021377
210.8878977
197.4994461
188.550484
307.515813
220.056184
166.7016861
185.7332758
158.1153462
263.2856891
160.0596912
191.9605471
177.4363668
255.1079063
170.5987646
187.9439034
178.4980269
163.8021058
273.4572736
318.3889523
409.0326604
164.6783662
150.0093002
157.3289004
170.3895117
190.7417071
328.2711544
298.5415596
348.1332885
413.8970688
475.2740148
199.681041
232.3350516
176.5003684
163.499139
255.6532281
243.9692195
252.2449482
189.05459
144.9105699
269.543646
286.2794385
273.9906609
348.7733025
211.8947292
167.3820284
217.4777123
227.0398273
216.6059418
199.3931773
209.0666263
278.9463615
195.7878699
190.0002747
335.0566679
173.9806893
223.4094801
182.9301646
160.1880429
179.1695882
169.3407358
193.7227691
177.0583471
174.8300993
179.3562835
182.8159599
186.9889877
272.7523577
283.7666665
217.2411354
192.5536791
190.9984302
279.8799056
282.889122
258.5631516
258.5661538
189.1359409
208.9939921
165.0498884
163.6625507
153.8986995
201.7491002
183.1573937
272.8980283
261.5844093
208.644581
171.3999425
207.6166013
292.2418309
241.0513116
262.2048002
249.0795091
241.4517558
209.4937708
205.4215957
248.4694637
255.5450512
256.3755824
291.044594
209.8802954
216.4949661
196.5941799
157.7927154
171.2875041
177.7336275
276.340533
169.5757544
223.3735047
254.194981
189.8355154
179.3011853
166.201628
170.4773435
345.5410263
391.9560282
235.7854857
251.4831269
268.6811395
307.1956413
340.9958961
324.2051411
266.6826245
402.8338994
186.9223533
180.208234
189.7468923
169.4650096
194.7291614
184.5258871
186.8074211
173.571517
344.6667712
325.2425945
218.0513605
217.2221425
182.5180384
184.0424988
255.8657741
294.2475134
296.7225925
300.8578895
362.8543354
209.0446116
220.866739
199.1773893
227.7540608
197.236291
159.9009108
174.4807418
173.3587172
179.8285945
195.207507
392.4263764
215.0304785
285.5983847
191.5317413
163.6184604
181.7106991
191.0646619
299.0108651
297.6553398
338.5441607
174.5953847
213.1981513
224.5515378
264.492544
216.5731379
240.8691747
296.6905152
338.6780915
273.8566305
191.2100245
183.6282268
192.7017678
186.0107227
206.1555174
269.880595
270.4778977
367.9981951
254.156446
191.793809
187.7291635
213.6786821
180.6843797
189.8274403
295.0422739
240.6779973
196.6176154
226.5666213
263.1734489
230.4171171
226.5101102
208.8553436
242.0415682
196.3609869
283.9873614
255.9144696
225.6745101
253.6102338
253.243673
300.3204827
160.5429834
566.7719794
257.8152472
177.5338643
164.4475038
230.0445463
192.9727954
165.237498
200.3724874
218.3380402
220.0670311
242.5988667
202.6574085
339.7424977
273.8482819
270.296344
268.7897059
193.5384874
231.1670272
243.7265942
174.2690256
196.0896946
257.3947032
257.1805346
211.6994192
222.3833897
216.007168
179.2109674
215.0149431
142.6861358
200.5889406
217.6730075
191.7228004
154.3829567
180.0465115
227.2128319
200.192321
168.2480949
189.082513
232.4723321
152.7775731
203.3478609
258.2545656
254.3168269
278.4468041
364.2009291
321.669759
341.1212117
254.8444003
212.1796715
170.2209248
174.7111816
187.9667687
220.9580238
195.6580941
229.9467835
207.9838107
347.2431632
242.206278
234.9504469
220.6793609
183.7696529
262.5300103
225.2023937
169.5895634
174.9813389
176.4942872
218.4541317
184.933566
280.7142783
296.4261594
235.0099738
245.566585
239.3386149
233.8834164
217.2462835
247.5149463
226.867988
296.5557858
233.944826
314.7530243
283.8943995
194.8234021
272.432114
259.2081522
268.452073
290.4518825
197.3667853
228.0840333
250.0844733
172.6918265
196.1600632
202.4161645
309.0772743
183.0973507
239.3756577
371.0395304
356.5325539
362.7099505
403.2120174
204.7278406
239.6674454
151.726944
163.0523745
163.1959801
172.1946374
175.0732122
186.1846693
251.7749871
180.5299861
272.3819696
214.9588826
277.8885289
199.2619704
170.2747454
180.3958457
215.4637579
205.6383305
238.0041438
192.7649175
199.4481744
293.7890864
268.9228793
249.8154833
287.9091153
375.6465975
309.7098023
232.7087901
369.8921787
188.7787454
235.704603
191.7656991
180.9577063
249.1380862
196.1411882
168.8318216
217.9650275
247.34591
264.2761831
152.7710845
162.8904851
272.2632383
218.3210419
183.3504616
272.6632605
210.6632331
177.4049615
182.2053822
182.7447385
181.6868332
179.9227871
270.5266083
201.6500974
199.1998681
168.3553688
215.4260346
260.0053374
178.3728777
231.4649436
195.7807219
222.0343504
231.6105708
183.9262965
209.8405563
278.804898
162.9550465
152.2387463
171.1459903
225.986096
259.0913976
331.9706682
220.4694952
162.8098161
140.6914759
194.843399
265.8461755
242.199162
311.2797081
251.1224169
205.8577012
179.6725153
265.0249109
255.8951273
245.0109146
255.7860159
182.9538096
184.9353075
276.9059468
204.357439
168.1225337
194.2227056
244.8189416
200.4998949
233.2921517
261.8611971
248.5868114
201.61084
252.0483222
224.6628009
223.7493842
176.1419107
326.4389666
216.4343947
273.0005104
193.5505569
238.8917792
205.2779225
221.8075633
298.999698
208.0126912
245.0487143
233.4507543
181.2639184
272.2523501
162.7736842
180.6199903
180.9691212
242.8778438
282.085136
249.7740033
222.5881723
241.2129515
286.9493834
205.9229084
193.7839382
259.5974007
251.4919353
210.4466429
274.673549
351.0501502
245.4438647
210.2412408
195.964444
199.1157657
284.213952
167.4643992
271.8845764
177.2974554
234.0101091
238.2733945
232.9799854
234.2916798
234.2491441
280.3059273
210.1128783
192.2079934
219.1452392
224.52579
286.1572399
277.8865489
240.6732703
200.4582031
227.4396536
191.8275183
278.8427737
254.192015
202.9337852
262.4005071
349.6242569
322.9413176
199.0111921
241.7491531
188.9203756
200.018847
190.664995
414.7412319
216.7742079
208.8446409
261.2962119
215.505702
181.657247
205.5726567
205.1586787
217.7474411
407.4727189
200.9826888
271.5960235
281.764644
177.5273626
202.4484844
182.5930302
256.4146785
375.0238997
308.4701137
166.1445556
171.6149038
271.574577
283.3227445
202.8438104
270.3795868
261.0190793
211.005116
249.8692116
281.9146321
290.0039219
229.2066632
306.7903767
205.0080758
187.715655
223.3932509
181.2506591
216.2697556
165.3042333
208.2532664
305.7528612
251.6408632
234.645714
240.7083415
209.2957317
245.4593225
276.5163724
171.9456242
209.9338025
197.032554
141.2431088
164.9675269
308.599454
411.8583252
183.477852
164.9554343
324.6438445
326.60965
216.455583
208.0223495
238.6173203
299.9731915
260.0135738
215.6258865
209.1649242
201.0319674
283.9820751
170.3586805
135.8038788
227.0725568
290.8935049
246.6161942
275.4576405
407.1177275
173.269622
188.9069253
180.9591527
233.3997927
211.5876563
218.4144443
196.1729895
176.4793608
226.1466963
264.106915
218.7720815
258.0280165
265.3563635
195.8179555
219.0146453
232.5686896
249.7400534
171.0314877
244.2032681
336.1810016
259.0825618
223.0025605
227.7550387
203.6217683
201.6920438
231.9512388
263.4837847
282.2132328
262.3373378
230.2204458
157.8427613
178.8925148
179.2352681
209.1213067
309.1005742
305.542324
262.6042856
199.2771169
210.6341439
173.2238248
240.5193149
209.8119156
251.6652436
253.7750294
177.6558578
175.9858367
269.3239974
148.1683756
173.6510505
256.7770389
189.3318878
242.7096326
220.717978
282.8842102
341.6685405
378.6007535
239.7730718
148.1875143
156.6151198
153.1491905
182.4716989
197.733223
206.5615212
182.4480372
224.2062955
174.7829599
184.3581211
199.6672378
316.2501934
188.0438626
245.9964524
304.5934513
175.6168172
454.9227265
178.4131964
174.8173716
237.4122866
247.8746447
254.75988
237.2795131
178.2263273
269.8498077
184.3152879
138.7682622
189.0173079
235.0135595
228.6473131
251.7519233
301.7472324
187.1544531
158.4082166
226.6182759
170.617983
173.7193511
215.3344429
264.8177235
230.7788798
196.5704501
197.0039734
201.6088785
194.2327634
276.9966088
213.8857712
248.6530481
235.0888882
222.7892965
166.8543847
148.209478
276.8837236
163.9084256
203.1259799
158.514877
169.3546937
252.5969
200.2013415
179.108432
224.8890269
229.5894417
173.453754
211.1582606
212.9244629
221.8305138
278.4010016
182.4279231
164.8360204
218.9571497
194.4525632
277.6028488
300.2848378
264.94791
265.2281746
210.8162602
238.9189492
286.8934312
358.0294362
458.5442447
245.8119643
218.532449
232.3125337
280.9885328
263.4118891
251.7491698
302.7407851
286.3248214
334.5451922
417.2204396
326.6877571
354.3681455
277.5259816
196.2496055
258.3694434
187.6197218
204.4065473
197.1462791
209.9194629
215.9373426
170.7769315
257.2923567
168.7091363
277.5364019
286.3315851
161.4764364
216.8480958
185.4132165
265.6472332
293.9163782
238.0481614
180.073695
227.836374
265.2236612
175.4691596
195.7152218
237.8531489
290.7135457
312.6436302
195.6479261
146.2726812
156.8610183
153.5306275
158.9063686
191.3904735
137.0083065
192.9956038
179.3898429
170.1678185
274.2987924
300.3576569
267.0788682
240.6014873
276.4187599
279.8231584
197.8313587
309.0280106
160.8116987
185.548292
175.9763508
216.4508668
198.353651
263.2648464
170.3172167
173.663158
238.3949819
182.1921623
156.8235782
239.7349795
178.0861016
236.3459538
238.478037
274.599106
290.7879677
165.8767131
211.1919189
164.4831705
372.0158755
182.83466
280.9771787
260.9847711
242.8907687
311.8540974
266.7065466
228.4231795
188.7527858
219.7554804
209.2197365
229.850498
288.1108628
251.337131
252.9622394
284.0637342
224.601376
218.2861092
206.1557114
210.0896713
213.8083138
302.2600083
247.2484837
220.008936
256.894738
285.4818155
203.5676127
211.9051007
153.1396424
201.6030116
167.1440071
153.4010511
180.1201354
183.5073277
182.9851244
348.7384303
173.6377512
266.4448087
179.5320248
207.4331112
239.2601611
190.0839886
234.885032
187.1059495
225.55596
184.8440754
272.1571196
200.2921311
317.2034796
187.4654029
186.5135073
294.9233386
184.5765992
164.4448529
193.0940059
249.5867175
343.420484
386.6681289
218.0477837
200.9029042
222.8396336
352.596839
366.9418652
259.7066843
231.4157411
272.2020583
208.1423249
189.2193155
312.3581204
274.5017015
197.3223
217.7215292
232.1929997
264.9431211
255.7579633
161.0939863
151.4886902
269.5784324
158.8467989
182.6853322
183.707788
182.0530262
171.0836952
188.940315
331.8430344
289.6759064
204.0415586
179.7284957
151.028566
178.5790784
152.0205265
235.2922435
183.6826314
267.0075611
200.623968
172.9858141
166.8455799
360.00745
240.9294251
279.3204081
198.1176363
246.4780574
342.6760045
371.8297251
267.6413213
245.9390895
223.8804409
278.0710971
256.6159624
227.5811682
184.9538358
161.9471927
184.8159621
178.4092999
187.7624362
193.5854752
237.0690571
208.124986
274.6369748
274.2521266
297.1440347
183.4588173
165.5456214
173.9867531
157.3345257
168.9469229
167.0452934
191.9321572
199.0141621
297.8353288
160.8034209
170.1861013
205.4614909
343.266216
199.3338988
167.0719162
210.5854782
205.1641848
179.6512845
206.8817087
158.0455789
189.3116403
170.2194529
237.7325628
175.265729
240.7796387
195.8183922
191.4645887
220.3176382
172.762922
316.9780481
165.32782
167.4223091
243.183568
268.8075876
191.5138926
166.1970514
190.6837777
237.2985571
224.7171286
220.7500472
237.5696818
189.512247
169.2564517
154.6083152
160.9377799
246.5845013
238.851103
363.5966606
360.5564882
228.3922163
178.3864829
180.8494616
272.799051
238.1918441
205.8918645
185.7304045
217.4810204
258.600739
261.8876279
274.041485
251.4793281
286.9676114
247.2372035
249.2764501
218.6346283
175.6368796
233.7570829
249.5437229
281.8010367
187.6159964
268.0333946
216.9322119
191.4633075
173.887972
233.0566629
179.6048568
192.5682001
202.7825229
172.2114308
230.0429443
163.343423
248.7056451
240.2306794
302.6744894
223.2610412
186.6903079
208.427036
154.4627284
163.0283441
355.9376659
251.2654422
231.7368199
296.8074347
278.9834947
297.5332752
257.9091768
215.3084994
198.7799392
210.0118835
233.418627
210.5793972
294.8211717
188.1054457
182.9920949
217.8080214
219.0836451
209.1486052
201.4389979
257.1535468
257.2406927
184.7552098
145.4669319
174.4000829
172.6998476
183.6435057
177.4153602
182.3606539
201.9483622
227.9899115
235.7337166
217.1543878
220.6569428
263.3690345
444.4137553
133.894166
159.8765777
219.3805202
145.3637587
164.6606277
163.6527146
306.1775319
180.874664
351.4298187
206.548678
280.3192873
284.3939579
245.0923752
295.3633146
193.2547074
164.8730407
264.1624561
168.7129762
203.0234948
245.9527398
168.1185924
261.3864442
191.3182461
180.8136589
205.7574798
192.3683418
184.0843335
228.9584455
283.5352789
264.1873511
184.6752014
273.208471
254.5869185
249.9420376
306.9658598
309.3034927
294.497799
249.6335509
323.7670668
209.8738842
209.7817117
217.2865641
197.541028
238.2559472
245.4000138
224.0755349
257.5452281
212.7928787
299.9566091
211.1001001
288.9716657
288.3562287
250.220228
196.5605872
238.2531995
203.9291264
217.7965832
212.3049339
194.203657
247.828728
286.1503127
244.2977368
235.0750457
262.2885735
266.9377825
322.2208266
263.8168179
395.7978987
165.6064392
180.4098192
199.6795661
187.3139892
257.8581023
197.615596
174.65833
256.0747263
455.9624366
187.9645013
205.919995
234.2647146
298.2109165
193.8481265
197.7873158
203.2192465
220.7472598
310.4394718
148.5635057
184.2595575
176.957961
186.2291779
183.3232837
184.4166337
185.3749832
189.2232756
186.7972452
221.6510563
315.315186
173.7143278
229.0109747
273.4925465
175.5982024
179.635218
322.212385
186.8304963
182.9335682
298.6381261
324.1076511
184.7808326
187.2339094
270.5957094
322.3690205
277.4469935
253.1338992
175.8048766
272.268102
373.6819487
275.0002958
310.4968474
255.3314225
309.736457
283.3999728
221.2846745
194.8189293
177.3161877
180.2319338
309.4617937
317.1008869
284.0927695
242.4449031
374.5255411
170.2460077
190.8345763
202.5451117
171.5550526
175.4096155
196.4807047
198.5645987
169.8491798
205.6252406
243.8357004
163.8006665
164.3233812
171.4609127
296.9672358
358.759009
212.75821
218.232365
237.8290244
183.6781524
214.4647713
189.9144133
198.6340108
304.8044893
247.9285347
227.4264676
247.8233699
250.5436179
263.5371421
225.3510863
237.0311084
216.1677085
220.7045428
381.4161064
352.991084
238.3354191
243.1379605
183.6666923
270.1724576
251.9016162
272.8925997
363.6888245
181.8861919
186.3855449
255.85944
237.9696322
214.9710377
255.2772527
228.4824131
227.7110534
200.4946309
202.601421
325.6836043
338.7827227
257.6955533
166.8204462
185.3015521
219.7394501
496.0400244
215.2869132
179.9782024
293.1197363
247.4409573
190.0720657
182.468498
170.1747913
173.2881651
207.0750646
215.9606069
205.0484401
224.6879535
201.3509063
189.0517054
195.4298948
302.5679597
259.5311539
291.4559955
336.7157013
211.7259835
187.3042682
188.4146165
223.204737
245.2091752
229.9678774
282.0852369
391.2142271
221.3826852
235.4941222
232.6040514
213.7887678
273.472931
186.4596021
192.7426046
227.1910369
229.2190614
258.7442607
157.257613
210.9833562
204.720493
193.0523839
267.5446479
274.5790405
277.5118479
275.8064419
243.841726
248.0708064
296.0641399
262.7543549
241.8416362
270.2910256
360.3997198
286.2827006
151.8769716
152.2839318
171.6305705
204.5352654
256.6081767
192.5940383
191.4617681
214.0607902
248.7097173
232.6596637
273.8957168
336.344786
253.1539135
222.9909802
296.8907633
288.3344207
226.7260412
227.0050744
171.5991484
171.0242933
198.545002
176.5345865
222.9410988
241.3059677
236.3303474
231.3331789
244.7068092
237.2560313
249.4500324
221.2501587
208.2921095
197.9774919
270.0151632
253.5645622
229.7945679
270.782343
264.8222589
192.7369702
328.5025807
249.3144813
200.5509343
218.4604727
215.6241617
289.6830939
249.7634934
218.8505473
327.9894483
196.4788735
183.8668743
223.3415887
246.2871368
272.6752811
273.9504911
318.7075855
312.9106602
256.9710783
187.4018227
253.6156367
170.2083156
166.5423547
194.816613
201.1428824
287.7810213
228.8473081
210.0909651
246.7233056
258.1526678
204.5000939
227.9949141
219.4049593
261.4742973
196.578636
274.5428955
254.2114617
238.5637459
238.74216
223.743232
192.5959592
369.2292818
201.5079039
191.4578975
178.2401155
216.0734497
249.833488
156.8291325
173.7034534
174.9168467
173.3548705
184.5889716
215.4751794
221.1220537
188.1249798
206.4330971
226.1267787
241.0041589
219.6758488
188.8551929
181.8539977
243.1718252
230.3895649
293.0205299
260.6715962
234.9374075
189.0806303
198.7877855
172.0889581
181.8878682
191.311682
230.7986264
331.5930515
268.0032951
171.485644
222.5925619
203.710921
213.4563681
215.0202085
235.2183377
274.3371488
258.6642968
316.6080225
257.5650602
146.2780253
201.5212573
247.0417658
227.5329083
218.2941283
249.9048642
224.2815329
260.7107888
248.4380826
232.595943
224.6835111
403.3917207
352.4838623
225.3062995
226.6803025
289.4964546
223.0171006
199.7239195
233.6415992
243.7140554
226.7689135
276.3499933
226.0426331
242.9721065
189.0505922
242.2259876
397.4017859
204.5129337
198.497599
321.7346202
345.6400016
382.5913622
381.8915585
469.0618342
235.90907
199.1127458
179.7418549
181.7430234
184.1643505
185.4843195
183.1835047
183.6634569
188.8800961
166.2015744
190.2827336
178.6671166
178.090552
188.2725198
151.7568364
178.6635957
195.2608572
175.2623606
193.961879
190.9999624
180.7236623
181.6811578
181.8854582
150.9818657
159.5393205
158.6244142
169.4260456
225.7056654
278.3078751
298.8676657
191.2268582
269.1163024
259.5595967
258.8666163
266.2101069
245.3759775
229.0695487
223.7654586
188.7473388
295.6393291
160.911702
226.8810311
196.0551212
200.91403
231.1951925
182.1851501
135.9036282
193.9840986
207.0735757
283.8447988
197.243349
220.2810207
153.8594499
198.8747963
249.3494272
238.8504803
202.6943589
252.068141
139.0768351
197.4572016
204.7688701
225.6557744
253.7798229
180.142468
204.2992604
211.5646629
227.0002707
240.4954569
207.1347094
165.4525923
204.0654693
289.2738119
219.3972454
251.2001236
409.0909683
297.6107207
471.9044597
481.6060903
386.4535242
390.5368035
375.4249579
480.8053059
475.0974652
485.4552052
418.3528807
415.6479498
491.4242184
510.6569584
616.5463164
487.0901353
403.8580503
489.9746214
382.00434
402.6341413
526.1312924
412.4098762
522.1091714
381.1975313
426.7175213
460.7308525
534.4667649
542.6954128
438.3465777
430.528425
458.4088951
524.7382682
462.0287047
633.6597942
521.6957608
461.8658656
526.3478253
451.3291741
615.3261814
360.5877371
411.9494705
612.6811501
510.7789011
237.9940389
152.4188739
220.2986872
191.1322963
250.0173611
231.5017836
202.2871045
191.1018398
273.6007963
153.8981732
216.9015462
174.5470531
152.4233643
293.0682651
291.9464109
251.7381829
226.4463907
190.9604829
231.4320823
190.5651272
225.4871769
255.4070959
176.5159338
246.5326032
192.0285001
234.2327807
222.3099365
205.1793437
256.7877228
262.18196
284.2453313
206.5846538
119.816962
244.7920035
200.4404675
193.4816627
191.6658657
307.3787461
217.5902705
151.4754028
202.7830346
200.1150726
239.6035767
183.3719845
220.0508794
399.0043024
247.9069312
215.4788518
274.4246431
240.5621437
158.187219
228.186579
215.8163156
213.2009106
226.09598
158.6798382
416.37306
289.1810004
372.3494036
351.72554
409.5303938
315.3833866
651.0384963
634.5404061
692.2752323
638.2067763
374.7898205
423.5317402
494.8344311
406.034253
622.1976149
614.9232986
568.6841992
537.4856862
435.0843161
263.2707428
385.9262249
456.8403826
417.2938593
487.3487389
442.2690026
613.5265135
665.1028766
626.0624216
539.325533
287.2177638
311.2182319
441.6615022
529.6834238
390.7985634
489.3833243
609.6558932
747.9072293
596.0987663
399.9703329
339.0007998
407.3086402
391.0360654
390.0829781
487.7035058
573.4119465
576.26758
580.251201
736.1420173
359.0081025
368.4670693
416.5175517
307.9447298
447.1937584
485.7910424
407.6064501
454.8873178
439.6493402
447.611032
532.8185491
525.0300623
486.6926322
747.5244722
520.3375998
279.9834609
426.3666549
487.5242279
427.4713193
437.683606
463.0525874
446.1732234
480.8575734
525.3967243
469.9512272
471.7146805
446.6564339
553.6469052
543.8315507
419.3095148
463.9484774
523.3488625
455.0592173
415.8564108
425.4370959
477.9465885
548.7403734
529.1258357
500.7255778
503.6206189
556.5490149
561.2598248
486.5418934
941.1396508
520.6621515
436.5791964
424.3021635
476.39171
440.3791229
363.7397073
419.9536068
445.4739163
482.0032214
459.4516533
604.1443455
527.454571
351.5354097
446.9025778
465.3811319
537.2983074
450.3042013
338.131326
318.8852551
391.6405055
326.4840726
592.3092976
439.2228128
488.5761736
543.2916562
587.4487517
358.2382915
479.0093009
395.5341983
648.1847998
442.0125229
191.2402112
437.9910334
457.8967838
293.8306656
342.8385774
483.6239215
394.1886884
321.7105185
349.7371795
289.7673804
610.5912455
614.8389781
332.4560773
393.8137156
266.1101908
648.2251068
654.2747901
314.2173554
276.9468385
476.8043863
525.1860183
553.9790933
406.4960892
400.0050595
496.5947956
557.1366441
507.7305234
351.9639368
314.6423116
282.0090369
636.1714254
687.7480947
553.8427464
914.307369
329.3538243
350.1197394
316.0615028
388.8177705
484.9729781
449.7622903
433.2879124
399.2698606
390.9864395
332.4031593
397.7519157
497.6579189
571.6358635
588.1216194
413.02192
256.5478984
331.54834
401.1662924
459.4143639
371.884339
551.9336614
547.2243095
511.7368883
520.6795825
455.9538321
495.2440772
332.4017454
532.2627358
374.3848547
485.6371092
347.8640401
395.9420938
372.0303479
400.6258844
420.7105947
497.1806433
567.4013256
456.4186395
351.8710023
521.1531704
406.6719505
364.8987272
359.2969803
474.8907427
512.9269912
565.4850907
418.0950907
457.5933257
520.8463103
348.6441243
498.6149866
580.8474474
307.8700524
397.7262728
337.4160965
356.1673479
402.7626666
468.3320379
233.2129203
280.4944367
410.6125875
275.7233217
345.4081816
424.3345765
551.4351127
425.3776849
225.9544743
251.2316531
253.7566019
371.4639045
303.8328548
363.3200385
301.6326418
285.7140196
237.6945136
414.292811
225.881506
328.2557534
227.6324369
293.620764
570.3198191
484.4705348
308.3270303
273.797971
511.426745
302.8119231
390.0728951
350.7645876
588.625596
573.8063687
444.2387792
302.1015844
383.2686097
250.5992243
475.5777361
433.2695536
582.2382835
279.5111542
325.4157874
394.5472489
497.0684043
472.5030849
423.2711401
281.7322608
275.3624026
377.9747717
422.050938
449.6162443
521.1558237
444.8736121
400.5738108
380.5536419
474.6202835
505.1145294
412.226788
526.027423
460.7246189
412.7334248
468.4001909
471.8877613
493.0103704
517.8913623
402.9438464
408.2207993
510.6973454
416.0690952
524.3948184
508.8931631
421.3874634
415.1238372
423.488451
325.3291873
393.3778986
341.3231581
568.2678794
557.5013113
454.741293
536.075452
398.408606
378.5720917
292.3050723
257.1940837
318.4751206
477.3153839
369.4628436
252.9307687
340.6316868
310.1303539
293.9628444
466.1817568
333.4179396
268.8874304
275.9852995
230.6333985
341.5070048
375.9472894
354.6783137
250.4400577
334.0812987
379.9560542
485.9029577
428.7472798
347.61783
480.8627524
468.909868
429.9352614
372.0129291
505.783188
515.9706898
886.5085771
339.3240655
357.8284661
410.8121875
388.2020338
436.3166552
644.541116
283.7466256
349.9036047
307.8890255
376.0999563
432.420088
422.0608419
491.1584217
381.3115709
346.8611205
458.9387597
446.9817024
439.2327792
449.1387024
485.4357264
363.9685169
396.8609505
404.0720961
440.1078247
423.9410783
354.3176262
414.1583877
361.8590708
165.13054
355.5174982
356.5383245
381.5476915
395.5852921
372.3847339
203.9472346
197.8675798
247.3962411
228.1184726
196.8905134
169.017232
348.4265761
303.1385057
385.8764711
286.5997786
235.8207192
424.9558263
283.789005
275.5495644
232.9662824
286.4810405
299.0023551
221.0556367
450.7130151
313.9296315
342.1975801
334.9425971
499.021602
347.0516083
514.4201127
334.0185973
299.0486711
392.0062592
353.8734167
503.1917206
360.83744
296.9598346
414.3822816
529.5998929
447.3376047
456.8604684
339.5677375
336.8950638
397.7458484
485.3468864
474.0993307
375.5471075
440.8560591
401.7101038
420.5138785
452.9500678
464.4849308
435.9908631
373.8683992
369.8420722
358.0146427
460.7103469
453.1918667
651.679114
377.4011239
319.8239733
390.3835964
439.7804005
368.9207966
312.5351874
443.3211667
275.3543225
323.4135324
185.5417718
276.0082847
353.8574218
295.0324644
291.7586537
374.3901839
189.2093482
222.3637509
323.8326802
301.4307794
298.3687113
275.1209315
336.2649714
404.3682821
364.0382652
331.8654949
278.410616
403.4913184
137.7919948
288.6602613
331.6980155
291.5124965
375.9859049
380.0353258
487.9610753
292.8836995
335.9752615
394.0565142
455.4068481
345.7560458
279.9225754
384.7689743
472.6327464
470.1832976
356.9256682
331.1925714
344.1195468
379.556202
244.6192841
422.7822183
365.5528375
471.218484
306.2026082
253.3931143
344.8602533
293.3561502
351.8765035
401.6737416
457.0331033
355.7703049
549.050098
258.034296
328.9229108
415.0286111
232.9361679
169.8478431
337.6897848
258.2996512
254.7315348
259.6655832
341.7073967
310.0718187
357.4507595
302.0291092
232.3891072
268.6495381
296.7152126
230.6770482
213.0754993
362.1902662
259.2556217
169.6881845
355.8023622
381.559053
276.4290152
314.0859277
279.6841116
424.3348923
323.5662786
354.5696646
290.1022729
278.0056326
402.6465632
291.101293
392.9501994
350.8026492
372.2663827
452.4117814
268.8538713
426.3858587
344.8105581
300.9986593
357.2176469
295.7228494
349.6520827
319.4028237
388.0252693
402.1320858
445.7542979
380.1752379
333.6894994
243.3404408
346.8400115
289.2063771
296.8023265
263.2616724
361.3813819
273.8737014
476.6874144
307.9632611
347.0816019
174.2755574
288.28518
232.6460821
328.1359314
184.6921633
220.0128883
169.5788378
302.755907
247.071685
347.1111145
290.4733786
277.8826074
400.055948
183.3591001
356.4603715
290.2201851
249.9609324
275.8739911
161.2764623
342.9234801
327.2780903
302.4694973
197.6349307
281.1442881
381.5870059
388.9525836
444.8464922
319.4329281
398.1646977
243.9438964
358.0752394
407.7999015
453.3192118
232.3445678
423.6640967
355.8757418
290.2368415
306.2101261
304.643851
338.9629691
377.4411163
324.7469899
279.3044741
304.4102112
283.9772464
240.8689089
253.708029
281.6655557
213.9095029
360.4611366
265.7985387
242.345906
224.7334562
344.3971052
198.3041673
187.4874035
199.1453415
157.0635114
209.1697384
217.702958
456.6683868
799.6286201
375.0166893
430.4645075
411.1581993
201.6317299
275.1986341
307.6421434
264.45024
285.02586
275.2682119
389.9578655
428.6005505
305.9456612
425.4785857
305.2530193
167.0252508
485.5595291
392.701633
364.232595
361.9330174
382.2360881
420.2919453
337.509579
320.0419627
276.8133202
386.7351358
412.8965394
347.4248769
331.666454
165.108609
172.1190022
186.1822884
219.590365
221.5472972
251.8271465
289.3382173
362.0572766
216.6763354
190.5257718
388.2310368
386.1461237
391.1955143
373.1696146
245.2539591
379.149214
392.1766929
324.103917
234.3417967
419.729203
194.7255371
219.9251933
185.8990465
397.7692782
314.3886854
387.8892585
370.9732493
502.0786963
651.0468553
408.0851
355.2003638
279.297553
302.9464298
319.0730939
351.4208583
246.9354184
364.6166923
181.7102231
204.6228232
246.2518169
269.8979695
257.4089461
177.0370108
347.2481779
162.606333
193.7145764
231.2959698
229.2709906
218.5749614
244.3201266
207.4896287
336.3934838
287.6157848
386.2211389
400.8934801
479.936257
301.6065509
378.9981993
226.4159974
269.9180584
328.2089974
105.2136485
201.5629819
381.9612888
159.4166603
180.6874829
305.9209812
195.0143318
304.4431983
177.6827368
298.9748463
186.484745
174.2864487
255.0992507
209.3372951
199.6313626
282.9751088
236.6689872
362.2256974
226.1380487
358.9139927
317.093579
229.6585507
345.2612751
232.0891363
341.7988985
288.1801575
217.7144187
276.0583207
208.1609879
315.5611436
311.3995943
295.8395043
276.8773333
279.8736734
304.6819261
381.4302845
391.3037045
471.6982186
445.8965299
497.5643318
205.405029
164.8876558
180.0497278
149.970292
198.8173763
148.0517771
161.8681952
262.7890756
179.1655785
175.6900013
207.77705
190.6895086
419.7957976
396.3044769
359.8270243
206.2642632
239.5371433
254.8559684
289.8945586
403.1533439
297.6305484
243.6825567
390.1166498
221.2342863
189.7352657
225.5513455
266.720307
318.7480928
221.7017925
183.5914833
207.227403
275.1638531
411.8284543
300.0495383
308.610499
319.7322988
314.3452622
161.9488896
368.4335659
248.2045982
177.9479976
160.8570595
267.3367269
223.3772335
175.5228528
235.1885091
439.2954933
194.4791136
198.1627847
267.3229452
264.2793293
250.468384
293.777226
289.2499731
248.3782818
220.8912631
191.7792353
312.5324218
288.8733508
356.7200938
562.7136111
238.9482913
344.3171546
348.6973822
364.8569531
390.5321049
363.7010801
300.0668747
401.309777
190.1933415
336.7971705
268.2698878
185.6346955
172.4086923
163.716198
178.8431453
183.3967286
214.1394049
205.5231139
323.0048679
275.9413051
226.515746
224.7712075
251.9405367
213.3995342
216.2861542
256.473639
458.2596395
247.8832233
194.0329376
425.6187146
380.4154487
345.6741823
215.4868827
479.4831157
373.1057053
214.4251377
198.6863895
210.2739073
178.7924085
181.1375338
397.1037721
186.9557096
171.6182473
185.4754836
205.1550932
194.1536406
224.5406902
356.9910313
656.6350268
237.7975389
309.746764
222.9135749
293.638802
243.5299095
168.7935499
242.8971668
248.8500898
380.5362104
479.0004012
391.8083778
275.5633356
239.3907804
397.7361224
302.198735
212.1951086
320.5631846
238.0675855
320.0216952
175.0067312
250.0552981
303.9306781
207.2140539
278.3572936
288.1999337
211.6811018
322.8471629
278.5906626
325.9294776
137.6611691
178.4643119
347.5302476
174.7583773
226.8044728
263.7596795
247.8951523
194.9851241
261.8766881
182.0274946
275.8260972
329.2061782
353.3742525
248.0066709
326.6926965
197.4300811
233.6042546
295.3447806
339.6457997
274.031809
213.0471955
203.4533977
252.4158183
293.2197814
300.2723486
308.8621915
311.3186257
320.9651768
202.6730171
361.9880105
194.5862122
173.1331926
207.1599351
186.5941245
165.4686259
175.7797612
172.1909025
221.5728355
172.8312513
181.0667331
192.927706
177.8576737
209.8598702
233.5194035
173.0653248
190.8729229
221.2944634
241.8278368
274.0260307
231.6079883
188.899252
296.6636991
318.5495963
293.9536469
246.0176462
273.2030485
247.8194377
184.6173665
428.0426559
167.3752214
180.2521031
170.8314513
181.1135848
178.4734483
168.3814075
191.8100131
201.9536744
160.650676
218.8335804
319.1623582
298.8190084
198.116404
234.316851
183.7256583
210.7666194
146.8362602
229.9695617
221.3521185
248.6233595
419.9841276
364.6470325
345.8682136
256.1274194
216.3534999
314.4003684
261.7877847
379.4267364
278.1643721
332.3565619
330.068025
212.139808
222.5798491
245.885748
183.7420093
163.6815068
188.2112989
183.3136257
336.0513455
208.3363223
182.7349387
170.5266156
193.7960434
216.389542
238.4719792
222.9868021
167.8715801
204.584029
185.4636026
216.4114169
277.5548
156.7128319
174.358517
220.9897894
209.433324
329.0489759
183.765543
233.5433406
237.1031716
369.4669599
179.1906841
196.3543913
182.2761941
220.7958798
153.5033235
196.114068
182.6213856
272.5017197
186.1877625
259.1862841
177.0324971
208.4470908
168.282006
179.201448
386.4749941
414.5174932
186.5390208
214.7625944
236.215989
250.5643431
162.8260532
215.9285757
157.841261
217.1898211
169.5138411
338.9851162
184.82818
247.6044369
430.8923486
275.8910867
417.756642
338.8232259
265.4572152
338.2048207
427.9447556
252.3315998
301.4166717
235.0429474
192.4053259
259.9597284
194.1451492
162.0635781
181.617334
183.5390305
222.1514471
277.6789393
165.0580675
156.5003708
438.3243735
191.3282047
301.5818945
242.8961977
209.0465589
168.1624367
243.8612967
205.6018765
178.8072884
198.6777166
254.4467599
164.5256474
228.9996072
229.5943476
391.939216
320.8860309
271.0940267
243.8170698
236.2648518
169.7776284
183.133466
182.7520396
166.8931708
190.7478886
286.0381837
301.0179363
180.0197027
193.4083372
260.9383432
173.1503876
215.392142
195.8089279
176.9895569
202.371525
215.0490805
173.1071631
328.4242392
289.468653
222.5184125
194.9261738
171.2760115
225.0019569
172.0653087
188.4676124
184.5045114
184.9022709
402.0382549
323.8379873
191.2039658
370.8832159
198.3946513
181.887013
225.9584813
212.1410753
199.4752521
277.1953533
159.0683414
215.8287139
341.0412207
315.0271398
216.3685821
211.9242274
193.6690509
199.3167402
176.4127291
301.1864283
382.7485423
225.2489205
239.3284587
309.8650622
299.9867993
302.5358561
173.3216565
169.1846275
174.7921603
200.2988908
163.0303595
198.2354262
378.3757964
172.5152632
237.8191752
177.2344237
184.5594492
222.9598247
230.2590592
163.8595771
413.8870899
169.3022874
356.2424073
181.9773813
231.6001482
196.3464512
199.7851108
163.4609052
228.0667377
210.4188665
188.117782
148.935557
199.749503
217.3891799
283.0632081
255.4126513
310.9204867
363.4428079
198.1438734
181.8680223
176.3752902
181.8019133
199.6985676
190.3466445
202.9889739
171.1389404
187.1162534
169.3437526
142.6535551
297.3263205
154.3656431
181.9932573
175.1313565
179.5616262
193.1244185
205.4381134
216.3056016
236.8276402
177.6536968
234.4591571
292.2657803
310.0377609
189.6648812
282.2862818
342.5840753
212.2950999
168.9657184
188.9967771
171.5293933
165.2401769
199.4648848
174.2346192
230.7236146
273.4327242
173.690042
190.508291
194.1520731
201.362233
184.6516948
178.4572074
366.9566596
207.8967873
190.7276943
400.1326319
415.8081438
220.4254762
259.4266419
194.2000693
208.350635
175.4259384
189.1076575
198.0610911
397.250812
159.0291825
180.7832091
183.5243899
176.692392
221.1117328
165.0280428
188.0233249
177.5894117
172.9468094
178.8131555
194.9935194
298.9727516
197.3239593
177.2993474
180.3982083
172.1220336
184.7818103
181.3394125
185.5066442
223.9855861
170.7287296
175.9862133
170.5333083
258.5674392
158.7284426
196.3394996
176.8613404
169.150085
189.6411691
160.4793494
163.3004884
177.9311934
206.9004737
186.2028868
177.0152364
190.6382042
174.5071548
194.1917547
185.4864349
168.7030323
240.373211
204.5563663
179.5064319
384.8572877
177.7411134
196.8081001
186.1112816
180.6067266
175.2140372
191.1829678
271.0648623
192.6375602
203.3820738
232.4442339
188.3397377
309.5385672
300.394978
175.002113
180.4252258
192.9760596
176.0742768
185.643162
161.5352342
190.0326065
168.5386695
331.2491182
353.0799111
345.3710719
177.4656841
183.5815635
185.9967146
213.2527032
155.1155614
181.9468894
198.8847585
198.0877209
193.8757254
180.6771359
193.9121118
191.4278286
163.0568305
186.7759919
163.9806217
182.9461949
161.1979549
175.4908603
174.9792892
162.1337975
177.9411752
213.2922104
162.2624111
139.2391709
184.9810373
246.8662018
149.0525728
169.3811455
253.6887071
132.0800257
254.9210889
238.462175
181.7608384
185.771568
192.507927
243.8177692
194.7363707
168.6625118
188.7513965
323.0609204
181.0809364
399.4232577
295.3709095
293.1506723
201.4782503
189.4185087
143.0537709
265.0039732
184.527784
249.565801
199.7490719
259.6678816
197.9561668
185.444649
180.0414142
206.5087214
163.7593738
181.0538921
192.8713393
186.0587667
168.8977408
169.1098952
172.0011589
190.6521009
356.5032395
165.3482704
220.5896601
322.0880303
171.599075
145.8334355
214.1496427
171.4068485
217.0656338
152.3925942
206.9435638
222.126601
192.7012683
184.5836734
195.7156442
179.9771234
194.3420573
175.0976909
185.7876285
187.1948421
189.8162935
154.6203511
167.1586077
174.2371933
153.8371049
229.672882
184.6496185
235.0287534
157.5360678
148.2369976
197.2173257
160.2066664
187.8772009
178.2773415
162.5500903
226.2084252
189.9401688
198.9089104
186.7027133
215.784913
261.2339798
181.1330992
194.2148528
330.8269106
316.2497323
239.956215
174.3634097
197.4692928
179.414923
180.3127468
165.0516613
190.4638583
221.8486747
185.5957842
176.8009222
179.2901423
173.925338
150.0669334
206.6939595
153.6865306
237.9845426
169.7167445
189.5893635
134.9836539
194.8859063
153.5666746
272.3786745
151.3695949
177.9842993
175.2251013
225.7095152
210.2724718
198.4284629
378.7398513
230.5691001
168.4621007
183.0980469
200.1727172
167.8124119
189.6178787
161.2962638
168.8262016
171.5709506
155.7113329
177.7347118
162.2791987
192.8994207
180.6316075
207.851999
205.1839763
281.4047803
185.7348189
185.5837581
177.8299882
186.6799415
168.8013469
186.6562172
162.4330048
199.4414816
192.6465358
303.8877154
171.3695953
237.6422287
227.0750151
155.7023879
151.2133437
246.7496471
165.0793051
194.4676968
207.7225157
153.87608
207.2114084
188.0417482
198.6241969
229.7247151
178.4934491
284.6028783
233.070455
216.8748446
229.3613871
181.3617134
176.5249053
182.3400038
178.0484785
155.1042517
237.6519704
161.7028628
162.0069005
291.139415
200.5496081
155.7515602
190.5565598
233.7310585
158.4668514
232.6368068
145.5377935
213.3478075
289.4465908
214.4593264
180.0596645
220.0655594
235.3003622
185.2884024
207.0653223
219.0096973
188.1048133
173.8727794
197.0532388
152.6364006
168.7901385
151.8825317
248.4481929
174.8648246
162.5386213
232.4557035
153.2711944
341.5264743
229.0277632
158.9585812
234.3313098
233.3626827
221.6098924
196.795957
242.3499681
180.7979968
196.2886645
184.5697454
156.8410457
186.9649815
179.1060268
175.3183196
158.7107628
246.1755619
138.8602789
170.6324027
245.0414427
179.6398448
365.7517696
240.6953794
134.4539616
266.2547614
220.9460447
235.1268279
309.0247531
210.1023567
156.3131529
168.4314809
178.3376715
185.7264606
156.7196712
144.6771396
158.3005517
220.7968728
163.8612678
201.9316784
243.7203071
214.0949032
181.990651
237.658178
158.4926119
196.9166443
214.0589188
341.7523048
167.8575848
172.580256
184.2515524
196.9180406
160.8739469
200.4238653
192.3821461
149.2046747
129.0528654
194.8262353
132.1967211
162.2803889
186.666327
251.9079528
156.4719919
177.1424677
151.0343036
164.7486454
182.676017
207.1555131
222.9208409
207.2563687
209.2591808
336.6545048
240.0861604
249.0695892
264.7322528
168.6656904
184.2290661
190.8873349
153.3967338
281.8477397
182.0188724
204.2174554
225.0200352
149.1566537
167.8240313
221.495445
136.6352688
148.1012957
220.1268673
159.2315348
350.8126153
223.3270532
212.8207376
353.483993
199.3115744
241.4979963
184.5702378
168.8455314
137.4666291
367.6230632
179.9463456
258.0528467
186.1969534
210.0737078
184.5439915
221.8472403
246.1184027
211.3342783
255.2335363
342.4952898
183.5048077
202.9860333
181.5147509
180.1265099
214.6782209
170.3562811
326.8618288
215.960945
247.3188162
212.4475615
274.8160043
265.7019669
172.2071408
238.815132
195.0287203
148.0114269
194.7023088
199.2591507
221.0645365
197.6864127
201.1618568
206.4146749
196.6724725
270.0813024
274.9821235
227.9685342
226.328765
213.7391619
197.0993533
203.4010673
188.9496249
223.5996208
323.0607859
351.9855424
285.6024336
171.6409288
166.5168847
176.287464
175.0925729
253.2909014
203.5049274
188.1527626
201.4920251
212.8190695
241.5423707
276.1285985
203.2284309
172.7394352
168.6365879
192.5944426
203.5717015
200.3553063
212.0259061
234.248584
171.568284
359.6471756
219.3386708
212.5202842
201.1146798
234.6001736
194.8361526
170.7379443
189.0447518
199.3403729
232.6620472
192.7318381
185.6153461
393.827697
178.5188704
228.7569785
317.1394635
158.2655486
182.6115319
173.8400656
179.4043012
197.3005308
179.1072954
243.4600112
260.3383837
195.830942
174.8670671
152.2991997
174.6608006
249.7186714
182.8397134
214.3030886
386.9221219
341.339311
271.4843125
248.2263951
334.1847579
231.1041764
192.89038
424.3583214
173.0092365
210.8258062
200.3481948
257.0517244
288.0727627
176.9981396
180.7861875
260.5251786
260.2809807
271.5962367
177.1498321
172.8452782
196.0105571
272.0407083
255.3825954
166.9905905
288.241271
301.7146419
226.5145078
)
;
    }
}


// ************************************************************************* //
