/*--------------------------------*- C++ -*----------------------------------*\
| =========                 |                                                 |
| \\      /  F ield         | OpenFOAM: The Open Source CFD Toolbox           |
|  \\    /   O peration     | Version:  v1706                                 |
|   \\  /    A nd           | Web:      www.OpenFOAM.com                      |
|    \\/     M anipulation  |                                                 |
\*---------------------------------------------------------------------------*/
FoamFile
{
    version     2.0;
    format      ascii;
    class       volScalarField;
    location    "0.4543";
    object      overallT_mixture;
}
// * * * * * * * * * * * * * * * * * * * * * * * * * * * * * * * * * * * * * //

dimensions      [0 0 0 1 0 0 0];


internalField   nonuniform List<scalar> 
60268
(
2796.196216
3239.112305
3013.518927
3077.893888
3090.615601
3493.679354
2898.536111
3085.985775
3511.543802
3651.87239
3584.387957
2710.533553
2128.399055
3078.862184
3424.598946
3248.678207
2751.469823
2574.501425
2817.273306
2992.78925
3208.975829
3634.781717
1873.002064
2198.391927
2703.049254
3607.043326
3096.218473
2816.248201
2660.795763
2999.787244
3172.196283
3131.382583
2830.235846
2294.18957
2561.007597
3432.216505
3009.070612
3191.512755
3197.00276
2936.713754
3340.823842
2300.878779
2534.788162
2446.500158
2930.899852
2951.688129
2755.436863
3391.252194
2799.834289
2389.661774
2313.254353
2459.751551
3017.960248
3275.552609
3065.190758
2818.472893
2381.988068
2174.008347
2726.955812
3153.697022
3343.671955
3292.269628
3399.822598
3186.712911
3262.383562
3545.951814
3721.501088
3538.924374
3355.792257
3402.000722
3501.521857
3491.503363
3374.384019
3314.105613
1768.242177
2511.677268
2525.8436
2313.481236
2533.671663
2909.527654
3319.351319
3261.346868
3049.369893
2973.569819
3274.399565
3486.71556
3283.908676
3508.679023
3595.331644
3715.250792
3643.618016
3447.550067
3334.501023
3185.743996
2210.667018
2207.541937
2677.011364
2538.926793
2555.997204
2650.514671
2719.217323
3902.73333
3566.868319
3480.190567
3460.031932
3556.883698
3232.97167
3430.185254
3636.345348
3524.049076
3406.654088
3065.056358
3133.675906
3263.125598
2183.265172
2499.074831
2208.587658
2419.821528
2525.189668
2374.469846
2464.294825
2784.715251
3318.685609
3870.541986
3863.947635
3548.309687
3558.433813
3616.320324
3546.637288
3290.561508
3723.360377
3472.293153
3471.118103
1884.279874
2529.798851
2278.094256
2179.221171
2226.971551
2427.676933
2791.057249
3151.463083
3254.678795
3397.916625
3599.933467
3719.3426
3441.582061
3453.426723
3193.98645
3472.443589
3123.422117
3432.154741
3634.497027
2577.471874
1705.702962
2148.356605
2055.267237
2766.218009
2937.28983
2796.857404
2676.587457
2966.037161
2908.444012
3193.929476
3374.991692
3243.10839
3095.929789
3320.109217
3254.493646
3509.453608
3562.015595
2617.929098
1600.911972
1759.831361
2326.357967
2631.193713
2748.486865
2612.897213
2775.59743
2707.734816
2988.95998
2798.67798
2992.47164
3043.657615
3262.158472
3276.29512
3360.121154
2954.266081
2021.689535
2481.227918
2107.090505
3019.765408
2608.963178
2509.725319
2960.936171
2791.590812
2637.764542
2669.712716
3347.240489
3253.75001
3286.926348
3138.271358
2890.899233
2444.715492
2124.095761
2878.85188
2531.871267
2499.028339
2947.460384
2853.095153
2671.758846
2522.852521
2488.935862
3028.076996
3096.65678
3223.694225
1195.721749
2080.914125
2350.279362
2863.714507
2896.919369
2607.222426
2485.442817
2704.475697
2822.545546
2878.492312
3094.399581
2324.924483
2374.396048
2329.301766
2711.271192
2713.23958
2842.150112
2794.654092
1016.429864
1975.788058
2608.289163
2913.22476
2919.061597
2161.799826
2849.725029
3282.16857
3811.890776
3578.775659
3650.106415
3717.717521
3715.16279
3836.018528
3934.37821
4032.503742
4004.595324
3696.184565
3479.016087
3432.698627
3368.912922
3403.436031
2874.334908
2955.316133
1268.216442
1773.812339
2045.816948
2173.310391
2311.123739
2673.55625
3131.312029
2870.043989
3351.273472
3393.306528
3907.599016
3683.324562
3795.803302
3770.013739
3879.541077
4040.437743
3962.189312
3739.472858
3521.028467
3703.391337
3456.0559
3369.727386
3287.751317
3147.368952
3180.64867
2092.214886
2187.316238
2643.570189
2729.384394
3505.225476
3204.127791
3319.337025
3302.92495
3778.791543
4259.511995
4018.028727
3859.921188
3731.050836
3486.070202
3678.254456
3732.940626
3893.147489
3896.431433
3420.719481
3379.482132
3351.417459
2928.840971
3052.849481
1441.773722
2260.143699
1958.564243
2410.253965
2598.215805
2307.941785
2666.503677
2928.25492
2963.485584
3620.344012
4151.05973
3907.758118
4141.468948
3612.845975
3989.859614
3870.165381
3658.601665
3666.797065
3964.650447
3143.404426
3048.860786
2888.011185
3067.382431
2990.593482
2270.997223
2127.148259
1156.014577
1726.242594
2627.74351
2782.589147
2142.16435
2941.385814
3697.868931
3812.893776
3891.022849
4051.946727
3809.417781
4073.787171
3816.829131
3587.981159
3516.029931
3501.724407
3294.878381
3611.9363
3576.393793
3629.514974
3489.584699
3316.267629
2216.475078
1906.197918
1809.532775
2281.896622
2383.023509
2707.03379
3052.403799
3574.60608
3139.546143
3157.895231
3199.042023
3060.188098
3438.846746
3621.955569
3472.047748
3343.542923
3594.90546
3590.532472
3271.445566
3292.943922
3227.646679
3141.693584
3133.008319
1725.593918
2223.894135
2543.20272
2241.382585
2070.075996
2418.763562
2817.43563
2933.068453
2572.689279
2541.168491
3471.678819
3688.819704
3153.666463
3725.457167
3594.106087
3795.926882
3667.558274
3725.537113
3279.803491
3386.074738
3207.127548
3140.572292
2931.413887
2135.227049
1778.114283
1728.834344
2510.120769
2592.975642
2524.685397
3088.809535
2716.93466
2881.009451
3746.43852
3001.802679
3134.971333
3674.075676
3226.463669
3272.722597
3285.192039
3424.270788
3193.230265
3007.592991
3058.099265
3148.002201
3145.189454
1184.341328
2115.622477
1481.678484
2457.382153
2387.31071
2766.669723
3063.710123
2549.576502
2837.898031
3003.890835
3212.881659
3362.054748
3372.702696
3860.341612
3741.334715
3261.957009
3239.749135
3111.626661
2888.013728
3151.580374
2729.650415
1564.252088
1986.866562
2162.529058
1982.517204
2480.668538
2771.046035
3025.429797
2968.970583
2956.083217
2705.853304
3007.033765
3219.646341
3392.7672
3246.79422
3194.079211
2944.555884
3310.61386
3306.808494
3166.29019
3523.302009
1910.317396
1965.647719
2537.604394
2649.960202
2374.400194
2760.180714
2903.038097
2952.148273
2277.249879
3054.500554
2788.522142
3301.412712
3368.527587
3054.239263
3305.39158
3176.707051
2781.002902
2870.219322
1681.219661
2022.828629
2656.932823
2611.003839
2857.218089
2583.102841
3001.316939
2619.906834
2655.625719
2603.892427
3001.471978
2982.940001
2926.780469
2847.857013
2676.499525
2725.470854
2322.94354
1859.5003
3326.942155
2247.818304
3353.018681
2843.267415
2703.14441
2708.02415
2479.755105
2439.365444
2629.2221
3074.48576
2942.546677
2537.49476
2005.804698
2273.821581
1997.972042
2774.036665
2288.179338
2367.418459
2632.605868
2439.176277
1268.557432
2044.023482
1347.329469
1801.067756
2253.084703
2154.314794
2977.91181
2947.263637
2278.450284
3277.548635
3434.750947
4068.429623
4078.62978
4373.393095
4074.844755
4252.528243
4240.384825
4200.690146
4115.934159
3519.271665
3592.830356
3750.614568
3650.613452
3511.609865
3282.991161
3570.305299
3583.886603
1441.653617
1549.879106
1337.195202
1481.091805
3010.613004
3010.092236
2596.903943
3214.899601
3152.494204
3999.225235
4001.010232
4108.936709
4234.75419
4616.560187
4304.966534
3866.787058
4405.968508
4291.438553
3934.383414
3983.745549
4074.346286
3922.566196
3588.114683
3489.193379
3431.925748
3452.950504
3561.106591
1090.916417
1390.867879
1558.028354
2108.516799
2605.957411
2288.698312
3076.180085
2569.332513
3585.15739
3727.97192
3925.126494
4112.347408
4501.562425
4166.383364
3632.875605
3921.356987
4359.691536
4093.866392
4292.877034
3868.446712
3523.512373
3689.526113
3607.689666
3327.857264
3221.920095
3281.596246
3324.932917
1215.130472
1452.711997
1809.348514
3269.788935
2733.823089
3131.215013
3611.715946
3502.880786
3827.154877
3673.574748
4380.877218
4506.249081
3888.82689
3842.10457
3835.216709
3887.050503
3846.708992
3583.628877
3616.951
3504.072484
3122.147099
3178.90204
3315.056257
3015.704669
3169.730796
3219.481574
1598.250475
1467.235654
2293.470801
1842.005666
2386.973924
2371.295008
3475.07484
2835.35841
3116.497773
3537.874937
3755.652114
3963.938649
3940.728124
4154.385443
3969.375216
4057.289498
3687.06577
3627.132556
3678.845077
3595.022399
3364.548898
3270.090733
3188.50482
3243.95068
3147.976685
3071.796618
2267.019935
1548.556538
1932.401997
2187.36672
1936.188325
2205.441292
3128.899157
3165.646654
3489.775338
3624.92959
4028.305856
3843.135515
3870.026829
3512.140629
3924.343025
3931.322849
3973.743889
3684.70369
3842.822672
3693.721339
3402.411445
3482.967009
3397.747438
3108.488198
3239.613087
3047.663724
2458.142046
1271.261413
1952.50364
2723.29717
2963.086603
2289.654103
2359.859822
3296.076245
2968.540515
3478.289949
3763.357503
2898.545275
3826.224748
3762.716647
3709.670309
3740.622385
3925.296542
3644.409021
3711.191207
3897.102241
3371.274383
3268.850633
3344.448155
3173.993425
3182.159083
3275.671036
1448.090832
1117.514505
1840.331573
2306.317437
2372.138017
2037.918794
3348.292986
3649.90648
3542.805861
2982.922187
2994.597131
3959.01923
3244.785345
4017.004205
3855.838891
3934.00391
3791.596968
3455.627955
3540.2257
3403.069213
3380.734009
2811.516219
2938.106961
3098.046749
3214.637958
1896.467155
981.4469642
1531.809695
1723.98383
1809.084517
2581.499196
2747.369964
2594.830385
3516.892053
3163.40492
3103.471485
3222.216547
3400.449332
3254.04381
3637.110108
3806.890493
3716.785959
3391.68635
3296.459487
3572.156347
3471.036768
3359.375331
2968.99995
3073.753336
3145.950874
1748.030401
1015.397961
1145.321569
2347.452577
2590.206936
2646.729208
2935.943997
2808.888765
2702.440425
3395.286147
3537.018805
3143.050642
3826.647278
3473.102031
3707.934875
3672.772956
3626.186121
3600.295438
3330.615504
3366.047213
3479.412531
3106.825507
2933.657159
3083.611504
1315.102786
1408.221625
2237.014101
2081.432767
2615.791945
2938.431431
2850.02696
3452.45715
3143.885472
3015.107853
3191.402445
3230.427624
3274.368552
3678.093677
3821.602429
3422.6326
3477.209389
3455.732566
3162.129391
3172.739896
3233.020969
3328.330067
3040.753548
1807.251743
1416.660109
1389.519353
1619.765519
2007.956903
2172.52511
2672.045686
2972.34881
2854.606822
2823.969395
2930.470603
2905.678701
3159.499603
3103.718896
3205.912859
2865.115807
2945.293956
2950.149004
3132.537739
2877.619352
2794.880201
2832.104657
2578.577162
1322.278409
1313.633477
1932.67686
2288.828821
2536.519844
2533.613422
3455.097602
2785.530535
3026.366464
2708.875966
2835.569307
2996.338322
2878.440765
2893.403929
3301.492041
3081.806031
3139.443224
3386.86475
2976.731771
2911.579642
3188.080925
993.2093477
1217.396692
1174.097429
1785.515008
1917.005838
2548.529716
3072.228456
2790.601851
2899.072933
2832.333901
2421.702302
2748.864447
2924.849205
3109.972003
2957.460346
2551.741834
2850.416991
2894.747857
2841.547168
2186.90252
1893.035185
2496.465359
2671.024845
2026.697601
2840.888491
2522.124058
2094.277811
2352.685378
2943.821533
2754.5845
2805.956584
2953.423947
2723.411437
2870.430917
2776.718769
1882.991108
1669.410191
2250.402055
2262.985796
2134.185375
2238.482315
2364.71913
2302.359964
2375.350318
2711.74324
2749.195866
2626.268616
2760.040589
1922.985524
2137.759
1779.048781
2325.747578
2481.421166
2205.833153
1837.85794
667.6984537
849.3477656
1108.260514
2488.575363
1677.626485
2252.127148
2941.505948
2543.261298
3592.994748
3258.612353
3080.364574
3972.133318
4355.599268
4458.75883
4627.321929
4448.59865
4611.359578
4304.768429
4254.734919
4482.908425
4026.178379
3848.917497
3692.377741
3466.365782
3566.842963
3165.398872
3455.497944
3529.522002
3142.424267
775.4679235
1278.82195
1378.473158
1859.559614
1751.938134
1934.108851
2856.356838
3199.773007
3208.771105
4563.348833
3972.37371
3927.393114
4132.03981
4357.99577
4930.088206
4228.323581
4596.578274
4831.210238
4763.083637
4703.687649
4333.105221
4064.638217
3923.526161
3756.520803
3527.080629
3723.815515
3517.262653
3549.968433
3399.036639
1824.774157
1563.354407
1790.557235
2830.41007
2407.432513
2276.239071
2967.791612
3534.56185
3604.52782
4599.898435
4251.75385
4549.821398
4699.93781
4267.851758
4417.208903
4361.510242
5157.306002
4501.96288
3803.979184
3619.452389
3515.80389
3846.110328
3377.204486
3392.857981
3413.534688
3586.056702
3393.887565
3470.68037
1228.313959
1584.582362
1359.355801
2884.804931
2911.284626
3602.164782
3363.629892
3865.61506
3528.526131
4004.257897
3545.613537
4103.04889
4320.792868
3995.684713
4075.623489
4202.527668
3898.829215
3890.714253
3870.740896
4257.734261
4015.138012
3761.687916
3697.177771
3429.70391
3232.10915
3177.976994
2991.743882
2950.72408
1040.08417
1097.975476
1687.595017
2527.238039
2334.972399
2504.289227
3079.262793
3546.713748
4050.716052
3556.389618
3958.376208
3742.003909
4073.095573
3822.603983
4311.269524
4191.338116
4046.492681
4109.081951
3944.081157
3858.641676
3865.269593
3376.749297
3179.812306
3453.065423
3255.966005
3237.873048
3206.208796
3055.475981
1560.346543
1468.091685
2686.085551
1803.758436
2851.299999
2660.42658
2415.079359
3161.118426
3500.570489
3451.755259
3949.205381
3839.964256
3812.327084
3819.428918
4428.545887
3825.582086
4254.603518
3945.427354
3906.83501
3908.933112
3669.541037
3929.527935
3608.052495
3337.102617
3063.447142
3120.410745
3213.937106
3217.194905
632.0695092
1123.271542
1456.944688
1825.078378
2306.740418
2608.817653
3180.606219
2971.919247
3189.470146
3570.832512
3990.598689
3989.48499
3859.688641
3421.757368
4084.99783
4088.157676
3975.777012
4206.36806
3814.256794
3746.297994
3615.009277
3335.125478
3308.260324
3331.180068
3174.426655
3224.052438
3221.46536
3164.755189
1534.708117
1974.601629
1915.837715
1320.196936
2589.732601
2915.818095
2751.031164
2956.400116
3924.142753
3369.787573
3241.911087
3466.538516
3935.99088
4008.715077
4269.556212
4009.891321
4129.507398
3725.443792
3366.81453
3363.317517
3472.034134
3202.518534
3248.612371
3268.781707
3472.509554
3521.041207
3467.548075
846.2941548
1133.729477
1547.859333
1937.262214
1626.104618
2781.643237
2644.878228
2904.341018
2549.426583
3082.655429
3567.385921
3060.830334
3847.424187
3910.788826
4013.684433
3783.515497
4144.802137
3852.231737
3626.026678
3575.069275
3582.977601
3468.76485
3241.503863
3291.432445
3205.893185
3132.148343
3318.027915
894.2476927
1388.333348
1361.786201
1573.848332
2553.098873
3048.743148
3711.008704
3402.328609
3165.117656
3532.461744
3661.403947
3766.955906
3695.308442
3753.782266
3914.920991
4023.153638
4241.569216
4070.861574
3807.34446
3867.854841
3637.2102
3631.916234
3185.806667
2995.295778
3015.865587
3159.639404
1610.77153
1383.561113
1421.389726
1702.042135
2214.306485
2013.037194
2612.114202
3152.080914
3061.180855
3685.519403
3578.593023
3446.629182
3705.357311
4071.584988
3690.838795
4030.612963
4007.890469
3816.813668
3673.253585
3455.24176
3287.735292
3533.504774
3394.072561
3171.33768
3271.605097
3093.336773
1973.534727
1584.508569
1485.507298
1663.670508
1767.109175
2345.276345
2934.975228
2891.543136
3153.959919
3057.757685
2964.178309
2916.658049
3248.153203
3614.245934
3500.862835
3518.204461
3595.245531
3399.518535
3238.320544
3493.810296
3127.912369
3147.923271
3321.936716
2763.125481
2947.755894
1082.501799
1595.362534
1243.721253
1693.002576
2030.893773
3008.865763
2650.186527
3877.328662
3769.726866
3636.239726
2584.894197
3280.599815
3375.916751
3117.405732
3052.204332
3405.313234
3467.846784
3239.327172
3153.695326
2911.412731
3001.731966
3195.103919
3041.811079
2950.108684
939.2810048
1827.497472
899.2544254
1652.344197
1840.000117
2203.766123
2807.8919
3239.277396
2828.686555
2539.569228
3079.536718
2907.150858
3128.03034
3129.530328
3374.555058
3220.091525
2558.675304
2774.376269
3196.767142
3135.189026
3041.346161
2900.822454
2887.349528
2554.667789
2205.222802
1338.032937
1962.452528
1593.559245
1772.165521
1888.885531
2123.990429
2268.918695
2211.098154
2356.070476
2903.228536
2652.973279
3042.336173
3247.257908
2711.416778
2815.845393
2741.51857
2681.040949
2887.657994
2768.067004
2666.660769
2715.036569
2508.106895
1793.881282
1680.959262
1828.949793
1866.049392
1782.372673
2031.53312
2295.262232
2699.824923
2762.075264
2662.592453
2520.411162
2977.667905
3145.587121
2878.24096
2944.573863
2858.239756
2621.276326
2647.093062
2738.729726
2885.945243
1284.339359
1884.959383
1602.719251
1771.370726
2007.847391
1929.82174
2148.304457
2632.043012
2671.031131
2609.995891
2773.092261
2693.202792
2755.222341
2699.928237
2554.570177
2361.507033
2573.60166
1805.291288
2208.366844
2200.210515
2376.729082
2243.242419
2758.40788
2645.242652
2763.118687
2272.74804
2452.668613
2568.648919
2688.033339
2226.579022
2058.557772
1792.980604
2065.288308
2124.411714
1776.139971
1766.479287
2071.209581
2194.109608
2549.143266
2315.099781
1369.305651
1075.359322
1403.096302
1934.985219
3068.231377
2763.11204
3468.87605
3836.193992
3344.928254
4452.055073
4202.377777
3495.430722
4817.103006
4900.550411
4899.584532
4979.743524
4738.512983
4738.190829
4476.851492
4794.958652
4322.595945
4109.280846
3921.360703
3799.617903
3932.896309
3477.318959
3423.420413
3334.870875
3221.232967
3470.25837
1118.478302
1349.552141
1841.944818
1654.101327
2402.356614
1963.471932
2594.316473
2620.769851
3692.999357
4122.10578
4222.114493
4527.700655
5061.529627
5107.781995
4666.663643
4720.768751
4608.94625
4323.283352
4197.612066
4430.995693
4343.68583
4250.11223
3777.847312
3793.884165
3584.137866
3461.640852
3493.00074
3511.630791
3543.987623
3391.055615
827.364659
1087.772985
1996.220392
1290.974672
2154.215237
3169.497705
1872.739627
2555.674917
3603.820919
4023.447703
4178.635885
4521.728175
4630.575868
4788.513087
4226.200744
3900.084156
4174.26802
4067.076366
4262.652702
3979.970808
3837.695449
3839.267836
3700.548499
3549.999523
3688.990633
3576.556537
3577.540811
3847.600119
3642.277597
3506.649411
1698.314764
1730.050047
1245.965229
2073.022119
1759.817628
2737.143148
3035.356188
3396.232411
3815.797272
4331.674377
3930.36446
4333.909733
3833.5427
4607.433866
4780.574911
4724.577607
4700.996075
4722.482261
4185.337535
4202.241247
4251.243675
4160.471706
4124.25423
3875.665654
4008.784913
4096.31197
3826.941446
3753.268332
3720.000594
3565.497093
1047.282436
936.4533866
1500.212057
1719.405094
2292.962498
3112.160289
3328.949433
3147.526942
3220.8782
3733.404764
3795.063148
3890.573261
4374.146396
4305.993134
3506.337939
4566.23087
4407.98607
4413.244388
4536.628618
4474.506035
4354.024942
4120.647337
3567.287183
3287.939078
3356.296565
3420.058236
3640.255785
3859.725098
3609.98731
3515.925188
762.4507784
670.0403555
1350.143222
1876.180107
1440.321719
2483.712052
2938.43761
3293.003018
3228.607807
4125.523749
4219.433849
4536.157989
4628.142714
4291.592463
4244.972252
4844.404483
4433.066316
4200.116462
4512.871679
4245.305137
4316.663816
3782.971425
3880.015371
3645.621476
3382.070165
3519.168807
3590.493271
3571.003762
3208.498776
3436.037827
1462.510751
923.082576
1723.024451
972.9399994
2364.078567
3287.57982
2850.738489
2775.74363
3396.369227
3782.486389
4072.271235
4283.585864
4055.72692
3916.214774
4131.42454
4164.686198
4106.082323
4033.546129
4061.144147
3782.53223
3750.569219
3633.126615
3561.668475
3433.724807
3313.663016
3586.58229
3477.241968
2943.987238
2659.522755
1004.457109
1877.725
1195.730338
1739.360474
1840.591495
2496.597388
3393.52892
3527.203479
3447.388554
3756.403489
3857.66572
4035.493567
3600.259137
3361.99667
4333.440092
3971.271405
3921.031302
4113.83138
4074.454543
3773.844747
3482.07723
3338.629756
3356.865446
3372.562769
3372.23144
3380.022465
3158.214572
3513.612236
3341.325611
2657.41186
2163.243487
1462.400791
1593.219592
1358.752626
1739.61915
1945.300892
3127.337798
3522.302462
3605.740752
3441.124119
3525.645671
4155.712356
4004.983969
4351.891951
4380.735024
4382.611132
4133.277703
3945.93123
3696.544936
3505.921176
3913.816204
3506.150923
3527.235975
3270.912283
3390.230417
3457.33778
3247.70785
2883.408074
1600.349143
1081.006089
1361.997303
2054.800513
1665.255681
2789.622451
3177.588725
3130.399801
3668.596618
3757.868896
3766.834905
3805.741933
4017.433199
3526.652917
4074.264609
4076.128597
4120.619068
4097.091232
3893.298944
3859.928423
3744.996827
3648.937596
3676.313507
3476.212546
3061.249772
3458.112851
3384.349345
3025.801376
510.5488044
1028.907752
1741.165248
2214.698138
1621.933527
2573.328618
2352.696425
2706.096436
3376.222274
3149.445397
3159.630293
3536.563681
3839.528924
3528.723725
4182.161193
3960.286818
3972.055196
4030.497307
4120.112807
3790.96734
3872.980883
3605.748101
3511.767598
3587.710115
3607.061593
3280.282812
3324.472508
3126.256004
2228.703532
898.9721341
1242.413147
1409.70558
1726.109293
1991.919151
2628.369621
2825.007703
3064.415453
3385.065353
3475.772695
3119.562415
3206.415896
3434.966213
3772.709288
3576.146376
3441.66941
3613.981307
3521.771156
3306.170912
3339.460608
3308.147768
3409.283567
3379.280398
3339.248078
3242.638406
3124.599285
920.5203842
922.4703416
1114.071114
1755.814003
1733.76274
1636.749499
2542.318924
2820.954327
2586.002538
3297.702903
3876.967649
3675.600968
3804.109273
3654.35921
3684.897085
3762.263784
3373.771072
3563.989748
3520.076708
3724.932711
3552.764906
3149.383583
2978.630243
2865.026912
2561.432336
2692.05206
2787.270217
728.1974115
1331.503807
1972.471656
1902.255146
1848.51914
2531.906657
2415.270381
2534.908263
2620.40165
2940.010093
2856.520707
3269.93603
3047.433553
3293.069078
3154.827641
3166.935317
3204.267037
2964.791917
3289.661674
3468.259966
3242.546416
3273.92139
3097.39657
3219.00252
3048.445522
3005.944041
813.3695277
1138.640145
1794.353311
2350.177905
2253.122163
1909.488132
2281.546242
2523.570479
2792.342446
2839.28127
2794.039447
2892.925307
2951.917676
2756.390326
3448.896451
3165.020273
2758.764831
2799.624441
2861.055893
2998.04884
2816.450853
2921.61527
2852.893812
2778.437741
2847.813158
1253.690483
2463.27694
1394.276838
1916.275411
2429.719437
1856.096743
2620.464727
2517.076284
2258.58091
2439.19312
2778.653944
3023.205816
2860.800348
2809.21557
3036.939068
3045.634469
2800.750916
2837.062995
2871.583519
2747.485725
2559.033463
2696.128017
2808.544482
2681.801113
632.3251312
1334.994212
1089.991735
1793.200892
2148.224796
2500.661288
2131.905169
2525.157794
2523.714076
2933.706596
3140.450498
3452.549684
2661.280786
3086.795643
2876.678822
2838.619753
2487.244394
2868.669517
2852.986201
2774.872757
2529.318551
2650.754958
2741.079068
1426.477834
1466.351738
1490.640359
1748.200419
2008.867832
1793.935817
2335.355874
2951.139443
2706.241569
2485.630236
2805.097552
2774.685161
2754.395125
2679.223323
2587.692461
2664.125314
2568.008179
2672.232639
2659.35511
2550.637065
2177.702571
1394.737779
1781.626334
1439.631987
1807.054359
2106.721433
2066.809862
1995.321733
1876.481252
2516.270661
2178.311328
2200.71172
2731.243583
2692.868342
2585.956656
2517.274409
2491.988595
2153.200032
2603.105383
1333.5986
1681.280506
2086.974195
1965.952196
1517.815
1871.308852
1969.032726
2134.12292
1930.53385
1816.988229
2344.388684
2346.769266
2137.30029
2738.425313
1763.247379
1335.724699
2095.428516
2193.134057
1675.694444
1924.490491
1621.801827
2303.143149
964.2214922
501.9906477
619.6737364
1903.654811
1802.440002
2196.995012
2509.784822
2492.713172
3743.241809
3447.710463
3891.74326
5246.374182
4363.719022
4832.75266
5055.013316
5542.937625
5359.176332
5454.093414
5129.215804
4816.441047
4869.039145
4331.925625
3865.469327
3700.965562
3917.300349
3595.994875
3559.838352
3613.694509
3764.879465
3499.584036
3392.487523
3505.971173
268.7459735
1176.627321
990.8096019
2274.752777
1861.81392
2450.442579
2715.85446
3191.337656
3421.460904
4053.537023
4248.623844
5024.992495
5050.28843
5368.391808
5405.396634
5337.97543
5138.214745
4895.716445
4836.950523
4485.035416
4599.872155
4556.77956
4298.457783
4178.174628
4225.774144
3950.053623
3975.623909
3765.525209
3958.38651
3867.489147
3561.385169
3061.105298
972.7144242
586.383943
1052.821931
2128.775996
2678.233342
1961.399849
2560.997622
3057.118269
4044.818571
3290.782385
4734.961157
4087.4214
4549.5429
4792.104123
4942.021422
4504.15681
4505.320688
4184.3614
4866.230454
4382.942985
4489.384975
4521.496544
4119.47133
4231.827127
4073.709967
4215.157395
3790.438501
3730.156418
3370.008124
3484.237051
3502.204626
3594.954128
616.1947476
1643.656103
1511.116513
2148.623662
1549.646496
1324.675715
2873.404559
3429.867919
2790.909127
3505.925361
4427.244166
4572.956719
4568.47082
4472.045021
4929.954414
5179.251484
5195.713093
5092.297889
4871.453367
4362.708345
4585.312419
4552.620495
4474.134441
4029.696665
3845.093254
3755.856463
3815.276713
3658.611356
3758.932804
3560.202868
3516.356259
3532.663002
773.1013437
1524.185666
855.8852487
2036.445919
1981.613368
3356.960007
3151.515961
3132.111303
3449.642063
3884.094331
3848.402803
4952.183238
4632.468602
4663.592392
4494.357389
4552.281246
4281.548427
4439.025836
5049.410996
4672.427489
3977.144306
3790.14761
3651.545151
3585.348328
3923.930748
3970.236323
3677.315995
3454.338252
3654.11197
3733.800889
3760.33645
1087.225314
1504.785684
784.324156
1614.107293
1851.022182
1625.859053
4100.714757
3456.689867
3652.862151
4309.433534
4636.311828
4559.315891
4715.770788
5166.62634
4540.423733
4893.441084
5011.336616
4671.110121
4855.66498
4465.27685
4588.522026
3929.698039
3841.575165
3744.665207
3677.376922
4016.026117
3872.718215
3640.279951
3677.759202
3479.708448
3439.652678
1342.402293
1495.628775
1864.591983
2068.364441
1291.16985
1290.615199
2967.583025
3458.183327
3682.746379
3490.704744
4270.421815
4265.891704
4355.934454
4492.648457
4261.039406
4494.856457
4473.122316
4600.065111
4583.885344
4438.392784
3989.092905
3998.803257
3934.00879
3621.298169
3656.923078
3613.534068
3641.690002
3690.496411
3386.377594
3206.305519
3087.654628
586.3997737
958.3218772
1506.807621
1192.017714
1922.437877
1882.331277
1982.801332
2552.764649
3294.525412
3140.185888
3477.320933
3605.366805
4202.250028
4118.578779
4131.122429
4352.61856
4678.811027
4376.91912
4410.200542
4646.668109
4288.564035
3778.477819
3765.947553
4034.116716
3948.702343
3704.486861
3472.524296
3217.067906
3442.844253
3501.438563
3350.070746
1184.694032
1404.689794
1406.347207
1535.776863
1547.774765
1977.649815
1644.176562
2857.134338
3213.464471
3701.41327
3807.797177
3327.991549
4466.556219
4678.084193
4305.339841
4757.099485
4749.376337
4532.941451
4375.267042
4381.68573
4141.766656
4133.337875
3883.410664
3969.939452
3695.363672
3371.357515
3605.921242
3165.04229
3000.595357
3121.487102
211.1725389
1393.487993
1918.291124
1626.850218
1929.287666
2329.912224
2692.603447
2821.388697
3010.667759
3397.101694
4313.634808
3909.316143
4272.506881
4832.000331
4102.982093
4542.979738
4436.942683
4229.421243
4367.16599
4240.4252
4185.201386
3972.934022
4019.871752
3800.185603
3648.531187
3538.364469
3332.255199
3102.414559
3091.731499
3078.421584
1239.515367
991.8115693
1623.686363
1462.188032
2162.312932
2829.365955
3029.695607
3433.634732
3865.79462
3831.820495
3709.684512
4007.855561
4222.617305
4510.777952
4170.793232
4145.703443
4110.583792
3989.476248
3999.89361
4133.940344
3908.689768
3656.10528
3902.25593
3735.033766
3716.209347
3442.259587
3455.208052
3419.621525
3288.014054
682.1828947
842.8969298
738.9199216
1625.955411
1791.228086
1736.181465
2353.396162
3136.69461
2964.759603
3325.651241
3428.3975
3965.128356
3625.887752
3693.862608
4158.860601
3772.432658
4012.504271
3822.034269
3974.811147
3811.228636
3508.086182
3300.117357
3281.399264
3324.218053
2966.900586
2843.486162
3071.890847
2912.582
2992.059744
436.5442659
766.6326999
1133.060744
1929.240625
2110.095402
1872.352238
2730.528851
3779.565753
2640.500347
2841.28746
3968.900944
4052.043625
4424.576374
4128.914354
4199.658277
4123.050492
3862.351356
3800.56016
3875.430852
3722.032308
3554.248916
3329.563349
3421.210788
3114.53462
2905.076166
2879.112516
3143.199243
3288.954464
954.8504956
961.6670246
1397.741701
1371.810899
1639.812893
2211.206059
2736.887304
2584.920613
3054.031126
3082.034864
3881.938524
3493.523061
2891.61381
3263.131292
3505.733342
3294.708174
3688.989053
3618.825868
3336.080183
3353.635387
3186.704398
3261.329825
3250.321126
3249.548326
3277.943372
3092.443187
2823.52892
2783.240621
1140.16309
695.3675685
1324.843406
1165.942149
1993.569237
2213.011905
2223.259546
2112.338631
2587.552433
2774.898176
2509.288058
3028.507145
3387.301162
3119.107563
3112.517307
3272.100053
3300.884989
3016.550075
3081.194964
3312.877146
2984.015995
3143.556558
3070.860554
3055.608265
3111.974223
2801.890987
2727.472725
699.4504394
786.2169604
1716.998835
1752.314532
1524.497846
1890.415766
2421.693842
2531.171946
2560.240019
2236.799641
2952.939655
3750.326444
3579.280075
3314.489885
2847.742149
3282.176388
3233.930952
2962.901814
2983.407132
2685.0419
2793.65494
2993.732687
2717.58783
2729.937696
2772.94538
2779.053797
923.3204235
1026.325294
1979.00447
1537.119721
1344.782171
2353.27389
2186.892278
2392.871626
2732.895415
2891.438525
3074.039441
3183.914811
2769.687563
2915.040174
3209.193275
2934.941226
2801.733457
2675.976116
3135.955434
2987.765974
2706.130595
2927.341504
2918.446368
2907.024298
2633.999733
1329.890541
1124.563837
1407.893732
1172.59126
1852.060163
1257.61207
1982.181677
2745.882806
2562.792075
2626.548116
2677.733279
2912.780076
2725.237523
2744.741235
2910.275081
3162.646079
2769.987415
2791.638728
2596.480701
2647.990207
2600.042551
2618.916519
2581.693769
2728.840858
836.3879519
905.1488721
1152.529173
1806.175743
1830.65132
2062.937225
2105.87949
1926.692811
2230.446805
2287.546165
2424.498071
2620.456804
2238.968263
2722.895166
2441.443336
2590.669502
2658.042775
2670.916485
2494.720783
2549.658774
2482.495328
2617.096671
2514.144818
1169.986261
1699.760315
1476.830196
1536.925221
1672.787656
1770.339163
2043.167573
1690.858846
2386.402552
2385.910593
2465.350613
2700.412628
2261.660199
2825.799628
2460.420953
2347.428558
2515.088568
2622.557124
2668.30829
2416.914292
2190.632889
949.5337084
701.9089033
1306.479763
2092.883538
1677.673322
1776.65296
2033.769325
2274.203247
1874.518026
2151.787617
2301.524078
2321.104156
2360.159671
2104.633593
2479.859101
2366.252212
2683.555838
1257.902677
1472.150484
1707.078238
1748.785736
1695.550637
1828.279664
1486.888749
1765.884616
1626.938577
2037.7981
2104.600252
2103.974419
1812.777794
1057.196854
1765.257347
1417.618542
1664.570072
799.566736
1306.576488
2103.725991
1180.112073
1674.053557
3241.758935
2667.474205
2764.981422
3714.254073
4615.455815
4949.19211
5258.885886
5727.323424
5129.961212
5605.221074
5655.696285
6167.269587
5810.734785
5710.165922
4910.682672
5289.597268
4557.02122
4007.291312
3837.536705
4306.178277
3851.965539
3799.715532
3571.627141
3572.313995
3346.607115
3566.645002
3530.866021
3311.887617
428.8826102
857.5777708
1998.971732
760.0518663
3014.182207
3102.522008
3952.29896
3616.413704
3906.696578
4910.73493
4302.437153
5472.019239
5471.690486
5168.920044
5533.09969
5969.779458
5041.426663
4942.060395
5382.850708
5090.784382
4701.763749
4780.702494
4315.78823
4233.138996
3849.56667
3766.625487
3691.386194
3863.370011
4224.401974
3851.095885
3633.028546
3680.277785
3610.856854
659.1071946
1015.226226
475.7592257
2082.418404
1295.736524
2494.826938
2458.82991
2724.617996
3394.876416
5197.037596
4665.963457
4499.532046
4719.011474
4776.683215
6169.988426
5564.386396
5819.56967
5458.366215
5393.129516
5021.101018
4706.166515
4656.775775
4395.330299
4334.862481
4268.655877
4395.520549
4214.389866
4054.954693
3985.924836
4154.452846
3773.03742
3335.983096
3260.322192
1059.423711
1927.524758
1327.093806
1398.374605
1708.583899
1996.349663
2247.967509
3468.8302
3583.7963
2695.333858
4161.578047
4737.897277
5096.17347
5114.878413
4899.788679
5351.663395
5547.327686
5283.199899
5250.956993
4983.553854
4927.287712
4548.860691
4532.695299
4252.757842
4345.79441
4086.372147
4113.595254
3938.873691
3719.979561
3815.755754
3758.593522
3536.995046
3441.214832
1096.793069
558.7468494
710.9198403
1800.930648
1848.804261
2837.721621
2511.131942
3305.138626
3429.632107
3549.011767
4328.532469
4184.390648
4803.359315
5322.865396
4950.954222
5393.406171
5316.573322
4732.819312
4746.514605
5361.667516
5005.147714
4700.947188
4236.770201
4045.476294
4011.024571
4242.592377
4038.800907
3893.889934
3847.646431
3675.095286
3651.330531
3399.404029
3365.794214
572.803858
725.7688826
1661.531938
1730.131568
1557.895626
2116.642656
2651.895539
2535.749378
4029.300728
3486.753743
4970.82525
4739.704295
5237.0211
4686.525909
5863.855109
5198.472433
5010.340102
5202.747283
4978.028013
4651.23097
4923.794036
4286.182082
4301.153265
4215.640291
4054.173636
3820.695568
4142.78441
4094.164813
3836.012979
3463.907999
3473.193577
3569.430324
3398.586297
865.0344659
2017.074676
1807.530093
1737.046202
2182.857172
2294.896875
2741.936735
2884.552326
4105.243812
3826.921109
4461.921425
4784.33503
4771.137343
5197.229025
5522.295156
5490.935877
5820.159366
5507.43566
5363.552692
4822.525122
4363.058657
4092.875073
4163.75955
4252.463025
3997.25981
4079.891811
4000.340809
3744.830439
3913.788135
3355.187397
3081.431645
3058.948554
702.5201461
1196.806238
1246.842734
1517.609972
1950.448998
1799.73658
2760.341681
2698.14567
3363.142788
3724.824566
3539.457914
4339.77069
4389.729845
4576.923441
4325.94252
4344.058297
4805.184767
4778.731737
4640.610487
4735.014839
4395.705085
4424.643576
4470.334559
4243.063445
3964.896833
3581.834482
3340.780855
3405.91974
3361.529948
3183.776717
3344.202633
3263.229842
721.3586987
836.4272869
679.1059052
1457.9086
2277.242846
1781.15241
2695.785505
1899.644881
2740.291971
2697.826368
4054.086399
4280.744612
4612.807676
4596.203727
5067.861737
4828.087502
4777.249892
5185.633646
4457.074989
4772.729662
4755.745163
4525.440665
4140.399395
4134.683403
3968.524237
3809.565297
3947.278662
3766.37021
3118.325728
2847.318613
2976.980308
3169.069389
1008.913505
1280.28762
1038.875858
1577.079309
1909.442405
2263.904522
2177.34942
2987.088074
4063.225615
4009.9381
3772.715538
4175.402985
4442.989053
5116.515059
4751.8933
4787.09824
4592.096746
4792.56004
4679.958329
4344.000684
4259.854774
4224.539274
4260.39873
4080.640582
4097.772749
3628.883321
3261.019803
3258.508287
3259.709896
3059.122769
3041.918724
739.938504
1124.540752
583.679994
1510.445659
1329.121867
1300.369328
2533.325
3515.899431
4214.648732
4318.332909
3778.807871
4008.066783
4137.348651
4616.516333
4923.576237
5166.168151
4834.860269
4710.100474
4076.75159
4468.013323
3940.409001
3671.350521
3659.700611
3824.022494
3639.912423
3568.578302
3586.154449
3422.698681
3088.782953
3244.237256
3142.359294
769.244617
1089.174136
1203.250315
1365.858004
2076.656376
2028.315292
2794.236241
2807.747975
4158.84979
3367.684499
3463.891733
4152.891712
4053.138078
3712.5319
4391.738179
4417.238596
3933.646464
3723.797223
3764.693444
3663.082529
3494.063518
3636.337157
3554.598856
3458.497144
3209.948309
2906.878622
3255.644636
3072.035145
3164.12817
3089.131197
851.4267944
1304.619433
692.4785949
1430.974947
1739.928618
2492.307284
2162.632393
2982.593439
2728.526887
3290.733702
3024.914767
3793.62983
4181.18902
3964.318875
4041.077274
4201.815732
4045.830908
3829.299306
3572.763294
3364.235701
3747.785524
3000.640798
3044.194251
3361.404838
3050.822311
3008.272234
2980.077234
3183.595376
3252.747683
3204.940462
663.8426369
1555.553253
871.4625964
1841.096097
1602.982953
2505.142346
2637.244636
2635.907691
2496.190332
3460.719505
3926.918336
3039.471869
3333.227541
3855.510995
3424.564549
3707.920457
3804.426828
3953.916821
3597.559226
3674.52506
3375.490148
3656.813053
3384.417226
3356.77455
3086.207931
3203.712079
3168.951377
3168.932075
2990.634927
404.2543418
865.2842019
1028.750236
1155.40572
1081.99311
1885.096678
1760.745916
2267.569012
2409.941425
3534.576003
3655.129769
3096.913999
3693.531716
3796.919996
3377.499345
3326.836581
3241.164726
3801.655166
3367.25601
3071.985781
3519.560657
3101.406454
3325.58114
3110.939545
3109.702771
2979.145977
2997.021379
3007.021186
2710.660209
1060.137452
588.2970066
813.3570589
1424.300254
1780.696448
2002.15978
1641.818945
2435.766908
2861.109804
3427.69031
3249.381805
3347.038812
3187.316737
3301.72618
3319.323399
3037.079277
3076.228644
3364.791217
2830.032527
3008.381805
3056.917737
3243.783954
3168.265982
2812.55334
2605.332906
2866.130625
2875.728271
2746.470528
348.6454634
815.2047928
1330.657261
1739.883763
1205.792929
1767.343034
1468.213602
2016.877086
1970.612219
3275.321971
3436.843759
3019.017987
3481.980562
3182.612271
3185.157931
3257.135588
3346.240701
3000.251452
2955.880853
2946.859969
3060.393246
3058.828406
3249.924724
3309.259582
2859.865706
2925.834141
2762.616176
668.3868852
1207.095499
1630.078344
1399.629965
2084.47065
1628.994811
2008.259136
1950.628838
2554.102643
2307.18592
2412.052195
2846.278606
2694.232845
2787.066131
2726.217079
2884.690169
2929.456343
2712.489695
2982.937386
2534.236337
2669.276375
2767.884131
2741.001538
2630.149851
2829.236107
2790.477013
1710.206531
1690.636454
1354.614933
1171.136489
1576.51273
1918.421749
2833.812845
2330.066433
2551.850969
2482.477574
2747.742646
2977.648238
2795.2074
2649.238147
2759.410819
2751.888725
2755.491221
2585.846815
2595.307492
2333.287138
2610.730768
2440.874476
2568.314772
2395.28535
2553.047046
1033.499424
1373.055006
1128.18239
1450.172435
1452.991482
1658.333082
1765.574397
1494.880945
1720.708414
2167.311895
2538.773072
2298.627594
2521.715443
2328.551484
2635.081208
2455.175609
2200.553693
2615.325063
2833.896728
2697.224608
2453.562746
2307.864649
2472.011673
2577.501559
652.7867502
1519.392762
1077.695513
1240.279643
885.5522239
1569.319483
1753.516912
1887.360476
2195.775937
2050.38818
2108.570289
2182.143143
2025.37037
2226.635506
2183.335599
2065.230112
1949.636493
2302.733634
2505.266669
2661.999768
2523.611161
2352.920544
2345.307159
569.8821155
615.8309069
1418.878417
1175.88579
1342.964534
1589.246161
1876.743038
1944.957349
1906.347126
1957.205043
2005.180353
2329.346381
2301.948132
2346.964421
2294.938851
2102.131412
2344.037466
2394.380843
2440.901103
1429.583997
1134.906568
1270.456517
1061.664664
1693.223339
1653.666673
1790.282255
1645.813058
1466.856381
1593.759821
2022.240858
1935.593964
1972.088535
1899.222516
1774.64148
1107.873308
1211.895091
1342.079128
1055.466124
1298.506281
1212.835899
1780.318365
1854.330174
1823.69114
592.478885
653.1580526
1700.819532
1333.397001
2156.388467
1805.981424
3702.955977
3106.918297
4207.221023
3627.927828
4606.524866
5066.028636
5497.23751
5175.845564
5548.85495
5764.648851
5678.436971
5979.783748
5890.436323
5037.963086
5179.13354
4835.342703
4525.104773
4415.359626
4166.677549
4171.354239
3918.206958
3901.845372
3649.609418
3693.942682
3618.467179
3628.384103
3492.581543
3583.393161
684.3344313
546.6309711
1053.985968
2003.118957
2157.54783
2851.635351
3245.89664
3519.895233
3909.474158
4976.637069
5332.645074
5871.619483
6137.638582
5206.245034
5843.547418
5706.420791
5313.240533
5599.578374
5692.86971
5766.078542
5355.003519
4673.600157
4165.811493
4457.762862
4658.665599
4113.05215
3963.896264
4096.324592
3804.094312
3471.195808
3490.068458
3516.262529
3470.419962
3516.777954
462.7138172
925.3154205
1110.567415
1182.094922
2364.280187
2716.452159
2276.058528
2947.618743
4152.447725
3537.922417
5633.494106
4832.561368
5540.76739
5376.378715
6203.860177
6066.504453
5677.354546
5515.736093
5729.317615
5634.967687
5226.632159
4881.769394
4662.04704
4636.071114
4328.720969
4355.489053
4331.226724
3890.998409
3634.085755
3268.986511
3093.370068
3138.512605
3156.898417
3381.055393
460.6847804
1115.513249
1372.229837
1979.09022
2378.170607
2434.676103
2700.43971
2947.59551
3799.212546
3994.979101
4917.078006
5115.181514
5509.83332
5476.412528
5498.255736
6049.502697
5908.216944
5640.772312
5470.640974
5162.348906
5287.524715
4901.763621
4881.440827
4379.403812
4098.629346
4367.26145
4094.442062
3782.701268
3819.166182
3659.903455
3459.165049
3596.691937
3477.323942
3328.250626
426.7273518
1543.388126
1314.189871
1666.392172
2126.672658
2004.96165
3598.13944
2957.534978
3359.779983
3087.433065
4048.948868
5355.699518
4997.92786
5978.25738
5497.187393
5676.932086
5885.402035
5222.767178
5353.943477
5071.666327
5294.354183
4400.529769
4150.984552
4174.704349
3983.592742
4069.061728
4147.703602
3791.357342
3326.069991
3312.389145
3366.764612
3091.338953
2970.645771
2984.048778
888.7947124
796.6961122
985.8946578
2088.253998
1984.70388
2159.423308
2405.21997
3978.989411
4509.018321
4335.301651
4702.690606
5347.991728
4722.217908
5493.086973
5650.342227
5683.182403
5390.243417
5586.461502
5517.24653
4974.336902
4809.030212
4538.781163
4424.033978
4038.849101
3864.915386
3767.539763
3864.189914
3913.603905
3677.080558
3623.346587
3707.35442
3893.457374
3615.347772
3359.69525
1662.495918
858.7165744
1347.27505
2084.979004
2032.661598
2441.691761
2095.62654
2409.101718
2981.892593
3851.547873
4082.565636
3736.64983
4916.041364
5073.231986
4869.927822
5506.183638
5165.840435
5123.108392
5329.090275
5209.543596
4936.176997
4333.014115
4321.742328
4189.015282
4165.739971
3783.995642
3575.138251
3475.787166
3705.45326
3528.006032
3349.969477
3337.368103
3495.782977
3304.358062
1002.565395
915.0680797
1382.12558
2085.564084
1546.901758
2367.388851
3625.06125
3697.003837
3552.773262
3568.920718
4302.831698
4494.275901
5717.057358
5009.620288
5150.290612
5570.837277
5358.737669
5121.928883
4652.701792
4793.932016
3962.85003
3801.05907
3848.866874
3779.055903
3536.105365
3495.511213
3381.688987
3261.285758
3199.066022
3187.699225
3437.164864
3370.904813
3418.806759
651.8580668
738.3354219
1083.339588
2132.089124
1903.919323
2187.327461
2283.772651
3713.554371
2525.624604
3877.575392
3973.890029
4419.710987
5208.663738
5349.30296
4975.594333
5513.338328
5451.240907
4658.46707
5217.966515
4791.510524
4228.426156
4261.018223
4256.78101
4270.035241
4401.22234
4141.109011
3722.067134
3505.242363
3499.291539
3229.772281
3303.075337
3351.465114
3474.931303
287.076281
293.4553645
1379.96164
1994.842562
1555.045508
1816.948524
1722.41596
3098.891941
3015.716035
3597.360946
3323.667067
4303.562886
3695.289687
4304.401457
5329.688785
5389.713928
4725.390823
5328.94614
4719.617219
4530.360675
4559.941739
4408.780387
4469.657881
4230.049101
3935.563987
3733.843938
3718.462804
3569.141632
3388.459031
3318.183634
3343.635155
3340.716551
3191.714987
587.3893364
1612.206759
1188.150118
906.3721689
1451.520076
1350.552288
1586.044497
2465.268143
3892.877674
3650.140815
3946.233471
3819.214502
3965.284871
4403.7942
4691.5417
4868.861191
4273.004357
4092.865307
4070.815215
3932.646261
3747.260415
3708.874376
3916.321074
3937.905851
3671.5441
3560.862759
3657.464155
3630.079514
3285.190073
3341.991139
3085.580764
3160.352794
304.388989
1139.687484
1345.266646
2041.724612
2095.51408
1593.666695
1256.436734
1986.793484
3512.971635
3922.059172
4877.777811
3783.727826
4898.223095
4654.358573
4348.853043
4583.482657
4695.3309
4705.212983
4802.807943
4398.893176
4253.023213
4197.584074
3923.871198
3998.10319
4015.331013
3875.96889
3526.28551
3542.897652
3231.921051
3363.632777
3184.474018
3251.144195
692.7227651
1095.252042
1296.680172
1713.09748
1901.291122
2185.211558
3339.596141
2862.131727
3462.498219
3332.158247
3713.404284
4782.300417
4125.371496
4036.931522
4594.119585
4260.837549
4178.082079
4213.079543
3984.134232
3986.817958
3990.263129
3835.252996
4001.706778
3882.611199
3406.005271
3242.806014
3367.59578
3467.990467
3111.604529
3230.931081
3109.070251
1258.043442
1507.908706
409.1098126
1541.068035
1633.07378
1582.767891
2035.159657
3359.57655
2653.167433
3621.285506
3792.251486
4584.241374
4259.744032
3479.534136
4226.371926
4053.947946
4256.800917
4440.001955
4258.281759
3751.187919
3539.991319
3749.719687
3606.654013
3647.841532
3459.212474
3442.289264
3388.835006
3382.040529
3241.122467
2980.350379
2930.446742
488.168797
1108.707437
1688.328901
1486.134583
1924.63305
2185.900067
1547.965836
1909.564469
2307.721291
2808.189901
3143.042478
3433.281918
3497.961278
4190.073707
4192.046555
3670.737147
3635.333996
4015.115497
3657.676302
3375.767618
3435.381098
3468.679184
3403.465213
3059.251221
3127.708713
3322.441607
3294.676751
3209.742494
3012.185339
2988.339353
858.5406224
1340.423334
862.4099044
2036.30628
1772.99593
1662.653712
2169.763651
2843.137885
1997.497355
2714.854637
3177.054304
3486.627151
3162.186099
3757.356162
3379.688361
3582.722986
3051.668301
2915.828532
3049.567952
3081.711725
3282.154533
3197.143918
2913.781981
3031.643108
3089.765426
3146.569256
2957.44713
3021.833397
3010.821559
512.542524
884.3335295
584.6973758
1175.694305
2086.268691
1504.929117
1399.373112
2075.978292
2800.162339
2048.542825
2796.212687
2650.131248
2962.163831
3468.741504
3456.965235
3058.755601
3405.167062
3348.887394
3396.689357
3325.862662
3260.259945
3074.658345
3105.46332
3077.668281
2946.611402
3068.704264
3186.845426
2800.628298
2659.024134
413.5392114
417.2394151
1182.089476
1926.124111
1466.169391
1185.291371
1830.355859
1809.733335
2757.951423
2549.785588
2700.770437
2606.795862
3095.244249
3149.906284
2936.035706
3458.737463
3518.357105
3371.842791
3113.203972
3195.081092
3219.388177
3129.089741
3226.346748
3184.281403
2974.065358
3030.070636
2741.6288
2538.061968
932.281917
1255.096803
1525.142456
1050.049775
1272.703296
1951.264121
1670.930741
1809.017917
2164.324925
2098.353296
2487.330111
2718.586468
3124.01505
3111.051841
3267.332313
3067.758058
3197.831702
3246.299847
2844.731928
2875.110613
3000.461543
2743.180982
2737.704886
2741.412003
2761.419408
2585.162147
2562.096157
755.352504
992.9925102
1455.313352
1165.635795
1373.311945
1806.641909
1633.469512
2312.507942
2000.27566
2120.922757
2370.854833
1975.078574
2506.950608
2435.244084
2783.297777
2720.521133
2569.681946
2669.207545
2591.910802
3000.399173
2814.414439
2673.753301
2737.17159
2741.302439
2713.331745
2594.061089
642.2237295
1492.778846
913.3059089
1662.981207
1967.609157
1872.054514
1833.692356
1889.644778
2177.555774
2120.541809
1999.341604
2198.957921
2361.694162
2165.73343
2383.634899
2369.37804
2636.184952
2645.543787
2711.661802
2878.711265
2518.615561
2336.595139
2478.710626
2454.411703
2647.869118
775.6485624
1219.118896
1005.401686
1846.280825
1529.922144
1645.317876
1493.026287
1878.698866
2206.083902
1447.432037
2053.442506
2259.230378
2198.291566
2408.333568
2317.169786
2457.316632
2389.287284
2312.771535
2362.44802
2345.575681
2479.457212
2462.404312
2271.019047
1313.713316
2269.647028
1060.616878
1282.04901
1091.126656
972.5249054
1503.05178
1789.399458
2106.881666
1503.988168
1883.265384
2708.254324
2548.890448
2152.03125
2163.102559
2158.025242
2148.435367
2215.228459
2166.255343
2030.021949
2473.289922
1017.198439
845.7026443
909.1223765
909.7471492
777.0675223
1348.166311
1543.977498
1483.839897
1298.147799
1680.011427
1783.276636
1836.086402
1762.370777
1820.008282
2128.701939
1893.601247
2182.035353
994.2197289
929.0573524
1042.811383
1196.617057
1406.943974
1771.85691
1471.856501
1885.888234
1627.490718
1743.732294
1618.245071
1745.218119
658.9690143
886.4711746
1530.562056
2606.96277
2600.316613
2781.908719
4103.634649
3981.180893
5029.31979
5030.992402
5383.391216
5713.754337
6363.175898
6302.710732
6264.620492
5997.093557
5841.1906
6381.907487
6262.153181
5874.555199
5111.418748
4764.838103
4588.906279
4459.531108
4595.778348
4724.614373
4422.13742
4390.188711
4174.419514
4162.320699
3995.737437
3817.042816
3847.261567
3703.671219
3282.042341
1769.257543
816.0429473
570.321093
1240.212539
1508.326744
2732.119325
2308.275598
3306.014796
3544.619506
4296.652181
4819.415297
5062.635266
5899.913251
5918.70646
5619.025391
5957.131139
6158.403779
6243.923054
5770.982476
5374.932456
4961.501851
4973.015083
4517.681561
4571.166809
4479.270345
4571.681131
4442.569022
4015.084144
4013.302453
3945.592984
3777.531718
3907.603125
3415.572019
3319.057637
3226.52663
1628.804044
502.4403545
1003.704215
2166.735325
1910.815811
2707.655932
4400.975197
3270.847082
3307.508371
4479.315063
4065.635288
5907.061263
5504.234778
6506.939488
6493.40102
6043.362043
6305.748271
6077.729461
5898.25014
5517.604616
5414.082123
5171.465011
5116.834535
4521.91046
4366.052712
4151.794784
3914.79328
3688.371723
3556.327818
3420.892881
3538.5758
3631.979111
3513.875739
3264.267202
2945.952521
1046.471808
861.7603542
1173.285671
1545.178338
2394.881774
2864.389391
3040.261351
3742.971111
3766.342243
4677.030304
5458.762442
6035.763257
5928.912679
6368.337605
5721.196198
6569.216691
6363.506712
6001.820465
5914.514071
5536.01026
5347.918675
5417.25344
5066.526632
4541.196506
4447.993159
4386.994857
3821.955512
3792.341378
3835.579607
3926.468903
3734.3649
3414.720362
3498.760858
3686.265468
3366.527396
927.7934437
716.5193821
1579.701845
2434.633661
1940.860723
2911.319468
2963.3152
4338.925359
4515.573717
4350.2563
4098.222243
5210.600932
6105.299782
5581.494535
5574.978181
6645.47567
6021.359175
5356.981002
6060.638661
5449.866309
5177.478865
4871.49202
4442.685588
4054.282481
3732.788142
4040.522017
3731.339032
3380.038353
3438.439297
3885.003034
3576.071703
3241.023612
3420.20616
3589.151773
3661.527835
1513.789842
1062.582342
1361.887143
1226.60371
2115.442762
2291.760003
3445.808622
3708.401034
4366.198187
5179.065524
4280.214705
4959.835746
5238.60827
5800.995782
5327.308288
6267.167621
6129.336247
5933.035702
5765.356677
5544.136155
5286.981234
4752.947718
4540.748975
4369.024421
4479.567077
4213.39508
4224.938284
4088.455773
3951.79794
4132.550728
3668.501053
3533.678782
3477.347772
3331.721676
3240.038321
559.8614442
1631.94696
821.9852195
1294.336942
1567.767433
2787.10138
3821.627329
2711.099044
4427.327745
3764.569036
4639.693995
5470.733863
5301.675309
5505.187614
5547.479314
5773.441113
5533.864325
5168.837477
4872.369694
5331.262048
5353.612239
4913.319979
4716.380458
4381.898299
4629.296232
4338.325902
4125.177922
4035.791719
4112.012325
4060.401126
3539.96959
3435.078924
3391.666393
3476.69033
3254.670317
666.0822431
1022.74956
1464.554213
1644.420878
1598.056295
2631.810442
2290.132827
2891.430928
3713.471974
4535.110349
5310.410182
5399.243294
5057.424649
5760.500392
6092.556445
5135.112057
5038.183667
5112.833107
5101.536266
4972.709573
4895.669102
4570.650972
4593.411478
4402.370167
4262.692237
4117.877678
3838.678461
3761.289454
3574.536131
3588.837123
3544.184878
3608.415778
3344.07416
3048.663565
468.983856
1012.303322
1328.713519
1359.30966
2103.235937
2495.355614
2735.59107
2581.325851
3067.531374
3471.508521
4348.166302
4544.684128
4919.691899
4966.758243
5560.583173
5632.658978
5623.443951
5494.305036
5181.08649
4814.468322
4619.776353
4702.948002
4766.698709
4567.303481
4458.427038
3857.298389
3621.25052
3408.460786
3319.834072
3507.15863
3419.914771
3830.671388
3984.735086
3471.904454
1266.138416
718.3294136
641.3834224
1829.889368
1299.691972
1844.701038
2773.970654
2780.274721
3009.38056
3481.478132
4241.259465
4302.35253
4343.583336
4721.546216
5211.104879
5937.36964
5090.024526
5733.559706
5169.752385
4507.135593
4667.107205
4433.565635
4373.375931
4015.092937
3654.886627
3766.566522
3840.639532
3812.069671
3749.651288
3499.372418
3293.378371
3225.013677
3217.359037
3395.915048
1033.736482
814.408806
1413.446603
1137.47388
1302.228958
2169.001265
2577.513489
3157.986346
4016.834639
4412.597935
4104.354643
3941.493638
5138.31881
5433.706083
5229.72039
4987.412827
4890.333421
4948.16438
4832.415059
5142.632
4763.152514
4456.886888
4337.677432
4042.014522
3483.152102
3379.840777
3421.431269
3397.822009
3629.056652
3719.654292
3390.099418
3442.773195
3418.599107
381.8596269
696.5941149
1080.264132
1523.981471
2483.159348
1849.519758
2260.732021
2779.16174
3408.7656
4138.292115
4330.6472
4370.987495
4331.48332
4946.325542
4540.656293
4311.218707
4680.094911
4658.75974
4630.593249
4218.847838
4449.321711
4352.239586
4104.529986
3985.085509
3954.22966
3273.563042
3226.722881
3335.798603
3121.604957
3074.032284
3450.459222
3205.997305
3242.865473
430.4354625
241.5501483
1246.29783
895.384532
2217.462844
1442.43638
2137.52152
1840.563946
3302.953072
3198.991013
4018.601736
4323.724561
4685.974166
4755.313214
4324.566444
4896.849546
4828.557917
4068.433993
4743.91728
4631.177615
4443.378581
4131.144744
3882.772289
4120.760944
3748.127191
3427.204842
3372.691652
3236.804991
3169.111873
3157.042352
3036.115699
2843.200675
2827.182486
781.8770735
607.9561685
1166.126789
1115.208961
2279.865417
1864.212285
2840.084111
3128.464311
2497.493661
3858.634514
3564.37314
4452.845061
4526.128771
4624.298271
4557.373118
4764.710779
4016.257926
4113.47124
4118.937956
4115.475098
3999.055635
4297.250152
4018.593457
3694.245547
3505.743287
3384.67189
3489.565317
3320.078583
3059.734542
2976.646767
3328.309066
3175.89987
1039.259942
1381.234475
2092.12664
2322.427491
2463.127018
2368.11338
2827.784623
2205.213667
2597.131569
3615.518575
3957.648678
3988.930542
3954.873774
4363.943172
4386.811096
4147.5734
4033.124473
3875.877668
3422.061098
3850.193445
3678.320701
3892.618981
3864.41313
3772.302631
3810.668986
3525.440086
3343.397438
3234.859728
3103.169467
2908.524931
2696.065727
2583.222855
881.8223072
890.653655
2031.91252
985.2423707
2273.872813
2056.947635
1614.706502
2341.481521
2814.223088
2763.024224
3236.076894
3959.289866
3332.971838
3574.245552
4338.10355
4006.252903
4003.30196
3666.51669
3563.426961
3836.343553
3597.468393
3454.116306
3409.889278
3366.281701
3335.231528
3267.620181
3020.725255
2791.839563
2913.131682
2768.579168
922.9781746
1226.551894
873.1089132
1492.427454
2337.840188
2163.879254
2366.933199
2395.41894
2052.880042
3226.758994
3394.797192
3500.99299
3306.660595
3167.108458
3598.712657
3778.033762
4144.498946
3990.381184
4033.875341
3637.804368
3843.869122
3573.346085
3352.089617
3510.876109
3187.496151
3154.38371
2702.655082
2490.55633
2606.346772
2618.567912
1314.07808
969.426365
979.94336
1275.117332
1431.343165
1593.038611
1422.512072
2732.80321
1654.105674
2361.682007
3000.399838
2761.839315
3098.72321
3595.632678
3444.798595
3678.915069
3557.360116
3401.409101
3231.070338
3060.991366
3528.290639
3440.716088
3194.254029
3354.255414
3068.500743
2997.095836
2804.272659
2966.443586
2791.704584
207.8513332
296.285226
1345.692172
1098.560023
1507.652035
1580.0619
1869.13526
1981.146465
1484.779304
2204.810956
2662.803139
2530.898473
2859.226922
3019.721574
3177.99645
3388.082444
3343.802041
3191.91814
3296.739445
3389.236278
3242.914058
3188.623847
3073.324285
3076.278511
3022.243041
2801.25026
2777.221037
2672.808821
2703.179568
874.1849448
671.0361775
435.0526576
1557.508453
1533.349611
1526.882009
1824.111513
2009.485415
2260.495157
2251.880296
2591.613
2816.536115
2528.755931
2928.275731
2801.122448
2684.32697
3098.33957
3023.902023
3024.05797
3013.363116
3292.287298
3164.290088
2790.225985
2538.048734
2711.769474
2722.363659
2477.806769
2386.393799
693.9767775
762.7031641
1163.452352
1119.525325
1634.25482
1280.01269
1506.821864
2141.426912
2517.075357
2625.101016
2682.765766
2687.951133
2366.117479
2068.843464
2175.599902
2330.573616
2948.620328
2632.239778
2996.845485
2787.313509
2651.999711
2838.637382
2848.02072
2563.617397
2407.671746
2321.338312
2183.066996
512.8142793
1223.045258
1496.309972
1480.416546
1517.81534
1365.498736
1597.575249
1832.115652
2040.68171
2374.706685
2257.37359
2068.040206
2534.783782
2392.949089
2362.28062
2562.303995
2342.610919
2489.675691
2328.395702
2212.906365
2442.720209
2503.848788
2345.256728
2507.961972
2494.549483
731.7872301
1404.256058
818.300112
1448.937635
1178.447593
1266.030221
1476.059364
1543.533989
1693.229311
2120.193133
1530.090545
1763.126782
1695.406805
1871.049976
2180.859917
2386.840781
2471.225548
2455.865831
2398.507285
2178.983855
2196.783069
2268.98023
2222.60388
2527.840217
863.3484111
1239.685587
1003.455785
1530.07991
1314.994608
1391.280243
1693.57691
1838.17421
1620.360059
2055.274214
1938.462919
1621.037664
1577.680609
1928.325163
2057.477744
1999.870921
1819.164001
2003.227301
2028.292716
1971.779863
1911.075967
2063.868962
1292.86335
1004.174139
1113.201996
1121.941557
1035.957297
1404.113729
1206.494309
1902.300962
1682.66615
1776.374527
1729.280711
1517.07169
1699.232042
1714.839144
1859.489409
2278.691081
2222.683124
1829.503684
1987.757498
833.7513981
863.896097
1154.671116
1148.029181
1024.813281
1486.288515
1826.234221
1881.509451
1601.346266
1421.256054
1624.399897
1468.661284
1699.058665
1079.881399
1427.605594
1022.578545
1191.853781
2096.361895
1460.053466
2490.104733
2862.431631
3014.185359
3692.582444
4690.379336
4548.834962
5444.763824
5906.354449
6800.766321
7628.546975
6515.156594
6186.212556
6846.275792
6891.07513
6357.730903
6123.613861
5355.808237
5089.813731
5062.059586
5086.411729
4812.426953
4896.939091
4594.017335
4010.308875
4102.719781
4066.90333
3958.436403
3706.179406
3902.328202
3467.334306
3475.581549
3744.962504
760.5649218
1212.581586
1839.134796
1524.59611
1289.024652
1524.876731
1655.6634
3981.538459
3656.577668
3636.194318
4813.100483
5795.851911
5854.142731
6406.010812
6864.62012
6469.085064
6138.655691
6587.809986
6337.313464
6007.034244
5152.104474
4841.017168
4916.223508
5077.748771
4912.484827
4876.816738
4589.402739
4360.404381
4372.325742
4077.934533
4199.532242
3971.302835
3691.664052
3438.22677
3238.074193
2977.316163
927.3229217
1204.309091
346.8715981
1679.550392
3603.454909
2926.207982
3302.392167
3240.043932
4604.42103
4495.3723
4720.672742
4237.020708
6016.325098
6150.728221
6793.681535
6658.705676
6204.889762
6553.343308
6214.773183
5759.302172
5601.030822
5475.245662
4716.327056
4461.203952
4592.325308
4483.631976
4508.198411
4239.924074
3816.674309
3450.741802
3601.811516
3750.675877
3604.555055
3621.450324
3245.337538
3534.996867
409.7977249
740.1980263
1160.619054
819.291165
2220.605943
2344.384731
3767.144502
3517.1198
3962.592455
4541.634908
4283.738481
5531.707987
5932.388435
6711.649579
5808.187951
6629.60062
7191.673286
6097.13413
6265.365568
5999.079206
5910.902153
5300.901829
4967.023733
4942.9383
4613.262374
4378.043296
4023.078744
3803.33508
4130.734532
4210.448137
4111.072602
3999.377428
3846.776704
3763.481372
3938.320475
3719.023877
932.5063339
1145.096155
1188.584466
873.837616
3135.273487
2106.15051
3356.194676
3510.094179
4023.143113
4916.440945
4578.94531
5441.233074
5851.367574
6240.082292
5584.257543
6004.004474
6043.041589
5838.101048
6022.191323
5954.105328
5410.044213
4837.910757
4677.801554
4421.235832
4384.481949
4606.431859
4316.667394
3901.649657
3934.472659
3872.576364
3489.257919
3581.674359
3670.27419
3443.520174
3538.253614
3320.092404
309.0990738
797.9537278
1311.00077
806.7318361
2763.183978
1584.137066
4098.462623
2871.276127
5143.947345
4947.155447
5532.722655
5926.902191
6046.990311
5759.304493
6338.830037
6800.768706
5896.97249
6351.852921
5563.551945
5968.560433
5482.273614
5196.839606
4530.997865
4792.546409
4700.8429
4596.013417
4360.969425
4373.982631
4454.47596
3609.206545
3414.327548
3466.531829
3621.877949
3546.896739
3286.166364
3498.01266
429.9365262
414.681216
736.351231
1037.794358
1949.192488
1957.839942
2824.834986
3461.01802
3502.828694
4329.840547
4776.418875
6169.450483
6917.557029
5968.146712
6176.859007
6549.425705
5310.337923
5610.990205
6127.274533
6036.010327
5877.129847
5317.718846
4833.59536
4607.937699
4681.729878
4631.568786
4784.423178
4185.308605
3995.226205
4152.147904
3615.305673
3725.136153
3491.854375
3582.853658
3501.545472
3386.576426
374.4965919
1269.723318
911.2585656
1458.778413
1554.998631
1898.581884
2799.04053
2516.789252
4255.236985
4610.457011
4665.090092
5432.070453
5317.75416
6166.684502
6481.180766
5307.688132
5335.075662
5183.462935
5153.921322
4905.455865
5157.866271
5167.673356
4667.597957
4367.688525
4509.600389
4258.646969
4047.907682
3986.438705
3622.026454
3710.804981
3872.068052
3632.589
3279.843383
3289.792442
3412.426641
678.3704396
880.8149747
805.9377441
1294.408034
2794.509479
1914.616461
2524.650295
2564.810793
4085.51385
4587.085157
4876.566645
4983.571618
4509.894799
5538.650051
5946.188762
5548.673849
5485.678806
5859.452445
5497.400643
5391.180804
4744.428956
4619.752245
4758.927932
4390.051702
4487.302202
4553.48503
4257.53396
4063.332687
4099.154617
3887.996356
3404.305733
3446.559349
4016.216136
3659.584883
3621.473732
1112.020269
1099.184003
812.0481655
1525.899024
2347.981986
2036.809454
3239.142847
3375.576264
3966.051073
3025.621758
4909.42742
4826.708258
5596.209576
5416.117917
5612.057102
5307.688102
5372.670955
5590.039529
4767.715333
4532.915081
4809.662848
4387.384981
4244.202133
4139.906619
3781.213018
3854.175334
4135.756659
4151.163469
4062.901337
4067.890021
3910.390099
3544.892528
3609.208147
3769.230725
3659.992026
940.3728893
809.4634754
1475.832224
1300.657477
2575.299813
2763.78815
2597.752224
3424.111548
3941.514437
4401.854553
4732.904011
4518.624073
4437.979589
4964.172304
5053.533196
5109.064618
5050.660751
5039.398094
5161.353121
5095.125189
4457.488214
4404.116069
4407.174109
3970.521075
3602.614028
3767.334492
3928.501045
3721.900133
3587.638184
3555.507013
3698.539162
3876.024009
3652.926413
3298.40727
309.2335801
771.1324047
1610.309637
1166.845182
2231.051597
2900.381995
2135.10609
3960.619948
2971.792216
3750.189072
5072.538043
5240.495477
5171.843152
5513.695369
4975.463786
4842.569787
4919.113419
4525.861191
4402.542233
4812.966684
4840.541185
4228.675331
3678.813596
3665.113887
3677.358022
3557.529002
3598.97673
3586.593089
3401.630209
3590.004352
3450.963699
3151.411948
3142.252167
2927.056708
228.6146374
517.6462055
479.0272106
2587.747981
1315.634182
1809.081832
2366.119795
2815.573315
3181.684031
3499.543287
3827.476323
3917.456145
4531.702977
5025.087655
4625.962162
4690.161241
4818.035328
4393.985558
4687.891753
4408.734771
4632.145277
4350.995413
4253.831955
4032.247487
3711.195984
3667.716139
3646.243568
3646.320399
3540.384041
3347.257529
3451.22848
3390.985851
3064.022041
3091.889708
474.8672914
908.0113208
1333.474361
2044.311536
2291.157632
2660.454048
3039.029089
2720.729327
3602.43356
3283.576461
3960.812394
3771.187713
3948.340343
4408.104229
4906.146191
4671.336518
4188.568751
4412.858862
4019.414449
4250.374192
4156.158901
4200.139627
4196.565724
3866.784632
3906.284009
3593.963089
3508.670755
3534.143234
3362.486691
3343.851017
3224.301207
2915.648527
2500.739645
693.4328166
1663.669384
1423.874675
1083.648657
1496.133656
1994.183974
2270.453585
3002.807773
2827.083755
2753.43417
3182.531447
4232.082865
4525.97251
3539.669472
4144.482122
5158.209913
4599.989611
4201.161871
3929.846491
3980.002409
3977.086984
4061.480131
3936.489313
3611.705585
3434.049286
3346.960761
3373.572719
3333.820492
2985.301292
3040.494539
3205.89516
3170.651868
3172.317209
686.7549371
1105.39587
1124.240285
1013.393436
1890.312827
1273.565763
2835.526407
2585.901889
2003.058338
3159.504513
3069.912646
3923.218077
4056.414371
3832.318841
3389.97641
3915.159913
3894.867091
4101.992683
3741.388316
3473.135107
3504.063472
3503.566315
3574.356386
3217.879566
3155.921338
3068.368785
2995.765236
2887.304508
2810.43487
2743.910326
2694.342907
2693.758145
857.0605183
1191.067423
1589.954524
1498.420306
1247.59977
1690.580496
2156.999904
2684.456616
2489.128812
3048.338167
3482.900043
4185.360004
3525.819182
3967.365875
4217.608106
3869.079201
3917.145549
3980.479881
3714.976546
3676.640195
3359.974259
3376.732572
3406.128176
3280.268996
3222.757926
3205.452278
3227.874937
3126.993051
2983.338494
2785.843758
2740.854544
358.9378525
1254.798541
626.0435945
903.137182
1984.77843
1275.790827
2264.964425
1728.106653
2126.280843
2123.941738
2643.836532
3006.709307
3460.024547
3575.471305
3492.187288
3402.806143
3635.000528
3567.037893
3452.070401
3215.193805
3382.503775
3430.700305
3296.989862
3333.524584
3238.252769
3089.754134
2989.30207
2952.578003
2911.073526
2758.050053
2509.521446
1408.893626
810.44133
641.3713981
866.6053965
860.2267103
2055.863763
1665.533354
1820.259031
2707.828924
2475.388907
3061.389694
3025.700882
3402.260522
2782.25321
2852.857428
3063.250926
2891.729788
3117.18169
3269.806787
3169.806462
3167.810393
3182.556294
3042.450999
2956.60071
2850.272642
2767.777122
2957.26561
2790.405861
2784.674116
2882.778027
1172.48088
1486.792442
1007.549007
826.0259142
1331.061621
1784.860738
1693.652744
2251.194094
2850.660392
2986.770887
2739.671355
3234.204403
2767.38207
2766.748925
2388.455772
2672.507789
2897.480849
3216.900997
3118.052817
3159.996374
3165.947899
2952.199144
2841.438431
2985.640428
3001.171014
2632.076638
2632.972239
2526.819534
2849.720652
713.7295369
383.1335648
942.5200581
1257.447178
1864.001953
1814.399702
1585.064373
1663.529568
2202.996085
1853.30437
2579.118239
2378.899108
2268.972218
2208.784759
2707.685962
2440.128005
2406.797198
2683.931834
2622.093093
2560.553509
2662.414253
2568.768609
2336.594764
2605.680468
2617.40935
2542.586399
2319.491998
2161.100411
907.4292684
1250.847619
1648.403644
1537.286756
980.2081421
1599.238101
1535.727848
1561.604521
1908.076526
2009.684043
2065.391395
2407.001666
2274.967191
2737.334072
2693.972823
2216.832326
2219.383848
2579.687107
2584.796335
2532.301178
2571.329153
2478.180459
2363.406661
2386.078547
2525.827368
2545.433326
2542.759601
714.3610537
1333.31798
1309.616933
766.9667576
1315.589467
1180.209902
1504.465204
1077.648244
1611.438415
1952.36309
1708.602869
2163.41799
2156.057799
2809.805949
2204.62083
2062.138626
2182.267678
2368.865521
2410.514034
2508.363553
2488.109942
2665.595686
2611.461233
2460.263919
2281.065601
2177.628105
901.7979059
359.4092979
647.486048
1100.210018
1021.242424
1587.683743
1184.212617
978.6398399
1407.259676
1373.299153
1733.982122
1738.87418
2185.760803
2014.675732
2073.235492
2009.558686
2308.769513
2331.969657
2098.719444
2003.600323
2221.214094
2086.484364
2063.550128
1964.722013
514.3896467
259.7564273
998.1047189
935.4302002
1423.693261
1311.789318
1093.900781
1143.57863
1423.96594
1511.740431
2112.976649
1820.323422
1579.127707
1662.825449
1608.410233
1524.397947
1787.673519
2164.758534
1929.711631
1785.138714
1868.442663
1891.009757
1933.330159
801.8744513
787.3729766
1133.969375
1031.801644
932.5025709
1384.43672
1353.872286
1072.197417
1260.861814
1523.892254
1463.731619
1258.112946
1292.273375
1378.18753
1397.043983
1522.263553
1693.185495
1873.85139
1961.495373
1372.984925
1178.226585
764.0633208
755.3925045
989.5029176
1231.701472
1419.800509
1646.717107
1786.210419
1180.371729
1292.627233
1412.96175
1512.108032
1782.536822
1124.934831
827.1194597
1152.497065
1290.738046
947.1409541
343.9462911
1281.968589
1639.863163
1663.406237
1351.812007
3231.135508
2789.904383
3163.994732
3910.769484
4904.051192
4092.269575
6345.666383
7109.540301
7138.184898
7086.688212
6521.521262
7029.679911
7295.142822
6362.376074
6075.460096
5754.949176
5763.408825
5213.655093
5358.320133
4937.241619
4602.616598
4278.327108
3983.980919
4444.360905
4392.902186
4235.066782
3960.513251
3821.31029
3998.841488
4068.308243
3841.069894
3655.495336
217.3748675
616.8367398
2577.04226
2117.220282
2437.213594
2481.212252
2583.159986
3705.987628
5733.879437
4338.356262
5583.049454
5785.976293
6674.520869
7086.086791
7193.479265
7306.171167
6853.529134
6758.65444
6669.706195
5989.880341
5481.794042
5596.433323
5201.511712
5035.771975
5026.403618
4379.240866
4158.646593
3936.47217
4022.247621
3653.011365
3699.725257
3444.774213
3423.06564
3340.111709
3372.292211
3493.045833
3258.235259
922.4994595
1320.539941
659.0010774
1078.672965
1220.007981
3577.86483
3283.491222
3425.542303
4181.859438
5853.763078
5751.054567
5346.006076
6300.50999
5867.778442
6711.914459
6173.14368
6281.322391
6092.320908
6223.23845
6207.347308
5716.558024
5673.890565
5320.026071
5173.563531
5024.702481
4497.236831
4231.560832
4303.451355
4735.892786
4173.677646
3877.35632
3653.775769
3416.021551
3323.704086
3370.624477
3217.624391
3172.820145
221.0614416
349.3710744
867.2955398
1533.12238
1461.764803
2222.545466
2464.266094
3844.14061
5118.96306
5525.553295
5601.847756
5630.511503
6441.574695
7045.281015
6527.923459
6555.8829
6875.013639
6716.364077
6544.828618
5684.990607
5663.888688
5627.983387
5455.167761
5086.492489
5073.914369
4518.268898
3852.845331
3995.405603
4259.441253
4126.026681
3976.312294
4176.482313
4348.4594
4378.298885
4008.725774
3955.005798
3930.398342
213.3678882
984.0601816
1180.350943
957.0946647
1020.196785
3455.816655
2374.894577
3039.571459
3976.246264
4689.20423
5779.111468
5588.967295
6160.637997
6524.068634
6770.438939
7016.111161
7281.998239
6864.546682
6551.147158
5986.103042
5597.781499
5063.944492
5081.473883
5076.069016
4779.766664
4579.115239
4176.704039
3787.039482
3686.185818
3512.025828
3652.359785
3476.608069
3516.412587
3819.693077
3550.779069
3534.233317
3598.664609
530.6279682
573.482067
523.1821739
1151.825871
1371.366101
3512.075906
3093.356305
4411.329678
4564.054026
5556.472078
5709.613536
7043.082333
6203.394124
6813.772509
6834.191266
7460.219515
5928.99311
5822.472636
5384.728559
5882.840125
5550.952571
5288.816799
5269.807965
5560.974812
5163.763502
4662.509685
4676.917427
4402.73981
4276.271722
4391.207838
4086.147917
3798.147611
3554.223585
3542.945952
3554.685732
3578.744595
3159.694132
707.4980332
839.8441659
398.9199943
1300.750187
1464.229916
2101.197433
2342.296127
2795.308019
3154.773154
4355.368104
5080.207355
5042.702086
6824.664026
6127.951016
6856.428104
6702.727046
5904.810725
6274.873136
6526.846657
5868.147261
5985.670415
5905.542912
5244.813983
5126.845942
4715.427008
4721.438619
4529.987616
4367.533813
3970.316314
4074.195186
4125.31757
4102.355206
3665.023965
3480.413296
3374.823384
3572.936157
3316.882951
568.9318076
501.5357018
1537.296779
704.1859824
1432.034614
2170.733317
2355.155911
3628.59365
3201.371711
4437.304828
5352.803754
6491.558467
5592.578235
6172.297364
6688.179785
6630.294357
5525.703407
5602.737538
5821.696264
5625.031921
5623.535032
5097.233376
4877.281783
4542.325962
4620.496766
4592.347667
4270.375402
4070.424879
3796.27162
3735.098505
3961.540051
3953.394216
3581.353739
3403.048321
3463.876526
3689.905441
936.1488535
1007.392046
1160.815121
1517.410944
1591.146222
1793.117527
2853.566523
3231.149634
3683.622769
4599.003384
4640.10287
4962.878443
5137.227205
5552.481323
5984.749722
5692.381899
6053.761214
6232.322661
5443.127275
5388.389008
5689.684913
5095.007401
4944.183209
4969.026404
4622.13539
4564.489006
4459.771677
4388.764573
4247.546047
3435.70514
3327.534346
3387.420244
3590.036734
3811.89276
3866.953357
3667.131726
585.9789502
840.2061919
1115.684907
1918.409963
1933.544903
2296.443796
2166.475049
2656.481763
3425.878781
4888.317587
3725.283015
5432.002335
4840.371277
5606.575159
5617.794556
5529.600566
5312.406774
5586.985118
5106.372175
4847.725791
4869.153531
4854.802349
4815.78888
4766.286006
4242.346121
4104.850236
4280.818003
4299.872111
4091.393605
3997.097715
3704.394595
3759.06799
3639.624796
3617.471711
3548.329224
3189.063247
223.8129519
372.8569933
1270.32607
1119.383107
2050.223436
2513.995546
2941.649288
3560.85005
3032.87054
4723.897863
4936.664982
5273.108219
5948.551222
5655.262746
5835.186641
5388.623797
5544.972537
5495.333895
5216.801592
5462.467212
4848.534114
4339.899225
4437.557913
4283.175771
4206.031125
4014.886006
4264.027061
4087.601366
4191.389326
4134.836936
3857.423645
3492.62769
3339.161472
3180.118147
3196.382292
451.4264638
340.8241181
1044.326386
1600.555406
1973.033405
2026.598438
1951.690821
3390.115184
3423.588014
3851.858211
3688.961551
4734.563865
4772.774681
5429.387019
5466.17459
5266.594057
5191.854716
5482.879685
4808.72866
5109.475513
4853.111796
4704.679951
4104.880441
3943.866274
4136.929651
3781.373803
3737.423418
3785.154328
3876.361596
3732.430345
3690.019855
3605.386416
3473.639989
3485.742509
3604.854
712.2308479
230.4723512
939.2683507
1629.608511
1616.552535
2060.314976
3232.934863
3368.295405
3402.756204
4085.821823
4033.282975
4753.81718
4073.548229
5358.234041
5181.749067
5051.035229
5049.886296
4527.044633
4714.951947
4928.740148
4952.200517
4831.427175
4627.672746
4222.600662
4019.743389
3951.654718
3796.288269
3610.165772
3254.71547
3101.975519
3063.563717
2947.624129
2733.540658
2729.185234
2726.933062
656.1716807
581.5701802
551.5806223
1178.228298
2385.215029
2505.610313
2296.416483
2602.474528
3153.348136
3722.889491
2981.956638
3928.637754
4110.740152
5016.094271
4786.964657
4979.273141
4859.51508
4243.08842
4386.398154
4884.943454
4694.649982
4533.82823
4572.304821
3980.078007
3728.078227
3690.270745
3750.603779
3567.548324
3320.092501
3342.844461
3091.647982
3031.947458
2874.784924
2881.013523
761.2421892
578.5477375
967.8160211
1540.474839
1382.237393
1621.219139
2974.456009
2709.629842
2818.000868
3193.368397
3300.868132
3786.761659
4087.047644
4619.633443
4276.366824
4638.38395
4439.726843
4502.383442
4172.761654
4080.602968
4085.016269
3998.553353
4193.118449
3933.213924
3830.474077
3840.506766
3919.283212
3763.43318
3422.011149
3113.099701
3131.113715
3486.263072
3444.484063
3148.801938
573.6193085
1623.14984
848.4058775
1479.608459
1543.721215
2264.545807
2435.869263
2574.54293
2736.700883
2467.33475
3118.078173
3355.529895
4663.244924
3839.441248
3505.908978
4550.682631
4076.451714
4037.406911
4155.060819
4133.02706
4285.107172
3861.83858
3902.443222
3742.784507
3444.141585
3686.652516
3636.546293
3305.321872
3209.352962
3076.206553
3079.105081
3150.173475
3363.606712
246.0013277
310.22835
579.687475
957.4523706
1560.283387
1542.938719
1756.443428
1708.2565
2233.553445
1897.156645
2979.722661
2837.969554
3691.596346
3193.523844
4069.261634
3688.451737
4176.97929
4402.313106
3888.743638
3814.392891
3552.500577
3784.419874
3974.823403
3603.6734
3734.514335
3286.214123
3162.389275
3319.754033
3184.466223
3062.890304
3102.334502
3053.013571
2935.248202
447.420196
1264.53084
1503.683724
1624.674701
1093.206138
1673.110368
1807.523271
2468.273709
2599.284923
3034.98435
2974.54259
3555.014561
3373.434627
3834.959873
4087.263196
3564.620344
3474.115074
3870.830998
3675.082162
3703.837961
3478.583156
3426.379828
3520.310298
3401.86041
3290.657971
3209.943169
2959.246824
3087.701186
2724.941963
2824.273342
2722.920579
2806.515786
1200.796447
525.2159716
1092.802885
1160.204396
1415.908166
855.8617364
2059.986116
1406.547804
1918.327855
3141.986868
2639.445422
2995.645246
3545.034085
3176.601898
3362.400866
2765.179438
2901.144431
3254.295782
3518.421209
3331.819264
3447.287921
3287.380161
3084.359523
3099.19232
3017.076531
2825.630833
2772.299335
2751.67922
2421.142705
2628.825053
2665.239458
673.6775854
686.1688104
1062.041014
1363.762405
965.4369623
1934.993722
1573.516086
2037.023279
1836.124943
1935.454361
2886.394323
3411.201522
2601.001068
2753.421536
2821.425669
3184.290294
3489.389802
3287.961368
3393.24178
3083.906541
3127.460118
2913.12944
3059.757331
3072.217065
3014.955302
2757.102843
2736.719151
2901.788086
2444.74413
2395.736121
462.6968002
1095.24126
1032.829282
1747.008805
1579.502973
2021.896835
2173.066571
2046.703561
1928.333896
1733.06996
2604.518285
2997.38278
2470.653291
2766.441992
2675.024181
2680.809762
2988.103278
2796.164579
2812.791086
2756.086598
2854.474599
2425.451327
2721.759271
2763.125716
2660.106575
2418.954939
2440.712914
2470.394687
2365.763861
2370.084737
1072.390305
1133.774392
2149.582737
1257.332145
1604.065441
1670.759171
2060.349441
1681.347593
1994.742746
1924.419576
2068.647429
2210.665993
2623.29793
2573.281555
2446.444541
2349.245588
2569.297013
2499.806916
2640.606044
2543.07003
2503.03515
2633.156959
2754.18295
2661.105982
2543.836412
2271.125189
2197.456102
1073.763318
882.6108955
1093.352656
1094.60967
1011.885329
1532.268064
1779.958437
1551.4502
1615.483226
873.8257064
1671.295771
2182.630474
2326.947616
2616.324954
2391.620511
2636.333072
2357.953848
2303.070691
2493.693759
2749.309515
2599.315237
2554.366474
2204.974496
2137.514414
2160.793595
2269.165808
2190.876526
727.5934977
425.6985464
600.7277124
749.6715282
948.1543339
1548.303377
2077.541181
1109.7334
1282.140733
1669.089449
1587.405607
1681.207827
1871.478164
1948.245941
1742.399448
2005.179403
2195.384566
1959.174578
2382.578811
2392.104045
2030.506285
2339.976152
2255.820306
2172.931522
2299.42288
2137.766775
316.7618893
476.3634459
904.8134937
869.7918331
1094.237419
1276.457646
1633.564535
1092.842446
1788.348242
1580.546106
1822.797335
1894.307076
2020.169074
2114.264391
1836.71901
1793.681973
1875.469231
1938.001544
2022.890463
2111.234995
1874.473824
1895.523255
2024.382309
1973.57754
2065.765937
657.7784097
970.4472209
890.1588047
848.4622671
943.771394
1518.040468
1288.753458
1393.725635
1135.375687
1563.349574
1694.215148
1834.244707
1887.142489
1910.965068
1740.755249
1710.559076
1847.380189
1855.011409
1937.81524
1934.941248
1688.294952
1569.328804
1866.475979
1252.825411
966.4386947
1238.73259
935.9383278
1217.326215
1289.134633
1287.650275
1445.433217
1817.314933
1557.461304
1651.017235
1440.142474
1512.2429
1577.984178
1558.89126
1900.510553
1731.613579
1679.978419
1681.62975
1619.914533
763.9217635
951.1138911
889.0457307
1182.476988
809.6397672
837.1939704
1178.535751
1483.501646
1624.993394
1194.319379
1187.620156
1453.373117
1545.442755
1542.363157
944.1707935
1125.782024
910.8771776
1174.478994
416.8277314
1202.728764
921.1056117
750.691862
1283.026213
2855.24126
2706.400749
3607.125989
3575.720585
5144.936227
5413.907117
6461.326957
7149.544501
7825.077836
7184.239661
7304.666564
7506.581954
6768.055123
5973.774982
6302.768899
6065.628379
5974.813505
5695.447649
4844.495205
4626.030958
4447.244545
4310.855729
4305.835836
4428.184452
4023.227835
3982.743431
4078.095059
4193.504874
4157.430304
4031.577101
4148.417204
3676.9394
3320.4483
433.0196477
535.5695422
1544.51924
1819.246246
1513.143755
1744.933261
3492.777118
3790.972406
3944.730846
5894.111447
4841.844536
6457.597017
6330.03582
6639.812559
7271.041452
7777.253403
6763.382288
7205.272962
6575.278717
6134.07528
5883.615019
5991.046562
5379.745046
5185.409469
4434.006436
4182.533909
4269.465161
4191.040925
4107.34923
4164.253322
4632.601018
3985.802118
3757.344369
3763.856089
3729.469375
3565.45397
3878.265198
3886.140013
228.5730175
1144.435542
1715.149629
1949.272192
1670.385869
2291.876147
2775.592902
3617.978677
3566.553253
5376.816355
6061.492077
6499.570061
6546.834971
5832.963828
7868.127426
7512.599378
6537.781763
7074.647219
6616.121775
6417.066376
6338.714138
5967.209687
5279.753398
4849.987458
4384.202494
4093.865984
4407.297109
4115.172872
3975.124894
4253.364271
4414.180681
4216.051093
4016.742288
4111.789794
3682.722477
3619.274022
3665.772748
3799.479225
201.8204693
202.8650904
315.7902025
1494.266145
1502.755744
2082.174567
2795.056837
3034.457314
4185.547989
5849.975716
4645.497525
7016.535545
7107.319093
6575.604721
7422.329939
7444.112157
6995.727056
6507.51293
6395.561798
6260.921968
5835.396324
5500.504113
5789.363903
5251.582607
5152.965754
4712.391482
4609.441708
4822.049675
4140.363034
3856.497461
4104.121434
4274.435242
3966.79651
3624.651993
3622.683511
3564.451873
3344.730531
3326.8442
467.7174929
356.0207605
1036.438753
1691.327953
1740.638377
1399.714263
3001.397993
3968.133951
3757.723087
4890.973165
5315.294636
6812.003849
6339.138217
7095.25608
7527.897267
6999.102887
6872.193293
7260.188236
6859.339264
6179.911045
5938.791849
5580.004817
5319.780691
4911.970001
4856.084718
4437.381038
4378.384102
3914.822394
4498.551726
4189.441857
3843.671226
3848.718878
3867.949406
3852.008482
3656.511922
3941.67723
3687.928981
3584.727095
676.0834386
865.0898979
934.8269795
854.3411706
1187.791646
1829.834458
3363.48803
3931.479004
3785.370095
5160.323798
6078.536896
5832.234501
6682.554644
6324.821191
7259.166204
7294.447493
6504.510385
6565.278182
6276.874433
6468.295525
6297.906636
5801.346324
5654.963769
5458.623582
5016.92785
4719.616477
4482.9255
4198.275075
4372.333802
4420.492424
4336.941723
4229.401797
4223.576641
4016.355143
3812.296645
3803.840611
3488.911731
3344.184585
1088.594989
1511.208303
353.5564495
756.563713
1826.351354
2024.164639
2793.051684
3477.364319
4898.498622
5246.327241
5611.488973
6564.210769
6873.134063
6745.70455
7446.814798
6712.044837
5866.051657
6220.759767
5927.44702
5682.263965
5908.157675
5324.014616
5065.951778
4861.296794
4981.980076
5057.412621
4128.20829
3933.125
4008.109609
3872.880537
4107.417768
3976.005826
4013.375092
4002.816456
3764.875623
3566.681458
3497.252263
583.751667
611.6668476
1017.725804
1693.90775
1676.173713
1981.977158
2658.712466
4114.151155
3616.188055
5164.067029
5130.484584
5401.839976
5980.347304
6963.837401
7596.447894
7381.735701
5771.087536
6015.561382
6019.294733
6034.593713
5848.407724
5315.756838
5048.925779
4804.187951
4688.419937
4824.41266
4545.856496
4103.638565
3901.965011
3635.819131
3566.920023
3526.166048
3366.503432
3403.042575
3487.148597
3637.91096
3325.042084
301.4006588
1417.623778
1393.38004
1520.44928
1555.595955
1738.602546
1928.541053
2213.17679
3228.668686
3479.833712
5129.555833
5771.22128
5577.420063
5779.191875
6654.118787
6705.285481
6702.253406
6652.121304
6199.258395
6189.731497
5626.152903
5538.223067
5570.705787
4722.916941
4460.142452
4117.66047
4260.584221
3902.798444
3738.872814
3383.572418
3353.662482
3265.356988
3535.511209
3405.89571
3444.055766
3406.421206
3652.910844
670.9309929
463.5919436
748.2673677
964.6364953
1296.898839
2184.700428
2162.480896
3145.551556
3452.155636
2947.846597
4355.497261
4402.801864
4829.009873
5937.937286
5536.464995
6507.926141
6117.451228
6298.905884
5849.989034
5534.201213
4999.884552
4914.411995
4738.564043
4834.475539
4807.140621
4624.657853
4326.266548
4357.190595
3872.238055
4065.684379
3758.203231
3441.651236
3377.179508
3118.019475
2960.685715
3031.526989
3072.394468
370.6524404
379.4341732
1055.33619
1427.506006
2337.706457
2003.940843
2330.501717
3530.731724
4143.693659
4283.47253
4806.460591
6500.917831
6400.307607
5802.859032
5649.685675
5882.209717
5914.904835
5659.717397
5150.174438
5513.087768
4936.653011
4611.268053
4573.133524
4480.569818
4697.500099
4648.857922
4163.337451
4303.616714
4103.660465
3884.58671
3608.374802
3310.111924
3138.733668
3363.416516
3057.629191
2837.632791
333.9378997
1047.621592
564.937057
1018.65429
955.0739986
1664.789971
1843.86517
3452.733529
3094.739721
2732.503819
4485.51085
4356.644606
5516.827998
5464.889503
5809.18207
5007.298419
5523.020131
5568.764141
5583.152923
5545.003123
5170.52413
4915.45118
4558.622489
4447.251467
4310.665905
3881.819939
3923.121582
4024.122042
3903.775862
3635.031081
3300.38272
3571.971623
3588.449216
3687.933466
3774.801329
3904.735268
210.5470326
402.7465805
636.3033919
1168.03675
1381.399611
1646.23789
2586.993731
2784.245356
3620.530216
3128.447808
4846.100543
4456.026169
5161.793366
5185.722268
5914.037145
5557.48633
6039.91335
4876.028873
4960.837936
5248.451116
4889.198761
4538.275165
4409.855117
4224.28703
4179.454585
4016.985852
3770.685439
3378.981738
3534.317792
3497.520947
3580.921887
3200.32444
2926.560933
2867.718507
2932.521845
3013.247461
211.9867135
1388.804102
1472.915341
1087.170552
1667.863259
2369.644278
2578.231597
3122.412218
3792.916264
3865.54157
3847.194391
3671.093724
4355.019794
5359.02435
5254.321417
5383.635428
5349.378072
5073.913582
4640.469057
4878.180304
4675.625855
4204.810535
4301.732579
3898.031826
3716.592606
3556.230829
3530.480229
3471.136937
3631.395919
3603.2993
3370.951217
3128.541045
2952.610976
2775.136993
2691.933105
846.7648609
674.9308927
708.4956367
947.2865947
1527.772859
3003.411036
2085.372427
2826.667837
3086.562097
3054.710977
3783.136313
4263.14204
4377.093497
4822.298225
4894.723818
5145.026945
4944.14047
5435.256714
4912.66339
4650.279263
4590.898079
4542.459854
4378.497854
4276.429887
4186.386392
3992.238177
3668.771301
3351.048032
3227.500423
3157.373448
3656.00131
3717.671822
3168.860497
3039.473865
3136.149551
536.9541872
382.5993899
984.8244902
1418.547943
1876.058154
1598.179471
1739.087061
2165.615547
3264.116723
3313.059995
3752.075416
4060.400399
4315.04883
4653.101728
4111.898888
4759.16101
4911.34849
4988.244376
4507.654308
4102.28333
4195.782537
4171.0991
3950.496003
3498.019442
3506.877853
3839.893558
3291.490617
3042.715362
2914.490046
3117.341627
3111.335841
3321.630142
3033.080115
2879.266534
669.1022425
698.2733404
957.5313902
1209.799061
1291.505741
1400.611376
1527.97304
1677.491128
1708.57082
2156.774056
2377.481846
3195.63411
3531.881184
3667.148021
4066.326621
4349.028753
4014.903731
4327.590486
4509.973668
4265.929379
4072.619094
3645.588039
3646.570206
3543.697875
3410.092903
3515.264663
3433.091485
3199.533488
3180.418379
2867.40049
3160.374511
3119.970214
3028.726761
2921.307534
328.7575387
1136.002842
960.3504243
1506.580638
1194.888036
1217.732659
2095.036583
1490.099375
2140.513515
2599.843443
2896.545913
2990.844995
3659.829983
3501.071825
3783.890035
3521.213493
3403.457341
3913.255356
3969.542659
3974.650638
3741.917737
3771.99342
3396.378762
3371.28812
3239.937029
3200.851185
3042.180505
2938.533064
2946.583439
2526.820651
2831.162504
2899.723872
2940.435278
386.1992082
693.2387004
1495.058874
1281.150253
1254.140882
1096.028809
1647.932567
2918.503635
2285.497288
1990.976039
3125.338754
2628.318685
3294.852304
3254.410587
3138.601447
3486.08934
3436.831934
3789.300125
3371.463151
3099.840601
3380.040417
3102.657057
2833.077354
2958.061143
2763.922543
2643.087427
2843.660087
2803.268866
2966.296574
2835.707752
2772.582558
2887.130191
847.4167256
1334.292005
1056.32921
1564.990256
1264.460551
1805.244647
2367.955594
2056.368335
2621.574258
1793.57053
2400.013044
2539.020051
2938.096529
3212.663545
3082.72712
3722.427479
3479.663247
3159.819412
3314.188596
3098.25962
3027.834681
3012.82681
3010.431072
3023.666284
2922.050881
3168.478411
3164.415389
3026.258595
2755.568874
2736.302311
2697.50518
275.854666
1107.624596
1033.431183
2581.561772
997.1291282
1844.542886
2075.824396
2096.840344
1694.257245
1580.65514
1964.972596
2620.585915
2146.049011
2133.690777
2476.237003
3029.095881
3345.263166
3203.311971
3103.872094
3205.189797
3193.831573
3078.172263
2857.188249
3131.023088
3062.12359
2712.38912
2791.831372
2781.501274
2558.173178
2556.501608
2474.804978
531.4371454
1102.324912
1268.796087
826.9726093
804.9771082
1630.610823
1728.560675
1207.38911
2446.119337
2010.933503
2106.389678
2132.59478
1918.480086
2320.742034
2318.583256
2840.552561
3050.299578
2909.320274
2905.883142
2805.230349
2759.891335
2748.252835
2747.839473
2672.465576
2531.229208
2533.122252
2313.099117
2394.55706
2412.014753
2519.575817
787.8198651
1366.957932
848.6027007
1073.204986
1285.623888
1036.028595
1335.822726
1670.294087
1875.955933
1323.730571
1981.517118
2386.416183
2131.281975
2832.408975
2157.265587
2417.048305
2461.47869
2105.372515
2275.953549
2892.478268
3063.095336
2894.010562
2540.021781
2325.027581
2176.553446
2343.517404
2132.437622
2083.016914
2408.028616
614.6655561
1014.378125
584.1676211
597.7288397
1126.944793
1203.813092
1455.483967
1568.595298
1659.020951
993.3490612
2377.722202
2140.815462
2437.367811
2771.941117
2132.605463
2363.523501
2280.951225
2139.319879
1952.256702
2013.373242
2440.716083
2540.844754
2617.625909
2020.993725
1979.590745
2275.185085
2151.090944
2065.396596
1204.277701
316.346029
734.1524456
1501.22244
1152.261718
1286.936265
1672.735571
1450.663986
1467.806222
1532.482942
1773.518206
2198.952944
2075.999548
1885.213558
2454.397595
2111.215245
2045.363325
1909.195106
1890.399532
2094.529459
2191.151397
2231.212628
1892.695292
1941.147201
2012.899225
2059.180181
625.2049626
588.0228264
1089.857966
1022.919618
1206.364226
1431.473362
1305.875856
1195.5293
1655.783211
1165.006642
1833.488115
2131.000034
1971.962118
1550.110567
1760.646617
1503.021082
1588.99644
1895.074963
2012.833508
1908.07317
1877.06761
2042.056208
2049.582603
1991.797539
1793.852551
1273.435342
1010.233395
956.3105918
1065.324994
1426.561557
1525.666494
1129.830759
1384.26417
1093.254086
1568.85853
1255.083139
1680.653147
1389.726969
1503.977387
1538.86668
1751.067288
1924.805579
1974.111115
1806.190029
1677.044268
1783.32603
2006.841344
2076.622329
962.9139797
976.5627538
1169.930413
1283.390111
1385.029082
1086.661682
1017.200845
1012.426107
1444.578264
1003.249758
1236.48454
1338.396641
1687.998746
1506.816767
1743.587806
1537.996314
1755.572054
1824.405968
1698.900029
868.058964
1024.846236
1275.892336
1002.195704
699.1758803
761.3916075
1367.407164
1323.973896
1586.676844
950.3992928
1249.631051
1367.481102
1753.242685
1744.839771
1093.394358
987.9200077
624.8809812
750.1970229
1457.018799
750.7615744
490.0590334
1684.284723
2980.335571
2893.992586
4210.876534
4393.107458
6447.108584
6823.458427
7190.653039
7108.852243
6971.560356
7359.838394
6686.843188
7666.74446
6479.300647
6695.660443
6423.320787
6099.665769
5614.330793
4844.102986
4577.685023
4408.641479
4326.818095
4307.760577
4489.969175
4299.347003
4261.955269
3888.819182
4131.424054
4139.107676
4099.451738
3783.115048
3615.123826
3445.723523
3835.745745
479.8753614
615.8552949
987.7501454
1551.969878
2336.85616
1215.330623
2556.152482
3559.211328
3841.952089
4971.189254
6546.963395
6267.16644
6556.071861
7376.098787
7528.367428
7913.416908
6871.791428
6632.081032
6813.967675
7001.701173
6499.735239
6095.855853
5557.873391
5414.556179
5222.425577
5009.939873
4537.124987
3987.859482
3843.469405
3944.315324
3625.54578
3515.636782
3188.56102
3131.318425
3234.306118
3665.979868
3804.4788
3978.912959
3640.531092
230.5146368
430.7233828
646.5479924
1591.494428
2323.450693
2167.897
2693.933582
3877.976388
3718.722101
5393.186867
5617.703265
7146.883294
6742.445486
8112.204503
7511.542283
7670.347615
7417.486379
7381.784982
7078.162284
6504.37796
6435.538175
5800.27068
5361.355615
5083.417736
5129.693882
4534.792429
4694.323028
4191.978388
4143.248849
3971.018837
3917.572762
3967.567873
3479.552069
3441.173604
3454.792873
3439.236069
3315.830527
3243.118179
3386.632241
587.9877897
709.1841545
413.6353372
944.9062789
2068.561964
1538.870285
1544.382325
2806.233717
3326.509546
4122.907987
6005.789811
5725.533177
7985.926451
6959.331872
6954.184107
7194.435983
7040.463958
6589.516567
6791.890249
7083.148614
6525.101091
5925.976069
5702.536122
5573.519156
5346.411309
4506.562912
4091.09453
4079.26628
4323.036749
4256.389872
4294.086957
4065.642156
4089.398326
3824.322945
3364.51156
3408.798419
3863.885459
3947.568427
4036.151355
618.7397131
765.1162538
903.6543027
779.7741306
2016.527183
2270.713554
1961.201863
3582.656278
4543.716043
4457.683225
4852.875886
6390.307568
6608.039008
6975.315234
7990.266663
7819.148848
7223.124715
6933.88881
6561.402962
6749.977016
6235.685039
5505.861344
5896.333142
5274.996993
4952.147196
4546.694421
4535.798268
4471.967128
4339.92625
4336.191539
4115.439526
4107.55148
3808.116145
3728.707549
3967.584804
3332.134257
3450.401835
3796.573402
3629.710746
887.0228393
376.3836899
2259.099843
1032.799784
1006.827271
1825.301225
3995.163856
4207.149544
4395.773914
5121.059267
6032.446195
6954.400478
6863.81383
6554.781864
7240.62959
7876.478606
6446.022924
7125.667056
6710.275163
6581.521024
6043.928144
5501.897641
5230.532202
4549.726543
4746.716433
4262.041223
4326.496551
4809.349178
4455.571906
4580.348017
4597.489304
4240.216038
4134.945747
3964.061325
4002.963659
3292.842428
3322.721893
3454.161197
889.2666365
1219.039758
1941.436923
1084.746824
1914.669085
2573.866114
3189.766274
3143.536987
4499.061634
5044.057017
5002.443051
5921.568123
6321.822364
7738.854113
7710.660236
7476.96947
7217.983048
6242.960736
6185.716706
5992.834587
5899.889367
5156.456726
4643.716978
4441.043313
4260.51769
4746.568349
4133.398856
4005.17829
4273.815945
4200.130099
4263.99228
4133.833274
3940.905524
3516.249264
3502.385025
3344.397653
3385.46016
3360.408081
455.076384
1086.99637
602.2703047
877.1972198
1152.487998
2954.809911
1755.035983
2459.030063
4893.500365
4573.397626
4628.489333
5307.62822
7024.175626
7853.262239
7222.880141
7328.409509
7029.359315
6357.091085
6482.849098
6608.365256
6015.543244
5482.048616
5359.6741
5203.414487
5100.588322
4704.700357
4620.531178
3720.362772
3449.819538
3414.42071
3473.029262
3611.966974
3851.559049
3671.847849
3254.328193
3231.740994
3357.488527
3166.218813
573.6023246
352.245833
1268.821478
1357.029017
1749.773935
2023.242556
1909.685748
3076.035236
3891.472802
3975.532032
4224.992295
5199.085708
6967.048146
6237.596728
6488.157928
7314.075548
6750.786564
6305.508265
6459.822455
6040.817924
5941.016462
5573.136419
5651.613261
4714.354169
4481.62253
4419.171432
4519.585202
4573.083487
4662.395919
4304.200026
4205.187782
3540.993224
3177.210836
3269.791315
3594.284153
3787.01743
3521.19254
3473.039265
960.4143639
923.4370898
2359.938799
1861.307516
1839.722063
1589.349768
3465.740172
4183.694333
3455.13723
4715.471787
6005.956959
5056.687872
6408.141882
7099.684585
7293.516659
6989.323347
6425.147778
6208.733129
5658.324424
5235.97501
5471.061432
5254.939441
4976.444476
4956.763674
4499.14549
4321.991503
4180.195678
4173.506938
3818.317864
3722.144859
3696.736963
3808.219413
3684.29121
3492.013991
3327.313135
3226.051428
3535.441011
784.6778815
538.2347845
868.9093051
2448.446394
1378.549976
2477.100437
1930.475261
3397.132434
4603.254563
4142.904802
4697.268805
5700.838682
6120.386921
6177.383183
6374.664601
6030.434391
6592.934087
6196.774403
5513.947103
5306.246535
5170.117945
5090.155494
4932.767635
4595.713582
4409.716033
4128.792438
3801.900233
4119.387316
4037.714206
3833.359995
3736.789937
3677.239973
3543.62864
3767.954979
3328.945712
3258.172801
2865.297494
365.3837399
766.8290862
941.3570364
812.5831875
1308.080671
2048.12035
2209.941101
3076.411343
3763.011938
3955.811704
4802.485886
5403.655297
5416.080121
6265.822347
5950.061441
5368.842193
5283.474947
5540.750206
5825.58539
5136.885942
4952.979129
4929.534284
4537.653634
4353.245653
4243.445213
4058.241156
3957.090617
3682.964402
3933.310021
3534.80341
3740.680477
3341.347076
3484.93047
3414.121559
3283.680013
3009.619181
2978.914148
314.7727431
487.2778798
989.8544675
2416.256552
1471.988436
2235.053666
2531.189259
2489.987889
4485.833507
4061.539311
4917.048707
5237.091573
5513.325955
5823.773457
5435.150278
5549.007459
5723.308391
4757.430438
4973.800199
4948.613305
5069.549031
4337.992896
4368.43799
4398.088849
3908.413709
3712.950164
3562.648749
3424.988542
3611.376847
3634.454932
3583.593883
3640.261415
3375.933143
3160.363779
3307.309826
3093.598652
289.0276367
931.9763494
1333.19408
1737.897193
1508.019753
1855.753169
3023.983772
2565.376125
3682.930728
4334.690403
4007.670022
4560.844083
4637.479192
5238.792011
5500.986881
5529.030098
5450.271551
5477.335039
5368.512167
4680.518129
4686.854495
4591.842815
4242.108925
3697.408314
3583.548619
3641.155294
3898.741731
3239.122662
3420.298461
3558.716332
3398.972112
3328.939849
3121.440178
3057.540256
2949.115411
2818.915742
779.8683172
825.8858419
841.9101993
1308.897161
1710.040286
3274.784895
2546.875334
2390.243004
3009.413073
3963.647518
4673.762474
4745.934937
4926.580423
4940.307868
5173.378519
4804.734751
5100.535238
5110.511533
5007.990685
4892.884605
4715.78548
4253.225816
3953.937932
3743.911239
3485.990367
3648.9083
3404.800611
3517.815316
3676.95964
3685.602404
3631.146164
3595.025751
3119.29084
3097.837309
2749.677242
1354.97476
544.3868228
488.0708485
1716.654853
1897.582855
1558.566035
1793.935812
1843.385998
2444.777807
2286.404844
3059.219905
3911.626044
3879.577456
4942.129323
4353.321818
5259.996299
4598.015652
4664.990224
4284.770824
4483.009269
4712.050616
4490.972985
4075.461412
3959.707321
3784.974903
3591.507859
3523.817141
3322.840059
3291.12902
3291.066406
3391.994499
3101.069319
3238.116033
3268.511723
3414.795118
605.8008906
610.4259392
1513.287925
1222.08373
1054.90524
1685.151691
1546.41335
3322.989797
2417.106861
3280.776808
3622.974251
4093.667884
3710.376049
4413.530929
4344.238742
4154.553116
4135.988035
4422.842683
4460.895473
4423.880122
3956.678948
3937.605443
4081.661332
4042.009772
4171.431523
3664.641816
3450.633305
3361.806733
3239.042727
3166.650437
3324.70356
2998.540589
2809.375948
2813.380268
969.9453309
543.0345836
640.6341315
958.2867538
1846.325433
1580.815665
1291.500477
1853.367073
1804.854431
2734.652384
4136.073114
3739.003421
3684.432245
4104.914404
4135.714338
3944.646474
3706.159395
3653.089547
3953.42326
3875.410836
3879.995269
4065.86867
4168.752595
3804.505921
3541.447309
3585.573313
3291.033564
3360.702747
2930.872291
2978.490375
2893.130284
3085.161892
2939.582052
2743.408862
323.896831
739.4674142
1529.649512
2638.23994
1671.378826
2835.544143
1345.979432
1770.386666
2675.515975
2838.097214
2770.876064
2261.33586
2476.100803
3977.811132
3593.398814
3783.878414
4029.70544
3971.674798
3712.680357
3642.256025
3101.570967
3350.593213
3429.271051
3281.771835
3161.631194
2986.917525
3112.909151
3072.383076
2667.651317
2718.173338
2735.047658
3032.8797
3078.708139
907.7968676
896.9155787
805.6790068
1442.779608
2506.441106
2044.137836
2223.30766
3300.470181
2466.68644
2578.762325
1967.8036
2869.281969
3047.848574
2939.086141
3062.790952
3273.453374
3502.716306
3429.143046
3754.036758
3613.005352
3292.52994
3352.641808
3273.993079
3100.738172
3122.03699
2845.697425
2905.478218
2870.624148
2723.793098
2627.391457
2512.410931
2669.135562
292.3131369
1033.251798
1007.669601
787.1621389
2158.35753
1523.196342
1649.840114
2146.734251
1724.49339
2033.151416
2789.340712
1843.071305
2505.645168
2662.925458
2777.550088
3076.718286
2759.54389
2782.229812
3300.23866
2860.607788
2775.768316
2800.382907
2765.490374
2764.699369
2632.391864
2618.116681
2595.601786
2570.444379
2507.607468
2771.500184
2668.508977
2622.618178
402.1940596
823.913897
982.7830476
549.2140011
1057.354946
1534.042922
1574.671999
1878.369063
2029.083698
1314.068846
1914.062025
2124.611047
2229.992384
2260.056012
2651.636499
2728.486399
2559.457901
2728.859943
2752.678151
2590.264948
2699.621254
2950.456365
2612.484877
2786.858494
2416.122224
2426.08204
2329.130137
2568.950571
2494.665306
2524.576946
2606.265203
443.3127679
836.1228978
503.461424
1009.577322
1068.358787
973.5999403
2363.576304
2633.553751
2229.467456
1402.570428
1760.304432
2410.91296
2183.599424
2502.881501
2593.594918
2065.066395
2286.444545
2271.032993
2356.637693
2103.015464
2313.099671
2660.243503
2483.363361
2541.812578
2258.064661
2297.512109
2464.035882
2124.173014
2047.871121
2115.588587
277.5104652
474.6337806
489.2390873
871.5025037
825.507212
1819.067282
1902.011608
2156.482458
1656.029094
1386.78159
2121.015717
1831.794028
2039.618055
2631.36234
2374.703027
1863.844233
2454.247153
1947.081393
2196.885864
2072.327875
2273.162377
2477.202815
2575.854686
2763.960526
2644.370825
2545.588966
2771.065289
2432.960451
2328.179396
556.3104223
572.499231
1010.591603
482.2181728
1441.460018
2035.031528
2330.587225
1686.245432
1770.853307
1783.541502
2238.574532
1700.441643
1623.529714
2108.586319
2088.554385
2014.78412
2111.830614
2181.833807
2172.471193
2096.007149
2019.078027
1881.994511
2021.159177
2046.87866
2121.222726
1939.914391
2027.484887
2053.935421
372.1302395
700.1699577
695.145547
1139.067171
1694.621646
1721.814307
1397.272739
1990.37841
2083.017383
1498.329037
1495.932836
2098.976497
2222.801337
1863.861912
1888.021809
1837.523798
1903.213517
2080.932921
1847.633301
1630.798751
1879.898123
2215.794696
1937.072834
1890.685586
1710.360431
1628.017727
401.8187491
567.9533491
905.0104722
1117.162471
1448.924779
880.1919204
1272.689197
1518.661128
1390.383704
1299.743554
1338.289544
1739.304492
2118.356007
2220.911193
1866.618577
1862.03444
1814.265644
2107.620719
1920.615763
1602.917381
1690.65085
1996.284157
1996.8367
1985.504861
2031.184729
217.3717122
325.0507926
1430.977198
967.631063
1040.603692
1075.734489
1043.511841
1085.649271
853.9821469
940.9631457
1592.699736
1651.410474
1582.665231
1424.612726
1460.785665
1662.178874
2030.543337
1859.009439
1821.858415
1870.058405
1896.428347
2042.202792
1698.165178
479.2612291
1456.131086
1037.177105
802.1840629
954.5531052
1035.01747
1091.288913
974.73585
1081.533983
1215.561785
1217.631719
1188.480418
1379.617981
1395.336786
1546.820199
1519.669562
1515.05177
1268.139806
1353.219754
409.6882362
558.0170906
498.530246
563.7943391
798.8552168
1023.491292
1012.120928
878.7865834
1203.428114
1031.570493
857.4602422
1156.625118
1432.88219
202.5539586
657.2532623
456.307301
1730.345178
532.8251796
2233.70375
3275.925951
2141.131957
3362.13096
5695.356154
6627.067107
7237.628404
6889.064917
6829.771449
7143.893202
8001.272849
6737.920327
7175.373297
7337.249937
6770.261418
6630.946139
6008.08992
5780.616015
4964.079451
4724.448034
4743.441994
4443.696265
4053.222145
4293.315535
4299.531735
4212.655482
3929.253888
3781.04827
3773.692932
3645.995473
3511.13869
3947.497623
4203.670427
4213.752763
3824.037221
787.0248979
217.6773166
801.8039227
929.6407864
1025.399053
2873.801607
1802.800729
3646.645525
2780.364189
3612.654278
5724.945295
6411.122733
6960.255484
6935.085793
8017.543621
7763.995064
7494.268427
7021.264669
6092.178113
6231.132871
6307.034787
5887.301907
5314.499782
4831.809663
4737.794067
4396.985639
4560.536294
4390.325867
3962.854464
4036.528211
4270.783912
4343.478446
4140.162341
4102.388152
4315.852259
4553.376119
4095.073808
3913.012649
3932.564964
3646.338482
254.2510413
533.3321169
827.6513211
1305.828665
1971.735099
1984.175083
3323.303335
2611.687859
3153.870407
5915.569237
7005.351209
7266.039537
8214.154165
8214.862995
7254.174472
7576.144668
7908.61577
7267.585428
6281.593707
6090.945254
6151.264992
5754.200887
4710.738593
4283.774346
4047.738567
4205.593235
3975.35933
3703.137088
3958.295198
3665.885466
3933.320729
4003.46002
4369.663281
4459.493194
4583.03018
3972.510726
3208.186398
2970.740648
3197.361087
553.8642311
202.8370758
717.7645701
1555.224676
1590.199541
2479.420396
1407.294653
2983.943995
3835.706769
4351.105574
6332.131692
5722.26403
7270.057164
8248.490538
7839.686973
7436.392994
7222.428639
6851.014232
6418.672669
6301.510404
6099.724443
5967.82507
5097.442232
4826.612423
4674.448988
4322.248899
4310.959667
4022.15633
3628.407189
3805.850894
3723.387461
3732.09081
4008.504303
4051.632912
3600.961995
3517.556616
3800.449135
3873.691865
3503.631897
487.4769249
410.6426003
882.8304842
1334.956685
1565.457577
2993.917948
3434.15771
3771.433086
5403.871881
4300.847694
6010.967945
6898.468309
6738.433547
8084.513766
8195.757104
8054.040938
7906.102576
7333.713707
6894.09443
6680.542311
5723.843582
5418.765996
4953.724776
4726.321543
4728.477497
4526.054821
4547.161758
4796.669812
4487.929678
4077.549527
3987.619047
3771.074056
3596.790328
3615.628662
3345.451643
3540.845605
3454.0883
3529.638163
3367.267188
210.7261445
522.423348
1312.259941
1385.834266
2262.10858
2189.843962
2195.26348
3947.868243
4704.157509
5302.552572
5220.217083
6405.675242
6268.370763
7507.950939
6893.552184
7731.206368
7385.873461
7408.611703
6821.252018
6424.722489
6073.341533
5768.930469
5172.36294
4736.940934
4380.773339
4641.076368
4410.289262
4105.951795
4064.777692
3984.599771
4049.437178
4299.145603
3765.966112
3727.465145
3953.130895
4324.265219
3407.164182
3297.655828
3302.062752
466.6901155
412.6459821
1027.691496
1035.138364
3360.93888
1913.070599
2519.135853
4396.835686
3667.044101
5909.105169
4570.265512
6156.739642
6244.823181
7318.61063
8185.720894
7162.116706
7372.216479
6798.089371
6219.970296
6372.743131
6385.504686
5801.92152
5014.077591
4931.778315
4932.386374
4029.856346
3949.46306
3853.092091
3893.801618
3910.088612
3735.141838
3388.520143
3344.417345
3182.658988
3314.514069
3481.311856
3651.261728
3583.609922
3246.921401
225.7914064
936.682556
1020.304775
1677.578392
2160.819878
2541.910558
3710.535539
3477.616445
3997.769202
5094.44287
5236.019086
5732.015282
6548.136394
8218.998365
7840.182358
7515.54809
7772.342852
7122.540736
6588.101321
6364.951329
5924.021691
5399.519511
5209.096591
5012.478181
4837.220582
4488.751988
4287.522686
4002.288642
3851.298485
3733.79857
3658.132803
3670.697734
3581.621612
3379.140299
3439.984032
3399.187679
3574.235194
3408.097777
3542.820845
444.242704
746.2794651
711.2882849
1707.889209
4309.670039
2366.093949
2734.834422
3802.215111
3544.210679
4597.878277
5596.275458
6567.860192
6940.802355
7248.980041
7229.58319
7347.376765
6794.623825
6500.886826
6252.093738
6282.573597
5742.82106
5684.505579
4800.665127
4754.591202
4665.665225
4392.152848
4165.237821
4165.40926
4213.38948
3907.640088
3701.798999
3644.160787
3569.373417
3421.581245
3663.182567
3690.321044
3610.24112
3151.244259
904.7999827
1123.368358
1415.239574
1382.050197
1939.665231
3149.587933
1477.060547
4322.154286
4113.797946
5353.123562
5169.148667
6643.039635
7213.058204
6750.112419
7486.245257
7050.909394
6475.593196
6479.26775
6378.083066
5663.645406
5636.750956
5472.687746
5286.077409
5247.427099
4713.60905
4011.51874
3916.611311
3999.765981
3671.766515
3710.237979
3492.477579
3568.299428
3719.037678
3371.855988
3199.797846
3164.610496
3257.88729
3694.08486
468.6776036
810.2053171
1161.631485
1449.674544
1726.934983
1524.5773
1663.249884
1797.883149
3389.217399
4208.756849
4946.215208
4529.275001
5854.956514
5677.644249
5831.705662
5129.534726
5322.156008
6208.667772
5950.593195
5765.268105
5560.931428
5027.512284
4860.999789
4810.090179
4539.113281
4434.772892
3767.762472
4069.109706
4336.589938
4064.11143
3828.505104
4082.308259
4144.73301
3397.779765
3352.790957
3387.712441
3231.243775
3195.36838
1322.292509
604.5132907
595.3298574
630.848065
1558.366777
2412.849287
2316.538027
2165.735421
3341.008959
2548.704396
4070.615044
5654.844121
6181.012664
6312.908754
6193.204244
5834.620264
5692.951366
5950.457463
5534.000912
5368.555726
4814.40977
4848.983642
4666.561375
4490.902947
4713.337002
4357.865822
3978.814054
3929.247841
3976.962591
3968.27408
4043.746401
3910.12954
3962.17972
4061.600813
3693.309689
3417.317031
3380.433737
3279.098634
356.7620887
569.3928851
1393.632167
1027.313216
1706.202175
2332.816576
1876.196857
3243.222997
2472.021307
4204.114613
3879.960883
5188.888426
5677.615038
5563.532901
5497.585103
5784.347467
5189.48847
5429.243826
4944.559443
5249.215838
4491.990863
4369.886761
4360.356153
4358.190591
3908.110245
4014.119587
3767.675184
3713.580819
3666.196776
3417.776567
3304.359494
3097.209416
3195.214646
3451.653101
3483.173334
3611.937008
3419.496843
215.515222
222.2739264
1372.775728
808.5154338
960.2802294
1526.745672
1719.859848
2456.615951
2715.351658
4546.009114
5058.210021
4519.588115
5031.054552
5272.451764
4833.790839
5270.863872
5896.537857
5737.394789
5292.488355
5175.995882
5292.759417
4993.955514
4815.44876
3964.066322
4192.330925
3853.616603
3890.712449
3956.031067
4041.465095
3936.124453
3782.322296
3619.145851
3437.925213
3527.492942
3442.422776
3336.909175
3473.025944
422.1837039
617.5544407
811.0118247
927.1318226
2345.541425
1392.998738
1958.462732
2458.85859
3872.740556
4873.498961
4511.289305
4949.702366
4599.092196
4833.121527
4991.257607
5708.419055
5899.240101
4915.577685
5380.027783
5080.191883
4962.053984
4579.276729
4238.06056
3791.752405
3768.404977
3940.142262
3664.759457
3626.719888
3328.714539
3238.776814
3278.897781
3000.415398
2980.149287
2739.511143
2681.501281
2622.015139
203.5670464
582.5731838
875.5564987
792.731775
1651.319983
1146.613824
2212.807126
2340.288485
2959.03333
3573.82644
2708.566006
3863.446532
3721.203711
4689.559074
5102.745491
4780.614744
5159.109882
4904.716635
4847.692231
4658.433184
4681.864036
4195.933617
4077.340468
3819.667964
3619.038975
3313.103346
2980.276485
3079.145006
3254.433404
3158.67578
3166.000627
3273.625451
3107.547083
2937.764253
2660.049494
2736.077631
265.0069604
644.3459007
873.8959312
907.1259814
1323.493485
1848.422219
2101.962835
2208.299624
3134.146542
3762.154929
4240.351064
3932.570976
4480.904969
4593.159666
4328.586899
4667.724644
4335.04524
4901.242814
4444.87134
4609.968003
4434.464245
4336.435652
4417.494139
4024.521285
4027.935316
3806.077828
3379.303044
3285.512238
2943.264391
2948.470837
2941.627321
2809.009735
2701.384799
3021.764145
3007.733324
218.0017012
239.4403897
848.1035301
855.8325805
1526.996036
1598.010924
2526.56239
1863.491325
1536.010688
2612.309579
2216.925877
2355.008238
3021.300995
3940.260123
3978.123712
4482.813833
4381.531154
4129.296468
4183.752457
4236.695829
4579.682363
4271.120651
3629.950364
3450.347172
3208.664151
3025.806998
3230.6466
3226.636544
2787.392134
2794.36029
2823.978063
2841.849875
2647.6449
2529.742572
2686.513796
211.9801826
1508.16225
853.9030584
1026.456566
1096.691921
1350.101699
1920.174135
1148.521572
2588.344966
2496.966259
3009.079567
2720.669679
3145.685437
3905.299142
4395.670888
3795.45602
3897.139111
3721.799183
3833.752231
3886.884519
3600.703596
3491.378254
3174.098648
3265.003162
3110.132004
2926.193504
2925.951423
3154.347926
2866.501735
2814.843734
3013.309945
2923.466858
2805.171005
2717.82631
431.5086461
762.5433387
1534.784162
420.2703037
1750.364168
1952.919649
1285.886987
2615.588228
2102.154406
2643.393576
2280.983491
2976.4353
3486.763815
3958.12494
4066.974455
3366.474666
3642.956149
3878.453545
3861.097896
3574.825753
3581.041043
3363.840631
3093.869829
2895.39994
3221.96837
3203.519939
2916.483402
2807.397242
2769.610875
2706.074287
2690.780268
2508.805122
2443.354917
198.7620517
397.7817761
728.538767
692.4320477
457.4488026
1518.023913
1166.84373
1395.114756
1901.530754
1937.895977
2520.151134
2580.649338
3048.701783
3034.409382
2967.911708
3039.116333
2876.867958
3092.873093
3714.723222
2893.748328
3009.412231
3029.848252
2858.874148
2987.812407
2901.211537
2593.920333
2859.698141
2831.344569
2807.284176
2704.30034
2624.775974
2732.252404
2810.998229
627.6736939
565.9858887
617.1670034
605.9276573
586.5739785
1387.042169
1352.357899
1587.87726
2206.2343
1726.501505
2563.886773
2306.34552
2969.069295
2542.836532
2432.723901
2877.704981
2137.797646
2758.8494
2599.365599
2684.65979
2960.861074
2620.821218
2778.851999
2607.712122
2397.285672
2405.842144
2573.393852
2627.346758
2704.594465
2770.881444
2534.132507
2453.970888
505.5158002
436.3134272
556.0099774
416.8273407
1301.410558
833.6408923
1139.699535
1464.257669
1555.064496
2154.182958
1760.478095
2634.403484
2521.878702
2460.28727
2222.232141
2409.786329
1908.360621
2611.265062
2292.805593
2339.429625
2859.753541
2541.903556
2608.19558
2677.795538
2416.318646
2420.084506
2651.428305
2477.993269
2331.298361
2428.510374
2335.749569
368.2616672
243.7200797
629.5777899
790.6377199
619.9124468
1248.131763
1358.791935
1434.461366
1493.834549
1216.442269
1786.587378
2144.002375
1951.164575
2109.73867
2190.287562
2229.361833
2256.944939
2120.166817
2171.533172
2108.703053
2409.481863
2345.262777
2205.705698
2538.922917
2278.01795
2090.103069
2232.502255
2366.786809
2383.673588
2360.904072
687.7187065
308.2727881
681.123144
556.839559
939.5521511
1025.95672
1199.586902
1750.622789
1476.09676
1724.770519
1754.737719
1831.342307
1476.08261
1995.989028
2266.764196
2417.491643
2090.906469
2181.770971
2137.108749
1766.167077
2033.088151
2413.404729
2153.15816
2207.96536
1928.29354
1850.267407
1980.299431
2243.790651
2183.212432
672.5402796
480.9847386
646.8479778
695.6524728
767.7192797
1442.858508
984.5641163
1609.167875
1261.20416
1098.875457
1336.895835
1398.768556
1568.235362
2075.159659
1885.970641
1704.885293
2365.414667
1919.127601
2050.019381
2079.567876
2050.116846
2084.386433
2057.916532
1937.306553
1835.355482
1751.616037
1971.248537
489.0121775
250.6976197
442.3120796
655.4300837
910.6986989
1409.45398
1203.2633
1329.466099
1428.605913
1210.958723
1013.500932
1256.846531
1461.980084
1594.464432
1449.899929
1750.83238
1977.12868
1922.98271
1929.365673
1948.785254
2132.98593
1909.795675
2220.714085
2187.312678
1875.142118
1838.493879
505.94752
413.3298143
884.063333
1011.342903
1101.758343
622.7664272
1233.715954
1676.038134
1447.201758
964.0634645
1247.755883
1406.374165
1440.480679
1654.402509
1784.554796
1679.852472
1800.869617
1744.128735
1593.797843
1600.999948
1288.722126
1517.655479
1795.160859
1827.502028
647.9176136
476.8645477
561.1122233
757.4302663
677.2043811
698.7579204
1082.270894
1250.059143
1249.467757
1114.58622
1333.238367
1300.109511
1395.569491
1825.470502
1619.052755
1482.914536
1470.497404
1768.726648
1770.966109
1628.959818
1445.743526
1348.912124
1659.091063
841.2332947
782.8501641
825.2457286
889.626765
712.124916
1051.515087
1178.516464
1057.644543
1297.027796
1092.30103
1094.003687
1335.603698
1389.576879
1217.259146
1287.952502
1489.144331
1443.098753
1393.839951
490.4371023
675.5626245
301.0366453
627.1851774
572.0781574
873.7750037
1303.916289
909.5572511
821.5462854
899.7206068
905.5064785
753.0766534
693.1893872
1206.960907
1232.139526
2430.042706
3215.390301
4308.816835
3882.683189
4460.676309
6780.635292
7403.5021
7708.529666
7130.230333
8046.639997
7673.836777
7476.317811
7379.152151
6933.368593
6509.16777
6501.964747
6182.209457
5832.106712
5072.343021
3931.235176
4492.697153
4729.077468
4552.5985
4294.824438
4562.11439
4707.705047
4536.409321
4661.253671
4398.643479
4165.372555
4173.950626
4334.133578
4156.770109
4110.382249
3642.407353
3966.589756
467.6597385
640.5249214
1079.929417
945.5596251
927.7585574
2164.246645
3544.112159
3685.783024
4218.605773
6498.018924
7233.942903
6863.685182
7378.408118
7907.951176
7237.744139
7374.724064
7588.507314
6601.856803
6119.195817
6631.599448
6648.266673
5344.036069
5394.191638
4461.550362
4077.155109
4385.364294
4370.361773
4351.046707
3878.001911
4104.119576
4105.692659
4216.265959
3818.669452
3843.203784
4297.671702
3980.230823
4306.880238
3728.16539
3766.691503
3689.368834
218.7456149
276.1729176
372.4681387
1829.113113
1682.587138
1986.351793
2210.48948
3070.101288
4002.101726
5064.081242
6767.625513
7429.229196
7674.719176
7658.479035
8523.566073
7718.505318
8089.458616
7331.036271
6953.15385
6320.343887
6220.554751
5415.616217
5112.844652
4310.586711
5556.917718
4380.968542
4275.691536
3941.255363
4060.286934
4165.057197
3977.635348
3646.746897
3975.54771
4056.457367
4144.504839
4407.127426
3841.307006
3713.697829
3535.792312
3578.32098
746.3129534
496.9176129
352.6211151
774.0815778
2203.73847
2760.832405
2847.124053
4212.119936
4231.01907
5503.169023
6215.893389
7388.306661
6879.995371
8369.698188
8207.159012
7849.206983
7701.454963
7282.843118
6799.099244
6959.991703
5785.169802
5850.540698
5845.988663
5135.423147
4632.263762
4389.373696
4422.398876
4451.611934
3842.434484
3703.471427
4103.64444
4652.548766
4683.008325
4368.09804
4146.445087
4238.11863
3779.119667
4077.531897
4209.007598
3909.987726
233.2603976
561.6807053
309.2789451
247.8484609
1404.460549
2690.740082
3031.944955
4443.380467
4517.029957
5717.766949
6354.707196
7481.194035
7568.532124
6762.514227
7966.153033
8414.717879
8232.281148
7579.35858
6614.493075
6764.464692
5987.080422
5788.313074
4949.668029
4993.550903
4641.492833
4286.124322
4059.101603
4275.112332
4479.220962
4231.35157
4353.244784
4293.80765
4467.930739
4162.326452
3937.349317
3709.39313
3308.686643
3758.849806
3703.582894
3421.02456
498.8657366
613.8805788
694.2630407
1568.918062
1446.431955
2117.116175
3775.451108
3688.978364
3670.698806
4516.42807
5028.443526
6978.439882
6470.807771
7258.432153
7388.325902
8017.669451
7437.971797
7406.397792
6822.042839
6966.819298
5895.870287
5698.318324
5449.611202
4772.372908
4836.024292
4563.235072
4799.20291
4308.487052
4425.308683
4339.623017
4209.027551
4058.182222
3940.712219
4587.798234
4561.396511
4292.075341
3720.00434
3722.152774
3447.481496
3962.330264
2407.65702
1143.918385
1091.389882
1090.886489
1527.946234
2359.409797
3683.22567
2821.087165
4858.653554
4430.875146
7043.713386
7665.79495
6602.738844
7839.999074
8217.852765
8156.138347
7258.153412
7126.629434
6395.736233
6396.422726
6334.907603
5748.702977
5509.60512
5104.811272
4670.47166
4381.415102
4607.818161
4640.263164
4592.571075
4142.606998
4012.350915
3749.466677
3785.541021
3751.36969
3542.035298
3735.369024
3525.725097
3336.401218
3193.695116
3100.650328
219.4481704
1375.284972
704.3108496
1534.560948
2837.355713
3164.666577
3061.371211
3548.538127
4307.816151
5925.765678
6358.34029
6454.52061
7439.250487
8085.760475
7499.169021
7657.866814
7499.165814
6683.120603
6548.644618
6442.208084
5847.400161
5235.69844
4703.684274
4657.722316
4453.54556
4452.621481
4192.809242
4021.506392
4054.67915
4224.048845
4358.678686
4198.123132
4145.196015
3837.914146
3431.017341
3411.074004
3612.260122
3411.387699
3366.688789
480.2587939
280.9256576
1153.387246
1593.569188
1832.353882
2017.432664
2842.811689
3532.939381
3993.59037
5568.843563
5236.851067
5153.829089
7835.287123
7174.464024
7961.971373
7695.533683
7573.383052
7066.628201
6973.949495
6085.004738
6241.362722
5316.66523
5160.84958
5193.624548
4953.700884
4374.131433
4280.150535
4300.723454
3966.419491
3748.073004
3567.706814
3635.007442
3941.638067
4040.790889
3764.374243
3621.688586
3449.842246
3126.855972
3242.835841
871.9863869
563.9231853
477.5510967
1031.416945
1579.201895
1487.639801
1843.701885
2879.399909
2917.578929
4724.688046
5680.597652
6875.698348
7187.729354
7353.39366
7003.210402
6925.349417
6799.51728
6715.399346
6665.765588
5844.837969
5767.365497
5641.429825
5499.970895
5111.231806
4750.620947
4529.392534
4576.701083
4520.79157
4109.156086
4034.374574
3601.904295
3684.739971
3463.219092
3440.811661
3801.393125
3982.232019
4045.73193
3704.850325
3340.577047
231.7444622
339.9980085
1075.8736
1900.974309
1657.20274
1111.965185
2002.291605
2717.697666
3547.523502
5205.970759
3756.433856
5495.174664
6382.420728
6430.298838
6528.905893
6417.045921
5825.340062
6405.676932
6437.580574
5749.03879
5730.108928
5471.386966
5010.66627
4900.994407
4813.167962
4435.104439
4232.603942
3968.758229
3712.584642
3869.312733
4176.893187
4236.22687
4181.173104
4055.720565
3939.87751
3681.993734
3849.097583
3659.53108
3332.565797
947.4805515
1077.294729
749.6315277
1246.559107
944.5446731
1453.873169
2447.755215
2310.239473
3585.438095
3111.479028
5622.336793
6602.29942
6262.759165
6681.775628
5923.785237
6417.231463
6232.789629
6196.779961
5846.428211
5433.887864
5312.430982
5339.663246
5006.524286
4753.354403
4463.168215
4171.257587
4153.823896
3955.802444
3876.755309
3700.838667
3500.358854
3505.844006
3880.193181
3597.359342
3299.003817
3265.149496
3512.688496
3535.157456
1791.1432
463.7574835
754.672701
1694.851186
1694.998483
1721.78845
2150.540019
1890.180832
3971.312427
2630.140636
4677.163988
6362.101343
5144.801461
5700.809287
6380.541153
6121.18084
6029.015674
6363.109292
6263.312651
5880.457987
5510.164385
4578.431868
4416.713522
4442.770665
4129.246504
4171.860044
3951.326541
3880.55201
3682.002691
3732.749531
3620.205898
3451.800049
3471.434983
3591.343201
3456.19108
3344.770851
3455.172134
3004.210533
593.8857011
311.2108057
1018.166147
664.9800902
908.3527407
1749.144511
1292.347603
2772.528198
3395.96578
5452.98121
5571.615093
4700.581972
4849.788622
5525.312363
6357.026178
6307.246192
6676.619935
5947.314493
5951.128635
5511.459105
5315.426587
5052.308284
4486.7241
4439.027979
4462.456204
3947.791674
3980.192
3585.214706
3562.095895
3477.132206
3266.410943
3409.194872
3417.084754
3287.30774
2995.612797
2790.255176
2835.146208
545.8358054
397.6602503
1066.928183
1755.919159
1003.258728
1452.512118
2051.043574
2373.482674
3453.975924
4492.800242
4230.165397
4758.528654
4772.900813
5239.623734
5332.603373
5944.773932
5168.911502
4944.438111
4916.836183
4826.257008
4636.672171
4206.53236
3832.722686
3773.616436
4189.083965
3975.419084
3589.575595
3735.384423
3748.359622
3445.087499
3590.589937
3029.120267
2989.793459
2978.720692
3042.565515
2987.172806
2743.880938
219.7249799
614.8371929
420.8885415
1090.810929
996.6453331
1321.525724
2036.24459
2245.613947
2770.228119
3353.548361
4331.445765
5179.792755
5419.542693
4421.804745
5466.791946
5281.412509
4922.054378
5024.688972
5137.329294
5256.288009
4214.470537
4105.990232
3986.4554
3989.757742
3514.131618
3839.050188
3387.953492
3104.86936
3146.885161
3041.412623
3206.587055
3401.89732
3238.116539
2916.351273
2961.589914
3084.546776
3057.353648
280.5421771
609.2055593
485.8565882
848.0187391
1443.579594
1258.831124
1434.588514
2376.172967
2483.413327
2707.05283
3746.65233
3755.754531
3802.918254
4814.560364
5014.628026
5337.945271
5110.61261
4695.563678
4629.477772
4578.015013
4641.716914
4240.357126
3944.33382
3919.841548
3574.488953
3747.610774
3308.461704
3334.648847
2802.530483
2788.362468
3098.65733
3245.136452
3256.190378
2991.820538
2699.905446
2978.801269
523.4938706
269.7147118
816.9062539
1689.878462
2159.316197
1678.104803
1847.155739
1673.014778
1807.543917
2425.263689
3107.246063
3885.001307
3368.242239
4171.619858
4331.176932
4272.495616
4553.650155
4276.890593
4408.971939
4078.264971
3899.346912
3741.699127
3841.045576
3644.788857
3442.669834
3394.336536
3399.382549
2927.560661
2924.574356
2739.118682
2758.542814
2967.787477
2812.028041
2595.680174
2641.166167
733.0637649
476.2002221
446.7920227
571.7370955
1097.884589
926.6943565
2461.737116
2281.733514
2010.799635
2881.866449
2781.913444
3649.615964
2964.067391
3116.355523
3776.03766
3611.554127
3891.998189
4322.219503
3666.454618
3699.070396
3722.243263
3348.915142
3183.009164
3305.503386
3208.199477
3284.085625
3116.039606
3023.950542
2905.752377
2909.650776
2859.838204
3002.022213
3221.364022
3077.236921
2878.784148
394.2165689
399.9097876
376.5913276
1112.504607
858.2314824
1851.299358
2716.025766
2381.685537
1933.986425
2067.895865
3107.588917
3116.104887
3427.91806
3308.177712
2965.206114
3440.378602
3926.955528
3558.81869
3840.214991
3362.812735
3375.08376
3228.722495
3147.536761
3131.118325
3072.239024
3332.975815
3410.385076
3215.348074
3127.904686
2893.190136
2831.554024
2578.890637
2815.855511
2771.290938
807.9807211
633.9251824
795.6019566
615.3312755
753.7111527
1983.776244
2175.608417
2069.808648
2061.758992
2985.724792
3080.422344
3318.383017
3008.146434
3361.287823
3453.394961
3708.790176
3483.633536
3271.432029
3754.867937
3635.32999
3502.748863
3321.726905
3093.761876
2990.84163
2927.945724
2975.395764
3089.953837
2775.745767
2681.47391
2489.477092
2503.181472
2606.962005
2529.921698
522.7267108
755.7129032
671.6078561
650.419344
497.7005593
692.975645
2244.439326
1117.366151
1559.150079
1863.044447
1897.437636
2486.910276
2187.634466
1938.803058
2229.015978
2379.250154
2771.469146
2522.961818
2660.65084
2579.423208
3044.654578
3092.297895
3004.459834
2544.303734
2754.272149
2393.682482
2353.39388
2428.058141
2687.704161
2595.318799
2530.443094
2369.936827
2418.916402
406.830648
242.6019871
376.2351781
690.1327886
1173.157895
951.3549952
1859.218849
1345.441278
1221.975548
1709.445062
1744.803436
1957.186044
2370.048504
2004.232116
2092.131539
2839.870591
2473.990218
2620.863972
2411.80322
2656.967658
2670.94386
2855.601656
2809.73732
2819.998945
2868.268322
2370.135926
2119.41645
1990.152509
2167.432429
2506.415675
2596.517127
2342.679008
328.6170815
976.0880015
755.2630571
738.4783186
608.8589551
1325.119694
924.9029213
1143.388034
1421.872195
2235.578625
1779.010198
2045.250674
1849.196233
1735.648026
1991.576399
2637.859458
2367.370651
2083.685738
2499.976733
2461.806759
2134.798114
2239.069004
2137.614777
2420.093031
2222.092845
2193.127248
2151.81774
2039.237425
2316.6012
2248.545065
2196.463819
206.7068458
865.5871727
851.9464821
480.2458843
1229.800358
1058.930922
1547.085448
1555.395049
1611.750532
2311.721835
1581.785426
2004.502765
1963.722919
2240.156452
2273.143883
2555.003924
2268.849996
2263.791086
2279.748833
2424.216786
2580.263184
2200.608041
2294.268432
2455.696318
2188.243214
2180.188829
2149.684739
2068.116847
2120.840056
2280.722726
947.1638341
885.6617177
439.7698421
841.0782832
575.9230016
962.1679526
991.6688484
972.9163563
1426.923196
1541.324109
1581.486082
1634.223271
1894.147034
1562.26899
2016.4753
2018.732215
1752.612771
1897.329522
1980.815158
2056.655887
2045.752955
1919.003254
2149.123288
2392.641113
2137.853575
2227.851784
2137.940335
1852.827189
1935.772039
269.353127
702.7350902
339.3554222
566.5238729
1161.792559
857.9212904
1074.490328
1213.190291
1215.839997
1400.834411
1231.685007
1126.507794
1117.104196
1669.588486
1646.579362
1839.405699
1650.993689
1839.734399
1843.606012
1759.878166
1665.58211
1573.808633
1741.259159
1606.211029
1694.565228
1755.650123
1728.889469
607.7952792
637.9261515
327.3626716
930.6463023
939.6406626
1313.439968
896.6078403
1338.727914
1231.128258
1219.437847
1277.827667
1395.917845
1550.035896
1406.104438
1582.225684
1844.999543
1821.954391
1863.63533
1982.849104
1889.443122
1870.017321
1865.671685
1894.147672
1679.064744
1713.551639
1729.697688
508.9723209
241.0038417
480.6088513
991.0548999
947.5778407
960.5355074
831.4307948
1255.341972
1183.15972
1225.79326
1378.143185
1573.959961
1150.769344
1495.407647
1615.027394
1721.042154
1445.349636
1373.686561
1571.785224
1214.632908
1320.263115
1513.102555
1378.947259
1472.041039
290.5306755
537.8990968
871.3145993
756.3824371
900.5399689
562.5532435
768.5095755
917.6245323
837.1174086
1284.087129
1415.247603
1088.364727
941.3673831
1296.020051
1425.863823
1540.09051
1252.299242
1371.472612
1211.569197
1353.864432
1449.630916
711.8349729
522.8087918
472.5171435
886.0647967
868.8558403
1007.592009
1082.579438
1402.508482
1219.143653
949.6535676
827.1103457
1459.301895
1283.657457
1489.409795
1278.009801
1429.506235
733.8804694
379.9886401
1099.130213
1136.874421
746.5637275
1106.091771
1054.560484
747.1030814
1104.741761
1017.418904
2127.203336
1167.565955
1630.558527
3968.135411
3354.151778
3883.941711
4853.795771
6741.903155
7376.72753
7557.795363
7831.036202
7448.611066
7448.457252
7716.20191
6992.851522
6250.998925
5952.364253
5507.325703
5987.457915
4631.440106
2952.402747
4273.320773
3526.543417
3076.6076
3513.639396
3917.26752
3796.076853
3258.6979
3247.775094
4237.480949
4311.595367
4084.066794
4245.604906
4064.381662
3515.289022
3557.850021
3722.945961
3608.226801
1024.296976
204.4580368
657.9885909
1484.281966
1417.795548
1846.299749
2738.143072
3634.707239
4168.758869
5302.379013
6871.952038
7683.208772
8368.392059
8374.513112
8261.507505
7751.673696
7324.01883
6970.483127
6339.97703
7021.170289
6209.257526
4934.759018
4036.888137
2741.852796
2679.78131
2586.357137
3704.468495
4062.432702
4546.163973
4001.420043
3980.634569
5280.211294
4455.606921
4290.479313
4297.539445
3652.687505
3917.798977
3698.258822
3922.065491
3694.114719
3965.93857
372.9330297
430.4506138
370.3113172
812.7650735
995.9161339
1583.894746
1979.69357
3232.775632
2760.620205
5900.612741
6127.906644
8349.269682
8279.416464
7942.983703
9128.790943
8649.804842
7649.188438
7788.54771
6908.082875
6142.937227
5895.237185
4845.125554
4786.643776
3780.249758
3601.591589
4260.995695
3875.206007
3759.38367
3540.12879
3512.870462
3684.762678
3978.898679
3666.928683
4262.991323
3901.858423
3739.380467
4257.488642
4029.965407
3628.291166
4358.152337
4574.87891
213.7691825
256.7034753
847.8433425
461.6140408
1025.983557
1619.295675
3160.95512
2441.357305
4579.336194
5666.87811
6178.181422
7847.324774
7570.729339
7442.517385
7867.210714
8104.564505
7713.568555
7054.943926
6786.829043
6919.727754
6462.239509
4851.876847
5726.663864
3848.493221
3677.722952
4137.408693
3898.307268
4253.984354
3786.682464
4507.317522
4360.880852
3986.756455
4301.954216
4461.597692
3972.136716
3735.574202
4003.168959
4467.661516
4232.061423
3844.886622
4097.73151
448.6462128
812.6567589
945.0707073
509.6480158
1602.985798
3267.604367
3292.922749
4351.941249
4525.213462
6515.021594
6836.905068
7308.203154
8526.681481
7044.082323
8206.553307
8382.092754
7671.135694
6334.292573
6645.953193
6737.737609
5379.044669
4643.151823
4265.423045
4122.555703
4003.695908
4371.256914
3731.702962
4224.244253
4343.825796
3975.641829
4061.591538
4215.793353
3967.122216
3934.824766
4378.084494
4085.389414
3790.870279
3729.088577
3563.954979
3752.029964
520.8379023
615.0777867
985.4510252
1904.401951
662.5686491
2615.848143
1617.232434
4366.465129
3992.378658
4982.89397
6564.635215
8145.460039
7902.789716
6757.582309
8102.417994
8274.701458
7022.120466
6435.683498
6248.281517
6579.2676
5352.796871
5011.069
4705.203469
4643.330145
4375.090111
4382.487401
4472.845774
4350.386049
3996.784107
4028.18113
3576.202627
3703.108621
4000.293553
3620.095391
3815.447914
3787.272431
3951.655096
4524.293797
4521.23037
3900.900428
632.5955878
1310.695492
1903.265766
1627.93827
1533.244993
2511.672669
4628.965897
4681.579342
4263.545008
6274.274374
8396.107715
7805.317592
7280.475423
8148.773337
8444.701329
7599.88708
7320.29717
6936.814663
6807.192657
6323.6933
6386.782289
5609.080156
4798.766072
4665.37529
5217.186164
4974.999092
4514.275917
4242.56122
4002.546222
3881.889107
4351.397447
4583.658888
4088.705326
3978.567734
3705.422273
3859.817167
4083.303154
3875.019601
3768.231924
3563.085356
356.1991978
858.9471112
1923.166047
1062.001378
1288.865435
1982.989978
2355.836439
3474.927851
4979.78426
5446.307063
7389.064154
7080.7945
7683.719596
6952.123072
7317.204558
8182.373065
7955.423124
7144.232259
6530.69284
6544.074952
6184.668475
5369.408095
5237.637899
4600.691221
4393.567939
4333.637829
4367.36839
4302.460025
4445.914874
4789.887014
3986.303135
4047.261589
3814.848956
3719.32935
3866.34973
4027.30658
4095.503814
4050.575218
3878.314021
3949.357885
206.51649
927.8201948
894.2840431
498.8718928
1252.720218
1580.676341
2795.782976
2912.253792
3667.668308
5291.469124
5993.438604
4963.079876
6869.872262
7934.970106
7558.477083
7792.86375
8173.340698
7231.454096
6519.398483
6100.521878
6291.896852
5622.950999
5429.362239
5342.552848
4718.338137
4229.361713
4034.902943
4112.877849
3819.994245
3917.185839
4047.448168
3734.200628
3964.796624
3856.371651
3791.800453
3971.846638
3699.149602
3310.651625
3783.754004
3512.309083
462.4458103
1073.366552
1226.104777
1289.253224
1946.823346
2564.991533
2282.485413
3649.910462
5135.278143
4416.750658
6486.920582
7034.112064
6821.214232
6918.457036
7331.71655
7157.066712
6673.361401
7135.167737
6638.913455
5939.21272
5747.940931
5088.57811
4826.382991
5035.836147
4695.098196
4362.883973
4427.674529
4199.435275
4062.401648
4028.153079
3550.378481
3358.331204
3439.731582
3719.882159
3816.328405
3666.917173
3806.356981
4092.500165
3858.680961
436.114638
1049.308951
2203.422776
3089.753966
1457.568807
1731.508625
2173.434941
3201.960553
3688.913835
4774.803159
5364.587581
6995.176067
7650.635912
7030.54857
6571.241612
7346.968656
6578.49587
6432.457251
6524.509073
5981.710231
5309.07311
5393.090998
4956.203522
4549.591301
4789.48864
4483.545715
4135.342353
4092.866082
4250.837247
4015.15029
3775.354952
3633.258981
3449.144163
3037.030274
3128.250333
3665.326031
3446.978521
3535.32409
3762.238479
414.8333731
622.4744712
491.3047918
907.8591602
1480.764359
1012.942082
1574.079404
1967.967588
2301.932643
4749.15131
3760.392499
6224.260655
6587.097356
7197.86754
7216.395823
7012.513556
7161.468073
6840.665349
6121.712863
6072.219163
5833.42028
5387.683233
5199.808833
4842.703783
4617.140021
4453.952702
3920.311711
3811.624899
3805.933005
3942.789354
3719.346944
3266.405826
3351.48864
3568.262866
3541.43075
3417.920942
3163.593815
3346.244019
3569.299152
442.1591052
404.2055899
2381.772059
2887.563834
1387.691991
1531.146321
2349.993956
2610.248204
3980.658927
4351.590831
5457.107284
5746.814919
5531.614492
6410.237218
7492.666996
6645.142366
6689.520635
6578.474929
6173.779429
5638.374982
5464.512877
5265.992787
4324.106132
3918.236696
4129.194248
4298.301191
4276.992839
3984.415279
3570.421252
3688.749074
3541.126327
3325.898533
3217.167932
2963.334877
3458.068251
3287.104426
3398.131383
3454.420856
968.1128983
993.5993397
1257.169474
907.7081776
1472.960762
1548.524032
2757.353798
2788.878116
4755.183163
3364.095914
4754.164893
5273.320577
6056.674098
6305.326114
6599.604684
6427.308268
6434.795799
6622.999918
5992.697938
5631.011186
4991.094257
4729.701269
4270.192614
3957.159137
3925.353974
3954.63171
4090.460797
4095.592226
3658.646653
3572.835964
3619.999947
3616.877032
3488.051713
3375.099399
3094.702088
3216.742813
2999.494645
3052.853867
202.6286738
896.6085526
473.6560511
1369.912083
1919.771928
1609.150366
1516.310799
3675.084663
2775.358722
3602.61299
4638.919503
4717.674883
4609.896075
5236.812187
5629.688438
5186.538508
5350.988699
5536.702737
5638.312185
5218.297257
4605.579296
4552.083153
4075.655261
3983.600826
4247.81864
3792.554627
3583.02657
3497.717515
3686.240941
3468.353577
3606.43889
3446.89939
3655.646656
3374.096451
3376.352698
3178.409096
3160.669389
2869.854815
219.8147678
673.5475446
947.6579341
1005.253779
927.8427727
1197.503593
1535.092464
3383.628354
3417.466368
4298.79256
4619.210947
4439.700606
4047.116158
5407.320561
5278.829874
4976.026902
5510.798587
5758.393397
5391.987782
4704.777509
4022.625009
4071.548543
4250.914045
4165.387533
4007.42889
3551.635329
3420.013078
3007.262046
2876.968103
2899.936898
3307.14166
3483.173418
3319.560144
3150.714721
3180.83704
3374.609951
3319.839845
214.0933727
391.6390149
649.465509
1018.95946
950.6099947
1846.497692
859.3038696
2456.019619
2295.547152
2937.871574
2989.240499
3418.325241
4403.958225
3910.76539
4697.901676
4982.421715
4701.746126
5043.062858
4623.028739
4462.753896
4243.535736
4104.745272
4114.039102
3809.533199
3697.441771
3685.881832
3853.748838
3920.567399
3336.220515
2811.538844
2774.327635
2727.708894
2624.31656
2642.732687
2496.018789
2700.44223
2673.513663
465.9976005
743.5473845
1208.824699
418.0690046
595.9762085
825.5018061
2292.387307
2066.305604
2947.728814
3001.244437
2975.022252
3789.884613
3762.70517
3856.585013
4731.694115
4254.138722
4385.945482
4492.946378
4284.900094
4300.1577
3756.69646
3630.107278
3657.113804
3630.209891
3556.246109
3324.94333
3240.203586
3297.231545
3184.801046
3110.619948
2900.146156
2856.609495
2951.831426
2875.163928
2689.829955
2734.421165
632.4848968
915.6421175
1137.257965
937.849457
787.0881661
1213.007823
2185.609523
2438.055855
3242.662674
2516.607405
2905.606344
3297.547208
4399.918408
4416.503181
3694.20487
3565.11145
4316.441504
4535.72409
4214.390467
4414.319149
3917.094946
3613.24563
3623.415376
3366.918484
3660.478695
3368.026509
3155.700099
3281.603308
2979.710458
2988.106161
3223.432157
3182.900403
3071.788159
2954.511492
2816.288244
601.1312714
436.6343287
1128.04108
830.8282783
669.9425492
683.0044131
1156.419941
1252.627773
2157.707033
1963.764823
2233.570914
3651.848296
3860.158343
3712.114022
3342.130473
3300.449948
3739.403986
3802.015447
4021.297132
3833.282803
4008.475476
3903.52679
3431.554161
3029.441671
3097.68126
3271.530285
2929.030607
2816.597277
3185.590636
2882.327361
2577.51736
2487.475666
2592.856027
2740.017275
2835.06522
213.1707324
721.991723
392.5278795
503.7155405
433.7550796
855.021566
1525.697548
1693.491787
1975.645606
2284.459071
2537.765525
2993.386832
3551.797365
2973.383287
2963.68555
3293.450968
3915.435097
3510.184939
3160.042264
3162.893607
3612.977381
3691.623301
3582.121918
3175.963173
2996.180151
2891.888851
2764.311122
2667.283895
2587.854869
2541.494686
2518.191403
2629.587364
2452.99541
2377.515755
300.5080906
790.2581415
605.506046
686.4689788
660.3474605
1731.992117
1472.737117
1894.935066
2307.040766
1646.710673
2344.174006
2620.892945
2452.636569
2822.645954
2362.320569
2769.536133
2986.022777
3157.073977
3203.137031
2935.515296
2931.173242
2704.512568
3041.719874
2708.113611
2458.528017
2432.083325
2498.800728
2816.879861
2841.491687
2778.308598
2539.97175
2414.00267
2656.763894
832.6409615
348.9717917
848.7498337
910.2716503
1240.787136
1221.96957
1505.03135
2073.268518
2635.971313
2358.87396
2206.517498
2238.673412
2909.890568
2907.823855
2459.411282
2789.487786
2409.047286
2643.756235
2632.911127
2587.040672
2477.503335
2545.563837
2482.788835
2560.139797
2429.775362
2628.823537
2566.85528
2658.964125
2737.20639
2445.433855
2363.392933
2272.30282
394.9165513
266.7666006
359.9727114
619.43259
496.6796891
1178.418248
1122.516884
1060.930392
1823.921859
1925.17054
1539.176476
1860.807551
2077.902352
2441.884258
2767.869249
2308.537791
2339.751217
1978.619642
2164.098772
2152.003285
2368.150584
2672.198098
2483.113593
2328.767207
2163.359737
1954.13567
1942.069988
2092.594124
2255.067089
2196.628429
2333.375006
2174.381783
725.9617451
266.6206142
555.3903011
797.8021414
968.1169513
1003.988449
1592.875809
1136.773916
1527.526131
1185.040368
1327.280768
2050.972235
1353.098151
2408.796186
2013.060177
1836.283401
2386.760029
2273.693579
2439.20571
2626.249554
2464.337553
2462.425781
2455.980512
2453.938638
2515.237876
2224.222221
2318.699855
2161.856978
2249.125483
2091.771701
2130.219228
391.2816372
611.8490095
641.7304621
1343.488345
1113.975067
1191.776105
1323.213045
776.816342
833.7974756
1345.906164
1070.492742
1743.214839
1873.736119
2142.183813
2096.41515
1993.498465
2181.758438
2283.450235
2109.429005
2069.338382
2217.697886
2149.578678
2264.960233
2246.320639
2095.304252
2102.811442
1855.707136
2093.367196
1973.531364
661.6498095
847.9304469
644.9992934
683.7985925
870.5304663
1069.227199
1052.711546
621.8351147
1073.021779
1293.392844
1149.992577
2341.13698
1924.216724
1765.856657
2093.707843
2175.277289
2084.84658
2003.75568
1893.312946
1784.206483
2114.521421
2005.440601
2042.332037
2267.786606
2295.798787
2156.611711
1902.48924
1974.817916
879.9055279
851.9619885
324.3215698
519.7512512
309.9103292
901.9548698
927.905578
959.6943898
837.4799852
1216.085103
1217.709603
1291.878099
1257.51217
1118.172342
1768.333823
1987.977178
1508.420944
1782.337853
1642.621686
1426.713123
1710.06056
1616.735347
1653.557803
1565.131341
1784.084085
1912.006492
1885.772735
399.7673634
421.7007302
411.7815437
689.6798046
1217.991996
1139.537056
750.9217509
682.8161746
757.7065906
1073.369759
1180.324988
1056.364334
1139.992141
1236.768521
1346.535177
1456.414785
1628.447011
1659.097244
1660.379601
1723.887794
1827.161662
1664.379166
1396.090212
1473.719055
1370.211878
462.6902299
350.494011
445.1421469
763.522527
650.622852
763.7214607
782.3071574
605.6315903
944.361051
1201.973204
1144.931162
1191.414803
1053.779536
1139.221723
1501.168044
1278.500773
1206.11291
1368.579196
1528.238704
1692.862344
1435.590618
1301.720494
1353.67189
523.4569144
534.1869084
662.2432549
648.4157338
714.6947404
583.7066068
573.9799568
857.1825275
859.8779879
1102.722987
977.2889888
910.6609227
1189.433517
1222.407824
1227.815853
1063.892486
1186.968789
1537.183419
1536.779321
1294.526204
375.1457327
773.4331146
456.6182111
470.1464829
772.0151098
799.083858
717.9942685
873.7625164
639.7451509
640.5462469
909.8521892
886.3597692
1365.803926
1240.018991
259.3890246
970.4327645
1269.075956
1459.760919
1223.55946
1911.494927
2897.844882
4247.429773
5258.305157
6955.681743
8376.585395
9209.864559
8606.729466
7890.585436
8016.656922
7739.574773
7480.946512
7167.770809
5863.685896
6094.076593
4595.639026
2957.968184
7881.591773
3225.100049
2849.924883
3062.86446
4438.821164
4447.50452
3716.250533
3824.478977
4202.528406
4287.840928
3756.253269
3725.459832
3473.883637
3342.480733
3029.398654
3356.854726
807.6794426
1538.694876
633.5599302
1899.040381
1185.283861
1728.880792
3122.815723
3930.935663
4672.576315
6326.817108
7789.851283
8351.017708
9308.788815
8912.198195
8312.349513
7813.329467
7553.883549
6410.958812
6497.505786
5866.959403
4747.138486
3143.409451
1452.594391
2965.555806
2899.213188
3656.672276
4013.704385
3934.770484
3789.926009
4405.801016
3636.648119
3993.773382
4650.747651
4203.633645
3896.470077
3413.743582
3377.671814
3615.576624
221.2905326
793.939868
453.0818459
1937.086387
1162.874387
1326.759331
3400.376559
5056.561375
4432.479469
7079.906152
7252.311888
8951.254992
8720.356567
9122.381607
9289.216025
7771.188773
7506.105109
6674.035141
6236.311366
5450.722932
4713.622791
3293.602244
2285.270115
5085.722041
3388.49009
3529.567624
3096.931468
3494.92946
3844.556284
3852.47122
3902.410423
4487.838818
4834.578498
4704.01274
4340.586317
3799.072431
3756.258242
3682.422107
3447.231071
216.1609919
277.4265843
755.8457076
1202.385926
2064.360578
2230.959993
4156.635249
3593.863984
6273.122817
6538.57351
6896.336314
7230.856164
9116.53878
8170.427295
7736.842507
7664.343234
7761.708295
7255.979293
5961.657898
6047.21409
5080.004621
3836.840649
2813.056302
3970.688027
3440.129231
3447.628249
3010.152428
3760.110409
3255.950945
3577.413032
3944.582268
3649.874503
3782.509188
4111.423263
4117.740321
3847.61451
3935.951897
3864.598017
3807.316765
227.286397
695.7787109
441.4587834
447.8246423
1127.036369
2382.772163
3545.88152
3686.56249
4180.014214
6241.912192
6837.769892
8285.514377
8107.117243
8353.781693
7689.23016
7689.061652
7361.887285
6878.381851
6866.071396
6021.816949
5408.161279
4728.193596
2548.899993
4144.134259
4257.062942
4155.137997
4890.853371
5010.864375
4608.060011
4210.712774
3590.882435
3757.086288
3221.635603
3628.168659
3820.579274
3479.895752
4133.869075
4273.554809
3953.77292
3175.630705
1553.971939
516.448693
423.9048266
1187.376628
2694.598379
2331.057861
2160.567008
2464.572828
3928.467075
5103.762781
5702.747491
8540.438572
8510.930509
8313.38246
7965.852464
7584.224415
7389.686241
7022.454214
6557.987486
5966.51006
5337.07492
5314.365813
3556.906369
3704.413157
4332.046532
5017.617627
4376.299521
3771.250895
3832.620612
4255.3944
4324.523203
4069.267878
3568.904177
4109.081773
4108.205991
3482.965851
3391.108621
4039.622319
3461.965675
3893.734435
4244.332869
606.4301038
479.8904892
775.4017892
1227.379001
2237.326307
1902.626676
2689.931613
3953.22841
4687.317565
5799.532651
5815.699565
7236.980938
7401.913612
8959.44411
7856.556849
7702.209651
7471.032395
6698.193591
6701.694448
6500.99957
6234.57364
4420.485506
4190.523788
3565.079151
4132.599237
4153.493491
3694.597621
3915.01006
4108.67007
3733.071726
3821.068828
4336.485926
3797.363474
3922.720546
3720.147308
3961.817618
3799.515663
3756.564046
4820.265797
4389.971298
3590.237974
650.7937754
1071.525502
740.369993
2117.710454
1745.105692
3354.823676
4076.79807
3371.18331
4470.161041
5762.110318
6778.571592
7993.067915
7768.541001
7678.053944
8213.322163
8126.714265
6702.503921
6191.600739
6222.814238
6578.848132
5756.583761
4472.736521
4615.586596
4241.880619
3950.490481
4173.283344
4047.696139
3766.480116
4038.521216
3826.456086
4152.682289
4473.101424
4263.047118
3741.446436
3816.152078
4373.429737
3824.125738
3579.10895
3927.380706
3750.331969
212.3515001
484.4784369
847.1828273
1787.626218
1993.808296
1613.721201
2786.780371
3664.679434
4485.609677
5751.444381
6362.501804
7103.206891
7822.938014
8016.012917
8072.474919
7688.570432
7650.572921
6757.181446
6325.903017
5984.155983
6206.813071
5466.491592
4549.795019
4321.872956
4411.113154
4256.128424
4722.872592
4375.216205
4236.735746
3791.469997
3924.110462
3311.502199
3452.276099
3227.839893
3228.10846
3570.720466
3288.050053
3625.401308
3704.665616
3673.213463
294.9513514
371.5111054
849.2853383
1275.118235
2149.478479
2640.3079
2601.766591
4394.344626
3553.502714
4941.482773
5019.226075
6916.6107
7445.48009
7647.198869
7357.38952
7684.183327
6774.201474
6975.055894
6613.659507
6337.463935
5669.260011
5056.645581
4694.275525
4523.972994
4375.078821
4725.814047
4275.848238
4314.938107
4142.969487
4299.338924
4340.093528
3943.440431
3605.201266
3554.257258
3679.559074
3858.893222
4076.946058
3914.300666
3488.875455
3857.428222
301.6493577
216.7934239
524.4392876
1454.855109
1562.355
1203.353177
1531.51339
2546.026649
2422.000146
2974.696602
4067.168521
5109.663015
6688.236222
6818.513651
7138.644167
7147.331104
7396.718058
7058.322965
6136.612412
5967.009704
5619.088363
5249.660497
5406.567769
5142.260149
4670.125423
4416.753436
4057.207736
3785.657083
3767.812088
3806.373109
3537.890691
3823.317769
4038.819
3750.258889
3621.680623
3612.985403
3499.845302
3557.870819
2907.002762
2929.73344
391.9643316
492.6630088
1722.458216
1642.449573
2783.362849
2684.510834
1657.519712
3080.166757
3285.524865
4829.166811
5707.778949
6966.562051
7417.301686
7442.118405
7834.4753
7621.382957
7101.39306
6630.008911
5859.381401
5455.34289
5301.128689
5243.897822
5084.226181
4831.983464
4278.056824
4125.038992
4080.05267
4036.796826
3846.812072
4031.12642
3660.9169
3670.512988
3304.049527
3202.263199
3258.956057
3309.521145
3230.696242
3175.797942
3109.008083
196.7034124
715.1498749
503.8265773
1017.470767
1706.671049
2401.666486
2086.376426
3303.815215
3415.845804
5537.851554
5389.690042
6367.607205
6530.437538
7173.699667
6957.473944
7087.163578
6985.873947
6792.110797
6163.381788
5518.348924
4944.813155
4983.126757
4624.90433
4326.695664
4570.020873
4295.982173
4135.338058
3752.288317
3449.37114
3778.58035
3876.919666
3743.940035
3755.495485
3927.040569
3261.766362
3337.371391
3420.386599
3690.928259
3414.128912
360.4014912
425.1535752
800.2994966
1122.510408
1148.557998
1769.386135
2702.544715
2939.616522
3119.682167
4093.845823
4156.181842
5749.682604
5314.70611
6344.32584
7112.780735
6853.724839
6965.944516
6329.631467
6298.945234
5307.745115
5170.707875
4727.073849
5166.218648
4220.549753
4548.215495
4095.667561
3409.014496
3312.201376
3366.276903
3499.939277
3383.911106
3152.255187
3354.707936
3322.843631
3377.499949
3429.920505
3242.485453
3156.282981
3234.891687
347.4183196
1040.273402
1152.768925
1389.699069
1594.970894
1922.873402
1444.156041
2867.826946
4133.494205
3599.215587
4342.713964
5054.755988
5804.214285
5701.751422
6338.353403
6615.516174
5873.793469
5713.92156
4839.357606
5033.666203
5068.790361
4715.293162
4580.598414
4086.171437
3681.743061
3416.98737
3112.404097
3203.064675
3325.235732
3423.717737
3089.435221
3055.15362
3029.26621
2907.315368
2932.608021
2762.637146
2891.524748
2970.893339
234.2684765
503.4870066
1198.053603
1009.208196
1064.709238
1480.996837
1880.291856
2071.020291
3760.050717
3726.883982
4771.3427
5240.731829
4705.721645
5636.671336
6121.787586
6091.581698
5396.958946
5504.553337
5041.372237
4513.683593
4377.512007
4389.060735
4343.39221
3825.552096
3717.216708
3851.155185
3505.328251
3454.953679
3195.71433
3527.923829
3526.560822
2926.437219
3220.170913
3363.345442
3213.028726
3011.991024
2774.764682
2809.190811
548.5963901
359.0771635
887.7375479
837.539115
1560.815803
735.1449846
922.0091394
2038.58559
3074.393906
4015.514805
4283.696611
4175.129948
4723.465265
4367.592328
5277.880661
5110.647001
5239.671601
4869.256151
4828.435253
4513.184606
4314.18852
4307.274645
4023.463077
3727.485912
3578.750298
3173.755297
3383.681731
3221.259021
3098.443397
3083.014181
3092.746687
3321.259888
3010.833805
2956.181162
3140.532302
3024.705982
2992.745548
330.5631779
693.9278233
1525.635079
1193.634283
1283.062402
1112.485786
1232.572804
1273.670631
1805.776119
2831.847187
2785.826776
3908.190329
4383.830018
4291.327148
4837.211774
4818.205096
5204.886801
4747.484777
4308.312583
4267.79669
3946.084299
3870.812152
3933.791038
3803.654733
3724.355016
3824.33
3513.439022
3753.55351
3770.390984
3597.630644
3273.931917
3136.552038
3472.387322
3007.260614
2735.996967
2882.312613
2764.788662
226.6759085
904.6665153
925.7171736
814.5826347
591.2154352
1034.275625
936.2325065
1909.433451
2040.54777
2547.546874
3248.605173
3580.021889
4086.792263
3828.512503
4239.43828
4520.587395
4843.267355
4535.834766
3953.440402
4149.220329
3978.00043
3985.536334
3813.720561
3789.766485
3810.37164
3575.607637
3504.927275
3163.401128
3323.800867
3362.353709
3075.121065
2769.299369
2724.116105
2586.275709
2430.29322
2546.684075
613.1191115
452.9995178
942.6488163
1065.251309
1037.702844
1042.408739
1094.264023
2219.956416
1504.549897
3069.635092
3011.544191
4296.247131
3880.531797
3518.238953
4381.068496
4230.560669
4383.031804
4203.995756
3794.091982
3563.091519
3486.260393
3441.165429
3111.457419
3396.189931
3485.22254
3216.160248
3306.164343
3031.400749
2649.250645
2800.330701
3008.788795
2832.158009
2723.432108
2635.706896
2340.274712
253.4270925
668.2980032
661.7548872
833.7907925
636.8497568
1036.878348
1478.095217
2729.251577
1970.703895
1827.822922
2430.408943
2805.044106
3483.302687
3392.529812
3269.69577
3065.723508
3395.338206
3132.328399
2927.493598
3443.5778
3453.330378
3503.82126
3345.167242
2878.696223
2882.55064
2885.261729
3209.852246
3226.736578
2849.402205
2635.037767
2792.95432
2700.317519
2370.339645
2403.643641
2457.745007
205.7193514
652.5974559
537.3366711
678.5256724
948.7455779
1413.45057
1256.102347
1786.607452
1799.614976
1670.341316
2401.767093
2304.104524
2879.327172
3308.817917
2832.115408
3132.874195
3520.22633
3172.847824
3251.046155
3259.099983
3030.31164
3181.414038
3174.48507
2952.455938
2724.963043
2593.898572
2596.809443
2798.678201
2699.486875
2481.015409
2414.280624
2221.491156
2262.114922
2224.366588
490.6286867
568.0461165
651.7925582
613.4367347
521.7566823
776.0509421
1197.288418
1442.103631
1551.561654
1980.244756
1915.211386
2442.855857
3071.926206
2802.837268
2760.282718
2221.121906
2888.433531
2553.3867
2517.70458
2531.612699
2267.428015
2507.608917
2704.263754
2320.580513
2268.884335
2209.270583
2171.761806
2268.367243
2244.746787
2310.581942
2484.954023
2296.882379
2224.520407
810.6499508
602.4869341
379.0042788
566.5595574
950.4614037
1374.503112
1992.966331
1012.139051
1770.211435
977.9209641
1606.74194
2356.969899
2245.660155
2904.867501
2609.598292
2244.602293
2860.586585
2713.417997
2703.543863
2439.73159
2381.138497
2158.875869
2510.35198
2256.136938
2225.806869
2225.165054
2128.832991
2266.92311
2162.483099
2258.853401
2299.178252
2306.658607
461.1550491
307.041087
387.2527896
745.2901753
1395.129021
1033.203914
1130.418936
1196.392632
1169.604858
1157.141971
1806.927816
1724.40655
2040.487307
2077.819094
1825.656496
2168.039984
2248.026596
2359.138307
2318.370923
2076.865657
2245.154847
2235.574358
2150.842358
2143.157813
2086.282946
2149.452648
1990.912835
2349.317646
2221.08996
2239.693379
2248.026183
352.6288282
492.7608871
795.9086029
1011.136198
754.4612014
1126.630378
811.9179177
1316.126763
895.9744611
1194.385597
1772.593031
1791.611037
2190.566882
1603.7293
1743.398538
2010.572397
2102.787773
2134.924738
2157.51301
2106.60713
2196.748902
1856.029314
1790.430587
1808.066287
1754.964578
1859.454761
1918.827028
2065.420332
1842.975746
1880.01623
548.3339437
508.9622084
635.3433309
1061.997658
508.5469672
550.9047267
987.8981138
988.8946967
700.6481284
1133.729723
1096.951582
2100.174192
1594.438661
1597.458889
1765.142282
1757.399337
1856.288321
1755.282365
1975.341718
1925.525626
1940.547661
1852.462576
1734.204049
1650.199054
1756.903626
1746.178344
1916.196257
1801.640979
1636.70934
539.5233574
214.6757012
391.6722282
881.0479967
654.4393414
748.2783256
986.7765568
796.0308536
770.7338416
978.6239673
985.3985273
1514.348891
1856.06974
1709.745475
1535.039774
1664.255443
1503.997649
1814.524481
1804.498729
1657.872686
1522.023121
1737.137403
1468.648818
1273.034682
1454.369658
1626.955073
1893.70558
1679.706048
579.2667472
992.5714498
473.2236946
662.734741
1073.129408
1040.479979
964.7431079
1202.949028
900.8558195
719.964434
1012.838513
1676.93514
1503.094708
1541.656938
1213.759854
1467.449338
1565.971869
1554.111474
1548.271591
1422.743746
1694.416959
1631.877383
1424.571965
1480.160198
1376.647553
1471.560469
835.7927504
370.6455562
385.9807082
350.4657926
943.9385947
942.0701406
823.6773056
819.1651997
706.5391968
791.8033146
1044.934676
1314.676271
1401.817838
1428.556502
1207.012485
1209.693314
1058.631664
1326.889038
1495.102733
1198.061843
1183.090648
1302.883511
1297.478107
1401.228755
1403.137293
310.7888567
413.1779813
535.5456382
474.1435856
674.9956823
784.0700473
891.9482939
682.1627537
707.4737026
1027.251502
1355.838091
1168.034329
1142.756354
1004.184442
1022.440855
891.878248
1103.540798
1235.891542
1044.018503
1005.365476
1011.642673
1184.454525
1211.714733
514.8789669
581.5525781
692.1489695
889.0122715
645.6289178
778.1022856
691.7221012
749.346117
893.3399044
958.1451504
838.795886
1235.489481
1333.114107
1102.664055
1187.121297
1301.135664
1216.158206
1052.76393
724.621138
534.8826291
814.0886399
561.4615831
1035.576236
915.9007582
993.1508202
781.9336132
779.9957811
913.2344981
600.8297009
416.5647482
561.4890689
1546.832148
1912.998433
2728.061699
2405.988169
3818.058856
4749.893271
5046.166223
6171.231518
8702.171749
9626.023155
8301.807816
8584.08471
8388.795995
7706.647848
7553.302184
7168.525196
5355.87559
3340.471963
1816.198573
10511.95095
3609.312728
2801.814391
3125.102686
3934.171345
4276.057246
3480.726063
3536.73716
2929.352173
2968.625028
3464.658276
4213.467274
4194.621468
4020.065021
3649.422049
213.7026124
277.4616462
1548.189197
610.157917
1784.760506
1391.734158
2052.297876
2077.809935
4530.264289
5185.941577
7501.353368
8560.705245
9612.40627
9138.024365
9520.015548
8023.870446
7465.679597
7996.229458
6054.203459
5051.465247
3991.701695
0
3915.855972
3070.485408
3167.694502
4377.572741
4427.189686
4470.801784
4658.093333
3733.064628
4539.708916
4201.448966
3732.500219
3464.725626
3806.693165
3987.370713
3906.661487
217.9274934
214.3696341
1662.916277
2582.240179
2348.969989
2340.848478
1668.595504
2430.310672
5399.642543
5507.450742
7565.641895
8381.592251
8357.612352
8995.440002
9203.449665
8726.88563
7480.956456
6512.719467
5642.519654
5731.873585
4090.298492
2532.610482
2211.960249
2517.103662
3118.961935
3011.891714
2878.332768
3728.404283
3744.911626
3742.642023
4183.861182
4423.775103
4650.132132
4832.603257
4090.036575
4307.300389
3771.890112
3957.603925
225.7591286
222.3244259
609.9350198
1258.507981
507.5137304
1061.690075
2543.002408
3469.15123
3415.900861
6552.643535
5592.692239
7738.896705
9311.851049
8002.894605
7791.198723
8052.060625
7384.428307
7473.15739
6852.788296
5420.061621
4013.839705
2601.320318
7048.876649
2288.239194
2672.996553
3723.5171
3032.614649
3165.556464
4289.175499
3926.579414
3727.463965
3494.091041
3724.861547
4619.372204
4010.887157
3969.396597
4640.224592
4082.960992
768.9946803
1297.173901
491.1966466
464.9083159
1131.715099
2252.210575
4432.073257
4309.650333
5033.454127
6446.835982
7158.232348
8399.239732
8801.107425
9479.400203
8760.249201
7735.028816
7676.145224
7080.376198
5818.817378
5704.643942
3367.661003
647.1833345
4678.169452
4647.898853
3603.393003
2976.885954
3578.091147
3760.665653
3718.996233
3597.670957
3968.877013
3976.034497
3973.549704
3984.942233
3903.254822
4129.995868
4409.098676
829.9352356
1140.202287
886.6727798
809.1812874
1474.753078
2258.813553
3802.059003
3062.492687
6076.971934
6755.377533
6521.796753
8242.900461
8525.810594
8558.031656
8271.057994
8346.941141
7120.440517
6962.663742
5999.478785
5508.229989
3867.304439
910.4555256
4185.639152
4702.556448
4023.14593
3323.349613
3687.640334
4201.195537
4876.040231
4443.289744
4280.219243
3353.879551
4425.805023
4369.019601
4155.55368
4121.184428
3492.365095
3892.28011
427.3062188
1694.35869
1607.59806
740.7529761
1107.132194
1836.571823
2402.075568
6651.210562
4909.831865
7404.316206
7161.595884
7992.764799
8400.794636
9212.048846
7890.662736
8598.59276
7329.961498
6733.893071
7368.946714
5383.293565
4504.711389
2778.52309
3062.362738
3880.826293
3722.966077
3624.825576
3616.892108
3911.871072
4131.295863
4559.500728
4428.695029
3975.094019
4270.578593
3862.944373
3900.377023
3727.797238
3602.940055
3642.212777
3642.576391
631.5346177
925.0984365
523.117252
565.2532387
1019.873989
1097.47893
3245.267774
4247.687425
4670.914219
5936.765751
6905.613624
7701.61362
9118.814189
8335.874895
8111.642384
7644.346882
7156.622267
6465.762384
6272.707953
5865.841009
5079.538476
3201.059172
3664.082921
5486.319644
4562.277655
4859.135121
4146.687496
3623.860848
3800.84039
4337.120045
4405.575531
5026.650201
5060.233249
4389.464217
4631.09768
4534.24032
3950.792667
3910.704597
3849.215503
3900.200898
3745.509615
209.3076207
236.8009379
667.0083184
961.9233803
760.2197829
1951.064419
3100.393724
2789.877226
2918.921915
3812.784413
6565.737969
6627.880105
7724.766407
8334.40555
7927.568159
7918.214498
7111.362175
6899.2808
6350.493095
6442.359533
6018.99946
5205.65085
3959.122881
5095.236321
4211.039548
4122.868867
4415.150397
4277.600441
4688.440778
4800.809248
4456.263714
4518.793979
4202.538265
4294.739048
4099.130377
4256.079193
3850.906369
3791.643369
3684.160198
3698.683144
4096.178596
938.4778534
734.707601
968.1322174
1530.618627
951.44335
3695.328718
3127.892878
4227.101725
4348.183808
4237.2796
6411.638492
6849.261845
8283.677272
7308.519359
7975.439074
6963.841354
6870.556039
6842.135715
6351.34743
6069.291033
4950.586076
4396.47139
4610.415784
4337.409241
4125.337297
4027.29459
4125.37311
3938.566105
3967.938894
3716.18599
3519.576925
3491.257078
3785.336098
4263.892845
3874.215719
3846.387334
4019.51625
3742.728913
3883.298111
3576.660184
220.0935664
328.6369242
254.6075289
1485.554502
2036.261531
1666.766344
2999.158751
3374.465498
3011.983394
3964.403373
5747.713493
6267.036208
6554.858413
7751.764258
8172.718359
7643.914927
6977.48584
6461.249379
6392.827245
5910.000994
5169.782583
4821.883888
4807.886749
4520.456206
4050.637932
4006.664707
4392.090481
3869.85063
3876.608464
4092.839354
3791.714721
3642.395973
3768.071982
3837.079141
4291.72733
3857.922341
4232.034578
3954.209559
4029.753747
3707.355365
258.5004769
443.8743918
379.3410803
1047.623388
1311.990976
2439.487639
4083.368038
2107.950999
4442.356682
4068.247123
5569.039783
6036.508706
7542.27585
7797.795912
7745.798489
7640.266795
7721.877462
6674.57557
6280.299038
5889.759883
5024.750645
4498.445076
4363.504792
4349.601229
3962.637139
4164.040563
4569.481097
4104.800569
3715.008372
3510.294121
3600.910433
3968.449959
3745.586342
3568.229358
3611.052149
3398.04444
3594.589103
4077.180082
3313.352851
2924.595669
364.0673967
1071.488752
1580.445652
1300.69121
1577.981226
2339.716369
3092.873899
5123.626164
4360.547981
5162.497264
4900.210407
6789.809025
7648.02936
7238.623913
6826.246584
7280.537643
6853.77534
6387.373599
5693.654464
5432.193701
4848.92494
4469.502511
4852.305588
4582.202768
4440.027112
4519.154354
4081.653964
4042.723941
3542.018875
3858.832624
3747.363654
3558.759731
3798.119888
3722.54439
3741.542094
3071.284027
3188.347427
3295.583956
3171.851759
529.0017705
333.4922142
502.7381376
1205.747967
2207.226063
3164.365982
2543.332292
2797.250022
3211.996074
4894.614848
4884.785535
6033.650332
6375.177351
7195.722368
7090.738313
6758.219681
6566.507274
5979.730273
5655.030413
5605.823668
5371.575009
4699.505532
4201.192289
4102.215043
4014.959611
4158.796452
4207.879096
4121.386139
3584.271317
3163.219264
3152.647136
3381.483697
3346.334974
3393.041109
3543.207932
3892.885172
3605.351892
3703.016529
3912.877737
237.9010174
493.2765537
419.1084081
574.1211247
1020.875744
1342.44355
2393.620495
2283.969148
2490.837168
3917.850138
4538.336724
6474.59544
5498.010509
6212.648742
6781.047083
6814.806193
6256.437083
5929.38987
6019.412725
5386.539261
5026.001868
5046.247822
4832.256807
4030.585074
3919.515978
3896.821689
3768.123656
3879.319104
4020.906655
3583.435702
3163.325668
3095.672134
3064.865462
2879.449231
3022.189688
2994.910931
3312.840544
3063.356206
2993.63601
1166.847252
958.7800057
1289.661806
825.4039069
1234.229195
1610.607961
1568.438603
2588.504129
2859.753981
4695.83172
4975.65229
4752.72042
5346.041913
5363.831695
5794.408255
6242.143419
5373.528199
5685.293669
5200.780746
4962.757291
4589.937669
4457.55788
4118.994963
3911.835629
3407.317971
3710.131838
3701.669819
3679.021296
3646.59963
3233.025963
3166.046394
3391.755172
3188.886907
3370.840605
3249.008314
2905.041516
2965.759536
2576.931512
420.5073718
260.1348416
888.0983893
1586.636734
1328.514218
1649.374475
1222.114986
1967.22161
2658.172808
3270.355429
4899.454616
3777.377456
3983.633652
4004.556025
4810.976634
5530.678452
5522.007158
5264.163791
5174.792981
4537.923971
4400.395931
4387.76791
4048.571551
3934.521283
3803.357616
3737.596096
3300.770306
3061.021105
3333.857948
3343.372423
3094.867541
3239.805607
3107.706072
2834.99686
2622.688827
2598.433349
2525.757006
2812.720072
289.3235046
687.8442609
1412.466068
1184.057565
1014.631838
1051.864718
2033.907416
2393.824034
2851.200209
4413.898003
4052.434299
4519.276389
4008.015103
4159.168657
5006.381983
4719.987644
5116.030344
4711.94683
4358.41961
4022.612787
4169.12119
4019.96209
3904.422031
3901.598204
3659.797281
3312.506709
3373.814397
3294.51159
3443.56416
3380.76892
3019.635589
2749.717924
2860.126065
2996.478709
2739.93252
2962.194306
2794.311126
412.521252
786.1339234
598.9916564
643.7480535
1088.356169
360.6616963
2054.56869
1387.274412
2825.014331
2911.143413
3641.246789
3924.641015
3949.082429
4014.01595
4144.0993
4650.127475
4601.627029
4395.927867
4074.986383
3947.887473
3434.259804
3773.716105
3295.084873
3574.276142
3506.515461
3287.247593
3305.720012
3204.920633
3227.188794
3276.47311
3069.693062
2983.415183
2410.51382
2401.947937
2526.571253
2393.345735
2658.396242
397.2117387
364.017769
673.3825804
591.1381879
1007.364592
2072.543229
1278.114163
2129.959195
2577.065358
3427.285405
3137.098022
4064.717013
3889.179453
4051.546664
4307.536499
4120.223126
4240.89919
4162.262178
3499.920202
3516.219657
3571.021984
3547.85839
3357.547502
3425.608378
3366.924141
2925.414942
3083.343597
3189.853282
2978.952617
3046.159493
2874.395887
2909.798176
2800.572722
2667.427363
2528.181349
2489.952191
212.6474549
411.6351742
1116.374329
1162.167606
753.3120166
1983.927294
2126.819384
1964.629699
2951.396913
1518.681427
3050.259066
2825.895503
2940.891492
2871.999203
3436.778463
3659.021858
3337.582049
3807.448819
3658.119554
3530.378248
3425.409753
3663.633739
3170.364702
2880.733407
2914.874354
2818.422819
2694.964621
2783.361004
3001.433113
2927.296467
2749.887837
2714.566803
2793.093325
2585.404816
2080.127246
208.0314665
215.5663188
1172.792821
227.069446
727.4208583
988.4675021
893.7013388
1520.101206
1793.93271
1978.841432
2151.837686
2441.587978
2650.587036
3268.716254
3056.766481
2773.719043
2871.945226
2942.741547
3175.477575
3138.555848
3246.406649
3085.190652
3412.49461
3047.825469
2707.832798
2915.3625
2653.86589
2833.982395
2684.246146
2402.430403
2189.888528
2346.628206
2481.074836
2310.876542
2297.8274
209.8021404
357.3380777
528.5631975
829.8122494
645.48224
284.2018302
2029.071054
1996.857636
1735.172141
1875.561566
2283.185751
2316.566308
2999.206886
3450.931495
2982.824377
2664.660637
2587.375034
2939.168718
2841.084543
2766.202561
2683.773357
2776.23212
2700.949688
2778.468692
2467.44982
2699.149989
2206.42404
2423.566147
2472.679595
2369.57885
2393.605578
2235.965998
2226.931347
2188.7315
224.6954561
386.2662301
762.5507276
550.1558207
614.5668278
962.5242204
1541.638724
1296.459582
1978.524516
1594.301511
1484.358658
2127.406795
2262.520346
2218.545569
2279.319701
1945.747858
2281.402922
2194.382539
2509.169978
2499.987666
2498.622438
2760.507181
2647.957362
2685.780798
2520.810729
2783.396258
2370.090114
2335.621674
2565.506813
2282.377657
1985.4744
2113.177939
2230.292657
523.1161308
497.0893487
773.0504525
758.810436
915.0932887
1044.159367
1246.183081
1395.884153
1883.903019
1587.994992
1400.864554
1757.909692
2421.128575
2270.074012
1945.530818
2026.327639
2021.794651
2350.835335
2200.856145
2468.65918
2274.086266
2193.571034
2091.592014
2344.065368
2014.324001
2261.955463
2180.660792
1880.272749
2115.647164
1878.78031
1815.478218
1955.056509
214.6794374
976.8136356
953.1407902
749.895661
513.5937477
644.1362879
995.6849398
2011.707256
1709.389922
1442.918711
1246.879816
1217.774748
1594.423676
1759.077987
2366.796342
2169.093888
1950.77508
2436.580931
1997.193811
2360.147925
2177.040353
1988.100641
2067.776668
2063.668051
1949.976691
2026.575235
1880.300831
1694.649474
2003.157227
2126.337485
1910.426517
545.9902869
519.7088609
696.2659753
319.4713438
477.0608265
806.2312874
990.4006726
1654.840884
1377.34203
1007.187442
1284.257578
1306.68086
1347.502117
1806.287624
2474.780026
1915.567357
2013.005045
1656.772794
1793.238724
2109.569523
2073.452959
1840.870568
1887.075748
1863.417019
1964.598053
2150.086347
1927.881174
1761.788489
1915.377573
1910.05962
236.9241383
394.9790552
408.0430622
363.7720385
682.4611059
942.7379468
1105.82832
1239.825063
1379.404903
1405.377146
1031.385326
1258.395949
1182.599082
1880.352074
1997.812669
1536.82759
1468.805266
1722.576407
1974.741861
2027.633469
1874.454429
1694.944756
1638.103978
1757.390821
1719.034025
1920.673338
2025.185303
1746.361326
1829.126871
421.581913
326.4209268
343.5041164
449.920167
719.6473983
546.1040858
738.9633763
1350.459702
1094.787849
980.777133
1058.85106
1294.033759
1530.006431
1467.210561
1454.548771
1388.657248
1351.281732
1652.692883
1713.915488
1521.266649
1220.694733
1353.835868
1615.280617
1572.389286
1866.646153
1834.281088
1856.082734
214.9006841
340.398039
287.3799262
363.6189823
464.401413
374.06734
383.9574191
972.318065
685.3889743
810.8092446
980.4731656
1159.560548
1110.77665
1234.445209
1250.858112
1118.297161
1240.902102
1514.716746
1229.053322
1275.600961
1123.76478
1194.611005
1497.610497
1494.156453
1731.888019
1638.960642
225.2969618
296.7887413
656.7824404
384.9859495
428.1105013
541.8471724
702.4458501
550.5785219
965.5844669
1072.476163
1530.762428
1165.076181
1101.569971
1008.543995
1223.607385
1203.12547
1394.675727
1264.168732
968.7861114
1071.116333
1209.068162
1278.43404
1235.155057
1368.097055
795.1902137
468.9708671
589.190003
462.2162901
593.1021924
757.6062918
620.537303
467.96378
715.6910091
1145.285745
1061.492698
819.2466033
940.4131548
763.720128
1017.131102
996.4086538
1202.555115
1055.783102
956.4877331
1072.124315
1201.940866
563.7378008
535.2613788
717.7760044
622.6180226
563.6210345
499.1045831
567.3350726
739.6297784
812.5457227
741.6127557
907.7621629
1178.954708
930.1460822
621.9421241
721.6971722
252.2659742
329.2129107
769.9257692
918.9739944
3063.115757
2484.204104
2423.994109
3932.131242
5868.763597
7855.94321
7633.256052
9143.524845
9191.374917
8975.858447
8391.362738
8056.45941
7644.08734
6280.485681
4303.723097
2725.856941
156.1079395
4716.856344
3618.092767
3888.120038
5045.895395
4448.872672
3737.512755
4489.929331
4302.113991
2922.768139
2516.315703
3054.513352
3402.400972
4092.58819
3462.621728
214.9554956
599.4367475
1165.905995
886.2392241
1159.572394
2436.309137
2203.892234
3287.253555
6102.762123
6714.686513
7533.632789
9012.676053
9634.519666
8952.479109
7984.400404
7911.320055
7246.518475
7003.204597
5060.326496
3048.23533
690.5594537
3190.003742
3638.602938
2932.018368
3131.180831
3423.257331
4843.520548
4058.979772
3439.565788
3816.573254
3837.933118
3285.872864
3851.020001
4660.436797
4091.074168
285.1281014
484.1577973
890.6340156
1066.980948
2123.873284
3051.282502
3327.156445
3774.85644
5417.498098
6797.369809
8093.642272
7903.998236
8875.044435
10037.35382
8530.966225
8072.953544
7538.81827
5808.144797
4564.457616
3058.411854
0
4508.603324
1298.649937
3283.492689
2571.839485
3700.415297
3544.091418
4039.40773
4004.460396
4584.354533
3809.524399
3616.433192
3443.744072
3687.073794
4451.352102
3847.253301
419.3153247
256.2542819
610.7404759
2000.966861
800.2821976
1315.331074
2312.962675
4552.281396
5056.937182
6958.05599
7413.338447
7969.191623
9359.365831
8805.866859
8356.789702
7260.991521
6612.410369
6552.25832
5494.97089
3235.706102
424.6410338
471.3634048
3181.267844
2677.539179
3207.481099
3130.229698
3265.638436
2969.761686
3743.214729
3246.673028
3817.252532
3414.287635
4251.827496
4276.988665
3243.882808
3370.41363
780.6044131
341.5536353
1262.443272
383.3903645
1084.781203
1202.983832
4417.401445
5137.012051
5063.128299
5940.985909
8339.791758
8399.15119
8006.617183
8755.039594
8312.596833
8279.981092
6911.323112
7080.00627
5360.287786
3860.886008
0
3314.756566
3897.897991
3778.596028
3555.042558
3086.796137
3267.557053
4203.100734
5115.964725
4634.710772
4585.496563
3684.655513
3758.468247
3766.938283
3986.683089
4250.141119
198.0112203
732.2267542
1933.123561
843.1396902
1499.908684
559.3264567
2446.331767
4255.839916
5136.666343
4524.408132
6683.520214
7468.944276
7995.92486
9206.53702
9092.607855
8425.072481
7621.963005
8011.097042
6137.851782
4444.912473
2951.07839
0
494.7217348
3883.355472
3318.25112
3125.889373
4286.300221
4672.447668
4001.980588
3821.741647
3942.012021
4018.835997
3471.00713
3890.358637
3997.582829
3375.438148
3279.232132
3432.644311
1024.725827
421.7788385
1108.54467
1102.597844
702.1166885
819.4748044
968.0347929
3302.179166
4007.2279
5810.455243
6474.673191
6628.889443
6974.987194
7973.774432
8231.428076
8211.710421
7406.130172
7569.633382
6327.486093
5451.813257
2940.314359
5991.045939
6053.505767
4831.520542
3913.816762
4470.370947
4547.555592
4527.974438
4727.14986
4332.602328
3790.421017
4029.120414
4446.304292
3486.008762
3809.875199
3876.946217
3888.267753
3877.0882
216.8687179
1515.38472
892.3504058
913.5431855
723.8968084
2111.565598
2600.465737
3295.494301
6034.826403
7335.480248
7142.989096
7944.948649
8622.978103
7924.667077
8112.386305
7599.813311
6873.400659
6210.911198
5528.319939
3830.168279
2956.955285
1591.049822
4031.303563
3269.95889
4100.584308
4256.22132
4313.288953
4272.734609
4096.128828
3605.634158
4587.70587
4751.412736
4755.828952
4372.808911
3548.741122
4280.453843
3904.038559
3526.698514
3782.272773
206.3698323
731.8919071
472.986259
604.2680353
1133.740918
2485.057928
4573.832716
4012.666958
4370.09962
6855.65681
7796.577384
7754.362033
9343.40919
7971.102746
7698.564089
7329.79303
6455.382346
5769.468916
6799.335449
4813.225968
3455.297004
5631.556162
2910.755868
3598.986418
3440.221879
4044.017791
4169.69021
3686.062486
3603.080749
3668.868516
4116.523802
3679.087324
3901.136531
3736.067768
3746.473767
3334.285384
3685.38928
3446.168279
3464.421886
3394.998087
926.4765756
473.2128808
856.6051342
310.4634406
1451.893284
1399.220636
2763.473421
2931.562877
4657.490177
6679.260827
5107.869201
6603.064024
7872.539913
7927.06195
8575.409717
7983.288289
7183.667522
6861.048144
6230.474448
4838.458576
4726.288553
4525.827643
5203.156213
4511.98938
4215.211335
4593.144948
4674.124975
3869.951695
4137.495424
4435.451932
4630.471763
4648.683825
4054.503736
4046.456447
3824.396949
3915.764465
3901.55025
4328.256365
3980.724748
3818.491171
3488.056505
372.2746165
542.9303473
774.3112736
1224.852671
1417.490221
2507.274772
2793.478004
2467.547655
3675.75139
4992.925553
5294.124173
6193.421929
7194.990518
7677.788767
7674.569542
8515.212564
7587.350816
6782.862893
6400.309713
6431.662814
6002.949299
4772.880188
4695.70045
4672.892689
4542.641427
4322.209988
4168.19603
4135.341026
4605.271254
4695.798412
4457.249681
4093.471343
3966.087281
3857.823202
3956.882644
4209.931095
3587.825582
3607.9389
3734.97999
3497.139502
3514.240075
789.5285887
446.346623
1048.120427
1559.662481
1548.14427
2601.958656
2229.240531
3494.081203
4579.10613
4393.070991
5699.484562
6328.209508
8238.009604
8388.396748
7476.043433
7364.295432
6672.566515
6706.019974
6042.700884
5132.262294
5315.212852
5142.619397
4541.255144
4437.541007
4454.282966
4222.579135
4030.918382
4064.360406
3926.693193
3844.18277
4357.825094
3919.60805
4003.784811
3908.532902
3612.260577
3619.994056
3423.776413
3432.80021
4418.667424
4124.620722
713.4472098
704.8539906
1394.623887
842.6326377
2613.094489
2347.457974
2744.078319
2562.111174
4473.899562
3741.372046
6367.498541
6762.614702
7611.220567
7378.631198
7748.975617
7553.27183
7685.997546
6834.313665
6185.22504
5597.597117
5001.928381
5042.453185
5096.134953
4523.312783
4457.999752
4371.007272
4295.702767
4145.829466
4115.190621
4266.686617
4067.525609
4021.634212
3757.881306
3473.495061
3545.856206
3270.72827
3253.231162
3424.500623
3452.644695
3129.784958
718.997336
629.6204496
769.924814
817.2637224
1091.763652
1958.408153
3124.034867
1946.301117
3127.180147
3133.745575
4158.226245
5233.633347
6225.023843
6439.582753
6396.325459
6790.073829
6989.211655
6455.813637
6100.078166
5509.522202
4947.340257
4385.704968
4228.75251
4735.876063
4446.347362
4037.300946
4185.946011
3917.028216
3622.987743
3358.569058
3613.212692
3737.059263
3391.820849
3285.571766
3240.213616
3074.47707
3434.986543
3253.019231
3400.514665
3641.922532
675.4346911
1778.411399
779.7285317
573.1160376
1272.906036
1756.013472
2140.990204
3028.11718
3140.841051
3422.881017
5162.145397
6157.995551
5362.612214
6478.908545
6338.382927
6721.379171
6824.673138
6264.459818
5750.126441
5239.441554
5039.716723
4650.993163
4232.237225
4329.377771
4117.280512
3499.293398
3415.92348
3918.382678
3638.794927
3324.854285
2716.94134
2922.359068
3685.622372
3252.721242
3145.189689
3026.89444
2746.01181
2513.0451
2513.72989
398.7305936
785.0269485
925.0798146
609.2486978
1329.437665
1117.393309
2082.843644
2068.203201
2888.545571
3402.558966
4620.613094
5688.616893
5609.097032
5944.437904
6220.655701
6582.11363
5341.6214
5615.327589
5580.441674
5229.429053
4594.580454
4540.461419
4262.711746
3795.324722
3535.621024
3812.349744
3580.484281
3478.363204
3456.010459
3398.074888
3540.439876
3017.500545
2894.560122
3390.525009
3324.572329
3250.876594
3257.624277
2929.373137
2851.61126
421.2888771
455.3622145
562.4500321
1157.632196
864.4753431
816.6164867
1463.365329
2459.273286
2782.408979
4270.50822
4591.275081
4503.287249
5464.214589
6155.348997
5810.343411
6098.092728
5530.010592
5063.290352
4915.985832
4628.443034
4487.008933
3780.671495
4036.690252
4073.873491
3595.805865
3551.037185
3364.610006
3282.275185
3076.552133
3104.828573
2961.264656
2643.330518
2655.575421
2952.793278
2641.161886
2996.989694
2792.888676
2758.105285
541.1420766
312.509984
728.1958652
885.0773179
680.3053805
1501.325376
994.5494402
2463.326367
2484.900121
3388.311304
3942.15745
4828.385395
4662.513749
5190.809811
5155.545256
4846.073503
5029.130225
4821.503175
4411.084907
4468.623674
4207.75423
3911.217185
3714.614705
3747.843256
3612.516818
3451.454857
3456.398828
3316.152787
3159.214348
3155.683259
2987.059669
3044.169985
2947.959009
2726.446982
2712.930113
2617.89674
2928.943605
2839.384698
719.0035625
547.2333786
235.8654303
734.0814005
707.0895872
837.5599691
1283.267967
1186.070165
1864.988627
1624.240362
3632.371883
3983.97003
4601.568441
4178.417584
4125.247411
4312.280727
4492.327758
4389.469819
3956.003448
3933.059736
3914.853696
3586.776356
3648.885389
3322.746802
3352.993338
3462.370158
3243.703774
3143.413782
2873.490491
2828.305932
2736.746575
2903.879324
2951.713784
2904.152278
2652.330902
2608.977082
2419.592568
362.1928692
697.4696789
242.9378586
600.433586
772.4165396
1188.226544
1348.525971
1543.891351
1706.891498
1781.143719
3122.458147
3323.065175
3600.846635
3910.519956
3801.557913
3957.756026
4014.959044
4136.663901
4355.622621
4055.878269
3924.391648
3531.661485
3650.850221
3555.85131
3210.094309
3051.529259
2935.942851
2845.228928
2901.497021
2844.582175
2662.786807
2581.248417
2527.520579
2351.958082
2476.101791
2304.830432
2543.149409
226.3611249
435.3706647
353.5978289
717.775322
1138.17551
880.804066
1707.498194
2079.500912
1768.289566
2236.517231
2867.362075
2794.101192
2956.93133
4146.964552
3321.998766
3384.321129
3836.773143
3136.955979
3486.481461
3021.005576
3238.590859
3354.36075
3120.249718
3004.448799
3083.350632
3037.823843
2772.801239
2650.012956
2668.235854
2593.457642
2669.565273
2641.582837
2551.526356
2505.045488
2462.639695
2547.442856
288.4850914
209.3239004
590.8755485
581.2743855
423.3231094
894.5688402
932.0439007
1452.348236
1406.976368
1920.835759
2080.853011
2280.587612
3125.428241
3238.297385
2897.603695
3297.613759
3043.039435
2470.662314
3355.67779
3525.591972
3525.354286
2745.379836
3045.780679
2890.735252
2953.707535
2738.950466
2639.749128
2649.246799
2502.494645
2292.792928
2180.607134
2266.92176
2499.199878
2648.92196
2596.604795
229.2755905
221.1430578
839.3095986
598.1848418
605.9095667
559.4808348
1140.887757
1591.014323
2185.092969
1893.778611
1934.821262
2997.341343
2992.989687
2817.767334
3138.539127
3289.95938
2854.914143
2496.126599
2980.885557
3070.862
3117.626045
3009.608595
3199.1971
2629.126643
2696.484154
2611.703675
2583.006349
2672.820804
2552.31766
2280.502915
2192.507329
2267.921329
2249.083422
1975.547818
321.8581738
207.3346439
476.1811903
773.7415448
658.9691161
1004.149453
889.6179186
1174.792845
1430.295401
1559.393193
1703.300436
1723.47935
2412.214769
2353.8767
1933.498851
2552.797381
2864.663746
2719.770743
2590.094488
3154.752812
2979.538791
2547.670583
2721.412437
2470.179088
2600.702138
2394.801191
2390.546354
2273.81343
2363.565791
2195.923558
2125.258636
1999.185582
2095.11292
2231.521693
211.0832301
357.6534254
510.0316788
345.9238891
682.1188244
689.4999951
1014.953358
850.0999957
1294.931384
1562.041777
1620.541211
1284.882639
1732.187741
1547.009202
1998.194862
2317.313418
2461.490577
2140.660043
2557.574316
2751.335131
2255.633955
2055.496143
2217.94028
2354.079242
2240.227748
2229.855678
2040.985807
1854.417993
2079.411861
1981.132575
2037.05099
1976.929333
1931.426865
481.3043953
271.9883155
673.8374031
564.8313962
658.6209042
567.2431428
1219.421821
1469.450187
978.8485876
1469.896991
1319.931052
1480.420644
1689.647338
1545.966091
2132.568657
2223.565469
2058.259592
1753.625609
2307.581427
2702.250643
2214.306974
2147.870892
2080.616037
1918.12143
1923.660098
2053.055626
2023.160194
2041.97707
2022.117182
1825.031379
2014.933509
1985.649312
395.0990151
523.314605
549.1990073
616.2991367
489.1696194
459.4221122
1126.282524
555.5796512
943.5580345
816.7954051
983.1860212
1354.738865
1202.170746
1461.754022
1822.173777
1675.084259
1611.899284
1872.430541
2154.011539
2352.626547
2122.039502
1886.517243
2005.722575
1903.10132
1786.497724
1706.313764
1693.267082
1939.86631
1848.888639
1529.305325
1519.63195
941.6159987
525.5561989
380.6169295
434.4339881
789.5781449
576.1242415
573.265164
740.6088853
716.0410344
1209.622636
1448.282226
1216.194811
1588.898488
1562.534759
1295.320826
1532.434581
1756.412856
1675.083265
1624.868488
1502.762957
1467.314286
1754.725436
1797.638873
1740.870563
1496.679121
1612.249901
1579.569395
1666.204896
1528.451694
336.4082746
344.5534179
355.0529782
304.750709
764.0302768
814.3478759
624.6113692
761.927845
731.2182854
1050.502803
1026.067266
1534.553098
1568.339974
1623.893322
1492.902724
1137.008908
1495.254264
1349.925955
1241.265374
1283.602222
1259.075199
1491.888803
1469.424864
1526.632095
1670.578722
1674.915288
1597.814818
1625.731617
446.328774
303.1189581
292.6436927
455.7393196
871.8986942
939.5768589
741.0660141
589.4264239
886.7919775
703.0194785
639.664065
838.799113
1491.828459
1227.875823
1197.589237
1241.047169
1527.544051
1564.978653
933.1065365
1200.521069
1159.126863
1326.57554
1413.049128
1293.813995
1297.226159
1259.813328
1276.56816
327.4856751
212.828195
420.5607078
1033.72654
902.4572011
554.5999477
968.1386765
900.5334165
943.3242014
714.1867076
949.5151496
1161.696653
889.5506707
1101.170838
1203.116777
1168.505955
1260.306908
1173.125415
1238.230363
1246.224131
1075.797186
1109.287499
1066.819208
1198.666851
1137.486389
234.410744
441.4900253
738.5465673
567.2101277
426.5252749
1067.244589
668.4101457
681.6483097
831.5104366
776.9812187
1001.470595
872.4513703
947.9435268
1116.361297
1051.359216
1109.104862
1013.244086
1214.461942
1111.087342
889.5359767
903.2088101
1191.889311
1277.227554
547.3149032
522.5114551
386.5938999
669.2312806
761.865342
797.6683312
663.4870932
853.9966373
718.0385016
874.8743686
1238.922715
920.6075619
856.7455492
1018.986271
942.7245794
1057.499134
951.3635999
695.2138141
977.0870058
710.0093069
909.0693183
905.8394526
801.297274
443.3833113
622.7929836
978.853119
912.5776072
260.0896098
215.8813967
1126.027813
1301.938273
1723.645979
2903.240224
3069.329389
5150.013445
5973.326811
7042.709389
8421.135357
9801.752142
9348.739731
8551.741372
8391.015629
8441.049033
6484.592532
4286.259646
19.55755472
0
1853.641048
4094.58972
4475.431416
4251.013836
4890.341454
5264.121879
5075.097281
3568.732419
4207.554299
4677.173496
4861.424673
4495.849635
4099.446317
215.0534548
217.8318979
724.7371114
2122.610302
2825.180578
2044.558951
3314.5846
4941.085992
6516.058776
7602.464562
9697.099605
9269.227462
9350.144578
8614.335946
8104.098189
8041.609409
5420.778356
3913.440538
0
3905.106133
3140.079423
2638.729768
3056.552655
3557.341282
4126.069487
4051.274673
4472.177532
4269.907271
3553.467012
3396.308811
3228.213787
3427.202506
3904.296675
226.4872024
497.8251595
822.3572195
1760.318896
1333.723019
3652.218601
3368.963863
4935.212714
6587.827439
6953.639921
7672.384821
8512.28641
8747.829097
8917.233182
8040.378456
8068.5829
6300.272562
4062.092348
1145.501038
1695.664234
4447.103086
4394.749405
3572.479223
3893.409595
2808.618054
3585.897375
3509.340902
3307.642563
3872.736964
4426.248022
4192.997479
3204.967858
3058.871842
215.9003784
775.3735916
576.5937763
1585.731628
2062.558461
2193.917711
3608.099523
5444.985296
5133.264826
6430.084718
7388.045087
8326.95264
9778.288768
8205.341532
8141.038772
7623.082912
6897.118027
4433.492408
2828.375147
0
1145.501038
2456.747896
2919.50317
5470.106072
4186.402709
3200.427239
3358.655833
3162.240514
4325.298363
4127.959293
3906.794241
3333.396246
3309.958203
3053.874231
4020.138587
574.0797573
903.5233063
1736.081362
895.6162912
1361.103274
1862.831026
4062.35908
5339.14802
6567.879606
7012.092735
8388.121701
9627.79798
8752.035508
8614.499216
7508.302683
6779.353728
6443.676864
5292.485237
2584.867054
0
714.64608
3948.467411
4282.868078
4227.813485
4115.150541
3718.758466
3655.342255
4199.899532
5309.198414
5236.618063
5327.001654
4698.125975
4065.685628
4196.516015
3711.180791
639.4191348
1018.001661
1467.96707
1271.775829
1957.799574
1684.936327
2740.219859
5081.15464
5917.399913
6545.696112
8176.103539
8756.01846
8840.709666
8509.355536
8231.365135
8002.886622
7463.621505
6286.427497
3980.675592
655.0753621
2579.47047
2687.360186
3601.433641
3784.665001
4103.432446
4468.791952
4455.825422
4586.446473
4063.476119
4211.051611
4932.740133
4815.989884
3604.689433
3606.435619
3216.721431
450.5584984
561.5707088
900.0536159
2188.246146
2386.692115
2070.064816
1888.155608
3075.242157
4950.902052
6692.815886
6666.726163
7722.119437
8505.505702
8357.964077
7743.168466
7444.178306
6879.460421
6585.169005
4806.338752
2861.893708
2262.509097
1805.938791
4092.631275
3978.43379
4290.526454
4289.128776
3716.072168
3169.394516
4358.04748
4325.2795
3754.449911
2988.081496
3598.453662
4469.973544
4032.024076
4509.541375
4517.057942
598.8022452
412.528181
968.8331542
1258.033473
1612.548546
852.8686577
1653.31265
2030.506113
5478.412772
5204.502813
7123.837374
8956.705428
9343.029764
9885.817325
8183.268929
7486.067865
6916.219014
6319.270914
5523.484934
3075.077274
0
3298.926748
4022.555618
4114.435359
3435.084583
4220.117576
4507.202045
3736.334411
4067.683382
3692.388532
4309.090935
4405.635651
3582.889441
3749.721861
3876.511014
4180.313065
3703.302772
3729.044408
426.1218453
646.9828583
755.45978
1059.472968
965.9698287
436.1887764
1210.426145
3334.127568
6213.821602
5426.167465
7328.899096
8340.90038
8335.836959
8852.981701
8691.698592
8322.48495
7105.700742
5799.837218
5295.897436
4266.506064
2739.300973
4241.099554
3789.775012
3718.142219
3407.572139
3433.92998
3979.891283
4063.92196
4092.181138
3540.83533
3485.320107
3283.216609
3818.622056
3801.184234
3652.009396
4051.090473
3708.103712
3883.943851
3933.917196
967.3200012
688.2426251
472.8140987
724.1217784
1094.340101
1061.252192
2750.937726
2771.336727
4364.032551
6061.14121
6217.246469
8229.468402
7579.295495
8890.175456
8661.091637
7641.560434
6864.609575
6544.203448
5790.967482
3561.864055
3940.764891
3016.032639
3659.861057
3853.875645
3800.41675
4423.426285
4393.004419
4836.573966
3610.321027
3270.307421
3279.914482
3371.391858
3631.273507
3585.504664
3947.734786
3968.756761
4336.482071
4319.435459
4135.670289
414.96192
340.7922602
952.9646817
1342.309556
1906.819445
2430.503984
2178.35267
3711.56161
5328.450525
5591.152811
6496.27015
8184.803089
7834.496344
7784.174924
8400.726485
7595.056175
7333.434236
6720.393109
5972.703053
4776.334047
4040.437736
4741.685415
5318.356284
4467.220647
4698.188517
4929.411408
4952.474556
4666.662013
4288.231381
4162.913899
4201.651435
4123.628079
4445.981624
3996.408834
3717.478003
3722.479152
4089.612829
4471.386694
4656.489484
4488.795285
3824.12046
215.2934531
727.1165431
909.6124001
1147.522792
2279.881413
1739.748613
3102.265505
3677.030744
4580.593127
5155.65647
6345.245232
6691.658794
6968.210601
8270.258328
7775.380551
7835.384274
6985.743978
6537.249743
5872.072101
5849.552625
5266.90658
5104.712368
5086.763237
4752.299068
4518.575307
4537.297033
3900.172278
3850.983234
3988.226173
4175.812764
4462.017697
4204.030819
4229.143408
4027.444988
4018.252522
4026.134282
3695.670411
3653.778275
3706.931431
3605.62971
3704.468052
1127.109625
1165.703195
926.1192394
613.2362892
1417.146694
2274.565676
3410.988984
3704.49213
3900.643798
5438.031314
5105.485531
7522.027769
7616.978787
8038.939636
7878.244527
7162.483467
7032.901127
6551.162963
5926.062916
4913.599651
4857.127143
4880.082403
4559.842709
4427.01798
4309.452583
4448.331354
4384.688838
4125.936909
4127.24322
3997.647466
4156.967604
3832.822627
3801.895044
4000.40831
3791.840943
3543.411693
3504.425601
3186.839524
3482.166957
3689.281652
219.7775116
846.6148005
1253.529221
1731.55016
1551.873307
1698.71085
1757.773416
2229.922877
3917.478099
4736.126385
4524.451592
5942.675638
6994.010196
6766.453191
6856.938054
6521.793894
7274.772576
6307.589116
5669.024314
5505.002014
5203.886962
5012.308848
4699.638663
4392.171123
4410.140724
3753.209197
3594.573167
3412.706743
3138.106148
3338.127413
3349.270684
3191.08118
3133.595044
3181.379763
3080.250219
3368.389685
3601.081663
3410.352106
2795.27435
2957.327989
193.129538
735.7143868
814.9765211
1941.114748
603.2021095
1019.473044
1634.796896
1517.865232
2213.815196
3870.739313
4641.227794
5576.022142
6716.75441
5546.352798
5697.209488
6513.161295
6362.820708
6169.230874
5726.055749
5518.357409
5132.690497
4897.482039
4519.681235
4178.999936
4095.320858
3973.717357
3829.832561
3926.796409
3837.396868
3681.889417
3487.926067
3796.532632
3125.699892
3306.062185
3185.037553
3165.352623
3069.46333
2853.34241
2873.421576
2597.588895
553.9312072
511.4000534
1341.701682
1017.352049
917.0903151
1550.724016
926.7228109
1837.223953
2831.434525
3867.596668
4000.70651
5528.514982
5133.605226
5942.327268
5927.377687
6352.161783
5937.92991
5612.207576
5133.171071
4473.922902
4522.131347
4145.535977
3975.744029
3955.425139
4241.533224
3980.684815
3736.027423
3387.693863
3442.02911
3111.303147
3264.229784
3006.972132
3088.565228
2980.805083
2917.438931
2793.155387
3034.30819
3201.080928
2933.25615
207.0464143
908.4810572
464.2448483
1091.549066
1083.327451
1521.023059
1895.197682
1701.990324
2352.481945
3696.897781
3466.7498
5004.895237
4952.018243
4605.971213
5380.124967
5506.480185
5234.830059
4442.821154
4725.131349
4581.696325
4683.473042
4317.214064
4171.890636
3677.685473
3581.096619
3459.753336
3065.563366
3100.72442
3226.779216
3170.66118
3056.858808
2906.161175
2670.508906
2969.144001
2989.892097
3010.840908
2917.358653
2835.514891
2818.460153
345.8732917
1317.480139
361.8170281
1257.028205
1358.099933
1448.812745
1104.022036
2279.542392
3458.217662
3386.748541
3374.255451
4788.84151
5339.913427
4429.172874
4885.932923
5025.058268
4762.003675
4665.977452
4344.983728
3622.229659
3496.981014
3819.214229
4005.620905
3683.259513
3507.758854
3147.059973
3005.70254
3059.424118
3311.209052
3133.429148
2893.206714
2862.642763
2623.681701
2622.474883
2488.042712
2504.46953
2536.851946
2518.662556
219.3845237
415.8352227
1236.92172
597.8327988
1770.852909
1697.618268
1037.763299
2090.690572
2537.142827
1409.311935
2375.506791
3986.103754
3880.856422
3826.796542
3451.424221
4214.758077
4100.138849
4418.85191
4122.155649
4142.796857
3907.226603
3410.679589
3529.288795
3290.244239
3021.732433
3133.782799
3315.238354
3057.620047
2786.577073
2780.18154
2779.937377
2814.026885
2520.701052
2588.2957
2650.651203
2403.484283
2284.948673
2319.360781
270.7669796
372.1234992
281.9134222
779.7608345
1074.924742
910.7387073
2122.909857
1795.805898
1761.30132
3117.623839
3651.554518
3712.681201
4800.488876
4235.021305
3542.513901
3846.596246
4075.156385
4087.212121
4464.755405
4506.660189
4159.147121
3768.223423
3663.984633
3377.945165
3162.343718
3184.772581
3270.465801
3091.619157
3048.102551
2713.126083
2592.367757
2367.016761
2347.275789
2480.153809
2458.034182
2596.407963
2496.43269
361.9701898
571.9108191
485.147411
1171.815709
1479.091436
1457.887536
693.7666196
1898.165294
2804.73029
2514.494234
2681.549549
3847.742234
3487.907761
3961.045728
3386.250239
3714.370053
3551.466598
3741.276474
3893.27747
3895.787457
3507.867867
3227.667956
3378.409663
3284.700499
2930.854143
2935.670813
3019.548261
2885.461106
3153.276553
2949.917677
2655.421564
2454.86066
2287.844407
2280.317404
2358.114403
2472.440805
201.0754187
320.6772441
314.7451236
618.7254718
1577.722456
882.3493659
1107.115988
738.0862713
2411.487347
2009.815708
2670.697343
2697.32619
3269.792852
3050.029534
2931.648043
2894.525385
3440.407466
2958.699734
3133.466153
3494.620437
3594.315914
3322.886587
3386.332873
3084.266279
2850.640308
2652.044504
2731.600668
2871.91824
2714.184554
2638.999171
2750.226725
2693.074847
2755.075775
2309.139631
2320.673587
2348.855844
792.0617357
265.7428684
568.4580119
458.7187538
658.7707507
645.378873
1074.76916
1534.635351
1295.374843
1964.517431
1719.253045
2395.310437
3336.216465
2287.003364
2322.699936
2488.404707
2201.219086
2333.977415
2338.7914
2627.824914
2738.250889
2611.792282
2713.438751
2465.756496
2525.743325
2386.502659
2750.491311
2744.74068
2514.782475
2254.50439
2621.529623
2527.545595
2347.195129
2210.269358
2263.35158
215.047483
239.0633406
273.9346121
379.5566578
498.216999
531.8893374
985.8256452
809.3942461
1556.93255
1774.141102
1517.891129
3034.375417
1860.164937
1920.039421
2199.108868
2665.518893
2731.208415
2195.039181
2172.008559
2610.482392
2306.10562
2154.95521
2193.604781
2178.784981
2206.945989
2317.87006
2343.99085
2232.44089
2220.788598
2277.690175
2215.580138
2102.278864
2118.039649
2242.669135
202.6589509
256.0978652
265.5193926
788.3007907
466.6511043
587.2441462
767.0148322
1302.879643
1043.830263
1339.8971
2111.164803
1579.158854
1747.115403
1519.122872
1818.44973
1919.334793
1865.225393
1794.244656
2313.757095
2470.640007
2200.453199
2037.588982
2008.49452
1856.171281
1837.18306
2135.342481
2169.606647
2013.316317
1959.99003
2012.419483
1955.625815
1901.979577
1831.359359
221.9898455
251.2759348
875.6306527
453.5886378
815.190264
1003.75925
1193.209264
938.5411402
727.1514766
1101.850617
1176.453355
1838.270585
1189.824475
2070.631621
2012.883945
1810.340209
1972.714217
1759.484944
2099.168486
2433.962909
2241.778868
2357.143621
2004.863083
1830.02077
1908.646577
2183.226281
1959.256373
1774.761278
1685.093806
1657.638808
1620.869369
1574.951813
219.3640535
347.6661432
542.8929774
881.1286779
473.0429964
711.4665199
593.9182011
904.1067368
942.8663614
1039.518563
1019.090605
1346.556202
1121.268999
1502.156064
1478.574068
1766.89669
1719.979901
1419.869126
1562.131483
1677.918683
1950.167604
1973.37316
1854.633208
1612.206709
1873.369987
1888.573
2082.993096
1783.049351
1786.128484
1837.942451
1854.645684
476.8095136
334.5940005
1102.4643
524.512472
505.2866466
768.9084567
881.6514833
1280.436597
730.8637181
1021.957464
1175.416464
892.4579187
1643.515198
1353.081336
1227.045113
1962.761455
1871.221336
1367.747635
1503.123887
1515.188687
1597.455578
1621.650733
1564.93292
1292.934908
1266.98871
1265.228928
1383.58116
1381.317191
1332.47776
1370.349113
225.5151181
1008.379537
834.205539
398.6209272
641.5056825
556.4532202
1099.883296
1029.983751
857.5626413
903.921987
893.5729538
715.0650768
1070.947379
1203.944719
1016.093099
1222.644923
1529.079349
1284.660593
1267.894963
1104.995064
1142.075622
1293.033588
1375.501631
1581.523228
1260.559498
1152.004693
1309.522655
1332.699723
1303.896574
746.7407986
320.0428227
455.9980242
429.6867499
685.0931229
574.6788821
804.0242449
694.6591284
664.8667783
782.5075231
924.4254952
1000.845981
1173.187637
1147.222904
1306.696962
1577.08067
1337.816718
1043.196134
1120.685455
1276.445268
1517.564594
1453.370974
1435.858246
1649.553596
1488.885351
1363.641136
1432.211223
215.3712893
346.3057598
413.7774232
302.0729083
354.0510446
446.7332545
491.4055631
766.5638786
630.3555458
715.9538832
840.8288391
702.2878185
1195.954626
1274.955319
1406.215172
1349.686631
1117.65415
1017.692999
1146.746055
1158.776579
1112.821142
1171.638862
1385.019762
1600.637667
1405.057703
1245.792315
721.1975263
627.6651319
272.4970629
445.581342
597.4462336
680.7727886
928.6536049
723.6154295
734.55482
556.0640773
645.8706679
746.5012781
905.1622383
904.4475074
1300.941537
1077.000307
831.5094686
1042.261243
909.5913423
952.4400758
1049.253233
1109.903561
1201.368682
1129.914716
257.4796244
664.9903981
586.441387
681.9104508
556.39621
621.4176811
708.0203892
575.3131338
495.9327947
886.0386449
1349.656638
843.844578
1138.301987
1175.466863
873.4504123
752.3044728
798.4839335
940.9309548
1092.761901
880.1056949
672.3392357
344.6472266
612.9265872
561.6485554
596.7278983
610.6657442
528.7824727
818.3096162
860.4098525
514.2621617
685.4962609
975.0505821
1092.823202
1044.234368
464.3015914
360.4883624
544.4686906
529.3884975
1267.803064
2367.553886
2869.791862
7990.207318
7904.674088
7832.953583
8881.155963
10501.71798
8726.494046
7608.253551
8893.509546
7418.600485
3618.922178
0
0
9157.315961
5923.872675
2367.576343
4274.897764
4161.165725
4385.799649
4894.235323
5596.951011
4639.320867
5086.471265
4924.504855
5657.975246
5388.438857
212.8654858
205.485692
203.4070323
931.9689416
1307.168017
2299.062671
1845.102074
3589.744223
4846.894674
8105.859633
7890.440302
9272.763643
9793.868872
9117.683459
7742.520762
6286.926124
5797.040576
3804.579499
173.1189747
1627.232537
3871.136403
6338.716447
3316.513445
3288.315171
4297.619843
4379.31028
6445.488032
5096.137464
5484.431194
4573.797343
3966.586785
3976.890405
4426.929174
228.2474774
451.2836606
297.6474463
804.4781185
722.2660207
971.7133625
2335.59671
4435.387672
4615.185898
6582.221798
8859.842005
8833.202476
8813.749625
9375.711639
8272.787193
7840.869905
6196.810521
3831.340956
149.9301967
2131.410604
4239.959013
2471.983055
2676.233657
4635.723247
4082.05266
4367.478946
3471.279838
5056.470841
4497.920818
5645.382571
4833.92239
4822.782543
4730.863042
211.6813824
328.7868132
294.3036846
500.7104037
1090.264509
2513.093549
2693.724489
4248.129535
5755.052242
5964.759015
8307.672195
9168.17496
9848.05447
8675.469121
7941.906544
7728.2002
7741.791656
4137.846755
0
3553.72995
3127.291259
5767.076952
3783.729901
4117.263021
3486.355017
3207.011423
3904.700508
3634.506847
4239.811605
3673.15179
3425.213878
3475.845268
3899.801709
981.2905568
432.9093109
1103.705916
1633.287464
2503.310404
1843.169732
2489.034212
3425.453324
5116.588882
7403.645629
6740.423973
8197.537649
8239.562871
9757.680656
8753.683516
7521.925196
7433.260906
5036.998466
3068.615251
149.9301967
904.5929834
3717.386363
3969.631739
3800.543089
3504.039298
2650.647566
3467.600003
4994.512954
4326.920474
3811.370573
4125.609584
4146.806674
4950.998768
4960.050657
4501.180239
342.123029
727.9960737
734.3615671
868.3313891
2240.362208
1793.523424
1841.931054
3576.598183
5984.333407
7883.379866
9696.238141
9248.984332
8906.95811
8287.517936
7277.103737
7048.878411
5738.581924
3133.172839
956.7359375
1937.980638
3076.117519
4677.91517
2993.276515
3659.642261
4559.005195
4210.601631
4238.061567
4416.056108
4679.443281
4543.140529
4206.170593
4451.642249
3922.597343
4057.208291
1256.431117
1320.696335
1221.330823
885.0225031
2460.09012
1734.30501
3128.671433
3402.73312
5503.640521
7022.694643
8472.589593
8327.660395
9288.44178
8316.461101
7902.323181
7978.59719
6506.750431
4068.857215
4810.881634
6091.002782
4355.853068
4362.859895
4567.212814
3237.519692
2813.607611
4212.282395
3575.91693
4576.49869
5004.057686
5545.94002
4256.00806
3660.408358
3860.315697
4013.150029
4194.179039
628.4026064
845.1187398
1140.414598
724.8647512
915.2922073
842.8197987
2800.708468
3654.350293
6077.677959
6577.612134
7464.094275
8998.419685
8944.157819
8795.310585
8389.388443
7065.466869
6386.247224
5303.771352
2799.047568
1599.20815
2958.393601
3737.28246
4579.262488
3152.653842
3192.147365
3603.296071
3132.473992
4110.983486
4255.763136
5117.887468
5142.225601
4510.504251
4460.885591
4479.492628
3720.165602
4100.933153
191.1266143
600.4998654
809.2905884
1777.231623
1604.217728
1964.879145
2088.138572
3563.604368
5726.858695
7312.240585
7915.106698
9717.605139
9852.23383
9120.026262
8144.164764
7804.369567
6669.276813
5377.000871
3727.051691
1999.488847
4442.609052
3582.420961
3528.181405
4151.520384
3454.521328
3356.298517
4406.542083
4229.670283
4180.788109
3809.659179
3885.811765
3721.0718
3841.46264
3725.242579
3902.705777
3898.940678
3725.479474
217.5232201
311.7509117
1294.901153
281.6226676
2103.443222
2793.036714
2741.567379
3420.009713
4168.790671
5842.563331
7354.943462
8017.541763
9425.79596
9470.066401
9263.184346
8282.826575
6963.268764
6310.837645
4733.461005
2699.369029
3356.762687
3729.046122
3884.355851
4214.204299
4020.736054
3498.421002
3442.752351
3274.699018
3304.277203
3793.057382
3883.621907
3997.988396
3629.975851
4040.476142
3925.261585
4532.850183
3824.770535
3899.015646
4355.613995
571.6505878
606.1330328
623.1252987
510.3489032
2639.601221
1888.100156
3229.913432
3663.355019
5637.059346
5654.5226
7167.257892
7210.598375
8024.24225
8987.397789
8074.012389
7808.331024
7429.140194
5938.295613
4360.330078
4329.965158
4095.74215
4477.107728
4339.291392
4479.450041
4931.016209
4676.973586
4562.402433
4748.853444
4214.281893
3685.89807
3551.822822
3412.056775
3773.988066
4185.028043
3447.195293
3628.049346
3996.212915
4053.621913
4369.691046
3988.123432
3926.158237
212.8938288
493.2227849
585.4461406
1567.117757
1670.590011
2928.160418
3573.873464
3187.357803
5002.728058
6490.437345
7676.517841
7500.003008
8814.230118
9356.932079
7582.536585
7906.57503
7117.465388
6798.842102
6132.478984
4988.026515
4756.662566
5007.078496
4317.025803
4417.44327
4308.271058
4045.236767
3839.14319
4137.502148
4561.79223
4475.709361
4415.104183
4069.36141
3512.623664
3861.330893
3749.238877
3977.245707
3887.673928
3578.467349
3236.613188
3770.815506
3052.959583
483.4502632
664.542157
686.8442354
881.2396192
1414.266469
1784.89636
2258.649309
2058.020844
3497.493931
5371.041258
5608.189286
6287.881366
8034.053893
8727.523726
8152.601897
7549.159048
7606.165785
6734.415851
6210.143984
5282.822908
5280.825813
4752.943291
4285.069008
4097.737995
3674.405956
4126.548237
3797.820559
3442.917431
3225.083759
3584.64575
3889.081035
3579.503668
3572.31168
3840.245441
3534.14132
3316.324841
3655.094746
3181.364599
2903.68104
3269.140048
2899.75489
667.3081379
679.1261094
622.4084291
2067.00075
1884.036032
2166.648496
1835.384505
1892.208039
3034.967282
3176.445017
5217.195771
7130.023092
7541.408197
7003.167312
7210.513212
7195.923648
6299.312592
6123.689728
5678.388473
5592.367111
4560.966422
5045.779387
4819.894309
4560.374934
4144.808173
4268.183817
3939.934993
3449.515309
3653.794394
3498.416146
3256.651683
2781.52933
2747.075284
2798.050698
2940.162257
3303.708567
3607.132909
3276.686508
3575.657053
3324.545889
432.469809
664.931513
823.5117698
1248.78915
1600.740554
2213.00932
2659.339112
1754.595124
2166.087051
3342.220641
4700.927588
5106.436882
6805.959733
6063.828657
6138.558683
6646.494429
6016.81718
5896.99261
5516.279933
4764.363132
4715.680959
4124.027326
4304.148661
4093.948665
3681.441809
3665.789685
3774.855446
3876.809297
3635.507015
3250.821424
2980.00021
3359.523921
3369.256552
3107.350155
2838.939411
2699.727207
3182.774841
3219.358188
2675.852719
2882.462193
417.4752822
479.4535663
563.9718613
1226.032555
1318.800602
1859.953407
867.6884713
1833.75239
2971.60756
4358.647028
4509.114699
5744.475961
5653.93607
5867.596325
6350.155265
6227.503189
5181.302645
5228.963528
4530.210413
4435.035793
4573.022362
4223.833565
4150.176274
3881.393294
3460.217491
3103.679106
3013.949455
3128.192206
3288.132146
3287.07526
3083.065936
2956.24671
2982.885802
2886.973927
3145.132974
2987.097732
3160.403762
2649.429964
2418.251842
221.2693765
400.6896913
623.9663944
986.3168961
1875.446484
771.5279868
1266.83416
1636.209425
4221.075759
4180.681063
3813.086524
4452.939849
3974.914266
5081.48972
5384.713953
5693.862696
5371.537496
5162.268236
5083.448831
4178.185022
4204.516289
4583.260403
4253.673276
3533.353508
3628.834387
3639.378319
3798.942805
3423.403262
3178.956536
2993.323996
2903.324877
2937.355677
2791.741708
2481.150576
2662.195722
2613.652698
2573.156677
2753.677771
2615.403512
208.1369046
508.9994628
350.7815827
580.9786984
1664.167843
1444.478376
1459.343479
2006.221444
2532.495928
2635.463888
3326.200405
3354.806798
4288.983701
4662.793231
4572.339278
5450.53314
4756.774219
4760.938205
4799.00479
4588.93715
4342.00094
3690.212269
3736.299712
3527.249132
3674.898361
3429.34232
3427.473544
2995.760475
2983.66209
3036.664798
2911.08996
3091.233995
3038.01937
2701.09316
2508.96358
2625.573335
2625.049855
2618.831973
2480.962077
261.4041785
610.416655
447.5013975
840.0276272
902.5647238
1051.260953
1514.536102
2426.087892
2160.793745
3162.820029
3419.515495
4027.859128
5037.628759
5002.605412
4591.647493
4486.519059
4801.598596
4281.363439
4125.354573
3829.968458
3334.716166
3858.47903
3646.970441
3498.664102
3800.944284
3583.668737
3408.917873
2934.333836
2903.895726
2791.684775
2885.652702
2845.710503
2794.963268
2559.735013
2524.446944
2696.767547
2669.39119
2563.401754
307.6403021
211.5381511
822.7383392
1150.517769
919.149169
1378.984169
1560.542804
1948.921099
1677.395266
2964.99305
3134.333099
2794.86116
3895.944111
4120.106728
3452.718638
2933.811127
3785.897397
3964.803865
3630.607301
3329.041342
3210.215051
3555.235935
3039.468786
3257.011817
3373.046088
3209.69849
2912.074881
2648.046873
2608.419555
2643.235719
2397.190969
2536.289367
2383.601953
2422.391644
2555.048262
2489.688078
2544.971749
299.3517004
231.5407364
621.3687928
1114.008243
859.3992412
876.9219178
1043.847352
1344.250347
1331.54446
2338.160158
2773.824384
2475.733795
2822.831153
3601.113665
3137.55315
2970.421851
3026.588127
3312.563525
3547.12125
3383.200889
2931.340238
3118.281424
3515.426339
3088.607874
2805.762755
2716.51828
2773.331356
2920.856437
2885.26654
2510.004125
2449.705917
2290.18584
2302.499252
2112.356217
2072.086814
2153.701354
2091.73899
206.7107289
453.1769457
848.0353719
837.146829
284.0581986
728.3249109
1299.321585
1583.948723
2134.351222
2537.043825
1743.678918
2334.117297
3667.711024
3022.096612
3146.995684
2563.440706
3167.272157
3392.439227
2977.633913
3172.65749
3232.282825
2876.815558
2904.287976
3319.449586
3442.006098
3022.806954
2786.456305
2752.201447
2642.425393
2840.09291
2642.203526
2502.779263
2221.475884
2158.779649
2008.765943
2137.402359
326.6287951
495.4264603
604.2453076
363.2300157
476.5714968
1376.22357
1475.021075
1992.51968
1906.778669
1635.374141
1790.946994
3320.143989
2829.734222
2371.328864
2230.079164
2414.546381
3123.949618
3102.932562
2416.727208
2571.93794
2553.553364
2150.8284
2156.529052
2520.494056
2559.106884
2482.748529
2161.490729
2055.300757
2180.76885
2044.649207
2025.978911
2180.109355
2240.706845
1967.576511
1853.970154
358.0015175
905.159252
521.7746824
319.9651544
1339.937029
1242.923819
1198.718118
1702.78567
1538.724386
1892.026487
2409.005536
2214.485096
2363.560756
2250.426745
2409.056742
2747.454966
2862.134221
2504.012958
2154.739412
2760.342384
2646.375923
2208.972644
2273.662624
2407.769984
2389.656101
2178.444275
2024.513111
2126.35351
2031.355762
2036.754164
2131.107943
2388.570131
2497.091849
2232.792265
460.3439785
864.8155305
358.4071282
308.675253
664.2463855
1193.04808
1095.968536
1193.123602
1572.575622
1645.818632
1551.730415
1569.364304
1514.45204
1673.414039
1887.477614
1904.600004
2314.037864
2388.967097
2285.65845
2075.717715
2674.866942
2288.003123
1996.267553
1818.875159
2001.364875
2225.092205
2073.211618
1672.046171
1993.486762
1736.667555
1926.873558
1778.885707
1794.46142
1801.272419
335.6391498
217.20772
252.0888891
319.7810708
929.8643455
1332.21545
922.0321087
632.4108983
1781.589602
1028.330508
1589.424476
1472.960699
940.8188945
1445.667844
1369.112219
1441.041679
1740.761868
1481.375414
1644.031246
1545.872617
1932.537485
1940.292357
1528.267836
1771.767385
1657.106131
2073.999548
1860.023309
1885.936535
2067.752586
1804.582741
2052.742753
1932.21881
1803.072267
220.1419828
216.742291
432.4265281
710.3132416
647.168314
473.4192134
351.1720976
1007.756296
928.4139408
914.8015376
1306.324267
1228.29788
861.6164007
1433.78641
1360.664624
1476.090471
1504.547028
1361.256383
1398.671165
1512.544806
1595.34149
1872.81533
1781.62978
1820.008028
1797.886206
1630.926186
1558.000897
1842.216303
1988.861096
1914.457822
1984.809524
1749.350744
316.3199013
223.8465305
805.7704216
804.5339924
956.1629531
1012.731842
589.3019886
813.8454234
567.356151
899.355211
1141.640395
995.4807509
943.7074662
983.3022579
1379.314314
1189.371722
1260.006094
1058.402902
1360.084497
1615.590163
1332.507667
1664.161047
1698.524382
1709.720892
1968.623313
1718.543863
1498.764712
1577.348086
1868.399875
1708.8322
1727.493288
696.7734813
523.6095358
367.7514687
997.2390238
823.3790588
762.2906101
350.4338292
787.0608419
530.2208169
1036.411466
800.0920868
635.0031034
821.7573992
1310.310556
1119.854104
1311.026548
1048.616066
1120.196414
1648.28866
1667.411563
1573.434319
1354.527103
1521.581851
1789.925141
1679.80999
1425.108989
1376.162792
1744.906295
1786.415984
627.6067023
457.0832127
590.3428914
853.4007053
561.0947252
525.9688918
661.2706538
775.6407586
625.9650486
607.1984889
732.9304256
678.8003809
656.6759183
811.7732636
1045.83921
1207.478725
1230.934199
1253.30048
1121.919953
1355.246754
1242.740655
1155.271578
1199.160313
1527.763146
1491.415286
1360.596603
1451.008625
1446.835141
478.2417369
773.0842149
681.7013431
645.3026501
496.0434402
559.6819011
892.5757186
615.1239175
636.2171858
726.1090819
962.2499878
652.3662615
681.7609027
944.9181128
816.111154
1470.986009
1151.394174
1106.139574
1311.023911
1172.344003
1294.802847
1229.656693
1217.166355
1267.341604
1234.495256
1320.543885
345.8885253
335.0429208
374.352764
500.4211699
454.8573318
936.8971509
637.7477104
555.5038753
724.4799021
863.814162
947.023594
662.8293131
926.4615283
912.2089047
710.0480801
908.4499745
799.0177054
986.2918627
850.3583986
1017.070614
1193.089888
1186.330968
1018.491074
1343.733954
1108.081135
527.9092339
248.7704587
319.2794159
636.3180822
481.4992728
766.087464
486.2497582
870.5858061
797.3025483
690.7252117
476.8083382
601.191255
794.4879738
1065.621311
1006.772306
1058.176992
843.7799498
811.4881364
1076.648556
1186.480903
950.033227
979.3295856
208.4701217
440.0673967
571.3931451
698.4964918
847.9037907
502.9787285
990.615528
428.8541606
633.9541704
541.1547929
683.0900221
969.5774782
874.5772479
811.3855902
900.4448401
1114.704724
1097.293489
432.6668975
834.2404057
682.3225867
609.5060364
565.5202536
501.3721908
415.184354
516.3011584
724.9303022
1191.025899
978.7677058
533.6617324
370.794511
2998.85724
3989.200038
6836.229782
7660.682905
8411.376008
10106.72818
9122.464502
7878.887626
7716.265404
6773.431122
4753.169084
0
0
2364.962502
1796.448009
7315.330383
7007.897471
5009.264605
3886.830781
2557.282002
3779.184514
4492.185678
4106.753677
4667.265831
5036.227665
4452.44298
283.2033961
648.6370459
443.7362003
723.0813418
1425.40121
1925.893413
3646.627844
4374.347951
7204.904287
7908.627409
9255.100563
9952.405544
8920.180803
8255.45334
8484.461487
6559.222438
3590.181723
173.1189747
19.55755472
4194.494287
2725.753939
3119.147889
4329.742912
4167.297567
4843.522664
5535.957298
5290.674758
5090.741376
4524.752596
4996.126059
4054.433222
3648.908245
228.7434654
448.1197159
887.4260748
1056.106355
1493.178243
2613.810551
2579.811897
5417.760799
5411.505094
8284.997143
9413.203966
10714.6779
9324.917312
8352.424347
8104.578289
7054.514702
4067.130746
0
0
3000.382301
2310.29585
3822.502632
3222.917861
3098.711456
4290.552062
5705.272973
5542.149263
4144.353841
2938.600809
4225.046088
5331.349104
3630.856175
512.5622174
540.3310726
1276.57235
1536.819665
1813.318109
2198.963474
2888.654691
4970.814535
5831.93013
7581.051153
6890.839624
9260.168467
9588.152899
8072.973591
7302.221298
5924.527022
4741.168166
1627.232537
5828.890555
3021.623821
2210.450276
2336.518183
3789.630206
4296.195117
3981.616847
3871.762136
4578.848558
5804.523339
4501.169515
4837.950594
3139.215966
3990.207178
442.8925516
252.4465463
1016.606481
917.8495047
601.8860562
3258.343877
3945.359944
3659.481453
5662.942496
8346.656975
8172.226457
9363.031281
8610.218473
9819.35362
7802.720036
7494.168774
5138.080953
2662.712964
0
0
3850.182271
4163.923646
3991.369336
4774.832886
3994.496977
4577.86951
4523.767486
3933.23919
3494.499914
4604.411402
4387.457026
3866.428433
4469.129522
4554.977668
272.7603786
1822.579429
892.0404251
405.7381187
1434.765061
2875.300054
3168.301448
3208.982831
4141.112181
8510.463753
9502.447461
9124.80532
10318.89706
9852.48848
8135.060653
7829.593399
6001.925157
3056.371931
2262.509097
2549.509585
4457.978163
4139.174757
3456.577887
4337.117149
4302.455691
3585.978127
3557.849932
3540.911888
4675.396418
4784.140805
4281.810274
4550.30083
4618.267532
4629.185453
1701.208291
1219.966715
1185.803378
1252.882434
770.0623013
1802.32367
1468.463339
2396.847283
4251.962666
6257.048837
7192.529143
9143.623945
9543.03187
8719.015412
7931.620042
8485.959606
6326.578076
4291.128624
0
1025.598853
2950.911199
3548.279112
2813.3765
4646.212655
3997.304353
3687.667401
4130.708278
4320.808242
4424.35529
3925.336923
5001.107953
4263.814344
3498.94943
4013.147981
4797.711505
620.7149208
1121.222134
1054.757526
1809.539249
1280.255763
2094.004874
3577.36295
3922.41329
5888.984576
7461.143855
8863.932252
9102.245788
9085.568923
8580.766892
7999.322881
6654.897026
4539.398558
2414.986728
4206.193028
3795.035876
3405.540879
3501.770109
5155.544204
5003.235238
4313.927194
4521.618119
3655.864425
4769.930252
5303.522714
4766.516007
4560.029973
4493.153425
4464.609539
4733.538909
5167.012621
444.4022273
802.6493008
465.4330664
603.3087254
1336.865793
3159.505379
2751.127319
2286.454787
5134.312042
7850.298737
8577.57074
9597.162984
9844.152892
9471.106585
8195.431638
8295.830905
6242.693903
3212.548564
3329.878993
2822.61732
5617.479514
4168.023768
3580.063203
3549.946526
3628.853135
3168.728623
3500.011741
4038.384411
5358.843337
4323.538768
5400.748213
5213.564409
5108.221779
4496.774591
4329.013884
4652.669745
330.631087
1005.38906
814.671267
664.3342948
820.7044317
1686.146574
2351.909317
3504.834486
4845.461778
5713.914528
8234.856156
8064.685794
9372.935409
9255.704616
8380.530044
7336.80837
6663.214762
4773.432158
2603.777792
3451.35673
3883.310454
5786.625673
4421.340041
3960.262994
4114.224385
4216.635935
3650.031659
3642.95445
3908.533534
3743.01154
4233.745012
4381.343793
3423.176077
4040.421488
4747.099383
4682.883079
4950.455178
4402.385664
531.3697378
308.8108141
330.9821539
565.0853319
846.7010817
1341.423161
2774.051856
4097.525893
4296.329699
5426.841576
7487.27494
7361.292799
8250.665138
8262.667198
8602.32493
7768.910761
7843.326749
5861.189878
3518.06268
23.57541334
3868.720122
4392.029138
4610.493691
4942.975906
4511.120942
4368.71153
4116.331758
3510.774645
4180.503093
3956.60268
3817.731364
4076.304851
3862.619028
3958.294472
4214.068164
4627.583073
4930.057774
4152.346449
3498.638988
3195.803995
211.3791872
202.5342979
522.573727
610.1618831
2842.869193
1904.404104
3372.976445
3854.05305
3532.202692
7222.497539
7690.336032
7500.286598
8572.294869
8447.827699
7493.232867
7459.459947
6713.100643
5083.627755
5238.775187
5175.568714
5947.196555
4274.824273
3895.822027
4457.101901
4219.430656
3588.118833
4082.041098
3749.116226
3729.123411
3985.312744
3482.858937
3899.416985
4052.91052
3849.397178
4266.70471
4704.141283
3554.799082
3337.673188
3275.469221
4034.339842
4166.056471
528.4741837
411.2211394
461.8953149
392.7497639
1615.202443
2569.895095
3744.245056
3283.621021
3156.181439
4404.73522
5174.515055
7431.859738
8419.715813
7796.352724
7371.268184
7330.684908
7163.767742
6566.413635
5872.080383
4813.177707
5015.314224
4834.271675
5319.895019
4589.759541
4331.955658
3858.999303
4061.849793
4012.416397
3482.515975
3574.353716
3726.693726
3725.791861
3933.220694
3712.394526
3672.828947
3535.502778
3221.743161
3349.145391
3482.005697
3090.90229
2535.839542
799.7842406
372.8353762
515.3224734
901.8906281
3039.582994
2548.000928
2134.62307
2926.799884
2358.481705
3632.763974
5126.494774
6625.873756
6528.071087
8352.315202
7387.811491
7464.103805
6410.420349
6658.56802
5621.126268
4991.243937
4817.790514
4641.914997
4389.878991
4189.589202
3951.213403
4200.9753
4275.002951
4128.348241
3869.926614
3476.950855
3912.663758
3640.161118
3825.489856
3908.688904
3538.093541
3531.716026
3198.921628
3218.205751
3264.140902
3247.21338
2851.411686
499.5699202
900.3197406
979.5504449
917.1640661
1623.459634
2053.144744
2357.429506
2777.693221
3228.31029
4558.318346
6278.523234
5105.699297
6451.344479
6532.883335
7039.901962
6357.895933
5953.299215
5655.448889
5114.872214
5040.879999
4633.37638
4398.542403
4574.904673
4244.805353
3702.803092
3594.389731
3888.681465
3712.224884
3455.153401
3251.154477
3737.393368
3238.125904
2799.141926
2652.047673
2451.335263
2829.559617
2705.643316
2779.190417
3131.044866
3008.96784
463.5322889
227.0895638
670.3785064
823.5913605
1711.468653
2788.537851
1960.297387
2429.91611
2791.592292
4271.238175
5668.966816
4489.991227
4262.100485
5684.711586
6153.275939
6511.530301
5575.547013
5124.092684
4986.405163
4794.927475
4552.098255
3962.389827
3950.558412
3930.562534
3584.159704
3419.769839
3572.528586
3445.2287
3271.67855
3200.522029
3425.278091
3356.788159
3150.994951
2873.23892
3217.591972
3067.883694
3013.115427
2714.518019
2728.59949
2900.001006
258.6861551
722.5330686
1082.799658
719.5663442
2147.2787
2190.11052
2452.152716
2575.061713
3828.73322
4237.349817
4233.459284
5089.98766
5515.358052
5839.806277
5821.883203
5690.142113
5775.079594
4875.014189
5048.602201
4768.89546
4213.90273
3807.766525
3985.281536
3794.309078
3385.106744
2900.348793
2814.646848
2976.275196
2958.529715
2953.164963
2948.381499
2796.271888
2722.988461
2882.468885
2773.715625
3002.153783
2799.737828
2801.076247
2602.173825
528.2992022
468.6725685
924.2783558
690.0715748
1310.640112
1882.149857
2724.103897
2324.400085
2375.845123
3156.647971
3517.462362
4358.767377
4429.460903
4907.389125
5246.909354
5285.033089
5352.372082
5149.172359
5221.002977
5061.224858
4631.486018
4141.303343
3475.86088
3459.254309
3429.276893
3298.762304
3089.757726
3275.849908
3168.882256
3120.490802
2914.101833
2865.798389
2883.048758
2783.984417
2563.417091
2717.613465
2810.244542
2590.383512
2758.916815
266.750365
646.2539737
887.6833024
803.3157643
1271.26198
2045.925534
1943.133095
2517.913788
2062.146528
3036.686373
3681.355289
3522.027727
3705.692075
4215.455982
4797.108802
4172.976728
3955.322087
4217.62977
4366.099478
4139.617598
3773.363006
3143.705275
3496.977878
3130.531016
3038.56796
2806.886477
2619.918864
2597.057733
2903.477441
2831.062998
2804.945997
2833.177783
2824.476858
2621.653471
2456.150506
2611.904421
2751.907896
2613.494173
397.4260451
663.3993951
421.0136292
822.7665498
750.1196982
622.2412808
1308.081096
1612.861965
2438.967935
2634.632696
2018.865866
2180.952047
3045.086889
3317.893605
3282.271964
4023.93164
3772.739351
3581.640592
3595.823021
3910.971352
3672.686949
3278.468019
3009.923516
3154.090395
3059.799349
2897.771001
2844.413275
2706.796413
2730.783784
2609.149683
2775.12135
2651.783639
2581.222722
2703.792512
2670.298163
2505.681134
2578.256926
2589.680841
415.4124606
213.2880321
208.878748
359.8384485
401.5037951
892.5735016
1285.491798
1228.999215
1908.704986
2402.004129
2345.334553
2496.877703
2647.519787
2998.008115
4020.997311
3208.355728
3634.81461
3409.794806
3235.850047
3192.428056
3261.731993
2716.777815
2643.869308
2910.770866
2911.283048
2684.702699
2335.421678
2520.345826
2608.033425
2252.169329
2217.149225
2242.807504
2235.085958
2091.450877
2265.839599
2195.445216
2154.023422
210.735728
211.479505
524.2851567
1309.82079
781.7717297
459.3146446
987.2465139
1489.32383
1397.096269
2116.436436
3008.118482
2270.519996
3053.054578
2807.183101
3525.422601
3191.734842
3205.345367
3055.788169
3030.572419
3056.050967
2939.952183
3066.209858
2943.735568
2584.601001
2579.264988
2592.391452
2257.924906
2377.357624
2668.731832
2524.194745
2413.13096
2423.569577
2471.036011
2126.428656
2301.942844
2019.957421
210.8943305
217.976675
516.856681
1258.034295
401.1444644
417.3079598
897.5729986
848.3228763
1491.275
1281.932813
2361.884885
1454.866608
2875.555494
2501.91981
2786.286381
2565.676631
2675.366232
2352.521119
2813.564254
2683.094795
2494.294931
2432.016204
2280.62358
2432.147525
2624.837836
2672.488742
2457.021227
2455.027079
2454.430478
2489.794224
2522.834174
2206.53642
2097.364028
2205.569309
2005.954833
1927.280611
233.0905217
336.1046303
807.009822
505.6412512
439.0380016
923.9303011
622.5041736
813.2675616
1144.091924
1541.769068
1553.12205
1812.108023
2353.019488
2212.77459
1975.718393
1925.522694
2247.019502
2270.508571
2215.138295
1956.130757
2286.039676
2241.070469
2297.17403
2360.464276
2353.342141
2430.977828
2232.938081
2110.494846
2225.611194
2564.040001
2278.730248
1981.260123
1924.25196
1962.406558
2160.05936
217.8018635
356.0064022
886.7799857
477.2384956
621.789645
650.2453196
902.1400294
1014.1103
1071.141755
1051.218106
1611.850731
1904.031464
1647.607387
2289.325726
1702.839484
1821.9005
2243.965248
2366.406516
2027.964964
2419.923727
1921.496572
2178.879154
2272.288278
2278.459951
2188.651739
2245.483352
2250.642025
1940.08277
1874.971726
2012.22924
2028.008169
1763.143964
1855.289566
1971.956232
457.1654278
1135.161071
387.3898072
432.2580964
590.1042452
777.8837854
965.024473
601.7690174
671.7695403
1026.629481
1660.422031
2064.929603
1363.141214
1394.291791
1213.638314
1382.620771
1965.011406
1776.509749
1966.591928
1868.857624
1802.235116
2258.732667
2241.594847
2135.835396
2007.451098
2111.979873
2167.762886
1981.629932
1846.464994
1980.600269
2165.835867
2019.216047
2117.699349
514.1666958
488.7884319
393.6865549
865.0032623
613.6008075
1328.354539
985.4359258
509.1267693
728.9980487
1393.019114
1962.839367
1528.840234
1505.574518
1229.561727
1245.335274
1349.327392
1801.76273
1788.08496
1603.248185
1542.258649
1830.337286
1861.879269
1762.251754
1842.834422
1936.194048
2207.929253
2125.41024
2124.483395
1933.356694
1794.749627
1805.975585
1852.247775
701.5110249
299.3468329
714.3863023
758.1066701
775.4834849
612.0468753
459.395136
893.9887877
591.5670397
979.9386669
1575.237587
1430.56312
1238.115877
1055.808631
1141.777975
1373.183058
1600.000994
1644.670885
1594.039824
1652.855456
1772.435272
1515.379314
1526.184307
1754.804274
1645.363714
1712.689593
1549.36215
1824.794385
1883.267271
1710.70252
1489.356377
216.2235899
684.1062389
609.3890643
364.7291671
272.6502074
261.3141194
789.3341471
491.5894673
588.9294402
948.7615752
976.4701405
1386.169797
1188.006051
890.7722174
1226.001219
1119.117674
1366.702735
1399.475155
1370.730762
1614.097532
1398.162753
1300.85095
1380.862705
1482.60849
1550.011118
1712.266992
1350.309494
1457.871387
1542.074592
1627.573772
517.4506096
312.8442585
243.514824
402.052829
438.2756652
641.6032632
288.5348136
646.9096029
562.3893593
911.5461854
954.823141
963.0399386
961.1688761
1116.341275
1181.880132
976.9361196
1035.954444
1052.99333
1432.615376
1380.922084
1527.965007
1426.50493
1195.142389
1341.833471
1518.353588
1489.924996
1404.055783
1505.504402
212.7525178
466.5150367
298.0890509
515.4826228
480.8395115
691.7462091
660.6445144
730.6405492
545.3707977
929.2092957
956.789272
765.3924687
891.7788585
726.4252962
826.5953346
896.3384408
872.571441
936.6965917
1146.900292
1111.08711
1223.38878
1113.882424
1111.801061
1226.368653
1231.772761
1058.193657
1016.116313
430.7317467
652.2377486
582.4783366
360.6932369
772.5770545
759.985096
311.5571331
479.9657355
683.8421138
950.7934305
583.4526094
817.0172363
759.6336986
891.9474519
995.5705229
916.1488946
869.8992401
972.6875156
1232.324461
1353.115215
1007.306468
919.1679287
944.3266724
915.6478098
977.8885405
533.9318078
294.1362021
238.1779347
470.7384456
541.2316964
327.025394
657.0216085
628.213233
700.0964518
620.7089215
802.8977673
574.7049356
473.3587101
617.7488439
782.061736
890.1608429
858.7580208
971.856317
1315.666423
1125.294988
1153.661384
1211.389189
1118.245075
282.4984914
458.7306213
449.7868366
497.080787
563.2029068
653.6809443
498.4143329
534.0201067
714.0159494
579.4369602
518.6893056
511.5794428
665.4650942
657.0454477
731.4342829
893.7035681
865.6959637
990.5341301
376.9131423
424.8974334
595.6470648
547.3310863
585.1003925
426.7484252
673.5861986
525.6235663
365.7679394
416.4128406
347.3201395
472.2682405
236.6759726
1118.830811
2415.933854
2948.104076
2197.383119
1860.014535
5052.433743
6031.793982
8885.815917
10645.34552
9707.423598
8315.314011
7263.592808
6862.847728
4551.35327
0
4100.392215
3511.421168
2982.288878
4432.137661
3522.702021
3914.075988
5191.510632
5536.046822
6187.740987
5520.06263
3449.40043
4346.453605
3857.22046
429.4329057
513.7775107
698.6337453
710.9767322
1510.275214
2171.245659
2893.651803
4949.216382
6509.1504
9245.174089
8984.607702
9385.186819
8999.96537
7541.362374
6694.672449
4015.906408
173.1189747
0
4890.158132
2399.639305
3276.860649
3868.393328
3151.243474
4415.182431
4666.900982
5278.477689
3316.224268
4077.98918
4095.572004
4176.106557
6074.991003
222.3373055
509.2635373
729.7679821
1209.331465
1268.618228
2392.179347
2729.208958
3742.160305
5838.595417
9213.836659
9464.666217
9937.117992
9833.244783
7744.607086
6363.43165
4409.771779
0
0
6273.055533
2349.746278
1890.333194
3028.326516
4962.562421
6107.879362
5777.182394
4030.340317
4634.114292
4208.834697
4370.07973
4307.063725
4218.4926
228.6139469
553.5320926
742.3957851
1483.693071
1017.531008
2202.147003
2163.836061
3987.253904
5641.74598
8120.746838
8443.858049
9067.243678
9140.582252
8317.543919
7825.673198
4839.980083
0
0
5667.827705
3565.149353
1825.949183
4489.895199
4528.000278
3569.241142
4449.953398
4500.639271
4551.41833
3780.526829
3679.158325
4569.125179
5078.282491
826.0723885
568.6751095
799.6731817
1098.795108
1187.690829
2047.449626
4480.930725
5011.290234
6316.043189
7984.118559
8485.740185
9386.542222
9636.492273
8241.693517
7132.604975
6187.738961
2797.850425
2262.509097
4240.191737
4335.073471
2780.575719
3936.959714
4332.132087
3751.797482
5051.75474
4869.672683
4397.399312
4111.928229
6302.852852
5599.834001
4887.980727
3548.099325
749.5080769
1099.656988
718.6850344
1135.011897
2154.597187
3590.161565
3909.250898
4705.564724
5976.840404
8226.520563
8449.597705
9344.4146
9333.09699
8481.057497
8443.812132
6171.706382
2938.083037
0
12229.86128
3775.817441
3574.59481
3064.848263
3026.819847
4814.480926
5365.654512
3709.366281
4239.478253
4316.05628
4999.248127
5571.504043
5534.564447
4201.804072
4151.414195
222.7540262
594.1385476
1249.842701
1034.700383
1972.616545
3795.403382
3129.923993
3696.948289
6334.449864
5881.465014
8097.76289
9464.519848
9641.298851
9184.863138
9083.185499
6444.549733
4337.578318
769.4788562
1513.472598
3499.853731
3848.672654
4192.221351
4097.813404
4787.085837
4927.594365
4414.012994
4905.869251
4289.390965
4977.030547
4888.946941
5360.350802
6010.817663
5516.560823
4647.661801
239.8872137
652.5459441
956.5508131
1007.717102
2235.848357
2621.228737
2119.854058
3978.650342
6681.125537
5979.781888
8295.794287
8603.99613
9659.216605
9708.649616
8355.014247
7390.64889
5129.033294
3061.502811
6997.487916
3333.76891
2898.177976
4960.144999
4381.717266
5376.497936
4268.508818
3806.648266
3668.805668
4093.374137
4259.228379
4415.607529
4624.562203
4078.423569
4038.907421
4096.641638
4065.901256
1356.487842
2195.987313
2612.051175
2424.587761
977.6883108
2269.691023
3846.961937
3573.443069
6421.704253
7953.488347
8222.841931
8997.498112
9611.357707
8982.816318
7270.3559
5532.075838
3362.558088
1809.203307
4216.390279
3697.074694
6084.55414
6217.046037
5751.111225
5098.006676
6110.015871
5295.099995
4104.367384
3627.552147
4340.25955
4459.206979
4833.255256
4079.652748
4372.401269
4217.071714
3758.548557
523.9083631
489.6727286
1002.926484
1191.113722
1310.212827
2603.371424
3522.143497
3874.381058
6263.652776
7227.204736
7582.599725
9006.370099
9432.403653
8328.295797
7301.460524
6282.695374
4993.046056
2698.289086
4239.968051
3182.337756
3320.959517
4111.715361
3816.733277
4400.57267
4063.585361
5800.987172
6632.776316
4068.146006
3301.732688
3336.164666
3166.116664
3717.061047
4499.254801
4251.405533
4314.377879
5228.745649
4573.64425
4714.498133
722.3864854
285.8575755
216.1755718
648.0990536
496.7108519
2359.425895
2681.680989
3610.557573
5214.724257
5432.158535
7363.165269
8387.630381
9173.068713
8848.070493
7917.956516
7821.563597
6925.647509
3734.748831
6183.405426
3045.895918
4309.942802
5196.295961
4393.665651
5083.318437
3622.406928
3479.439081
4059.678239
3719.893501
3548.400549
3707.707642
4087.380573
4062.68192
3894.79848
3677.19926
3872.048467
3971.749868
4309.179924
4767.178452
4505.986641
225.3328681
288.2110921
228.2038163
372.5074354
947.2787915
1441.216373
1453.026987
4111.298174
4106.19697
3836.483185
5095.210453
6366.164398
7287.918813
8145.869785
7832.170733
7202.577814
6889.031984
5714.325233
4517.36779
5008.554045
4852.605736
4574.34963
4255.631152
4117.888087
4838.224263
5116.870659
4321.164601
4050.002492
3731.464074
3544.50973
4035.408746
4256.756767
3721.323537
3542.73886
3779.59143
4210.437203
4200.945643
4310.072482
4343.436058
3585.401466
3476.506482
3735.061462
764.3918747
1272.984378
799.5916575
1137.792446
525.2538184
2595.949265
4289.927479
3561.911067
3365.343682
4515.684849
6500.015847
7320.05452
8047.010143
8016.095905
7325.860489
6328.855576
6484.76292
6067.055571
5447.816877
4978.013686
4961.412751
4282.965023
3990.889164
4814.24285
4290.341306
4473.316813
3961.925399
3760.907633
3889.079043
3836.640052
4300.418726
4122.836542
3911.002808
4012.412641
3759.359553
3886.896748
4035.86865
3621.667933
3318.63593
3138.300009
3569.114582
213.7738035
544.7670965
1951.111608
972.2241498
752.0506632
1937.056514
2992.513492
2681.162478
4592.488708
3969.564747
5461.547511
6794.593765
7503.315751
7748.322193
7448.508323
6813.142375
6728.797268
5923.692261
5617.324101
5364.270768
4663.224621
4395.472733
3902.930264
3900.885896
4393.065231
4226.327301
3824.187645
3611.586622
4017.3672
3530.286735
3289.210753
3679.787928
3658.336645
3328.889506
3689.093352
3502.351652
3391.784648
2781.64593
2881.56112
3275.86062
3550.129482
890.6977588
890.426643
1200.844944
878.7441543
1680.610446
2023.40918
2847.828773
3600.172348
3264.480511
4029.388574
6051.919549
5920.167899
6832.178742
6684.44857
6773.926035
5937.201457
6320.819568
5328.806631
5298.634666
5186.941477
4795.232278
4636.5848
4357.91971
4313.830847
4048.916792
3912.823422
3826.505481
4060.57578
3702.382187
3320.710376
3240.947336
2940.445579
2895.623418
2773.799151
2820.335332
2654.128989
2777.834389
2766.298569
3085.953109
2744.600769
482.8840787
726.4318972
529.1229725
795.8000316
1193.806312
934.8577762
1614.308696
2594.098011
2837.068725
3357.576881
3973.533897
5374.65132
5512.12577
5824.546635
6674.955737
6079.804854
6185.299335
5343.76193
5242.501541
4603.546373
4852.860167
4506.048193
3948.431032
4016.776047
4002.129189
3916.202816
3653.836109
3256.852826
3119.208957
3088.898001
3023.940049
3034.54314
2929.778755
2969.036392
3117.17163
3183.630834
2907.031777
2803.375607
2737.961702
3040.298914
233.0866767
446.4103257
836.1888705
244.2070414
1310.54611
1313.764949
1348.699066
1294.512852
1825.723968
2831.672499
4098.508372
5530.758092
5095.056243
4579.350141
6220.180815
5324.655725
5311.271481
5336.307108
4534.771665
4682.686509
3740.490535
3690.447902
3868.598266
3868.643446
3547.46252
3401.104414
3032.86027
3217.862448
3009.155956
2866.188573
2892.219319
2696.716863
2769.326524
2690.412227
2541.388033
2587.265456
2560.670492
2627.911077
2598.100124
2702.677501
537.835114
401.3018735
314.7428894
504.6588313
317.1053458
954.886144
1522.947382
2083.540181
2092.497541
4238.927974
4936.727699
4441.41836
4415.142603
4992.693163
5700.688208
5130.180518
5454.609856
4840.136364
4690.650534
4436.777299
4048.595969
3694.754093
3604.007462
3761.102297
3879.278433
3639.857131
3250.08725
3150.233543
3069.602647
2755.250482
2523.571469
2478.062048
2410.326027
2453.729527
2388.839361
2438.921904
2582.883359
2372.606127
2553.571234
446.0353809
210.4854306
216.6025572
842.5156908
838.3734099
1122.717833
1042.003266
973.3227868
1831.85244
2353.883243
3434.871225
3663.675406
3127.339453
4272.244836
4916.860922
4402.810644
4313.602199
4162.422501
4212.166007
3895.569156
3501.750157
3342.172008
3376.734696
3159.487649
2980.608266
3227.28788
3137.229184
2827.545185
2950.798311
2948.478432
2817.534301
2714.232787
2415.57892
2561.629714
2639.431335
2439.824735
2446.330136
2637.311781
2476.660876
219.7364005
531.9174244
321.4309482
512.7486175
775.6690617
739.8995745
900.2239492
1558.368021
2089.465444
2398.051974
3696.557043
3388.340999
2823.224688
4159.133171
3665.924651
4988.388107
4206.821226
3610.614498
3460.419079
3575.938555
3005.177979
3164.849534
2780.211268
2686.842692
2739.741749
2749.637991
2556.405427
2701.540488
2506.881631
2376.922262
2427.889007
2515.403349
2428.469486
2502.643021
2352.05936
2426.793432
2336.249622
2388.963504
362.4013915
263.3182567
787.9122517
815.6540053
1345.92464
607.6815334
1518.55785
1388.810914
1503.053685
2181.754229
2630.304401
3577.241486
4072.659942
3295.301735
2710.671401
3710.117907
3369.022861
3133.988184
3433.204709
2955.963792
2992.465711
3165.109376
3132.748202
3279.82669
3061.73568
3048.016935
2569.454445
2308.719725
2114.980384
2204.366335
2447.897445
2330.486911
2145.0776
2112.015462
2383.079501
2548.744318
2535.639114
212.9935922
217.0169846
908.1151602
926.5124106
1393.633518
528.2693051
698.5366751
1337.26312
2110.561003
1345.696665
1855.590542
2074.254623
3214.6306
3098.734682
2494.311699
3144.034319
3021.086496
3005.633603
3301.856427
3479.238445
2651.08957
2853.373889
2631.266888
2579.326582
2604.181728
3053.161756
2622.077164
2744.765569
2335.361134
2324.757446
2201.882448
2247.856614
2204.119756
2133.21027
1936.213809
1805.608772
1845.884922
226.9034406
601.095122
488.688173
1380.600251
858.4018467
562.0321993
1034.08352
1452.18449
1543.346869
2068.576346
1563.681748
1388.613058
2846.256073
1555.079569
2647.353422
2741.195704
2943.920375
2927.616218
3190.232467
3204.06592
2779.846961
2469.012027
2551.023262
2622.843449
2486.974927
2745.486766
2682.558803
2321.553308
2248.179206
2284.342791
2356.502451
2316.440786
2143.611528
1986.575661
2021.673995
1819.784424
223.78758
794.3555457
1165.458608
756.4475298
472.1382151
741.5801998
1311.595386
1748.82685
1001.282956
1243.322037
1609.959669
1899.583873
1854.552159
1668.995341
2069.445176
3126.477098
2654.080107
2689.392938
2553.36199
2878.713977
2484.751313
2186.23036
2169.130183
2339.598884
2402.668476
2370.467826
2203.643727
2288.815707
2132.282127
2035.504748
1978.841468
1893.470377
1959.355024
1866.818498
1842.091237
871.6683431
457.2027242
805.8390676
379.5653552
514.6534477
1239.583009
1394.23328
847.9827434
594.9808631
1523.601192
1321.817381
1939.808594
1061.764061
1529.898902
2073.207772
2138.334632
2146.348147
1728.208125
2220.283734
2303.797831
2468.246086
1860.901302
1708.816974
1823.930646
2222.983635
2602.239866
2394.555883
2095.270441
2061.690162
2006.713893
2080.630398
1994.610628
1931.284918
1833.375661
396.1511856
937.0987753
264.5136345
609.5160413
1241.962828
1241.951393
772.3869831
777.5995189
1175.043197
1434.280717
1694.382167
1589.489382
1457.061761
1555.260487
2072.130443
2208.339585
1596.863935
1740.014113
2071.884162
2257.092952
2239.926802
1679.011072
1911.234211
2189.198663
2253.916551
2379.629843
2277.608915
2133.55232
2112.301102
1956.420553
2019.765083
1956.704574
2028.614904
796.5630752
868.3344573
504.5324286
666.4736702
873.2161165
495.4005848
1215.749238
1220.648429
1041.447569
561.4569151
2078.151966
1499.460175
1377.079601
1610.578499
1768.05339
2016.629912
1576.3401
1695.303582
1934.573971
1933.013837
1847.816002
1657.795609
1857.017143
1787.516037
1992.080795
1920.539958
1768.272774
1706.253806
1728.604649
1659.056217
1895.979618
1750.526182
640.9286504
503.394243
446.3693273
723.8910584
541.5136831
1042.456408
938.4417199
1335.340565
535.5542546
1014.739932
1282.717765
1194.89626
974.9412109
1231.321416
941.8481508
1237.411829
1296.173087
1396.191961
1643.007696
1884.361625
1903.439866
1857.41429
1719.054267
1779.19203
1992.003865
1740.696832
1659.601358
1476.613348
1580.894252
1633.805911
1830.171312
384.2116629
522.2178404
675.572891
498.8778963
481.8282146
826.9072554
902.5608046
993.3254822
439.2348406
1100.904808
966.4461513
1361.71448
1507.449431
1336.61117
908.5913396
1232.579662
1212.657377
1142.454741
1508.594809
1536.215376
1532.538982
1581.836933
1598.105848
1415.968202
1516.140825
1534.225182
1526.701363
1355.529447
1331.625875
1370.241961
265.8937073
675.627831
359.9091351
301.9878682
428.0693499
873.6224604
873.4136946
625.0301094
808.9162329
619.7434772
822.3889923
1134.957203
1415.950402
1116.841368
1163.064605
1379.038803
1129.096433
906.3308259
1364.145371
1426.267305
1189.20528
1283.942789
1253.088922
1182.352136
1186.431828
1512.028459
1458.447738
1533.111366
1452.397258
313.0499175
309.2889743
397.5038345
800.0237465
774.4468302
692.1386828
934.5106926
461.8087913
712.9085438
824.641269
937.0180559
1117.044021
1197.669534
1240.540245
1454.920996
1102.866285
802.4145458
970.4604102
1282.56781
1223.964207
1371.938964
1318.776897
1275.304127
1131.375212
1168.480825
1301.741898
1562.030432
304.3228073
374.6923297
517.1669746
569.738885
1271.013565
629.4365085
614.1612604
448.2359026
572.6858102
672.0502743
995.9264504
944.3581234
893.2824606
889.917524
1081.710625
1053.362928
991.1698631
921.5949929
936.4292202
817.0147784
1054.553548
1165.541057
980.5699859
1139.113428
1287.739238
1090.399803
714.8742496
330.6300882
820.3421447
360.6143524
639.4346137
469.3538833
393.4449824
475.0412198
922.3577395
799.8480867
731.3276934
600.0319846
1096.592584
1221.939711
911.7261001
883.0730086
766.6312644
931.1592781
757.9379127
1059.432838
1197.816106
1159.758404
1144.291076
1092.198187
444.0878205
518.1306333
662.3812296
400.628082
368.1602702
476.066906
623.1807093
617.9463807
553.1832398
483.9300634
720.0895472
894.3606929
880.069594
862.1668468
795.9697876
603.7309134
552.2790304
876.3440825
860.0292631
1089.801139
457.3696915
288.6621029
418.5194326
394.76634
601.0470713
346.0104106
545.0212695
514.4758437
553.4729263
662.2878865
792.833325
635.7388602
748.0175282
218.2921667
941.0917388
562.9590776
535.2876036
2041.977012
2229.393404
3951.013967
4832.265327
6103.33918
7181.047862
9386.117198
9960.17383
9904.485577
7898.194706
7552.4212
4208.386663
0
0
8378.52436
2687.539296
2611.689365
5472.092264
5910.708876
3845.997109
3742.141393
4393.662622
4132.11001
6003.773344
3993.881089
4518.039308
315.8783811
546.2012098
715.0037288
1705.438015
2779.127241
3285.213849
3329.983691
5165.548458
7204.166581
8880.238646
10148.98319
9462.889517
8200.454821
7046.550853
5044.258506
0
0.02349622112
21.13145924
1277.765933
5256.597526
7181.930351
5120.312062
5469.837918
5522.233916
6146.08887
3729.032304
4902.347141
5641.928017
5191.37668
254.6389475
700.0243176
711.1757741
598.967908
2401.40237
2381.470114
2258.293607
4477.179058
7401.362483
9469.472633
10122.79502
9856.095856
9212.204437
7898.189553
5276.317517
0
0
67.23493248
3697.879631
5457.617912
6993.745509
5526.095006
7958.245256
5551.153133
5573.731706
4393.022776
4450.81106
4707.834242
5269.534075
4867.520113
221.3800979
1032.052681
397.3661912
525.0648397
1209.558145
2436.736547
3837.049727
5558.768478
6029.233617
8376.626729
10094.02802
8506.588498
8347.832648
8628.47379
5484.324127
2544.769778
2514.018063
0
7702.735112
7543.784584
6642.807472
4150.542824
3546.222088
3366.771978
4974.814594
5670.535517
3782.624096
3835.437743
4176.10887
4204.697658
5265.378045
218.2377572
1324.73711
1346.753116
1355.639525
1650.467029
2877.431615
4329.461027
5935.682685
7664.037092
9090.860153
9750.356137
9130.033949
8625.072697
7693.459095
5710.072225
2579.3998
3898.834317
3448.955346
5001.109803
4276.919986
4300.635799
3406.767168
4159.119268
4305.225064
4119.951045
3452.414274
4074.850719
4026.205047
4706.878684
5155.543771
5300.473657
216.5921974
1152.594073
561.8232572
1118.443546
838.89288
2618.258319
3808.204674
3667.559619
6614.270607
8422.497303
8182.665696
9586.900838
8810.14008
8756.098869
6278.948337
3355.338395
1089.96839
3957.516614
2766.301234
4083.69952
4378.383695
4676.678914
4616.357518
4278.782928
5371.809669
4533.857538
4509.144137
5074.7991
5598.812041
4067.472243
4064.001428
4318.885971
828.2872873
1131.987575
528.3121119
931.4837534
2151.844688
2651.175321
4500.0832
5302.280951
6740.60719
9032.427518
8361.997412
8360.093127
8776.193136
7308.14841
7135.594027
4451.439507
161.7673461
0
2673.587669
2085.252481
2471.231112
4131.094591
3572.453501
4373.535789
4563.339274
4067.931499
4987.772624
4595.985642
4418.762404
4615.7308
4954.387363
4289.277693
4717.186812
866.7275914
732.6452734
600.3759062
897.4299069
1301.508048
2830.204972
2471.35735
3522.810353
4559.297847
6911.200165
9398.274183
9609.910315
9541.18107
9431.182368
7616.805705
6419.861716
2875.167355
21.68324146
3669.809297
3273.792166
3319.619017
5393.217955
5219.181544
5554.178696
4021.471515
3977.049215
4723.281049
4920.037694
5249.733175
4936.779533
5048.329468
5296.252129
5001.695557
4525.858309
200.0304608
690.2476154
737.0283797
1654.814225
2278.467221
2059.243765
2535.821851
3169.720354
5408.520945
6825.175136
8472.908016
8956.829238
9209.958168
8897.156884
7700.966876
6242.967307
3856.549652
1797.26054
2435.580636
1357.148229
3649.572511
4297.384555
5208.361649
4109.772144
2768.785421
4346.529299
4266.33827
4655.697729
5059.87983
5094.69545
4828.745834
4565.663884
4441.227479
3634.796067
4129.620316
4374.476826
396.7569979
531.975156
1403.359723
1696.992924
1757.799855
1976.849748
3996.674983
5837.856367
6681.722229
8661.833317
8763.110892
8891.219031
8815.822124
7593.519534
6431.403527
5379.173408
2541.30414
3099.242381
2930.876702
3260.738074
4844.556768
4850.742835
6076.561354
6646.47633
5001.791576
4316.871668
4200.489054
4580.489617
3867.46875
3304.735134
4439.571292
4050.306062
4405.565795
4555.576521
4750.098941
4765.24521
5070.14314
233.4306533
637.71934
284.1264858
279.0874991
1016.46584
2692.309946
2988.372328
5418.873115
5739.909471
7479.284365
8526.812448
9342.369318
9071.213494
7880.191954
7679.321083
6067.15867
3709.569569
4077.726231
4854.291336
4440.244023
5237.980908
4719.262517
5220.881869
4558.980492
4899.561193
4466.819328
3716.715752
4044.816091
4096.78733
4256.94721
4827.923073
5072.225325
5008.094408
5181.569806
4894.902181
4372.760282
4481.80852
4681.55709
221.2750983
298.7849862
536.8496897
1214.58147
692.2827583
1962.235058
3394.884512
4860.171147
5760.65979
4890.982569
7713.996663
8153.019966
7897.073051
8159.012342
7598.181971
6342.092008
5461.201481
4342.807383
5346.796271
4568.251098
4828.086586
5203.321254
4594.687297
3978.176126
3444.483043
3927.043711
3567.07156
3959.825458
3981.377282
3797.990454
3662.254411
4048.055497
4203.165805
3745.911518
3912.288072
4237.977318
3823.134244
3996.602966
4076.674346
3525.187471
3894.038513
235.0017061
1301.003735
1325.15395
1943.121492
1787.270976
1914.293581
3062.007166
3514.047285
3270.302008
5558.155934
6741.60905
7619.121395
8759.516899
8302.372082
7687.051116
6625.472911
6008.967044
5849.030135
5096.075715
4686.631481
4409.766755
4409.896963
4097.218135
4233.688832
4073.048249
3901.762941
3748.822907
3893.866629
3462.126712
3609.265814
3820.574267
3602.300574
3877.376067
3826.241428
4159.424065
4014.214299
4344.674416
4290.79904
4106.819914
3361.046604
3327.165255
199.6661206
380.6445403
623.3712559
919.7224749
1149.715951
963.6995363
2149.247287
2790.431676
2649.503402
6288.116338
5371.248481
6105.001427
7851.21476
7741.755298
8028.12853
6961.049534
6275.191445
5815.534198
5577.041755
5027.466788
4593.585815
4304.333014
4218.219577
3618.23861
4002.796988
3808.735471
3661.937006
3758.059135
3237.1461
3384.225584
3431.890216
3174.812787
3051.116671
3153.158533
3234.747289
3296.185396
3435.337093
3186.363999
3042.89493
2967.866484
3393.582772
221.6655508
578.2853941
1047.472305
324.8083757
477.7305547
1493.8083
1673.543918
2137.425195
4200.732066
4052.526821
5859.030913
5279.887797
6425.376784
6564.896387
6738.461258
6807.20309
6028.147183
5702.551306
5125.029451
4492.961068
4356.190632
4605.904598
3818.335738
3743.21817
3592.149112
3786.770033
3976.120215
4019.974562
3599.041118
3423.326489
3148.986241
3204.467289
3028.80505
3170.346149
3037.793322
2463.064332
2736.88837
2797.78732
3107.031144
3169.18522
3093.810189
926.2655893
487.2179968
357.7730667
1103.287263
876.5853268
1743.52278
2608.829408
2714.170698
3126.625855
3397.99118
5071.327438
5766.798775
5921.38352
6021.564604
6581.789747
5809.708052
5625.844477
5473.390293
5048.782865
4846.222581
4334.446126
4112.512216
3825.951066
3544.063574
3549.946886
3459.505264
3361.328769
3160.238118
3146.878319
3009.736092
3250.38436
2835.620512
3036.595647
3169.222312
2791.287409
2871.098408
2514.914641
2475.48125
2609.943768
2754.64172
221.9057369
216.5686037
461.6484683
434.4084986
502.9871245
1297.15956
1836.977662
1548.977675
2031.392697
2380.998861
4165.747466
4663.891101
4352.77649
4732.074938
5081.444983
5581.668659
4801.392452
4727.294968
4592.838651
4512.013317
4209.110226
3665.835227
3620.282085
3426.84743
3312.693111
2831.877653
2904.675367
2833.926496
2820.797257
2599.558721
2488.417059
2392.716174
2547.897923
2696.836524
2395.419961
2279.333802
2590.881622
2513.667804
2683.592548
2678.022978
232.5192981
268.7848668
231.4014859
837.9470398
2023.268083
1769.452459
1348.234251
1473.677498
3011.868491
3214.889239
3510.268018
4936.912943
4122.837654
4959.491963
4936.888379
5218.041228
4540.004271
3952.095565
3821.630271
4233.729383
3997.68869
3419.710321
3313.534195
3241.410395
2936.645056
2934.469294
2789.355324
2499.787557
2681.62682
2657.529594
2575.769281
2459.04693
2349.708808
2491.969082
2600.565198
2377.02489
2299.465582
2278.448452
2202.921353
554.7275743
222.8444914
224.6659676
773.0496956
1812.452733
720.1276293
998.203419
1898.922814
2101.061277
1833.598217
2178.023055
3412.877696
3535.452869
3772.859969
4011.198712
4118.210959
3849.554248
3486.148435
3340.442074
3771.916716
3785.160161
3486.618396
2811.975504
3105.047059
3398.060302
3162.157291
3212.986007
3148.257601
2845.414042
2768.492918
2523.087138
2155.616652
2318.436329
2425.86415
2515.245414
2563.804808
2148.752175
2063.145904
2166.42691
197.4053878
712.7759277
452.6153964
372.9924054
354.5246743
1315.451863
1575.844184
2413.282061
2029.328443
979.4649655
2664.596045
3190.432138
3508.087008
3257.199238
3965.857623
4132.380701
3117.679377
3426.641173
3586.004664
3829.261039
3536.256616
3807.004479
3349.821672
2955.578272
2808.669094
2955.96435
2708.952275
2495.675788
2381.962328
2532.866363
2478.962951
2299.225652
2146.096554
2075.27993
2078.061441
2044.231274
2101.538309
2095.130934
206.9567424
265.9094877
414.4326121
318.1207359
517.0407807
481.3447621
1133.627796
1595.200588
2161.21729
1081.338417
2059.423299
2900.863138
2651.294122
3447.391118
3621.553989
4343.836426
3406.762603
3448.297052
3185.91342
3558.127377
3352.410913
3159.708445
3163.890609
2783.698917
2352.324893
2556.119343
2811.014415
2849.035917
3057.884262
2737.315851
2820.795757
2639.899806
2436.278706
2321.435389
2259.819374
2347.413486
2175.849096
2304.715637
227.2052269
232.5135221
574.7724325
741.1247201
771.40111
659.6984622
947.1769666
1962.86692
1249.854975
1833.686785
1777.065996
1554.915898
2411.736048
2366.039743
2997.93654
2898.798224
2654.020069
3017.311864
2678.420247
3308.584429
2754.13435
2710.297385
2959.217222
2591.394291
2708.00292
2413.063662
2406.878382
2228.529362
2258.824793
2563.487668
2424.234813
2459.240525
2476.394838
2304.120556
2123.925182
1995.879318
2095.895164
219.6675844
218.0960949
412.5273821
1033.33533
557.0129838
681.9154707
2080.534948
1225.970653
1481.486648
1568.901309
1928.287008
2308.836212
1777.606514
2409.368013
2528.827288
2641.633434
2406.106219
2635.878884
2775.426018
3023.320113
2351.725564
2529.538229
2755.413314
2693.081125
2517.552817
2629.469569
2606.777465
2548.312669
2294.043055
2353.140754
2345.222587
2232.73134
2203.856536
1998.010993
2044.197349
1964.127113
223.6335493
483.6199384
653.3246988
685.5609822
738.7415888
1707.534524
1284.883311
1559.174196
905.731782
1380.656984
1712.190066
1520.74893
1631.357058
2157.473133
2787.384006
2578.175481
2236.818135
2432.04926
2610.798587
2800.940469
2358.489307
2246.832973
2229.32603
2348.865685
2305.924065
2175.015022
2061.143358
2118.483092
2156.101974
2164.590913
2203.30496
2082.304898
1909.209817
1947.781928
1866.07983
561.7386723
295.7096537
583.361477
517.2466967
474.5403268
805.5185463
971.1872341
1255.837394
858.5076989
1120.422315
1134.158074
1521.937564
1413.15038
1403.772182
1721.33916
1720.519861
2070.514226
1655.588795
2381.499821
2421.85461
2512.45624
2726.774134
1975.140541
2107.854102
2212.124822
2007.069716
1989.833788
1716.259779
1918.991316
2021.568415
1829.527289
1874.587904
2054.69815
2028.773059
2054.844641
294.6504182
537.9044066
632.801515
412.8683
419.9028273
726.7754333
755.2285362
935.4069385
1255.93898
1330.343316
1184.750236
1381.900332
1300.433851
1596.358196
1590.555128
1824.911461
1676.154085
1744.352273
1818.670977
2120.597301
2218.72754
1996.410044
1977.639983
1899.879609
2083.752763
1897.4789
1864.50984
1751.935302
1783.998187
1765.357567
1778.839557
1836.246838
1807.113022
1698.309836
682.7218243
649.1560272
394.4803512
525.9124924
831.4334971
550.3717112
846.8696555
743.8771344
898.613832
906.6465135
931.852847
1320.937563
1153.425218
1609.557401
1423.846861
1907.900764
1551.025017
1581.294287
1337.338865
1815.387165
2069.424538
1902.427937
1767.955589
1804.704374
1900.442485
1626.794068
1808.924537
1820.318295
1732.633699
1762.749455
1793.1842
1568.345756
1458.805511
340.4943462
276.0135915
349.1259113
968.866452
376.064054
771.2326586
679.9003053
494.598222
1073.892409
1258.926429
892.2049242
1603.580629
1533.785869
1302.754983
1367.255974
1491.427348
1523.982715
1508.726143
1308.744859
1597.371236
1701.061641
1548.367749
1432.040645
1573.410629
1623.859919
1471.901474
1482.660335
1635.424824
1605.569256
1336.402846
1500.352023
1265.515645
350.4209011
582.7095272
468.1317917
381.7978856
459.3851176
591.2490081
734.1189211
542.8060287
1086.636794
945.512564
1055.820572
1174.882687
1162.785057
1390.618413
1339.228852
1094.582979
968.9362577
1150.219802
1111.812896
1418.314877
1532.921276
1352.015964
1385.233821
1553.676236
1706.574621
1595.152632
1519.521939
1687.494883
1478.440285
1500.562192
350.4710894
433.9120075
555.5239994
325.0576884
511.6005749
665.357887
500.8991496
1026.044015
996.1344986
1153.532233
887.4104787
778.9236473
1005.11953
1243.024802
1132.96322
983.4599856
982.6289779
1287.827022
1139.268111
1283.873355
1452.057644
1114.121425
1196.609998
1450.573237
1364.387364
1503.985405
1614.213662
1756.593841
1799.362135
263.953681
688.5321869
680.5367294
411.0036046
485.77524
434.1621332
523.2442065
436.1235106
923.4904016
775.8125262
771.3945642
805.0737659
825.3366991
694.8033642
938.0269618
663.6712972
897.1843797
1034.767783
1012.454895
1082.200143
1218.057148
1048.791727
1104.558321
1341.622623
1363.956535
1248.166144
1299.024362
1258.427644
424.5927918
506.7730067
648.4053233
300.7260539
453.1579321
760.0674008
340.9326833
560.0332404
578.1849221
747.5334538
747.2249612
918.974032
827.5462145
808.9341239
827.9282149
980.343192
1060.804107
1104.453777
1116.65447
974.6892812
1139.488827
1115.115088
1116.635114
1170.914419
1001.540475
1222.867251
788.9066531
294.6150843
222.7007538
569.1231541
343.8379504
517.1535726
395.7191985
413.2308446
470.926634
585.2638139
1008.829896
1004.904323
821.7606902
706.1511451
960.6050497
939.9176351
851.8265152
1145.83379
1018.906531
1168.752102
1092.106242
1086.019841
1034.525249
894.7784469
220.8887787
352.9684457
572.8347556
828.0051132
563.5080997
297.4239462
515.1076404
659.7163645
703.430162
737.6247292
755.1169527
415.2641363
690.3811616
913.2273249
827.939723
795.12204
1182.337129
916.1822494
813.8689375
778.3324728
957.4097128
453.3629493
999.050809
500.3207287
329.6677915
469.0479688
498.2142424
754.6721732
459.8744032
497.5798229
412.1471088
515.6630276
562.556764
747.4156206
751.5749882
845.8638659
1080.394237
1384.93295
1331.782128
892.8764049
1184.731426
2302.306455
4179.486714
6260.190586
7965.048907
9589.005863
10331.42948
9539.295921
9610.191991
8261.650384
5680.59621
2421.741233
0
0
0
2363.812265
2509.454078
3862.447238
5573.70301
5396.07835
4106.621736
4958.102344
4224.321074
3287.840849
4475.850028
4377.435512
464.6458226
1393.191114
526.3485838
796.2950886
1512.124402
3153.403864
3509.944586
5658.94807
6894.185242
9870.667111
10783.57651
9003.573705
9793.42437
8371.141986
6515.499545
2645.811732
0
3635.422561
50.450166
1475.990072
3854.123202
6263.610289
6768.229227
4435.971515
4826.32564
3582.913141
5261.996232
4919.387506
4860.323939
3977.045146
712.1745811
820.8071995
955.2000818
1378.669032
480.168816
1591.998291
4307.618681
3945.142319
5734.582549
7407.548757
9235.367556
9603.63151
9658.900142
7327.928698
7028.287397
2808.35943
2514.018063
3898.834317
875.5377051
2255.410797
3377.708059
4246.492387
5341.614026
4025.412753
4808.9266
5628.800372
4456.315403
3880.912198
4431.386593
4733.568903
216.2471008
426.4591063
581.4538729
640.1779226
1561.254678
1644.912818
2985.646142
2776.631184
5353.151724
7894.252308
9517.071557
9313.225282
8382.560931
8755.371368
6648.42647
3096.422267
0
2454.794844
6635.657723
7538.77673
3639.170717
3139.080973
4650.180684
5540.220536
5140.463353
4708.751115
4875.906466
3501.557612
4077.548252
4833.458526
4669.060949
478.5957754
700.9718778
1414.204551
1579.471298
1158.056835
2275.071882
3669.783366
7401.227958
9524.530076
9456.735438
10619.47458
9919.134345
7501.204855
7133.610739
3448.451091
628.0771252
4303.98143
2963.993612
3870.001817
5808.395965
3862.864396
3208.171398
3718.622802
4338.418754
4308.669703
5350.535604
6006.988203
5278.696174
4738.834407
4811.297581
240.8947802
328.5297891
1367.451805
2431.84718
1567.400126
2683.977535
3505.180175
5352.379788
7360.083209
10120.86336
9943.277817
9633.807792
8374.688955
7076.857854
4357.633346
0
2116.418744
3819.471756
4354.531447
4440.416485
4897.809692
3992.426857
4740.236688
4487.976543
5259.266384
4187.947185
4088.702012
3838.073136
4643.422549
4474.48081
4057.364301
483.1535904
778.5197704
1485.424685
1425.686493
636.2816746
2433.349346
2979.622512
4116.045136
7640.91389
9008.467344
9694.310899
9419.683809
8723.987169
8236.947839
4766.341753
0
0
3884.055018
2835.893547
3014.605966
3690.224551
3338.170362
4045.322453
3766.849811
4178.544463
4423.075809
3795.483606
4389.301875
4917.469073
4486.752539
4467.656671
4040.019225
556.1319815
1193.773
1434.186157
273.6210212
847.4529584
2092.093919
2394.854034
3983.939229
5202.229071
8058.576354
10207.77417
8916.621223
8972.936981
7889.19214
6792.256043
2996.126332
3427.581485
4190.489749
3438.627337
2821.52125
3734.796477
4961.697273
5118.42078
4204.936671
4291.658641
4879.429623
4190.726707
4166.538735
3500.703487
4970.506268
4423.055343
4474.534641
5120.560898
5124.671375
668.8251281
793.6201678
674.1841715
607.2527982
983.2356236
2998.847738
2352.081098
3189.115354
5527.57579
7315.851902
7954.63972
8026.037166
8489.799478
7952.202301
7372.990175
4894.839351
161.7673461
3924.356533
4669.623427
4114.832017
3789.970705
4342.063736
3206.941329
3286.525456
4789.058778
3783.990366
3764.082276
4004.257524
4927.463443
5231.487364
5405.415911
4976.72619
4673.14023
4011.845247
4288.926388
578.5197033
334.8283803
435.573162
2980.163804
2940.533759
3278.864053
3496.932199
5019.721522
6931.114868
7629.351532
7868.264154
8714.747687
8728.187955
7619.014684
5409.496771
2872.780647
4171.392246
4118.577254
4552.056874
4464.385626
4443.227199
4686.239164
4185.342777
3947.922817
3891.54558
3980.920153
3942.557425
4783.668893
4888.089845
4667.590046
4606.691451
4622.48337
4784.393471
4631.566645
3697.248063
3218.026974
223.3662722
223.6809937
519.9433014
1332.819762
1286.045622
2715.381609
2583.481188
3873.271708
5700.612861
6896.323777
8180.185255
9004.164934
9116.268062
7817.306837
6496.014757
4265.071212
2703.173598
3495.281948
5107.892868
4162.815038
4114.745287
4287.745936
3685.509559
4774.594071
3998.298836
4091.831296
5070.16316
4082.38258
4020.319048
4058.755833
3857.931646
3988.903275
4129.464029
3471.259273
3266.691863
3892.269657
4171.433707
3952.853768
503.3477382
346.6510477
1319.243938
1310.724423
2492.090734
1502.755529
1439.516031
3676.014837
4727.736084
5313.865771
7014.566672
8525.424152
8208.586642
8738.898994
8453.670432
5971.796872
4393.559501
3204.528173
4513.451628
5431.551865
4312.351661
4436.797929
4703.167104
4791.450744
4394.138493
4462.246798
4138.25253
3779.775738
4040.335281
3899.822228
3954.816177
3472.631035
3846.451412
3687.489005
3216.912383
3202.901166
3692.75371
3696.266198
3360.981899
3580.794399
3577.234523
310.4391186
342.1603752
793.7145258
990.4107135
637.1756365
1898.349635
1952.664272
2867.147168
3639.582673
4979.415809
5854.004722
6930.975307
8550.569584
8567.828855
7949.023393
7826.320867
6155.266715
5577.825581
5006.36542
4623.764887
4049.093651
4004.168407
4304.731526
3847.059699
3984.949953
3774.735164
3970.545099
3732.941063
4004.815959
3774.362588
3467.586457
3388.281377
3249.802255
3717.676539
3405.340562
3430.976815
4142.901861
3453.851937
3699.634744
3338.620814
3597.938339
3841.764449
215.5345606
367.109923
471.8224291
419.7653097
1040.358147
1556.006565
1934.111311
2929.744778
4042.683991
4213.772269
5751.731586
6333.682511
7556.793609
7302.921689
6947.062313
6011.691672
6430.222005
5516.380837
5255.001829
4630.398022
4257.454361
3798.756769
4008.206046
3839.154313
3942.294131
3594.803296
3373.225422
3736.165121
3599.146317
3704.303053
3796.768364
3780.992095
3087.56507
3119.798901
3204.423179
3010.459414
3110.603952
3019.255933
2789.565602
3204.166794
3288.346552
213.6372451
1043.078719
497.622667
549.0822671
573.4035724
966.9342185
2277.972658
2114.119538
3200.441849
3710.963078
5771.007549
4120.144814
6318.936204
6569.157647
5971.491416
6241.289867
6055.51674
5298.097451
4712.917836
4659.646325
4201.265081
3978.019636
3886.925534
3506.701006
3812.146917
3442.357346
3235.459992
3240.19069
3123.570396
3119.319627
3122.865793
3081.191507
2715.252065
2700.882983
2603.663702
2607.3551
2346.950662
2597.836574
2705.1165
2390.94703
2664.992366
233.7579331
232.4864277
501.2047095
927.6413422
1682.344165
1141.484489
2708.122085
1490.615107
3330.925337
4025.51495
4249.081951
3932.366134
4881.863408
5166.964617
6076.51048
5914.297818
5118.940931
4321.114475
4298.611618
3834.92597
3896.016419
3779.074043
3535.321381
3746.094537
3583.78439
3123.384121
3478.164434
3312.593092
2969.554274
2955.845912
2996.961823
2787.771579
2710.214868
2667.763066
2786.509739
2365.227124
2378.970745
2330.24808
2284.840189
2322.169094
223.0065538
225.0493321
989.8149183
314.5840632
1339.499876
1297.919983
2378.713865
2567.079438
3001.732364
4093.91855
2999.590638
4707.215634
4252.39918
4491.315507
4818.502054
5246.570571
4792.94114
4697.244578
4233.072228
3913.030187
3836.00045
3713.600952
3601.56382
3468.218551
3656.03495
3028.210987
2620.242889
2823.872903
2958.504595
3027.144341
2826.462973
2659.08651
2502.721478
2551.858978
2835.96178
2577.034201
2565.719482
2428.736562
2159.446353
2120.890518
419.1304372
356.9868007
442.4408732
1131.69951
1533.085021
1491.812393
1975.677245
3018.743588
2112.316157
2197.117734
3484.528193
3620.495688
3661.13837
3935.47139
4271.172388
4197.267024
4337.598231
3840.366146
4165.684352
3625.40589
3444.06453
3336.228117
3217.323925
3313.855882
3260.710479
2704.206051
2637.511621
2680.546004
2693.046043
2850.0535
2991.168181
2639.608504
2532.02747
2721.877235
2803.845906
2412.542826
2240.871461
1996.343921
1989.785399
384.255611
289.2558264
919.2395003
603.0972698
1405.222348
937.9355577
1745.511474
2772.65185
1993.371759
2011.881014
2907.930483
3200.951492
3302.46475
4394.553301
3758.21179
4083.466391
3960.0691
3861.434332
4018.479298
3681.186578
3660.093846
3817.240859
3577.310667
3494.140187
2843.215809
2673.283916
2520.930882
2555.081038
2659.439243
2734.267852
2555.007162
2507.268117
2293.161019
2349.120936
2295.107967
2751.884881
2707.754915
2643.227461
2381.950668
219.6240927
1224.804415
695.3226264
1064.615529
1071.863298
918.0756835
2141.915861
1760.63456
1321.281294
2148.039749
2716.041472
2968.250457
3378.623898
3164.817695
3359.750269
3226.84482
3521.337624
3231.77676
2999.498743
3129.676578
3220.786787
2991.600632
2978.123828
3068.130461
2984.398832
2620.137529
2695.172903
2712.454798
2651.337222
2583.181911
2264.000672
2464.689868
2328.752362
2194.675087
2173.226007
2111.407844
2148.552026
2248.314904
234.2900993
806.9086826
234.6735887
450.1404615
1022.992393
1006.962539
1502.813917
2104.607229
1678.294568
1812.399662
2195.785065
2370.581245
2967.475385
3040.148536
2979.316542
3108.549168
2874.222278
2997.758042
2532.352762
2935.888048
2331.865016
2535.058734
2988.283566
2353.095292
2647.410469
2341.076511
2172.515289
2673.043732
2515.307917
2277.850601
2166.463269
2203.855106
2300.150587
2058.410963
2175.736915
2062.695439
2189.579347
2195.254597
797.8987583
220.3975407
224.3056789
549.9999527
661.3449621
1345.584627
1332.053518
1057.107865
1123.748637
1827.807111
2321.46464
2823.575063
2474.382152
3231.100157
2876.892799
3373.816245
2869.134922
2860.517914
2444.838766
2818.357349
2268.626886
2320.499823
2519.250248
2290.501325
2004.124094
1974.134866
1894.025437
2235.594687
2129.175054
1935.655915
1853.936238
1727.04516
1745.337619
1811.357128
1973.053552
2151.082447
1991.508006
214.9453216
451.3638158
813.2231512
763.7773902
391.8528044
909.8345742
968.6070762
639.0019658
293.5191357
1451.472375
1607.420357
2288.339735
1941.758821
2336.400519
2011.952264
2413.175464
2334.760007
2669.219084
2259.972075
2406.425815
2228.040652
2296.521352
2488.31173
2063.749406
1871.289207
2099.98993
2108.677359
1899.286155
1959.293961
2090.962695
1989.082575
1915.05766
1772.614826
1866.693868
1823.196307
1856.37184
216.5674001
689.171423
608.0593463
559.5828485
542.4369831
1015.375964
503.783958
891.5899027
458.0678371
649.7619217
1115.708783
1630.459497
1791.05075
2042.530716
1460.539968
1815.694574
2040.983741
2163.666597
2378.734437
2149.114416
2389.293864
2318.748422
2227.927207
2639.229597
2004.294218
1832.843469
1789.500149
2104.641399
2102.518071
2090.105024
2087.0738
2232.483931
1982.768094
2014.974142
1933.864684
1875.810803
642.7236404
229.3532142
365.26779
683.6806253
1007.832761
945.331025
668.2076621
777.7158483
935.4316503
621.1955341
965.4725217
1082.066672
1537.386115
1644.038449
1332.898624
1571.539716
1453.609427
1711.058054
1784.945811
1636.331506
1969.22379
1728.837629
1862.536697
1907.5056
1716.216945
1637.499098
1693.980511
1658.636714
1910.693676
2138.837281
1954.838439
2095.72242
1964.470416
1776.702958
1857.002486
213.3695331
564.729864
377.2138267
489.3309611
754.1074028
746.5947632
996.5739932
1196.588401
620.4344178
818.8971973
999.7867416
1419.221691
1430.12085
1620.049019
1442.964374
1293.724787
1254.677433
1500.916918
2181.302586
1689.267656
1946.532838
2029.295725
1742.742108
1780.566718
1814.49338
1781.917275
1645.857173
1638.547607
1352.822147
1853.840949
1769.653667
1855.628177
1716.50247
1698.763317
223.5588966
223.5810008
491.7264365
451.4511716
622.2601856
449.9260654
521.4453423
802.7755069
1012.14184
1338.441327
1019.866504
965.6870565
1036.378121
1106.510867
1189.241051
1289.32906
1450.190328
1698.649388
1623.707801
1707.954842
2052.299132
1701.627952
1432.56826
1241.370135
1546.234038
1571.053418
1494.01644
1445.656938
1329.782982
1676.313207
1560.457726
1683.913586
1689.693872
214.6892812
461.6680273
523.9113191
367.448187
367.1155715
530.6329427
434.1992709
764.6719721
975.5979699
1070.941542
836.0396498
1029.120626
965.7575965
1241.347216
1540.087647
1347.058567
1244.733711
1627.586597
1510.464115
1708.864952
1709.835862
1760.082137
1424.682172
1184.383138
1415.972738
1500.556189
1512.133283
1510.1843
1537.452102
1731.58665
1806.33623
1565.988071
532.4787234
213.3246715
556.8676068
509.8380864
550.8765135
611.0711108
509.1179427
567.9930492
1208.685659
1660.157524
1146.019366
878.9011919
855.1240705
1119.579936
1289.418316
1071.880504
1525.707215
1670.052577
1449.139032
1426.087693
1438.437308
1376.982273
1347.247492
1396.379652
1481.381235
1386.611893
1370.991394
1352.074761
1607.619996
1634.078068
1797.944732
222.2936098
589.1591632
792.0470068
932.764248
328.4148692
294.7285965
412.6061699
1024.987895
995.172782
831.0383851
897.6394136
950.6037986
1166.275294
1254.107572
1210.977241
1314.079334
1225.72415
1315.975195
1394.373933
1162.650357
1259.446111
1276.368828
1285.178303
1352.434837
1231.146521
1312.306611
1149.471768
1343.086326
1299.146393
311.7763231
697.5406839
739.0829539
715.6155564
349.4946816
467.765026
490.1209753
732.1459013
536.0239248
502.9772691
461.7631164
813.690111
934.818
964.2974955
1097.697007
1243.298869
1138.153473
1256.511509
1174.234889
1130.505305
1216.392651
1309.338656
1258.18055
1241.281758
1034.610402
1272.748657
1222.350519
1240.569472
433.2578725
335.2757539
252.8683945
430.2088638
493.1705213
746.2439651
1014.884132
666.8089114
490.3029154
448.5652757
961.4632189
728.4821211
946.7070226
757.5709386
859.2865079
888.9688035
858.0239796
964.1897635
1102.310198
1027.781513
1064.908449
1071.05935
1218.273489
1012.490107
1221.249812
1236.492626
254.012306
276.5037715
355.2896511
343.8950269
563.7145843
533.4682863
676.0282269
383.7589146
658.9975943
931.6128862
880.8496484
689.7587438
840.1509465
775.6118821
937.7317139
740.6252409
853.2623302
991.1732608
1265.684483
1057.592124
1042.626336
1026.313828
1323.492748
1013.198324
1047.768382
247.0224614
332.2548462
231.0431157
471.5818458
306.5493273
343.9723209
565.113192
650.9761632
628.3415842
469.604141
594.9439325
692.5039843
673.0801431
679.8327546
892.4381484
685.852487
924.4839201
824.5436476
918.9656206
922.1899653
1046.703108
1099.123093
324.7122544
404.7823821
371.9218751
411.2157682
502.9825169
452.5587602
421.8026915
431.0411902
543.702407
643.5896783
483.0758652
681.069546
647.2146858
824.8719279
852.1164258
634.5345177
390.4682083
274.9418034
264.1548307
345.3908507
549.3793752
631.984108
472.6784384
1099.531917
1866.871739
2107.758148
2038.066709
2822.687275
2838.699348
5565.005315
6408.7714
10166.96123
11506.07856
10186.04959
8350.373204
7857.008695
3303.628201
0
0
6644.239634
4289.550534
4010.524934
2992.963732
5430.470671
5007.997141
3607.35041
4639.575808
4562.189868
4508.047527
4013.988404
5596.110833
617.2829438
625.3662682
592.0263304
814.8652273
2033.824287
3267.24433
4328.255006
5522.136738
7804.948209
10566.32111
10678.30675
9090.7948
8299.137576
7692.985643
3271.082543
0
0
2594.15972
2919.303874
3680.299904
4538.445605
8055.919554
6654.811734
3951.82325
4799.904413
5945.730245
5018.165177
4397.148264
4268.144184
908.4738336
1331.337745
1262.706828
910.9819096
1313.325275
2236.812331
4658.746726
5837.296217
7534.854744
8552.652805
9158.745299
9066.000285
8320.601491
8320.773419
3324.03228
0
2063.698579
3907.835485
4694.594782
4196.320705
5349.384373
3184.141222
3446.37423
3840.997258
3886.672995
4898.440328
5395.992988
4108.212846
4694.133112
819.4130776
373.8080083
1333.250138
629.7970035
1178.88512
2607.046619
2928.838244
4853.510412
6516.932922
7760.748469
9829.700716
9725.161117
9618.341947
8446.256432
4135.816516
0
0
2349.343475
4029.743177
4466.652572
4536.98423
3809.931414
2910.696398
3398.020348
4989.231703
4649.052643
4919.140474
4858.905798
4459.739468
3874.236801
859.2607646
252.712266
1380.2061
324.7645751
1905.346137
2486.879677
3037.443316
5383.030924
7108.74456
7899.989907
9716.989557
11439.82268
8998.067838
8655.068925
4697.863625
0
0
4345.807704
6050.634563
4606.694462
4311.615413
3120.446868
4193.284045
5058.831522
4639.315353
5386.017365
5627.823049
6005.413562
4791.05057
4118.623267
637.380208
563.0591452
1265.118472
553.6442999
1985.848316
2465.917783
3264.597919
5268.738521
6851.103379
8442.762546
9629.730743
9014.70038
9357.134979
5962.716156
0
251.2326688
4736.603041
4256.302632
5215.158033
4274.41144
4106.379891
4121.235541
4357.142218
5487.213005
6077.146969
4858.91443
4443.268507
4947.236781
4692.151651
4339.33473
213.538429
653.2899572
1026.868498
1279.637336
1643.032911
1972.355254
2729.4389
3244.0953
6771.660751
9305.744146
9464.208154
8333.44266
7774.907599
6762.130702
2864.218336
67.23493248
0
6889.086131
4937.045247
3925.320373
4578.996213
4909.069113
4487.182647
4418.661171
5314.571428
4847.857026
5165.775705
3252.337078
4258.457754
4313.272419
4550.260326
3515.306144
533.5473223
1502.720203
856.1440106
2225.162245
2162.059376
2753.355932
2743.638877
4079.60984
6534.172019
8164.452679
9521.761107
9020.766747
7879.436241
7540.800269
4428.90091
718.9087919
101.1802359
4245.961897
3881.36231
2934.799261
4273.222673
4401.196278
3785.970939
4594.705549
4002.672528
4179.767134
4271.125003
3455.306646
3722.342372
4281.209556
5149.124101
4764.218231
3989.557768
1172.644133
641.1408702
739.4538695
535.9328873
443.1949522
3726.576318
4468.24269
4979.710904
4991.451486
6894.249483
8166.428995
8384.433495
9001.09422
8585.653392
5664.188052
7379.614065
4190.930574
4532.815402
3380.409168
2616.496407
3089.123646
3589.610172
3617.661854
4109.104261
5180.192085
5057.842549
4281.291219
3875.463923
3667.124383
4001.565933
4341.397135
4517.432479
4677.714664
4809.087337
2092.169814
484.4050124
829.252558
733.099309
1164.756598
2304.236641
2783.598957
4880.430896
4890.207867
7325.45558
8744.098717
8938.986152
9091.833664
8098.750652
7251.445859
3635.473745
1689.725895
6753.835925
5962.447225
3285.689977
3420.24509
3858.013179
3308.239498
4334.390717
5090.202321
4793.375885
5276.815959
4074.95879
3895.765399
4367.483225
3689.221713
4101.2074
3988.486323
4257.385794
4533.900663
4810.875463
3571.918981
374.1146117
227.0353679
817.1257344
1079.187684
1203.26857
2613.948837
2653.16903
4020.160191
5412.950906
6989.114735
8660.117787
9767.941782
8416.145652
7707.901748
5041.651482
4026.731999
4992.840982
6222.083018
5046.504089
4361.467352
4723.926421
5567.159967
5230.231661
4086.566936
4167.879401
3626.354958
4662.127131
5041.909124
4165.399177
4290.456007
4694.272152
3835.717197
4058.709422
3417.864677
3868.784392
4429.480479
4308.848299
4288.134479
464.7321324
877.1752282
1522.735066
559.8834983
1432.092017
1714.844152
2001.587537
2369.062901
4815.103367
6736.848831
6290.527943
8211.403695
8791.316862
8203.802879
6652.72418
6170.535028
4757.075606
4492.260263
6388.625872
5545.121192
5761.719682
4098.064105
3960.798797
3816.65128
2985.832637
3606.589247
3582.937519
3260.498623
3564.600977
3591.164941
4075.238424
4066.132734
4434.663028
3217.985362
3033.25088
3075.078038
3036.709182
2935.445628
3195.873192
3169.052273
2856.146669
2518.234037
816.4453083
1080.240224
821.4740107
1315.018347
1483.848034
1328.492919
1918.005406
3047.174338
4419.701977
4915.671226
5481.293941
6381.697516
8046.466761
7373.058519
7540.468929
7847.25882
6573.501143
7395.516373
5418.092797
3817.972604
4056.901538
3680.528896
3729.684105
3863.000935
4219.488022
3915.778349
3590.004746
3326.324161
3382.420421
3344.54001
3385.013668
3179.77535
2821.01148
2750.140652
3253.676378
3062.497422
3025.552068
3162.493654
3062.463493
2864.790082
3038.45613
3182.574023
980.4669622
859.0086434
442.3263755
830.1660889
1026.334567
1468.499748
2125.427545
3623.915863
3484.207883
5601.711065
5239.663738
5822.161966
6646.877491
7267.842867
7016.948055
6025.458064
5171.221054
4849.726861
4659.892971
4114.399047
3811.639727
3195.186673
3278.238485
3427.071972
4069.589981
3770.277767
3562.967997
3003.207073
3467.052314
3205.259377
2929.92868
2917.443498
3152.691072
2978.084551
2448.715784
2378.133101
2627.998154
3392.719386
3145.039508
2746.45672
2614.28077
662.6390534
331.1575776
212.9985812
1227.665865
1261.104355
1067.359421
1811.367645
2606.83625
2087.246033
4115.673305
4924.831867
5932.723761
5577.479528
6866.686748
6716.903744
5505.589172
5216.668502
4699.220359
4585.055582
4774.137638
4259.548108
3710.786872
3383.150878
3475.523816
3396.105083
3101.127128
2930.371182
3624.296909
3162.810339
3335.034178
3231.627159
2970.21208
3159.031839
2927.996609
2787.046336
2599.85967
2655.012657
2850.560768
2826.857745
2478.083818
2459.964908
213.5161343
217.4381434
468.3496137
1548.877842
1032.582433
929.9975967
1226.287559
1816.660188
1742.709532
2657.255982
3289.685399
4533.6908
5205.296221
5875.125379
5945.127715
5600.853801
4925.586699
4617.035361
4515.555316
3993.284898
4146.542879
3927.71755
3476.154532
3559.429876
2960.449646
2771.649533
2712.274564
2635.715958
2973.944072
2832.93471
2668.83294
2667.14172
2702.006665
2663.518836
2679.471636
2289.028506
2210.579056
2244.028773
2461.003364
2251.730681
2103.472891
225.9662349
867.4902148
1109.968168
239.8251786
829.3140664
638.9604158
750.5948355
1963.494403
1481.236338
2295.612075
3152.627278
4726.678808
4694.262874
5106.333435
4809.853979
4567.041163
4207.381698
3960.036273
3950.052992
3641.466763
3892.936129
3627.869716
3494.105489
3602.283175
3040.237962
3204.783694
3084.732669
3189.46439
2806.316161
2577.953618
2556.212144
2813.953843
2846.317723
2785.376479
2449.697634
2486.051859
2403.468085
2376.573446
2222.048999
2376.372437
227.6170115
489.2813352
534.75719
257.3211963
508.4869017
638.7441614
481.9070637
1391.211836
2103.838416
1953.547249
2150.736878
2788.990038
3629.98673
4483.268126
4302.782248
4179.576473
4299.510879
4156.140594
3584.557938
3793.528988
3253.607958
3220.149491
3300.923635
3400.579197
3167.79303
3195.728101
2969.908208
2722.454411
2583.731161
2756.862489
2317.731612
2366.54179
2149.444032
2379.787014
2287.739999
2213.697232
2112.870831
1953.804124
2211.43907
2075.848988
359.8247659
478.2839611
339.3066158
460.7952096
1066.369953
860.0758737
1680.080708
2578.053727
1672.767795
2653.604668
2192.771048
2970.643586
3213.009962
3697.776899
3629.097062
3867.391478
3867.702805
3513.977362
3691.771461
3876.327439
3457.041285
3010.328968
3255.160969
3209.393459
2925.827582
2809.367933
2812.419746
2520.571178
2346.786143
2303.266768
2274.930164
2279.589187
2404.46554
2574.893584
2486.023643
2185.99809
1943.65845
2417.267355
2454.402742
213.7063707
243.1748157
707.3454975
366.2237755
441.5998801
598.0276144
1002.524
2114.499454
1368.283571
1970.871245
1879.769996
2467.6195
3332.519611
3122.866964
2972.751662
3259.795613
3848.951299
3020.191269
2816.014176
3468.945698
3451.105914
2933.368056
2777.603847
2667.54662
2768.140336
2697.309841
2663.607465
2564.331854
2440.62375
2300.105654
2254.954297
2163.511634
2137.36824
2196.183407
1839.663579
1768.943557
2017.860764
1997.197136
1917.5696
341.0488326
766.5886976
722.562054
393.6703577
397.1783229
1138.771249
1877.48733
1455.761237
1109.755049
1083.949998
1133.249386
2571.842134
2657.464259
2704.680782
2512.931766
2714.257899
3089.894739
2953.864739
2722.269338
2901.533096
3427.784695
2834.357599
2800.331113
2331.535031
2195.370106
2320.286161
2398.745577
2147.878614
2294.68401
2252.508891
2091.546319
2081.49443
2090.71825
2054.954337
2012.61168
1932.53791
2021.225235
1849.7542
287.9330762
437.5061983
476.9077577
611.8542363
766.9576232
1088.196745
947.4774857
1110.415536
1956.863121
873.8420917
1221.132148
2407.072929
1794.56379
2090.214279
2708.270609
2487.426281
2306.979376
2543.026254
2523.184152
2413.308549
2816.86493
2912.964565
2713.743737
2619.022094
2463.232945
2154.661841
2008.894819
1820.937926
2167.117576
2109.484404
2170.597451
2255.163354
1972.828062
1954.027965
2000.455497
1922.872922
1864.890022
214.9883317
345.8514922
207.5736362
205.1791372
450.606768
1172.696134
684.0380982
1241.254646
818.2959768
882.3000816
1410.919201
1507.29818
1528.112631
1614.696009
2199.493286
2326.947192
1927.681228
2294.911934
2016.817623
2319.172118
2601.450461
2453.819106
2609.736496
2698.276158
2249.477725
2222.815206
2252.846566
2172.780943
2153.679812
2527.630711
2199.752424
2074.982967
1858.699285
1840.459719
1894.206592
1971.399714
2035.426383
214.9075477
211.7041641
213.1025166
248.6781589
961.113052
584.1089606
1123.969275
921.2969867
634.7772834
1142.520378
1927.487897
1861.080426
1127.83034
1385.231693
2262.544069
1856.550965
2000.244919
1757.726654
1995.933769
2262.064672
2001.565233
1747.327087
2062.913452
2118.11097
2124.52284
2043.390297
2093.571015
2145.383327
2095.381247
2013.301436
2106.844538
2017.200009
1845.999798
1826.141771
1838.990142
1551.914733
222.1978989
224.6164956
222.1403377
399.3279608
650.9277578
1513.886928
742.0005781
625.0532595
613.895051
1605.372519
1507.471648
1066.490023
802.2617378
1243.276936
1414.13536
1466.621772
2028.068539
1648.429105
1730.824671
1705.628474
1564.729797
1644.212669
1864.734322
1880.910301
1648.941191
1656.52969
1815.667999
1799.528603
1652.497311
1821.996641
1810.889261
1967.113842
1710.724211
1713.384654
1639.180809
223.1188499
223.5644103
212.1471309
426.8830891
1035.005544
1014.230593
808.3066948
678.8020275
1395.092186
1219.377011
1328.055196
1166.896398
1022.050435
1020.763126
1239.660644
1052.09516
1509.611616
1560.707185
1949.958891
1607.091148
1183.679663
1539.395118
1649.902037
1728.429225
1656.965819
1649.335539
1680.635048
1874.040932
2049.363432
1984.629617
1986.652999
1825.600408
1624.1726
1723.96209
211.1425855
217.6181541
831.7035475
980.5014391
472.7612878
531.7523892
643.8489522
859.5672651
1495.765354
1576.988703
615.5782278
763.4098331
749.5019578
599.2439409
1018.24365
1310.768345
1307.099365
1194.456929
1799.544293
1577.535614
1278.804686
1480.285918
1473.089137
1323.285906
1442.566481
1432.859143
1372.421801
1450.886761
1679.844482
1702.300329
1859.016394
1894.368766
1734.310394
197.4137359
420.6962872
501.7491862
484.4860821
439.9888483
421.5461509
603.0910782
710.9441914
1533.464507
962.55519
515.3234495
750.9096585
923.8697111
835.9082969
802.3548354
1121.631841
1270.040212
1307.778222
1699.059246
1467.408527
1988.231536
1676.47971
1561.780177
1228.280766
1253.417479
1219.715644
1401.239189
1534.729524
1686.499091
1559.136995
1487.986853
1568.298396
711.2346548
363.0301078
332.278698
537.9862788
746.2361547
462.1126453
492.5452205
824.738848
862.9302699
760.5747903
559.2620447
700.8362757
650.1339148
742.7690695
1156.755583
1133.189988
819.3151935
1201.711038
1563.215152
1345.136788
1637.3166
1490.346882
1499.85795
1405.287872
1136.940955
1341.362416
1427.389853
1476.739986
1362.976394
1632.819672
1450.602235
403.6202778
254.9049245
250.0839065
297.8522848
630.0187153
329.7287909
498.2076142
632.8295106
826.6140663
894.9514862
525.8137478
650.7287182
491.2451759
654.1938166
950.1109444
915.3605644
784.6309024
1039.596296
1291.19182
1199.740735
1543.546691
1145.206653
1387.155332
1315.333941
1074.147686
1409.87372
1354.449332
1229.039917
1305.680936
1671.667274
214.3122629
321.5267024
534.8010538
416.4291597
386.1612085
505.0669062
563.7450036
954.2937368
1071.104743
695.0893279
774.0954675
660.0874576
729.4431952
1143.048743
1092.851359
993.7322264
685.6501703
1133.282702
1423.22451
1160.27511
861.7930881
1124.440077
1366.310517
1189.521695
1301.136318
1386.680383
1285.149595
1054.881467
342.724833
490.316063
547.382635
378.9701555
431.9602639
378.4023128
542.6188675
483.2508535
471.6562621
548.3099896
486.3540075
461.6754087
707.5592665
889.026498
900.5380826
1072.36808
772.803332
879.6133205
1364.247215
963.3051807
854.0016433
1030.776003
1161.417966
1097.440778
1139.98976
1089.212286
1173.222552
906.22751
328.825637
262.8887522
249.3654602
464.9355288
445.9498112
540.6137942
588.0954695
569.6979014
510.7891596
466.5292198
899.8695397
889.6987119
576.1939487
785.8576581
733.5701003
940.6138924
1007.801409
859.6904527
846.4891024
1000.1303
1126.920228
962.5350124
1064.609104
985.4943671
263.0657121
233.1757132
321.6700391
338.894874
480.7116392
349.3293314
548.0701257
534.4842627
393.4321123
498.9778222
934.5794668
773.4701018
828.7458905
671.2675609
562.7896137
705.4254693
804.7671328
796.2124006
609.3493355
800.9837606
1095.178636
861.5890004
1111.835949
207.5941323
250.206725
469.4104014
352.7024811
554.6420478
571.3003898
415.5790834
549.992988
799.3898194
747.264112
730.5541207
543.036666
669.0370349
728.3118642
1005.642
760.2027245
699.7288492
301.5008801
615.1762457
376.8243304
330.6266385
478.8232286
520.9826208
667.3887107
462.7416766
475.8724208
571.2718781
697.030792
1514.522151
2033.65551
1776.480666
3318.378199
4292.932416
6076.196419
7274.093666
9234.648826
10609.88636
8676.333768
7196.737351
4268.909195
0
0
0
403.8887512
4460.117316
4824.177631
6735.264889
5915.226108
4304.2949
4069.215991
4946.170509
5046.255961
4518.650748
4433.117692
210.1136406
354.9318222
913.5266249
2681.568286
1550.307535
2515.467375
4153.421808
6080.498489
6785.075055
8539.244306
9195.52478
8426.584847
8982.608193
4706.503366
0
0
5335.799433
2897.223811
4164.606493
5112.944095
5495.387063
4437.165039
4868.774035
4252.826192
4211.987481
4562.690374
4506.245061
3756.165788
226.3151611
228.042019
402.1615369
1066.550883
983.0939236
2345.486292
3673.581178
6185.58253
7450.765279
9963.701256
9899.0891
9698.562127
9539.353102
5318.738149
0
968.3553314
2191.941179
6371.287321
4014.239699
4389.445099
4156.45948
5292.534792
3671.892845
4866.330276
3860.209897
5040.109626
4843.104804
4088.928393
209.9520821
205.7980066
902.122028
614.9708301
812.3254073
2302.80597
5700.636256
6190.297254
8691.60635
10053.61768
9982.075621
8545.626134
7429.835165
5987.795366
0
2149.354857
3820.386538
3306.258429
1976.37218
4843.46414
4385.532155
4046.404064
4231.296303
3756.748699
3234.371707
3974.360783
3807.288254
4166.087664
208.4252207
310.6991704
205.7254718
237.4816722
1299.544264
2652.806373
3013.071561
4048.718326
6440.47735
8037.353152
9877.326391
9665.189489
7977.344762
6854.602143
3179.724896
0
0
3781.8925
4233.470482
3823.874396
4151.694707
4117.108773
3897.079152
4022.332245
4092.728429
4860.856313
4060.996534
4203.997171
4458.136532
4566.319337
852.7955858
625.6411741
781.0830831
1228.121168
2392.050604
4400.719449
4336.543567
6281.181515
8354.164877
9495.727361
9452.675047
7789.801727
6974.325518
3000.503141
112.6376544
0
4558.462847
4043.975823
4283.654107
3669.859819
3718.725816
3648.244171
5091.073311
5628.902929
6009.791113
5369.98839
5575.755785
3828.257358
4548.774399
3658.486938
791.9501954
991.6844628
1758.83735
1322.261428
3033.387089
3237.07412
3669.184789
4808.172001
6853.110859
9104.892077
10719.89841
8636.390321
8133.362447
4371.81106
2196.007578
3570.420563
4855.338187
3231.12155
3542.033181
4335.219087
4609.368455
5386.701309
6824.038621
5610.479178
4860.193078
5668.282227
4472.402318
3962.18468
4002.070699
4071.066528
5356.203997
284.8128951
1177.003697
1133.322902
1539.808039
1674.640298
2233.583738
3878.01475
5193.31558
6288.899913
9200.498331
11175.30022
9799.279819
7380.583354
4820.962833
4654.671211
12685.30439
3778.972431
4716.349759
4510.749916
4270.805177
4750.325639
5389.18348
4211.582779
3994.075123
4812.319017
3982.393374
4200.833005
4317.157966
4408.448431
3981.341223
4623.203409
4841.344397
1212.40896
1702.819396
1042.429351
261.9617325
637.8434491
1476.019411
2531.352791
4697.252295
6195.590855
8764.009566
9775.251691
8631.842651
8620.5105
6399.805156
3002.549676
83.36666046
1759.189612
1312.796233
3583.16791
3979.957698
4832.413805
4820.508856
3768.395308
4543.779712
4325.472122
3675.105274
3514.000118
4092.504955
4693.89768
4865.583601
4981.554775
3997.804967
3674.161832
4174.819959
4156.792538
405.9722438
517.0282945
339.3297924
399.5359221
839.6875352
1113.214014
3328.578346
5523.035737
6271.361922
7483.024408
8476.298152
8883.593402
8366.47056
8201.21114
4427.316055
4546.923514
3577.002055
3127.92384
3658.195582
4079.560166
4488.80921
4450.420625
5030.716512
4656.276171
4668.290635
4252.272877
4959.118952
4825.433833
4336.268648
4377.086291
4702.1789
4537.860329
4520.447625
4049.423514
3642.303594
3285.865238
3533.151621
250.6370288
326.6480184
357.9412875
1242.270274
1333.961202
2229.545708
3209.976528
3104.38662
4922.994958
6921.483991
8793.593551
8379.848154
7823.440655
6445.531287
3812.856103
4669.084786
5722.481357
4936.2206
4654.368168
4689.584003
4355.092794
4384.805404
4420.919921
4418.652224
3860.83261
3807.001768
4170.480016
4796.36031
4109.521151
3592.142883
3849.776185
3693.675054
3146.003405
3943.88938
4135.926589
3137.226833
3521.75992
3691.491837
4282.533104
334.3418566
1119.254225
934.5458347
1448.543596
1582.819318
1435.470362
2143.551912
3611.469031
5552.908866
6502.442897
8021.867304
6932.924275
7058.920291
7282.660096
6419.716424
5364.326755
4796.14339
5871.307422
5989.056016
4728.487351
4059.882344
4502.858059
4196.038362
4179.35674
4367.498253
4333.965689
4494.686001
3810.618407
3552.969627
3931.755759
3370.898665
3343.069163
3603.779722
3879.562523
3948.219617
3728.086126
2969.166601
3044.478371
3039.735411
3251.009176
3026.899374
2625.027438
380.5332167
303.313991
1744.32334
1149.78726
742.2128795
1641.456319
1991.462135
3529.257581
4854.564295
5555.978471
5985.990486
6813.196789
7750.44969
7076.294755
6410.393548
5517.275636
6609.981776
5145.659442
4598.204941
4239.844754
4587.175373
4022.845161
3417.907064
3602.274893
3309.479915
3478.667715
3436.822505
3872.722463
3670.75951
4151.431267
3617.438635
3001.131781
3420.479237
2805.944518
3545.236671
3275.170691
2987.183401
2358.889808
2460.612282
2855.884918
2541.336788
2381.717753
1047.148521
480.0499143
647.1909101
385.4023023
372.8191543
1720.439599
3098.406541
3261.905049
4855.014062
4876.322376
6756.915575
6154.696579
6645.214425
6921.483975
6217.012078
6020.137467
5549.749497
5246.230071
4732.188045
3904.906361
3929.886184
3517.836241
3327.732412
3394.060992
2778.913959
3726.969074
3549.531096
3296.21613
3002.999506
2960.384744
2948.02841
2432.575686
2465.190261
2906.997607
2537.431977
2679.559088
2583.888924
2414.946587
2564.564588
2703.835792
2646.973256
213.0641992
354.1326133
591.2498278
600.2281375
997.0862599
1704.077621
2756.891993
2637.242446
3621.263104
4585.875553
5350.734291
4694.663762
5598.270254
6102.672025
5868.736581
5476.312568
4893.139689
4832.681104
4447.154595
4576.540325
3839.541251
3367.58518
3454.406917
3278.461136
3063.038914
2919.523653
3284.068622
3573.254198
3163.708816
3562.622827
3352.141115
2902.182522
3064.477451
3244.401862
2984.263384
2612.035348
2604.633241
3106.13482
2822.155998
2963.028542
2392.086683
542.7155481
222.873111
726.8726871
576.8003106
818.4351732
1281.853056
1822.184564
1662.222616
3951.302587
4619.279685
5579.292793
3290.363977
4510.069147
5175.24234
5627.430641
5309.950121
5155.958156
4689.762771
4250.324652
3923.844283
3871.391799
3695.392781
3618.675154
3214.274393
2979.624367
2959.493073
3102.493624
2908.909263
2721.957314
2548.093074
2775.921006
2753.284333
2666.397382
2518.02922
2155.640871
2346.572778
2359.435919
2272.330191
2330.188163
2442.730536
2171.869774
206.3427674
444.1026331
411.8442707
408.1046041
901.1873716
1215.055225
2222.58347
3534.545428
2958.213104
3399.166777
2656.129232
4294.230969
3782.479728
4488.983874
4363.563885
4666.1505
4574.767945
3922.882212
3962.863197
3665.391898
3569.247943
3367.221142
3265.523499
2898.372633
2838.332991
2687.438447
2822.811334
2514.357008
2611.087181
2481.184918
2315.9197
2434.095919
2664.055662
2426.911874
2206.940644
2144.9351
2219.900846
2404.075399
2391.43889
2363.913024
219.9327666
214.4418186
213.0945581
332.0149402
501.4624286
977.1552491
2169.681996
2785.823703
2267.892011
2649.872051
1809.774588
3607.538017
3412.922489
3194.591992
3992.810428
4098.007727
4206.718081
4143.837632
3488.76133
3613.315589
3336.305044
3115.86196
3134.543925
2900.841553
3014.199248
2779.667547
2672.362708
2738.077587
2579.043608
2550.278551
2548.776174
2431.20683
2365.567688
2454.900383
2528.831803
2745.92559
2381.125314
2161.502627
2000.65536
1908.038338
219.6243393
222.877339
591.957579
568.1353117
1531.092516
1522.217103
2354.069441
1767.941483
2173.687263
1916.429966
3284.529883
3213.67162
3560.643895
3231.444713
3109.716709
3907.621878
3529.225282
3282.822757
2944.601903
3130.236067
2788.647097
2650.85233
2911.796596
2831.654359
2908.201843
2738.488457
2863.934094
2826.317391
2664.991349
2578.84757
2273.271686
2425.296452
2194.132596
2182.514875
2322.674545
2166.265027
1788.123634
1906.236125
2251.636587
231.6635501
228.0248049
762.8397084
1084.928721
547.1780919
1410.245383
1595.601296
1371.165762
1416.532076
1644.985435
2551.255894
2743.988723
2601.822869
3125.138598
2501.316748
3266.835681
3043.018881
3054.074474
2985.971917
2721.461331
2664.503207
2744.520393
2563.96587
2976.029497
2485.361839
2498.451185
2308.137745
2268.279704
2178.019874
2308.340539
2294.794692
2460.512749
2344.904305
1953.910284
2188.37605
2099.880865
1936.920289
1683.015251
1589.873602
1346.985702
357.4827404
576.0018821
378.4408272
645.3839374
839.2745007
880.3899255
1597.65445
1135.816717
1353.754965
2092.580965
2377.83757
2787.061132
1904.976439
2507.95978
2535.70011
2974.592984
3107.800129
2913.989916
2589.965801
2911.076508
3166.104935
2849.529469
2683.820552
2610.567259
2413.393212
2356.449873
2251.76361
2169.967031
2293.504031
2056.896888
2105.751662
2046.083187
2061.044794
2072.360393
1851.527366
1979.739311
2027.120413
351.9599581
394.9112955
602.7672036
583.4623585
475.051774
1350.072283
1243.862084
725.3200921
1344.086722
1800.893114
1489.837275
1934.414753
1933.558677
3164.937398
2165.950054
2063.821376
2862.003855
2842.859776
2715.391355
2223.087347
2403.253209
2601.564885
2381.948823
2154.412054
2325.724619
2353.404545
2230.334985
2132.31078
1899.534869
1974.678894
1925.078713
1850.331682
2021.429321
2069.857567
2170.022413
2018.982268
2064.162588
227.940094
452.9917448
414.1224988
831.5681052
433.6986464
521.4362672
1114.668753
1815.256679
1223.222682
1432.389622
1292.869905
1496.363859
1771.170598
2309.965639
1971.745617
1619.82053
1965.924832
2482.565675
2444.167335
2373.659093
1922.656917
2128.095027
2416.731942
2253.568505
2445.680638
2176.80409
1951.351166
2117.037911
1968.454676
1842.088178
1966.839145
1977.382837
2010.883744
1819.425213
1681.993558
2038.127639
1887.245142
605.3467075
252.9057075
389.5334695
260.8217018
610.4796832
604.8013114
617.4432533
875.5341376
658.6410834
1217.304073
1440.881537
1504.918964
1903.976661
1324.948361
1499.2998
1376.41169
1881.673882
1883.011162
1878.175492
2137.914512
1866.349625
1925.428305
2241.005986
2142.996313
2283.378088
1876.085762
1829.6735
1912.396611
1734.180731
1789.907561
1815.075596
1949.345481
1766.259174
1805.340894
1776.284861
2202.640739
209.8905445
206.9796546
214.5641279
220.3909734
517.8215366
476.3664794
537.6373658
577.7599109
792.7557852
745.5882803
1500.283489
1111.120079
1745.224448
1561.85149
1718.345528
1483.806551
1824.669951
1878.863319
1457.896364
1828.778726
1797.647701
1954.240078
1802.134187
1985.62768
2055.111606
1979.642838
1880.143772
1872.068386
1915.252251
1861.010439
2079.016572
1934.273271
1554.176059
1496.998552
1589.610298
209.2119204
214.4572816
206.6241073
323.3541204
504.477851
291.5718558
404.593032
755.0669332
1259.382022
997.2674423
1145.043219
1166.777855
1171.289858
1090.871007
1258.95949
2042.994125
1913.805667
1489.978633
1482.077128
1758.530197
1709.599996
1636.042671
1502.19866
1719.440478
1772.435199
1474.500456
1753.043387
1647.386167
1659.808782
1686.596038
1758.921119
1885.247397
1870.1671
1710.327969
211.7581041
214.6740481
209.0529832
640.0924077
361.0386788
303.4904915
571.4482688
1067.665699
814.5823242
616.5538154
1010.723356
801.2438414
758.9042553
938.7948251
1283.508145
1338.848734
1559.351793
1394.429529
1398.403096
1846.825307
1564.471171
1844.056741
1680.2089
1649.905439
1176.933088
1453.589618
1663.037815
1734.955776
1712.892637
1647.878418
1482.193718
1513.932369
1799.472437
211.6421429
290.8756864
844.3523889
493.8644586
434.6598921
944.7788266
849.2886107
996.8867231
1101.650367
904.8762041
637.148985
765.4334071
835.0396593
813.0737282
1066.00659
1024.166275
1283.867095
981.3619454
1314.632393
1554.447506
1059.074912
1379.203423
1602.769556
1544.189371
1068.416448
1113.130596
1153.295304
1325.786807
1366.645698
1281.247761
1404.000697
1416.246952
217.1132155
503.9656171
1006.330031
548.2795388
533.2604559
627.8316931
1116.418714
924.8877439
821.3582656
676.5044472
445.7607336
861.805989
779.4396934
875.4299746
1006.799751
944.4769548
1154.979022
942.2151306
1041.955597
1171.261737
1286.839854
1344.463288
1449.65035
1294.976891
1215.938194
1270.908891
1296.051399
1083.768976
1137.847553
1210.621423
1137.71881
481.198929
533.0893578
458.571795
463.8807947
265.043845
453.5850806
930.2148799
793.012142
584.1350174
610.8688862
471.9595649
1081.176627
665.6944705
1109.722924
1348.006404
1220.498955
1490.395909
1110.151574
1130.353974
1025.305206
1211.514057
1161.051988
1316.219443
1068.99889
1305.091626
1182.270371
1000.23714
1127.62852
1217.140398
1337.576967
534.841847
504.0956285
413.3346821
325.9123135
723.0437778
698.3799579
602.3659853
780.1622186
453.5960235
909.9732799
1219.813877
799.1656191
912.4128826
1049.826358
1168.287545
1331.333075
1437.879488
1134.085184
1090.308601
1208.283719
1288.519067
1462.760403
1295.029874
1088.80216
1199.271982
1206.501801
1464.404771
1281.375121
273.4613803
200.2828755
276.6170691
612.1398446
667.0786259
388.4391253
484.3822321
570.490817
447.9695415
482.6953005
554.4135557
804.9048928
728.6789577
977.6381952
955.9541237
997.3551318
1199.195503
1007.896463
987.0029847
905.7024551
828.659925
899.2565781
988.0344022
959.116399
1015.851272
1161.951285
1369.230978
228.793168
444.0553875
379.5370131
445.3325733
353.159538
760.7331634
774.9311193
496.6394989
672.4605464
581.6032797
674.9685662
965.6198748
677.0056845
971.3520204
1111.665965
1085.737727
857.2445821
898.3771169
743.9440225
849.4351623
901.1097582
939.9874933
994.7052371
993.323083
1134.18176
221.5915991
430.6517887
277.2563181
462.9849186
285.6390507
653.1636019
480.8284019
461.7464775
629.7310644
720.119058
981.8336027
808.5916364
847.0958663
819.390562
627.8809805
834.2951934
766.7820643
592.5035059
747.9241634
796.7740934
855.9752286
972.5373734
800.1922741
600.5642059
288.5033637
247.8641597
263.4795879
507.3704686
507.1997423
524.6484222
888.707526
534.4562363
587.7390819
1175.379968
811.2078892
599.8274072
758.3645424
698.8074169
584.6440125
536.5141993
601.2737115
247.3370786
599.6059373
376.2104476
607.6722551
854.6403775
489.9526543
832.9051914
912.5490375
861.7296732
255.4256584
548.7771007
813.6227846
982.5301147
930.9135174
1383.410652
2628.201032
4175.28242
7451.636378
9937.769968
10143.53791
8479.020063
7935.721601
3215.417674
0
2434.363096
8209.603003
4787.313917
5947.593237
3852.138452
4696.291205
6927.695908
4894.011528
4972.788852
3774.255797
3904.819573
4870.012935
210.3625571
208.018038
662.5050442
1563.094179
2180.504431
2200.179143
2796.389059
5558.948953
8630.745712
9622.386711
9962.742708
8901.963851
8148.125108
3060.485666
0
4177.570664
3929.391548
5282.365749
4876.454295
5761.481413
5333.092688
6616.946146
6581.421365
5421.544142
4311.003226
3844.604427
3763.178416
641.6448919
743.074243
896.0157274
685.7082901
1296.729357
2105.133147
2834.418193
4598.751765
8468.223276
9783.508796
10005.92189
9154.026411
7388.639345
2902.072554
0
0
3241.226425
2201.672258
2741.643153
4265.298695
5880.786185
5005.689391
4321.430169
3579.372076
5048.989695
5004.889543
4230.708103
4503.146199
215.6315056
213.8494276
729.2118354
468.1741837
735.4873742
1618.914919
2788.494505
4542.812258
6692.453678
9446.363366
10506.13785
8761.180427
7471.553372
3792.535334
0
1889.704781
3076.618376
2437.022074
4327.321636
2939.011799
4054.068628
4575.434498
4653.589709
3682.63499
3394.564782
4969.099944
5481.046761
4184.036888
212.8441643
215.2143513
215.5104598
209.5396155
486.2658755
2311.655587
3300.807703
3947.304245
5794.69564
8767.52676
10178.84779
9364.255543
8438.204816
4145.113952
0
0
5450.489652
4936.589135
4181.994829
3486.82087
4352.488373
4204.826064
3646.911217
4499.488976
4198.786736
4369.565133
4549.683253
5090.474508
5986.723448
235.4658605
655.5393745
866.7932453
736.8283474
766.6238445
2454.950051
3388.706046
4464.235244
6667.378493
7917.180061
10068.43047
9451.018175
7939.318526
4810.656996
0
4590.621979
5134.714744
4066.89362
4061.557569
3301.140792
3392.595728
3457.50929
4076.397272
4414.549914
4006.862101
4142.596843
4393.469124
5162.647714
6171.889208
5172.99534
220.8222948
264.2635914
763.9918188
1669.388407
1828.231061
3207.247004
3815.506183
5537.325172
7561.518695
10019.26063
10382.99573
9986.399489
7507.496262
2633.429456
0
3199.524513
4272.957135
4219.926008
4956.027239
3778.749813
3901.567216
4153.10879
7124.386962
4283.239143
4495.558634
5066.749782
4040.776483
3939.765077
4495.974863
4621.523681
4903.703928
209.5646115
213.7977034
920.2813126
1247.725382
1741.481575
2145.978485
3402.973609
4574.630035
7459.763182
9239.196116
9801.155534
7909.895015
7018.249792
3124.065208
2833.119316
3008.57079
4646.035972
4603.85132
4762.462593
4621.143976
4128.108918
4299.056768
5075.056952
4663.817369
4254.918415
3770.663222
3515.604565
4236.547628
4346.145546
4196.945343
4299.17111
4427.281429
214.6885504
668.1451444
525.6807986
328.9034802
1914.897712
2382.031503
2722.666684
4818.400213
5665.510395
7392.513401
8596.005146
8587.566902
8502.407909
4754.036437
4399.96559
6018.634184
7263.787214
4216.981835
4401.668075
4042.699583
4649.027091
4546.926507
4137.262031
3486.656066
3966.011703
3632.695624
3500.69464
3776.222107
3550.348687
3300.797286
3857.275885
3229.254405
3340.980156
3681.721804
212.8456914
513.1180757
389.848675
1002.956664
1013.149606
1608.021516
1793.341709
3880.829333
4841.606306
7119.558113
8232.057333
9117.985526
8695.376889
6891.96308
3080.559044
4837.994719
3419.383138
4695.70944
4387.49609
4919.154694
5244.891128
4495.012147
4095.906099
4461.397433
4016.386167
3766.980266
3864.535084
3316.456884
3814.347388
4227.382856
3651.81308
3925.173202
4390.991142
3546.574764
3827.915188
4061.077596
3314.472985
3305.4501
733.7499028
645.8411124
856.9073965
669.5380373
3419.995277
2422.971234
4069.922611
4141.792703
7602.656733
7507.538723
8071.676281
8058.163157
9495.88991
7694.058121
5912.526808
6160.584953
5188.052106
4908.519112
5309.672701
6670.705674
5841.633129
5188.064444
3953.006094
4485.282144
4045.703215
4075.324304
3957.304696
4208.811097
3953.984469
3683.810292
3803.368806
3507.364182
3439.613523
3685.716589
3264.122855
2985.605238
3302.1774
4373.329085
4921.46751
3219.908585
2951.794377
3001.231689
480.489878
268.283861
942.0215766
1428.752751
1660.078581
2220.010509
2862.745513
3438.113491
6145.393617
6916.366157
6600.124455
8097.729738
7815.688866
7708.339253
7086.269963
6106.029536
6071.681675
5812.841249
5041.83042
5096.433075
4383.50111
4154.712343
4619.123728
4122.467998
3144.595993
3220.512375
3779.984715
3627.370479
3739.265274
3313.939234
3051.558531
3465.286854
3531.796658
3748.810243
2810.603785
2635.021495
2522.428448
2431.045432
2677.033072
2867.546765
2780.253972
3043.012103
530.3775866
212.8042438
834.236166
708.9656278
603.0293388
1159.15494
2678.202627
2870.104407
4493.136507
4988.07285
5813.714664
7481.922024
6978.57904
6980.127064
6795.542328
5686.434288
5527.867935
4673.271394
3952.486253
3874.756479
4698.79994
4184.063561
3878.151153
4002.016329
3350.635816
3587.240565
3279.209282
3201.299602
3677.295941
3088.574992
3316.238466
3757.870909
3590.832769
3053.690746
3124.648985
2796.713596
2950.38285
2779.851981
2197.486033
2693.602132
2636.847209
2782.739517
229.6556385
298.5591777
853.1217009
513.8121218
374.6602416
321.5494635
1833.59676
1673.170541
2707.606481
4375.778791
4792.45297
6996.262739
6844.028223
6638.20653
6398.213974
5814.59416
5518.917005
5270.790525
4529.239334
3830.363712
3844.376194
3539.832324
3645.243136
3205.359172
3221.9962
3208.786363
3180.752321
3037.498789
3194.73961
3550.576675
2840.771684
2716.210217
2547.783929
2561.111059
2707.901732
2668.063115
2374.420768
2620.969447
2519.44494
2999.18378
2508.757441
2827.329894
401.3816509
543.433883
571.0031834
815.9128823
751.6072912
1173.910848
865.2836005
2470.982649
3980.850737
5472.318725
5101.646623
6069.461849
5764.774238
5738.463714
5451.597525
5783.958918
5351.73822
5002.80413
4186.297909
3610.464344
3615.911365
3358.742705
3138.906797
3056.305374
3349.154588
2880.886346
2423.621108
2582.637379
2999.475314
2746.067502
2868.494337
2602.517668
2427.612902
2167.411625
2427.336955
2742.939514
2923.202945
2762.818295
2535.851733
2304.201134
2220.957109
286.3064165
230.9582587
567.7236312
951.6564217
1015.433373
638.8015047
656.4547167
2100.8447
2808.323656
4553.052951
4669.62796
5026.777707
4842.804443
5169.302618
4033.717974
4558.055118
4486.591304
4268.992499
3921.450034
4267.548611
3684.335482
3898.09005
3314.346243
3145.668501
3105.077687
2806.225151
2713.732921
2458.514732
2553.073826
2340.696655
2371.432843
2511.121667
2434.416245
2433.853494
2281.048734
2285.566849
2708.764227
2641.700657
3001.105063
2714.963428
2628.450684
518.3428567
593.4156437
359.0687827
918.6487595
775.6902198
1616.594568
952.060889
1118.499961
3526.936682
3286.569901
2997.543298
2679.560845
3686.259514
4096.629862
3485.780574
3575.289109
3696.025865
3414.675799
3180.569135
3424.628881
3562.535215
3373.41655
3403.763374
3491.905667
3088.268511
2859.903757
2617.655145
2563.789561
2509.867089
2572.84427
2557.820023
2303.359071
2254.652477
2492.68152
2347.954266
2369.272875
2683.269783
2358.101249
2159.129845
2397.863323
821.3543473
453.0757851
615.1764091
712.9654887
1115.795547
1088.188109
1157.564235
1641.354862
2411.355227
2396.354708
2580.909839
2207.84783
3518.958912
3683.387816
3389.530963
3152.036137
3308.92464
3716.393793
3258.71784
3064.971836
3133.471542
3131.73691
3125.413171
3143.914007
3083.498144
2772.223927
2593.707494
2576.132974
2616.66692
2731.658805
2898.593071
2532.619659
2446.901872
2498.016306
2393.49326
2376.185132
2281.730863
2148.089736
1963.086118
1982.180739
417.9305999
401.4081724
684.4396863
512.3611921
1075.910838
642.2224629
1477.077444
1801.652434
1310.434309
1474.648126
1620.684677
3194.082348
2388.661243
2404.663819
2611.643292
3131.972202
3411.269777
2892.33917
3068.054102
3170.435132
3022.5839
2839.676912
2689.13255
3013.47097
2941.492118
2894.767584
2497.37144
2367.221122
2313.582564
2293.350394
2408.971231
2344.033606
2234.53576
2368.7369
1981.291862
2037.747348
2086.954027
2042.209082
1913.438781
617.7019822
234.0923279
297.5319245
213.274626
394.1071207
977.9441497
1327.672704
1872.62966
1410.822758
1574.062267
1848.592945
2118.478711
1908.820062
1622.899546
2322.220339
2078.148047
2630.356015
2714.461361
2328.755273
2485.280398
2866.071526
2922.964983
2595.949966
2461.603242
2244.987925
2490.301136
2657.420821
2533.703676
2277.748071
2228.817581
2157.997743
2097.017906
1969.326612
2121.761043
2227.2253
2077.593208
2078.085855
2071.476031
1858.944585
701.925906
827.758741
421.0201105
330.4502337
371.287293
833.3972606
1536.608487
1269.249097
1428.75567
1842.304082
1192.525905
1422.697859
1624.796426
1732.595871
2242.496054
2573.682689
2444.677954
2433.823704
2647.68007
2688.956121
2423.50563
2580.058783
2554.712056
2754.27035
2509.896857
2130.928144
2235.540607
2691.688848
2481.388552
2514.980397
2320.286422
2291.104327
2209.371089
1911.875287
2273.525221
2389.725295
2204.308907
2168.764719
352.0967751
262.4130765
259.8704862
250.8821848
441.2388984
859.0616001
1316.372267
1097.130375
1692.631932
1941.428052
1006.830706
2123.989363
1418.900386
1531.909073
2303.546551
2096.518965
2113.617909
2337.592729
2510.652355
2225.723971
2664.159989
2239.548982
2715.745249
2708.73105
2122.062187
2250.007211
2146.292766
2219.199359
1878.45744
1957.078682
1956.805184
2104.991364
1962.689714
1601.474576
1802.134987
1915.074529
1851.358959
341.4622289
302.0985971
242.2454284
405.619334
872.5483128
821.4738714
1453.443191
666.2883447
873.2035251
1989.930322
881.1501068
1501.374209
1586.828583
1318.624227
2212.232103
1705.736291
1727.300423
2582.39767
2411.133419
2177.163388
2343.754566
2376.727997
2161.792194
1940.835366
2141.657784
2131.436147
2242.829896
2230.453391
2115.160418
1911.899497
1940.21125
1729.969971
1799.028611
1900.287147
1998.678094
1928.832803
1730.078938
569.3654494
518.8524682
324.7841216
418.7208234
431.7452139
773.5186819
759.5662818
1475.126861
732.953992
689.2106749
1667.790437
1574.685371
1606.045111
2098.253438
1805.401691
1491.752281
1695.492528
1924.26523
1873.545208
1876.688315
2113.89758
2077.732436
2179.031082
1858.801539
1881.380837
1651.560525
1724.789356
1921.143296
2078.55845
2012.275975
1988.709458
1860.203007
1886.048908
1778.659216
1666.371227
1651.169484
373.8062554
437.1110281
313.3307367
323.0125403
441.8117068
754.4047158
935.2089239
732.4120274
703.848169
987.2030433
1302.191839
1371.545816
1299.668182
1028.565445
1775.215483
1840.772621
1823.61105
2049.191971
1959.526356
1826.62908
2210.089211
1887.014063
2154.225135
2332.930806
1796.500651
1571.902299
1458.074437
1679.103664
1918.386608
2022.571086
1808.648374
1593.227354
1803.579766
1653.36218
1563.710584
410.1234171
229.0374212
250.5977299
512.2952044
516.6503176
694.1662649
993.5397146
514.0328589
924.5678629
1126.751772
1388.863189
868.8138987
811.609085
1179.514286
1568.529414
1602.045641
1755.217732
1943.519326
1734.00234
1282.191747
1458.598003
1478.877914
1507.198822
1656.312593
1448.948215
1453.886293
1504.948338
1367.407528
1540.439303
1707.45181
1597.388283
1509.009516
1544.797455
1654.775361
223.6338602
221.6637335
358.3626221
695.7856817
537.6877598
361.0221136
350.4552513
856.547688
899.6614319
1100.454212
737.2901046
580.262085
1158.37751
911.2704052
1228.233781
1168.628448
1797.205087
1278.676871
1477.319827
1796.982055
1616.416246
1562.473437
1548.233885
1584.537032
1518.332756
1376.190446
1541.263529
1535.202931
1564.935196
1426.749785
1421.515085
1500.211605
1427.461095
225.9788679
236.5412878
807.9950531
631.4303475
310.8505881
925.1307428
790.6771529
569.4803106
650.84019
765.4397101
891.7303564
759.5915135
1066.080621
928.7729633
990.1225976
1187.858489
1443.687787
1035.276727
1185.348269
1675.371749
1249.60202
1458.456864
1475.163636
1410.611447
1431.897541
1298.340513
1371.103599
1693.005821
1676.542885
1661.384501
1633.632668
1571.13323
231.9846743
318.2426235
1139.088024
504.3931686
393.8575886
548.6010921
441.1998474
634.9697785
614.3536863
638.9392281
827.8898321
1169.978209
867.1701373
986.5501097
986.5880104
1226.710023
880.0254128
706.9707726
1133.171412
1508.378907
1174.03203
1394.593223
1591.683448
1259.139938
1377.88047
1236.733798
1266.20988
1546.944642
1617.030056
1342.155859
1362.269874
701.0571071
477.1956411
583.0347859
481.370818
741.9944403
968.5458145
320.2821793
432.4916014
744.0852321
509.1552572
693.2900966
652.1002602
539.6300103
690.3365902
1414.36639
1053.177216
800.4208421
1014.850255
1060.655942
1138.804572
874.7031163
1249.25831
1392.347764
1259.096866
1357.485907
1435.608935
1535.055804
1223.287889
1335.492695
1290.244319
261.3772908
455.5191584
493.134229
795.5259548
293.428832
292.2228074
473.3459406
740.0668534
486.07728
654.6003125
800.4585856
843.9409545
816.6345966
1294.135757
729.7550397
938.5217204
895.3052416
1147.172687
1292.946067
1377.648668
1237.108496
1193.830912
1242.489665
1507.26119
1445.575467
1385.60671
1255.226384
1212.838171
697.1375189
460.9733246
408.4249369
237.1658989
507.8752397
246.4727472
497.7202031
463.1820689
277.5680154
593.0146156
517.6210411
671.1477578
823.5345459
934.2819149
845.9495772
840.5410938
952.6527803
1076.267677
1129.355052
1114.481859
1055.534926
1202.964419
1349.552752
1202.732416
1209.691459
1026.718288
970.043188
371.3392295
238.4349924
383.6790755
616.1547939
356.2961532
380.2557697
392.1033871
410.3930266
462.9275291
531.1384471
685.7568124
541.0611324
799.5691185
602.8195781
702.3950037
698.8928543
923.4304408
1020.529049
1004.444743
733.3644843
878.1668756
1075.960765
834.5558585
948.0966569
904.5207715
261.3527976
537.5165181
454.9640882
581.3177007
261.8368474
275.6164587
515.3665236
634.9379306
711.2547659
480.8918886
390.6758229
606.92009
567.7160099
610.5496352
567.5735838
967.3691132
1137.447948
688.3182648
664.3327351
545.2896411
795.102753
962.6340666
813.4280415
344.4715846
583.6815794
499.1721149
398.2496762
416.6192659
807.8291441
895.3120403
597.1597308
595.1434135
794.2908086
678.8298808
622.4957359
544.7444351
650.8806658
824.1273045
771.3513382
549.5716701
451.5072268
298.7882247
366.2059677
1046.588377
498.8979598
662.725132
591.0769089
572.9256149
770.9013011
571.0085038
562.4162599
219.6184146
566.7102252
243.3876349
439.7215059
928.7800408
1652.789057
2517.800698
3924.399126
7303.743801
8121.288708
9246.502804
8417.858635
4881.521767
0
3410.642253
3111.345665
4564.923277
3429.455631
5089.033097
4776.391782
5090.509476
5657.425943
4105.454771
4681.211396
4663.600874
5490.647178
207.8144081
294.9209586
647.3806027
730.5196874
1819.03137
1642.357406
3486.330845
3798.778219
8620.941641
10267.58776
10795.50199
9139.841459
5444.395597
0
2239.385288
3562.595404
4481.79805
4690.6891
5092.788906
5525.967441
4912.510514
5266.628486
4128.494325
4419.052567
4363.243445
4113.712719
203.7072855
241.2076944
208.3366725
972.1338589
1124.628333
3011.925764
5061.419512
5836.798283
7978.90513
10069.47118
10627.52759
8972.091201
5067.447918
0
0
3951.783295
4818.384934
4265.151732
5178.172876
5382.914055
5093.652393
4978.873911
6175.824638
3775.520908
5252.323237
5265.080697
5077.18267
220.0224295
215.6445198
506.8259115
994.9202395
1639.091022
2288.968986
3700.063129
4891.491213
7237.6692
9245.447675
9624.358498
8841.163066
5380.779596
0
4834.040849
4922.161052
4346.785037
3729.962272
4203.688885
3853.56903
2494.569689
3871.104056
4710.757931
5297.407029
4676.386369
4286.197937
4066.243715
212.1617648
214.2028726
211.8479149
1450.222445
1421.378556
3268.487043
3668.376882
5417.210218
6159.044202
9360.481312
10801.38631
8633.306317
6709.649206
2605.965224
0
6991.204334
5768.356939
4336.299582
3641.516964
2664.535867
4127.772354
2819.819405
3963.926035
3674.655548
4520.99266
3869.598324
3454.504595
3385.795684
4995.654129
211.2986751
257.5455562
1255.818694
972.9400652
698.2537237
1667.166544
4253.041292
3294.936953
4663.097591
7517.505232
10224.11746
9358.778417
6991.253097
2912.409976
0
7660.107388
4302.734692
4535.261991
3241.135585
4162.218868
5395.525716
2934.867405
3597.306457
3655.93565
4763.677538
4562.777166
4944.045769
5628.792724
5721.605771
4612.540063
221.8577378
656.0493484
674.9067732
791.0442266
1869.652485
2259.722614
2769.513527
4368.815005
7418.098606
7693.799403
8604.510429
9367.483705
3761.027703
4648.586868
4047.340016
4365.95594
4973.747505
4464.519785
4306.150941
3093.122922
2835.395914
3920.00818
4534.666882
4707.843312
5074.014861
5339.736177
5019.946392
4173.529832
4708.49746
4178.938436
211.7658799
254.8920218
613.4012529
1047.907023
1197.924234
1411.884671
3200.975797
5845.897233
6152.144951
7303.013635
9409.361673
8698.724133
5529.314936
3913.194635
5497.271759
5141.413397
4511.799756
4389.27466
3707.381191
3718.477955
3437.418491
3943.89437
4135.456048
4034.02702
4867.043812
3416.589339
3970.203526
4139.659642
4087.155154
4206.877591
3755.031542
4382.46235
234.0783329
335.6407997
256.081894
870.9660576
1261.276798
2183.278596
1974.999294
3716.777602
5856.425063
8230.685137
9349.451491
9672.378415
8506.708001
3009.950018
1560.918933
3457.109321
5584.301404
4880.884854
4819.735588
4598.265119
4659.207931
4214.636143
4247.995934
3748.840198
4070.610721
4066.857971
3682.732174
3794.586484
3969.169521
3731.316126
3336.646643
3496.675133
3191.480455
3671.898211
3938.243095
3254.74794
214.6675232
218.2906791
221.2353885
536.7556129
840.7445804
1267.162636
2070.536575
4300.289875
4551.136642
6723.476455
8535.403496
8918.888116
9158.225855
6619.796866
3742.827851
4857.383343
5999.29044
4399.266165
6355.717408
5492.018251
6983.370343
4094.452182
4361.832666
4086.432606
4529.992171
4412.745883
4538.294201
4138.214283
4149.656839
3477.85915
3825.991372
3113.021772
3542.09863
3763.607272
3329.95672
3185.955659
3296.173401
2765.57997
2636.27742
3313.431913
2590.304493
225.4127484
228.0146454
570.8820204
330.6256902
1209.599479
1176.723967
2379.51897
3602.952899
5728.476579
6587.283171
8398.472692
8465.312657
8189.976209
7113.070578
5496.632204
6283.601128
5463.106722
5179.085674
6207.249144
6384.017228
4256.438869
4318.125079
3438.237708
3672.345805
3662.204237
3890.973478
3293.375618
3895.726528
3395.8858
2977.837931
2785.061861
2611.448517
2728.321024
2562.650851
2818.146486
2625.531123
2792.33928
2756.440944
2987.285404
3225.515979
2606.176743
2741.046908
204.0788997
202.5402606
929.1648231
1218.706125
1234.312145
1957.986682
2494.901487
1817.549726
4062.572006
5038.636896
7441.453979
7056.199305
6948.912438
6993.387587
6251.665473
4850.483412
4704.859851
4799.083505
4502.508816
4213.335787
4016.456488
3588.144132
3524.054431
4045.338901
3611.035518
3710.311667
3193.461285
3172.181415
3073.919062
2705.450913
2826.970419
3260.590705
2575.91806
2763.052631
2679.360723
2668.554168
2821.370282
2601.176101
2405.241443
2545.666266
3501.164871
3028.577648
220.4373257
211.8688612
911.313412
718.7786106
1366.694782
1973.270622
2812.121392
2142.189025
3151.202403
5657.735283
5886.841453
6325.026653
6228.022683
6788.104538
6267.309702
5916.56991
4755.829735
4449.202235
4308.912206
4039.078817
3571.567803
3488.551433
3415.500243
3257.212442
3138.188961
2850.98822
3260.377107
3278.51443
2873.343421
3022.522011
3093.741252
3161.501932
2942.728178
2558.61796
2444.047474
2291.248144
2626.294192
2678.171739
2754.667274
2480.157574
2265.302242
2543.873838
212.5499189
362.6735421
299.9086587
309.9627514
450.5183973
1015.766794
1603.245349
1636.354988
3368.819221
4257.66866
5125.964746
4463.265381
5962.315423
5846.875838
5680.928986
5538.9086
4511.316637
4232.593313
3969.842591
3995.890807
3624.999771
3297.044548
3235.688326
3041.553104
2900.075085
2853.587044
3132.721581
2526.564664
2812.087604
2838.709966
3017.449517
2727.311932
2747.672221
2755.44635
3136.532536
3190.051666
2911.709147
2361.896716
2181.243301
2097.600539
2282.635572
2486.605698
230.6783595
365.5172013
267.8021584
302.7156507
1551.777674
1413.12798
913.7549696
2651.89259
3227.626729
3944.172553
3106.253036
5640.949589
5504.128882
5447.439794
4933.625765
4926.321182
4674.971669
3744.686587
3654.669438
3259.612262
3447.40168
3718.775424
3211.964914
3060.670808
2961.825169
2909.246297
2834.043333
2429.091043
2276.30512
2618.128831
2786.166722
2364.12859
2316.387934
2189.625613
2327.663949
2393.524787
2193.657128
2457.539251
2623.265793
2459.172216
2242.952983
850.6889307
284.7194253
212.4821904
966.1365708
1008.002606
1436.422813
969.0333133
1739.675762
3412.1848
2725.059823
3141.81646
2934.803142
4648.063701
4489.608512
4492.842444
4199.61344
4167.319796
4386.267857
4197.615773
3997.602587
3722.597401
3429.825137
3555.236718
3520.432087
3347.837652
3084.190285
2530.535342
2557.332235
3034.080907
2589.767918
2488.183103
2601.410332
2670.636855
2357.600154
2204.964436
2240.586604
2260.593112
2619.738054
2268.567806
2004.473595
2220.524069
317.8013689
222.6900326
714.4771409
830.5567226
1094.341269
899.8482606
1191.809338
2317.254895
2362.231979
3405.078857
2921.45861
4013.181372
4187.972092
4012.578744
3320.927218
3730.684652
3352.070217
3980.195041
3307.926178
3346.623671
3327.882784
3100.522735
2878.388999
3074.561809
3072.984371
2734.03779
2448.954862
2946.000192
2754.165484
2552.459668
2585.17562
2547.95472
2350.944711
2432.610957
2384.144117
2293.392355
2473.137824
2595.838735
2361.581097
2225.559663
220.5745442
421.2499425
485.1125878
1096.345746
414.1445424
1872.126818
1356.798955
1889.741173
1780.347068
2825.338171
2723.888236
2643.186885
3804.117707
3835.989305
3248.320524
3413.036194
3486.734641
3678.199644
3263.086725
3287.836857
3273.45397
3391.807553
3059.308502
2697.625103
2653.932084
2600.490679
2713.33479
2332.529272
2202.95167
2304.913413
2565.188009
2223.589184
2113.899729
2111.837973
2322.405641
2198.559019
2181.408526
2394.481435
2238.585013
2345.623094
693.1764821
504.286717
397.6699219
468.5534731
753.2534176
642.2615315
692.055173
2251.553384
2244.619159
2102.442043
1976.005694
3173.471553
2939.987783
3096.733739
3341.8977
3366.047532
3692.093617
3181.149242
2665.21655
2326.007724
2630.89362
2823.490887
2765.11123
2360.013694
2266.027453
2479.377894
2637.117279
2484.954036
2584.06788
2639.07516
2290.372084
2100.160842
2261.480833
2307.106127
2461.648314
2384.647618
2240.74015
2349.00657
2085.756167
221.2833683
248.1297935
409.0663643
356.2620554
876.4292059
388.0459318
734.0621442
1033.86611
1234.1503
1529.719967
1486.054367
2709.387647
2815.043827
3133.07938
2823.058584
2888.701939
3102.883675
3293.827654
2597.848711
2191.541229
2372.977787
2334.156412
2573.186629
2683.707809
2363.469024
2134.704216
2275.840446
2259.736381
2475.091664
2274.398864
2191.663259
2289.048059
2227.840626
2180.513178
2044.609172
2072.315189
2076.343039
1910.838036
2075.12602
222.5683171
416.6454948
225.536982
259.7439594
330.9687007
606.8216893
544.6631331
1013.136957
1335.381135
1558.72136
2759.88235
1862.252568
1831.343957
2892.731514
3052.205641
2504.379471
2780.381852
3010.449032
2417.702739
2427.455306
2816.419262
2657.219101
2758.270894
2676.871056
2125.272017
2047.722262
2301.5688
2077.355406
2026.096468
2272.596238
2403.776376
2338.514523
2325.217136
1967.04828
2014.290584
2124.617725
2175.986967
2070.384004
316.6553053
212.420266
212.3440777
453.7734638
747.5005194
684.0754688
1054.867846
764.0928472
1833.646658
1446.546397
1485.789501
1516.600628
1852.966234
2285.509172
2466.856633
2322.735631
2546.089799
2443.967456
2439.821149
2624.377612
2488.249618
2388.616489
2283.303521
2267.524105
2084.571961
1861.289615
1745.477016
1629.064911
1757.226899
1809.478443
1972.137681
1992.832028
2025.027111
1905.710342
1692.117787
1697.241861
1817.889392
220.8914411
424.7418758
463.1856119
553.9285524
521.871753
304.4854374
698.1674442
691.8189469
1147.059513
1752.528644
1315.058165
1310.723223
1267.456748
1564.140798
1599.877113
1777.109123
1996.892384
1855.648006
2440.769833
2195.50414
1880.060807
1999.110398
2115.629756
2418.225205
2609.348387
2292.951945
2338.067342
2332.933117
2037.348085
1870.157224
1970.107397
1868.673631
1901.457841
1913.30006
1781.195285
1687.555643
1714.346066
241.3371996
215.345137
825.1674266
447.9574596
649.2822001
612.814664
739.6759534
1188.154367
848.06566
1111.456377
872.5792943
1407.018847
1629.864875
1873.412941
1907.076773
1806.251348
2151.392159
2265.985289
2061.947174
2035.496944
1966.143712
2198.210032
2073.962178
2174.32819
2235.232321
1956.223774
1990.696274
1911.061356
1805.05496
1617.99776
1818.160109
1797.47851
1593.674344
1641.489331
1584.149987
1542.571621
238.1059548
630.9410125
627.5744771
550.8529729
454.7103461
735.1671011
1507.512439
1158.87746
784.0689325
971.4669266
1155.375599
1413.222126
1543.295009
1093.550548
1509.670674
1604.023136
1512.902493
1849.68838
2014.885027
1755.813682
1692.532466
1947.474459
1963.832387
1912.626311
2113.366597
2090.177481
1828.237995
1558.26443
1578.395225
1577.19929
1729.995855
1914.413078
1791.269984
1889.267441
1734.290776
530.2381667
590.2166317
615.4397713
752.9047409
249.0823987
598.1275798
1191.480219
846.3024438
998.9100798
684.6281225
1190.861253
1762.760067
1505.484383
1058.310382
1553.255213
1438.980544
1272.429092
1243.798346
1655.523846
1117.227567
1621.943021
1806.779004
1594.974998
1715.518547
1663.5494
1822.127509
1748.727686
1710.926198
1596.119098
1354.897267
1308.682487
1338.995698
1399.59284
1325.659187
508.9576513
483.4986687
590.0062712
514.428627
361.2426458
571.4837657
743.1550088
597.2820871
659.4081453
600.2828003
1622.590348
1952.196223
1106.328188
1385.684404
1529.343546
1487.524543
1368.458186
1372.395576
1427.086268
1527.064576
1456.817466
1400.642957
1622.968066
1420.071609
1575.850933
1555.272182
1563.437949
1534.576143
1573.568667
1321.742027
1285.540324
1336.204858
1363.610501
591.1063286
362.9177272
545.2165746
238.5692081
285.1670209
602.6464174
860.3479912
559.1271304
531.1710734
1172.996992
1156.750525
1225.991509
733.7519135
930.4332712
1576.064336
1833.326174
1581.671987
1229.159521
999.2161092
1289.793549
1575.053442
1478.830045
1460.520433
1411.386827
1344.721904
1332.670309
1407.828957
1324.249956
1496.464908
1298.762846
1095.586171
1188.424662
297.569984
255.5605486
208.4112327
245.0895028
310.3029778
670.8017765
260.4775194
587.7766476
413.0054705
966.7510117
812.3673011
1010.118253
1037.667577
952.0458786
1504.382803
1363.338681
1374.672383
1069.537713
1249.13936
1333.017603
1352.403267
1260.428219
1174.648842
1564.644266
1171.760878
1018.29344
912.9604658
1205.879977
1360.236014
1319.604914
1273.255234
209.600096
205.0342887
606.0299504
450.3631706
662.2039845
598.0225355
287.7576476
766.1908754
886.3143132
554.4584338
812.9424511
1044.243431
1041.389407
946.1007948
1020.417162
992.5581121
1176.334509
879.3275967
884.6490472
1246.526503
1281.305795
1284.720403
839.1757136
983.8908137
1101.645207
1065.940774
1021.102022
1249.662224
1182.282356
1084.199026
325.7328733
346.5879746
410.0249208
796.9355503
510.1313563
482.4029683
487.8399739
584.2071665
430.8378023
548.3385853
651.197472
984.4569229
744.2336191
639.3763974
776.2480622
876.161373
1004.327761
737.1938248
829.249533
1100.069513
1079.847425
1220.297907
1102.501594
967.7967917
1139.809485
1248.875833
1486.02687
1282.529579
374.3677448
342.7067538
476.6116096
450.0540891
342.333845
433.1547171
439.3552742
550.8672142
375.2050642
504.6213262
457.8083692
637.7301976
1172.949349
546.2286233
592.3014091
841.8179022
1037.345286
818.4635636
725.1608022
764.6833451
811.6740234
1162.638328
971.87482
847.7890572
968.342969
1049.504158
995.9705147
330.72155
231.7829724
308.2575914
377.8467222
357.8563941
336.6142194
464.3690881
382.5268945
430.9671081
311.038166
471.8583184
799.6797155
358.1519051
388.9949803
961.0709562
1083.948901
772.0142343
539.4424761
704.7080692
630.1667237
663.9055166
920.2913931
995.2648983
1042.283299
1005.468876
358.4268392
489.7512232
655.4441762
346.3570196
369.2879201
429.0582777
357.4670542
412.700727
319.7749309
456.0708745
585.1025393
459.794029
299.8377737
650.6495588
627.9320101
562.8381265
555.4799895
823.3708296
752.5998269
719.9096863
863.5138305
836.8591191
960.5266407
428.2359006
295.5875436
308.3752031
395.0350536
364.7479747
510.3361159
697.0903377
941.860451
787.6347015
408.6562052
613.9093405
893.9949757
637.696754
586.6121035
672.1284684
653.5360198
742.5625933
516.6452531
330.9074158
301.0949266
490.290197
365.6822692
579.3428443
738.6438923
552.3053193
567.3351329
562.2411495
622.429117
202.4720736
1390.342707
809.6674557
1368.976958
2162.048408
2484.253553
2358.882182
5886.405467
7088.127508
8986.508985
9678.782396
8629.443706
2804.749548
0
3344.620891
4443.84699
4778.673584
5644.769152
5769.52111
4730.459285
4209.462139
5340.201582
6540.870935
5031.414716
5578.883222
5137.170471
222.4121806
616.6522491
233.0774434
535.1783151
2120.215785
3027.031957
3446.338468
4717.732384
7777.858059
10393.6062
9802.278911
8686.428432
3054.939455
0
3552.360994
2608.768611
4524.052815
3060.139723
3309.242224
4676.864306
3847.402323
3853.561713
6016.289611
5902.397895
4978.695245
6038.682788
227.0706964
403.397464
425.906303
443.6426894
770.4014669
1988.878932
2404.244318
5413.381722
8032.098238
10365.89117
8689.01246
7789.100404
3210.244515
0
2954.33083
3414.853656
3877.03155
3877.107595
5129.318331
4790.498516
4743.737891
4467.787765
4846.819309
4296.791862
5842.320788
5128.173313
242.0420664
236.9726337
333.3585688
654.246229
872.1462565
3161.262513
2258.956492
5012.146417
6092.247083
9525.763455
10367.02126
9209.370946
3730.825367
902.9712595
7.797510557
4726.857
5420.70287
3534.107069
4862.987919
4552.132121
3442.460829
5355.636962
6436.976641
4797.626081
4478.148747
3854.791899
3531.100544
215.1650954
210.3137757
215.3297818
972.0448824
1425.358111
1041.89492
4102.657042
3415.399537
6387.020899
8883.601027
10146.88646
9635.805271
4237.380827
2300.033596
3273.630923
3909.791874
3917.349019
4454.381272
3913.318736
4347.063292
3263.644237
4685.596787
4477.378937
4112.566632
4412.25905
4403.849821
4011.618121
4271.603857
601.1242809
809.4488616
767.1843512
898.5688063
1413.797
1687.496207
3981.391796
5266.03555
9101.374534
9800.186377
10694.33241
5564.527416
2211.155392
3119.78182
3369.795969
3514.274657
3985.630269
4983.969697
4538.701734
4429.806977
3803.572737
3983.440251
3849.433739
4959.2954
4653.00049
5138.218572
4033.910104
4824.900882
348.7790492
330.8859625
292.370515
699.6225423
1271.563154
2325.976537
4035.731963
5870.044961
6639.401351
7429.424862
7637.838205
7620.295576
3580.82718
3534.655693
3351.181279
5225.260242
4865.987637
3644.530545
3636.889486
3828.882775
3516.919544
3367.267257
3340.41781
2903.599766
3510.77963
3388.878278
3755.518839
3951.509972
4190.710972
4159.540596
214.1467926
215.456872
574.0311254
1058.377292
1965.052063
790.6213237
2059.35859
4109.966869
6828.181647
6610.30205
9006.784705
7223.488452
4477.777068
3896.428203
4522.312679
5867.444648
6070.564819
5082.721139
4626.071634
4682.308784
3422.642796
3951.594651
3123.079077
3319.756475
3448.57266
4312.701907
4249.709444
3088.202759
3944.533068
3594.887614
3371.436891
3367.363604
3066.581948
3909.346939
221.098585
252.738006
931.9997601
862.9808608
1583.625833
2534.561969
2643.220389
4126.167592
4741.7402
5399.743969
7110.396417
8180.34579
7632.439041
4187.694354
7093.626918
5499.776869
5448.387497
4023.087829
4397.522774
5053.921155
4769.271144
3772.09205
5075.234432
4561.262428
4627.918548
4434.800847
3923.472083
3575.55735
3754.75248
3194.160088
2475.227756
2824.263563
3519.274904
3256.095693
3361.505785
3717.77829
3403.911523
3455.903703
3676.512643
3584.282713
3551.044124
223.2390699
220.9429794
483.7484448
1428.97484
1333.52635
1137.035136
1355.206091
3860.959435
4754.85527
5956.757998
7104.228655
8037.801854
8100.436701
6774.537796
6684.749821
6021.591028
6508.382615
4203.432656
5584.531823
4616.058659
6217.431222
4364.946622
4642.459004
3957.182164
4377.546095
4085.991495
4201.705746
4396.869224
3060.294403
3437.434987
3111.166124
3148.22658
3147.685994
2879.704251
2997.881519
3296.754222
3306.998801
4116.722584
3176.139876
3241.088296
2731.526786
3104.349429
3726.120536
255.8881059
829.5641026
482.4017212
830.2868671
836.9972653
1574.385764
2256.103651
2750.671031
3643.700491
5345.583959
7895.94979
7229.187126
6669.491104
6710.92927
5917.482005
5240.190095
4617.441071
5258.416151
4798.549117
4060.880247
3521.065181
3354.080529
3503.261944
4034.22426
3708.038297
3488.878625
3404.433201
3023.211658
3243.885196
3190.491069
3033.865851
2588.409271
2425.701207
2447.836819
2495.710521
2729.513133
2635.416293
2704.972282
2290.218804
2578.945159
2541.367857
3274.802459
206.1307535
215.641746
409.1640233
411.1639791
717.0917285
1043.274364
1197.30439
2465.98513
4243.569579
4897.144212
6174.203037
6128.541108
6933.672029
6306.413978
6367.091655
5540.65792
5042.442942
4436.960207
3848.5091
4064.919124
3640.234637
3587.520281
3645.63812
3764.141217
3261.475971
3467.558739
3153.30672
2954.498876
3121.252965
2920.732081
3189.653481
3067.406386
2760.84415
2308.998539
2410.741636
2932.395517
2502.450987
2725.707337
2788.52731
3313.702725
3595.781914
3085.772452
209.1971235
497.36234
260.8655893
298.5924718
635.548749
1501.661609
1214.573005
1593.480343
3361.210279
4221.912813
5664.935864
5187.143306
5987.628683
6065.771322
5807.43209
5164.120031
5001.433123
4726.161647
4508.027037
4365.782354
4156.905861
3576.00588
3262.475402
3295.814464
2978.995114
2838.125181
2793.821511
2672.163168
2813.037769
2537.351097
2615.340326
3039.903699
2936.559554
2712.484835
2609.148737
2208.465491
2482.725319
2704.670692
2579.689331
2977.468712
3036.923053
2628.487935
896.6926915
562.8339219
316.2579755
851.3448631
633.6632716
997.2453321
1479.357419
2881.609273
2942.708985
3979.554721
5009.223826
5226.398172
5141.005254
5727.30563
5248.105559
5322.971385
3987.463981
3781.321401
3952.358296
3981.568939
3340.149095
3146.760001
3014.58198
2589.926941
2506.33449
2841.017215
2588.659396
2533.966734
2652.420347
2335.832945
2281.680522
2161.356001
2330.543697
2078.268617
1925.917147
1939.775187
2273.989763
2821.240413
2605.648286
2347.540665
2192.318951
668.832557
238.1671235
470.4809601
270.0383972
285.6672527
1719.821258
1136.11071
3070.282342
3646.331161
3833.188714
3858.510137
4040.979632
4875.654541
5078.998307
4913.316473
4114.487126
3952.865388
3679.491604
3879.220251
3961.485712
3397.404947
3153.388038
3073.804838
2836.533243
2847.797303
3153.204843
2846.409082
2810.564378
2633.383535
2359.888685
2308.670106
2072.735096
2342.253352
2557.286973
2454.723412
2496.079917
2420.276307
2422.152848
2543.01974
2576.486333
2167.850876
311.343052
213.0908562
255.6715429
305.4358331
391.3514972
1748.305325
1388.687256
1464.553769
2513.027415
2446.332798
3284.504054
3287.360188
3421.222151
4013.846209
4120.147343
3591.436648
4088.044462
3689.186361
3453.550752
3284.774239
3537.203197
2771.102825
2720.477357
2916.277271
2880.486141
2753.352549
2930.87708
2959.067812
2721.103418
2609.399691
2817.629858
2188.322407
2047.912488
2092.747689
2406.730519
2198.462361
2180.859722
2203.707488
2322.013306
2298.155818
2201.327685
213.0376783
221.3647043
289.9221839
588.4111256
1963.006879
976.3374539
1014.591153
1975.72852
1310.207758
2232.857921
3385.020349
3171.787868
3274.582955
3841.965978
4530.516112
3955.104328
3978.293497
3530.992418
3650.841138
3246.312833
3134.860397
3069.734423
2886.195393
3014.144785
2562.468241
2592.942914
2659.460161
2432.963349
2186.592878
2415.088997
2132.741963
1999.896759
2187.396197
2145.289873
1772.874401
1812.854406
1823.681092
1985.876822
2175.982897
2145.147775
430.0276138
280.3406391
548.0207491
709.7474273
916.0997654
1351.547407
944.923849
1559.08202
2255.641025
1804.361071
2480.983118
2926.562366
3309.231627
2648.464732
2794.334773
2761.836438
2826.141975
3141.862445
2830.702989
2928.927878
2633.724337
2669.190157
2766.758644
2481.856313
2518.663089
2780.20904
2722.415279
2898.163783
2580.525638
2399.563931
2394.889617
2647.699939
2502.630852
2540.431963
2550.410051
2744.719669
2417.859974
2113.974407
2021.941975
1870.803846
662.0644601
646.6565686
249.2973782
446.7083317
413.2817652
1814.72918
1468.970469
1385.024366
1359.818353
2149.119347
2265.826566
2104.339768
2885.203139
2502.013258
2294.443817
2095.019893
2497.491412
2887.418785
2311.334754
2246.983748
2472.291459
2542.405439
2758.786699
2378.687499
2209.02532
2109.255267
2354.096418
2150.908468
2288.002526
2218.069514
2290.655161
2376.362424
1957.60001
1934.81903
1921.530432
1926.906264
1953.037337
1729.051662
1956.651419
1012.310848
452.2070071
239.2663617
518.2209485
509.0390108
1649.027152
885.0674435
871.1623511
1435.086461
1335.176907
2457.420044
2290.698441
2384.243124
2715.960243
2740.810213
2266.166405
2624.110921
2571.053153
2830.488694
2150.516334
2160.82837
2212.35236
2370.103628
2828.202117
2576.504137
2334.830676
2305.22771
2100.572315
1989.821724
2078.852484
2037.661707
2196.008248
2276.309676
2158.127161
2102.94933
1916.652673
1816.874184
1837.473858
1827.668168
209.8541661
211.2147294
346.624236
914.5519153
548.9346221
273.0842009
758.5090612
781.635846
997.5891457
1681.568112
1607.518027
2195.211861
1879.109526
1690.435065
1867.140673
2395.575847
1966.609857
2501.885105
2583.287654
2400.558242
1921.308543
1941.8244
2140.938211
2361.197983
2092.921686
2322.329989
2080.502482
1985.340495
2095.736598
1856.025549
1943.151165
1962.431207
1960.81113
2060.727288
1975.747471
1836.996805
1816.581361
1802.261222
673.7889603
225.214248
476.9108925
630.2564701
384.1534745
1009.806184
858.7612849
830.5605195
1147.613582
1477.371686
2186.263792
1470.831569
1923.360547
1158.397531
1436.6305
2096.616141
2041.686649
1957.916448
1808.605783
2012.095155
2131.563101
1832.585335
2065.475503
2301.836401
1911.009442
1845.643131
1884.311151
1851.901076
1916.169172
1888.688903
1895.06404
1945.745106
2099.944698
1943.434881
1635.208292
1641.759158
1679.521084
518.3572581
239.3253465
394.5358103
727.973445
244.1746877
524.8236369
542.2295651
505.4670362
1312.461799
832.6094225
1388.061363
1435.702294
1630.480947
1804.441421
1327.126962
1797.20571
2059.673243
1763.305173
1567.484381
1877.033355
2080.421324
1800.192749
1383.272455
1722.459383
1873.457816
1677.315018
1731.368331
1834.180578
1938.205939
1864.553895
1698.085399
1751.845719
1853.945061
1943.587632
2137.835254
2002.4864
1830.469514
210.4491421
210.9863206
650.5640091
322.9671291
421.1216019
762.2283257
354.1070642
1176.778346
948.519846
1345.126487
846.2644065
926.8607034
1213.87102
1478.020403
1432.251063
1391.520397
1225.538944
1727.899166
2066.822713
2288.157493
1743.148541
1702.634048
1684.618654
1667.953116
1688.683121
1602.188344
1438.486093
1667.532639
1893.709354
1658.775996
1632.540035
1630.781513
1692.090663
1540.539554
1619.161827
1564.664081
216.2713111
220.6650851
326.1736131
558.4849768
858.7562609
688.4882317
774.3497676
811.898709
1174.101807
714.9851471
887.3298481
768.5504264
675.7505901
1366.3723
2333.952763
1465.888215
1148.466923
1413.824572
1916.370119
1896.931855
1632.719264
1726.291263
1903.723709
1960.714437
1853.239929
1673.282966
1551.90991
1584.952974
1556.10067
1573.798767
1543.264904
1486.796101
1502.192505
1382.124122
1569.846669
215.9865506
212.224145
593.3006068
353.9151448
248.9048403
569.7060237
867.026252
1217.724783
834.0268262
1024.162077
957.7216923
756.8445208
597.0020827
915.0212883
1744.283787
1648.533642
1195.566701
1318.563668
1627.49992
1478.529854
1322.324046
1780.635555
1715.205634
1803.626862
1580.561644
1511.382377
1557.286797
1468.863362
1470.915926
1452.250934
1448.426002
1433.689276
1323.074065
1276.154878
306.8219751
534.2168494
488.2762704
395.2561751
547.8655018
446.563389
673.6842296
428.4197961
897.8437492
967.3551846
991.0925485
917.4955291
909.145217
1200.510439
1357.677026
1336.455668
1116.374513
1217.138644
1567.798371
1564.803952
1335.237787
1508.461898
1618.353206
1737.734799
1482.441041
1490.490302
1478.069263
1506.686717
1734.021021
1559.22835
1515.96722
1686.489431
1511.87467
396.3258977
653.4729094
302.7626702
749.6243854
307.4688696
488.7094143
525.3699189
446.2304663
580.5698805
754.8949674
893.8659474
1744.172956
1370.991221
1729.425976
1223.839132
694.9699184
701.1812218
1295.348452
1199.984872
1329.346284
993.0139461
1206.09082
1480.359331
1293.295142
1315.414757
1584.366543
1349.248607
1277.912797
1364.348324
1431.884321
1422.760831
1546.916021
670.107548
229.9153904
502.5272496
283.5340919
284.2162248
662.8238093
543.0210653
605.3708645
631.2007846
1012.866938
1446.378024
951.127437
987.9576273
1390.552717
1045.664031
1041.548391
917.9854864
1235.227956
1093.556485
1289.233742
1003.314835
1053.057278
1494.906527
1402.153654
1537.105032
1434.194838
1433.940355
1322.859999
1085.523758
1213.250676
1314.870538
207.3948667
211.1440504
235.719644
220.7214859
524.9125232
324.3195839
219.0586535
337.0185733
455.3670348
590.0967732
1046.131999
615.6058599
909.119501
1224.84599
1063.748075
929.2201707
951.6992954
797.2767128
946.8032734
1242.282219
997.942278
872.5857105
1242.693476
1160.951297
1195.291815
1222.499688
1079.685833
1110.204657
1183.176897
971.7910418
309.1348776
293.2252449
309.6588578
269.6842494
272.7438996
546.243911
341.5205048
496.7783599
295.5429275
641.5896709
956.3779626
817.8196069
860.79101
965.5086496
761.5229436
733.5448882
809.0895801
756.5735932
928.0929189
802.51264
890.7998299
1118.829391
972.9135681
1019.356346
968.9049056
953.2056135
1020.755878
1302.274571
367.0776098
307.1434028
235.593654
436.1196757
453.0759255
518.0446084
683.9640512
592.8463556
564.9516344
502.4035695
728.5801133
751.6985681
826.0010134
784.1112668
671.5721509
556.7379851
563.8862752
558.8048617
561.3559428
685.215884
744.2042747
914.9161191
848.3672929
798.2087677
835.178121
818.0689935
914.8760881
219.5491186
218.3466676
394.9746911
410.6667965
345.1829853
612.2402386
575.99646
570.7766062
531.2350563
468.3167962
586.381555
637.573663
495.3332153
587.7164272
519.8867763
561.5653936
766.6361059
703.3190368
754.2611242
713.0663892
678.4037292
795.3011443
647.1029028
630.1200445
635.7299956
210.361782
360.6139819
352.7342621
303.5996182
403.0270683
317.4851876
438.5050052
497.0110093
460.309561
887.4549094
633.6294856
431.3456648
705.4494585
599.5055942
552.6949552
556.8490693
560.6063543
703.8389374
727.1057351
629.7707583
735.2227595
722.4671812
689.6775631
229.1008989
260.9059084
302.7649092
373.6944292
443.3761207
612.4212921
482.8810593
630.6727362
454.7775496
552.8590979
767.6636205
548.3789565
515.8347664
485.9235921
497.4427925
614.0518895
930.7553516
729.1345316
338.593493
395.4499901
518.7258414
566.9953862
720.2560882
336.5086281
540.4635289
519.788229
407.68073
1395.098703
1263.318882
240.9723891
495.7970026
1911.604473
1867.78534
4170.034781
5219.426381
7085.641236
9015.153394
9213.472388
6637.181913
0
3410.642253
3987.182909
3219.160041
3784.26097
3945.695164
4078.320971
4075.251781
4664.694365
5431.112042
4937.443953
5906.125041
4408.688736
4126.10144
226.1254853
549.1775388
1194.242289
747.2541131
1346.323965
1446.057398
2922.971496
4300.51775
6521.948577
10271.01806
9311.075248
7666.853921
0
480.5264712
3852.281582
3915.02897
2817.90945
3698.151024
3813.503172
4309.797098
4114.870599
4528.406213
5993.524509
6050.766037
3899.031185
3148.368088
219.2876914
218.8972768
216.2706537
402.0324199
1184.73193
2294.881485
2458.297015
5033.948489
7119.02938
9188.877905
9090.096041
7087.872568
0
0
2338.351978
3233.897086
4073.535912
3262.069964
3659.181271
4194.857249
5034.767727
4277.892551
3678.912553
4397.52572
4445.744895
4656.871275
216.3077003
214.0538176
250.9104095
1032.059687
1517.365406
2896.398549
2996.80942
5996.88327
6528.166819
8732.926069
10540.3115
8394.968765
2140.472903
2038.309648
4142.093025
3229.558552
3140.879104
4921.816915
5010.496296
4619.559142
4122.133741
4032.742305
4198.065519
4191.999123
3908.894476
3730.864618
222.6082257
205.8504419
323.1022663
1684.122851
1415.848148
1757.502474
1904.459451
3806.364721
4737.710363
8529.66835
9373.418325
9687.835705
3206.7167
1372.169573
3540.47904
4416.72196
4270.016203
3998.319802
4009.201551
4455.839455
5379.708914
3580.550313
3927.332253
3514.802148
4109.766057
3520.140422
4076.932383
3985.393963
720.7663151
1056.078454
874.4419154
1933.719768
1411.444481
1594.567212
1867.50727
5110.000717
7206.590836
8890.922382
9819.512963
5497.711977
2392.436865
3874.521483
2378.841043
4944.931329
5165.469552
5622.512914
5119.342058
3517.064859
3107.333369
2718.589408
3356.856583
3099.626975
4151.740217
2728.756165
3095.732863
4463.393546
4814.513896
223.3386882
1135.436415
1185.585826
1362.937525
1021.503669
1616.756899
3023.636265
5103.624706
6505.366444
8414.15764
9019.821017
8934.075795
3443.886433
3528.776264
3631.002772
4059.221154
3141.895787
4352.012074
4215.85982
3579.107224
3580.648112
3610.446239
3201.298952
3115.121492
3560.243021
3112.937256
3882.257592
3906.346647
3578.935211
3895.033533
3601.155537
3198.837909
220.5539638
334.7110604
955.2410788
906.5674684
1908.482294
1739.889797
2852.54366
4181.203039
5833.383637
7849.586027
8832.747909
9049.949681
6802.444902
4591.227042
5118.22478
3910.135886
4780.082378
3887.598075
4441.452581
4569.518473
4972.900476
4615.476666
4583.176346
4750.255481
4900.93863
4050.756165
4308.124219
3563.435668
3318.807608
4032.658569
3789.71727
3829.233916
4020.427418
4255.423052
3499.662976
3559.56252
2972.093861
3021.407732
3482.377931
3614.757704
2964.251441
2439.807044
2804.993964
234.4714115
228.6227698
939.5391383
495.6369068
348.5686365
711.9383237
2008.148913
3264.648353
3349.031323
5973.914813
7379.803958
8457.686203
7636.364554
6474.501469
6163.626974
6336.467589
5914.177624
5553.716866
6287.063133
6267.813419
4770.675852
5844.121644
4192.755412
4986.67109
4926.090839
4433.532253
3832.009018
3455.17683
3653.58655
3629.123577
3150.746359
3030.082447
2940.388985
3027.007314
2718.718508
3727.15737
3663.993647
2909.936018
3500.196566
2914.663658
2751.035237
3058.524087
3211.656652
207.1605964
680.6303116
845.0486172
517.9593788
514.580886
809.8371536
1855.064169
2155.857659
3983.014926
6323.275088
6595.995864
8472.102921
7419.956218
6593.394683
5606.090093
6628.843785
5736.995521
4928.822262
4945.273909
4913.064207
4516.758436
4495.479292
4009.087792
4083.705212
4487.770317
3806.141521
3809.346758
3539.56852
3274.626611
2577.745107
3003.122336
3046.512517
3255.657516
3298.558261
3292.764884
3658.193043
3585.327031
3296.035364
3493.188202
3106.4055
2784.514202
2483.134943
2323.329895
467.8761019
869.6676844
765.884712
1811.259009
2036.642934
2092.35526
1204.366576
2384.451746
3714.448011
5869.350579
6977.331081
6547.041592
6350.226587
5678.52307
5441.315089
4861.368024
4126.549589
4331.390477
3694.725467
3871.022978
3654.068967
3661.249495
3368.553714
2987.1192
3456.424197
3422.125194
3022.981984
3203.506467
3174.640777
2717.92792
2632.262776
2299.594268
2314.196883
2210.947196
2344.560087
2570.569868
2891.59146
2725.742816
2255.177812
2340.550148
2504.238319
2628.96565
588.2894701
211.0305654
348.6721692
1333.814611
2145.150529
1586.346544
2365.630279
2129.431792
2710.234643
3749.844419
4649.421357
5685.103658
5822.250665
5493.565166
5379.716917
5429.662546
4598.259307
4526.196768
4171.837146
4071.522007
3749.705684
3260.396864
3967.489706
3666.742087
3132.772411
3171.479962
2663.507913
2496.586582
2469.582527
2613.805287
2879.744829
2581.721068
2389.071932
2141.722473
1963.771588
2472.673987
2264.799273
2299.592061
2535.074808
2057.493452
2476.734866
2834.396791
1142.302507
349.5444909
321.0969723
1162.233356
1323.848528
1607.189882
901.9839011
1716.409883
2106.687215
2909.997241
3819.211332
4755.961866
4898.687515
5099.27715
5402.743274
4774.797917
4773.064062
4346.936767
4327.59961
4102.36176
3835.554775
3428.709297
3374.542129
3019.336392
3140.772716
3269.730179
2980.934586
2598.077077
2487.226355
2543.682742
2477.983671
2465.695975
2529.49104
2430.670713
2335.835231
2445.634741
2285.196228
1988.068947
1941.78637
1937.613823
2515.689884
2540.227429
429.4569836
878.4088218
394.9630399
995.0465668
945.7214933
1443.456872
2527.228154
2154.647204
4212.505973
3784.287578
4275.679533
4321.118188
5406.868315
5179.828742
4660.639062
4904.838168
4854.54062
3958.065297
4063.911435
3455.195008
3142.770105
3616.926445
3609.932686
3459.7847
3097.945745
2713.599772
2838.271437
2610.116943
2615.058388
2654.712546
2267.133665
2378.234221
1901.224059
1952.133138
1975.173576
1815.153517
1930.789949
1955.570312
2128.876449
1941.91806
1902.717918
231.8055758
690.0655878
641.4489928
352.3408089
905.1509194
776.4284169
1270.356832
1944.849879
2665.56799
2532.913837
3098.547102
3030.644921
3599.47887
4292.865541
4495.30901
4372.121768
4332.23233
3798.730199
3826.170025
3469.304856
3371.83983
3322.91646
3143.682424
3081.902249
3052.410694
2917.431959
2723.810857
2550.221971
2562.787719
2753.71121
2452.640463
2329.958173
2147.991974
2207.078936
1991.254522
1942.990087
2042.884542
2020.602078
2081.089679
2221.262117
2236.339212
233.9068471
289.0734244
438.8359242
576.9483945
558.3134668
902.2523819
1597.120826
1632.76607
1280.518214
2747.817412
2649.780819
2616.250897
3293.32639
4130.598232
3910.427299
3728.277029
3428.882663
3603.271899
3556.686859
3775.451945
3231.058321
3494.809517
2780.905574
2961.347532
2756.33555
2742.021406
2534.81258
2521.237582
2321.175593
2229.27233
2326.974626
2080.312106
1949.124725
2039.308439
2244.801844
2146.967323
1944.633827
2028.622301
1967.92648
1856.698582
2047.923935
210.9825676
400.5318742
528.4713112
382.8357775
2319.778398
1600.80271
1544.499942
890.3087979
2352.587708
2514.747059
2232.665683
2312.218893
2687.468802
2662.456661
3476.669629
3850.330675
3331.151235
2924.131223
2923.708033
2753.342689
2796.116862
2804.190047
2471.909908
2397.739621
2533.369956
2247.133161
2324.001623
2466.559328
2408.861917
2252.383121
2210.50566
2056.519207
2174.188405
1981.259092
2267.694832
1820.688404
1945.437816
1973.310634
2002.667662
2095.944768
218.9107945
219.712072
255.7361837
215.3390639
713.0760796
563.5718322
1148.712041
1326.399888
1519.653758
1695.886956
2281.867445
2949.789878
2112.802857
2422.347766
2545.68129
2933.917265
2993.317121
3080.596367
2740.133876
2730.219043
2508.861169
2555.99259
2498.594707
2710.65875
2557.798028
2341.239062
2234.970671
2223.646528
2419.277613
2319.273681
2126.322587
2328.05193
2216.172588
2257.930731
2061.296119
1862.671393
2012.025437
1803.110153
1882.502902
1843.004987
218.660765
218.5449695
209.3085039
630.8452456
987.4858391
373.9104818
1008.499512
595.003733
955.1552124
1584.932701
1914.253902
1970.112478
1970.666263
2066.831674
2080.84227
2812.532621
2112.005652
2609.984298
2298.671675
2496.678268
2189.564874
2411.716226
2881.428221
2472.65337
2344.432288
2331.080369
2333.457789
2331.270426
2126.666238
2094.824889
2022.429329
1971.077161
1944.748919
2079.465689
1885.736143
1849.404413
1836.613576
1760.704465
1878.257325
217.6267971
678.5700107
217.6209829
729.8893049
560.6854333
782.8749045
533.0177537
719.8049334
1256.983719
1091.284818
1464.967161
1598.579523
1591.071285
2305.948428
2740.278913
2593.249866
2589.108902
2366.809881
2593.663333
2139.591063
1835.943166
1916.726598
2326.373767
2394.965844
2362.783262
2053.026983
1928.959689
2230.623101
2198.348156
2151.194295
2091.841524
2147.839121
2056.744697
2082.554655
1947.48851
1854.583405
1703.713644
1913.497106
1789.317122
220.6691409
767.0041158
307.3633112
613.6112436
400.3253804
301.9056867
278.5942743
1219.534619
752.036439
887.4427459
1475.751109
1382.016913
2166.937077
2080.946308
2337.965745
1857.825134
1982.638542
1989.709204
2111.187882
2166.541318
2190.267103
1830.757056
1990.569321
2186.274486
2212.889901
2073.745577
2063.889942
2124.706617
2003.254056
2121.777012
2126.593978
2127.815605
1931.771436
1819.568656
1890.185961
1749.737634
1678.759751
1729.862975
873.9372439
229.8426966
444.6264034
508.3307799
251.7228108
511.1788255
890.1135906
624.3338472
779.2516664
1073.28739
1479.895983
2038.057993
1605.684583
1504.662991
2176.260666
2075.642428
2195.112466
2293.397335
1931.80717
2156.498184
2154.919687
2215.675258
1796.641517
1924.927154
1841.014667
1702.437455
1846.058781
2034.513785
1972.550039
1940.003414
2024.471575
2160.68376
1986.139334
1848.617058
1694.666747
1717.013407
1778.633934
823.6547571
396.202736
263.883812
553.7782571
428.9804301
586.1427635
779.6779028
453.0525036
578.4714091
780.1902394
1681.598286
1422.46948
1823.034098
1504.298484
1599.656522
1925.264832
1703.83744
1716.61033
1966.366075
1838.618931
1680.635751
1839.171679
1758.692186
1687.549083
1754.590864
2003.571418
1787.805506
1558.120091
1663.633871
1655.853103
1780.268183
1676.286788
1684.852313
1847.305701
2152.913945
1597.421423
1508.641486
211.0365972
216.2072399
735.1589946
658.746199
643.0761484
514.8695562
755.636851
774.9950781
891.0764276
1012.763145
1207.72704
1073.973264
1032.738511
841.1123666
1450.071314
1286.032656
1716.169794
1486.86654
1655.669233
1165.025823
1511.224185
1674.062249
1479.586599
1523.554152
1932.046572
1767.973932
1728.781619
1930.65169
1877.598678
1746.55207
1609.090913
1665.647495
1586.073194
1512.973267
1817.449875
1675.093844
207.2552515
204.722033
306.9593802
407.3797359
223.0176011
361.0368765
739.4935918
975.5959671
742.0710164
853.5470662
1124.860983
1119.875694
1100.355163
1173.681842
1534.471866
1403.268666
992.9792986
1579.866741
1530.056144
1638.806163
1645.352077
1600.271832
1466.594021
1487.456997
1706.800498
1725.807747
1532.731656
1449.157519
1593.564521
1641.151625
1516.745411
1621.276371
1321.846602
1608.181164
1713.53521
209.2039521
241.7029188
385.0326974
218.5268833
302.5853728
576.5566666
1113.815468
1189.284934
1268.786089
792.6492414
765.7078687
1129.757014
1094.243171
845.6888535
1196.039897
1242.464512
1199.688436
1424.127719
1642.942578
1431.610212
1273.422791
1482.549197
1399.110307
1451.770628
1549.801368
1271.43591
1255.480197
1142.170894
1393.640865
1314.292454
1385.47145
1492.357485
1401.457708
1404.322879
209.9819671
269.2833583
264.5837381
397.6381546
319.1102039
754.3424231
727.1042844
557.1796741
946.4588709
994.1181889
914.2022039
858.4356587
878.507216
792.7120046
1141.531811
1329.036329
1357.883629
1565.077431
1722.092295
1358.266052
984.8922602
1037.128474
1053.322133
1431.834508
1469.267244
1081.504948
1038.754408
964.1636234
967.9178277
1038.798648
1224.550787
1291.856534
1303.826021
222.6196968
299.1711099
353.7364198
548.0474376
497.1927478
675.3909866
462.9761093
515.244671
920.6642989
933.5873615
966.4437656
813.8293854
976.1461937
1016.045274
1088.586752
1432.283322
1020.534786
1055.762695
1123.273636
841.0936311
953.3025237
954.5194725
819.6076838
1055.855787
1276.090748
1085.725274
1080.830466
1037.779615
1142.06479
1214.388136
1082.635089
1140.746014
298.4641403
469.6167468
692.6510849
443.6436666
410.5139619
716.1401199
360.9244527
716.5056458
535.0738156
1007.603129
787.2086807
891.0371047
821.8430381
843.5393396
1063.002109
1024.699345
925.7957716
1013.056352
920.6559638
873.4193954
1052.404467
1156.952617
877.8019486
833.1033513
991.5971333
1110.397284
1219.602151
1171.302378
1084.013055
1251.503588
1128.713728
505.8198485
759.1796987
511.614999
523.2890891
277.6895028
365.009823
454.0815778
439.1295282
611.3406851
796.5662404
718.5709314
971.1913103
682.4499059
952.5610296
1371.827838
1179.908905
1047.808326
1170.49844
1012.011739
904.1546729
1103.459307
1063.987427
996.7239923
886.6555511
993.1762834
946.1963692
1126.937088
1009.638423
859.6961032
1051.663827
478.766366
454.4630942
424.4055417
306.9325329
274.2034952
320.6591233
466.5821125
682.9999414
769.4719224
608.5117023
686.8618028
787.5662858
784.2452968
818.6382505
772.1755627
828.2539591
834.8086145
848.2959935
734.4874664
788.5052004
910.9660794
716.3173721
802.3831528
1051.629505
914.0474888
904.3058781
969.0604846
874.7968325
202.4706878
345.6425537
327.4426658
324.8837895
374.2473638
296.4974107
587.8265533
306.8701802
358.9082818
753.9281573
552.0425819
885.2779136
530.835714
840.8139591
948.8245421
733.5929088
851.7957371
1042.707222
765.0731686
659.9130747
729.5738861
690.8348582
740.6638972
891.1302491
912.164235
854.7968633
896.9002493
281.8625159
200.7230708
471.6813101
282.4153187
439.3506481
411.8306986
370.4627459
573.4766745
906.9616757
786.9022092
879.8777395
688.6148729
869.3079433
795.2286687
616.2751732
654.9746977
939.9188319
641.1822367
541.4498944
582.8004321
646.5388333
630.8339383
858.7300007
690.5245227
662.1860542
230.0201049
280.3175017
214.7022533
311.6737041
470.9709
387.2419812
458.0568073
496.8239491
525.9535784
622.7380509
566.4132591
710.2566655
606.0744559
480.4620656
551.2277744
606.7767397
490.5912003
381.106403
419.739823
712.0680433
851.9158591
1078.842109
1073.21626
200.4180333
353.5991444
512.5966494
480.2284735
322.3984015
390.4987452
634.0972293
698.1994254
628.6433471
564.1389782
623.9194609
644.3477829
484.1525776
546.0244139
382.4878231
359.0713778
375.8451753
387.0701297
261.986803
456.2880201
750.625485
459.7070403
484.7390721
662.1480799
568.2944295
528.4767827
703.8801478
416.6161524
473.3200528
912.8720655
1419.397418
1659.64503
2515.088006
3585.774349
6186.638878
8931.448827
10169.40999
6784.93168
0
0
3675.889573
3133.158032
2454.725393
3449.987969
3946.444978
5441.648577
6387.896537
4823.232159
5199.809082
5237.320761
5028.605808
5301.600353
4169.200202
1295.620615
500.9004406
222.0819667
237.6226349
540.3122786
2499.238644
3142.146264
4450.170033
6523.946962
7304.786485
9378.389449
6702.896264
0
1617.174304
3413.51227
3248.942892
3205.43532
3846.578138
3959.562623
3732.007195
5252.2752
4443.135465
4345.928654
5361.78299
4258.060798
3406.439318
3734.675194
219.3156708
770.7936007
928.7486805
2193.245213
2480.966062
2738.671892
3797.598622
6125.536958
6202.073459
8373.445735
10800.61353
6133.060182
0
0
3845.481357
3605.093862
3471.238656
3374.976982
3988.341791
4546.317352
4555.136255
4772.919548
4424.2155
4227.83146
3978.837208
3470.729885
4118.30089
204.454539
213.9944283
228.9361684
1288.094022
1354.647631
909.0841577
2126.223259
3331.80872
6526.781339
7082.761023
9500.278497
8346.364105
3763.737948
12.14366445
5972.660211
2997.692234
3437.554755
4400.172706
3390.645731
4174.586139
4348.07204
4005.861172
4305.949898
3855.556984
4442.164669
4990.733458
3608.849825
4157.702251
215.4737417
895.6669494
1438.149315
1039.60272
2264.025323
2200.620265
2959.177419
3982.077133
5463.252681
8293.699347
9083.87887
5852.660148
8756.274545
2926.125612
3698.19719
3584.4574
3750.470654
2962.998131
3245.3264
2384.412076
3274.619902
2976.740741
3766.189858
3310.570061
4405.668318
3810.817641
4089.64537
3893.699561
606.7475915
769.3551544
722.0549863
1412.52509
1321.192693
1241.302348
2629.816516
4334.468129
4968.770381
7028.087892
8013.319946
8392.963144
4988.858221
4561.852899
4648.919108
3880.761114
4758.390828
4563.552123
5849.195677
4250.468446
3930.039955
3168.872343
3797.22605
2750.814629
3857.605505
2931.180248
2848.901988
3230.173967
3852.114086
3944.362813
3170.905556
3652.003441
3952.721091
226.606123
559.8060563
533.2780396
406.0122274
782.069484
1787.585164
3237.833788
4610.476788
4740.313969
6904.987277
8554.85014
8356.055755
6272.304456
6000.427004
6182.293756
5497.660209
5703.664339
5306.410857
4701.581825
5001.130004
5111.479463
4106.472556
5352.966597
4528.453521
6299.41107
4821.70558
2854.714995
4480.195335
3831.299872
3773.330873
4336.688003
3996.410666
3642.529178
3281.387682
4057.504724
3013.783687
4535.487716
4548.62007
4240.689555
4229.051084
4036.410983
4389.994404
3834.691368
292.6748608
624.2696367
465.6576729
707.590522
1509.283314
2369.253945
2550.528004
3115.229856
4807.63831
4996.185438
7607.050127
8591.56078
7170.788922
6256.700245
5436.167139
5322.610257
5567.603468
5102.871197
5382.427252
5035.303595
5848.292097
7207.403726
4839.828996
5891.322859
4798.50676
4066.915205
3403.19831
3613.857388
3488.113503
3561.267616
3773.165097
3660.684533
3378.997068
3133.881836
3310.95256
3342.830837
3387.321926
3215.513715
2652.757788
3174.145551
3832.327867
3379.454238
3133.75706
207.5804103
291.441959
438.2940963
826.5112558
1266.318762
2103.839506
1965.096391
2666.253256
3096.617916
5131.121308
6864.434462
8177.981343
7653.693254
6692.146994
6062.499795
5673.061078
5469.965048
5141.834788
5166.712792
4944.015886
4483.870895
4968.43805
4336.91593
4357.160287
3975.286887
3562.172159
3294.440176
3484.559412
3566.02818
3488.315757
3191.877535
3254.169269
3306.810708
3330.29483
3203.86303
2478.888787
2948.310325
2504.871691
2641.777456
2239.43577
2320.262657
2122.21756
2350.536787
209.7583782
218.6825369
895.0123426
659.3374982
450.875565
1159.482395
2592.515796
2626.917593
3724.021392
7331.835741
6645.218286
6938.985518
6018.372011
5431.236864
5171.827742
4836.104211
4695.451028
4222.468295
4451.192178
4508.05629
4024.829194
3620.050795
4093.530031
3652.455321
3658.957753
3814.68631
3373.940448
3497.698952
3146.003493
3001.873978
3078.244459
2926.544572
3050.83093
2876.159694
2766.218986
2391.040244
2117.312655
2362.590349
2404.879897
2331.632374
2464.49443
2198.22288
201.8487992
532.9383128
815.5078113
198.6160322
407.2686875
1596.428838
3042.587473
3834.745451
5040.447349
5415.867351
5865.46409
5955.483163
5533.095913
5363.646691
5218.116171
4700.470941
4412.77085
3953.000205
4312.148676
3742.428386
3470.009959
3470.56776
3058.483975
3437.882119
3138.961555
3485.974953
3461.012467
3000.956844
2850.271381
2655.004481
2585.018765
2334.7674
2334.120827
2523.976
2660.322211
2073.920251
2171.677594
2483.960056
2420.012377
2437.225868
2042.148878
2230.686843
945.3145059
841.9476228
1571.202527
1282.882276
2106.541976
1216.913357
2739.432239
1937.289039
3960.433324
4093.564573
5435.086821
5821.772468
5440.865606
4673.277673
4407.640857
4740.712754
4199.473601
3976.734319
3348.598422
3478.609569
3166.394475
2887.123778
3280.283995
3196.533993
3030.640452
2921.66513
3016.681842
3061.321784
2924.899851
2512.625307
2177.663088
2396.376627
2268.605622
2476.827602
2536.102071
2148.592542
2097.815835
1908.14553
2020.577213
1810.317112
1652.062022
1983.511617
450.8631562
317.8124263
620.9642761
581.8752074
927.2181095
575.350267
1457.255567
855.1321096
3098.556127
2175.341291
4176.886167
4470.979268
4848.508204
4622.462782
3574.15404
4045.361485
4369.674446
4089.207057
4087.117335
3817.248722
3133.900916
2784.515469
3030.454945
2926.580015
3040.939946
2865.056086
2879.187757
2743.977592
2644.67567
2206.55618
1962.20531
2389.081324
2444.033493
2276.595018
2247.841309
2354.074564
1994.255298
2187.25328
2185.027503
2474.596442
2237.177235
2548.763536
214.973543
717.1774682
584.2063056
1094.862124
1115.143431
590.3474959
703.4937492
2309.25908
2446.975269
2444.952519
2825.9854
3649.799573
4503.197293
3749.695199
4531.176932
3847.383486
3873.847418
3662.684964
3595.270639
3690.78767
3058.214046
2738.917569
2334.532604
2484.980148
2335.341087
2687.691074
2554.673824
2380.323755
2607.985474
2557.811236
2529.831679
2329.314326
2522.48174
2559.053695
2230.338171
2179.842952
1919.162128
1696.835345
1959.128184
2156.559405
2013.043051
708.5503877
818.9544835
763.6834746
1287.847008
917.0794473
642.4153748
1293.111206
2313.541239
2932.882721
2190.07104
3120.427635
3927.467825
3757.76308
3735.72814
3711.804172
3546.809051
3590.420691
3975.48078
3542.946771
3386.40587
3014.743708
2859.3953
3147.026103
2843.705582
2948.712474
2707.713131
2778.571846
2601.89954
2540.443099
2342.039871
2199.071979
2318.473174
2204.614204
2086.487573
2155.840943
2112.32579
2004.128511
2095.874619
1954.383285
1975.70183
2140.14236
512.9414089
232.7314036
480.3569748
825.3001332
943.7448969
1109.93634
2073.314416
2830.503434
1796.368113
2524.3709
2289.019888
3024.98453
3621.584543
3193.555403
3594.462276
3190.444354
3187.213106
2739.687259
3080.140604
2838.800796
2801.866254
2567.429861
2541.327733
2698.141945
2396.095043
2614.782864
2663.006603
2276.976247
1951.162076
1957.571641
2280.692456
2426.255992
2059.284597
1731.388855
2109.322995
2274.656193
2028.275626
1993.011
2220.003211
2037.469076
393.5110124
293.2900771
516.8629541
278.5317439
949.0859668
797.2487876
1202.357591
1871.653592
1794.613321
1208.473407
2810.499818
1727.119177
3575.034993
2858.543602
2767.924924
3231.983289
2926.903473
3001.658741
2942.162142
2663.253149
2174.126673
2407.529817
2206.117605
2163.833548
2277.88536
2127.438379
2224.596948
2320.135706
2345.732033
2268.628996
2373.038196
2315.711383
2229.863126
2183.7883
1854.600405
1798.991895
1900.622852
2043.942662
2013.402926
1990.914581
380.9591906
222.3670406
547.071692
924.7293556
925.0603108
1289.22041
1825.878795
1261.88865
1234.889497
1903.533301
2495.885634
3025.741671
2162.371612
2973.077314
3376.649354
2966.338228
2708.22862
3028.751071
2949.854592
2868.969457
2474.363659
2642.058403
2296.486699
2288.605473
2261.583714
2199.472758
2109.621217
1986.421804
2258.203147
2383.94583
2063.512058
1877.806887
1897.50296
2184.355061
2246.301353
1984.193576
1936.867525
1980.473567
1900.458086
375.5733147
320.647975
570.5051662
642.0369519
695.8631087
952.5598033
1255.870774
997.9142266
1469.212248
1468.266844
2365.580715
2277.194403
1807.258573
2131.69301
2684.47892
2857.098247
2574.592245
2464.935705
2533.981894
2371.045598
2451.383644
1904.149596
2069.174226
2161.247197
2341.125609
2164.928592
2384.713751
2215.313517
1911.529617
1986.633407
2199.083246
2135.324585
1888.936311
1703.834109
1886.720734
1983.658403
1836.911531
1839.088813
1733.646167
294.5243024
406.2636616
482.1673801
427.0689719
870.845176
775.6553141
1056.615224
979.2812703
1618.422164
1544.264526
1884.892194
1289.258941
1003.137383
1784.356885
2138.984215
2149.909873
1839.088153
1996.38596
2283.76678
1976.609248
2007.680208
2180.244139
2084.695326
2291.672385
2106.102761
1781.529697
2160.529358
1965.660553
1936.004107
1864.098663
1814.589527
1897.351881
1962.196803
1839.769883
1762.192692
1737.741894
1668.900444
1913.319933
578.1572598
311.4641565
242.9414544
364.4041863
852.3744713
518.2710906
389.7096557
540.9321774
672.0268976
1184.224392
1113.320895
1148.305391
1495.851892
1774.31399
1588.520895
2006.146429
1735.764622
1786.419197
2171.616379
2156.615861
1905.213748
1654.903384
1777.978925
2143.475365
2092.123985
2002.564605
1972.816343
1915.668284
1644.73071
1648.268387
1628.658006
1657.526042
1580.50784
1576.97152
1542.146292
1586.198027
1594.304598
1487.106353
233.4663788
228.071659
352.5629813
854.907637
805.2823348
288.2861793
450.4390645
896.1194003
959.295509
1174.566502
1456.05632
1327.24773
2209.156922
1698.310919
1805.051063
2169.378047
1680.054113
2103.328285
2156.040805
2194.395331
1982.375789
1933.742587
1604.021048
1660.171609
1641.537796
1745.993052
1945.02173
2028.193365
1887.841584
1909.62729
1950.436463
1795.304698
1959.172424
1684.782369
1607.306137
1691.857622
1579.056626
279.1006931
319.0414703
415.4355
551.492463
417.2058012
837.4347507
545.3477292
693.3338022
988.9213991
1291.988664
1249.384593
1985.965
1468.263115
1100.794956
1635.390031
1491.001796
1487.802867
1700.448084
1920.277274
2054.131245
1788.9337
1935.021147
1830.956505
1586.198034
1604.696697
1702.692296
1780.834585
1686.326161
1619.971649
1608.709512
1799.572494
1617.777769
1530.940493
1567.941577
1614.584877
1557.694602
219.1174505
222.8869014
403.521864
396.4985861
337.6210724
400.8431394
580.1866334
452.4122471
1082.605087
1035.88187
1073.286024
1454.781579
1535.154342
1297.507999
1389.84493
1545.598183
1295.388168
1590.788404
1809.294453
2261.187874
1489.690217
1541.492261
1474.755661
1536.449838
1546.335385
1801.255774
1841.872596
1628.034661
1401.710577
1309.950336
1353.441827
1430.519828
1341.942063
1408.014101
1491.230629
1686.47957
209.6863989
590.7991879
210.7444037
527.2888047
572.9028729
400.8169405
519.8532348
622.3008692
953.9302806
518.5644118
843.4560247
1023.569833
779.3515664
1023.629501
1010.570563
1239.402953
1491.720448
1428.28925
1754.522268
1495.162609
1430.692633
1276.993489
1277.117432
1311.918525
1261.304193
1696.527364
1719.377918
1577.863228
1661.909994
1565.138997
1543.462681
1422.707814
1480.830887
1379.328199
1511.449041
235.9757187
403.7424429
239.1356613
344.9303581
427.1738518
675.2819045
478.8227996
417.4443494
741.0937852
413.4963821
626.2244104
888.3254222
1030.414616
826.4660287
1075.347779
1031.628022
1214.957051
1141.565951
1370.799365
1154.212209
1287.165422
1132.876054
1212.669428
1212.94856
1079.886562
1165.893179
1308.472789
1414.196423
1320.927712
1454.819597
1362.76022
1377.894465
1346.495126
1363.054297
346.0305334
382.2643768
226.5190854
220.1294789
588.3761857
421.9661588
393.160632
341.6644715
379.8509443
564.7168714
763.9433478
747.7680697
749.4856592
750.6713097
964.9780206
905.7229218
1050.085123
1160.55494
1077.561672
1393.368707
1212.371832
1076.288116
1265.00077
1239.117863
1258.495416
1180.621264
1122.222811
1133.355591
1160.753242
1342.731017
1149.87982
1226.719983
1327.35
510.8370831
347.3987853
231.7424131
213.7084118
285.0058091
535.3878733
487.616824
514.6910734
662.0523146
536.9397194
642.0334394
676.592962
743.6079791
847.6802935
1127.123631
939.855566
1268.267326
1303.922996
1383.553027
1228.111126
1200.680835
1043.210621
1157.938138
1326.512489
1398.535506
1191.389811
1111.089098
1201.869575
1007.703241
1027.731257
1142.236151
1034.750242
417.5368342
325.1841155
308.3546602
247.5017517
366.4234517
379.377641
401.7111737
457.7422206
571.4562849
576.1778084
640.8965809
900.8527494
737.1748224
862.644834
790.8530922
924.6622353
840.8605616
1011.017336
1274.814658
1025.636454
1018.228649
1052.872303
1152.434648
873.9334071
906.4136494
1112.495197
1018.048921
1077.448906
1088.759328
1074.466705
979.1822346
323.5743068
460.2670851
326.6372733
504.7502119
402.128498
333.6651061
375.0184857
599.3514681
618.5381755
539.5926913
683.9478727
579.8695245
502.6420232
695.7902749
1153.436539
1032.692595
717.8245617
759.4970483
811.6108429
954.453599
906.1661343
926.8758202
927.8683155
968.3536957
974.3752839
919.1142216
967.022267
1087.871399
1040.124892
519.1144191
333.3121413
414.58927
278.7687985
409.5021314
259.5674443
388.2457192
672.0935157
825.9429393
525.6354497
820.5386572
716.6439184
720.511023
800.2912308
979.9917683
875.514411
716.4964666
815.1147095
814.6046106
796.789724
748.1588015
806.402316
798.7105
872.7475806
858.6525444
787.5451958
881.8357903
867.7896627
262.5237331
395.1617887
260.1311515
383.8133496
302.9326061
513.498497
589.9456428
721.209984
446.6867411
520.542191
657.1710545
818.4285153
710.8977579
696.4280706
764.2493264
726.0604209
718.1661388
863.6064712
949.4529022
957.3970195
965.1497018
750.8711698
830.8458354
911.8300436
764.7233382
953.7746963
239.906158
281.7443132
240.4300015
284.1905205
425.9244051
420.0443969
388.6159628
536.5521001
644.0596742
675.3055355
758.1434162
668.717224
719.9646705
753.2314862
700.9712016
761.739005
668.2608819
719.8618781
685.114824
840.5336147
969.6422736
603.7331165
582.4366972
680.4009442
807.9827196
424.1271219
567.4660764
442.8857906
262.4769613
389.1095245
450.1539774
546.9801643
732.0995511
627.8297066
493.2853231
660.5009052
634.9463896
603.9633303
539.6755505
752.2797835
872.9199809
521.7352939
614.0076658
659.604607
527.8746056
710.4375233
657.3925072
232.5295445
277.920476
339.5763973
432.9142187
527.7471642
581.0071493
512.3269992
504.114199
589.2559979
589.8813363
502.2464794
489.6277523
527.6771397
583.2019459
546.4148216
547.8967711
648.9084548
490.160875
481.998283
745.7231697
304.2678654
484.8067034
230.3272202
313.410854
368.3698476
1256.520541
935.157125
2242.97564
1995.249807
2685.413179
5181.522484
7963.078343
9068.714653
8303.396846
4732.335794
4881.992415
3706.309868
0
0
3428.118662
2352.397414
3449.1207
3675.019291
3180.883655
4467.948518
4932.527412
5387.799954
3122.111751
3963.973622
3920.536403
4078.35058
4285.739127
4943.578594
213.7816207
414.5873854
335.6811541
289.8818563
1274.459703
2196.199148
2022.102326
4743.13172
6223.760635
9012.819227
8551.076786
5958.215627
4917.347184
3933.250558
0
0
3755.793159
3376.561224
2864.08526
2879.502677
3220.583493
2802.361423
4872.644526
5165.17503
4356.091995
3996.50257
4534.116801
3883.120568
4398.142495
3758.102808
241.685496
628.3664354
861.5157254
1316.492373
1800.684044
3162.800535
3513.217496
5382.030612
6969.317762
8259.57851
8924.284996
5640.201114
5401.488894
4797.679906
3090.475746
0
469.8883192
3809.678178
3250.550406
3014.984618
3027.351507
3222.645294
3200.236996
4677.776812
3562.188801
3720.264159
3739.798612
4006.461441
3444.497588
3536.143497
3449.168619
329.8347066
837.6181454
702.2685709
1393.344102
1486.303616
2957.599278
3441.010306
5036.217528
5364.7713
8342.494022
8724.737396
8069.098832
6584.142175
5088.216337
5163.909792
4222.542182
1366.515866
3208.911451
3897.220953
3679.525395
3237.366977
4192.438785
3975.695852
3631.625421
3079.616634
3384.230516
3244.378082
3938.858098
4085.929028
4058.119654
4303.163962
3703.776579
227.0043366
480.8187612
535.9770729
822.8395106
1003.280291
2436.614826
2872.738925
2994.499994
5964.646911
8392.456941
9508.263575
7987.641317
6931.353632
6364.410503
6015.557876
4649.933278
4896.623693
3776.328146
1557.248568
3805.095088
3461.504888
3647.403542
2849.604036
2812.263719
2388.713616
3199.392703
3244.22291
3482.499003
3140.685091
2854.50004
3494.475893
3325.402728
3690.192797
3389.304807
3511.491746
208.1871324
690.2222645
899.27944
1002.9383
1146.536973
1463.980735
1884.200957
3149.719852
4283.310069
6040.729886
7129.039291
7740.595084
6933.891735
6450.840103
5345.09126
6527.257724
5000.057518
5666.653834
5682.739306
4594.754662
5456.549424
5582.86899
5420.263317
4623.12177
5176.528484
5369.353083
5207.473391
3553.243073
3605.498545
3567.793138
3067.73
3277.377796
3302.431134
3021.735907
3015.117681
3487.495408
3388.748561
3549.024317
2875.234169
3351.696663
3216.923403
3398.874981
3175.619399
212.9283469
281.6396598
611.4312897
792.1661282
1262.441559
794.177093
2197.027158
3885.082988
5011.245982
5608.894838
7460.932751
7806.79844
6286.717965
6554.322111
6130.386753
5453.895084
6635.586274
6484.478999
5858.030839
5953.08413
5161.636693
5268.466648
5494.14663
5330.891497
4431.765986
4360.480811
3883.42813
3775.809305
3164.481976
3047.051706
2609.272778
2935.194206
2717.823295
3404.39485
2749.539041
2946.980045
2510.464271
2786.898525
2084.664545
2554.581183
2351.865704
2790.197157
3531.975444
216.2779406
760.7023854
539.1092068
1100.099676
2079.360018
1620.747584
2577.632053
4123.447413
5888.683991
4994.759908
6297.929264
7150.725138
7190.141721
6555.403451
6305.191314
5416.012253
5360.941302
5352.076863
4552.98876
4611.217401
4786.039134
4698.378746
4224.975138
4464.129526
3894.583335
4218.397221
3739.440689
3597.622778
3684.322798
2930.255729
2908.303943
3075.374347
3042.799179
2729.982309
2588.990431
2777.183477
2927.100312
2380.502098
2833.04805
2618.715434
2717.380898
3268.316275
2921.09916
364.768561
400.4112628
374.1479211
879.8796885
1312.668427
1877.728089
1148.273459
2820.63499
4397.197075
4743.938571
4485.915117
6668.609538
6446.425253
5801.390721
5831.13769
5299.105769
4842.944663
4473.250448
4006.361207
4676.491219
4335.532023
4318.713486
4212.01542
3839.522461
4344.008005
4141.031017
3448.312113
3673.72496
3690.921722
3409.960607
3020.393767
2934.703883
2802.558696
2476.652859
2203.237604
2670.031635
2676.857547
2348.794669
2572.96839
2464.188038
2419.815077
2849.14035
2710.267312
225.859642
221.0027924
323.3519471
1669.272416
1278.658184
2167.437846
2623.030403
3384.376478
4401.697718
4532.423677
5915.478664
5896.679165
5033.651557
5369.658026
5091.101588
5151.117738
4712.132308
4629.664282
3610.311053
3394.290336
3503.26654
3623.47816
3854.225524
3545.029244
3680.90899
3381.430101
3201.75617
3058.761572
2983.220493
2892.701222
2696.163381
2535.105402
2547.458591
2930.894263
2799.944472
2289.332167
2436.782368
2122.305579
2073.388136
2528.268672
2323.537123
2507.444877
224.2850619
220.7855608
853.3601541
529.4168493
1438.93355
2121.271392
2078.357272
2182.151219
3573.029547
3971.544174
4598.25516
5054.391421
4452.737096
5654.491973
5209.14009
4354.266166
4792.503689
4230.742732
4053.55261
3898.07687
3979.098324
3197.447209
3350.486144
2941.2509
3338.677131
3026.880099
2983.172202
2948.863284
2973.274986
2740.805014
2723.948676
2379.662775
2323.210402
2284.540681
2719.814451
2779.188613
2322.525241
2332.046557
2393.351771
2326.310301
2175.533473
1774.186051
215.5944184
319.1277395
381.9125172
854.3768451
1014.350103
1047.144182
1336.296311
2215.110331
3358.13286
3037.758319
3465.552229
4575.129517
4723.823509
4308.201442
4164.460823
4366.272102
4543.251244
3827.259536
3939.650295
3140.662029
3126.331804
3356.92969
3227.041292
2768.182378
2905.962872
2851.913295
2415.152137
2371.928726
2147.018191
2477.544754
2284.037746
2003.442394
1949.844396
1769.156272
1780.27145
2082.403918
2032.814457
2334.941348
2542.85549
2454.216541
2148.943305
1993.445545
801.7877
222.3869867
587.4207058
472.9971881
757.0694539
1695.398376
2671.639678
2669.814367
3429.958531
3348.623645
4428.454811
4516.141208
4592.515204
4231.336981
3841.814249
4063.172038
3986.692963
3681.202801
3187.344733
3156.467922
2813.807472
2742.971976
3281.572082
2852.994149
3131.849903
2953.813787
2692.098593
2753.352774
3000.035466
2786.601365
2294.395522
2157.882236
2594.489484
2402.802203
2677.18371
2591.780073
2340.541343
2343.242712
2183.395406
2139.639954
1926.03034
208.2545915
210.9419122
397.9269164
580.8839054
619.175747
475.0745047
1475.38511
1711.169697
1279.360381
2812.339107
2904.968278
3304.686457
4130.530703
3553.172896
3745.642247
3567.623705
3237.505974
3655.875247
3317.516929
3126.663743
2939.202963
2751.916251
2812.272654
2636.274684
2378.125286
2216.349926
2438.397625
2379.641439
2249.198352
2473.2099
2157.934052
1914.183549
1919.896694
1838.505753
2147.601503
1930.439849
1920.643711
2029.705355
1995.221515
1958.999732
1989.708586
224.3264676
599.8572534
661.6751376
709.7414601
485.9565766
1209.981285
901.922703
1445.881517
1661.829289
1811.598
2915.657621
2702.361139
2931.047337
3433.916965
2484.952665
3444.584653
3100.65793
3003.730393
3485.642646
3128.723528
3126.187538
2663.850008
2471.520671
2954.799237
2844.115733
3038.952273
2499.296563
2124.464044
2393.522824
2553.04244
2724.929145
2424.136197
2221.4398
2181.656037
2125.345807
2120.831577
2179.563216
2028.749614
2034.491546
2185.083132
2251.065531
600.6873254
240.3973834
444.6786338
315.5205712
732.0139054
1118.089478
1341.618328
1410.091198
1445.681669
2148.856989
2404.317157
3329.856821
3234.804492
2533.674947
3190.870607
2865.698169
2992.459184
2937.214025
2433.316367
2973.318021
2977.194476
2782.58803
2644.688303
2631.541986
2555.225846
2435.290705
2394.889288
2294.912929
2222.222273
2167.433022
1891.063515
1899.287695
1981.833367
2037.161109
1827.802816
1714.208654
1859.426382
1751.705659
1593.154834
1802.835703
349.5497826
219.3529978
556.9009885
493.756403
277.7668648
525.2941378
1624.568713
1185.120979
1400.105888
1458.040307
1939.896329
1776.281188
2055.783195
2525.826776
2213.360808
2873.747809
2843.367499
2454.844389
2623.225609
2342.008951
2363.461503
2414.049308
2449.539754
2401.524019
1909.487463
2160.899723
1940.255061
1947.756589
2083.19903
1985.653563
2043.564928
1868.151955
1791.336938
1926.663941
1888.387143
1740.337733
1666.935937
1757.174493
1876.386914
1709.883385
215.9502837
471.1275136
420.2391212
954.9008727
1208.629147
533.6312971
1741.677305
2083.577977
1687.860756
1998.656794
1801.934725
2291.333266
1867.882969
2732.73106
2854.767981
2605.89215
2767.565344
2923.110027
2992.014712
2732.873908
2630.973216
2673.276646
2396.832808
2413.045204
2143.136083
2156.334632
2145.18277
2092.682506
1914.213279
1739.128253
1916.796121
1776.88541
1575.64629
1755.826854
1940.470938
1903.759235
1891.598346
1793.096252
1794.514733
210.0836137
217.5609289
718.5690734
1072.036886
1677.023081
1016.073866
822.0267694
1562.539161
1429.26949
1906.705936
1623.890608
2082.509547
1760.344894
2121.313093
2023.213886
2357.553705
2380.261707
2545.008302
2466.539136
2288.684177
2475.532814
2420.686194
2157.208069
1991.132893
1838.918103
2235.408819
2169.626719
2079.775607
1989.716326
1950.963092
1895.388323
1923.203936
1823.032614
1666.105293
1478.142288
1467.881374
1772.394887
1664.823587
1720.777097
372.2310546
228.9514911
292.7067069
654.1242319
1051.66778
798.0210664
963.6913518
866.0155944
1271.608047
1896.502092
1630.338736
1463.227227
1633.199133
2076.968014
1972.93348
1890.588379
2292.620269
1766.721644
2178.515254
1802.22545
2157.218683
2215.490372
1723.825302
1788.059119
2141.540776
2179.293595
1772.046742
1866.389909
2089.763657
1853.876684
1776.700043
1837.36776
1595.875018
1694.70183
1627.71977
1483.245961
1685.472235
1664.811489
273.350341
217.3064011
249.6423361
339.837128
992.8146073
618.0827345
248.5319383
640.446615
1728.607268
1741.536343
2146.565337
1274.787534
1541.777258
1760.022618
2008.821459
1529.485548
1958.410373
2499.05566
2106.812394
1972.881788
1718.524847
1821.33514
1960.309536
1863.599908
1821.183053
2175.843896
2307.760556
2128.784662
1949.095116
1854.387493
1618.519902
1637.849325
1685.665822
1543.966523
1496.299299
1467.789494
1714.506665
1790.815622
215.2713154
204.4004635
399.8231325
1152.178385
506.3683385
253.3399913
593.8533985
825.247958
943.5580219
1100.781402
1010.260633
777.0593912
1112.872084
1235.567259
1467.442605
1300.144772
1435.986199
2058.102966
2156.173196
1884.908365
1779.502758
1518.93466
1511.679478
1656.066546
1711.671712
1812.105082
2002.453658
1996.76394
1792.353046
1690.130943
1660.962812
1597.539582
1782.72319
1714.572172
1601.475405
1538.465388
1578.107972
214.6182933
335.9707138
817.0413593
364.9725324
430.5088556
394.6226729
895.5810639
1006.984992
647.0749124
1090.529252
1424.551328
1515.955162
1338.39662
1266.889428
1499.871586
1430.068302
1515.268989
1973.165871
1816.883383
1543.662345
1628.836727
1586.437024
1616.57309
1634.02697
1446.231355
1510.811869
1537.958155
1885.474881
1714.656218
1711.265404
1584.351625
1450.663014
1579.958537
1524.505064
1695.533799
1513.680538
221.2488093
280.2267678
624.4964309
264.3545486
280.6274698
657.4530126
703.8695566
612.256776
589.6195645
1461.067004
1598.887085
1501.546749
1612.660093
978.8891497
980.9960646
1133.696675
1079.375633
1391.658575
1731.783873
1581.483586
1658.83858
1630.257873
1742.662815
1789.874752
1634.35641
1550.38655
1372.002227
1443.650948
1559.249255
1489.963541
1564.54182
1511.283425
1404.716666
1251.85139
1497.99161
216.0098283
521.3766424
615.4906214
258.3234329
450.9000239
618.6306229
441.4007628
523.4654299
597.1051725
745.550192
1706.976763
1162.251049
1470.00447
1171.63256
950.9277016
979.3247425
1044.526676
1131.679632
1402.224626
1503.261523
1275.505354
1381.494751
1333.204574
1407.773875
1257.688051
1316.116308
1533.261638
1416.705498
1288.160955
1575.57446
1604.188242
1559.841005
1406.259383
1343.801192
1398.358134
1068.100417
495.0026191
237.7642348
269.1411141
470.9257018
415.3230469
600.7688209
634.6169477
848.3528529
801.7869887
1078.456966
638.5155313
1039.802662
1058.219651
1092.454838
1206.504846
1086.162948
896.9713166
1058.675366
993.1160125
852.2265871
1222.011631
1358.237553
1424.252082
1329.37359
1253.597262
1277.831303
1348.390903
1216.253262
1315.074739
1266.688633
1284.40427
1205.984723
1186.861553
387.8649567
237.07403
239.8721851
225.3358305
410.0007183
435.173171
362.2825974
736.3876979
504.1686888
679.7356955
730.4213018
661.4839488
1228.440396
766.8735806
885.6368598
1238.875198
1004.529107
950.5178284
916.0753974
769.9019575
925.2935719
1024.36757
893.3165621
977.8675475
1161.163829
1107.408231
1292.802758
1206.636468
1122.134935
1152.666906
1171.265068
1215.511373
1062.581363
211.4672918
251.7118835
242.3333543
627.4844923
424.6098083
307.0648042
642.4241157
430.1777795
387.4663226
792.7071442
976.1480437
772.5412364
683.4091855
494.7883384
804.6953884
804.9280414
845.0011146
1002.376782
1202.576014
1066.680254
1015.327862
830.2512147
903.0120462
1022.207977
1359.436342
1291.68113
1188.081005
1121.265225
1111.122995
1162.630418
1236.387962
1250.913406
217.126982
348.1064828
220.2479476
462.0788002
395.6264517
539.9671844
576.1629116
457.0163228
662.8922574
492.4718707
688.7410839
665.6973371
883.0309243
1028.742594
749.9022108
1091.407953
1345.146932
1039.114929
1028.331389
879.0508498
860.6459085
888.7757033
956.602492
901.466007
887.1068372
704.9324333
748.0275123
969.9987438
1060.256307
1155.645689
221.3288891
253.4241663
292.8844949
737.9354074
387.9537523
411.0740045
501.3562509
521.1474654
712.3985166
478.2613278
438.6501902
551.1626239
994.7880771
539.3881844
592.7725797
852.396382
917.7425191
764.1425616
834.7698012
742.8905918
696.2031839
706.2489012
907.703962
995.3606773
959.398208
1012.63705
1009.270802
938.6747171
1009.56343
235.9171252
258.858104
317.8825473
343.6703403
381.3972855
658.5833338
432.4207214
301.9692302
588.2955876
512.6916731
374.3366007
673.2625625
934.4434573
427.999913
551.8789674
739.9199743
930.7219255
573.9209363
862.5984105
1086.098215
798.3463891
879.5711401
792.8047921
872.0854913
799.3675085
782.5474782
927.5204788
1007.052717
212.362433
320.488878
333.4729318
300.4228225
323.1962906
398.3626663
410.7660111
553.2720983
477.121678
402.1148662
412.3898918
442.6071111
465.8778819
502.2759588
786.2819013
679.066847
517.4991907
814.5141775
928.680901
907.8728435
666.2162587
651.0354017
709.2862625
754.8183644
812.3576564
862.6283792
218.0694457
283.2020442
397.7216266
324.386779
440.3429508
380.7707515
615.8755276
533.7194148
475.5319587
528.0094798
510.9372103
519.4503244
657.4444525
834.2132522
781.092312
728.2449279
670.2367258
666.9242273
699.0389507
702.6107144
680.3166958
636.6264145
525.6292814
505.3422633
298.2350654
338.8010581
313.3146211
373.2014375
443.9489158
581.4934134
366.9756572
350.277801
468.3372123
442.3865881
370.3837643
663.8685934
487.2113611
479.8065484
660.0164367
590.912914
678.0222839
704.5265265
683.7976495
655.4616376
460.7336876
271.3969983
331.593641
319.472466
330.8978656
245.7763235
512.4092604
690.4638622
488.4679757
374.6459635
479.4379458
471.6907047
430.6993793
558.8795821
655.6042222
533.9600698
247.0558078
301.9256512
399.0389661
1230.577343
882.5035847
1206.896644
2828.420444
3438.108122
7226.605199
7891.415685
7583.538963
6528.397475
6395.120719
6646.371005
6154.455362
5283.161084
4702.447086
3861.271295
0
1955.243975
2958.242243
2425.066931
3141.667798
3837.329154
4536.085115
4963.084835
3992.555123
3698.469145
4082.59266
3847.846526
3323.416562
3288.68744
3871.481628
3738.70885
3698.109442
225.7402274
608.2143243
319.9914502
635.5921779
1411.537819
1593.131555
2758.817032
4622.981365
6268.808593
7204.933734
7329.219379
7388.971899
6831.993737
7426.459182
6045.280588
5506.140125
5123.668992
4110.627101
3795.070503
25.6999608
4832.289208
3457.011578
3818.572332
4410.984121
3802.327045
4359.879756
3281.870739
3848.858061
4535.269168
5515.399804
5205.559463
3038.995654
4272.874137
3811.036042
3190.697394
3135.239008
420.2527376
758.9237821
215.071505
370.6263296
830.3094595
2043.997261
2607.530195
3623.626906
5403.139433
6390.080336
7268.07496
6900.747137
6319.461451
5911.734907
5435.319262
5515.989026
5637.53144
4782.316696
4386.617875
4507.209463
584.3172042
3168.419255
3973.194192
3979.184977
3057.000558
2829.132384
3123.42968
3326.972708
3726.31156
3691.960881
3854.149644
4073.029026
3741.093343
4040.528294
3576.541785
4339.839351
3552.881517
705.0056088
606.904816
336.6629382
528.7909827
679.4689964
1836.081846
3596.395454
3011.007406
4725.665436
6638.753118
6780.829252
6907.739418
5475.394167
5516.731088
6160.883196
6554.718598
5897.353949
6561.314297
5149.971518
4275.435229
4389.46403
3536.622507
2860.785796
4134.076251
3870.302471
4240.410885
3385.834296
3035.629946
3411.796514
3531.276856
3152.033698
3194.687065
3520.054541
3634.573075
3401.471451
3350.949176
3695.630706
3082.161515
3271.269659
228.3034586
663.8905514
705.5570778
635.1702108
1395.859285
2221.749072
2049.774987
2682.702796
4450.328463
6483.591396
6915.956474
7035.361809
7188.822219
6488.964123
6639.681767
6204.9911
6347.632159
6128.202763
5446.901683
5997.327956
5876.510237
5457.278942
5165.065402
4706.902635
4822.752085
5324.944528
4865.343148
4187.509108
3322.35852
3729.362869
3796.637093
3619.859545
3239.152047
3053.825458
3156.738468
2638.71645
2604.650968
3412.040439
2475.456836
2909.956973
3005.055785
3396.656245
3327.516743
215.3285258
778.6252994
315.2919901
420.608984
997.8222467
818.2224262
1152.746795
2662.963423
3275.257127
5294.690397
7111.925152
5781.760103
6026.62194
5996.84097
5854.21891
5730.592848
5361.850471
5275.125449
5840.223254
5558.513887
5166.481355
6663.948138
6417.71617
5653.238773
4914.058134
4768.827817
4349.665715
3558.144434
3166.777369
3255.253072
3502.933157
3501.075766
3846.966768
2976.513301
2805.314579
3292.803474
2834.434698
2389.703074
3004.999854
3148.353031
3028.026454
2353.90742
2445.216733
229.9587854
521.51062
466.0594704
481.6649564
468.3864168
1057.483358
1877.189966
3712.620032
4099.230489
5407.354147
5874.295042
6926.225572
5743.799208
5650.43676
6004.285805
5531.056094
5237.954273
4885.152106
4336.362761
5021.212354
5442.381277
5034.014243
4995.909632
4263.827336
3986.081488
3845.500033
3737.264023
3686.042831
3383.674782
3044.075509
2682.458841
2573.239185
2661.861595
2697.79163
2681.095674
2495.043529
2411.518528
2528.438311
2419.687118
2633.986202
2775.482683
2252.993047
2765.812591
213.4718702
614.0244253
217.6707119
413.763587
738.8546959
1494.346923
2136.620999
3588.96379
1815.204766
4145.884356
6608.076549
4596.625868
5994.368381
5964.747115
6091.867258
5582.25652
5311.151133
5384.014112
4773.585217
4249.813482
4369.151319
4913.70739
4686.200264
4042.44936
3813.72933
3760.475553
3862.511939
3528.127001
3126.885571
2799.841937
2603.843431
2516.956615
2416.918029
2268.689929
2269.758365
2316.508237
2253.433939
2401.700319
2241.85865
2790.223294
2454.190187
2545.920041
2465.101192
207.8374098
283.8569232
1320.825143
1610.156152
1058.797394
1871.064277
2790.88484
2412.731664
3796.630793
5646.626489
4196.554127
6437.248862
5853.121681
5825.251783
5368.880383
4769.287595
4707.346602
4620.855678
4215.446628
4142.767823
4480.729785
4029.170688
4102.320575
3547.84589
3404.439372
3323.379527
3308.09828
2985.779927
3240.677231
2948.48778
2981.765948
2753.137162
2691.029076
2441.670171
2238.570396
2709.718311
2302.01105
2449.337617
2112.304889
1984.485778
2204.596259
2343.306606
215.5055246
216.8768719
548.0178248
720.466165
370.8638265
1153.085204
3083.437675
2713.27065
3742.644421
3295.842001
5028.570399
4653.23942
5982.00581
5427.324896
4839.223028
4806.573254
4722.168718
4285.89923
4522.603193
4332.461597
3836.186533
3230.586234
3373.125919
2980.283345
2825.854953
2596.320772
2774.582414
2741.077923
2746.558251
2464.667122
1974.856009
2383.994788
2702.954541
2544.254192
2665.859354
2537.54992
2577.113504
2414.05
2216.721965
2108.81915
2038.819086
2485.678163
210.3417692
213.4196234
494.2820386
525.4189161
506.2935683
1414.657657
2441.924988
2849.52177
2810.401826
3179.91324
3624.436953
3857.9675
3673.119471
4096.705534
4545.768888
4096.008043
4277.664661
3397.670504
3426.444243
3565.515771
3555.778908
3400.809586
3206.918044
2757.456613
2470.178565
3000.963603
2847.217439
2696.238795
2565.690609
2605.803834
2437.320967
2308.596111
2339.176684
2321.300356
2092.36458
1821.435192
1696.119988
1686.211465
1849.933117
1787.093386
1738.711935
1837.206437
226.8755752
226.9237404
279.9030181
654.0298138
1424.365794
1075.064139
1637.667092
2838.943637
1804.56438
2525.334911
3943.507937
3680.707384
4723.057306
4574.696077
4676.647674
4446.209696
3997.902555
3891.649896
3651.953679
3257.006967
3330.9247
3315.156008
3416.587488
2982.859455
2611.375094
2774.987763
2873.460073
2662.78718
2489.095961
2507.411589
2629.974433
2425.050289
2355.72695
2319.963763
2661.979832
2289.646769
2135.317349
1928.049922
1809.133368
2037.874682
2028.149203
1889.382052
216.3384169
245.7537949
658.9465956
815.2228036
764.7438329
1583.176951
2065.62439
2628.815041
1939.100261
2766.301117
3009.514929
3106.414331
3482.80354
2976.569474
3430.535572
3397.678243
3655.185438
3163.970434
3269.675897
2831.57583
2972.326726
3342.691672
3455.603559
2748.564438
2707.714996
2738.033124
2400.702577
2267.16885
2268.896618
2499.096415
2539.239763
2515.398628
2021.696627
1963.335405
1864.17703
1826.083932
1874.474855
1757.407112
1889.382799
2312.177355
2168.607843
200.581208
200.8444777
236.0816736
1054.15229
432.1902657
1423.526305
1871.493883
1055.146528
2202.039998
2409.74114
2878.431254
2935.83227
2809.373533
3082.123007
3804.174908
3250.169095
2967.972724
3047.696165
2903.48297
2413.296897
2261.364895
2500.618332
2852.543347
2448.254687
2255.147579
2447.480671
2512.721379
2121.390878
2338.521827
2232.316093
2413.932583
2349.256968
2463.759127
2246.560844
2163.19054
2082.62221
1913.941906
1875.470594
1738.932348
1721.546888
1865.129175
209.5837679
647.812777
312.1202373
345.6940112
498.1534823
1370.942636
1866.732575
1368.644375
1672.616579
1777.70565
2223.634982
2364.647587
3250.631853
3274.968666
3411.238854
2732.349256
3053.501714
2736.346316
2735.323765
2763.41525
2623.993847
2424.188589
2599.347255
2401.161327
2155.464628
2478.617045
2441.569322
2124.830765
2329.344631
2236.714148
2133.12529
2064.107415
2071.984539
2095.798749
2064.986776
2082.046842
1999.62874
1855.030911
1928.337036
2176.570586
217.9202157
383.6962626
255.2763161
384.388701
669.1525964
777.2232904
870.858569
678.7889903
997.8614259
1410.659503
2100.329746
1914.386077
2721.96356
2293.983588
2559.573867
3036.128798
2850.206581
2681.589329
2628.470583
2303.142129
2379.934364
2255.878592
2128.669633
2104.634688
2227.227253
2060.861583
2006.133151
1919.073893
1937.996244
1906.300853
1940.00285
2030.336161
2165.172589
2063.156696
2136.020108
2049.067527
1980.478737
1967.079369
1649.480764
1458.566101
216.9310372
398.4549798
248.8928187
334.0720578
666.6981295
1159.09702
1476.917447
992.8616405
1476.678406
1122.358966
1818.793241
2175.937068
1557.71984
2076.289405
2553.268456
2217.03143
3025.2581
2590.149828
2593.280794
2548.932753
2525.552919
2703.215408
2408.594188
2187.598165
1945.289034
1936.586857
2128.383596
2074.060754
2016.743199
1983.551531
2185.745191
1987.144524
1955.92339
1770.108995
1710.917384
1885.797392
1847.603624
1678.784548
1559.57651
1740.009936
518.4921424
489.2431209
526.406032
337.728685
514.5315356
1095.528142
1052.309418
1131.85541
1425.92094
945.5779246
1364.83209
1431.463893
2725.742063
2562.366914
2593.805155
3072.229384
2667.260448
2504.5926
2605.429554
2597.80163
2650.087928
2191.486284
2195.563339
2225.452276
2192.603782
2179.464654
2180.740637
1960.49504
1937.864866
1766.461213
1846.85144
1906.830676
2000.003578
1804.438939
1809.350564
1741.940593
1801.748717
1689.491001
1715.958836
563.8195003
216.0606518
386.138883
475.8136755
834.696909
500.3670882
953.4116669
966.9342761
1263.081169
1497.343951
1650.051505
1663.976299
1381.948462
2329.479829
1799.012715
2093.117267
2477.121731
2251.210763
2134.159801
2256.268724
2372.734577
2535.16999
2212.46401
2024.269893
1932.277043
1835.045849
1714.011633
2084.288138
2022.848141
1758.605021
1635.682703
1643.336366
2001.128647
1926.500659
1743.484978
1651.190921
1720.946041
1791.486066
1608.914589
216.3627589
408.1298893
773.9108729
704.2366057
820.0347389
763.8695327
711.9990108
1275.521237
1718.707429
1616.296229
1804.541338
1426.541325
1266.6794
1516.543183
1540.810974
1836.307969
1899.05636
2113.629538
2113.394518
1728.029341
1984.25062
1937.857073
2002.383969
1722.126036
1755.511924
1937.106433
1952.946842
2154.15011
1931.658728
1734.145942
1774.56021
1833.741336
1913.133354
1976.066541
1935.967013
1658.602275
1408.485574
1589.375441
308.1347889
334.2880446
1037.109104
465.1334768
399.8450571
955.5998839
986.3577638
1001.303221
1237.978886
1140.023213
1014.963901
913.4572644
1192.621193
1111.133769
1163.766039
1426.376585
2205.302334
2065.837029
1745.068092
1677.918132
1949.463515
1905.334978
1635.669539
1585.549391
1736.320715
1961.089467
1695.44174
1688.843101
1730.306659
1869.865579
1795.56769
1934.682284
1847.985205
1815.310957
1820.324259
1524.039453
1376.350551
215.2022882
218.7961787
353.3742113
284.505709
480.9637499
529.6598737
813.5359816
968.1162172
682.0429184
1495.19001
862.6627926
1004.313557
1349.690319
1090.405884
1256.596943
1226.301678
1289.800181
1620.084657
2178.182607
1910.090101
1570.365101
2052.964164
1809.720305
1825.609062
1702.562325
1749.270396
1757.119105
1778.7924
1393.604026
1407.731726
1511.878317
1493.167835
1489.983434
1522.551965
1764.684444
1581.568567
1473.89384
214.8249567
219.1447288
369.9868632
510.29496
665.4444537
496.8893687
831.6898832
539.7101893
665.3352154
934.7207662
1113.160693
1062.076391
807.0383893
1636.237623
1433.143736
1051.128959
1419.223477
1782.640539
1687.181249
1428.687297
1252.114744
1349.973265
1419.06394
1648.377696
1258.990292
1355.587451
1739.818802
1752.803147
1652.120335
1717.81462
1663.89882
1584.952682
1426.903803
1504.678036
1542.515614
1429.296305
248.6147884
771.4755659
704.3652842
218.4481129
500.4078703
892.1475341
347.1243081
561.7652274
492.2941813
812.2834149
1292.641687
1278.461401
1272.980863
1633.90355
1531.282535
927.3078848
1547.860494
1292.647137
1156.323013
1160.004034
1207.342269
1069.958957
1470.294697
1688.749019
1384.309796
1412.997316
1395.805931
1482.561895
1382.856291
1351.353032
1505.3461
1548.509746
1359.203261
1296.808581
1309.641453
645.1657467
613.5438505
233.5816079
234.6847276
931.8050671
723.5375726
710.2683208
629.7870526
439.8823721
1043.072775
1164.622955
780.1905392
929.5014731
1474.437172
1035.018817
969.3679633
1100.976887
1264.967489
1169.988503
1070.659474
1485.28287
1270.234919
1104.178754
1428.156556
1527.949984
1161.353507
1391.82766
1494.492541
1325.45885
1349.297535
1417.612723
1509.904707
1587.501769
1545.753255
308.7246955
268.6174345
223.9069205
438.6304828
521.3361331
455.1022616
521.4368445
737.2285993
677.3005322
932.3655206
1291.912157
709.173198
1299.901698
1556.976302
1193.477337
726.3470651
1183.851568
1131.780309
1049.96534
818.192332
885.6092452
1192.21107
1099.240873
1035.42227
1383.679643
1488.69104
1270.363197
1126.270301
1306.962556
1426.312741
1350.820173
1290.92911
1347.179607
243.3425768
292.4748598
333.3820714
237.6239288
553.5940609
804.0191472
491.1723763
666.2553837
875.154065
681.6673852
909.847409
743.8310596
928.8318276
1240.195177
786.3298749
984.7701043
1183.723273
1005.095207
1079.902222
978.4750874
972.2715695
1109.705268
1124.10022
1100.692726
1176.439619
1332.329999
1151.886359
1101.161014
1269.670494
1278.279751
1260.36877
1215.813275
243.8541177
342.280418
346.3790347
353.6804907
321.6600395
363.8957933
349.3943265
438.8090455
617.9498944
414.6300724
924.4303163
925.7505748
1591.96202
1072.329161
1173.904352
777.3657674
907.9698749
624.0431975
726.9943951
988.920833
893.2066177
828.5681418
967.081852
1039.693191
1238.245329
1100.752213
1155.165693
1120.425986
1014.129892
1162.511828
1122.372112
219.2346069
484.954297
287.2584164
367.3142502
367.7851219
341.4568003
368.2763889
652.6297709
626.1674862
700.4467436
792.0878767
848.7741657
966.5390856
883.7043911
713.3821504
615.0993745
573.7066565
678.031883
821.314748
941.2673936
1010.668461
846.2193795
758.2803089
749.3056826
919.0491486
830.4499878
921.8781931
1000.342631
891.3432951
1068.429847
425.3403136
314.8009234
317.3789925
503.9613879
482.2314732
408.5748767
483.8060389
398.1233844
517.5860617
641.5801683
429.3429668
717.7898909
1082.501483
959.601247
579.8566048
772.1269772
584.8170047
808.6400804
1028.926804
793.4320906
872.0854702
864.9608251
810.7000497
611.988466
817.7333
959.5423677
935.2107379
871.6512544
890.9959302
215.4907123
339.4113514
364.2372459
324.0001647
530.6362625
744.27988
604.1331926
667.7774636
485.3846656
340.1114578
612.6954791
826.0358832
611.5797867
457.5075709
866.2374599
757.9347005
622.2390938
654.1007064
639.5654276
533.2416629
542.1323791
851.1276875
830.3663364
885.2382786
923.5158328
913.8563836
897.7262602
436.5462757
323.7300032
253.5872137
287.005359
519.8650586
471.2062106
501.5840099
566.8221039
411.9768729
391.6331442
536.6610265
1009.276946
694.2990533
524.3565107
634.7798658
642.719487
492.8057131
658.9881943
629.9780173
692.709435
734.259911
707.7112798
723.8836584
791.5992667
674.6670306
807.9212203
394.5219795
328.3957834
326.4904164
348.166518
473.1834749
387.2344456
499.5991594
382.4407544
401.0218051
341.139992
561.8110034
610.5033034
542.0277404
459.7108202
590.9420621
583.9268166
651.2176828
717.643285
643.0815311
680.5373248
825.1596271
810.2850126
745.2257122
817.712504
629.8781012
514.3626296
632.5126059
522.9963224
672.9624752
589.2227737
488.740738
556.0153338
464.065634
582.4304284
606.2151199
452.3208124
579.1880515
536.1651082
692.1047484
764.7781356
752.5144093
554.5321469
654.4804294
626.3501581
263.1140113
682.897746
435.5703503
331.4642747
379.3441925
312.6964876
442.903037
449.4737195
398.00441
342.1074619
386.936689
467.5819911
454.8149726
208.4406982
207.0844886
266.6895153
481.7959696
432.7021021
396.7861924
3188.529067
4849.650481
5321.491558
5740.659984
5827.920892
6499.468399
6182.488913
6056.195321
6302.416437
5139.711516
6004.000544
5681.31115
5213.044027
4917.292996
4231.192832
3843.112912
4326.172465
3900.124874
3734.731844
3211.150767
3004.143055
3428.783953
4133.372224
4361.930062
3750.886783
3478.732254
3474.0373
3270.484666
3536.395371
3961.879543
3125.626773
2722.523932
2856.674652
2838.217759
2877.271448
234.0603551
509.2731482
316.6843718
521.8361875
1463.876346
1686.911359
1417.02733
4110.99109
5903.940661
5186.92632
6793.593713
6969.368654
6028.039797
6081.528104
6126.202146
6207.671219
6012.62905
6477.630397
5330.660869
5997.872881
5874.446789
3902.703479
4136.524731
2887.906284
2075.922799
3650.23103
3436.235032
3087.028577
3318.208731
3223.056193
4069.755016
3198.213728
3145.149589
3282.035241
3420.303939
2975.590886
2685.061276
2969.540595
2420.139521
2827.494321
3012.511121
380.0202223
443.9619398
227.2390848
475.5984397
1368.676155
3189.552261
2295.333884
2689.033186
4465.371155
6150.535255
6570.025715
5805.758359
6296.309847
5611.976078
6261.317549
5868.892329
5570.775934
5673.488348
5365.439124
5626.005539
5194.272036
5200.884738
3746.548691
4602.019436
4753.565037
4444.43378
4040.794226
3491.729846
3552.697031
3625.553744
3459.157655
3307.787
3605.851563
3588.591061
3223.599487
3550.973155
3080.979043
3312.11025
3625.318619
3499.585296
3453.274663
2744.141792
2604.584694
198.4360077
202.6650926
207.3375305
222.0258359
755.9684461
1514.486733
2773.98149
2379.973288
4283.595958
4991.174287
6395.459022
6442.443592
6841.996385
6430.653958
5627.799011
5243.39138
5046.11993
6118.27833
6332.051798
5503.058001
5207.92804
5963.428962
4887.520993
6200.871664
4829.214713
5709.407341
3958.912818
3779.967841
3685.24622
3246.596961
3492.108909
3813.514972
3482.376719
2993.861013
2561.371523
3013.506511
3634.287052
3458.985765
2972.946945
2404.782237
3321.373883
2866.34299
2701.745474
213.5774352
217.3380885
1209.9245
292.0282288
2037.569919
1347.130534
1536.281947
2335.473152
4393.555819
5437.729529
5705.228433
6136.137272
6303.045164
5600.023758
5430.431639
5830.673054
5416.842639
5434.516718
5700.819359
5773.668908
5478.668114
5290.738468
5531.550579
4705.532867
5572.603669
5234.716213
4845.214532
4591.908435
3761.715522
3085.125228
3082.970749
3024.024377
2632.008238
3039.4202
2897.784774
2776.164119
2630.649434
2967.161388
2991.990047
2466.305464
2160.826027
2510.905896
2661.910839
226.032656
226.6081733
508.9363256
846.072002
1304.714292
892.2253117
589.9364582
1749.709029
3327.575252
4191.182431
5311.084978
5681.787135
6021.126773
5774.729075
5804.922617
5399.32666
5585.552149
5774.56011
5426.887554
5503.568188
4774.602248
5049.494935
4782.765104
4484.781626
4334.199187
4378.194559
4794.732398
4074.014216
3815.736931
3624.62785
3088.013071
2953.630085
2871.563483
2685.844443
2578.518967
2654.788863
2582.069873
2525.892446
2297.82268
2220.091171
2568.645645
2488.366258
2491.650414
221.1073859
221.7447001
351.2834571
429.0083896
699.1994222
1139.769344
1387.713575
2548.119807
2230.381041
3956.222009
4749.338606
5276.272821
5296.322295
4885.599886
5142.837729
4966.577596
5222.042452
4623.189185
4560.147755
5070.554489
4717.19741
4466.769534
4526.375039
4536.948846
3897.807
3747.576671
3587.292558
3613.055131
3216.485522
3151.799673
2854.830379
2260.723323
2479.974722
2290.066404
1929.539095
2238.952002
2089.166462
1943.398371
2114.853888
2352.330563
2565.00196
2815.905485
2742.935369
241.9199367
241.246759
502.1603422
210.871017
1138.657481
2540.82224
2191.288743
2171.16449
4123.453266
4358.082063
4262.221366
5044.979271
4676.453251
5008.545604
4705.712695
4429.691346
5248.548127
4404.822199
4310.530494
4045.704336
4108.54941
4478.377956
4040.754743
3529.12704
3375.261101
3060.250108
3010.056518
2707.83525
2544.614916
2792.508032
2470.524975
2299.456826
2549.555222
2398.376315
2298.916104
2529.125161
2363.647101
1925.855517
2093.532103
2581.777647
2395.101396
2648.27848
220.2563416
469.5811218
690.3806381
464.8707151
1464.918135
2903.964871
2630.335469
1882.179472
2892.289821
3268.308288
3131.449815
3478.309982
4779.095746
4515.850696
5393.666457
4387.74665
4662.612462
4989.843089
4387.680215
4056.855756
3711.978934
3211.057733
3619.870527
3728.84972
3108.240906
3102.024824
3038.237347
2610.86894
2666.353477
2349.071593
2333.012777
2531.187929
2331.953341
2205.113416
2207.818556
2027.675219
2035.268053
2100.982618
2625.294862
2307.513854
2024.482792
2183.072278
705.371832
627.6886588
312.8717904
302.6074298
926.6584093
1927.809312
2192.982327
2418.85152
1886.420924
3244.43881
2779.497845
3983.332807
4398.756852
4379.30106
4091.847387
4645.184599
4000.62426
4449.162579
3730.075524
4045.067608
3998.415778
3819.371418
3112.578997
3293.47581
3128.587281
2675.535113
2556.683809
2881.745976
2706.086189
2531.177031
2446.23485
2469.789262
2379.332645
2254.196599
2206.141118
2180.249633
2278.288494
2416.122447
1873.294869
1850.446629
1779.910131
1650.544742
237.3439055
239.0354321
253.4324988
338.2040224
363.7526691
619.8779308
1021.109666
2694.170581
1616.435864
3762.882311
3087.71719
3084.978595
3833.286383
4099.157732
4357.629144
4114.188617
4119.681409
3863.549591
3873.793092
3996.420641
3302.384975
3439.282909
3295.557438
3117.602109
3055.283055
2998.043845
2372.420246
2219.938485
2241.100533
2426.14169
2309.264395
2299.040096
2247.922063
2260.513262
2556.776521
2412.402557
2254.160763
2196.620922
2210.508592
2231.411803
1963.710443
1856.352195
209.0275023
516.2243155
563.4686092
438.7093862
813.5455451
859.8144815
2182.208028
1884.5487
1694.395108
2750.72318
3032.848216
3143.272321
3205.419952
3465.929662
3203.873141
3095.618558
3587.43967
2967.594181
3072.920346
3226.616762
3293.375407
2826.815493
2864.30629
2649.554139
2596.759212
2864.493325
2731.960476
2573.433618
2275.214327
2293.691391
2260.623472
2212.152642
2380.493177
2477.634987
2237.592601
2088.322113
2124.27326
1892.648696
1787.810385
1838.918696
2026.778003
222.0688385
600.7465573
831.0801483
696.1774813
393.0922687
327.799876
1393.104504
1855.179515
382.9448016
2344.880953
2739.633537
2726.594213
2753.308214
3003.46187
2419.777135
3090.921175
3416.519784
2896.662729
3066.282261
3008.855086
3094.600351
3170.418241
3042.998013
2906.216076
2882.14013
2561.092709
2478.683663
2368.454972
2162.413527
2171.068898
2041.562955
2204.94771
2277.128954
1891.569098
1861.3135
2066.361334
2075.463741
2009.443076
2030.983592
1965.096373
1809.779862
214.893322
209.0242211
1149.338481
550.9688107
263.3463459
625.4218879
1458.417765
1933.458521
1936.882141
2507.574699
3034.939679
1782.221876
2809.417425
2863.039395
2051.477457
2837.649244
2355.930962
2303.811237
2294.90468
2921.966837
2701.804334
2414.24694
2486.124846
2500.263712
2328.450448
2267.824113
2259.431223
2303.2046
2213.970052
1913.74336
1695.281774
1841.493231
1895.088547
1860.189126
2015.894387
2027.35553
2057.660106
1973.224646
1819.525345
1884.164907
1843.632055
223.9201073
959.9257611
239.223683
239.8722244
905.5850339
2280.489621
881.8705223
2174.455753
1302.589913
1578.841825
2228.456694
2268.790464
2896.292493
2587.815907
2480.106666
2791.668281
2104.61799
3174.663585
2582.32448
2409.581508
2458.091796
2410.999736
2169.956912
2417.189384
2209.203088
2105.76316
1982.313499
2170.978423
2175.381254
2314.195837
2104.160564
1886.538999
1913.246501
1684.238944
1811.163877
2004.349517
2033.195505
2046.839139
1880.275275
1839.607562
209.6363789
716.059944
234.2681591
247.7492682
1017.623373
1369.610002
866.5123895
1082.421228
761.3109187
1037.585177
1859.578198
2771.23883
2671.982565
2317.106968
2696.778608
2647.292322
2510.773302
2237.479044
2735.239951
2695.763699
2150.433356
2570.285131
2474.874372
2460.209051
2301.165185
1992.207926
1703.251027
1918.23303
2174.04331
2320.142252
2084.233429
2119.111257
1978.136037
2308.590361
2014.266797
2095.282118
2072.19493
2006.570941
1818.567193
1795.132162
524.7846305
227.5138877
362.9442307
397.7756046
784.6743224
546.1152364
834.5168444
597.3205252
695.9097956
1691.207987
1802.117369
1657.992125
1806.690463
2059.182402
2275.479378
2140.660095
2204.42069
2848.950093
2468.394742
2014.887422
2045.256138
2408.963561
2378.293821
2174.645439
2290.808233
2184.919527
2090.665154
2506.155964
2547.766612
2291.404109
2112.566867
1834.937893
1772.68165
1728.522382
1740.549679
1891.567803
1913.393315
1744.292765
1635.962532
223.877116
235.2743205
333.2137241
259.9441635
493.7642022
753.9473946
884.4909857
453.7041428
1000.259626
943.6870698
1610.3382
1113.297721
1509.169033
943.9684301
1792.952343
2241.691377
2385.333066
1826.654162
1978.797458
1999.493675
1880.221076
1639.032526
2172.343879
2159.229254
1944.564762
1804.697124
1533.019838
1532.226307
2125.17273
1756.194433
1970.608808
2057.773551
1610.988454
1573.103704
1754.668636
1738.32951
1571.823516
1668.55335
1688.914077
219.0364948
215.689791
250.1949866
609.6899744
604.0334789
394.8793662
1016.645617
1350.882707
1322.687824
1225.225131
1032.324712
1699.083022
1547.160076
1560.85475
1318.727358
1773.335713
1813.047288
1958.130617
2067.041068
2112.994106
2214.442097
1870.589422
2035.09547
1876.636928
1813.159692
1928.87044
1942.272704
2110.256209
1948.85109
1706.864228
1679.680597
1599.264044
1692.202757
1527.863251
1527.311563
1500.987625
1572.3279
1587.942443
214.2733184
213.8705611
220.0253763
430.5917637
433.3528683
726.7984452
1108.766862
1476.927481
1465.886275
1428.783101
1172.088379
1697.301041
1233.728702
1602.725657
1521.708466
2076.766703
2155.005113
1952.052455
2052.056772
2090.99834
2227.724607
1835.137268
1810.997793
2061.529628
2229.069825
2092.186109
2106.800329
2070.011604
2019.425802
2149.535962
1936.565793
1873.258967
1751.356103
1748.502445
1653.21527
1644.655748
1552.959778
1489.825677
297.2380862
323.2198159
976.8341746
469.4175888
899.7319949
435.5743403
805.1556044
468.6219489
686.1464376
1025.402849
1253.451218
1097.263934
1135.151759
934.9785557
1346.444013
1659.788898
1606.869019
1726.702176
1593.985112
1637.915956
1740.900823
1784.383794
1978.76322
1560.12184
1796.738475
1880.150634
1787.944086
1826.243582
1844.661557
1776.888563
1513.177284
1552.846303
1728.69838
1771.701976
1611.911766
1671.790221
1635.93315
429.3684673
629.9876451
218.7353189
584.3253604
745.2631553
530.1805549
323.00707
440.5652941
793.4387025
691.3472993
924.1475468
884.4412478
914.7994931
1019.506499
1163.974711
1280.654571
1263.917394
1550.441008
1466.656511
1920.828855
1840.819648
2046.039635
1446.573664
1478.824821
1408.931356
1584.171203
1646.277137
1695.183033
1526.85625
1462.769841
1494.955713
1441.779104
1413.852818
1381.472973
1371.169109
1270.981378
458.689769
244.6345739
447.0049596
269.0504218
387.4991787
410.1650338
552.1603988
488.3820307
655.2014701
497.2495328
767.8244148
817.2487238
1095.090349
1294.760895
1233.437922
1210.016507
1160.188425
1293.948638
1685.828553
1318.232574
1330.852881
1556.621813
1741.890871
1457.142023
1513.549464
1329.274507
1379.175316
1387.578749
1375.015557
1256.299263
1317.746926
1450.755988
1632.745993
1623.679963
1591.504009
1472.651943
223.7794397
398.5800427
257.8583296
259.8920869
359.2938444
728.2166898
571.564998
365.3582286
395.8963789
535.641823
618.1294875
771.0656774
886.2358266
1006.982309
1229.629682
1063.275199
1140.314971
1383.631804
1394.06971
1046.441597
1196.055569
1366.290389
1541.946622
1398.798809
1183.169152
1203.776756
1384.284149
1361.61735
1340.476886
1441.14814
1343.007048
1256.633371
1328.83399
1221.525391
1202.064138
212.9523041
494.2192875
450.1068247
297.7213743
556.7332311
620.6127775
314.9122178
524.1460541
413.8143073
519.469197
883.9051003
900.0516512
595.4410504
1001.613374
1173.448601
1074.82151
1218.822215
1164.863272
1104.807456
985.2890116
1099.598165
1346.320123
1491.389425
1163.079326
1248.852542
1177.974383
1206.304761
1114.933512
1375.022916
1267.777379
1359.173786
1142.180694
1152.484009
1228.895318
778.5733459
443.7024231
225.9059442
237.831838
486.4916999
491.5396746
709.1749442
439.6295247
918.5456016
900.1225846
815.7115637
815.0873946
722.8614377
1237.043568
702.3768161
992.8281995
1044.526423
992.8446034
1183.515916
1044.732061
1218.635213
1217.805526
1125.127772
822.4353867
1363.649224
1429.214534
1094.167167
1182.65113
1176.182627
1079.581665
1030.374025
951.6615693
1081.545122
278.7328712
321.600473
357.8763446
299.8608577
427.3437104
461.3050469
487.9849244
312.3273572
396.1346596
496.9160303
1050.889064
767.1171372
882.9694185
658.2056163
740.4718558
803.927593
910.4093053
1196.091036
1324.836287
1051.972357
802.4601537
1017.672586
1307.190955
1033.707466
966.5597843
1317.876889
1221.894551
1009.32014
904.7083759
1373.567418
1356.143465
1061.663194
209.7505423
212.260244
475.8858054
237.1081222
219.6723379
587.8804265
523.0222268
359.9197539
312.3966133
332.9492884
679.0926903
803.6886325
712.0502656
586.2565387
649.6626412
1048.225896
1135.861855
1337.524262
1196.72651
818.2668286
944.1125674
1075.061847
1144.326686
1059.496344
903.4278466
1071.263963
1110.599789
1066.054056
1115.695204
1284.2528
1426.128934
248.221687
498.6258937
323.3604482
314.7105572
307.9734964
426.6317665
389.9447886
452.5416342
485.9983398
684.5557089
668.9050842
541.8072189
612.3393523
671.6610527
887.8288818
692.7312681
765.9191994
851.710293
682.605059
670.014786
593.4385143
1070.730278
991.7856262
823.9884084
866.744407
738.478653
733.2220486
834.5785414
760.2123671
899.8007889
336.0683001
440.9079137
467.0896569
323.9194347
407.4723662
332.9256609
469.3261409
290.5024793
326.5346896
530.071791
589.4429018
646.1890902
550.3862739
656.9400418
714.0191778
756.8474237
840.7792394
839.115152
809.9908612
898.5005989
945.8279833
1211.132525
923.7055503
861.2590494
784.5691988
825.2319132
1013.968272
899.9228541
584.6792633
359.5429083
346.474525
293.417679
457.4008116
493.3468401
477.7932173
302.7758471
291.5493494
389.0290742
629.8966731
740.7093696
653.8779757
539.7086599
533.6136919
552.0873019
759.3982299
801.5499215
895.5485007
872.1214443
676.0857036
941.7296715
864.6601513
566.1945118
691.829035
789.3901608
971.6724514
375.5830444
251.9493253
284.0740819
267.4379039
877.2125947
401.4537927
300.3443989
355.9837595
269.8162305
447.0504172
456.5812202
430.9427904
324.9747999
600.961422
519.7185346
584.7724088
596.3829475
561.8334636
637.205425
621.3505982
686.2963666
807.2365805
601.930737
549.3899535
597.7939491
249.9405323
353.2880131
587.2881215
504.0501023
297.5413012
421.9166842
336.862123
432.4027091
442.250617
506.7844638
513.1111491
348.0948542
668.951745
688.094444
481.8876075
490.8510379
391.7045518
426.098418
482.7515402
532.5160634
666.5550677
680.4895205
662.6931667
374.5003476
385.2904318
321.7920339
319.2293086
709.0595619
525.8800009
458.4632065
450.9236456
406.0652204
611.0416689
739.3780283
499.6007023
689.377571
463.7951321
320.1205108
454.0372255
543.8633556
456.6954175
354.3990538
491.9707775
522.559396
569.3398538
849.832433
490.0515706
427.7070773
545.1127149
534.4921232
535.6749215
479.2148501
227.5441372
217.1146179
218.2059046
474.8485362
438.8293127
260.7849209
2407.734909
2863.635219
3811.611381
5008.99708
4904.791538
5962.823374
5419.819433
5368.085647
6096.162234
5260.887155
5725.544098
5179.420118
5453.718127
5496.428641
5626.49516
5552.442738
6319.647599
5760.970384
5212.624041
4926.898912
3867.258455
3697.245547
3199.146923
2995.24202
3495.909184
3467.024356
3173.227342
3188.185314
3176.678
3057.241669
2715.158077
2964.822498
2975.905608
2691.832856
2733.914746
2415.758346
2304.830711
237.5618902
354.1968786
226.6946691
296.1108801
1183.383378
956.5191502
1855.335521
3776.165467
4950.959968
4766.493078
4611.359263
6520.043962
5335.271079
5349.32031
5826.265917
5597.548291
5418.759798
5566.527683
5738.549853
5399.180242
4838.121716
5789.740504
5678.378859
4747.240241
4282.220284
4411.666533
4491.473047
4433.459929
3995.029603
3546.176975
3597.073941
3587.120145
3131.536054
3351.693616
3010.725612
2759.708235
2804.634684
2537.117556
2659.309933
2319.753189
2912.486527
2916.017432
2801.134714
238.0545017
532.2175603
384.3486704
847.0638591
1663.983342
1563.762493
1391.214212
2591.655237
3812.482873
5896.458532
4915.481364
4745.760773
6362.700076
4892.788887
5500.689273
4891.652693
5255.777945
5785.719215
5065.196744
5089.082229
5116.909263
5473.812574
4924.798959
5133.740367
5900.125331
4619.73974
4364.957529
3890.197635
3770.076641
4117.708243
2952.049476
3171.871324
3131.694603
2791.767423
2651.57234
2491.357417
2571.402135
2506.277057
2442.606848
2663.963452
2338.090479
2666.050576
2337.144802
845.6783979
212.4534808
284.7506514
307.2131252
625.1693212
3237.013155
2628.74832
3193.177722
2417.421395
3045.380791
4856.420084
4646.006043
6000.596103
6021.534901
5309.912114
4980.497287
4930.048015
4813.68353
5385.237335
5315.230091
5339.251547
5084.000207
5027.135947
5877.806077
4705.064832
4831.228416
4086.35406
3670.755262
3068.878461
3157.419025
3173.972526
2859.98026
2765.238683
2603.391804
2352.271873
2138.224586
2746.981853
2674.076251
2372.900265
2591.626368
2575.2818
2490.674612
2175.563313
217.7312703
217.5997003
479.3146043
409.0220674
952.6593784
1495.074949
723.2012184
1719.115569
2753.530049
3770.659811
4779.28262
5111.911578
5406.907353
4912.082814
5057.559139
5184.734301
4664.694301
5138.662463
4859.574038
5216.665073
5589.090809
5261.834839
4716.335813
4499.107363
4237.91797
4289.591563
3771.693713
3891.310889
3549.475673
2903.771148
2705.606138
2694.287673
2622.611841
2199.26169
2283.884423
2043.089129
1838.513479
2241.98696
2850.798449
2808.33519
2233.772466
2461.434255
3008.99022
321.9857465
468.5055238
347.3859287
1495.511144
660.5938794
1619.813884
2052.754878
2572.341095
2920.971212
3337.925387
4385.783612
5239.172219
4911.224541
4684.347792
4965.312366
4694.880302
4652.865738
4536.504792
4848.722565
4513.511493
4021.844065
4447.29816
4167.180785
3727.738527
3685.652179
3445.72138
3571.268549
3183.168144
3112.679378
2902.459517
2662.889481
2644.081658
2750.022114
2393.638866
2311.668297
2610.520208
2375.760879
2144.374804
2344.717114
2348.477465
2073.588758
2318.575438
609.5387052
325.3138106
733.8850532
1043.294239
1037.014808
1035.491816
2175.380435
2742.085126
2911.412454
3561.405917
4079.537154
4676.510622
4304.041607
5222.66252
4631.557687
4709.782263
4855.438874
4917.235027
4170.79259
4664.072259
3966.175591
4326.547388
4092.345834
3994.92586
3938.657647
3389.325047
2872.070796
3258.2194
3030.608504
2545.886667
2579.279747
2803.036532
2357.890493
2155.398001
2530.640045
2484.568919
2395.352067
2288.867266
2246.175615
2333.209756
2316.28412
2121.80371
555.7787631
221.4679342
324.9708384
579.5155712
1243.661901
1564.770486
1731.935003
1436.741695
2523.595486
2708.375953
3672.20501
4200.022396
3483.151476
4459.025451
3795.279277
3946.13536
4008.89272
4108.120409
4369.64666
4061.621982
3588.761753
4173.373894
3822.556494
3700.788736
3516.434579
3437.338201
3028.612301
2817.368124
2787.728971
2686.942496
3095.862713
2721.990675
2534.89739
2531.318191
2365.881232
2277.480722
2381.319441
2548.069273
2229.41148
2103.865915
2356.990648
2122.787775
226.1669246
229.2306074
241.8180191
465.3112726
502.4597917
1807.12285
936.6132648
1520.570174
3197.445244
1970.310548
3205.547425
3556.7543
3725.77409
4562.261962
4777.189814
4287.385123
4034.269169
3702.814348
3703.912297
3680.702256
3488.098768
3367.246016
3406.965337
3494.14623
3148.572444
3258.650882
3395.362786
2979.767371
2794.405598
2775.556277
2634.034898
2448.671924
2329.026908
2139.20755
1866.569744
2016.74302
2222.818305
2251.264198
2109.818792
1982.344843
1947.756585
1841.043926
228.5362033
304.7110354
225.1826264
276.1154601
1907.428013
1235.949746
1476.489888
2101.467488
2194.868272
2471.211176
3050.216638
2518.310525
2846.380868
3751.908924
3894.679268
3803.506862
4189.865629
3516.652349
3483.498425
3364.292804
3666.951738
3014.730192
3452.48206
3381.805844
3032.571054
3098.015083
2878.033848
2938.936423
2702.181493
2523.837516
2504.346244
2507.528248
2537.288853
2602.170848
2560.679246
2517.573982
2201.172069
1957.382848
1912.813198
1945.674177
1786.335892
1690.450695
223.1283536
225.6374839
672.3204749
1249.055274
1016.016925
1271.469328
1522.073218
1383.092099
962.9145553
1739.51249
2090.243418
2552.490783
2339.697251
2771.896657
3674.537695
3809.645802
3420.604341
3452.763
3666.554013
3145.491095
3177.170505
3194.03499
3039.944599
2951.081076
3178.242205
2734.747363
2415.249735
2627.293639
2651.381815
2526.689298
2328.515913
2252.146783
2088.280237
2010.510004
1996.056362
2248.813057
2154.735808
1877.873936
1716.899367
1707.980356
1610.90062
212.745228
218.847899
310.2630841
715.6024025
767.6777816
1062.282488
1309.22208
858.1498778
1360.857085
2100.071649
2873.629006
2489.279553
2453.817421
3342.153173
2933.452057
3489.631724
3275.981079
3458.15489
3054.321776
3067.90678
3065.870172
2928.883428
2960.147925
2722.863043
2743.968436
3204.056181
3066.885794
2579.196555
2364.331978
2364.256085
2224.566924
2235.820361
2080.143573
2047.13043
2113.119572
1793.316453
1577.379992
1794.246831
1817.760244
1829.214645
1637.179447
579.7496688
330.1765201
268.7516796
701.3753434
693.2526858
908.5593154
878.3027396
1337.632292
1456.652097
1894.70468
2580.453477
2481.033641
3071.127397
2927.599435
2537.190887
2930.175427
3259.911226
3380.635376
3404.78276
3263.288301
3249.77244
2960.556733
2899.403526
2861.275182
2451.974252
2514.613413
2757.578907
2772.522657
2749.49766
2499.733612
2255.733935
1987.911987
2012.18135
1970.750817
1748.208603
1724.041585
1789.268153
1789.892239
1684.577039
1624.572261
1601.22526
471.2190729
262.7449089
334.7463539
238.1123597
909.7658098
1147.715663
2221.886712
1381.077518
1332.538342
1745.138157
1556.878666
2650.149356
2504.058623
1994.111907
2041.823444
2573.234046
3054.505919
2607.50507
2954.956908
2834.472175
2867.332321
2406.076677
2455.838915
2547.051384
2520.756361
2259.175525
2442.00859
2297.037087
2098.408153
2194.520043
2053.503003
1715.87565
1798.106084
1780.598116
1938.494741
1758.815037
1767.306114
1877.299205
1741.051888
1803.136025
211.8743058
214.4423434
271.7619544
753.6304585
1159.381619
1727.34958
1354.771041
1224.235392
1402.207905
1942.520483
1036.254505
2336.610915
1910.716423
2448.190062
2487.172432
2254.327677
2249.279964
1990.818844
2369.237562
2531.583526
2481.651748
2600.757739
2376.544334
2268.615956
2453.077724
2653.908653
2371.280303
2223.459305
2081.173843
1804.501714
1871.508924
2002.466307
1908.372025
1914.696597
1812.130846
1626.295907
1599.226644
1685.189097
1911.933714
1807.19454
314.4076732
237.988046
253.5808544
418.417267
666.5766467
1114.166643
773.5847266
1045.761712
1048.662881
831.0644759
1367.866083
2130.626226
2171.457921
1619.729761
2545.714534
2637.799139
1970.286698
2113.350769
1975.568529
2401.40163
2440.432309
2623.980504
2204.55968
2232.694787
1938.978528
2111.180263
2060.599163
1843.396175
1860.526593
1848.640957
1814.484929
1718.7259
1647.94413
1805.837488
1853.568027
1802.285142
1618.746915
1653.013028
1568.193447
481.5082058
202.7211126
205.5681827
655.0871382
616.7331984
733.6476002
1548.350563
831.3224481
953.9214063
871.2446671
1771.542182
2273.901839
1510.054254
2056.35305
2140.471903
2112.396582
2395.334959
2353.03614
2555.112954
2181.704164
2288.928377
2351.818025
2135.92083
1951.598674
1895.412405
1965.90231
2091.528928
1995.890583
1989.106947
1859.254193
1846.708684
2037.480972
2093.12803
1846.7539
1758.66763
1569.101061
1848.184996
1909.588183
1854.744963
195.4255432
203.9346684
309.7699029
583.9334386
307.2968519
1109.527444
1028.625246
455.2886034
987.8093541
1234.289495
1344.827016
1954.906156
1431.460516
1477.5467
1766.996417
2610.939607
2529.410199
1988.044889
1928.677579
2098.863504
1865.791609
1964.68937
2218.553638
1949.381125
1972.669865
2056.216892
2182.966648
1976.116696
1873.671728
2002.203615
1867.280608
1851.495752
1880.05129
2015.276551
1699.900244
1644.088885
1612.268806
1580.696695
1607.08456
197.8174161
197.9304154
440.7542266
521.6803055
328.7264507
608.798278
861.9294752
510.5747976
941.4167822
1605.741096
1433.79308
1643.107193
1214.391895
1115.024428
1942.522806
2136.72849
2174.537004
1773.44798
2021.992943
1845.893021
1804.687773
1922.320602
2180.335512
1984.904869
1877.106214
1928.770834
1946.100798
1839.580866
1954.540851
1760.061821
1624.235989
1538.745063
1561.654156
1689.662327
1515.067423
1352.950653
1368.782778
1444.307491
212.3983876
309.4906844
533.0498811
413.9309214
393.5653617
555.6870519
504.7531053
1003.001972
1471.431591
1031.15966
1563.006592
1141.57566
1195.37392
1614.416284
1875.066025
1575.091757
1771.74262
1644.773209
1586.533361
1437.058279
1825.294253
1482.675786
1501.392526
1809.313465
1733.357923
1492.169453
1530.077005
1600.933646
1402.222807
1367.892941
1510.378848
1523.381756
1407.03133
1484.487884
1528.177661
1486.807884
1477.746061
650.7604176
457.7113088
563.9835378
290.7570646
212.5677829
615.6484169
858.9510288
430.1656845
824.8861969
566.5304312
1218.588692
711.517889
1182.644281
851.0318696
1200.366307
1814.197425
1532.561501
1626.261056
1623.431004
1472.950121
1771.447704
1731.718418
1606.116553
1411.807865
1361.251089
1710.031541
1643.417269
1583.271668
1757.637212
1712.173846
1437.470734
1566.051702
1587.166161
1485.15137
1529.248525
1357.814636
1329.192094
442.6120343
338.7239922
343.4222835
305.4735931
572.4290998
704.873636
432.3542247
516.7889003
822.2019744
1023.229312
507.3564781
1173.655351
1202.893579
1328.348715
1108.670321
1327.092227
1375.400606
1236.944764
1688.195305
1607.479511
1675.956844
1985.248053
1579.534569
1309.01123
1322.238545
1474.684074
1648.164944
1637.752814
1568.554176
1652.584068
1636.656571
1604.105009
1588.95022
1594.469412
1550.556635
1491.880302
634.0111251
279.9725174
796.9565621
852.6306597
587.1863681
386.742789
473.6305631
559.4944931
708.5360183
924.0009159
840.6259349
1161.187643
1277.766026
1536.925134
1150.971145
1439.507268
1243.851325
1165.963846
1590.731942
1563.346742
1612.988659
1690.99149
1542.46077
1391.337269
1433.292673
1380.230154
1498.510699
1541.128958
1325.764891
1301.066627
1372.125518
1350.897476
1529.793446
1482.984827
1490.580637
249.2654541
214.3898385
718.1975564
590.8233653
309.4709603
397.9946382
330.4798415
392.9860475
695.1439588
770.4914504
427.3972945
1014.534792
1039.238645
1020.233345
849.6515705
1073.74508
1042.051142
1192.51373
1069.018851
1222.907026
1392.376536
1802.048951
1241.878647
1207.641388
1350.492567
1318.084292
1539.40193
1448.070979
1222.143056
1294.403676
1163.713774
1348.570404
1500.457333
1366.00327
510.4373166
229.1183933
407.369317
330.5460838
387.5447496
622.5092267
279.5761403
263.689281
244.4935372
471.9783374
525.700738
473.953637
764.8667754
615.4121824
832.3646187
813.3734493
804.033405
826.4991521
1117.592327
802.9329929
964.0713741
1181.863011
1573.086178
1419.07611
1258.226118
1065.36069
1058.333588
1266.605939
1180.640296
1107.806029
1267.510623
1272.563261
1293.598002
1211.638264
224.9505372
393.765129
261.6948329
337.1403919
580.0844214
387.3948693
327.7453837
325.6799163
384.1934886
579.9713152
630.3619367
561.1557991
645.3810006
582.6228934
664.4260366
783.0569874
907.8820201
1000.65396
1301.201617
1029.579125
832.3555952
982.4088876
1296.374307
1197.832111
859.015742
1037.888504
1163.731361
1020.900057
1153.470291
1058.677549
921.9253918
949.4971181
998.1271022
404.0454002
336.0886982
326.0881077
366.1259006
466.6704527
371.4807617
321.8696587
388.680035
412.9426174
823.9887978
386.0410983
333.6550306
517.9077316
687.3219885
533.8345013
752.6019616
649.9589866
679.6973324
855.4822867
894.0606714
967.0235008
906.8575649
881.0618265
934.6932029
978.500666
1122.052796
1199.232169
1034.58917
1046.456855
1132.267023
1094.922619
1260.729685
336.091675
198.5873275
203.4102149
268.8436745
398.2776392
514.5884977
310.985288
426.4175989
463.2467507
572.8157319
571.1392498
513.1540647
753.5206494
721.0825394
662.7392117
1057.526504
1066.328143
812.8961791
714.7359762
1131.178777
874.2290719
818.4770934
805.7538729
951.2936096
864.2590187
915.6534677
1163.211424
1002.054156
1119.035332
947.7568394
894.8479303
275.5303707
477.4681562
276.2470464
297.4840057
336.2253614
617.7282735
602.5015689
407.102496
627.5273706
644.1094546
739.3755658
720.7251027
804.6461024
668.5009362
1259.323921
1023.057908
718.0649858
875.707959
814.2055987
550.7549144
860.6330348
842.634239
987.0890006
1004.961865
1057.037197
917.4427097
740.2736622
922.9069311
835.6277797
379.9301192
264.9464974
414.3817281
289.6148291
297.8142178
378.9709357
561.8843554
308.0972828
682.5154337
413.461977
292.4392369
436.2373056
555.5080922
388.1234922
479.7672052
804.9072992
493.2868232
767.462362
891.6005754
638.9043014
885.6956027
668.6290371
769.8578517
926.5025905
1007.673174
907.3246328
807.2740914
824.9742364
251.2650984
279.7398483
257.1649533
305.2895079
836.6200572
333.0129137
520.6792252
353.4930807
314.0796873
330.6548744
649.2826517
624.5015045
448.7160236
503.7920729
717.6568993
641.3092336
746.141516
547.8159258
443.2707307
567.1294482
535.4616407
570.236531
697.0386267
662.3130273
723.4603973
621.0040281
215.090125
283.1999107
211.0213441
378.0878408
255.5604277
308.9046651
525.2363562
386.657943
440.1574437
428.5243689
726.4538138
642.9546178
409.0440549
394.632606
463.2623394
771.0098915
706.1523728
757.3410895
927.7819387
739.3984422
760.7242462
715.2536183
635.5217892
589.4794484
727.5961317
261.9266894
299.6893602
241.7654127
404.9611034
315.4730062
311.7091785
400.874668
444.5977792
556.6325094
469.950183
327.5093958
302.409826
474.821834
705.3397377
598.6649184
618.1572338
659.1521199
656.7505814
583.9274666
840.2351395
813.9038528
776.7103
331.682173
232.981551
300.5349512
272.3410248
266.824505
323.7967211
350.6925951
463.1063637
456.0794079
450.5228064
374.5621696
430.3597907
568.6303494
631.4564635
576.0214026
559.9026665
793.8006961
431.9861629
311.6050252
354.8119643
460.0348008
466.1725306
378.0014157
866.0699608
211.9365596
258.6050001
450.1452707
874.8267805
1232.43519
1840.84256
2087.647504
2523.6509
2989.374605
3814.503394
5118.992148
5512.151326
5390.324667
4281.403969
4635.617693
5152.617524
5778.77477
4878.260503
4468.204442
5412.532006
5399.709319
5500.30569
5322.589177
4836.859378
4873.520815
3898.970746
3771.371228
3184.932175
2946.712138
2622.735385
3397.617976
3640.693027
3483.889523
3124.254605
2707.36249
2636.093389
2757.735277
2654.660241
2561.936222
2391.782125
2565.225858
2453.036797
241.3178936
331.8002826
1031.176059
1190.975354
1280.919453
1470.372983
2304.255116
2682.900652
3113.838015
2695.427907
4515.379563
4468.334271
4980.243907
5172.161068
4672.32879
4622.062305
5178.384348
4736.566728
4866.943002
4971.424143
5156.68631
5054.001189
4435.365219
4146.38726
4004.557108
3917.277961
4012.361593
3983.683328
3390.516621
3259.88156
2982.490122
2964.287056
2948.389012
2945.921486
2684.205968
3053.235156
2634.61975
2502.793585
2219.072007
2216.211109
2195.863273
2325.340604
598.1840068
754.6589407
322.6246653
528.3940828
1740.786177
1553.590541
2728.122803
3154.584411
3375.024561
3912.821236
3543.757144
4874.525194
3944.309078
4922.008955
4662.544972
4481.63497
5069.300095
4522.943248
4366.154632
4804.05889
4888.646353
5221.767988
4673.111384
4603.997338
3922.812763
3546.774383
3213.252486
3281.421924
3266.790999
2916.866471
3015.145295
2994.770999
2817.091255
2791.107347
2502.654046
2201.51769
2615.552062
2935.816745
2967.781103
2481.920578
2464.852096
2501.95251
917.9626633
359.4434628
417.8941294
1183.020373
650.2743947
1622.209263
1417.534962
1870.552011
2232.184206
2946.814566
4060.195765
5221.138605
4121.875598
4384.083029
4510.889341
4615.030899
4849.512721
4398.187349
3982.759068
4038.997013
4645.913216
4720.920069
4384.437655
4411.956995
3929.845093
3609.082601
3726.130396
3629.898442
3359.735735
3215.957061
2615.367166
2516.428573
2965.688972
2441.718879
2246.67016
2121.16281
1962.099371
2076.337367
2310.18427
2578.803098
2237.86809
2151.272093
225.1419325
231.08367
882.2641377
1425.452138
1065.550232
793.8536512
835.5191623
2820.546017
3339.737343
3771.004078
3739.719297
4952.022622
4368.862678
4419.134513
4802.270313
4278.277476
3955.458456
4128.905919
4296.139284
4611.592072
4382.664374
4344.494586
4053.283805
3564.665994
3479.357597
3337.268969
3429.950616
3004.079503
2943.900691
2798.599857
2703.941935
2812.599054
2534.913117
2907.103144
2602.318913
2608.381183
2513.504255
2681.307157
2394.167879
2313.752833
2180.585528
2524.491276
219.8602177
212.4389073
354.5532563
1683.520765
853.8768871
643.2945988
1710.244568
1295.496129
2545.743712
3235.302471
2803.133956
3816.595396
4311.878208
3760.224865
4463.755346
3712.100004
3951.79179
3588.453717
3800.07951
4287.057243
3442.688305
3671.950968
3725.439439
3703.41816
3516.351683
3872.823987
3505.117951
3380.594773
2983.664452
2998.34505
2621.79594
2379.398569
2415.179445
2357.634333
2198.099723
2036.308891
2148.565684
2258.634408
2219.202555
2066.800605
2019.279856
1764.33031
386.0758235
309.2619537
494.9977861
1224.539252
826.8984058
1581.245129
807.9035293
1537.277383
3070.711513
2364.427186
4092.916581
3985.266065
3932.560615
3788.945997
3929.141536
3860.655047
4386.28771
3814.606254
3695.296916
3965.095776
3389.830155
3685.319197
3733.338398
3862.493235
3101.778695
3293.90586
3089.249549
2689.019078
2288.617788
2660.68893
2618.713104
2379.823442
2288.066377
2052.619314
1910.757709
2064.931407
2117.074121
1941.138796
2109.412754
2250.771359
2186.228534
2164.7397
305.4847203
212.3438694
215.1001924
1125.87488
432.9980497
864.3510506
1268.957191
1071.961672
1936.204024
2318.668668
3546.705163
3843.239424
3360.620523
4332.455095
3843.89063
3730.824377
4290.185827
4290.258582
3635.305546
3611.0413
3302.25337
3369.069022
3282.511003
3073.313602
3424.91462
3061.763941
2746.895783
2764.379453
2546.423058
2437.322668
2440.942806
2113.16164
2250.97339
2095.259283
2138.280449
2307.247755
2131.972095
2201.55403
2250.303359
2212.048098
2239.530027
2042.450354
210.1989552
317.5532097
210.8187018
450.9814176
521.4992496
1574.507348
1049.996827
974.0449923
1450.798662
1594.333544
1936.589169
2959.773405
3561.568321
3770.086957
3562.382359
3406.854908
3889.346704
3682.909711
3520.70888
3641.397288
3738.898164
3243.721754
3061.588496
2915.897786
3111.889174
2927.53487
2648.448106
2772.962644
2827.315041
2385.152244
2473.485463
2738.061258
2549.067999
2460.158522
2398.400774
2376.968766
2364.150405
2293.973213
2020.870002
1968.60466
2105.466453
2148.243451
599.1821634
251.0947276
220.8785113
203.0419169
535.5787338
1612.022936
1787.83869
1986.580409
2170.807692
2426.881682
3061.367511
3201.185649
3401.505298
3356.221784
3358.102078
3336.631101
3100.210489
3493.377686
3134.74456
3256.561693
3256.623697
3360.166576
3040.115321
2769.077721
2907.939502
2840.221772
2676.643063
2708.046849
2737.243313
2643.097213
2412.924104
2191.150192
2313.478153
2194.018556
2027.919802
1912.131331
1821.621916
1835.357131
1923.174439
1959.351337
2211.548032
212.5059386
305.8710574
846.9751375
802.6389982
1438.118865
1438.19828
1077.79277
1123.765872
1560.403746
1207.769011
1977.736973
2115.633661
2006.817727
2734.381812
2715.328968
2949.726104
2747.849174
2560.419071
3013.776812
2672.799315
2751.067161
2862.939605
3034.590231
2505.681957
2480.25182
2782.674881
2422.859819
2616.874481
2431.999407
2595.337405
2477.746749
2311.814551
2216.12234
1825.548973
1850.313382
1977.761355
1950.208135
1900.825398
1729.019635
1909.68279
2063.653274
210.9080611
512.0993136
356.6488493
914.3933042
944.7908455
432.9896521
1279.850278
1256.882807
1038.937976
1259.18017
1488.389838
2200.326451
2111.017367
2744.041925
3076.839432
2235.958241
3032.155515
2792.074173
3377.664412
2641.606714
2476.931186
2516.238059
2786.774868
2379.504038
2145.650568
2403.464104
2632.780955
2456.148339
2289.827134
2491.041761
2357.869645
2290.460073
2230.346026
2366.479714
2274.471895
1830.989205
1712.474099
1702.166392
1621.693249
1572.143764
1668.161965
282.7091985
225.2959966
933.6540205
622.2873861
644.5352025
1001.250345
1348.914155
1121.584973
1544.322218
1860.855385
2368.863734
2443.217866
2305.696631
2715.276045
2377.202667
3455.869588
3030.196394
2720.305365
2536.337164
2595.993297
2742.628636
2502.347183
2791.072916
2573.675251
2570.352195
2465.919292
2334.040332
2373.060122
2396.504519
2281.59275
2104.437703
1991.756751
2080.535677
2030.736236
2056.001703
1844.914715
1701.428738
1615.378493
1402.165912
1330.802127
203.3592109
207.2387153
207.2888554
856.5737669
210.1369968
469.5681464
1343.52228
566.8428327
1328.504908
1399.362492
1181.192191
1773.509885
2059.182438
1941.561097
2169.283591
2641.47651
2977.090721
2725.633897
2555.557336
2299.390287
2405.465123
2524.653969
2488.107165
2268.187757
1891.237668
2020.778754
2141.764772
2023.077455
2204.029443
2118.4973
2173.27302
2096.121894
1807.327988
1638.876129
1779.719688
1903.158102
2000.023329
1788.520196
1867.667353
1890.642378
215.369145
219.1553234
222.2239512
395.4246987
1201.579002
921.5634255
1906.988907
924.0947308
1247.052051
1334.895442
1511.894966
981.7935611
2098.635223
1855.751186
1892.169336
1994.690381
2492.234925
2166.308828
2247.084972
2519.934837
1992.771227
2227.610616
2121.981305
1988.131388
2233.897296
1688.674808
1828.092189
1999.695916
1797.401052
2003.556865
2039.266396
1970.361142
1764.150562
1668.553937
1641.073348
1743.799551
1859.367638
1716.638895
1648.538127
1731.798438
228.5118228
227.973715
1206.709684
1485.148113
663.7333017
822.1310696
518.6001858
1136.030969
1172.323572
1148.430522
1156.724866
1340.281093
2266.852388
1700.888201
1402.062326
2387.717205
2218.564598
1716.023549
2132.659865
1641.592737
1644.351829
1665.911502
1662.102093
1912.609422
1774.126118
1749.241152
1747.377996
1981.847939
1760.818849
1663.551268
1788.997817
1893.475007
1828.648944
1652.448646
1489.187299
1563.455061
1555.731787
1430.261547
1501.289106
499.7459499
463.4085381
721.3992103
957.0084159
385.3895821
959.9399311
950.8004177
1066.903292
974.4376172
1241.215307
1377.448895
1981.582848
1571.960954
1738.958943
1716.015448
2078.723049
2187.086851
2003.064173
1808.466298
1984.496304
2036.158926
1890.962286
1687.654747
1671.487439
2236.048217
1741.798936
1725.508038
1773.02354
1630.676256
1950.427302
1908.906895
1790.810976
1757.255412
1792.107474
1837.099053
1686.961501
1563.285003
1739.004791
1680.631516
243.970625
213.803748
317.7374009
370.8791395
1355.572229
663.5541824
569.7678183
646.2696831
1378.623345
1516.505806
1479.234712
1691.459913
2076.362182
1001.225046
1556.237374
1915.049313
1719.453754
1778.332885
1764.825114
1733.352947
1604.678402
1813.283785
2146.104822
1794.785075
1721.453447
1723.200176
1955.967822
1833.47352
1776.921701
1838.049162
1721.074707
1800.258099
1650.578259
1700.928731
1795.015791
1750.423301
1602.192953
1572.460819
198.9095346
203.0515311
399.2910171
700.1079089
390.8998477
666.7508082
672.8420647
494.4763782
884.2940316
1246.272529
1126.361106
1401.076092
1344.031785
970.9062317
1284.369546
1355.391619
1741.465853
1390.011303
1744.738198
1648.503976
2002.802554
1883.512181
1811.517628
1869.352185
1668.39505
1777.258662
1933.498694
1880.163036
1799.579128
1779.401148
1915.018919
1713.45122
1715.442885
1653.547017
1712.498366
1629.967861
1567.15629
1525.636015
215.4448213
606.5446526
575.5588633
402.0710043
648.1141573
324.4653717
464.6152894
656.9964644
1128.514161
1575.582352
1481.874591
1288.087398
908.4001772
1327.369727
1731.885697
1843.391721
1516.21048
1505.122612
1768.885875
1667.272764
1307.219196
1516.769072
1764.392361
1711.604946
1789.582814
1884.647548
1608.738093
1375.939408
1637.331683
1818.594762
1694.751095
1489.783729
1568.425709
1478.737055
1353.361515
1339.875149
1480.985199
221.497803
528.1971605
239.3411974
815.4149822
253.9198348
385.697025
520.9089708
893.1044965
774.173512
1622.62448
1261.845191
1065.96231
887.4979298
1164.970043
1154.401042
1569.496096
1470.089983
1760.49964
1788.709319
1384.661
1242.020002
1327.878709
1488.994316
1732.680499
1475.430397
1368.800354
1474.243358
1274.715552
1225.66077
1578.182254
1403.549436
1299.512301
1368.973621
1391.371301
1365.518389
1277.259452
223.6698126
221.0572211
223.0586105
393.5248413
469.2760121
250.4616941
278.4874977
331.3804805
767.3070322
977.5406339
996.2386361
1098.019804
814.3046907
485.6898979
568.0006122
1210.723674
1283.593999
1445.517659
1384.947539
1388.284058
1206.259388
1166.007909
1569.984426
1567.010177
1543.043676
1286.875307
1106.698704
1107.782826
1253.166993
1578.089581
1441.45219
1295.522092
1351.487705
1375.861327
1444.681357
1379.95905
206.5730477
210.7629958
250.9507637
342.883286
442.466215
571.5577166
434.9260969
643.0807334
656.6024108
531.1302303
616.5523186
650.0858209
791.0042123
873.6984058
863.4313714
1127.718596
1210.856815
1260.597118
1382.104599
1562.389425
1483.624413
1514.460804
1674.196218
1619.326119
1391.023807
1228.831285
1052.317846
1084.867057
1446.448129
1320.082166
1283.497995
1314.599992
1252.854243
1317.292114
1315.702362
224.7945437
222.8089305
213.4875054
625.7735818
766.663195
592.6465684
492.9254002
597.4602805
594.5240313
558.3507601
1006.324894
701.7568939
1348.81685
1012.085896
761.4259796
977.6075974
1167.058933
1038.609266
1095.976223
1061.775039
1141.274128
1229.484708
1448.324941
1361.421167
1303.664497
1308.292449
1217.626244
1050.75438
1300.708357
1258.079074
1169.846475
1122.812564
1054.554277
1146.834763
232.1238117
250.0110429
295.5289899
414.7812558
364.1031044
303.0128055
465.8435022
886.5522154
603.0770555
400.0141807
611.796567
765.8071788
747.0249477
664.2164088
859.3717248
1013.375678
1278.581815
1267.340564
1004.174272
777.3769139
1060.666295
1145.660172
1125.445336
972.7685406
856.1224133
1092.741741
1049.794345
1013.60104
1028.669757
1208.310886
1237.287891
1175.846115
1213.404501
217.8150876
239.304517
304.1805954
320.8088032
473.3680278
290.1307228
600.9777526
378.0707506
600.347923
432.6140556
783.4912504
928.9895978
683.869021
617.0379916
968.758557
754.2339425
933.1707188
883.3561901
988.800162
959.1329639
1134.198608
1102.663246
1338.362404
1220.463941
860.6070736
899.5084031
1180.454801
911.3801003
1041.371418
1167.083479
1161.067558
1098.506831
196.376014
215.6827863
213.7480996
288.005827
217.9717465
236.8896951
539.7709744
669.755522
534.0400336
639.3508229
757.0232638
430.0108804
704.6870791
645.9117922
699.9603742
669.9821938
828.4193223
956.7134507
1095.448964
964.7580371
863.4058154
1001.870901
1131.567719
863.4434812
967.583419
1150.62196
1142.799623
976.3404721
962.4936821
922.2862184
969.0314238
220.6800854
362.5578449
376.8676863
374.1751697
387.5862196
360.5812259
364.9066055
583.7302516
700.7797689
572.9082306
526.2132396
533.550154
568.6837414
717.8692875
517.232756
738.7395445
682.7415271
824.8434217
1110.763742
1188.00214
1043.375154
1241.102142
1094.539814
862.3516683
761.6438798
815.3458964
921.7998865
838.4301573
803.2646612
702.2638229
274.8588272
299.1753529
402.2390805
301.4833683
395.2750099
362.6290953
391.1687208
421.2238198
423.0316679
515.0732368
517.6115388
876.8640701
513.9733746
544.7655731
591.5652178
842.9726966
839.8007361
711.9716531
777.5835695
881.3966497
747.9373525
960.5238239
972.3916637
955.5894406
873.3235194
707.5946268
810.8541313
801.7113634
890.5661704
356.9885803
470.0354781
410.8212549
457.828789
913.5365037
285.1745582
246.3325592
476.4711788
528.0092596
537.7287834
498.3926434
423.1171113
596.8099357
927.8099321
845.0391374
718.6557884
976.6155528
1222.496869
1160.601981
1051.292055
879.8235258
999.5549923
1083.622643
835.6492078
945.7007511
851.1521247
735.8589816
249.5979127
220.4262088
274.9816446
422.3061969
282.150785
412.8876581
270.5072104
540.6167156
599.212678
331.3431204
409.3064089
392.902538
422.6116156
504.987361
686.6140345
734.6860285
649.6755751
746.2004577
642.9217133
911.2640314
766.6735742
873.478818
800.4399929
890.6800518
985.4414219
987.7638306
209.3812099
272.9417757
531.7807784
500.6902157
310.1918658
339.0854692
545.9269803
495.0969689
341.7273894
529.610001
462.9024683
548.9999838
538.8802521
593.8259946
533.8512255
961.7096179
655.86739
437.8110722
469.6870607
504.8030257
568.6193777
644.8379801
723.2356972
736.5345166
466.5588622
240.6562986
358.9892277
254.4093618
275.0116894
305.1742389
344.8366647
460.5313288
447.0561145
462.5702976
307.9418794
405.2172657
448.1440142
542.5965421
564.1083165
609.7659066
483.6542385
564.7108779
498.2833016
411.0783997
293.824497
266.8598404
248.1074394
261.2014485
294.6638216
332.2828516
366.0117383
452.2304892
322.0474492
322.7316623
395.3217664
352.9964231
545.193741
317.9579298
1302.797175
1502.728019
715.4514523
491.0090267
1458.466464
2239.870016
2159.08873
2991.291859
3712.361856
4397.818227
4538.413878
4827.139477
4006.539811
4016.503068
4154.309909
4704.011476
4168.06233
4131.145216
4605.890439
4862.230085
4465.797935
4189.687335
4174.661713
4068.307983
3854.187791
3431.753202
3326.909535
3021.057953
2614.570244
2340.842972
2372.076573
2625.743791
2631.16635
2312.085937
2202.660997
2177.297916
2620.095029
2554.700315
2730.049884
2597.206399
2171.982516
317.0201047
1019.035585
711.3732161
1061.233011
1176.463384
1393.224861
2795.283042
2543.899514
3292.656046
2649.412647
3800.686368
4445.055516
4571.49175
4091.000699
4076.163477
4033.591494
4859.563977
4800.252236
4741.134528
4606.583235
4065.993176
3975.602645
3865.91979
3932.12585
3764.943006
3377.367189
3156.983436
3018.187419
3472.281827
2986.836828
2893.517385
2664.392297
2483.246011
2318.619784
2175.195723
2460.286616
2114.709638
2319.963594
2108.687511
2068.112652
2165.597049
2351.162239
229.5238519
404.6006976
265.5386777
1389.38845
1124.846372
478.8424898
1671.800709
2421.872191
1953.941475
2354.712944
4642.763877
4046.155821
4044.32107
4534.767315
4523.108885
4146.790236
4807.753982
4722.50169
4396.17394
4237.710966
5098.59057
4363.075142
3938.198782
3730.89148
3135.438908
2763.269081
2898.371897
2902.461429
2856.576604
2664.563069
2693.653914
2660.257012
2598.209839
2640.893135
2460.840155
2402.636129
2207.318572
2208.83792
2412.209279
2198.059161
2152.309053
2397.041081
255.5134534
737.8665218
342.1873039
957.5598944
668.1479353
931.3659398
1629.470568
1642.417042
1485.26463
2825.467581
2950.316823
4257.713696
3737.000528
3468.860173
3787.388529
4234.317193
3848.700987
3961.688529
4171.777621
4301.111697
4186.699894
4671.94022
3976.735741
3973.832643
3520.421968
3278.294475
3142.372144
2693.399302
2298.302794
2645.564543
2369.888843
2391.792381
2427.412608
2327.038832
2282.992091
2267.863705
2193.316906
1960.627846
1838.218053
2039.941104
2379.19156
2197.816131
508.9356583
249.6831395
205.5896461
873.5203467
585.8870723
761.5760194
893.6793852
1559.30118
1110.321838
2342.915053
2783.41746
3113.959927
3480.481255
3809.297161
4522.37433
4749.765953
3770.284506
3890.092325
4121.886462
3901.836571
3679.145303
3749.92909
3730.440031
4277.068359
3438.466539
3223.110456
2752.729745
2868.82031
2828.741237
2557.587474
2567.778882
2594.378015
2438.874835
2605.953587
2829.202986
2903.018371
2368.002545
2073.540953
2121.397405
2095.550658
2139.33301
1873.749249
206.7499732
212.1359803
616.1333959
653.3176844
843.4757365
523.5190243
797.171616
738.6219451
2503.07927
2858.787918
2729.032057
3407.27338
3275.507834
4050.694139
3705.349182
4086.971284
3551.365469
3251.973541
3646.556276
3756.149587
3311.617158
3193.752192
3348.358727
3381.580653
3264.192319
3109.000996
2986.47065
2718.552116
2557.136484
2352.421541
2331.808457
2255.486744
2350.033109
2435.205854
2213.279023
2167.342286
2097.718241
2341.9344
2260.606573
2253.980982
2204.777233
2195.666537
218.9352992
404.5763574
310.2484602
661.7555756
855.9138598
919.8351289
553.0402605
1907.621666
1679.689305
2578.049562
2351.488205
4016.574708
3272.191141
4179.499409
3788.521891
4056.907756
3415.020775
3578.189638
3311.927505
3534.642305
3594.106742
3723.838423
3323.569615
3368.589169
3066.141762
2805.021106
3070.592416
2922.676454
2417.302639
2488.713735
2689.038859
2845.298593
2713.888658
2463.292847
2320.772858
2140.307918
2129.422111
2198.622118
2208.352179
1944.697028
1890.840106
1900.597967
596.430892
694.4938108
1038.32204
667.5329168
1164.530286
1294.107997
1155.446438
853.448971
2416.459533
2540.573404
3263.869839
3120.669077
3645.826486
3582.24627
3256.255204
3799.873961
3380.075353
3474.259041
3424.449454
3092.850614
3209.508054
3207.902049
3003.642696
3009.337393
2858.937007
3004.63083
2963.689447
2892.416276
2599.556367
2457.080869
2197.614668
2348.130967
2027.120181
2029.302581
2149.121595
2189.58853
1933.355858
1905.445867
1937.141459
1974.232235
1925.558651
252.6084841
228.1925088
345.7582422
827.4217027
483.8382414
923.9564986
1375.648453
877.6857571
1902.124321
1567.819803
3425.554007
2379.924698
2597.016396
3276.035211
2722.525296
2560.894303
3253.196087
2935.512165
3323.58941
3164.663596
3194.994618
2720.626205
3183.274369
2912.821926
2955.561567
2629.245618
2639.928923
2548.542506
2557.772032
2466.216453
2255.045567
2286.605677
2397.31575
2298.209939
2106.590148
2086.703359
1908.203799
1778.02982
1768.437934
1702.01699
1739.22385
356.311842
308.2257873
232.387496
233.9444224
1132.366588
602.1504886
2041.473812
1840.709019
1702.143678
1885.573679
2219.841912
2913.741256
2584.205795
3011.974039
2823.298426
3359.663822
2471.02987
2590.660643
3032.518257
3075.814378
2682.552239
2560.342147
2915.009914
2928.170907
2858.674123
3037.043332
2695.169999
2402.735509
2605.620072
2297.419757
2232.638529
2201.047091
2155.891854
2264.652893
2306.324732
1932.520481
2141.049302
2024.03648
1890.072391
1814.365631
1759.562032
214.2543387
225.5260677
351.306762
259.4435005
754.4972062
964.9951793
833.4410191
1475.255949
1416.259688
1827.649191
1515.307091
2445.36751
2634.262074
2614.646616
3421.05631
3261.368669
2927.737414
2435.300369
2546.871889
2838.655113
2464.858025
2809.609381
2851.018415
2740.644201
2354.899208
2471.398444
2494.722941
2286.830404
2176.279105
2172.134272
2176.771888
1932.025849
2021.85693
1965.230772
1995.25588
2036.522305
1867.303867
1919.357246
1949.779365
1791.404213
1607.883026
716.194039
219.2942031
361.8901245
881.4310671
419.4601498
825.4867902
797.7468888
1216.641351
914.7814502
1385.636951
1762.043091
2122.597964
2330.82231
2655.136082
2798.337426
2970.354562
2805.827807
2540.174355
2910.315139
2627.518992
2376.64205
2608.040213
2782.976255
2522.327821
2362.500291
2533.485704
2446.560394
2252.262106
2236.562091
2406.599122
2188.696902
1902.834804
1907.703601
2036.78777
1910.453162
1917.197299
1653.50603
1551.640531
1608.061477
1747.591989
472.2286323
210.4322733
366.4281427
319.8836244
301.2573203
797.1810382
1169.916721
982.0603783
1134.634607
688.7646422
1872.316766
2674.068967
2031.620639
2337.660946
2491.778713
2673.85731
2529.841809
2717.096235
2506.697424
2185.149146
2449.8632
2478.894024
2249.468569
2373.857525
2180.012131
2069.423072
2166.571255
2257.110144
2116.151703
2228.01489
2139.242763
2266.044645
2129.90432
2098.844508
1920.142992
1751.25272
1790.788031
1628.775301
1466.266604
1522.716445
219.2155618
209.5048832
397.0688175
563.6236239
253.9849571
664.7258187
1256.053549
575.7076414
1116.204682
1061.278389
2013.581645
1381.044417
1807.930499
1867.694579
2356.693931
2119.783497
2607.484635
2138.573729
2531.263153
2625.854048
2371.033259
2648.655368
2108.882572
2111.841941
2127.693145
2131.967239
1959.710133
2068.408009
2110.894326
2101.199389
1929.796305
1821.203166
1731.091109
1745.055843
1889.147992
2024.98164
1760.867847
1994.483117
1835.610706
1675.886917
219.2501395
643.9643986
231.5352667
494.4755203
507.2406977
1789.337612
690.9041329
1064.932336
1258.3317
1014.330356
1000.156124
1477.610039
1594.235888
1446.614302
1578.244869
2082.251477
2159.43404
2168.594476
2212.113756
2103.517203
2217.926883
2340.313297
2208.665105
2122.360437
2113.920564
1822.306317
1899.096767
1935.252255
1803.293123
1826.871064
1853.665852
1923.117553
1765.852238
1655.230428
1628.634469
1738.060311
1936.924924
2011.882452
1737.208375
218.6390623
218.5230837
277.1613676
611.6705732
739.5745132
494.5926372
473.7631439
854.8466284
811.0211378
1116.545689
607.1774818
1035.025523
1507.454415
1668.641157
1729.202853
2107.126713
2387.928757
1756.46611
1962.997247
2180.230482
2007.357409
2214.815708
2005.273395
2083.367918
2201.490216
1871.154524
1637.828577
1623.637613
1581.964496
1736.390726
1455.825377
1590.45669
1540.907309
1683.993385
1592.161336
1588.063486
1704.851228
1551.48648
1493.440529
411.6329053
352.5682676
412.2964174
409.4592852
213.8144643
342.4645668
1157.349145
780.1405605
595.4887316
603.4410614
773.328608
1098.690651
975.8272279
1154.798636
1423.492004
2179.298609
1947.505692
1961.954012
1958.208047
1915.035074
2045.152465
2146.542289
2127.012078
2114.92442
2146.522939
1816.357439
1646.403473
1639.517495
1672.080323
1796.183186
1617.5928
1658.435968
1684.200178
1650.590948
1540.599553
1647.744074
1477.009314
1439.033931
272.6345421
821.3267867
262.7193113
574.6314801
380.7314671
764.4008886
481.5018973
794.0062646
613.2598298
1099.164126
1661.564158
1586.662395
1718.418106
2017.357173
1438.966538
1569.886615
2085.375814
1606.435181
1884.644021
1596.200784
1445.802368
1581.616245
1494.134758
1663.78404
1947.810901
1739.207202
1587.038931
1878.233692
1611.924608
1664.929992
1756.476155
1482.724007
1460.875118
1401.841486
1477.360847
1534.991464
1436.539668
1373.673129
522.0626462
337.4357495
419.6037594
286.2270538
469.1643812
350.0725605
568.1374905
673.0597191
1133.794408
1041.13963
1183.601753
1724.57991
1532.450035
1252.505789
1433.222483
1389.461676
1391.031135
1577.591447
1575.267917
1692.538454
1521.786329
1674.05158
1750.13381
1709.169211
1545.238618
1811.451017
1748.166067
1868.662199
1784.104425
1642.31968
1585.241526
1307.690182
1377.10349
1348.435817
1537.046182
1578.333246
1351.816642
225.7761087
216.660602
482.2208756
280.3751883
848.4328226
385.7304066
250.5164936
661.1454513
1017.920185
1210.667307
1138.520102
1191.548473
1378.501336
961.4777856
1463.269493
1091.02511
1366.055288
1521.394691
1558.717426
1579.103217
1845.11877
1744.260543
1401.461972
1506.208932
1435.386942
1396.270792
1407.125126
1368.337466
1401.878315
1484.337038
1538.062779
1622.093632
1539.526723
1505.494945
1324.290734
1312.447846
1460.891371
291.8607921
489.3334441
405.6713485
439.5854597
310.0019276
225.7412447
207.8220841
937.7036345
951.8699991
847.1353762
1205.014125
1142.424398
1303.028202
734.0362047
1134.262434
1029.490637
1307.383734
1442.336164
1633.625097
1628.098697
1352.189646
1462.907653
1480.493831
1355.071128
1536.500193
1529.143116
1403.454298
1438.301744
1478.585347
1469.8395
1461.888627
1518.684692
1343.345994
1355.61819
1377.025579
1435.962977
217.6890124
234.1208538
656.1934797
278.0567561
208.3340599
224.9572136
551.4555479
364.5981329
714.2201436
870.6509938
1375.103328
972.2054105
614.2151647
869.9144726
952.9829213
941.3056849
1060.004387
1148.17594
1185.446256
1501.978316
1536.494583
1251.951742
1189.341992
1360.791785
1281.443601
1490.72708
1550.078876
1240.003788
1168.776759
1358.472094
1377.364433
1324.092552
1196.942017
1188.518587
1192.619784
223.7591005
511.5663175
737.2728701
264.9019289
660.4278279
390.4333635
578.9212423
612.0597674
863.4667007
747.2468865
732.7856591
781.7592691
623.2865114
762.9887524
939.8045615
1241.260703
1395.629495
1236.476182
1340.070116
1277.086983
1279.634475
1388.792682
1411.458507
1396.650899
1318.021781
1322.067762
1072.402854
1099.326125
1092.472265
1152.642722
1104.435214
1176.890577
1367.309404
1282.447703
205.1243559
236.8450697
344.5528414
263.9615202
390.0638531
634.0868439
739.8868006
247.8101064
931.1562585
591.3117532
804.6282765
628.1437484
1036.026845
715.1060195
643.2145535
1181.560545
1398.067021
1102.399272
1001.161154
1094.669135
1304.87831
1286.083745
1510.820737
1457.681543
1282.21476
1187.298466
1320.174773
1270.559487
1096.931274
1289.071333
1250.965593
1310.880597
1252.274072
1252.996262
216.6126705
224.4157754
342.4454394
359.1218531
549.8898348
417.624675
538.7759441
623.9554164
539.620129
616.9243057
425.8937126
706.5261866
886.173915
725.6703971
645.6396726
928.574744
1244.856176
1016.527254
859.0798427
849.6385156
1045.580706
1032.31291
1315.054536
1175.728346
1178.106908
1168.159356
1097.937723
1134.195858
1429.518584
1439.927278
1205.625288
1021.594325
1070.142634
214.0226751
214.4719573
327.1360989
284.2165965
551.6294785
274.514581
503.9805703
614.6602399
429.7821256
455.9306658
569.4804291
914.2321966
1210.94323
672.601103
486.8103155
568.801009
1000.982255
1162.136889
940.3760188
919.4570041
896.9909927
1156.006327
931.3290842
1052.898759
867.1561622
1051.631457
1091.382083
1062.989821
1136.032736
1184.977718
1038.405772
939.5485044
204.6532412
317.8849758
252.1780762
343.1529724
286.0610571
318.0208357
473.0265688
456.0816008
432.0742449
538.450834
551.2831057
535.9287044
499.2298253
474.1551404
584.2294943
751.4006222
927.2978155
1161.237021
722.8085757
773.3373723
667.2826529
975.9905794
967.5789756
1147.967408
1221.009736
1071.548251
1181.458172
1093.926215
984.1948459
1156.677139
1166.826481
247.2306212
264.1573373
310.9773814
334.2587886
435.4861649
419.1873512
368.1484136
336.0572147
460.8932434
555.0823344
494.2941714
662.310932
463.3384863
620.0934089
625.8420674
903.2630625
869.3571334
961.0989788
779.1961519
667.6702667
728.7248914
782.8212989
1028.452555
889.3674137
759.5547985
804.6515474
839.7930382
798.9396562
998.229311
207.772464
321.2890356
349.7358509
417.0591827
333.8891858
394.7699156
422.4825543
501.678002
323.1481915
472.4260858
537.2786757
667.6830296
591.6831677
348.4873206
631.2141785
509.3512543
741.4902255
1095.622764
962.9566557
874.0674622
899.9313531
974.406381
773.9179694
605.0758357
641.3454671
608.5739262
651.988668
797.5321832
215.6747462
477.3160407
467.0107835
392.182652
420.3877472
445.880802
601.1968863
497.5618034
368.0893606
454.0685077
646.3565798
715.5440964
686.1873085
488.0651664
522.3550833
588.6533042
695.9522847
998.0115086
1097.218639
1026.829344
763.777918
789.8451634
750.7282162
930.2739044
840.8948202
831.293387
718.6025583
228.1927744
337.4265889
580.0641251
413.3550298
252.4116846
326.7552466
608.2795068
452.0204298
516.3042797
513.6818818
794.8957304
600.8553706
622.050833
667.50468
660.6434044
745.5390658
639.4972647
723.3108068
920.753225
921.4024101
869.7584617
798.1065162
948.4888822
914.0192558
931.4224577
217.7397955
366.1757934
468.4545359
485.62933
455.1961225
450.9732134
477.9693566
342.482336
386.7123644
595.4164468
352.5141092
348.572628
493.7732168
554.1090956
536.3901841
649.1185496
582.8672854
622.9436375
817.6781373
841.958109
844.2727353
673.9612431
679.5478612
215.9263211
487.5181394
435.5236202
349.390659
360.1298148
364.9603627
394.9478269
641.3859093
530.2012918
513.2173837
525.0120297
447.9628635
510.5473102
529.5880677
536.8660913
517.7981106
523.3017133
594.5259592
251.4002403
268.3836098
390.0461367
437.6399939
411.6002664
352.267251
370.0964685
474.2222614
559.412689
1155.147113
375.7418835
1337.517937
435.8274224
1212.972522
459.034903
1154.29739
1381.036658
1745.325335
3070.984737
2802.04177
3290.949868
3047.549679
3150.30318
3709.499488
3997.48565
4327.906121
3874.596054
3951.182093
4102.99158
4022.999959
3731.253433
4069.486533
3818.069122
3944.027045
3587.046242
3465.024897
3366.027311
3122.756051
2970.448476
2749.467769
2581.535922
2194.123588
2225.348178
2419.427746
2484.681903
2409.998264
2153.940416
2121.796222
2053.390797
1938.286308
1789.155445
813.2540933
208.0835505
733.8623732
652.4238156
1206.399426
872.8011464
1246.742957
1853.248709
2188.846594
2378.88186
1960.004501
3256.078743
3687.758755
3256.882468
3334.922105
3598.889245
4179.090658
4026.926861
4185.231168
4084.205449
3797.797532
3887.138585
3455.514577
3646.361321
3375.686391
3432.142987
3276.367144
3178.506573
3047.071552
2962.342469
2528.02463
2329.782252
2266.857549
2467.67002
2593.926077
2303.924839
2212.444698
2062.513448
2341.479776
2081.066153
2027.511146
2100.547013
1176.481761
214.8416575
334.0582206
709.9383719
925.1133923
491.912621
1228.579069
2689.57161
1431.673609
1609.724543
4007.347432
3321.819392
2619.929242
3074.529719
3824.314399
3185.048522
3571.958109
4056.324854
3906.086415
4262.605428
4609.424752
3703.421522
3638.688135
3579.470307
2999.982037
2559.297666
2604.488831
2565.289076
2532.054277
2528.419037
2468.870555
2480.673619
2486.696007
2329.741213
2663.035597
2278.676808
2146.635571
2210.624942
2159.491954
2096.233205
2146.744156
2256.951882
201.2274944
205.3685742
369.042631
1233.013945
1396.908432
461.2577886
1304.160767
1349.140506
1521.298568
2745.398207
2076.259847
3152.079235
3381.829379
3041.66697
3636.328368
3854.658611
4102.678443
3702.791049
3600.357997
3947.65909
4119.189905
4549.045453
3931.907613
3410.241437
3488.691753
3514.280317
2822.104447
2820.288469
2928.996726
2446.810522
2403.510062
2446.769936
2484.185259
2379.427584
2212.098205
2259.917282
2251.468754
2150.544518
2394.188898
2288.140914
2396.384796
2476.443591
289.1963404
219.6085384
989.0708931
563.6113772
202.9794039
862.0656705
1974.311574
1263.226968
2639.729002
2244.765959
2392.278116
2696.504369
3694.712049
3553.011957
3478.945
3249.370483
3643.713665
3765.152913
3839.280919
3492.79566
3593.585423
3429.083916
3659.5044
3236.455243
3385.507269
2939.639065
3020.438366
2807.979137
2660.062387
2368.738449
2376.310078
2345.354037
2427.362063
2426.872022
2449.139485
2393.137046
2287.482357
2211.006847
2064.711109
2102.414385
2327.86171
400.4719132
217.0522361
703.6813533
575.3913145
548.1094928
365.1152876
775.3826514
1967.304614
1598.814658
1839.089437
2736.99183
1684.134061
2959.642289
2575.533479
3096.210806
3036.196146
3009.513793
2807.367245
3284.834106
3217.878687
3610.34814
3074.813291
3224.824296
3025.388173
2981.861056
2867.553567
2847.805684
2771.513194
2602.371741
2381.254364
2269.622732
2372.206037
2446.161959
2436.73721
2252.701856
2144.102859
2160.664309
2143.92068
2291.777081
2221.471496
2150.428258
455.2459956
294.9723623
321.728013
918.0138798
434.1391766
1000.234029
627.2228271
1368.136285
1170.013413
1572.119796
2692.557606
2847.223038
2225.798462
2760.649387
3268.755148
3370.142927
3249.063194
3176.898781
2919.079956
3399.838553
3315.567288
2938.418258
2816.924234
3018.405727
2659.441479
2543.747367
2598.2086
2647.680774
2699.595591
2214.422114
2315.164939
2120.339537
1952.280194
2029.969525
1983.934943
2044.932457
2028.793034
2158.966872
1980.670812
1926.611899
1836.629115
289.6234167
214.5766623
340.0360838
574.6184345
259.3292455
664.8980115
1371.268391
1246.712449
1558.800276
1797.578978
3238.446669
2827.224687
2678.044219
2827.715587
2744.256805
3099.618844
2933.040033
2872.654075
3672.632823
3291.291297
3253.198636
3031.242646
2731.918514
2687.485176
2398.803697
2294.05341
2222.708666
2135.600165
2414.449269
2280.315231
2393.175092
2426.797455
2352.626652
2289.563876
2076.955831
2136.94285
2062.232272
1901.231466
1912.797824
1764.248231
1749.44293
241.4237376
231.060471
321.8655328
484.083414
912.3002167
973.0173228
929.7330556
945.0417573
1321.551367
1595.025183
1989.729244
2704.224533
1868.471249
1955.046868
2548.912795
2192.551591
2402.574681
2648.545844
2852.590622
2747.829647
3537.746767
2873.949921
2658.876104
2251.767
2290.692658
2095.585086
2232.004427
2281.026449
2327.064637
2373.458608
2170.669415
2001.495458
1993.089689
1867.967967
1884.794464
1921.954243
1931.454661
1879.661656
1671.745655
1895.18473
1618.942758
226.9207403
645.5519818
877.0474291
903.6882013
832.380875
1352.858817
1133.043408
1872.548157
1521.00626
2380.048438
2501.516043
1965.952962
2294.474241
2746.101666
2901.843957
2411.563781
2308.161486
2652.816962
2805.814019
2588.094912
2451.155151
2591.672922
2717.05036
2628.103373
2568.22127
2533.125803
2607.637084
2454.784677
2162.001597
2134.380122
2267.004005
2324.689908
2105.81827
2007.383682
2048.207059
1975.421041
1907.833456
1728.240975
1741.438156
1954.572458
233.6484657
513.6962406
343.0871167
320.0486701
558.3031573
1325.967085
1605.867054
1315.138414
1967.281841
1894.152224
1989.963969
2285.57568
1536.280329
1853.154038
2227.046285
2142.991647
2278.97447
2429.593245
2195.590102
2615.011771
2688.723645
2677.329405
2263.997525
2630.506546
2326.171786
2371.689519
2542.294981
2311.101268
2416.546741
2261.945431
2162.424318
1955.005848
2128.45895
1844.475016
1889.737588
1848.674268
1767.14902
1730.058653
1777.285874
1823.688805
215.6783403
336.2322128
204.2958638
555.1267852
283.4113634
442.2756526
740.694974
580.8315897
1137.151272
1157.050599
1219.953235
2181.817542
2191.776289
1553.538684
2403.767361
2699.909063
2637.721382
2827.730077
3030.58262
2821.150498
2518.252436
2600.067508
2850.54955
2479.049353
2459.709278
1851.336936
2212.497881
2332.329698
2047.153729
1973.494101
2019.703355
1975.79582
2118.609587
2104.734177
1936.843906
1930.75647
1943.468774
1729.71146
1609.632041
1582.570979
308.8925112
252.4724686
622.4545305
519.4072761
595.1934977
491.8470156
713.1594088
1044.669253
850.4489171
1051.137166
1264.012801
1672.350175
2189.922521
1932.126127
2060.333863
2474.52426
1752.233926
2113.091256
2214.711233
2414.197126
2577.741158
2553.710071
2469.833488
2494.066369
2359.666313
2333.801517
2095.447634
2012.256933
1802.732088
1947.727893
1934.808509
2009.37726
1999.629942
1930.137819
2002.100491
1845.564904
1921.689354
1829.801374
1619.251183
215.0496743
406.8841965
637.3229904
466.8236893
467.6810594
1462.910277
993.3379623
1188.689665
1025.110502
1352.061774
1684.445166
2430.029897
2052.99549
1893.796057
2028.412864
2074.139092
2277.255509
2155.641089
2129.721987
1717.925007
2601.369886
1902.978568
1762.600291
2073.390345
2511.509285
1942.889082
2004.109287
1890.166479
1799.082422
1598.341484
1600.15558
1703.380067
1572.07995
1568.521693
1588.516319
1913.572036
1713.143228
1703.96391
1767.605389
217.6526799
428.2761794
361.5460004
759.9914357
588.1388529
866.5462681
799.4700876
628.4609234
673.2505795
1244.465226
791.0203558
882.7945977
1375.846305
2012.236068
1278.574444
1497.118644
1631.994473
2516.504599
1980.382462
2161.247747
1918.517785
1979.764536
1694.505364
1899.590552
1788.244128
2277.100191
1958.101622
1833.572461
1931.485835
1729.615715
1603.48358
1770.484141
1624.957579
1728.055593
1562.808926
1389.017481
1536.055552
1538.550888
1602.868854
281.7433661
306.8504985
909.0666599
1020.759667
531.3241377
533.0967374
781.748423
705.4917511
775.157783
1331.007566
1248.879523
1286.833064
1403.191612
910.6456307
1680.889802
1455.94771
1265.725995
1641.62293
1740.65511
2015.139393
1829.010751
1785.967407
1521.176313
1581.823474
1760.913784
1606.036779
1569.397299
1646.888683
1684.967894
1447.008005
1478.170086
1642.846899
1596.433061
1704.426634
1606.884748
1581.826062
1748.961911
1706.102379
628.9799587
465.3701072
778.6001187
399.8820889
325.8633349
357.019474
889.7343712
627.0757832
587.3988838
837.5688016
613.6697741
1018.437478
1589.333101
1595.748182
1135.607912
2005.2855
2194.993709
1747.985688
1999.267263
2161.474089
2114.265437
2250.63531
1853.867544
1865.058077
1846.494879
1995.827184
1894.71776
1763.252613
1695.344988
1722.85707
1550.713565
1667.47989
1600.227576
1634.054489
1623.1857
1607.906868
1696.242182
1689.249465
1023.760353
636.5221466
199.4918731
320.9129504
509.653483
707.8523348
823.7381563
691.7133325
456.440738
1101.04979
650.8310508
971.6945826
1049.372827
1074.434981
1167.211484
1600.504746
1430.045622
1434.395181
1705.487806
1662.324316
1726.032101
1322.477272
1522.673075
1566.190694
1767.237889
1709.258848
1495.259915
1473.524031
1397.946098
1444.825184
1359.104713
1323.536506
1282.550059
1461.777601
1432.56266
1396.912145
1520.825162
229.6263523
586.2201411
369.5184262
599.6756548
222.6414794
246.8693105
547.7005782
245.3741043
782.2730575
922.7739396
577.9502869
923.1430857
1273.234296
1423.359971
1126.638823
1420.832136
1324.411573
1173.429859
1435.484861
1227.139635
1365.954347
1359.475557
1638.163425
1630.27838
1746.088376
1551.344331
1618.826104
1401.313505
1183.615142
1274.412603
1438.598465
1669.889554
1444.141447
1365.345308
1484.441613
1558.241415
1341.952828
547.7606417
385.8540509
270.1893626
219.1415773
227.2980089
495.2801412
223.8447575
1580.327294
994.3093322
833.4904389
1271.584305
910.6300076
1091.835162
1283.530529
1355.82197
1055.254127
829.4160436
1391.436937
1211.346754
1152.100048
1573.431183
1237.910812
1060.849524
1280.856567
1494.464968
1422.965692
1534.195091
1370.828035
1486.334884
1654.549199
1484.167544
1270.110104
1381.640572
1360.92934
1351.808113
1487.684062
470.277523
489.8898494
384.3581124
459.1090722
330.1718012
323.0103304
637.7553728
854.1107496
565.24966
978.0793471
1014.387494
477.0106042
1324.191742
1194.092431
904.7934594
1016.063879
1317.799074
1160.235064
1496.029277
1662.32758
1610.637154
1128.124232
1362.636158
1416.519948
1491.270149
1664.296534
1538.071315
1450.070021
1508.562081
1363.684339
1344.266077
1242.013148
1357.755725
1438.065516
1426.580654
213.928785
701.6397567
249.5628971
231.6059737
496.2130267
216.1918053
316.3835416
876.4026385
739.9215437
742.5063341
718.7332338
1396.92479
822.2600862
694.4896885
815.8604124
1044.16181
804.1193968
913.1276002
1003.581457
1067.024247
1341.423447
1556.809309
1181.88989
1144.02486
1315.494192
1278.573571
1153.381252
1304.326943
1170.203905
1137.697239
1232.615643
1604.663575
1364.913412
1078.041375
1154.252431
434.4300062
226.726731
226.8438194
279.3143748
486.1385966
445.6008667
255.4818819
979.7426125
878.2630311
800.432066
1060.832052
889.6633024
629.1710733
656.1511403
899.4888423
918.3547827
874.6943471
1179.65638
1198.42579
1075.508277
1454.642149
1292.946813
1109.972573
1160.639274
1256.765924
1172.603677
1139.763923
1165.749331
1283.767487
1093.231219
1149.673164
1089.100785
1146.263726
1289.83339
215.5605487
440.2447425
349.7833646
330.5680761
286.2630558
399.0398902
692.1275423
612.183924
724.3079327
404.703727
567.2665235
441.2020447
492.4911408
681.083041
742.5731448
867.6127784
1087.270952
1216.55492
1235.607502
1234.286354
1554.369445
1317.437316
1261.936727
1428.740804
1531.065718
1312.220721
1262.603796
982.7172495
1080.635389
1059.67733
1142.010308
1022.883828
1023.413513
342.2721217
263.2056226
305.0579647
423.8831457
321.501851
606.7726419
420.1384012
830.9264347
378.9679046
491.0035068
663.5366811
581.4528782
609.0648178
554.5127474
959.5631999
984.6501332
1214.345617
1283.373171
925.2469405
902.8313783
1207.494376
1291.072282
1091.739076
945.341693
1032.558404
1022.203896
1133.834244
1184.803943
1056.404076
1101.022519
1207.099884
1248.177509
207.7906083
203.6518164
284.5833727
206.3802655
564.9169096
312.4372832
307.3840812
446.4766304
348.880281
721.0618953
568.7005627
361.9796397
576.6681434
785.7042755
612.1062288
798.8663641
751.8355263
842.8194876
843.5349513
1050.758981
932.4188968
1222.347977
1233.81396
977.1611371
829.4260406
948.7010692
978.4692559
884.6373712
872.4290532
1233.980612
1163.220974
223.2153944
302.2737449
220.0537477
340.9024475
328.6595767
330.5013116
382.8066265
355.4567214
378.3291544
537.5915982
448.0579448
675.9333301
449.5019849
620.0784407
619.993425
515.4569615
558.0472405
809.1975951
650.401227
1053.750697
1073.273139
1041.50081
1119.305609
1019.888998
956.8376173
941.7229168
969.5111662
1024.018152
868.469908
864.7783178
370.1917906
242.4023248
239.7625307
247.994003
554.5510432
300.3924334
350.4970081
346.6766767
457.6891108
866.6961294
514.9172238
656.4695563
441.4929952
321.7173817
490.3208722
526.5797583
675.3282889
695.0210094
675.8307736
739.3965795
983.2320555
878.2253651
712.2860089
1100.817209
933.4919234
933.4132402
750.7817585
815.9509533
672.8361826
212.5616628
219.2741928
520.3746579
398.4615897
352.08137
312.766597
350.71095
468.0825001
445.8989891
588.5461434
660.2796331
519.9577804
662.1555558
642.4380584
601.1462721
717.072217
586.2542373
534.8306901
732.2106953
660.0223743
955.7144259
931.760077
903.6636873
867.5848764
770.4540541
775.8953873
754.2268114
262.6490459
283.0518548
840.0438845
553.8589254
420.5159152
474.9536404
390.6984958
338.4358497
404.0881066
487.462154
446.4381398
316.4820771
425.8772447
420.0910781
393.0651114
555.9955104
665.9792944
914.3188482
1035.476058
763.3676069
588.9315321
772.0821001
734.8041497
663.654274
697.753773
712.9398465
616.218829
420.483043
429.5634198
394.0287224
474.1434777
302.78744
370.780361
402.8134344
563.401006
499.0535192
441.2559224
334.2731272
514.163824
743.8921459
742.9413821
706.9668074
645.8045647
779.4415857
753.8960506
718.7734956
660.4408718
539.1592463
673.0101082
764.3196424
269.2539431
404.4572768
273.7523493
319.808738
382.0721681
347.5558543
430.7644099
498.1418303
458.2113735
532.6468153
326.9207507
329.3726769
434.7286104
626.7390402
585.1468736
520.2895238
575.1010563
597.2907957
734.432658
694.9721894
662.0731028
219.1570537
316.2136355
398.7557085
630.0919671
400.0734237
330.3773023
316.7060551
337.7466906
434.3970358
339.7506318
266.9227407
368.4532028
512.1825127
371.9209947
368.0077739
238.9782712
796.9838275
372.0986094
414.9952359
401.7898041
568.2403345
1814.864894
1155.942314
2873.19699
1840.708618
3076.904259
2743.242919
2759.134716
2900.709638
3452.575485
3772.854308
3109.992027
3275.025837
3334.071798
3298.205405
3352.368325
3706.582279
3515.137206
3512.951665
3461.349843
3067.455381
2739.728168
2655.701767
2450.586806
2440.659298
2330.341708
2402.123981
2224.134226
2109.588318
1936.564857
1913.298814
2065.875697
2138.904531
2042.74099
2086.771052
1931.877767
223.2489579
873.0021051
313.9925091
1033.550939
635.7297865
949.9911269
836.91858
1215.405438
1893.112241
1927.11829
2669.746981
2707.315146
2966.04165
2795.447718
3441.928579
3753.60693
3592.276694
3539.137731
3550.580581
3650.140495
3494.309909
3702.498719
3388.731938
2990.375803
2919.171567
3144.90107
2722.603594
2683.91935
2834.788304
2456.394067
2547.213207
2353.306159
2292.024133
2286.128791
2077.921409
2027.401843
2196.163052
2162.835079
1969.625815
2040.352022
1953.054025
211.7734849
421.4616618
506.0058958
457.5129037
489.9413509
1119.021483
1660.608017
1962.425584
1499.33127
2423.91987
1899.335125
2620.799829
2140.473312
3190.027631
2766.142745
3553.065738
3238.666168
3306.20277
2952.643517
3679.972473
3750.301054
3305.26049
3287.062397
3026.096993
2912.435365
2850.734739
2857.235825
2664.658129
2848.134855
2588.517132
2417.858835
2446.205736
2374.983183
2275.734731
2346.054925
2279.075369
2252.97107
2102.861925
2068.217217
1841.184377
1773.012139
205.4851853
726.517332
1223.462539
964.4398676
427.9633162
1248.059189
1172.887381
991.4326961
1401.506769
1268.597162
2351.597163
2598.255607
2180.104189
2984.034336
3113.239708
3400.823939
3855.155918
3341.888096
3058.427199
2880.584657
3662.799523
3673.946301
3154.389284
3243.53276
3116.865645
2904.078451
2738.227693
2635.37702
2688.868657
2563.984833
2425.949078
2368.904571
2349.083152
2187.154247
2181.147758
2232.70145
2261.002805
1961.358932
1982.77941
1778.453981
1760.677932
193.9236744
566.1627773
622.8290506
441.956254
317.3731627
1233.827827
857.2975115
899.3758345
1618.016435
1463.530871
1921.694036
1920.348633
2855.172484
3677.998379
2785.822969
3429.737358
3159.031846
3350.110394
2796.645384
3086.124393
3023.227176
3084.028124
2898.905045
3061.862382
3308.242481
2902.196045
2928.160431
2666.977411
2952.24452
2586.200832
2248.289551
2330.931159
2090.020983
2275.900757
2028.859031
1998.930269
2034.857967
2042.84107
2137.698663
2109.851459
1662.464864
376.8476833
261.8491248
346.7353528
279.2284116
805.8951544
277.0082748
824.8293886
2180.925763
1454.323393
1979.708878
2190.891439
2508.980322
2896.37866
2419.330252
2809.980951
2856.349289
3598.950885
2989.045453
2427.667419
2816.489064
3524.634218
3220.559573
2960.776938
3147.315209
3180.877234
2911.194878
2602.801492
2577.187116
2255.882882
2344.931741
2163.618871
2126.605664
2036.866256
2074.658191
2261.714484
2138.985042
2005.037926
2053.110547
1924.363332
2050.576664
2104.059486
218.1930045
255.8604816
220.2201194
514.3539841
550.8023863
376.0885381
591.2644514
818.3751837
970.9512987
1182.141322
2022.16633
1694.858438
1538.228197
2558.613164
2626.080523
3141.819715
2917.343779
3438.070804
3225.032418
2574.433608
3175.12439
3050.789755
2954.513551
2958.539631
2867.881482
2846.87872
2555.794406
2638.872126
2501.177422
2446.819112
2312.700641
2383.839332
2216.500426
2108.972486
2026.868939
1753.273163
1710.578566
1560.474568
1587.820093
1879.381
1890.070271
223.0658846
239.7316829
342.003905
390.598198
819.0439356
1279.362308
1551.366944
1236.72302
1496.611942
2274.294418
2823.069817
2342.083613
2428.099771
2325.461574
3154.268995
2363.752643
2312.385201
2289.743811
2455.886232
2646.174597
2773.524939
2424.94931
2739.224114
2576.904693
2698.868186
2477.911347
2152.581089
2113.045652
2296.156472
2249.603196
2200.241798
2061.43412
1923.102348
1892.487138
1840.568694
1914.604723
1802.51743
1817.84885
1705.572455
1825.154221
230.5872169
229.2598368
467.2341723
290.2545532
579.4040001
1421.399777
652.781467
2321.442232
1526.328325
1592.781305
2424.704429
1973.632669
2516.7985
2231.115161
2932.649757
3106.77759
2575.503209
2472.500316
2675.478679
2337.705845
2787.094067
2601.580998
2709.550216
2230.148966
2296.949046
2333.450617
2302.818361
2226.383658
2336.673879
2247.178192
2146.994705
2074.557498
2178.119409
2119.91999
1971.786336
1959.761003
1666.942182
1625.547053
1769.216396
1788.509456
228.958254
265.5534054
842.9617735
319.9924583
1469.805864
868.5702108
458.6266004
1163.055274
732.4193808
962.7453866
2405.407459
2016.374127
2135.020019
1752.866499
2014.561888
2166.746142
2200.77767
2144.286771
2473.461556
2374.709901
2582.511515
2361.443577
2389.68896
2485.996678
2338.876581
2423.614687
2369.698602
2279.340324
2127.60359
2092.011924
2094.16731
2092.360836
2022.316068
2045.686239
1782.918823
1705.78013
1784.275532
1877.505029
1779.471954
1634.180861
223.2603581
224.5754843
462.8138761
359.2359771
478.6740139
907.0939581
752.5252493
1527.94159
1054.171179
1228.56064
1698.395582
1818.172098
1787.270093
1900.592359
2249.832874
2076.064135
2145.034044
1905.955756
2265.636781
2321.450629
2271.287917
2189.14462
2420.518679
2017.373202
1808.444422
2077.54352
2071.514602
1970.121935
1976.848697
1922.954244
2072.132592
2247.233181
2091.722233
2053.341005
1948.626642
1882.448683
1717.083794
1782.965957
1766.385259
1701.287321
224.2928269
354.3562738
312.4572698
401.0117642
513.1038745
583.0291256
608.2195033
1113.75449
965.3229312
1111.46191
1928.446815
1507.123065
1034.52613
1654.67991
1726.870175
1882.719357
1793.212149
1699.269208
2131.214976
2445.676824
1753.816658
1998.714935
2102.730441
2078.29632
1764.600035
1708.600597
1911.674913
2021.104178
1872.151714
1754.256116
1922.997794
1788.700736
1692.54887
1793.93924
1754.403201
1622.472934
1799.564922
1795.675659
1543.854216
199.7085568
208.1915359
455.1805934
455.4352605
542.1590772
659.3427276
250.5895952
1015.965604
942.6271102
671.8759507
1130.669337
1070.521034
1031.620239
1194.298763
2101.07336
1892.30922
2005.308504
1817.779343
2002.958447
2319.451815
2375.781716
2002.981735
2135.391133
2251.237686
2245.281442
2100.350894
2034.556794
2167.990996
1752.061391
1636.097141
1639.107932
1859.471584
1712.173709
1813.414863
1719.151359
1703.135175
1629.314565
1632.198128
1753.116121
217.7086606
225.0186998
430.2220348
294.5279462
433.2895305
699.6657987
539.0667384
579.632937
1597.542369
1299.048163
683.791842
1382.884631
1965.541352
1692.295028
1996.992781
1787.141359
1807.458574
1504.438914
1971.050748
2046.828356
2011.588485
2207.575115
2084.168189
1986.948433
2247.350706
2157.251094
2106.44172
2000.077866
1988.922069
1869.761701
1718.453047
1841.386774
1942.554915
1695.067093
1752.66591
1651.628785
1379.200961
1473.544623
1581.421076
256.5233586
617.8200967
216.7346073
442.4985984
538.558588
553.5555926
739.6338601
500.2056236
983.3601352
952.8519525
1887.778769
1444.034496
1491.906368
1445.50856
1404.195568
1387.666123
1942.036137
2186.15781
1834.893201
1554.815794
2245.635385
1992.923646
1901.860665
1651.911479
1644.38062
2045.248495
2050.382784
1903.150859
1737.319006
1607.887828
1580.266005
1613.55367
1675.380539
1716.996543
1769.118034
1593.06414
1514.913104
1568.376624
365.3946528
740.3847803
445.3979517
593.2169428
816.2912216
695.3345998
627.8373477
562.888396
1082.060784
962.7643375
476.6770991
884.0938426
1313.438095
1443.063242
1384.55702
1204.748533
1180.021859
1302.29383
1888.119325
1827.064776
1451.229568
1967.393205
1600.05315
1226.984814
1581.828943
1544.484654
1676.030139
1725.920273
1746.667966
1912.341598
1599.776839
1575.920365
1607.355067
1567.352157
1624.340525
1733.042016
1654.064795
1563.813316
1181.250626
315.6595335
610.7229549
272.6445512
451.9282741
465.2391219
612.3765203
392.230995
794.2576656
1320.924424
999.7401975
1144.478124
1592.127833
1698.687158
1407.85975
1607.232717
1145.819433
1437.746588
1590.323497
1804.121249
1434.873357
1863.843579
1350.896169
1592.740387
1573.207021
1494.270828
1594.371089
1708.347758
1567.210149
1611.908139
1307.891995
1269.325914
1360.169133
1438.676126
1410.470917
1431.833617
1471.225058
711.1072403
493.8280219
575.0499718
1099.326287
313.4253478
518.7348263
1229.301715
602.4389373
556.625854
966.4665202
759.4331586
903.3683856
1149.660972
1433.473151
1169.525838
1444.919608
1368.402084
1381.597438
1175.327678
1697.756371
1559.582132
1484.852889
1447.930364
1152.941137
1143.356159
1594.632037
1676.106549
1642.556544
1635.112809
1516.373219
1407.70468
1286.843054
1181.057454
1262.777456
1496.142142
1396.91275
1379.44582
525.5950052
216.7528098
220.0548724
269.9417544
501.9910672
719.6179591
406.683692
347.7882779
254.8592495
981.7715604
946.8689503
1262.782309
992.354194
925.7583362
1119.582068
1240.253993
1082.576144
1195.057881
1323.322629
1623.069765
1311.370608
1384.030659
1567.107661
1221.411297
1546.204699
1589.669913
1609.329777
1360.534559
1337.948726
1288.651469
1325.020008
1472.505611
1368.914252
1298.198075
1252.385384
1433.476397
256.840075
229.9761112
231.8084886
226.429355
513.2057144
503.1220682
1107.144761
806.5701524
753.8526084
811.5351747
996.625157
929.8762307
1340.912017
1066.086236
1555.003154
1296.778165
834.5159953
1233.458237
916.3709879
912.6343245
1274.563245
1577.598055
1517.407766
1296.873658
1189.505036
1109.689546
1295.952429
1282.429434
1202.934252
1140.192317
1457.008345
1479.868125
1241.801557
1158.786703
1287.209053
385.5205849
264.9115393
353.3044899
219.4663441
710.4589432
369.5914488
1042.817123
394.9882362
614.8565267
847.7506972
929.4270568
858.989998
793.6695631
941.0297183
965.7772884
1112.279063
1176.58151
1387.064782
1148.355948
1073.259984
1352.016357
1275.898005
1240.567869
1311.424261
1314.862661
1333.539489
1372.704451
1331.858065
1499.498439
1741.177932
1661.745027
1365.621812
1311.44371
1359.243431
1329.203028
334.86566
230.745488
224.5411901
406.8134042
489.4657741
494.1293466
501.0133475
703.7709341
686.9950859
466.2975217
748.7809248
767.7510243
1005.610276
698.3047393
678.000084
715.8468355
949.8580357
1078.381308
890.2495047
857.5410296
920.9587084
788.288559
669.5168191
910.6514545
967.5968571
1090.404154
1182.323468
1243.710519
1174.609827
1137.792036
1178.473442
1370.235222
1404.715234
1232.523785
215.8759011
254.1352322
260.5694862
516.6108793
382.4280548
223.8415433
495.2879532
492.4907019
638.2200052
1041.60957
1160.154741
946.3381093
787.2162548
813.8367151
767.6995596
721.1766401
994.6396186
944.4855323
970.0278394
1183.686294
1346.938465
1180.704927
975.3308961
1075.531344
1056.365345
969.3392299
995.7386484
1060.959492
1167.728405
1102.81804
1255.880403
1174.735709
1177.352984
229.1964012
298.9857352
233.6643642
451.7674151
204.476925
570.2422765
275.1737136
541.1931306
501.5363763
597.2121381
702.297107
612.4596357
572.4917024
698.4804395
769.9382263
823.8520159
1170.903478
1071.042639
851.7865882
1001.852372
929.7366567
796.1453332
933.9063824
976.9700834
987.5090673
874.9577293
1000.009278
1057.920783
1048.787953
1047.186981
1192.074708
1066.83635
226.9753147
370.2415204
293.1734801
348.7069698
267.2995434
383.4563057
599.7356874
654.1113236
532.8121059
482.1885814
521.0759471
614.0149847
694.9163216
624.2570996
640.1225718
692.0627249
801.3292158
907.9800051
824.6997271
934.2383336
1067.69382
991.5634149
1121.9761
1179.414187
987.3309212
888.3458254
952.0163873
923.4351138
1049.619475
798.5000515
1035.224777
228.2344162
366.1397358
238.7364503
345.308416
711.6982198
579.645979
557.5086101
461.3387081
600.8490042
682.7570225
710.3849443
884.6138079
655.2377608
832.4384088
687.1470815
854.7758078
975.4939427
842.2116817
744.9583481
866.0958323
908.3973919
1051.718389
755.0165502
1011.490519
999.6803716
851.262533
907.380947
878.4966403
1025.331442
1023.505431
484.0401957
214.7640003
248.3757402
576.0003849
588.1323057
320.9731754
231.2575622
489.1655501
594.8140023
448.4212526
528.4066297
744.2109675
837.7396065
611.1102036
688.9169428
687.5102538
684.7358284
715.1273985
714.5937051
651.3349213
923.0854885
1178.255759
912.4485801
893.1207939
964.1749523
1026.501037
1066.625272
874.0771412
758.7070868
215.5123711
212.1864878
228.6755639
291.9544334
246.1955107
387.9464848
232.6553103
225.6559525
244.3334174
282.4813107
309.0033231
429.5188305
720.8722522
567.4867033
611.7769728
465.2650297
686.820871
624.8953502
904.5495433
637.0656933
814.1548018
898.514641
915.8415367
935.1494484
1111.125502
969.6409383
832.1961437
908.4384519
213.2872797
210.1811518
211.2895102
224.7597624
252.0897477
296.1311052
291.8486985
314.3937569
328.4764135
335.099571
361.8522751
439.0475614
662.9974154
781.3463999
436.102995
607.9452448
778.6217791
641.6527361
838.4130497
793.0718475
779.1657448
924.3552645
1152.547276
1237.589443
1100.207441
637.9679142
207.2112985
333.1608318
424.0951369
361.724639
421.2494718
536.1578907
440.5836933
246.3739134
431.2472533
728.6862324
481.7635629
286.4012894
485.6808493
582.439048
440.2004363
514.8545561
427.1139949
561.904393
783.8617914
767.1260974
708.8911544
668.6477285
593.0028953
564.5781781
628.8797943
442.128683
590.2002233
403.9276064
337.4647611
399.0364307
258.4068564
264.315805
410.4030348
481.4406319
678.1269446
711.8295158
502.3514478
380.8545626
478.3260054
491.4106695
595.53958
487.9913762
673.8831157
535.400395
585.6419163
614.8071663
709.4670481
678.7930873
245.6145015
420.4379017
279.6858414
261.5855309
317.2007489
396.252303
393.665865
509.2229787
557.3605151
316.4975851
435.7149082
559.1867266
605.7007084
734.6681187
484.0351268
619.2313876
539.0245778
579.489618
240.3604325
364.9323475
543.0929263
362.2140131
508.0609139
415.2189498
335.9311484
318.0993813
508.8445488
619.335989
645.8146626
399.1626184
231.8936357
846.7498737
220.5912641
765.5017753
941.7760479
1454.547289
1314.883712
1846.162949
2795.162546
2347.007456
2391.312609
2281.360755
2640.512161
3197.565669
3147.211977
2839.656595
3287.261374
3298.309209
3187.512886
2943.703371
2851.691762
3066.537275
3201.205666
2757.261313
2837.753192
2739.92799
2669.045413
2471.382379
2294.888814
2356.361618
2336.777741
2079.366089
1965.490281
1759.348754
1872.23005
1886.898965
2032.787584
1847.068464
1772.766219
203.1656788
442.4156851
368.680226
500.1277059
247.6697632
563.9586899
1130.747221
771.5834109
2011.598831
1582.324415
2225.809368
1893.619184
2587.779846
2359.293333
2487.620926
2821.996491
3219.667741
3068.105268
3013.019763
3615.551707
3158.815056
3279.322424
3184.283287
2664.632393
3081.7693
2972.296281
2738.101343
2440.801134
2133.252572
2529.457055
2298.34034
2224.441201
2285.241734
2369.939441
2148.486703
1962.840856
2047.150793
2190.85292
2155.341294
1967.136362
1952.07817
216.9154416
215.9129567
225.9793155
412.7823817
226.4822353
930.6467171
972.8787993
1235.336405
1755.126783
1917.266855
1206.251382
1686.808309
2195.503991
2170.06599
2525.224723
2538.781335
2801.069432
2892.170017
3098.412163
3041.674179
3224.922769
3016.417483
3850.208946
3557.266236
3337.77425
2919.683863
2886.367651
2929.073447
2607.135835
2536.904553
2591.319915
2404.751338
2341.409679
2334.391716
2333.770459
2129.647851
2061.098192
2069.025267
1822.951338
1800.599856
1822.488935
220.6031276
633.6841001
386.4434746
799.3031593
611.8220978
775.2143919
645.6637077
1468.818977
1472.597143
1205.509242
2085.172882
2348.978589
2659.763716
2708.229362
2682.653865
3032.83608
3274.80242
3540.47771
2996.881001
2981.066641
3274.707512
3331.385879
3251.103887
3007.505901
3068.048217
2830.625228
2695.969647
2557.521476
2394.223173
2147.814955
2546.074263
2408.106608
2118.884946
1977.311648
1876.300301
1910.41954
1999.392998
1979.085485
1913.215605
1771.389234
1823.354804
616.6991453
513.5067055
429.5389777
849.1606467
759.1624965
1253.671253
892.9761362
1263.494844
1611.160625
1959.655611
2428.758257
2707.371286
2106.379031
2717.762355
2819.096677
2913.984196
3314.268056
2578.74334
3166.229191
2755.18538
3130.593109
2755.670573
2563.347079
2445.55985
2693.732436
2507.921391
2418.149801
2340.919597
2383.0238
2175.425543
1946.202435
2025.763307
1982.563129
1832.176374
1856.700868
1883.149975
2026.035546
2064.102273
2028.299834
2060.688457
211.6933668
316.0734851
410.6022242
537.6054648
305.7227402
814.9809483
1394.227734
1065.278116
1089.402312
1965.130301
2088.914553
1968.910149
2904.780679
1988.249131
2083.034254
2634.559437
3477.839647
2692.708412
2606.379743
2637.940008
3310.929641
3142.125289
3393.669775
3120.081442
2908.1643
2824.506401
2718.77816
2535.405067
2534.190365
2447.872832
2257.928188
2111.643181
1875.660825
1927.902121
2193.922619
1991.055144
1779.531582
1899.533844
1942.858189
1847.325526
226.4832506
220.8090206
224.2473413
820.9736957
286.229102
633.8945625
1696.88396
1296.785185
1528.616604
1736.727682
1906.493146
2707.289333
1928.845471
2185.962565
1787.718888
2293.232857
2805.611407
3046.723299
2889.957548
2573.842154
3057.116579
2359.892116
2448.802563
2794.110928
2471.717832
2610.970567
2695.767449
2792.217371
2718.339591
2415.455619
2101.386003
1900.225017
1983.573559
1881.794626
1904.964126
1872.820586
1916.265253
1805.429231
1738.219931
1694.936536
212.6042647
214.7355052
697.7970824
1619.800124
664.0510461
477.389075
733.2934367
1043.804619
1413.589382
1699.797523
2233.776819
1592.315292
1624.311703
1987.647154
2566.461208
2466.12172
2230.890738
2524.153178
2513.148243
2789.864504
2713.024079
2737.005089
2373.428375
2266.645465
2395.593809
2379.650376
2409.648304
2549.342124
1870.33268
1900.964658
2125.350051
2244.607921
2033.26023
1916.172531
1827.893806
1700.099714
1692.994739
1722.866444
1637.982272
1693.347803
212.5290763
209.1070552
212.2304491
425.54873
484.5397367
770.5948406
393.0772156
885.652392
1710.714004
958.426312
1615.570711
1836.105562
2079.718482
1496.589441
1862.573643
2609.54768
2877.740272
2094.579761
2238.274233
2630.661705
2451.48195
2510.199546
2509.914303
2429.702579
2373.932394
2120.970709
1783.483923
2039.742054
2016.839191
1914.634125
1655.388891
1860.290798
1899.223447
1880.094395
2018.367663
1878.330837
1800.416546
1699.848399
1750.824131
2010.643164
231.5302227
226.3018755
418.8151051
974.4598075
1128.322892
848.2850659
1232.238452
602.5519562
922.1949724
1235.576866
2052.546647
2439.290843
2585.628153
1848.32506
1866.141795
3039.455231
2528.247037
2196.915502
2438.560553
2298.314423
2596.056431
2621.416749
2224.082057
2001.873589
2123.1339
2269.053299
1927.77773
1898.407476
1959.890176
2000.497022
2121.740723
2094.242346
1880.43734
1931.766117
1985.191922
1969.801481
1879.25707
1763.716568
1574.034949
215.2624833
251.7087301
295.3347961
278.7204798
751.4888732
1299.71648
828.4468223
429.535903
763.4271324
751.1197715
1325.684526
1413.106015
1403.346867
1665.001136
1544.42254
2457.864395
1876.953614
1786.395167
2069.088967
1882.506193
2245.366953
2676.977557
2720.915632
2518.29676
2082.445958
2003.891947
2343.464292
2195.540932
1961.721555
2012.838234
2066.188815
1887.777162
1822.493247
2128.368764
2085.021407
2117.539765
1980.462681
1855.873999
1489.664861
247.5293366
236.3494879
252.2809734
546.4194525
365.1874484
577.5914071
523.4091214
620.9740802
935.4154159
1090.680142
1363.971256
1446.867041
1093.698828
1754.296102
1559.078897
1435.358352
2121.036038
2140.457005
2075.481671
1692.352438
1699.322037
1698.20141
2110.798407
1953.218234
2094.50278
2034.291026
1917.140476
2065.616711
1991.856615
2003.464373
2349.973869
2261.361195
1965.114469
1637.96757
1601.447907
1932.342779
1699.418203
1794.695352
1670.34919
216.3624166
603.0799395
483.0416336
272.6641074
651.8606125
479.7033284
1143.967967
566.4789488
669.7611076
1110.902419
1673.374718
1370.30345
959.9524686
1311.312595
1628.448547
1934.470081
2088.693437
1610.36343
1931.292212
2186.130573
2025.063252
2009.098186
2124.201374
1866.504671
1817.405679
1741.527947
1710.655133
1765.603176
1760.576913
1554.196436
1906.306561
1487.951718
1529.301976
1467.180787
1432.893908
1328.917327
1305.970142
1582.68226
238.5384237
285.0544047
242.087742
264.537232
520.6956678
447.08501
547.1894001
1205.919501
799.444365
954.1416976
1100.107157
898.972689
1292.974126
1470.124819
1572.954274
1446.562905
2158.272018
1473.290672
1772.701096
2033.621491
1834.800491
2007.457361
1667.332501
1650.532516
1671.754124
1786.612196
1728.91281
1770.023703
1487.729301
1552.719568
1610.60003
1515.902294
1604.565381
1535.12817
1463.351234
1564.156451
1488.235835
1454.836913
198.8017386
210.1181744
205.0734071
199.6677215
481.1118315
519.6322752
377.4130004
754.1247107
665.7334983
645.7935934
1473.131397
1170.606425
919.8272346
1466.065224
1374.368484
1015.947243
1379.829934
1900.853602
1462.316482
1356.940557
1609.97649
1842.57607
2002.097422
1782.912271
1861.794767
1393.904486
1633.245432
1596.17585
1634.692408
1433.721517
1486.229286
1369.061672
1536.714534
1618.745876
1665.882541
1667.581174
1399.582485
1449.914234
443.4323752
249.5894003
287.2612839
273.9470834
550.7646183
509.1986132
531.7254305
725.5928758
887.4280169
1409.095807
641.2620884
755.314441
1102.866852
1290.705992
1300.559463
1180.413673
1445.943533
1419.968605
1124.451491
1207.445873
1136.379689
1409.287494
1364.508085
1305.417244
1262.587916
1272.665048
1507.612356
1745.413756
1584.515453
1759.641562
1748.070769
1589.107123
1644.164553
1669.915899
1576.245271
1524.254373
1485.223638
952.3690517
631.3247195
478.5309072
318.2554042
754.114812
262.2172825
716.1958068
442.1986993
860.831961
677.3188704
967.5214291
978.8197396
996.922256
878.2833104
956.8019861
1150.647864
1020.565988
1025.213797
1415.326715
1495.415816
1534.152514
1468.435052
1863.235813
1597.747327
1653.97062
1527.856389
1438.167733
1505.978735
1427.035862
1561.919378
1434.790233
1475.716877
1396.028627
1445.065061
1341.645542
1217.171409
1362.058954
610.9436152
479.2280941
245.4150539
293.1783393
251.312212
581.1318925
445.3341758
380.9648343
1274.235744
494.9518729
584.5467436
1361.191694
1208.573466
810.2507325
1057.453114
1066.13874
729.4469194
882.4105375
1071.687209
1918.643747
1361.453625
1318.336921
1180.542324
1420.098998
1458.982997
1066.797294
1048.481621
1318.433933
1223.312714
1211.33723
1120.727926
1318.86239
1340.724993
1168.929815
1362.144712
1319.67507
490.4076543
218.892503
232.488075
414.7671876
412.2443021
353.7624759
591.2065005
568.7744394
602.121048
1021.153976
894.1539541
1606.057853
636.4347574
868.572029
1398.152553
970.0667016
976.9532796
1048.626068
738.0878567
1337.029556
1332.46855
1160.195003
1203.912528
1139.264901
1317.434575
1160.785867
1091.954822
1316.685278
1343.67474
1258.760704
1206.813858
1218.948699
1192.14345
1200.131285
1343.704448
229.5350455
227.033018
226.2226957
548.2975061
421.136394
475.2832184
603.5199695
332.9952689
459.1631756
920.8700356
860.7104338
934.1121575
1036.718521
514.4803033
1245.867015
1420.837761
789.6164567
766.7553896
1103.012034
1057.591916
784.5463369
905.3361919
1362.657534
1424.764042
1369.321467
1023.613912
1201.440898
1271.156339
1037.541723
1045.730788
915.5212718
924.1736828
1177.066853
1318.931223
1094.65063
209.7664289
230.8825227
212.2895992
418.6365137
295.09718
700.0814946
648.8823933
662.7261312
770.6407542
539.2805089
549.6890726
554.7528525
956.7903699
707.297095
912.8344083
1444.7111
1208.359533
1231.669402
1055.814238
1024.695551
1334.443717
1237.138749
1332.409913
1135.335173
1163.104956
1096.20481
1316.172984
1331.89182
1242.355305
1344.053722
1424.170061
1249.547607
1240.615068
1298.548166
200.5841881
330.5782928
671.8954847
333.7483382
631.1856637
348.9710704
623.3052837
741.4201795
435.119389
708.4946601
769.8090903
772.7858992
803.6680827
794.5159292
847.5612661
1050.280831
929.7304222
1008.846537
939.5563579
1019.54631
1239.64564
811.2560143
964.9733037
1101.885297
1176.189619
1189.604559
1330.850876
1343.4865
1078.072341
1066.695196
1177.978275
1333.113833
1078.916544
221.3517583
604.5862048
221.5026908
268.6764285
324.9579564
432.4605954
734.2977471
647.5580732
450.6981541
886.2003538
541.4246274
969.7453446
870.470831
736.1068455
622.9401291
713.9735345
726.9402237
670.5976434
760.197451
1022.215266
774.6747733
749.9236231
735.2552743
788.528925
783.7974309
1000.054839
974.269983
1033.760229
1065.646903
873.4424381
1074.383078
1154.173423
224.1360675
270.4096004
340.7933439
331.1166415
612.0146175
372.7965147
708.9959169
352.7798409
655.1113162
975.7680099
797.1828691
687.8342655
633.9550715
797.3122721
818.3841817
504.2761573
695.7408837
623.8788694
682.8357151
779.2075856
870.0435255
664.3502452
683.387224
736.9185096
933.4014801
824.3325555
1006.566678
840.4713746
966.6425812
1096.790765
1051.416077
1021.509475
344.4871133
325.9072606
279.0651846
337.8332282
341.2608357
497.4188838
723.6651305
375.5636133
658.2578164
841.8877597
721.9732946
466.4690919
485.6257392
762.7146139
560.1888496
435.3445736
822.1367499
709.4426645
599.3071206
787.9171438
942.4156922
735.268681
669.4420528
785.5396511
962.9834334
908.5088676
804.1713706
862.6403707
890.3075659
944.8902658
945.0757845
270.1972914
232.683629
385.2863984
211.2477044
251.6310814
396.4023684
344.5729996
743.1901265
503.2016426
540.4867967
563.894722
569.6569346
609.8001738
731.1006035
597.6945263
923.6990502
619.950518
598.4875096
687.633688
795.1438723
651.6994804
667.1893069
902.4948975
853.8616477
784.5575334
823.3576833
939.4640836
839.8512876
981.0880396
237.9273591
269.779123
384.3904015
354.6681183
377.0490092
391.6061465
335.1911859
758.9106595
490.1108613
435.7484437
776.8294952
553.505542
455.363869
497.3561743
812.3560817
926.2600367
597.3374151
438.083745
778.3410068
658.2911239
819.7955856
795.6127843
765.7337821
886.6671324
804.6595168
827.6087596
1008.46536
931.6343401
237.6888973
309.3451737
539.0837134
597.9687785
355.8806743
261.4103045
512.0404724
407.3199088
372.3117166
280.2726301
720.6104914
675.3421472
487.8710102
455.1623372
417.7218493
546.496719
484.3275235
461.6563702
815.9469517
678.6053948
769.7797328
780.3246092
752.5053466
786.8129369
835.0268215
966.6312874
949.6022051
448.5075644
301.3467478
309.6558909
284.9346569
285.6066226
244.4626788
377.1703859
482.2840108
471.1663567
479.6027708
532.4765408
455.5094445
312.2075997
334.0991018
587.0311434
547.4315291
865.8824199
845.7849342
792.3710012
945.0600824
740.1695899
571.3790671
648.8408239
774.169798
941.3085411
414.7181479
269.7472057
238.7860219
368.9331595
547.0316919
287.6556424
293.879198
454.4419557
343.102478
446.5964554
514.9399306
684.0293451
502.2974917
607.9367119
426.3750705
604.7529663
535.4751513
717.6000315
819.183784
632.6742662
613.627746
491.2477932
576.4920904
296.637974
235.4762596
342.6851154
375.9476564
250.355923
377.4460186
438.694603
467.0050177
481.2357472
627.6737837
767.5009154
568.2444582
500.4997662
332.217059
448.8364603
503.807237
635.6511581
522.4823333
450.6137117
654.2861362
335.3471515
218.8828506
224.1678224
349.9402129
457.4164834
366.9514505
408.8447551
545.5438116
413.1804354
495.8796493
403.9018346
468.4285905
354.8554464
392.7531438
217.8348239
226.3005112
786.8274101
413.9116994
642.077845
629.9808045
692.1716267
1048.996736
1973.408814
1893.293466
1533.022042
1678.109974
1576.1857
2560.638675
2346.385625
2153.632686
2746.079988
2032.309105
2814.23164
2720.714897
3018.935631
2494.502725
2599.9134
2647.930625
2823.630678
2701.349904
2746.360376
2652.754223
2648.03035
2578.234136
2807.834923
2406.835798
2226.026277
2042.960279
1805.459085
1642.454599
1683.821759
1877.160522
2081.108944
2131.510576
445.4393309
594.4135666
530.5063671
583.9217079
312.5192458
859.2586114
800.4834741
1535.936016
2132.259136
2086.693393
1651.884698
2033.750585
1835.097861
2378.476254
2309.766369
2425.146663
2740.522763
2689.793698
2712.315508
2150.222617
2528.927552
2511.875809
3124.620033
2594.408191
2786.151907
2788.863871
2749.69966
2525.991866
2387.0673
2515.962905
2181.446305
1973.4825
2056.860454
2049.709405
1880.343281
1879.235355
1904.314564
1941.043951
1808.762057
1809.135206
217.5851503
264.2207441
351.1489572
416.7990818
815.4956622
755.5594013
448.1849276
1092.298941
1164.566274
1166.588109
1671.866598
1871.79792
1814.721648
2381.189131
2346.74831
2609.61189
2738.97193
2320.00857
2310.471586
2615.759884
2738.337787
2635.734451
2635.161933
2858.439503
2706.560825
2613.946179
2809.093478
2449.234548
2439.156081
2243.006675
2394.48129
1975.484891
2000.168898
2053.9146
1972.564066
1802.773738
1941.121346
1996.235237
1967.141901
1843.715422
229.8686285
232.9600178
387.8583279
1531.851576
964.5320572
680.9318682
1014.061688
750.030745
943.7401148
1490.746855
2133.243468
2129.936649
1835.623691
2046.817391
2324.411793
2567.247722
2883.795572
2424.388328
2468.504021
2617.832898
2961.553542
2652.691882
2714.064022
2705.194498
2687.73487
2397.825863
2271.19617
2268.368749
2163.460203
1988.477359
1902.408913
2027.900607
1898.717926
1860.641932
1834.137438
1730.390094
1853.593192
1727.180305
1813.741308
1649.988077
220.9834218
224.9760185
512.1077546
368.373071
632.5830594
657.8428779
1148.400172
948.2468793
1811.649355
1275.455394
1517.69834
2433.237867
2135.641261
1425.818102
1905.946624
2212.600696
2595.092509
2681.496558
2117.089124
2286.820646
2292.756885
2425.181578
2493.927349
2543.839232
2394.507736
2385.415159
2422.118362
2361.472179
2243.46751
2201.890577
2255.238064
2120.808271
2194.240316
1964.60879
1812.584342
1865.941659
1862.283304
2018.276135
1799.516437
1721.795124
229.0771374
240.7987782
401.199687
405.6097069
632.1580653
318.7578919
1023.240456
1153.51857
1451.221355
1687.100023
1657.405688
1276.192619
2061.67455
2310.536087
1943.53917
2551.565755
2557.594275
3135.110492
3193.42007
2604.832177
2750.788592
3208.385288
2688.13955
2566.544534
2990.153513
2769.920881
2574.278499
2504.002635
2579.765891
2485.294298
2492.40498
2371.682152
2211.805829
2193.734473
2082.588249
2094.122069
1892.78782
1775.474041
1876.582671
1988.007573
215.565653
221.4534392
881.9368701
750.0925892
608.53631
664.7844401
1093.101154
910.5907897
903.6286589
797.2257714
1245.525458
1810.41509
1374.526186
1238.610081
1218.558187
2333.089617
2438.64065
2561.510194
2784.224458
2083.285869
2086.941571
2650.838822
2334.984062
2434.883025
2773.457806
2499.410846
2327.548828
2176.193626
2211.191254
2094.366654
1873.213852
1841.756457
1935.720009
1963.17151
2011.688884
1836.561943
1744.493023
1688.571137
1853.462476
1813.106824
214.9759667
786.7610715
561.0654594
586.7250321
496.5349917
557.4650036
797.4532377
702.1242474
682.5883962
1432.067032
1554.761615
1441.862084
1279.774454
1588.498893
1838.615008
1897.571524
2698.564146
2586.974702
2298.31723
2364.614466
2788.238531
2557.723556
2452.878715
2118.973426
2101.942187
2149.61615
2132.388137
2424.5851
2189.791173
2039.63423
2150.614802
1970.493254
2030.979879
1792.843977
1634.529025
1783.526918
1858.639176
1645.232172
1642.212594
210.8100611
213.0338601
256.1780586
777.8976551
301.0913714
449.6635321
774.4064104
468.7609134
959.2351336
1315.395203
1432.646418
1132.192066
1282.149823
1208.802425
1305.626929
2052.799636
2254.073376
2501.820842
2339.918957
2536.38518
2166.323441
2172.416579
2209.84196
2213.21749
2167.331426
1939.951255
1889.28555
2287.396802
2233.118529
1877.764154
1667.024014
1678.249596
1778.109982
1643.093483
1673.693492
1790.103432
1749.095918
1706.060369
1650.491575
232.7930492
220.0006932
308.5447665
476.6554714
510.0351285
1235.457957
1416.192407
910.307363
402.6010385
918.6727159
1301.975796
1551.046035
1552.624492
1365.066603
1412.598999
1409.618823
1694.32392
1883.90661
2090.562814
1930.697661
2076.953212
2257.533209
2235.343391
2313.594229
2238.11843
1978.528
2126.782812
2164.129328
2000.278375
2073.634655
2148.474532
2163.748891
2088.775544
2208.770658
2231.85337
1950.127543
1756.297512
1651.06752
1788.824712
224.8039684
220.7569779
363.5183392
580.6008753
545.6519846
545.2115113
1024.065522
701.2151547
702.5251002
800.6090731
1049.683059
1595.633248
1286.762603
1728.15379
1238.925651
1463.564694
2260.976339
1987.140348
1907.868125
1744.232342
1924.940791
1773.818694
1814.104048
2214.059756
1794.45527
1903.368531
2033.591128
2019.935576
1944.684128
1811.29513
1880.489657
1986.421866
1921.045838
1708.421771
1753.539974
1814.102618
1837.215629
1902.1124
1678.70654
230.2883604
226.7522177
742.435577
345.4824371
323.1810917
578.6189765
493.2675777
599.078483
411.4645247
694.1847735
1115.732682
1390.372059
1264.30617
1202.648369
1390.933661
1107.308895
1836.029251
1536.666213
1191.246575
1573.340121
1613.578848
1710.779412
1841.587916
1797.143821
1788.20067
1638.340018
1665.367851
1850.404232
1843.874335
1758.473902
1664.552449
1802.637852
1859.517912
1694.716168
1524.359835
1555.454432
1629.560606
1440.837041
215.4686456
480.5479829
379.508332
388.7204049
342.3916374
401.1090785
1210.683609
671.138361
764.4741948
558.0458538
997.8020392
827.3578812
1073.60677
1068.18054
1225.423541
1552.742832
2252.187695
2020.858845
1408.153393
1421.490404
1466.707512
1957.191874
1631.114111
1568.998709
1635.955135
1798.255352
1679.112602
1892.656394
1731.715432
1716.126794
1841.066026
1824.785575
1776.160505
1712.695773
1880.761588
1905.853587
1901.56942
1846.368043
205.2474935
211.1917828
487.4719632
320.16733
438.2997144
507.0993913
1054.272589
282.8009894
816.3350775
882.1775193
690.6637541
987.5977848
768.7479109
1290.129771
1201.073391
1486.619922
1661.256897
1554.116057
1600.438072
1459.251425
1760.486157
1572.081812
1999.508402
1525.071182
1841.104771
1748.795682
1629.784212
1537.433672
1597.860803
1479.648459
1614.209513
1710.33954
1712.566781
1753.809856
1652.287681
1519.013912
1502.582894
222.7620159
223.950438
519.8463569
457.6309954
490.6702589
554.4497553
976.8011244
314.9688007
763.2614583
611.7926303
710.2902279
613.8966759
869.2718193
1367.074635
1196.693183
1435.806678
1368.921406
1553.417708
1407.082082
1732.368317
1539.082279
1637.702465
1622.213866
1792.229667
1632.021731
1546.495834
1426.930128
1579.079418
1482.681185
1409.370186
1220.063986
1260.751466
1536.920251
1638.251249
1609.434145
1614.361521
1638.657461
198.6022431
246.96244
292.2370077
358.0210602
435.1919903
439.65251
418.8719532
466.3866643
447.3854173
1317.454027
592.9797058
796.1402717
567.276918
1103.389971
891.4237474
1074.269861
1115.002404
1291.81504
1489.769333
1314.920716
1198.209916
1342.041141
1292.377436
1370.300687
1753.044247
1623.942519
1494.476065
1532.74187
1542.466858
1319.314603
1393.432704
1561.118401
1473.455984
1416.384982
1509.638965
1402.051465
1347.206645
686.7347605
317.8647889
248.5549307
214.6243178
222.4591643
315.289919
373.4170148
464.3772712
660.7510185
663.6361755
988.7614388
632.9022551
890.0636965
532.6365023
884.2985035
746.3168321
1123.196347
1280.943276
1112.618969
1224.754185
1252.425057
919.3557058
1266.606747
1296.272721
1234.414615
1195.105122
1160.954637
1144.002281
1288.645779
1297.014857
1369.553461
1468.591065
1400.294651
1527.61858
1553.22572
1366.991615
382.5285449
262.8270648
337.810551
725.5973717
400.7828258
302.5727693
461.9575833
535.0612578
795.2215214
618.3518648
534.6107449
560.4758775
711.0266066
805.5856912
1075.691376
904.6724351
875.7324928
1001.610484
1107.847607
1494.65318
1267.693489
1154.647235
1164.763821
1321.34212
1281.937355
1061.868769
1167.719199
1396.071442
1333.38371
1349.574747
1269.848599
1215.635091
1353.045449
1442.252117
1502.008937
220.8096713
215.7280706
303.0688502
225.4578139
555.8721968
252.8458127
486.84456
663.1323269
597.1165129
637.5751956
522.6171046
504.1148331
692.6388022
733.3489948
685.0821696
944.931966
997.9246458
1063.800777
1091.024708
1312.038642
1458.531166
1394.415952
993.6819823
1183.317546
1141.464146
1454.973479
944.7747089
853.9331349
1182.73095
1220.050316
1296.9936
1302.634437
1408.557523
1308.562091
1152.981265
220.1378291
231.7216389
256.1935762
442.8784696
522.4288999
403.209907
288.9609477
359.8239271
711.6132735
731.6976001
1087.797376
761.7539938
746.1978291
1020.024996
1414.304588
935.7018611
815.3838946
1114.754256
871.7139954
1111.099549
1168.43364
1164.872116
1247.028102
1383.012563
1511.964924
1352.834726
1314.35148
1096.039291
1058.782319
1011.572008
1153.488894
1024.021581
1071.428198
1227.83564
196.4455964
205.9276046
292.8113514
525.3749045
463.7942518
345.3935794
728.4387991
480.0921055
796.2581608
845.2434546
731.3994287
556.8714413
506.9742432
815.7382923
891.6702175
931.6197129
1060.0453
914.3471373
893.5979628
1020.159939
970.3330024
1226.188718
1180.057998
1399.470436
1373.933757
1116.859188
1010.148358
846.789295
911.1054495
922.926102
1068.129921
1132.879786
977.6116747
213.686743
397.1968493
230.5379329
324.0932125
586.8832173
234.8937436
351.5599884
419.3496786
409.3639665
396.3714478
289.1489387
580.6604767
882.3205872
414.2847626
736.5274363
1039.202224
906.6863094
871.1015259
794.4351614
982.3043118
836.8100849
988.1606735
1075.957701
976.9471132
1067.67741
675.2510948
707.3032618
1025.009243
1127.926284
970.8137426
1076.89268
1118.092756
1229.045605
215.1115718
261.2045784
227.2462048
217.0350228
249.5623025
521.0529723
370.0719663
462.2857829
361.8874495
272.4359319
540.0260012
666.2220366
934.7050589
467.0482882
619.2628916
795.2296249
840.6327337
772.9966306
693.8047178
830.3699124
1196.497417
1113.864816
954.5768528
903.5375171
1115.805505
879.4122634
823.8359662
872.7996971
999.5111041
987.7161035
966.1605851
1009.70775
516.523966
322.0763624
310.5295466
262.4901494
579.3429908
515.5828011
607.1253478
481.3813431
700.0258317
358.9254683
608.3941997
716.0185562
730.6687667
607.3831848
455.2836229
700.6743707
785.6952953
674.9772433
617.4448073
846.4889406
1060.522862
708.5588768
757.8632476
790.7102168
1029.6499
989.1348676
1078.918085
1059.664193
847.884181
1010.813374
901.0489788
225.8175906
445.6557609
612.114585
280.780145
412.2527052
354.7878876
431.8616159
631.1093557
854.0264895
549.7269614
515.2987747
505.5916887
673.3745629
1023.058084
490.9829562
647.2339054
741.4881223
473.4990894
532.0019666
651.3494951
744.748791
675.2111422
768.8816215
654.881749
776.8774114
918.0663521
974.5839474
1039.196572
874.5616864
883.8301191
543.9897926
235.7677205
229.8831251
263.9567025
387.0357783
233.9800775
237.3454302
264.6700095
616.8698639
544.3082718
468.6020925
460.140741
595.1668503
595.1173718
621.1265166
742.0552746
1083.726807
710.1988833
712.731401
792.0780611
1016.563637
951.3786653
967.5874523
797.336706
950.0798839
829.8201532
859.8477702
951.0090376
857.6804128
227.3528664
265.186304
359.34447
334.7652076
298.4643625
224.8901007
386.8621591
506.6035391
348.2788262
481.3689614
573.0743774
572.7750732
526.9519385
574.3043596
836.7667872
815.564663
574.2972106
550.1153842
672.7241985
632.2694793
765.237733
883.0327625
678.5467296
805.6437854
640.8833663
740.5034073
893.3963019
202.0328553
194.6591058
256.2062194
259.1511423
380.168761
332.2466285
486.8636942
311.6717281
263.7309467
454.6804612
263.5701143
395.0426088
415.464505
688.4866503
698.3659919
624.2181659
534.0609905
514.0408604
654.5401211
592.1904009
717.0239092
864.3865085
620.1945069
930.1546132
733.9309016
775.9033565
421.2797906
341.2088799
379.7925086
473.3575909
265.152557
223.2717439
357.1514694
294.8002897
489.3603443
363.1921001
396.3162291
409.6792684
738.711226
565.1656643
547.540564
428.0825172
774.0737352
657.4696887
513.6085788
787.242864
843.7572252
603.1397649
650.7945661
556.271941
508.3023372
308.9373032
321.2622147
334.2628415
402.5828424
480.5865183
574.1493755
501.4661902
316.6597364
368.9705336
552.4580612
468.9547716
554.6288557
439.5108868
448.2096828
555.9718897
544.2406975
598.2974976
666.9099869
715.3629892
425.3364207
453.0720828
462.8369334
288.8261619
378.1555518
582.5243405
448.2926227
351.37926
339.995084
591.6972854
722.2268695
936.795729
670.8758934
522.3687563
530.5645219
696.0598932
801.7466489
284.0644113
355.4645875
426.270121
331.9445968
324.4495956
671.6018736
570.0884831
478.1798277
237.2166379
699.3035059
365.6476074
363.8376711
443.8522776
212.5278227
677.4315808
1062.084315
1725.20614
1535.907678
1247.290514
1109.502114
1931.631884
2438.265823
2219.225417
2160.901466
2840.457378
2698.718561
3182.295835
2430.615788
2603.796074
2513.533724
2450.314935
2373.396553
2651.610614
2273.245316
2376.583027
2446.644376
2311.014986
2200.522406
2097.767764
2057.182526
2014.512643
1966.856738
1700.332026
1568.538855
1628.052737
1630.093635
1665.632241
344.2477928
252.9462909
466.2115694
427.3997281
731.0183694
884.4710343
287.6198907
730.5388456
1539.743064
734.4003103
920.6579351
1614.73193
1365.077421
2117.058319
2452.031971
2198.218501
2010.774541
2713.163796
2501.821466
2560.609783
2263.401308
2322.954401
2583.311424
2616.93409
2607.732285
2362.715933
2459.732039
2309.378172
2222.088225
2181.359661
2213.449943
2263.890553
2184.785936
2242.723093
2054.278942
1863.130162
1765.164355
1600.554261
1637.132469
1728.035618
510.7432767
418.2682176
775.3669106
329.0638376
843.6046053
694.0842743
623.0363042
1287.116001
1207.790578
1686.556356
1726.764133
1433.548842
1621.454966
1843.712208
1930.472337
2346.98909
2590.598447
2545.773794
2320.448955
2189.187659
2269.52364
2379.579894
2123.588575
2175.367651
2519.402496
2331.709681
2503.660434
2349.797848
2158.622554
2161.825022
1953.749489
1995.805351
2052.921747
2059.688619
1942.110055
1678.251643
1781.30366
1686.85128
1793.549485
228.389353
226.8839017
1090.188593
1263.488856
703.456323
1026.523682
321.6406508
418.4391553
685.6801131
2054.18716
1406.917153
1613.463904
1674.126707
1984.431038
1986.965288
2192.912994
2014.596084
1705.79682
1970.921169
2208.889812
2137.99114
2355.003847
2483.217155
2528.977913
2133.228096
2058.774916
2318.864975
2297.061681
1885.67551
1933.093252
1799.456292
1903.267865
1861.662004
1708.293825
1765.199784
1842.392968
1646.583103
1602.394376
1707.970089
223.4783003
258.0738948
812.1297066
549.3955987
463.2900443
827.1872501
1013.213897
1143.819784
913.8227723
1397.021685
1666.741752
1670.743498
1512.139144
1658.941205
1731.050746
1868.814343
1968.364576
2087.262892
1835.540138
2266.97858
2198.51745
2090.609108
2369.168775
2148.16468
2144.560484
2166.535304
2180.083451
2157.619037
2136.490184
2042.652741
2056.79835
2113.667042
2178.444646
2150.421479
1986.307084
1961.06698
1822.486623
1922.58727
1743.926448
216.5695831
298.3220098
746.3394836
674.8502865
274.1265112
548.1492513
840.6521354
1178.678107
1083.668898
1089.919623
1063.025484
1463.398893
1430.724765
1372.844924
1534.70841
1521.745029
2018.930167
2006.086359
1985.720715
2218.230766
2208.43425
2091.279326
2033.863352
2213.292325
2239.245738
2293.517692
2358.420193
2092.553272
1846.498508
1747.679698
1960.752776
1919.880806
1900.953278
1912.218223
1816.519566
1712.110992
1821.22108
1906.22619
1896.501137
222.7339244
218.2801703
389.0534544
422.5930877
486.4036449
425.2996896
689.1382039
857.10699
722.0933066
1288.01222
1699.659638
1488.832064
1081.679233
1393.272044
1673.357705
1710.393361
1989.977012
2266.056517
2276.798151
1516.904116
1962.364966
2505.531855
2348.75585
2492.432439
2423.007457
2481.046071
2310.7697
2378.9195
2227.83929
1938.07243
1897.865244
2084.911754
1920.957663
1786.805832
1804.949768
1756.14795
1509.580351
1624.116772
1558.593369
217.7733237
626.1715157
654.2622591
434.8098759
342.5187668
449.0331531
744.1053673
672.6962779
920.6111087
1406.905324
1786.070875
1396.393806
1074.55584
1388.96076
1305.466957
1261.641546
1881.737179
2532.815494
2360.561632
1776.570357
2066.203482
1896.572504
2256.609504
2259.027089
2420.86072
2481.985277
2448.608825
2157.002647
2023.515231
1964.990189
1836.123758
1737.689297
1601.187554
1683.224942
1835.622834
1842.134387
1819.226668
1729.760717
1671.551118
249.9899222
211.274966
1016.606873
488.9587568
490.0611311
313.3757637
1011.20383
833.6068511
1002.545255
1375.598916
1004.39558
1162.804195
1350.080626
1799.144878
1828.603519
1668.220687
1987.556933
3331.872082
2566.788626
2129.70299
2204.414294
2220.399619
2246.90345
2252.420385
2027.856422
1985.838287
2075.014828
2289.065338
2247.016202
1991.440616
1907.985746
1982.761885
2059.485495
2036.401023
1925.755694
1865.764116
1801.561804
1793.3933
196.9003547
199.4857247
756.5763477
326.0298824
958.5301741
1174.309021
634.4657122
535.1690321
893.5854012
1000.139179
852.7540674
1075.936744
1485.108366
885.4569522
1034.919117
1263.211304
1198.052897
944.3363638
1889.847688
1861.267925
1695.042743
1753.006339
2145.375279
1956.386994
2013.77742
2067.294546
1907.828498
1955.536252
1864.093782
2122.139063
1964.9752
1794.511019
1643.790315
1763.179386
1743.52342
1728.158762
1670.042878
1597.340786
226.5693384
223.9707962
518.7460837
305.7744408
495.8717826
782.9834939
889.9373755
478.515214
662.7784131
921.130633
1235.389422
785.0526678
1352.087911
1331.432953
1411.367953
1289.610433
1311.561987
1233.194204
1928.421146
1287.856976
1368.207511
1249.619714
1418.446548
1953.800246
1876.080397
1696.377879
1820.991554
2137.673455
2054.243289
1813.780164
1794.145965
1949.11092
1791.377593
1606.923249
1683.208214
1694.93387
1626.721813
1545.216252
267.7516656
362.1442198
608.0448841
311.8089919
237.7475541
586.3887831
740.3811248
279.6169755
319.9875518
577.3573584
1774.352454
1079.183946
859.350039
1195.021089
1621.949489
1247.179419
1347.832235
1459.487081
1456.255381
1318.81906
1468.075626
1593.440086
1674.190556
1514.359452
1370.936831
1558.340964
1967.218847
1901.916792
1780.066491
1874.33041
1682.757491
1850.606016
1870.049521
1925.284753
1660.584101
1549.504447
1730.553881
1772.09177
248.2504587
242.396522
633.314994
309.3459654
337.9978013
557.06341
644.3235086
522.9671658
675.8123167
661.1465849
1073.238905
728.6747413
964.4681105
1343.206259
1745.097894
1348.582671
1625.507219
1782.346875
1645.755705
1483.39424
1381.555829
1613.088086
1565.950032
1604.718659
1526.852608
1450.122605
1394.201937
1746.950409
1824.459705
1696.777497
1554.865568
1454.994001
1482.79532
1356.783617
1532.71752
1681.068062
1613.332451
225.555152
217.2617027
219.7230958
233.2324805
340.6585969
304.1645823
626.7711023
505.807889
439.0045506
707.7889651
556.6662108
757.3282222
819.5843888
836.5422564
1044.047458
1536.736401
1109.632341
1361.719046
1238.386393
1100.374404
1305.108734
1375.073674
1361.475375
1312.160109
1271.714115
1584.754215
1612.345149
1419.174835
1740.216965
1784.459301
1699.640961
1745.408963
1552.230053
1464.954039
1557.494011
1572.70361
1699.173535
192.2592449
222.0025679
199.666381
339.0912462
337.0987343
485.2922301
419.691508
413.2623883
489.3194868
373.8596252
503.3757857
704.2846778
761.9000826
1110.475059
1337.374322
1206.406182
853.2197267
1110.706879
1337.189006
1376.726274
1231.756906
1214.142314
1195.263249
949.8343852
1323.903306
1406.544117
1117.245836
1278.832601
1305.036937
1583.470622
1514.110789
1467.440157
1400.433984
1575.307135
1616.037902
1606.06788
231.9966702
262.3835574
434.1378246
295.5511038
299.6387144
438.1744037
423.8752326
1052.101001
746.8025763
1004.590056
522.483164
529.170603
724.8864507
1351.766808
899.4900731
1003.438309
919.5910983
1041.502338
824.706157
1212.65218
1100.246992
1219.882892
1246.041244
1321.297978
1324.830032
1589.833161
1341.886944
1261.595085
1315.433133
1132.401324
997.562637
1218.805719
1308.548249
1341.446943
1316.963355
1290.999488
216.3785138
241.8582897
428.973898
356.1896832
333.4134271
496.2192811
378.8598647
1035.991475
668.4503989
706.7713446
785.7599756
873.6624546
812.3197171
856.6884718
800.6844051
638.4479881
1192.034574
1206.747124
1097.625413
874.2364097
1358.127295
1401.219707
1390.783623
1299.675966
1296.769255
1428.636717
1461.070692
1437.427224
1115.685493
1062.292935
1023.967711
1299.032511
1228.994534
1198.361947
1269.196325
204.4637479
274.8486917
316.1809806
372.5745837
202.3612422
255.0512368
495.7242646
413.90071
518.1400466
360.9623383
658.2900483
648.3306019
723.52929
433.1991722
742.0734596
668.556741
965.4652088
1142.731926
1105.875204
1322.884386
1250.225811
942.5456295
977.4569424
992.8965834
1186.562571
1142.177812
1046.109467
1235.670875
1248.706412
1209.432067
994.7454024
994.8401969
1005.985219
1032.536854
1177.196175
269.579825
255.073793
492.2754969
344.4772364
254.564924
367.6648418
411.8990271
490.8208651
362.5101867
279.3780911
598.9349472
760.9820658
793.3129208
613.9953934
862.1866655
1016.356828
938.1269923
1074.308891
871.6292357
952.7332509
1142.987315
994.6667555
762.2243715
908.3752836
945.9775922
998.5207878
824.4522336
868.3990953
1007.005395
1109.715178
1250.451221
1287.435903
1158.727547
1115.290492
222.3533499
259.9600385
315.2632555
213.8844231
232.2576823
596.4676371
294.5511618
722.4108457
500.086419
415.5134689
519.1048043
458.0758537
438.2265424
973.7219044
783.9843275
780.6035907
856.1009401
1011.550216
945.6779577
921.3320881
956.1607279
1075.960053
1105.069122
953.9017221
1162.09189
1076.303823
1098.963282
929.2774494
921.0730249
1116.920596
1048.663765
1173.553253
1115.868981
249.0696344
310.5063579
401.6604396
233.3632582
264.7137218
331.1239822
435.8086424
556.4870805
718.96512
737.8236588
567.2339585
925.0393122
588.8229714
627.1531105
954.4203584
629.1104094
734.7735277
1336.298328
895.084282
1002.618925
1070.243824
1037.002953
1196.461149
1078.005123
906.5564092
1226.580728
1071.080359
1251.320513
943.954001
800.7897582
926.8158905
1039.260998
965.5001404
226.5696659
476.5998633
361.5637091
324.7940054
335.8876414
320.3104963
486.6146114
458.5989454
667.3065905
835.4909689
758.8612831
573.2901539
677.5485848
484.879538
627.3846214
823.784532
896.8962037
1104.288104
670.9008592
1054.212779
1066.616506
829.1501767
1241.434133
1041.084132
1161.738295
984.4613578
838.5783277
939.2830721
874.7090478
786.2237107
997.4123613
1129.287861
233.2062735
389.968511
368.8995277
218.5187225
266.2029022
364.175286
315.9572724
509.5666893
342.1719192
296.5300757
384.5033659
761.172255
637.8772998
492.2478175
741.1616603
687.3954682
619.4160772
637.759097
566.155251
768.0082369
809.9992486
832.0454451
846.8752544
947.4474179
951.9879532
917.5038546
787.4030074
1060.915462
1020.11653
825.4155934
930.5235435
331.8144635
277.9660157
217.3325266
545.9414066
268.3104313
481.2520728
559.0006824
650.5028131
349.70026
669.8712178
739.7281638
492.2746107
485.5941012
470.0783328
584.5208261
814.7963188
595.6188447
349.4956951
480.1548117
683.6219687
716.1714508
674.0856418
664.9706594
813.8436987
897.5180368
936.3506058
859.3690046
971.7828861
971.1722532
1037.466879
551.4398324
319.2520667
345.4586817
273.9080128
279.545184
564.4834701
403.3970562
824.657259
452.8730889
514.3659028
394.0956019
611.8416288
512.7174798
530.4969861
628.6431507
1049.170021
759.4313706
542.4425336
547.4120477
673.4485513
670.0621501
565.5343533
750.6548279
698.7991949
674.0880515
958.5024375
1148.016472
958.2267546
902.237847
307.5242348
268.0731003
228.6044402
236.1689766
320.3214257
458.8477711
370.1317073
506.8206895
549.4725345
421.5134521
580.7491441
807.4340115
634.354292
616.6488706
751.8447311
745.5294822
656.8419921
576.8568236
744.2239794
954.8011127
613.684795
676.9262396
724.1911097
631.5666966
745.1382895
911.5750068
928.7174158
303.3782572
280.7181202
303.386432
252.5072456
231.9462642
354.4343347
404.9765627
346.2663311
388.6618846
347.5510112
506.9276856
685.2198993
454.5255982
496.8464395
795.5928027
832.1856876
598.7522091
463.4161444
592.6205189
658.2520038
652.1397499
667.267774
643.0080969
641.7132739
716.5952172
848.7835294
394.5055249
196.9598137
214.024496
266.4300381
408.6970016
226.7739804
300.7979054
307.8356696
452.4955596
360.5415756
314.6253489
534.6519397
651.9192196
722.3552221
717.4387219
583.7786362
618.6500345
602.6783014
622.7993343
639.2070085
692.6556933
598.101901
543.5886143
541.3035951
271.3732299
235.4093308
309.3520968
321.6126249
402.6531144
232.3660313
215.9839734
240.1557599
300.6979181
437.3612453
418.5901677
521.9114853
911.6946755
667.9516894
623.7463594
610.2278618
614.2490238
504.3442065
472.519769
603.2301639
601.4279711
621.8887955
753.7455479
220.7831123
334.1698296
242.158505
435.148474
450.2538103
322.4852693
276.3409699
433.8720016
439.6542922
491.0589846
478.5055541
398.6496449
480.6409998
506.7440852
437.9304808
405.8120129
576.5899958
856.692548
247.1844044
424.8137124
239.5853773
372.2772234
276.5629644
357.9580497
466.5497547
577.3992538
415.169359
336.685425
457.0145102
208.7884772
205.5500675
786.6908785
549.7597154
294.2692681
369.5371057
498.6497808
1131.986538
1401.381146
986.2113463
1068.65488
821.7971459
1298.11957
1793.307572
1992.638567
1912.450421
2202.552161
1818.971015
1755.284245
2694.337504
2477.700151
2218.375517
2634.073776
2405.554386
2188.353869
2093.049255
2012.981762
2229.774317
2035.116612
1864.875526
1960.274207
2116.501922
2100.676395
1960.339696
1891.039346
1738.594598
1671.149534
1580.957194
1501.221623
205.2682049
534.1245963
234.2010757
496.453768
701.7938794
349.8976155
757.0924689
990.2366218
796.670699
566.8429968
1343.850493
1031.724809
1530.843277
1996.064947
1947.868733
2384.268932
2269.042127
2277.669142
2310.879789
2135.703569
2352.622491
2031.359932
2176.058395
2125.200202
2073.874217
2146.570203
1991.763431
1950.747266
2163.796584
2148.744909
2304.237245
2030.158114
1750.148956
1681.761168
1683.980784
1679.38873
1695.201944
1675.600047
1613.720455
301.051954
606.7703953
480.1949945
726.079696
856.3275088
876.9355187
887.7104344
906.8862143
920.2931726
643.1190461
1911.182123
1308.714405
1566.993363
1499.554427
1884.455132
1818.461563
2402.257367
2267.181628
2447.299357
2211.382022
2221.980753
2641.883761
2226.14135
2629.716501
2008.084445
2343.798986
2096.545524
1915.319977
2164.087342
2135.320996
2293.494258
1990.444709
1909.556437
1773.941305
1883.379769
1873.572378
1953.82638
1859.705291
1595.956186
485.8720768
242.8423219
407.2109144
691.499205
508.6189148
761.3181915
238.9495328
639.1806121
469.8212026
711.2477743
1397.144262
1373.710933
1526.894457
2084.737947
1913.293438
1984.648713
1983.214702
1857.248096
1769.983553
1754.86022
2043.741699
2022.910182
2133.160623
2048.759407
1958.999677
1981.405256
2008.778031
2291.236026
2065.628381
2119.197269
2170.289173
2029.883102
2127.705396
1917.629214
1835.118211
1841.140525
1827.795634
1800.52888
1757.20571
216.5377686
567.1368844
273.1526753
666.0234583
349.483985
593.6657166
361.6940797
914.2091157
770.7136697
755.8926967
1618.754696
2123.378796
1805.05066
1087.074401
1337.583359
2159.126267
2072.697454
2406.701198
2107.986545
2282.092085
2839.433995
2213.112935
2155.606792
2257.308669
2116.167401
2068.313721
2096.709345
1800.660412
2046.649255
2047.303617
1988.153685
1958.338202
1932.435461
1971.805141
1934.915308
1763.952359
1666.711647
1590.140382
1790.312239
505.3440811
859.7568875
433.0242691
586.574977
386.7209467
769.9927951
904.7349765
525.4214596
939.419125
734.3659684
1429.686654
1072.613118
1209.154528
1654.764358
1618.08363
1712.931977
1696.807933
2176.034384
2175.169783
2292.0612
2137.908697
2259.152447
2657.269081
2471.11478
2204.426841
2353.939204
2063.932206
1930.193273
1845.523968
1789.028641
1856.256973
2050.145263
2017.10227
1882.268639
1755.075381
1647.440401
1624.849612
1659.517319
211.3705581
210.2738739
306.9979236
465.9797067
224.8490391
780.5256244
1107.801122
757.7028379
992.2441766
1102.148811
1148.807653
778.7708246
1221.320439
1409.809593
1389.222325
1465.112031
1973.66028
2138.954458
1882.457784
1776.683645
2075.124735
2234.225981
2318.532289
2051.364951
2015.80266
2152.114063
2083.046536
2075.587228
1788.401739
1611.727024
1613.792373
1664.945936
1756.189
1725.567472
1513.786097
1623.044604
1545.393619
1513.856928
206.3024168
490.7267806
402.3779716
605.2342555
286.1320287
482.7628987
460.934168
1072.831602
1194.766221
1084.100216
1453.503213
1362.896318
1015.352538
1169.313502
1207.948438
1557.260797
1630.184068
1730.657043
1741.848884
1487.391892
1715.85079
1807.565646
1889.693566
2048.68359
1864.095599
1815.809517
1792.927372
1762.335387
1836.007226
1763.172763
1821.772071
1759.391691
1609.203609
1590.078779
1482.175795
1530.671606
1511.198988
1692.482783
528.6782287
236.2505757
497.7132198
446.6155648
555.3446619
519.4225133
632.5377422
675.2733637
831.7071669
986.7483847
1101.680995
797.0778453
1204.101597
1341.858642
1246.098181
1133.948787
1268.447844
1760.466929
2251.067366
2260.407186
1721.066422
1701.26068
2016.767479
1936.443364
2043.455729
1975.433221
1843.717684
1981.782874
2094.642381
1915.684865
1641.672511
1799.161104
1706.283453
1558.49913
1621.508149
1602.56446
1576.901726
1642.815695
215.2792993
360.6323329
354.5826228
706.6256862
553.762128
598.6224096
641.7674584
820.981742
1149.041323
949.9299782
984.1088882
1066.640672
1338.331613
1418.869295
1324.86356
1067.018707
1055.413169
1840.303533
1867.740492
1932.675071
1681.676309
1737.205722
1732.082465
1720.635423
1647.893217
1701.299675
1791.748533
1938.110944
1875.71277
1792.593191
1715.435045
1888.583777
1751.885735
1774.851223
1830.949891
1987.070649
1920.675359
217.1146052
521.4875703
317.3219962
565.7303632
539.4008834
663.3096845
400.4027844
288.7614983
710.6635284
832.178358
951.6183805
549.117808
848.693041
1068.913845
1594.793979
1227.56931
1164.733679
1180.394142
1237.596414
1198.622912
1555.574376
1331.662801
1757.675631
1889.191588
1748.776138
1609.624335
1874.886593
1797.022679
1737.188484
1734.311939
1631.592327
1615.260191
1730.866424
1730.315497
1579.477889
1503.160835
1628.964456
217.6136712
208.8344058
209.9958082
248.6447472
682.449456
601.4262194
423.2931803
384.9800758
285.3740993
1046.454761
491.111888
698.3396182
933.2422799
822.4707579
1196.780029
1034.460704
981.3646319
906.6252326
1006.836271
997.27156
963.9216469
1285.627001
1508.588752
1739.932948
1787.628441
1428.780491
1307.624398
1558.586789
1609.590822
1736.79046
1679.214099
1623.904559
1528.430241
1478.878306
1464.394322
1386.448354
1486.71914
373.3105238
478.5107897
204.6577676
432.1017703
458.8944902
474.9957471
310.0539088
429.6259671
721.6677602
961.5804877
878.3600967
704.0735714
566.71696
1067.822007
1228.926268
1370.772154
1340.046014
1207.369887
1495.477515
1249.615927
1521.85914
1640.861762
1432.242984
1789.079473
1499.585984
1301.861559
1372.507666
1547.961709
1463.728899
1707.828956
1511.363035
1512.069155
1474.396584
1465.067773
1478.304513
1505.120866
230.324721
308.1943294
309.7138651
297.3431646
501.462751
461.1057436
300.2724887
535.7799873
502.4846465
908.0853061
932.7921758
867.0041124
779.9648693
1170.466212
1642.459085
1201.890298
1088.83441
1314.558402
1205.891078
1014.414182
1294.625656
1079.067758
1259.251607
1113.484864
1313.44191
1272.754654
1435.617224
1527.596324
1494.943457
1326.963631
1435.968226
1324.279518
1474.770127
1521.620906
1524.756102
1531.977231
216.148333
248.8211563
371.7357124
252.8573765
598.3254825
449.1882431
373.9383222
438.4082285
384.9729714
567.0725469
771.9053602
751.1328427
973.8399039
1121.320141
1015.5108
1189.720554
992.0405681
976.9948246
910.4668668
1128.67816
1002.255154
1128.415194
1225.160312
1300.967885
1308.747373
1434.736001
1227.274838
1293.141229
1212.222161
1314.430662
1394.245743
1369.291975
1249.201138
1373.595991
1493.036765
225.7542473
325.6158608
469.766599
324.6787948
308.3720891
377.0732779
368.334639
656.6434118
722.7675531
706.4366043
460.2014071
408.4939678
571.2563205
1508.794636
871.1400664
1113.128859
894.6829801
670.7155693
994.3454037
997.9402382
1213.986634
985.8993904
844.565918
951.1631866
971.0338633
1380.698458
1411.424754
1423.541169
1339.519611
1358.151091
1315.273672
1249.969108
1358.070286
1259.192857
1229.415469
213.0486325
226.3053282
270.6102163
325.4646854
396.0425194
600.3932701
547.5052715
1301.019131
1001.438803
871.7134777
566.9323563
872.4659174
938.4792471
825.6149516
854.1816289
1158.660062
1093.175916
899.8458123
1019.393982
997.6109126
1196.306842
1413.67807
1294.148911
1276.200023
1118.34914
1514.713744
1610.923668
1376.824973
1421.682471
1206.213889
1058.315549
1127.967396
1230.946225
1255.401805
222.2004103
223.2273058
237.792601
279.73252
474.9693332
453.2051295
371.4946627
805.3217401
710.9932086
651.381504
662.5196111
910.611339
593.1203038
579.3850467
597.948835
568.6186047
770.9402166
1037.453197
867.4651086
1042.180167
1165.530662
1335.227604
1191.580073
1058.841228
1231.165578
1037.800821
1276.455469
1171.856046
1104.549656
1276.592505
1195.621933
958.0369701
1062.388825
1081.963153
325.3527062
315.314246
334.3912617
474.9669523
290.393609
721.4632488
327.4028213
534.6680648
532.0655054
440.778139
482.0311921
603.9098423
599.3022116
836.0989752
905.2505399
1084.838401
930.0252271
1055.39762
731.0057603
713.1680412
829.1853412
1022.404351
965.9261624
769.9557251
916.3292205
1023.981969
860.6423204
838.2025812
919.6148415
869.4036114
904.3954234
821.4526543
934.4946108
504.461161
209.0961751
499.1281691
207.188822
222.4420572
366.0206262
357.1193254
678.0809381
467.6653474
556.7934239
561.5485033
661.3661425
707.6283104
938.2048589
1214.151163
1163.758228
756.4961653
1018.099356
792.1348927
869.005555
788.6313897
879.9886641
915.4648399
1072.538452
806.1725266
959.7380461
1111.867928
873.6928625
794.6177117
952.0804036
890.2060242
995.7441422
433.7960389
210.1734213
369.6922945
360.2608544
561.540851
358.3708946
296.4981239
475.8918386
504.8601903
375.6354827
418.6999865
508.8376855
415.0473073
705.2274417
607.9528968
516.0242695
892.5576919
797.7717252
604.036522
684.7008928
821.51257
757.0925137
822.183914
889.4133047
934.5624092
899.303902
883.2859984
1140.944035
918.9844745
904.9767814
897.4308812
887.9795681
463.9728679
304.2674648
302.2869903
261.0342735
352.0970921
368.3639666
380.9543832
656.2878955
450.0222094
519.7361671
676.7471464
533.2607988
481.5632597
710.8378915
641.0207303
574.436368
854.4375206
708.686191
498.3871947
753.5500776
954.1934629
709.0668919
947.5138298
816.841693
993.7821284
862.7122474
908.3779464
1120.147985
1055.76043
919.0065464
985.3617809
497.6427269
269.1575463
238.7353048
255.8200994
277.6357319
398.4920868
416.2095141
840.9527249
476.6955733
512.572959
431.4776563
801.6469945
640.7031211
545.0096688
530.4596082
601.6253396
881.1572536
712.2222395
632.4098005
636.0784887
730.2014473
822.2148386
829.2885021
898.5118614
1006.990774
1017.922129
937.8660288
919.9453958
937.9192522
788.0638126
206.6126337
242.0425273
265.6904255
244.929464
608.743143
271.4784696
458.607
567.698306
510.5483978
620.7844031
327.3762785
363.6237348
386.5587267
587.8682058
513.1555852
360.8614996
811.2874743
659.3050475
599.3034177
866.2535104
635.995636
724.5908338
694.4986722
692.7311541
896.8152809
801.0226677
703.2608476
955.3818243
905.5243575
353.0157995
335.722164
390.5820891
362.4673216
362.071193
438.8820126
764.5436307
453.7809629
580.4242643
679.8420417
289.9202812
462.4417663
427.6030555
458.4005175
689.6339157
913.3063091
1002.582301
734.1630874
854.8654789
980.8630394
1028.251414
825.2577894
955.6929168
806.6276202
828.3395866
894.401874
916.6753195
873.4493644
207.6657987
228.0634418
364.3941429
317.1952559
381.9424496
472.653741
450.7310938
579.8450799
434.9314231
526.8564702
399.5854651
460.3246407
486.6196793
678.3935822
637.4207799
592.4765126
591.8121887
737.2122453
938.9260359
847.2911168
654.9385651
661.6795733
736.7854167
731.5345959
786.5873773
959.6317536
285.637574
354.1176501
337.3820361
391.9077026
273.4712083
235.4582542
312.0881787
480.2361723
400.3967097
545.3130015
794.1225079
755.2761557
652.9874135
623.595598
662.0295241
643.6343119
572.0257228
511.8228285
940.5543524
904.1832711
625.2054832
498.9750978
580.4236422
645.3064767
721.9091871
220.6954113
224.036105
231.8039713
251.7725697
491.1111767
252.5123485
333.8225688
409.5364452
610.9974721
577.6666611
570.2029194
393.0229216
564.9238103
617.8361129
640.9301808
474.9094858
417.5331544
607.6478233
760.5158034
753.9103395
723.3345753
789.0333901
690.6825477
217.8955085
284.4384582
242.8119641
277.151964
364.6277153
317.1649693
298.64634
318.2433793
363.5500692
489.4449475
449.7268469
468.1341345
606.3018731
509.7370867
534.7076559
521.0260593
655.8270346
600.803385
727.9410382
282.4349305
231.4697722
417.019056
367.1425185
369.9491352
368.3378353
369.8815688
410.5390727
509.3990261
580.7678518
330.6698673
349.0086029
590.9822679
199.2811269
488.7747362
311.5453997
220.1405672
202.9991298
1124.267339
1434.536263
830.4099133
727.2430656
822.1719468
1209.55271
1131.241951
1616.216856
1564.021639
2104.165101
1785.447405
2056.048155
1772.400529
1639.152307
1918.666285
2228.711816
2019.179495
2077.714604
2328.411601
1968.424625
1667.586905
1893.888879
2102.85184
2155.106414
2085.066496
2061.612423
2184.316893
2010.347205
1896.342122
1813.220768
1758.145724
1816.6259
1761.592208
310.5160878
279.0105395
904.5554746
884.922656
212.4439691
837.1044539
786.4656279
1208.069516
615.2246438
1307.797896
1062.697892
1060.912614
1305.524124
1400.828987
1293.308612
1633.882138
2379.600963
2555.9754
1861.642586
1958.904984
1936.225495
1677.115352
2002.563356
2101.668401
1725.121249
1655.709338
1772.009836
1816.69532
1969.273888
1926.079078
1914.462242
1803.677767
1849.687495
1907.534526
1878.18848
1899.033075
1844.255177
1837.970319
561.4719756
215.7569633
548.3023566
558.8392718
595.1104263
571.1849885
1059.642235
725.8953414
513.4747242
1068.847943
1244.459832
997.0643046
1292.489243
1967.255569
2045.248052
1796.868185
1989.244773
2066.710748
1744.038492
1687.293615
1778.184725
1996.0112
1870.537557
2024.835072
1861.307608
2086.439701
2284.762943
1809.196777
1839.077723
1976.230672
1921.494645
1675.145836
1766.989688
1724.224611
1833.553808
1803.71461
1778.485906
1656.90862
203.2027425
258.8169776
566.8230399
342.8813835
399.576151
258.5771308
300.7303281
993.4745964
1087.789377
1052.482292
1319.718995
1209.588183
1575.316483
1526.685225
1463.432482
1972.275081
1574.144749
1958.959671
1816.977065
1910.893925
1778.40306
1799.568959
2116.898868
1923.588611
1641.67804
2041.233183
2147.413507
2081.158248
2038.64102
1999.338719
1938.448953
1940.648747
1947.748811
1778.988422
1675.496419
1676.673796
1729.592726
1590.16709
203.0032924
205.3240004
613.2455168
458.7920932
718.6234433
568.3857769
248.5221827
664.3921813
563.9397634
702.6684322
1258.361882
1804.469854
827.9722981
823.5829889
1482.429527
1806.036898
1130.656349
1268.144545
1650.212504
1870.989427
2140.842841
1727.377022
1715.447572
1741.883801
1847.946185
1542.652846
1628.488284
1871.690418
2046.783763
2237.591551
2072.494423
1933.290392
1999.509995
1844.469699
1664.680527
1668.592455
1660.972221
1657.441549
619.9145374
671.1111063
302.8322954
265.3973083
347.2770831
269.3046243
556.6274714
686.7244117
475.8083592
671.3522294
661.9951215
1110.10855
1080.300527
1056.393412
1453.233533
1457.101792
1064.225399
1489.527656
1455.173509
1564.497836
1830.501734
1723.904889
2068.974281
2058.766892
2180.573773
2041.057143
1928.669474
1699.979994
1687.101525
1657.353823
1726.390325
1671.348093
1652.975424
1747.655549
1713.843078
1549.164192
1450.245025
1484.993249
210.7007089
349.6316954
581.0365984
245.8070582
517.5816722
801.6214948
842.7089654
819.3731289
727.0082361
1054.943017
948.9928476
710.9575268
1218.316563
1586.799573
1235.252647
1652.912934
1599.014337
2047.123217
1847.478125
1541.732475
1581.294171
2113.723609
1998.552035
1990.659027
1974.182853
1887.539592
1706.613287
1659.566165
1465.017415
1430.658828
1421.085259
1421.313915
1758.106402
1758.672825
1648.960316
1614.672564
1501.433652
230.6675366
227.3223293
234.2497095
313.6075759
237.6759509
353.8300595
800.0640198
1125.357792
699.9868378
1220.437284
755.1736826
753.5451023
1571.310785
956.7414972
1377.519994
1240.673854
1464.984284
1527.522801
1714.479975
1717.780707
1400.016193
1622.421553
1753.908922
1652.423005
1715.122612
1718.833693
1880.08394
1878.894002
1729.220892
1801.023647
1489.090805
1502.020551
1496.181612
1489.373294
1438.868401
1425.559628
1334.083215
275.3235324
257.1218737
239.8463885
286.3081544
360.8363999
325.386023
571.4363059
597.615945
788.0812688
1155.259644
964.1287951
969.0310338
835.686462
1276.803451
1206.896984
1080.556358
1528.773566
1743.500977
1534.907982
1971.907101
1661.578804
1406.698264
1521.060344
1847.325841
1729.811766
1604.289186
1513.973318
1583.891807
1654.443285
1651.840498
1624.941826
1654.892364
1496.05859
1359.306732
1392.955494
1399.335196
1426.83304
210.1540301
218.2925188
340.2067991
274.5274438
352.2640281
334.434456
923.6701553
694.0705523
1114.146881
1577.909118
998.9497447
934.5065486
915.6544612
1409.581283
1167.292617
1334.467782
1124.425852
1451.749492
1827.813181
2176.701941
1959.102964
1962.561914
1748.061491
1587.715595
1618.390194
1477.145328
1518.286751
1551.394309
1431.412093
1607.390266
1436.952241
1536.135344
1679.374679
1433.297213
1398.815118
1549.684009
1478.713553
493.1067812
296.2832801
256.5749376
506.7086826
629.7001157
484.4824454
399.0078758
1197.091829
804.8405892
675.9658242
562.0810551
921.2691064
844.2653976
1099.469822
958.3059124
914.3386517
1243.228861
1580.116149
1694.080148
1542.990486
1549.170788
1674.734657
1637.880691
1533.248689
1553.900039
1520.444503
1393.507436
1542.041007
1611.561777
1649.981253
1522.337116
1582.563293
1673.057501
1540.409043
1476.474721
1453.50577
236.3989443
232.3148723
241.3132195
260.1010128
813.1367956
387.7087806
364.4718926
365.2412523
586.0935991
970.4591436
609.2243636
640.6326514
763.536647
1395.525067
1353.118804
1344.750012
1181.121592
1566.281885
1219.785242
1101.747545
922.2716516
1188.417635
1577.060499
1481.063574
1583.19334
1418.059432
1380.213978
1393.758727
1521.838203
1592.692429
1781.964058
1560.407931
1573.496258
1393.568029
1464.930042
1454.784637
204.605297
260.2944718
272.0472099
224.7933811
240.0855312
398.5451975
226.3448595
246.4635665
406.7523391
741.3454935
733.4003131
1140.496152
529.2090122
586.587556
975.126517
1335.416837
1355.633843
1128.861272
998.4497162
1051.393761
981.0006069
1104.676251
1329.910644
1157.388482
1556.833028
1507.365325
1389.769252
1495.681461
1530.203704
1411.539739
1695.342927
1560.069751
1340.805952
1420.144085
1432.175812
1497.844689
271.676702
333.6030033
292.7473071
271.283423
784.2163628
345.9075886
250.8715679
350.7453857
389.1002366
1059.704063
805.7412871
1050.994273
681.8099986
1069.15261
1126.333109
948.9544394
1264.167735
1137.59113
1037.094042
920.3640896
1461.099958
1325.115748
1325.290389
1415.134262
1546.446808
1393.889701
1206.683871
1513.506233
1424.898548
1304.405002
1318.886562
1344.05061
1296.885546
1210.157207
1358.537869
221.4003251
403.8539653
235.0143461
499.3650449
414.7338144
344.4399814
333.7915871
602.1325847
564.3630361
456.193123
371.7622135
614.2628638
729.7527281
672.2637242
990.2928876
1048.813071
1081.796715
917.3988026
802.1638933
1029.779644
1156.104563
1376.967919
1200.627371
1195.439981
1188.229679
1516.785651
1346.923081
1173.350344
1297.454983
1264.045838
1125.994655
1178.687606
1381.513462
1422.172818
1395.344213
217.5370139
312.5890734
452.3869245
573.654866
286.7342318
416.0253039
446.2912587
520.9753015
549.8608613
396.4412732
623.7504332
674.895748
575.3353641
902.2534871
699.9807874
959.3430724
694.4822923
747.003069
635.1694461
779.6050538
1111.201094
1063.420181
1199.589288
1274.559422
1266.756911
1383.210443
1248.118908
1149.011482
973.9057175
1008.560765
1241.696146
1245.643593
1228.686943
1075.174261
219.0037549
219.7022523
216.5217458
301.3201076
370.3968763
477.1016327
484.9661473
524.7262693
471.7770743
735.9219731
650.2520632
688.6091864
1085.809159
1553.399822
1071.762931
861.3061506
1188.425618
963.0524834
1081.83977
876.1873296
928.873818
1108.02872
1118.666198
984.2327894
1163.979302
1201.811534
1080.885136
1356.555703
1414.165906
1193.197159
1044.652455
1047.14225
1316.618248
1239.004155
212.34163
219.5289975
223.3173543
316.9042562
341.5205578
434.3541511
607.0830789
880.0387588
524.7576945
664.3622757
517.3576837
716.6267946
799.9163335
761.4692202
860.290914
767.58331
742.0301568
1088.652933
1221.698767
1113.868298
961.9682795
1221.343064
1156.969069
1090.070123
1202.012467
1229.024523
1244.907443
1127.55122
1188.112782
1077.001605
1151.475655
1012.861759
1103.636444
216.0726208
217.6072701
222.5515155
339.1328569
621.4229896
462.5239412
432.7611516
542.5443288
546.4433729
474.8544561
427.1625535
510.8032248
405.0610544
567.0434672
546.9613951
572.7399396
764.3761747
858.6478209
1263.235131
1164.97998
981.5745848
1069.540739
1171.866631
1017.233563
926.8626424
1071.34841
1194.25404
949.3504626
1100.634879
928.0150719
962.44296
940.6188693
237.3280116
220.8170749
385.3350386
303.6615416
475.4633834
466.8716733
656.6346075
552.1613013
392.774167
409.8719649
564.422536
384.3264094
683.8894792
767.331585
969.6118269
903.9458968
929.9402629
732.133124
741.1701325
957.0477564
743.4593003
802.4311691
1029.485728
936.6605165
864.8219632
1115.863712
1150.442069
908.3012376
1011.430202
1109.698705
976.6914675
214.1671628
223.3478369
268.4164541
294.0993869
233.1397787
400.3857001
418.3635863
719.7248356
480.3055619
447.7296498
356.1313775
556.9072745
576.9677799
564.3328622
767.6547538
896.5457408
780.89675
994.5342171
817.7043338
835.1749088
722.4131371
759.7753461
709.8932478
993.4052001
1006.923175
960.0173327
844.9063283
816.9670429
754.427014
882.3324332
937.4190041
264.5541204
410.5413177
212.8385075
214.0317606
404.1243763
369.2606788
266.1768455
596.6572281
423.0013487
572.6619485
629.2060673
465.807819
436.4908397
477.7604076
548.7523245
802.3737704
683.0555262
658.4812795
620.7759152
651.9998128
792.4824802
701.7429316
727.381393
742.9746783
755.6811082
868.7468234
989.3928951
861.6218564
880.574232
694.1916285
420.2294597
200.8403379
277.8638231
365.380954
432.8190418
365.3961778
269.8137098
285.3872173
548.1905224
373.7436312
473.9163591
561.5117195
663.3074508
708.6514156
433.753234
636.8108073
761.6660604
600.613661
664.4704055
744.8906259
805.3579057
779.2564368
863.2226961
848.7958078
779.9747176
731.3268664
987.0424721
1052.097145
1040.969213
210.5904459
207.1045452
208.6040187
243.3700834
425.3773094
489.5645785
536.2639985
484.1479046
431.5621164
468.9176689
491.6887785
459.3341633
489.0133242
584.6163621
547.0893889
532.7865759
714.1260983
740.7586768
609.0088566
807.5768095
712.8504164
542.7498812
524.9006384
569.7810881
727.4408339
776.6343041
749.3683612
921.2705187
254.4284283
447.0546641
333.6142678
266.6275424
490.1175011
927.2705409
458.8160324
462.8610915
524.0799697
341.9528117
377.4324138
467.163544
337.1819175
435.0786837
514.9644592
572.7484162
554.1871899
828.3628867
859.1553055
683.9398724
618.1431403
730.4477861
625.4442968
692.2471639
710.1104191
613.0404311
216.0487645
479.1206871
380.8653196
227.9036832
366.7772522
638.3599011
987.0216437
536.4470824
555.2365978
717.0130912
255.3986406
326.2537288
637.2937878
854.6480969
750.7189524
534.7958651
483.9620672
618.9001531
616.8985731
670.3801664
518.017824
783.3533618
600.8244917
592.603167
656.5088502
308.1802124
396.432947
550.8149987
535.9180549
469.4258663
401.4521174
445.3215466
386.6342299
605.8957296
414.2620516
379.2966919
611.039759
669.4331574
633.5058669
513.3662634
404.2185585
467.8818273
739.5557719
704.3331774
530.7687718
426.3010414
423.2616365
553.3447039
271.7193005
342.9421769
390.5959555
249.2857317
331.7505785
356.6055784
310.5010973
636.245146
519.0362147
377.1207903
353.2046094
473.272349
507.7843866
579.6265426
613.383847
560.3016414
636.4898047
726.2708375
533.8553393
462.2213106
289.3158883
288.000461
271.0133925
371.4151418
646.3487383
498.1959336
488.918081
528.1271356
540.5033006
624.5455161
508.1441033
402.7797645
371.4373756
477.7229662
389.3581615
591.2155299
215.1288207
387.2382646
338.0268695
1231.450193
963.4917774
882.9843629
802.4847512
597.2669641
939.732794
1397.882869
932.6285571
1436.814971
1546.35695
1930.250396
1517.009893
1879.345275
1840.084086
1796.311396
1562.733459
1972.12447
1989.521003
2024.221558
2375.559981
2033.184848
1985.655133
2080.942774
1964.802905
1807.817039
1827.330739
1857.761027
1813.753952
1745.96551
1761.598637
1648.391844
1624.730228
1633.134122
290.4717814
578.6848375
693.1296291
289.9905517
805.9854223
926.1523775
511.3054279
708.8307723
1003.232053
1088.379643
1000.562458
1124.829217
1336.422484
1289.990255
1506.282169
1902.706432
2693.486694
1831.837257
1735.837087
1788.887826
1888.782609
1757.979525
1783.668179
1937.637263
2297.039469
1835.158063
1610.933935
1715.192042
1872.280785
1955.992667
2015.113989
1821.082548
1764.607503
1583.745225
1547.290741
1423.582428
1499.640047
241.7431737
372.5311563
675.9415631
671.9206582
656.3969344
660.7309897
343.7871033
753.5818887
595.3317527
1026.855392
945.9031466
1075.685581
1031.269557
1549.934773
1388.524552
1234.039066
1685.307205
2118.796063
1474.98614
1423.992241
1430.634704
1614.767472
1950.551667
1929.936655
1548.016018
1822.496654
1844.328484
1603.604259
1751.545819
2017.824415
1796.7612
1755.109655
1812.222899
1755.708681
1739.651547
1670.854962
1829.58865
229.3716763
314.1009627
328.2546136
228.5710818
427.6340717
331.8034602
406.6911189
658.4500883
648.5944606
986.6720837
1056.762859
1251.444308
1154.454499
1330.603376
1473.209283
1753.587063
1354.825464
1210.038937
1460.48812
1732.301535
1810.590774
1704.076729
1906.111843
1754.542471
1641.132729
1724.227391
1725.73736
1755.126671
1609.395785
1635.967503
1874.1715
1680.723159
1594.197897
1465.80398
1397.372715
1479.169496
1542.938999
206.2859779
400.3622318
800.5035043
255.9637272
416.4372094
514.5233077
740.593308
655.2950259
638.1183447
637.2085718
1327.926932
861.7324582
1137.606795
910.9814705
1248.06955
1093.658844
1286.303657
1422.101985
1561.320346
2064.453226
1810.226727
1394.446759
1435.137424
1565.407267
1553.831445
1387.033639
1384.956221
1611.459138
1585.97891
1651.762594
1717.237597
1821.888002
1937.312154
1711.652576
1443.130438
1427.587723
1499.568413
407.7451028
366.4194077
300.5113917
377.8858074
694.3938273
412.390266
406.980587
723.2068753
477.6172009
777.718389
431.4174147
901.9050044
928.268981
1532.456713
1105.34033
1412.502423
1008.946449
1221.428437
1171.192285
1564.050601
1799.112562
1578.730445
1796.832398
1664.729219
2245.733677
2117.046775
1890.894602
1671.255276
1634.866125
1603.978294
1815.17737
1673.924158
1578.39872
1718.415473
1729.80298
1835.112856
1626.934247
207.723389
205.3397079
555.3135307
218.3264574
496.6262906
401.5962521
794.5639686
1089.303167
645.3809715
493.0328411
1038.750722
651.7851411
1133.559287
1041.213332
1459.134253
1788.06885
1608.553743
1445.793327
2106.425622
1542.5693
1612.242675
1602.396283
1918.601631
1955.886908
1835.973051
2039.155806
1792.774292
1759.348667
1807.189859
1458.173102
1417.66003
1626.001444
1561.549021
1488.892236
1370.281672
1435.069421
1595.457887
215.7136427
577.2220854
219.6915276
355.4440584
233.0873825
686.7036895
1200.436848
1240.722088
1057.676523
1069.745451
813.555659
1445.412858
1613.066724
1484.183348
1186.15334
1814.867091
2102.072556
1848.237909
1565.765278
1481.970478
1757.369194
1741.317925
1759.516348
1838.249228
1618.91956
1654.344045
1782.409105
2118.675587
1692.726836
1648.195961
1457.805761
1335.20175
1392.594784
1431.937852
1376.294353
1370.205705
216.1750707
214.677475
215.6177313
269.1863314
272.6216423
240.6211769
609.0187024
1008.456422
1013.004695
1006.200918
956.8369808
513.8465681
667.8133377
1007.63934
1079.508947
860.220538
1450.821024
1281.119918
1524.376792
1474.921138
1365.003256
1693.163123
1808.404691
1703.456761
1724.967237
1373.928967
1501.966996
1498.433266
1460.72049
1541.360138
1436.075223
1434.946046
1487.527781
1407.272471
1373.391569
1347.701176
223.9588698
277.4132858
271.4311187
545.7028422
280.5871008
518.1205818
490.9904719
787.0169272
859.144522
709.6056233
692.4629027
836.7343954
882.3366892
947.2378853
976.7193901
869.245739
1186.454092
880.7210957
1478.04894
1420.105734
1617.098847
1522.770777
1133.12445
1193.832988
1514.1156
1514.340953
1371.173574
1696.369605
1644.450394
1536.799738
1622.353144
1579.257903
1625.979236
1590.613349
1367.203167
1360.985776
214.75253
241.1450358
369.0533052
395.7787795
439.285064
437.7637573
965.0209412
1496.297418
1034.830282
622.8652501
878.6559319
721.3653427
875.8432372
799.4653315
1032.994786
1147.571533
1310.991109
1305.257408
1483.177192
1280.500442
1226.305394
1488.465844
1537.277476
1482.01914
1271.085077
1462.998614
1282.49051
1388.296412
1394.968074
1392.579092
1369.511529
1306.89058
1371.867105
1332.969901
1354.375365
232.8453727
265.9742786
261.0638044
443.1468016
598.4756388
352.6326695
493.7780749
619.6182337
661.1623511
730.2600723
566.7835636
607.7674388
639.6585014
1036.885465
783.8814295
1026.547719
1095.112105
1191.949084
900.980809
1375.614844
870.1652145
1014.881385
1353.024178
1524.895925
1519.231401
1314.501452
1357.76191
1485.0612
1572.86346
1525.00589
1623.11323
1637.99568
1623.93724
1453.502316
1299.68671
235.7981085
314.2262233
247.1008404
262.3631007
583.6019046
297.5073219
255.8942977
315.5007895
407.0997795
620.2432509
747.427275
793.3588625
884.0502142
840.5290957
705.7465565
825.1317554
1212.564436
947.8233123
907.0853809
605.8055802
1028.773327
904.5619388
1032.510093
1118.682294
1167.956227
1268.004832
1344.570108
1278.951358
1196.700499
1218.094145
1367.339597
1359.756141
1203.196891
1229.803478
1398.0472
287.4374731
212.5567381
202.0422018
380.3559514
514.4756776
279.1091369
213.3767567
301.1331016
508.224531
670.795947
700.4911805
573.3763505
479.3412351
817.1398076
830.1327278
893.7002276
1153.336242
1161.942421
1093.345236
745.3729918
1117.483011
999.2635198
1005.051627
894.2189915
1098.063485
1311.231091
1378.711511
1265.870995
1201.063754
1178.246769
1266.79208
1109.744114
1090.954228
946.0869267
447.7781942
407.3248557
292.8509628
541.3404527
362.4494365
544.4982178
509.2485855
383.8827448
524.881279
929.9658613
565.134419
438.5220356
545.37175
673.4461992
851.7112112
931.6162332
792.3716764
671.9594016
650.9723258
704.2358722
959.2901816
1069.440567
1035.55418
941.0797032
985.7791214
1140.1761
1210.465836
1337.540649
1319.493493
1301.915311
1184.729432
1168.233644
1293.005085
1157.653493
390.6350022
365.4016568
386.0877618
242.0378893
251.861553
644.2141376
378.6233259
470.3943511
631.6555321
606.9125454
828.648061
748.2000368
535.014376
651.7299312
1207.354205
785.2897857
607.8668337
700.3590506
636.1013879
693.0120317
787.000911
989.5441952
1023.71439
836.3368486
949.8504866
1468.552609
1341.755186
1148.195032
1163.312193
1092.859892
1244.601143
1184.463432
1171.885454
222.7141055
223.0111092
449.2493632
223.3683963
283.2763463
448.5835215
444.1548858
611.2362652
460.111101
340.496421
639.8096246
713.6781312
947.0568349
872.3803428
720.5987938
1024.325427
823.0534109
774.3178653
751.5425909
772.9195134
915.7843172
1022.986043
1276.648733
1147.70292
1084.765835
1120.438892
1046.609665
1045.14812
1116.819561
1142.662519
1093.87626
1131.831252
1142.453974
226.3405938
223.8793267
226.9108686
316.9386441
413.1460523
523.7744165
554.6033526
510.6307268
559.1613348
439.6000882
421.3625021
913.267052
1137.768076
744.0891281
583.2881014
738.1174865
563.3657631
866.6303023
745.3742204
707.2302221
800.0742798
1079.837965
861.5164807
917.6065644
1087.485847
1165.051094
1070.276335
947.858367
981.0210333
1004.423433
930.0133842
952.7311646
219.3834323
211.0898959
266.2949158
391.5912111
620.0149545
591.0677056
810.3682061
369.142909
372.8334251
506.6240343
530.355676
724.014297
337.2832679
772.9807594
803.7688644
800.8643992
603.5684885
809.2761968
816.535059
826.4887073
908.1946139
893.9548582
1014.452666
1111.236052
790.2809556
977.0029092
916.3582573
725.1706249
885.4883913
793.5157003
814.1005
210.115564
212.3476095
215.6902568
216.603032
331.8786597
288.9227746
405.4591372
266.4678964
392.2531652
357.6442067
299.7129258
422.1531995
336.9925078
452.9973365
547.9358967
768.9558701
929.212836
961.6065608
779.8359104
875.4402059
764.3874693
726.9910968
1024.207462
1026.675933
833.545819
1003.448044
1116.805534
900.5946597
847.1956364
876.2212017
225.1002559
301.1380579
376.2855406
251.20707
331.0271002
885.7617623
723.5181697
364.7050665
412.2265942
454.5792593
654.1583471
599.269328
552.0670487
657.6160288
511.3102252
599.7330628
775.3920503
1025.863849
1032.467296
779.2295369
726.4124547
652.7338558
764.8988973
888.2783161
790.619609
950.8615554
941.0566074
750.6508952
777.3331547
228.4248807
214.6023292
234.6775804
411.6986696
353.7791447
525.1991544
482.6904918
389.8119243
383.8631865
459.4138615
381.9988313
331.6448199
435.8194285
557.2573836
662.9852036
500.9963682
627.1902498
731.3971813
722.3582455
570.0398504
462.8105451
526.8146292
667.6228558
810.93716
922.1321575
978.1462672
891.6698323
846.4980059
232.110093
249.7032477
302.5585512
376.0764674
329.9119197
229.5876755
352.2222641
661.6647877
418.6126447
462.5562385
535.7344186
314.9752965
530.80671
619.9161436
648.5312734
546.4404314
754.4235011
543.8824175
617.9528264
835.3306605
794.4459647
730.3648011
739.2374778
705.3345626
849.8525312
839.9969054
816.7024573
281.3038142
306.0006811
418.0788631
334.3603681
221.3202166
226.2191551
525.7638087
362.8783118
414.7771767
602.5112888
488.7231231
359.0652493
589.7391882
583.1763405
710.4734873
554.2383958
520.1241774
512.7179346
587.4152406
756.4373291
668.5998192
570.7182599
611.5003131
576.4841756
663.4575195
816.2385814
327.9713913
327.475397
318.3310083
461.7055383
330.3280366
261.684477
370.9262119
338.1781319
317.6635582
345.454059
287.2915888
277.0033671
351.8093986
386.1756659
405.5316518
525.836536
591.222638
499.7663842
673.0751141
651.0281109
715.4276903
666.0085534
743.9096366
647.1222693
655.4677239
297.692346
214.3324213
391.3943355
617.7730387
521.0090616
545.1940386
537.002527
693.8261235
520.2556788
273.2385854
280.8320148
323.2722883
728.4212327
657.6752213
730.9554925
729.579947
639.9725515
695.1164265
740.4707344
776.2522309
731.09721
670.0276099
725.6836493
214.4558021
268.3294171
339.3065505
557.5957205
446.4277471
479.8329208
799.0496018
676.5666534
308.9456395
315.241906
436.708958
508.9485083
553.1523274
430.5069446
474.6786564
447.0109519
551.1275542
579.0299448
725.0543408
772.4346246
471.2860703
311.6925744
477.7561671
485.6713972
384.8174999
424.0826541
425.0124528
343.9380297
368.5179188
464.6986924
478.1357221
369.9286144
388.1832492
402.9639088
926.5950651
479.2060935
497.3174986
324.6552276
216.7532573
211.8029192
317.825456
633.364156
1214.351462
618.6724324
873.2202886
512.9429951
789.9066231
1017.721825
1076.334651
917.8693956
1134.041208
1304.029615
1887.729187
1508.651566
1235.9016
1664.717343
1378.246442
1397.857221
1887.590837
1870.822138
1577.575169
1718.360699
1593.463927
1475.378885
1927.104904
1804.631191
1587.413346
1478.021501
1545.808779
1651.796914
1593.345495
1383.680146
1576.331438
1559.077937
558.4894721
650.0010953
510.8825783
702.1243102
863.247917
616.4769456
410.3851457
551.3647377
683.1479099
720.7066621
1072.193033
1259.710349
1619.990429
1182.406044
1374.032567
1757.02115
1560.469603
1812.236334
1874.275442
1766.795905
1416.864059
1702.335039
1599.378596
1816.5621
1977.376168
1868.564806
1875.906267
1595.376926
1553.204991
1811.486146
1775.938325
1810.662714
1629.108031
1582.796165
1755.525755
1546.769643
281.5802356
356.5129963
622.1575349
335.180213
497.9209567
369.4357408
552.3505831
946.0835953
775.752318
827.0464478
834.3678189
1046.699824
997.1919889
1299.729348
1330.011472
1311.676073
1188.526136
1315.668054
1502.660016
1342.256555
2004.954837
1879.565359
1701.438267
2057.894659
1756.500109
1839.476338
1651.218519
1834.046942
1726.266728
1823.798458
1722.557902
1572.434568
1539.810215
1521.472431
1507.854154
1400.976436
247.9239536
345.6365487
233.2067172
232.3635834
484.3700188
259.4982797
358.8207539
472.8792186
767.2438365
687.5931501
822.8021132
1158.338588
1132.801751
1186.40993
1276.811634
1298.282054
1118.738098
1132.010446
1315.046707
1391.365587
1485.136748
1363.186901
1308.602415
1605.460333
1367.005371
1548.737111
1753.206664
1733.527174
1774.565395
1618.145136
1645.251095
1633.962965
1520.233303
1421.960918
1502.042901
1432.557922
206.0437607
329.5876076
201.207468
200.3596731
397.5490337
689.1835985
404.9416609
779.0650177
431.0363946
930.2379494
1350.231249
1089.459311
956.3781813
1087.879364
1127.973994
1347.316198
1216.21182
1063.056157
918.8192033
1664.8599
1579.063507
1482.169093
1393.129218
1153.054411
1109.77858
1557.41067
1429.555136
1532.387023
1555.411646
1723.380308
1702.13379
1821.426758
1947.191989
1798.115978
1493.201312
1372.703784
269.254697
205.5336935
210.0706977
364.1745186
271.4218257
322.5983717
411.008001
558.2804777
586.7791514
325.6242374
978.8310509
589.8256242
1037.633709
1147.404686
1303.960621
1338.299866
1110.641121
1192.40129
1130.172613
1748.190986
1624.917148
1563.683447
1335.391176
1446.771092
1633.490255
2058.703965
1739.786723
1616.515849
1669.772071
1545.245353
1479.741731
1577.546889
1636.912913
1605.959124
1582.090349
1686.137807
220.4596161
227.5887267
345.1836024
967.8977195
675.3219735
445.9298971
300.9524484
761.5509977
385.2709128
908.667129
509.8553095
495.4002449
681.6003092
1324.213516
1280.19325
1123.43616
1269.431788
951.9982617
1553.73356
1202.201038
1054.963936
1221.721595
1567.905825
1657.969453
2060.769675
2063.392747
1662.304492
1643.639876
1713.423332
1608.597872
1427.681674
1644.928827
1552.552084
1582.244074
1541.743078
1456.14596
514.6601746
252.3670464
429.8656328
274.2142419
1124.954306
320.7458057
839.7077409
1334.267863
920.0510734
674.5140284
912.4077448
1320.605396
1097.173304
1047.888467
850.7750072
882.8090325
1596.998823
1430.794835
1361.850717
1301.317111
1572.069744
1631.460184
1619.024201
1183.303409
1300.868495
1383.402603
1462.768167
1739.888252
1352.02183
1568.315619
1522.208468
1400.836339
1390.292864
1328.357643
1181.913777
323.2217972
226.7638856
223.8175412
379.4732058
219.4361093
588.0553397
485.8909593
554.8195471
586.6149163
746.3734196
731.4382258
1207.039145
1031.608291
1247.953805
1532.657634
1294.501353
1542.061572
1248.939465
1370.358944
1008.090399
1322.072601
1530.838344
1465.259212
1514.637958
1462.354454
1127.443609
1278.511875
1413.024559
1462.959887
1262.162397
1450.435739
1505.877183
1288.333303
1389.400768
1442.920322
232.6926037
225.3570904
301.3553493
462.8287339
445.240581
362.4164394
295.9577911
850.2876717
732.219104
490.9778208
859.5120656
701.8134075
803.4835389
952.1719615
813.4598799
917.2942053
1134.264104
797.492009
1234.617127
1415.649378
1130.928704
1333.603525
1130.496908
1050.654763
1229.003655
1431.64437
1495.952858
1639.02376
1715.908938
1550.213165
1461.636729
1367.405662
1319.294538
1486.780539
1458.09271
214.0458793
411.9917613
271.4052738
455.3708243
219.0574085
590.6982632
730.5106339
854.0870081
734.2378169
619.4554513
608.9442548
894.6193284
1072.152811
1124.479402
1027.954026
804.6765569
1044.285728
1196.570528
1003.758504
1453.774196
1385.62696
1237.27743
1516.643651
1371.794969
1230.824178
1164.898378
1197.438952
1339.169077
1475.94766
1268.952086
1207.1018
1213.163678
1155.657455
1102.878027
208.8411702
250.4821956
207.8532776
284.6838808
365.6470288
396.2337033
445.6165356
977.6309126
650.7567188
414.025227
482.8784939
619.0150435
919.2739318
662.8603744
956.2393594
755.4968167
1106.811422
1272.087827
1018.875766
717.6141729
830.9730905
1254.005889
1466.484126
1498.025217
1233.055043
1457.965625
1246.7705
1215.983473
1382.082347
1274.739941
1362.249262
1495.812661
1337.173496
1247.971945
290.8720285
302.3116376
314.8620753
490.3906735
555.0022803
222.13536
223.5292273
656.9466675
473.6641928
744.4624542
776.2268933
637.1711138
899.1180748
1005.87687
722.1563172
897.0383674
1086.540926
917.0268456
1144.949443
829.3470319
911.6469456
923.3606764
1226.841102
1330.219594
1426.029527
1039.942445
1084.299329
1143.991852
1056.927802
1005.461531
1203.927595
1204.183952
1271.851396
1201.458653
288.9753713
229.2065306
228.7124789
433.9108854
302.9449366
400.5665935
262.0536459
406.1080871
628.9331201
872.201938
370.3373196
585.256947
574.2610776
674.7637104
545.2501698
909.4523976
794.1068895
979.1436026
857.1289505
861.6489738
918.0368893
848.4119995
967.8044063
915.4973795
958.4568918
1127.029259
1172.239965
923.3933011
979.2715838
859.7043966
989.4622672
1159.997527
1210.751244
336.5345207
280.7189493
268.7777569
596.3739484
304.8966278
441.7280705
370.6695244
314.7036315
453.3877745
418.0995033
587.6582424
527.5656349
1055.108453
530.3364099
497.1521396
881.4035744
609.6415221
512.0885731
694.5690911
845.3004681
861.8071122
967.2976991
1141.267343
945.1298018
1039.888079
1115.69273
945.8277023
1287.660125
1169.618502
1228.892095
1065.052165
992.3253367
1094.110612
496.9300481
536.4186131
347.3073251
289.2956846
421.9343411
276.5583006
296.8681165
760.7410499
394.1131932
414.5991439
711.1228382
682.355863
693.5872677
875.7091406
854.2158529
991.8234744
731.2857141
890.5767105
743.8673062
1001.879971
882.9770455
714.6921804
752.8923959
856.8536186
786.5984277
711.381004
999.2992253
1250.274618
1247.044672
958.5045736
1008.613348
1137.003094
279.6521514
288.3428871
309.583213
612.2555491
390.0986871
518.3980581
618.7994721
396.7196717
441.9477462
489.0251072
566.6442568
550.0395808
862.8229269
639.7266269
816.2646828
747.5410547
774.0893757
782.0129104
725.2284075
904.8663309
903.4596472
978.1298904
961.611783
828.7188913
830.220141
1066.09945
1144.086787
1015.944625
1161.647818
1110.741402
1081.882805
216.8823652
213.4894438
212.2262524
587.172336
323.0004687
332.9750008
416.3357377
592.9887939
403.6051735
398.4810572
504.8973016
729.2790661
897.32061
716.6608895
581.8109687
542.7330395
557.7322701
848.6895812
559.7644327
842.2833503
1011.128283
1081.9907
841.6271209
643.3015922
893.551045
984.6356623
1126.105732
1081.267562
944.1514028
915.2300746
1002.720877
214.5525831
212.5347431
215.5931547
481.5288244
520.8512386
441.3271084
423.1601368
361.1422786
337.4553596
411.0686928
771.7918148
606.8669591
582.7135219
475.803426
731.4718008
574.6118322
776.2787319
689.5596322
559.0129733
619.9579535
851.9143564
774.4889411
895.4481447
823.2682418
730.1659872
860.1316658
923.0624848
908.6365653
1010.328327
886.3598863
217.5525704
254.9481095
285.6374328
485.4939821
225.9348337
460.2722759
370.6892025
389.8286688
308.831703
540.0641732
425.6932588
411.2759218
684.4622934
781.8440454
978.8154334
932.1870759
811.8058042
714.354088
625.7780807
765.2463247
755.9446891
687.0773802
955.9262618
1056.707972
755.3430626
952.9635048
1028.941567
853.6434335
846.7274365
203.1737782
203.4822645
215.599494
270.6606165
348.0177207
474.3063862
379.1472758
264.536646
346.6599955
326.9775799
613.7179348
491.5756
563.5642367
695.2886125
536.9335869
558.4331555
674.4228885
530.1339287
759.4377036
931.7865322
826.6442828
839.728043
1042.748247
1069.435761
787.2020626
789.4596053
917.5849544
776.2719825
203.9751889
303.8712763
302.9056101
296.3760344
378.5561348
466.4524681
353.3439548
302.35035
398.6585424
484.9156605
480.9867331
452.3074133
358.2953765
326.4417289
421.750013
496.5357976
470.8815912
562.3142559
714.4977931
779.0128765
564.275704
553.3285406
673.0982474
682.2259948
762.8583075
1029.791811
792.2540625
200.111977
256.5797754
235.6933682
346.4912206
365.078509
406.2900503
319.2624593
378.785753
288.1884272
571.848171
443.9976135
334.6286877
657.0045682
682.655368
567.2437769
522.3247493
664.7960269
619.7808164
698.3968539
586.9558308
631.7530926
797.1544043
845.5020495
819.4521669
854.2526465
1113.6871
353.289106
562.3177125
355.9583311
233.7827277
353.0612342
498.1664952
276.7329701
222.0808741
473.140847
411.2340625
298.3788692
327.3036979
426.2212025
503.0939701
615.0888871
657.7388671
640.4984137
700.4974861
893.3111723
776.7177786
635.5350594
655.8189632
698.8484375
843.934359
264.2150183
305.8970972
221.5733788
251.1008616
438.4210097
389.7325616
378.3421616
425.6479806
422.320377
277.5644915
395.895331
537.0282672
611.8189455
632.9578612
559.1707501
598.8765207
545.3428917
785.033145
642.6555608
498.8514684
429.3937761
362.3995279
398.2702604
306.3122909
249.431848
232.9299391
489.3512984
394.8894762
255.9890283
268.1798487
309.7725591
370.0752373
364.7807403
390.3788097
431.5679631
492.6004935
626.0653058
568.2440115
582.0298281
671.1558724
693.085083
675.5987947
244.2462867
352.2509157
388.1229056
340.0614342
433.6945162
401.3162104
387.3429601
453.5051604
623.7381489
552.139723
582.5013893
475.8975557
574.6685007
520.790565
432.0060033
615.1323055
467.4766229
632.0162388
247.9634782
220.2697497
218.2773734
636.3427711
922.2049808
500.5966417
613.0175143
619.8339066
651.3518316
1096.826941
525.8271782
907.204083
815.2725994
853.9875309
975.6522566
927.7080219
1439.842881
1107.442237
1323.078046
1049.280306
1105.808531
1520.738151
1719.387028
1603.11934
1772.811583
1712.613049
1418.002502
1489.103318
1499.949336
1419.949772
1465.847276
1293.013181
1472.085014
1471.017435
1190.97022
1283.018528
541.8441443
223.8312813
791.165936
341.5758814
487.6123908
751.1409473
810.9340933
726.0264786
627.2764272
939.6153778
888.083264
1338.759794
1069.694868
1182.243148
1809.914172
1428.150929
1278.29014
1333.36649
1461.455241
1322.431643
1297.550895
1405.652371
1292.105604
1618.530282
1694.472838
1670.02732
1692.452133
1653.10676
1426.355958
1465.598681
1613.043539
1926.031005
1755.197401
1535.49298
1526.938623
314.5193409
515.5771743
347.8399685
490.1209504
652.1608205
677.1178961
933.2709819
448.7988473
539.7106125
865.4508903
1465.570866
784.894266
767.2034933
1447.028931
1120.96821
1623.538219
1637.475691
956.2502518
1180.618006
1173.829969
1760.40426
1847.372067
1494.543655
1621.827545
1605.442583
1462.420173
1573.856279
1683.724286
1713.352768
1628.165045
1498.863447
1475.431567
1512.205065
1489.42955
1396.14727
220.0662896
275.5271559
226.4263708
252.2098246
252.4273412
229.990216
261.0673983
572.5131584
562.635733
469.3832397
881.1322674
988.0151231
766.1297244
1265.086703
890.7347227
1329.14225
1413.151752
1379.279747
1323.163628
1125.642974
1350.339866
1521.369868
1133.741697
1219.566691
1060.073105
1368.744508
1458.335314
1395.509556
1481.246772
1497.037274
1474.075416
1549.019137
1500.430613
1547.506263
1436.230432
325.0150592
303.5036191
222.9835998
304.6747151
324.1080729
360.9034856
739.3444461
562.1992903
680.6200684
779.5752828
815.5624501
821.9363236
947.9867059
1064.325085
1158.876023
1307.012355
1123.195507
1123.624078
1395.104997
1358.530593
895.156492
1372.076911
1282.957285
1321.151474
1319.624854
1731.476927
1761.983184
1681.378195
1623.774603
1371.25834
1204.636745
1614.064941
1464.267232
1465.958103
1526.463681
397.25622
319.7000589
206.9568392
207.2305465
216.897606
220.2683085
398.2398863
333.9284827
473.907838
874.7836381
756.3198729
690.754457
952.4659324
1048.278221
986.5738201
796.5873259
906.3255747
1029.192492
849.1361511
1557.65383
1586.188712
1745.439948
1423.802735
1362.634399
1321.46636
1481.256169
1231.797984
1280.728687
1279.214147
1157.195208
1167.748429
1323.805828
1679.842831
1630.071006
1577.43016
228.7632415
224.5412228
279.1647845
263.8722677
454.2154304
266.8643755
267.5491166
682.5031605
657.4103687
796.8559425
754.8106891
515.1577099
964.8814522
899.5876122
770.8853224
1030.477768
670.3179823
980.9088304
842.8250587
989.2122183
942.9363333
1093.224692
1332.278153
1424.973531
1681.210829
1718.212277
1527.81803
1382.407555
1599.261682
1652.699746
1451.00211
1442.582919
1583.599716
1591.889852
1551.65477
224.899627
716.7102673
607.5120267
684.8944509
266.3281499
211.0991773
350.4081429
612.9431531
947.282726
689.1649811
904.1553699
772.9288787
858.3943385
818.0207902
637.8537134
620.7436633
1160.250005
1016.072699
1252.286322
1024.318232
1422.304242
1360.543064
1127.849418
1172.746473
1256.751471
1389.943879
1504.770328
1441.774376
1446.54704
1404.785791
1416.986244
1425.50845
1276.344433
1585.519509
232.4118565
487.9380086
402.6765277
297.9652043
477.1880568
367.8172858
520.1659371
450.6665811
619.1538284
901.1946568
846.0194601
845.0519227
981.099438
916.8363126
1117.377896
1188.990476
1084.541951
856.3827798
1079.656558
1131.576134
858.491627
1253.225206
1336.260672
1189.898213
1190.418264
1168.896854
1415.212589
1304.654862
1405.856534
1484.102084
1349.969321
1296.569297
1261.258562
1273.255981
222.6741525
226.7849362
223.640747
236.7276132
338.7561978
546.1916561
296.4641186
391.8861085
595.8375077
412.1017003
775.8980213
578.2006473
365.1090464
355.3091788
809.6708401
736.8262096
1050.270765
993.1712414
1268.793479
1154.98602
1024.695193
1274.374647
1223.298428
1148.838824
1127.82037
1071.224619
1231.981385
1463.975191
1221.350226
1287.743629
1384.179008
1252.551126
1334.206736
1285.809715
208.4945979
296.0415987
352.3593593
211.3980253
214.8980605
559.3592069
456.5322029
316.1045852
667.7381719
608.3368523
683.2805037
895.6473531
862.6698761
549.0932453
1056.232479
876.8316026
721.8397309
750.6473473
990.0162851
944.6267808
1222.085475
1208.096261
1347.109052
1478.477011
1447.124459
1184.565729
1200.909486
1441.283205
1406.421393
1244.808154
1180.794514
1271.34685
1267.15055
220.0706525
340.5473719
222.9557862
257.7788582
587.4644978
508.0734943
922.4150807
716.1174826
677.4267186
637.5016322
526.6627226
714.889563
741.3718486
798.7275297
1158.761736
665.2998528
693.4308209
1013.074834
823.2038633
517.6695227
747.5288026
945.6259714
1055.489327
1070.603794
1093.843771
1231.935782
1178.66694
870.4143739
1042.552864
1128.048379
1159.410281
1132.44606
1219.445113
215.2432661
307.3310495
286.6700058
587.4681521
284.4398439
452.9918873
435.7873202
565.1600141
766.8095169
451.0199694
919.9775173
726.3502331
734.6280112
792.1094649
767.251613
664.4584814
822.8712996
887.5901771
1193.963942
712.1586986
638.6009575
737.4679677
952.7714436
1051.217561
1094.523386
983.0603288
847.2469225
866.6244759
1036.25674
1044.316143
1092.702544
1190.814936
1343.778978
233.2496252
268.9447051
506.2026416
343.7156607
346.2727343
531.9050242
335.0636334
400.179635
726.5571565
653.9822918
527.4410479
620.0162953
541.9976876
854.6949132
706.8178658
599.3628959
721.0627884
982.3415735
885.1013746
704.5281626
840.0737772
869.855916
819.0278377
1072.555368
1042.803847
997.1460556
1064.044404
1059.733596
948.5210818
1206.606079
1106.884605
1055.027996
215.6226728
315.2480345
538.0993685
293.0495592
276.9478268
316.5989452
325.6465559
617.1660027
321.193877
422.9001487
469.6901471
482.6073862
332.7925277
510.9032914
704.5937012
511.0810636
541.0129145
783.9777459
851.0606501
815.747384
990.7903508
1004.319898
724.4754305
708.0310788
946.6017626
990.0674758
1086.794234
1051.039118
1162.182203
1227.459448
1114.764049
520.4906526
299.9177774
447.4579072
363.4055363
404.1110145
344.3495241
410.830313
489.6662052
314.770028
350.67772
440.4387574
648.6227013
489.2551889
464.8747816
642.577475
827.7711502
718.3036738
588.276904
673.8230202
871.0864353
930.431344
870.0191793
751.5847009
756.7144924
879.6212037
885.8317923
819.6553398
996.9753604
991.6604243
886.4196822
889.1977268
287.6548195
258.3307416
296.5188116
401.9472285
382.9798849
402.548217
826.1141188
472.173122
425.5048251
468.2497621
520.8095578
541.9937608
666.5945353
494.0009801
550.6606801
545.8220974
700.5138731
716.8677599
722.8613452
934.0102592
976.409684
922.3519051
903.6401882
781.6418294
890.7325602
1050.553949
953.821656
970.794592
1003.39
1045.71776
213.62776
491.4807376
484.8385922
318.7950955
421.7694074
359.5544437
314.8734787
317.2746061
370.4993266
482.3953655
273.0261307
875.7581603
628.5564763
623.0384122
409.4394014
560.189626
802.6469867
644.5830413
676.6396748
887.0953265
922.3416045
919.0926624
699.1109761
892.1368554
779.7173243
939.0575824
930.219227
971.7361035
829.7938861
215.8152795
305.2644114
320.9740125
295.6048318
407.7859699
481.3327526
582.6963968
337.9100429
466.5205444
560.810705
750.746738
722.7949022
541.6449381
511.0184114
761.803976
507.6265138
652.021697
878.3671768
775.6814992
728.5282597
983.5667222
931.1176781
877.7808901
779.3060102
792.0862697
934.0959604
920.6297261
901.1632704
811.361887
224.4617498
560.4909196
573.212196
225.2782544
571.3713
450.7405424
523.4875633
272.8229191
450.1683611
546.1176647
499.3462277
439.4361384
430.174845
677.8825113
856.5732072
755.7811021
783.3383232
702.3805674
591.7642034
596.3940547
634.0171918
695.125483
583.5969475
592.840051
658.7567145
695.9592183
769.0855046
854.1343467
191.9252724
345.0902379
233.8712841
249.954825
387.8527277
403.0253393
507.8494661
368.3798892
321.0595461
489.1582252
331.1543069
485.5077616
586.0753106
636.5747067
716.4089076
664.904853
629.6150835
555.0433025
672.3703464
680.1406196
625.6637751
744.0981528
890.0936245
872.1015358
722.8645478
671.7416434
707.651344
305.4406048
349.6496699
287.7890034
409.0717466
538.4782143
383.9479564
267.1074338
227.8607227
256.1447048
465.1333705
440.133396
426.443945
437.3030168
610.4740232
541.4460732
418.9007037
457.0471393
752.1150403
729.2797658
815.3686928
968.0659791
918.4406223
713.0516038
712.9061626
648.2711126
371.2924023
220.4707142
291.690999
240.4825405
267.493318
274.6545829
403.3662585
272.8592623
565.2074151
495.05271
568.3165325
497.5188198
435.5606816
464.2745002
442.1502475
509.6803771
529.5701818
636.7110459
441.1435419
562.8032922
655.1431422
681.401994
671.0268745
689.084808
412.5052508
299.1936953
311.0701653
314.2321222
318.6960162
296.1063423
306.934937
322.1771079
426.6778719
290.5370376
426.1908822
504.0188684
389.9103593
528.3417011
635.7760937
707.8918005
498.8380108
502.0971401
659.8239215
663.3636707
651.9527009
782.392397
357.8651469
322.4291451
353.6946591
399.3984802
340.4395508
438.7402421
476.1102514
442.4340929
341.8074997
300.4972714
404.7509161
428.1946091
333.659301
423.3202243
550.1515156
486.0504676
580.0990993
528.7967516
454.4921924
372.1019165
350.5772787
558.3345209
494.0062225
445.7191731
328.353862
276.5756191
384.081114
398.3528441
453.7967812
466.0305723
635.4320541
444.208314
224.9619188
260.8015401
228.836527
225.2962824
787.003182
215.8375702
418.7330351
701.8381687
378.5102442
852.7700741
700.2580536
357.963045
451.1813759
994.2633113
1030.152439
752.5629742
1296.215472
1034.804062
1315.143889
1462.866624
1220.833748
1095.932266
1549.603761
1420.788316
1551.680696
1575.316547
1906.604253
1741.158443
1603.846916
1556.075203
1485.651058
1569.421855
1443.329336
1523.131393
1593.872974
1323.592963
212.5825124
237.656566
968.391259
536.6384624
503.8680467
481.5497729
1272.894925
350.943302
861.3392451
975.6463389
699.4216745
1041.884458
891.8793711
1211.492534
1160.444668
1462.633933
1297.577549
1043.168952
1144.642644
1233.83449
1281.868151
1582.8334
1357.534515
1265.450143
1447.84187
1288.59731
1525.164282
1506.653449
1331.287624
1362.750288
1424.849606
1386.266212
1575.331588
1525.625328
316.9521639
258.9482578
447.7070497
1117.260037
289.2023015
454.600796
634.8902308
395.462379
517.6595576
791.2105715
1041.26941
797.624723
711.7644926
1127.234788
1191.041785
1225.134397
1283.261774
1385.59911
1105.315659
893.085401
1039.725071
1474.521066
1249.726768
1400.280395
1336.243076
1278.880585
1412.55009
1559.724486
1542.426175
1504.108596
1481.955677
1506.545339
1496.659239
1497.521593
289.328686
326.7814226
209.405642
244.8702429
316.9948022
210.709246
276.1281191
609.1727556
602.4682504
632.5534648
1099.186628
965.8013535
847.3897905
1303.011348
1422.831258
1123.106321
946.6750495
979.2326861
1424.926252
1243.394375
1315.297705
1504.188661
1329.968662
1147.555836
973.620863
1436.029953
1343.497107
1329.674029
1401.35124
1397.970774
1491.210222
1419.566249
1285.260251
1354.807236
210.3613875
211.6812792
228.7489364
385.6965445
386.9752195
521.4962969
542.4740895
675.8073117
598.0930288
707.0955491
671.0768948
995.0878715
753.9265473
1101.440986
909.5692224
927.5764476
951.1743552
874.9478697
1104.596891
908.4920334
1000.283289
1083.940644
936.1489786
1325.320859
1155.558602
1416.044823
1263.158575
1244.991945
1389.940797
1155.880802
1079.306854
1268.545994
1506.067051
1357.522163
301.8252528
282.4390726
211.6180934
210.9276731
204.9531043
787.4631681
368.8537992
418.091693
749.763531
335.6382552
352.3477571
710.1680123
785.3034405
865.2115913
1088.243801
980.7211635
717.614579
919.0159357
1152.380706
1193.260404
933.9206137
1053.92859
1167.46616
1241.324644
1235.38418
1360.965755
1377.729299
1090.826938
1262.982444
1246.288384
1104.576559
1061.90781
1272.1614
1172.071898
200.6802944
346.9991698
256.5522753
642.7350792
268.7072334
386.2069445
295.8684691
623.0850215
787.1926781
626.3755348
550.6958661
656.8653126
920.3022056
882.79878
1016.509806
1210.827935
945.1384208
952.7373789
939.7121227
1153.066277
1111.054867
1266.478367
1174.481509
1191.54817
1316.38575
1387.037247
1238.824281
1094.647291
1075.407925
1372.196411
1442.293686
1293.699639
1310.953049
1098.051306
204.9284908
499.1111183
313.7619782
383.9559076
219.6618548
219.5216135
404.6583478
558.0935304
705.2823833
952.3955778
603.6591383
711.0154367
913.4854138
1049.262084
730.7782298
804.430363
612.6724493
761.2766837
963.3649683
1054.059264
1338.943463
1440.332764
1388.403832
1189.589937
1239.213907
1279.568641
1104.878578
1064.038272
1124.341926
1294.781713
1243.300327
1365.614546
1334.558236
229.2682314
292.3080066
223.3375367
779.3663445
273.251617
515.4639961
220.3036178
345.3225446
296.5352508
547.0948584
761.7542086
720.1047222
736.0541323
542.588778
648.4038912
737.5211715
896.2905015
725.6677026
935.9468007
1170.792811
1231.105055
1244.154493
1117.888316
1177.742551
1260.791459
1262.102049
1477.345814
1279.883009
1221.578749
1257.913135
1396.772842
1295.409653
1169.771904
219.6120138
212.2514488
276.5680647
284.7760179
416.4413279
298.0478192
292.2998367
508.6883674
374.4039698
634.2521646
585.5188682
655.3748474
579.7833389
620.2571156
683.2873607
745.0533249
1039.079159
1141.135902
1037.230697
1056.5507
786.3174721
1038.8453
1019.201289
1045.184972
911.5426516
954.1476932
1271.705922
1418.814884
1144.7542
1276.402229
1378.860135
1279.716988
1158.634093
224.9063855
297.6803336
299.4993874
331.3814282
216.7932806
411.7685654
382.7401924
276.7117671
485.4836388
605.9880241
925.4934117
846.6049207
427.8589536
669.7461974
914.7643005
1043.500007
1058.638373
891.4340665
1179.997959
807.0433444
1033.336734
1244.944389
933.9571953
1124.897817
1129.148045
1180.19634
1308.897663
1197.003166
1005.601536
1013.96105
1051.601482
1081.251558
469.4520947
232.4985488
291.2323087
408.4268301
599.3012061
622.6722814
648.2551787
357.5327291
292.1835222
362.7386281
533.0847763
765.5152101
634.5046066
688.5863983
717.4519403
589.0185562
620.8760692
1083.810362
1078.645368
680.3286055
666.3653853
904.3653137
1112.936654
1222.125303
1150.583114
1325.611644
1062.792208
1025.994969
1022.13773
1003.479971
1068.283442
1187.791304
212.3227557
221.0471213
240.2244937
318.940643
900.2279937
393.4246993
381.9649828
534.7994516
444.4712279
517.6469917
604.4381705
571.4226679
849.7034032
900.2726197
645.4866295
684.2726736
687.1079293
1000.630518
918.9373927
677.8472818
699.9063927
720.5409724
840.8846671
819.5636399
1063.667773
1088.96416
964.6611465
894.0617789
961.0196837
1005.589153
1072.508151
316.5061287
317.9199377
489.6469248
213.7759192
319.0217178
515.2833742
340.8454543
560.7387815
761.8649135
868.7523954
750.8631599
795.9072202
689.6325319
625.4218704
812.9686512
791.7192195
678.6223772
1050.166117
863.183022
809.904574
779.4458698
751.9197631
820.1192911
969.6258418
953.6963684
752.1494054
982.2052252
1072.011681
1127.5539
1223.481714
1236.534783
291.6516726
264.3242901
208.2339726
242.6655835
241.7606584
257.3841967
595.9930298
267.509606
235.4087172
479.1615019
388.0368514
517.2113987
888.0170334
538.6722164
605.3580724
697.5293748
644.0080518
807.5585863
897.5953576
580.1876333
638.7681319
813.7813698
1014.047702
1014.021496
924.4378425
823.2877562
954.0304849
880.1944248
764.6808409
864.3737487
568.0821775
254.9284146
291.1709317
291.6209229
269.6603075
395.6972734
497.9020509
290.0397222
432.9059712
603.3350763
481.959918
396.8236674
520.3411633
451.8643771
360.7861641
457.1606469
453.2055526
596.0446225
631.1795935
803.144157
826.2722108
823.5327431
798.1418469
820.5046191
794.592313
720.080643
828.9633496
777.7677157
917.9061463
278.7553742
307.0105179
255.1869722
254.6239572
322.3253655
380.337104
505.7245675
506.7345046
541.6861349
538.6797747
597.4180294
641.4417771
504.6822333
378.2897436
470.5226393
459.5191488
645.5390085
645.7322529
628.0994945
816.4077143
851.6801969
689.0226457
630.7166781
652.1721241
648.2518514
725.548118
688.2966573
854.2003219
911.0436027
226.0832532
426.825812
342.2597057
343.3928271
374.9503833
529.3204461
411.4799036
486.3063815
359.3778836
447.2306991
787.0279529
516.3002785
643.2877452
389.1510763
447.7848738
604.1564651
456.6655838
640.7707715
717.4267229
909.0509164
798.3875918
752.35526
845.2284549
695.6113625
718.718193
799.1816768
808.7993151
802.8914303
592.9282215
268.741817
252.4433618
372.916157
256.842984
515.2743235
382.5346407
357.3660028
394.6006528
514.2628574
480.8318974
506.3681024
498.2768704
532.6762288
682.4788049
831.9653501
905.7563176
580.9229691
577.252506
764.548062
916.1603578
773.9977119
897.3965012
728.9098318
764.787868
825.4293305
793.0783517
351.4690299
428.5804433
270.2564404
704.3131863
581.4088042
441.554607
244.0585902
619.0037688
414.4496198
454.1541245
539.7188687
373.5849507
651.1794718
852.9031719
486.4994439
660.7059618
664.3402356
611.4931093
623.2999535
695.1433751
590.7664909
555.4455885
605.787288
597.257568
644.3762573
766.1034678
449.0726505
243.3630612
415.795979
282.7400255
519.0873905
439.5447812
291.9477578
395.6796647
314.7163011
388.3337526
414.7701807
510.2750909
546.2156329
579.3343194
601.9582919
520.2811666
638.1955962
713.3358912
776.94629
694.0998851
581.8016748
556.2002354
658.7492672
656.6604994
647.1232312
331.8042803
248.9324401
361.1979738
476.4789608
404.3273582
469.6667336
304.9093601
291.8609203
578.9994417
491.4380195
444.5280691
431.0073638
582.6626669
625.1878347
559.8790943
563.734614
508.8233296
537.1447874
660.2516464
841.1924317
711.2297285
608.2040317
698.9326408
223.5994394
230.1248551
310.0657184
410.3154247
312.7461765
258.7227067
260.2221596
448.1902721
413.3016713
411.9242599
395.521408
365.668634
557.8474551
773.7643703
521.1883684
478.7618462
555.2731512
579.037693
548.5464466
740.728593
687.240605
219.9849579
228.6946949
236.8706138
397.8628545
341.7237016
494.7502288
464.8058991
489.6541716
467.8872928
442.3789767
349.1890958
353.939324
581.0174612
626.6158793
524.4119245
577.7875243
467.7577868
235.5419748
235.1403476
360.2979447
361.3001177
244.897262
340.5911437
536.5410598
601.842348
470.8476216
416.7729355
397.8121194
796.3534838
208.6208209
628.80786
263.2100583
497.4889372
321.0829253
335.4454972
622.3127048
450.9252862
498.1276626
462.6078398
662.5575809
899.1419135
923.2734933
784.3984336
1165.792337
1193.60759
1144.295039
1546.336422
925.6593348
1002.131487
1228.307409
1403.916926
1358.68911
1081.710927
1176.930918
1226.103329
1388.880583
1491.505487
1247.244186
1167.057954
1403.189294
1379.088048
1352.8992
369.1656725
243.3333875
410.9653062
372.12598
344.224094
805.205567
754.7972823
459.2562726
1009.182985
926.0192619
1020.452162
584.0221809
668.227911
768.5765629
853.6497247
818.3103272
1066.087206
827.668476
860.7071207
1184.513908
1147.099276
1433.961656
1148.514426
1109.586951
1158.692507
1066.356398
1131.548048
1328.348408
1275.767396
1185.791941
1065.786765
1128.911802
1202.184661
215.7153245
238.0265439
860.5657397
310.7313409
402.2861229
482.5195413
371.7854713
299.9994208
316.0373128
876.9800458
702.3637715
1043.097795
1287.903162
857.1418196
1225.878963
1246.846362
1221.80968
1186.58215
1190.546928
1152.155401
1124.089509
1309.138267
1196.122367
1263.962762
1283.035644
1061.992514
1112.428952
1322.58973
1395.777332
1194.35815
1180.648076
1179.522636
1248.97651
217.8290803
217.0539647
278.2819034
554.0475264
369.8571579
466.7375837
413.7211126
792.9226507
552.4496272
787.4460303
793.0206256
694.1183017
946.6460184
1149.672981
1292.992721
572.0155901
577.7717614
883.9446589
1295.582495
1176.83836
1211.408449
1245.536154
1144.947745
1266.862678
1125.716542
1164.897122
1157.530336
1240.658235
1206.563744
1161.416056
1354.956077
1207.035548
1224.940011
205.9138459
266.9430118
253.084964
629.3689899
370.261862
375.788641
581.07819
730.639813
825.0297225
838.4960612
894.1126494
958.7791093
909.4887909
1000.815529
1155.629478
1213.008972
1003.140409
850.8185476
942.3707351
1300.623649
1469.555055
1186.79334
1052.291136
1057.741293
1077.960128
1381.659753
1270.907989
1110.49646
1213.156578
1209.043827
1009.085794
1047.210891
1076.376413
239.5256474
227.4133554
292.1936954
544.0442056
1075.089609
350.353993
354.7642222
440.211202
589.5696017
482.3830814
682.3308149
1288.797778
802.8254332
1013.968464
1035.792401
735.78445
767.8550379
790.7730438
978.4408612
1293.748533
1095.215115
946.4877356
1139.440888
1245.040755
1088.795657
1286.891833
1559.53725
1463.375468
1189.157289
1402.354819
1159.535996
1200.213066
1393.900303
229.8446769
505.4027527
351.5886787
419.6046606
245.5615201
300.4623343
849.2830863
718.9394636
567.2215125
455.7867295
991.562207
999.5292964
890.7948441
1015.99399
1331.609441
1065.795248
799.6187226
792.6343799
1176.75782
1005.262686
954.6757869
1186.451298
1349.071876
1186.963231
1304.191452
1149.711283
983.5965895
1327.388886
1352.973128
1469.649751
1322.873159
1309.365589
399.5095069
355.35324
420.5392703
217.8432052
434.9719426
372.6195543
514.4471664
624.7370861
671.0370011
747.8314594
657.3673122
629.5786968
868.06285
994.0342403
978.6149803
768.0187819
877.0681095
870.7913932
876.1591379
835.8581713
947.2202569
1134.478937
1352.751099
1226.849098
1100.703447
1219.229848
1129.872917
1147.212635
988.1759128
1039.514195
1185.220775
1256.449087
403.8219116
394.5462961
339.225569
338.8198814
508.4471867
376.5712851
443.5798272
275.9619697
530.4899313
383.6631141
524.6804007
744.0111317
533.5999111
491.5984325
398.9857958
429.3019486
772.4331356
772.6540729
968.3311305
1142.070827
1124.540755
1253.320345
1061.706862
917.3297659
1163.105869
1046.462304
993.7686378
973.4122125
1080.707914
1064.639861
1160.214056
1201.310877
224.1845785
303.3269577
302.8795001
313.251919
278.8754758
253.0089556
495.903124
358.6942427
773.6844673
595.4220785
631.0421994
1135.745558
602.6252143
766.4865313
615.9810106
731.4068523
1004.603212
835.125971
1095.578489
957.7010896
765.6571629
874.5495761
1173.780643
1008.079382
960.090407
1042.358769
1339.414711
1126.518468
1106.922343
1204.771011
1407.342852
216.9270986
408.909492
503.7680912
379.4566631
422.6793494
218.2789242
367.8464688
243.3996238
323.6135049
794.8420387
1027.831327
601.6214356
438.9241493
788.8336358
650.6133275
815.2049657
1091.874719
684.870068
954.3778164
888.8748344
911.6954426
1196.201647
898.7186554
979.8495924
1097.990907
1199.271507
1421.950644
1283.896173
958.1777464
880.8605079
955.7359352
219.560263
268.115008
294.1608785
483.4873281
219.260033
566.3505534
349.9552804
382.1190547
330.5880592
408.8026811
583.3324863
485.8235052
406.6771357
292.8345597
446.2197314
569.231793
702.0697862
1080.421535
746.4471641
849.9534342
861.4246203
909.6769904
1198.773425
1111.236331
1172.788814
1076.096541
1064.22519
1035.410703
1020.976769
1084.86864
223.7031396
214.7987853
446.6165368
508.8492359
424.2259974
418.6493808
334.5937205
244.5767727
350.8496158
414.6355117
688.9430224
404.511161
554.8990041
879.1442965
514.8111801
508.2693095
913.7109617
969.7691966
1013.582169
770.2600262
824.6159396
755.2950716
786.4500704
732.0838279
842.5443024
1085.272634
954.155951
1000.636989
889.8218144
1003.573824
304.4829185
217.9382796
216.0310069
446.2574621
456.6773143
310.9115873
778.3373923
583.6062018
560.0773147
964.6567333
583.6140612
811.383955
717.2269201
536.469363
643.8000739
696.0528466
867.6536969
1011.991171
1059.469867
913.3896353
811.4653347
787.9528176
551.7646243
818.8247664
766.3511861
943.889101
819.7784921
815.585857
911.4388148
666.2651211
217.8983967
224.7925883
507.1121343
282.8118483
407.8944793
499.13948
616.3473066
640.7442897
766.6537302
650.7746227
681.4630229
574.0967897
687.0088881
634.2035235
645.064182
725.0808047
781.9869868
957.0373246
594.6446885
568.8431718
686.399546
771.5331454
907.9621576
890.3632939
923.1916638
1065.50561
933.2529079
807.4580425
211.3487123
210.8603799
358.4018658
326.1926138
230.0188488
618.9594234
517.8151101
405.3331981
597.6866268
425.9634833
375.4012683
442.2088781
540.1916683
611.211607
393.7701305
503.1157575
684.7616631
772.5214605
762.0584597
702.2630646
513.33836
714.3317198
696.772189
870.0888938
770.7249115
552.2414816
837.4639932
981.6614415
269.8468477
216.2818131
368.6020938
232.3300332
387.4714488
430.3257659
268.6661034
346.5254861
455.8919509
581.8510146
531.6010346
614.8019593
524.9520307
509.2203588
393.5896182
595.584635
524.6407693
467.0755459
715.0554558
849.4365329
623.3570224
666.3966571
669.8596039
808.1194372
921.9649779
869.0944413
720.8247351
239.4148318
238.0995927
231.4926617
254.7944825
379.3309122
405.9329134
529.9909583
282.5225245
387.7699993
635.9160054
520.0505276
682.8304412
399.7194681
374.4888574
406.3414092
318.624057
369.6428641
566.7838379
777.2482704
750.7693985
619.0417528
651.0643902
686.5712775
738.1608053
640.4749805
564.2518293
222.2330372
359.6538623
389.6711096
337.3829174
316.2661584
474.2591338
348.7210004
689.534639
559.3003359
565.064378
501.5593827
460.6829511
459.679561
605.3499764
621.212674
667.4259685
737.760497
749.4754723
813.8894119
858.6260203
607.7889609
779.7857714
868.5995609
796.371689
778.1339962
299.6144928
294.7974433
555.9991103
362.9009389
310.245205
303.9223301
346.6796268
335.1133971
355.7972663
444.8634399
384.6201907
575.5930387
702.9907333
677.6528991
792.4187625
729.5962034
564.3969844
433.5011979
593.6539217
788.2423686
635.0337306
618.5408797
567.895331
842.9117264
465.8666908
591.6622137
310.9821913
518.3663621
355.1657397
325.7543689
477.5367576
353.0374105
453.8699579
542.7673025
547.2485186
481.2773158
671.1325162
608.456082
544.1375027
617.1618805
577.8662749
736.1009598
727.1489636
831.1680727
719.7835121
687.4218899
711.0046528
214.3693566
344.3935967
466.4225303
367.6205417
488.7603048
395.2131534
441.1190374
573.9308031
435.6664459
446.7030235
381.8212403
524.4253856
592.971468
718.5967897
734.0338933
702.4306692
565.379391
645.4910365
549.7216986
420.8647438
483.3063289
351.3968466
374.4574993
359.75128
398.3914885
469.3208423
348.2892067
470.4890098
362.5738795
321.3630795
347.5089557
619.2628098
522.8997009
499.4269096
236.0042736
263.1226717
425.7753678
651.1452399
545.4229956
425.4119295
486.0725178
394.5298991
529.4984225
534.6315761
221.1921066
291.837239
382.1097349
254.1275182
631.4819856
346.0887942
419.7582908
272.1535195
367.0712639
478.0167994
587.0182145
567.1224136
896.8310777
1078.780479
808.7720665
990.9292985
1658.299149
1021.054764
966.1310288
856.1652177
1107.708762
1255.596391
1128.081009
1085.258409
1050.569588
1138.258962
1319.734207
1195.572959
1229.759156
1221.725976
1377.298351
387.7879874
298.4091762
242.7853199
316.0366364
366.3712165
556.8805354
339.0888512
498.4035706
956.2519062
927.7905785
1033.649147
622.9667272
511.2459171
660.7974308
673.1496186
893.3000858
794.2659108
738.0593195
1174.649045
1081.103843
1015.302611
983.4753959
1101.290664
1112.40832
1066.867005
928.2656479
1182.765007
1215.096381
1183.539388
1169.129011
1228.220858
1192.93605
250.5539087
553.5751941
236.3633343
535.9052452
302.5621627
704.595226
728.3341344
259.6523836
288.6565059
654.9295058
515.0479341
906.0069233
1076.469741
794.7964504
933.8909202
1043.177523
1269.632242
1076.688854
1123.695198
1022.517068
1263.340476
1562.039472
1463.273688
1626.086295
1456.342649
1147.930491
1042.59804
1270.444089
1373.614043
1140.347897
1043.271453
1107.949457
212.5742014
525.4897708
406.5959519
570.4396499
595.3140093
333.3497018
487.0983116
499.0592232
630.2064174
568.2706584
740.7994825
732.1742223
984.9958827
1498.195013
732.5402116
770.3442243
838.1137646
908.3769124
1064.537539
915.0559899
936.9960232
886.111054
895.8548112
776.8091963
988.4929875
1108.878026
1062.081019
1072.482376
919.1598837
989.1651494
981.6891905
1078.880064
206.8129856
398.2029234
533.4164736
232.3674726
265.8880393
571.9115713
393.663928
671.8993753
411.6979828
504.812101
515.1296488
650.8166256
890.8975028
865.0342177
736.1005015
781.0758547
648.1000971
671.1479588
933.3414124
1181.073288
1118.193166
907.7043315
971.9338574
874.1497773
922.2149371
1084.213852
989.0660758
1094.539327
1200.064639
1179.04917
1070.024234
213.2726055
339.3472334
677.0280704
600.4818027
228.5369093
356.6999962
579.1797177
311.8861366
318.4157703
662.5280652
858.4426567
561.4798806
756.6251336
991.8599892
910.2737772
636.9837088
812.9709042
1051.363731
1129.500352
750.1877012
670.3493257
921.1332768
1235.954269
1034.25956
1015.100856
952.8913516
1084.174206
1179.257401
1278.117888
1151.184608
1247.044252
321.1889818
719.5040657
487.2973453
373.6610201
324.2154702
463.4609957
897.5263584
281.6314416
286.2697789
375.8956657
656.9617304
1070.484311
592.1113851
655.2687825
757.6835308
813.7181421
758.4428127
691.1506153
1265.546706
1117.714152
751.3798695
746.6662633
1010.300097
1107.824903
1096.600399
1090.838482
971.1551705
1050.555723
1090.02619
1110.860274
1044.705074
413.3956127
331.5981493
346.9240325
363.0831395
288.0704301
448.9770413
410.8351128
654.1604703
517.0487113
454.1059112
449.8690072
551.2853152
577.6209203
601.4588223
777.5979931
625.7060901
873.838054
894.0213806
936.2357337
907.5176191
985.206709
912.2573783
1037.842852
1141.388663
1017.65435
1346.721478
925.9162723
837.1927196
907.7536808
909.1779727
870.9511796
338.1164793
476.7748637
423.9006858
665.370251
312.7557679
256.7526927
308.3918528
457.7978535
524.2415417
524.1333885
513.9006063
656.9018957
719.0644576
691.8287302
650.0829938
706.2748257
717.3078069
806.7707838
1125.828731
1264.50091
1186.11965
1109.973076
1053.186291
956.3833765
887.2557875
763.3697815
780.3529642
898.4412533
896.7834684
1054.930579
204.0893328
211.7637777
290.9398244
320.8338827
293.4957534
498.2717707
329.3068321
363.3103827
504.1459948
534.5752012
614.3678928
593.1148797
557.7895712
655.782052
538.2893742
522.4553391
791.7626012
612.3432174
858.8464294
856.5198539
803.6690472
581.287527
553.6287769
810.7952733
806.1207684
807.8254579
875.862719
817.5067424
897.6841853
872.5776429
210.4435857
312.3854511
381.2469506
345.1391251
220.0683425
312.8848056
473.651592
361.653867
468.4296355
391.9374611
564.9240679
468.0007692
802.2478261
754.7750203
759.1281213
852.463126
626.098534
557.7769947
702.1335916
686.8066191
887.0219514
1083.17048
926.5904366
989.1949237
901.170471
1116.294674
1032.187444
1110.105556
978.1961697
579.7859661
308.2560502
419.2609304
314.7923514
268.3522286
489.498159
307.2003196
370.6165385
377.8390442
475.8847263
605.6114789
470.8182297
521.2975172
510.9643007
453.5814353
509.8093048
907.0578351
755.9142406
735.7306824
845.2212194
748.4746831
834.8393991
803.946778
810.7224686
843.2051028
813.9512879
1002.605821
1003.817859
857.75265
363.8675547
454.545628
394.8662311
306.3141623
416.0726241
269.2926566
278.5457729
495.5232883
409.7369249
591.755276
440.0679892
521.7009453
562.4382467
565.7629112
440.1498451
817.0471232
794.2510097
724.7115443
753.662839
588.9509194
520.8482936
760.2263773
862.9967998
752.6152588
793.8270508
982.0979867
907.5504823
923.7057337
216.4899398
214.169336
353.3160861
375.6434562
321.5285848
285.4826212
561.6753145
508.7286449
379.1739509
589.4514224
654.6644646
622.4276708
508.8689698
449.3247365
459.643925
605.8219227
835.2316455
937.3714605
865.9282993
676.0530144
634.94748
674.7328599
675.588434
717.5345641
624.7783465
793.7891218
1060.685812
983.903868
206.4273848
205.5284536
469.3615675
533.4676323
300.6408904
504.5721689
686.7087703
484.4945771
966.241839
618.7894682
424.1997981
755.622761
883.5788355
670.4845441
404.4028406
543.5420295
775.5202411
956.5470412
748.0917796
672.6337341
730.3629863
717.127948
820.7283358
880.8312748
1018.586014
1012.148571
915.3816387
224.5564495
218.6663262
215.6134856
221.018213
372.5222989
408.1918493
504.1811554
522.1887578
515.9200383
452.7824465
613.2835527
570.2447385
553.0769361
454.7320498
362.1921193
478.3899428
902.6758152
657.9826569
478.8743836
540.4410274
763.6579829
694.8428979
719.0592104
873.885319
858.9907864
918.3658971
225.5918087
293.6839816
271.9914331
272.0366708
471.4828181
220.18448
379.2209845
462.1633071
488.9682573
448.4221442
525.312332
622.7035151
497.6502204
662.7184737
635.7291784
435.5980481
561.4563275
607.4472872
532.9176758
479.0272639
530.4669447
643.196941
807.3990256
719.9519413
801.4457832
321.1710682
215.7956676
301.3647076
423.7666034
454.3196339
409.3085599
269.0479208
415.6470463
517.0508877
608.9647839
580.276364
497.1923112
430.0598557
527.4374709
645.5107745
424.2641492
463.1224636
615.2102046
663.0943529
673.8443094
594.8893201
541.0733209
681.6570673
713.7289568
213.0174881
336.9925507
361.8020381
237.1498306
300.6304863
268.2747823
318.7150691
664.0997481
789.6792987
814.125184
535.9792309
389.7879175
447.9823151
585.6153526
605.1526043
678.3556018
773.8926245
588.0109543
694.9774349
486.8459595
595.792815
647.1727301
677.8145703
614.2241548
382.2568725
363.5364507
486.8029745
378.7729744
600.013412
334.9162847
442.4874734
534.8696504
468.2496567
676.0839398
438.656371
483.5038975
663.5017107
543.5128031
622.4200136
586.5024363
595.3034958
711.9256159
461.1305595
428.8070454
263.1773702
328.0247401
351.6692616
285.3387049
293.4405047
355.3685111
312.1204021
521.267078
367.9449022
567.3421194
637.916563
541.631168
540.553512
624.2395905
627.8997044
638.8651323
802.8147508
266.1083493
481.8667863
311.8330769
447.2797082
428.0876935
500.6752111
357.6007876
326.4497432
404.0641268
417.5735092
491.1979402
421.7915552
450.6322215
551.8418204
500.8304175
450.4268948
298.185247
205.0776491
290.0001296
299.5580462
289.4005126
267.9577046
355.3060273
490.7956663
259.1965509
362.8286675
438.5378781
618.8571266
973.869231
984.7321264
1297.318499
822.6994438
860.1560102
1184.107774
1158.344956
950.13312
724.322418
829.2105788
939.2104099
1152.443302
1046.635192
1078.194916
979.1358511
1052.560251
1051.612501
1100.68253
1106.961515
282.8401082
228.1830366
321.1658402
417.9204526
596.3822368
327.1559723
435.1213649
675.5981183
804.4815813
906.6067612
451.5590642
597.963452
637.5181672
835.8636774
674.1976682
657.8383574
746.7539879
844.7747479
1046.006915
1058.501765
1095.853791
959.4378472
1039.189984
1072.242671
970.3465277
964.6044146
1189.177715
1060.255934
1020.758407
1003.946227
201.8495111
261.7757306
359.1765785
354.6900239
758.9450787
487.6918632
464.9451907
548.3729783
466.5411182
544.9657015
914.7747944
811.5980852
737.0224643
712.4572321
782.5762486
1013.925262
859.6142863
887.5148551
1036.615227
1058.880654
921.8030224
909.971082
1149.98277
1115.387253
1029.155171
1012.167589
960.6011516
1277.391985
1297.157329
867.9938843
234.5658816
314.5972387
524.2501582
238.691076
259.6549189
298.0983087
272.9480641
507.0246279
410.36033
502.8499565
679.1164683
1182.325877
907.5185587
526.1868479
857.4672149
989.2259151
1146.352151
879.4114634
610.1460968
870.5338839
1092.929796
954.7692964
881.7471106
1008.371042
938.2944655
952.8434141
1077.158964
1026.469044
1157.75977
1173.491849
271.9673794
624.0969212
385.8750085
266.7331623
301.1265861
424.8848377
730.5549625
592.4786938
493.5166999
524.7083343
535.557055
612.1296059
739.4122851
701.2328774
811.013383
502.6799897
563.606211
654.9298172
786.8626926
823.9462
735.1088387
903.5202319
959.7152303
937.6364559
854.1573784
956.5790925
959.2208079
839.8785169
1128.084112
1091.64827
204.2022593
395.8425424
608.086471
328.7778618
275.0202177
318.6786806
280.0510965
355.0751472
252.9607765
649.8053841
589.4460174
666.983967
738.9688196
586.0060363
512.4747127
641.528141
831.4690317
840.5035834
903.9997504
760.992071
705.3309767
599.6401089
1043.878743
1000.022784
934.4879902
994.1905029
834.6651439
868.0164482
1038.429824
1023.014559
272.221022
406.5573708
303.91297
396.7853678
883.773758
645.9103445
306.4912886
238.5669705
419.1210343
571.8152484
711.8761629
431.5662876
661.8508903
623.8269098
626.0061398
630.8419442
717.8322157
798.6960607
825.5801969
647.7106758
702.1670795
793.242881
818.4821328
1022.568044
1000.5669
893.7333153
968.497855
888.1988305
1013.894325
212.7350001
210.7389681
246.0571256
366.8178536
378.3817647
379.670533
513.2919223
354.3729539
384.416313
366.7337979
539.7713852
452.360521
753.8460112
643.7969727
698.6284266
694.1538637
670.1339436
1027.095782
1064.310895
801.3701942
615.6652683
618.4317156
837.8542449
671.5136816
1103.833206
959.9796083
868.2028781
893.5329731
970.5402053
216.9061369
228.3829311
564.5151342
398.2569055
295.0250034
265.4679492
474.2400958
387.6897638
492.1326894
436.0730615
442.361435
624.3498918
521.8559483
735.3832743
856.0918674
718.0217948
851.6903751
824.4904598
746.4202999
699.5293589
792.2883669
793.4659345
902.0764129
1036.152707
1194.115256
1013.800209
871.4620934
823.6283971
809.7515837
217.7062713
252.2458818
352.2572731
403.5667681
417.5342495
339.9975205
255.9887996
460.6924344
571.7247714
676.2028927
366.4785288
499.5591139
592.9921184
495.4377115
803.4923123
605.5144664
758.3603575
960.7321508
1051.14189
918.9219814
822.8427742
792.2592731
917.9873283
943.1506455
983.0525469
959.273618
826.5077818
963.0496089
235.4921062
347.2504891
452.9972202
434.8063308
382.7648071
283.661907
453.6808664
838.150437
453.6418096
475.2750087
654.3294117
572.1519808
755.506142
706.5945187
627.3081183
800.6559916
728.2004757
709.4422351
887.4149881
821.1910513
797.3593474
954.7363197
746.6235726
880.9032241
1046.023306
858.4565861
863.5941643
853.8243377
361.2851203
396.1654708
236.141997
226.1068125
372.2707985
414.8652813
313.0532736
292.6384316
376.1237975
658.87317
399.0297567
400.2982781
500.0552874
433.9292625
560.4956468
669.8025524
603.6440285
571.4964752
617.1290276
747.7264056
827.0627101
729.6062957
829.7927722
792.3186676
1049.33804
900.6933845
1028.8998
226.661053
322.2394204
300.1734471
398.8927302
467.7247642
457.057909
459.8312776
375.7742926
320.9236627
438.0890335
335.0822218
411.2519025
483.922533
609.3400593
558.6287259
634.9784687
451.2948555
505.0180342
689.5165165
738.6906138
566.6321127
557.8990913
783.0426401
631.6183664
648.1757881
606.3404761
602.4178259
305.8748156
358.3464362
313.6751608
344.0552694
252.9593408
516.4730694
401.0460729
322.4791135
389.0122643
554.2718251
580.477185
363.8370161
366.0494524
364.8622881
509.5893835
628.2685608
709.9849487
855.9375863
689.1012519
545.3282765
782.7687149
717.6501094
647.0326692
614.0064726
671.4611868
675.0231907
205.6030782
498.8852853
281.3833636
319.2697653
391.899243
471.2833699
407.6457161
453.1724358
463.6459469
438.7897447
391.6456828
719.5828617
573.1587927
550.074308
632.0933779
718.7505135
803.409498
573.0944012
569.044947
646.8503595
786.5025422
766.1243982
700.6629852
712.0845318
721.8996212
239.5076191
250.4473735
283.4042442
285.0934007
526.5283987
477.7898396
837.8520238
520.1047237
444.7158237
650.4812756
578.151439
538.3694239
344.843023
372.4771788
441.7239058
610.5366293
676.5806833
744.6794702
588.1878072
522.0999742
641.1832952
648.8242498
783.4413948
992.0328462
219.1419321
287.6285574
276.0502258
261.659246
230.7663208
272.0178887
453.7169123
389.2783136
389.2073345
483.1697861
430.4311052
379.0506414
473.2963128
427.0437527
550.0970119
486.8800821
531.5618959
593.3659534
576.4675056
629.0826028
686.4854482
716.542807
744.33686
205.9571285
204.8413782
229.7204108
493.2080465
446.7888696
366.2152242
417.2852022
382.1116459
478.0516977
712.9098442
452.0910994
371.2383167
405.7328043
493.1568766
529.9804455
650.8883559
686.8509422
738.3578725
672.329784
718.9915865
746.4001551
250.5095042
443.8535495
387.0990122
252.1361891
285.199887
347.9796766
472.1715047
467.9058147
464.0158549
448.5734905
351.3045121
453.1970634
520.6510098
425.3470618
452.792965
402.9048681
555.8490959
324.177992
415.5415791
355.2049088
304.7932385
342.0589274
281.2624271
331.0890027
572.6404021
561.1509994
453.6870809
429.3434325
478.4434654
502.5027498
708.6134992
545.3185943
211.7647367
446.2843545
289.9254339
267.5281788
455.7994862
488.2449452
417.3903071
449.9755761
217.0610239
230.5875429
274.0432871
365.0782206
293.6890682
607.4940189
378.114675
297.2683818
307.5578531
328.0066249
919.6923099
825.0379177
849.8213451
950.2722144
671.2805316
633.9129776
779.6366919
1002.100843
795.4899619
821.8722123
859.727317
850.2416528
943.0865062
1061.018114
1001.685598
912.6396263
976.2422874
1089.308599
1046.645461
312.9101392
278.1580119
268.3682872
235.4701607
485.0094777
361.9282898
482.5410856
736.8999876
700.2402832
859.0980383
437.6945474
779.5169106
775.3639849
696.2422516
504.289115
524.6130428
804.8928415
791.1541522
835.772387
974.8827273
680.2003578
693.2493603
759.0844798
1089.376466
963.3757803
801.6495189
848.6013769
892.95814
1032.989994
350.8900703
453.4547034
697.1580602
824.1700969
549.275579
739.1295942
357.7048473
766.1299235
745.097205
823.7128046
1042.834047
656.4893861
916.3890594
756.7947468
754.4216882
842.7997175
650.1168503
898.2780673
876.4831329
1208.851099
1037.045181
953.479898
819.0056311
967.4688469
886.7239152
791.1108733
1006.197901
1117.54598
380.259658
289.8146705
209.8688089
490.0929389
532.4693065
419.3566129
392.7609656
525.0419095
470.4704609
588.9388614
523.6745626
681.3940823
471.4021446
717.8842283
871.8051079
972.9978043
728.5821231
676.5465857
757.1906339
839.2330461
832.7255802
770.9312731
882.6776692
760.859467
962.2262794
797.1400397
889.742862
1082.748478
564.136567
377.7834672
225.1816891
467.5234712
303.9463045
650.3799876
666.4887546
475.4685153
540.3988252
524.6227369
502.5081809
617.8922988
672.9479732
567.7395868
673.6082252
783.2231097
709.4571216
650.6702741
850.9708786
790.8639175
748.8998247
825.8681958
913.6537934
943.6226558
860.2945913
951.744617
930.1080457
824.8576024
597.4708529
227.8584695
275.7051449
311.5951221
353.5200293
496.7302243
352.9231364
499.0449365
499.9513641
354.2577154
625.754109
396.2891358
392.6964196
488.8475835
783.0986312
829.7031934
688.5644124
597.8789894
653.3426294
614.7988615
667.8120942
816.9278623
956.8072052
902.9755401
1008.488388
782.7818526
816.7927236
1029.456713
220.4393917
382.650326
288.070386
329.5768989
484.5279884
481.2229849
331.814872
297.7388817
494.8336436
673.2535404
372.1720394
663.3615343
589.3545727
502.4345935
540.7573653
571.5587889
641.0637684
867.9456504
1020.769383
825.2010934
638.7510744
653.1738513
702.4512518
822.9447014
904.2573979
801.5575329
739.3869552
758.6289424
218.7502336
238.620037
550.2880536
464.856502
554.4046343
418.8242895
383.3515099
361.4024766
488.7452988
779.1138829
412.0148113
533.5094893
414.2425204
494.7083586
555.7657103
702.572533
888.2103053
879.6717195
763.01534
772.2740322
757.8791281
818.5157134
921.2075172
899.4264622
880.5568018
796.1708959
814.8213133
273.9669296
219.8347903
320.8300771
251.6368865
399.1284797
485.9391229
462.6311258
592.6450805
250.74167
294.3368688
276.1977399
375.7125144
608.5875376
531.8613463
712.6527077
822.5215313
674.7506114
530.3176674
535.9219892
606.4081435
574.9064958
821.6771463
759.5028903
991.6286655
995.8882463
857.4470478
696.2343358
418.7211281
308.8920712
344.5624475
446.7233247
477.0349904
338.2879499
413.9086372
508.7268986
482.1506014
585.71827
474.5437976
480.102512
484.7078889
867.9745216
930.5181721
784.5901765
836.1679395
686.8911659
668.4869416
870.2354696
875.6057889
717.2362132
960.2493761
1036.627006
986.7688135
859.3087456
305.4471897
756.8334897
300.8978337
301.3474973
265.9226379
548.1352175
599.3969649
550.0307421
557.517154
539.0869636
538.666005
478.5626756
510.6244652
629.3990883
838.3404564
807.1586961
755.5664028
914.560998
655.708852
523.9608931
562.8229816
660.4521465
774.4039025
886.3462403
855.3691588
731.0996383
341.3065911
221.2032757
221.9281949
278.4178385
384.9025486
671.2217978
212.0005841
245.4794534
395.1370358
420.4648146
547.5698438
425.8476088
361.9078696
601.7956791
667.9014009
617.5602623
662.905405
625.8478713
760.7944511
920.4953798
765.5905913
831.6104257
756.0256624
766.5386678
731.9936539
217.9402718
278.5834456
321.3474593
369.7902709
604.4853671
436.1006074
366.2154368
520.6871402
325.4259741
365.8726357
360.987757
448.7925419
348.4008472
608.3517456
511.7203724
592.6354273
865.8418448
747.0698248
684.5016427
790.4178371
840.3811954
775.9710333
708.8493176
783.8266504
386.9245946
311.0770916
352.2428436
220.1049977
255.9674084
331.3622228
338.0072106
486.4100767
353.0156878
411.7427715
475.468279
467.862478
465.4741908
512.6103637
372.7190923
543.5864849
588.5749881
699.0560664
706.6920967
614.1106022
605.3757958
641.4360792
617.837492
637.3218321
484.0580658
327.9801561
447.5972306
417.0111733
270.2894109
302.7868073
271.2991331
364.9172749
375.746545
289.5044729
533.5603558
498.7078727
539.8598927
573.6163221
422.1244661
534.717063
497.3364953
539.8087785
673.6462351
640.7097336
630.5799609
734.5173306
881.1188431
327.0953212
400.6853924
636.4807163
501.5095655
574.0932285
409.3987345
429.711491
414.1122164
529.2904648
474.2572784
403.870558
487.6903379
498.7685939
684.9978523
577.3548724
512.9038661
515.1477697
606.5561734
524.6827697
483.7011043
264.7358574
428.2993054
259.1730844
513.0609566
337.5438722
419.916667
439.5164079
459.9628281
377.1623203
390.2656732
495.4587173
648.1456111
591.4673378
598.4664203
589.2558473
728.7401572
659.4318125
221.1016629
215.5426517
422.5926619
569.4222388
577.4922197
576.6943651
665.8280856
526.1668591
440.2770424
408.4468088
401.4613133
518.8550335
430.2693446
393.7997935
211.9386292
320.0623176
435.4985394
348.5902164
529.7265157
297.287333
404.2856762
358.6670897
574.4781246
189.1015381
225.8385748
311.2104985
361.0052442
382.6278715
280.5100556
245.8985047
280.0213375
367.9877653
464.4856135
654.5615715
539.5736979
783.1327134
760.9117333
602.4762165
813.7945617
844.9967592
683.4707238
782.9337629
813.6251189
788.394228
710.86362
968.3418972
1004.213598
923.0208618
722.4214249
933.5578521
291.0558074
211.8440636
312.7915601
302.3004825
390.2340711
617.765679
457.5626631
411.1021543
514.7781086
407.2498044
540.3264655
571.1670957
576.2924324
565.4752324
455.641015
587.876032
716.2932458
550.8739056
842.2008775
827.8866804
787.4941173
761.045444
916.6980631
965.0311986
993.8790019
810.1396129
683.5944191
494.4035716
256.1661805
404.8550961
323.560417
320.3702951
748.4584191
530.1114005
566.6733355
962.2842595
984.5189261
920.2785809
659.4986601
511.7473049
577.0226208
582.2126832
594.9220231
533.8955794
731.6002321
650.0375518
1103.542201
898.3872288
857.7081462
903.7070059
1051.886314
932.8654893
801.0031836
877.6764368
242.2743885
492.8383558
516.2755286
407.735655
383.0698954
246.2432243
619.1397325
513.385974
531.9927107
629.1798968
690.5229264
587.5852578
599.918835
697.4708627
992.9849711
748.4855436
646.3811231
542.8928542
443.9098998
680.928734
908.3895925
771.1776134
768.0361319
942.9907502
862.9546753
799.4408174
236.7742635
288.5167263
422.6531108
584.6756883
331.6487527
419.6520445
388.1679605
421.8180887
321.3498091
356.7486362
440.1425824
580.6874541
448.6203711
840.5831801
596.8233754
521.8767335
421.8882491
431.939528
631.1490724
745.0504601
633.285984
660.1966017
758.2811158
861.0390906
873.7592678
996.9244394
253.623532
337.5824556
398.9363552
410.9421971
501.5597227
485.1583326
628.5534003
450.03976
541.9456297
764.5599777
558.7792899
477.225799
331.7001636
522.9717229
950.8815022
671.126329
669.7203208
707.5182585
561.4856472
469.6423589
574.9656495
586.9078757
767.0706385
808.7893546
606.0303769
614.6894881
476.4623426
201.5003688
411.4894047
730.7866482
607.939566
300.3940086
260.8399542
666.2032575
334.4020497
442.6248417
429.9802936
482.9393702
398.8270104
523.3074002
584.9063407
458.3821729
538.8096482
538.6745244
668.4850357
716.4268998
590.1261029
484.1027282
693.2237993
907.0934055
1056.547446
784.8007125
210.5718715
276.5463032
314.8112428
387.10173
421.4824105
368.0041468
480.2532212
648.1042972
449.1676002
407.7799482
400.4999423
479.8767234
454.803168
525.7509396
689.1091457
808.7006336
922.2399456
791.0825577
690.8713068
755.4516397
765.3868403
862.7252583
856.2534986
1024.925825
966.3763851
200.7209857
546.5224094
249.3415109
485.3219887
508.4259922
515.1548935
660.0065139
409.5546746
445.9787205
364.1160127
347.2995156
395.150464
467.0916646
467.825461
710.822674
629.8417487
568.8315116
576.8386427
633.7746231
601.2150717
635.6954232
638.8063572
845.8414103
865.0435349
785.7875082
248.1817919
247.2202634
511.69504
339.3050106
373.3519546
528.8697347
457.6612602
411.736325
623.143315
447.6618478
460.4633737
262.9039258
449.4043915
819.2908186
1044.913955
695.369168
692.0980292
564.9065977
725.8960511
700.4568082
696.9909582
649.411359
718.2786326
824.5653706
419.3222033
283.5249889
323.671844
470.3709274
667.1394318
409.1676177
477.7752749
454.9868902
628.1558774
590.000097
543.6885482
471.8867354
627.3381423
678.8733006
637.7087271
646.7212891
562.6629097
475.0069182
555.5578388
650.1952011
888.446007
791.5206442
746.9272158
219.4805153
217.779616
303.2640775
439.6122479
310.5258793
241.9896943
317.8826225
454.3421222
458.2834987
495.6100146
479.8578491
352.404494
475.2077358
457.7214431
518.4130753
499.313379
691.3908741
774.2512067
696.4735464
668.8551531
734.9611206
856.3398539
755.5321585
271.4593298
273.9735735
584.9380305
703.3842748
421.611406
420.3032418
450.334967
377.7488469
405.2858462
379.9697612
383.879351
393.5210636
438.462781
401.2046136
527.9820768
613.8851371
587.6555566
640.6038652
768.9725648
713.4383294
438.7361972
221.8342165
335.6506842
363.3584375
372.9227688
294.3515
420.745356
359.4740209
462.029643
386.366105
362.8162545
473.1640277
566.8333721
432.5621888
365.1508882
451.258074
582.9246051
583.4697999
492.6278268
726.0234105
205.1960439
243.3708186
285.9638461
413.4191714
306.0946223
279.7383521
324.6820697
401.4360709
338.6216781
490.2170458
537.6980353
350.1546965
360.5757474
350.0699195
682.0096232
645.7543352
255.3737738
518.5067127
479.711966
417.574891
517.2402569
347.8477962
642.8727925
646.0728404
550.3458478
599.9375339
336.8526747
353.6415807
747.8930055
298.3095492
318.99223
408.4906912
472.9884862
253.0047284
612.9563075
491.2953652
352.6125062
311.3449466
230.0841967
239.093664
252.2978818
269.294163
308.959211
291.2132651
563.0908894
669.5156467
708.7384523
636.497756
558.3937236
729.7432039
675.0342694
635.5022254
590.3846115
636.4409477
720.8104089
627.6129637
585.3296446
724.6858343
924.0330936
866.6557785
214.9294173
327.4952982
543.7657927
505.4527165
317.1899116
478.2175063
416.5984362
569.2435839
532.8542114
570.5327349
591.7355059
643.1558724
389.9001959
440.3638378
507.9824975
556.7286041
716.8819059
831.0819341
772.088648
818.1477863
747.836294
791.467007
943.2309697
733.5172231
343.2725561
261.0790779
345.3991461
537.3138612
693.1661002
701.4155979
916.8247927
589.3478414
538.5440194
322.6655631
480.053314
501.210559
671.1108281
793.9058389
543.979311
615.9320803
747.8218039
813.0586605
725.9786173
595.7921015
755.563662
824.6284771
746.3917658
780.4055291
309.1119852
404.5554049
541.5215216
375.7786379
267.762712
551.7525205
377.7193855
341.0557519
577.5642994
719.3269078
622.9680362
445.1566104
716.7869411
577.4440268
598.2145978
545.7200085
557.0599128
553.028769
641.9283756
738.8314351
696.5869831
550.2081418
671.7092362
643.979257
384.1697461
249.372745
359.6582379
464.2719673
317.5478359
248.7135138
290.1051178
345.4078774
402.0155848
632.4363906
648.8710154
562.4770204
692.5702572
760.6316231
629.5768141
505.5291135
397.7782129
661.476149
803.9689931
816.4310313
848.2413686
723.0675266
747.7604864
653.6785032
437.781444
526.9475965
364.565354
433.1860312
427.5092441
365.5217647
426.4779719
592.9159396
537.0197536
435.8497187
413.2010928
668.0923287
758.5570448
560.7536128
540.6582279
652.1813032
501.4055776
330.5743256
528.8100349
574.5267172
628.8836114
654.7886089
592.1664371
667.741567
477.0145726
444.0983004
255.0466976
487.2368291
524.0014843
360.3918477
393.1191544
358.7068874
501.2653543
432.6014198
580.2311624
566.3512875
384.8244976
435.4129728
540.5833958
465.7319614
548.9946106
516.3915295
463.9375799
478.3813535
689.2842786
851.334579
360.1153218
449.7967999
321.6895007
417.1559252
659.5967282
474.3115792
360.3897097
264.4016245
466.2640836
376.4486589
490.2555212
358.234911
564.1734988
637.8555471
645.8163175
573.2107711
489.1019732
501.4085095
576.7866998
680.2414056
696.4964991
1063.482176
307.4249327
235.5382592
389.3434513
339.0830104
393.3391823
473.2451668
466.2791506
531.5590423
320.8149849
399.6313448
411.394365
454.7157338
611.0952269
634.0319503
556.0462775
501.5565285
536.0527625
641.3244822
515.6332148
410.8786529
553.2161997
298.6141474
475.8308172
561.7638934
518.4367772
547.5347092
449.8199109
440.7160594
350.5390633
318.1830989
354.1327559
301.1428005
412.0077824
554.3561802
597.2360379
562.0018736
398.3606798
472.2902612
601.0320334
788.5231609
877.3388339
259.6056757
474.6327963
532.5443896
451.9010915
333.1414926
272.7901669
448.1099391
528.2476376
468.2767489
369.7137019
617.3195903
903.5026789
600.2214863
511.9621523
496.9926748
390.5165204
450.0206536
679.5677682
397.6278285
439.1852971
386.931566
281.2811654
521.3287425
543.9464477
454.3280733
750.685228
554.0459882
547.290981
500.0423871
587.9333328
436.9534741
528.4731431
547.7698079
558.7357858
411.5912608
459.3821363
396.4417784
312.9883661
386.6212301
492.7313248
341.3154927
351.9281336
541.445594
478.9380691
440.3748107
716.4455433
729.8539786
283.4681708
309.3938673
366.5728444
411.8417922
259.9235567
311.3890828
353.5528363
434.6877172
368.552383
212.9343375
217.2522955
267.6251453
284.8968191
424.1478339
334.2298203
558.2999474
768.5194291
449.4839758
546.6385667
455.9837035
407.582266
498.7846767
546.3086262
543.4719913
598.7032461
745.4998019
747.6161863
673.6813417
736.698623
477.4558774
251.0960023
256.2009995
359.4094401
371.445381
369.8972062
383.3899808
461.0257215
531.8507711
585.8125411
441.2238335
676.1609456
663.871351
498.3554397
561.3321075
500.9416157
544.1001308
719.9740319
661.782306
609.3953573
504.7076402
515.5401893
399.3555081
534.5246914
582.5346316
663.3505575
463.803091
304.8099669
647.7958612
411.9439058
446.8521022
483.2643127
388.8754964
507.4063835
585.7146583
663.3683429
645.0124215
662.4279634
703.4442707
652.1497671
412.4450176
292.4116581
454.799602
472.1802222
359.9356915
525.0104715
497.1557428
497.7792254
708.5904369
552.1229511
555.0230373
456.1805942
583.542139
598.6062463
545.1465662
638.9559645
711.880764
562.1778344
586.9450106
667.9314114
499.254541
332.2307077
279.6040366
289.1583748
288.2417511
337.8110231
510.1064295
609.7066854
584.6593413
685.2915365
657.8236201
652.1156943
658.1152187
642.7600674
648.1012386
663.4450918
650.0531158
710.53146
220.6668032
526.5901218
433.2870647
396.1973606
445.7818657
404.3460464
460.5523428
327.9387928
432.9032384
502.2335726
522.1959292
500.7740273
514.8551203
607.5875452
493.9355731
526.9878179
484.5302127
702.6785137
564.7365043
278.9698682
471.9300787
464.1989189
469.9704252
608.3494568
413.8927641
370.8104334
361.2509901
555.8328675
723.6047345
517.65466
430.0270686
505.8296058
610.2832632
650.1111819
447.123944
471.4800753
579.9990781
559.9846296
422.5993644
350.1049272
437.3768747
448.875505
407.8162856
366.9730168
425.3806328
394.759258
372.6232166
539.6723857
522.1493845
666.3872576
286.1514231
342.2526516
371.3933779
345.0022726
415.7089229
324.5496672
421.9727655
483.3367967
418.1310076
627.2556609
481.3956435
577.9870419
303.9973745
316.2810012
472.6189257
573.2669721
439.1520188
353.6809356
351.560614
337.2785462
272.8187865
436.4048751
701.8425443
645.7076739
298.1641411
395.3185545
474.4318642
510.7742593
433.7802626
337.5372271
467.6238956
508.3954734
419.9528923
272.2784716
410.3625053
655.790774
369.2757545
293.1391612
298.5877342
453.9405993
605.5924588
731.3723855
547.9134575
363.4197125
458.7714907
306.0641936
291.8347892
459.3979727
508.393989
394.5442068
640.6165
538.1683883
445.0433498
510.0925367
676.453451
390.5530533
383.162335
501.0351506
473.3871617
401.7150857
374.4168811
465.7282765
576.4906156
502.0375742
450.203957
573.114021
530.8787182
531.6933041
475.02522
464.4102365
300.2195597
316.6936189
227.5521414
244.3935332
512.4419931
575.4460008
778.2272273
495.93982
732.9921937
408.4249057
509.3038366
321.7245733
303.0736654
396.3179963
376.2123053
5588.428753
5160.978135
5147.005034
4572.853673
3816.98107
4698.542859
3890.498051
3389.786248
4706.641866
3596.38005
3105.976363
2559.817347
3640.668836
2445.618051
3167.363345
3039.664873
3296.506046
3526.113957
3826.458665
3049.530877
8569.197088
5054.446007
3207.859991
4317.881205
4208.377926
3531.737816
2888.820591
3445.79329
2687.01173
3247.070695
3172.510807
3279.883282
2749.883223
3007.719756
3242.12767
2616.22293
5114.016539
3805.961845
4542.905428
4087.577311
3698.207544
2898.67222
4180.862732
2760.00903
4083.836143
4139.897225
4017.691629
2894.844705
4691.214166
4796.00655
4761.169054
4173.961009
3324.817095
4063.423655
5083.340145
5173.433529
4961.200534
3743.861981
3027.732939
3907.119543
3671.452174
4347.197221
4514.077346
4301.854597
2578.746379
3179.744616
3664.093563
3652.398498
4594.906551
4225.614082
4099.421739
4346.263916
4676.093574
4516.228129
4384.355218
5254.987078
5358.117238
3884.51618
3387.096048
4479.322885
3954.588374
3990.470798
5074.614898
4553.903707
3665.652312
4019.77502
4706.33745
4318.738566
3463.80167
4849.608824
4202.915736
3164.104202
2627.203504
3551.353428
2854.388308
2416.632793
3437.927403
2516.101353
3136.304689
3491.422883
2008.642191
4521.747548
8945.340413
0
769.8827235
4237.093557
4945.328789
3970.385802
3443.375013
2756.30157
2935.726002
2803.84892
2452.007528
3461.575101
2576.336506
2230.793924
5577.177898
2664.196561
953.8447193
5164.916967
4352.458333
5982.404528
3834.923149
5037.081596
4262.513425
3477.989639
2743.367226
4144.649069
3219.394347
2793.142303
3875.473307
3150.429535
2472.970585
2656.867451
2127.90632
3177.734329
2975.223375
4193.626652
2009.945092
3690.726237
1239.623492
4574.207909
4880.596911
5729.06177
5106.135598
3882.740641
2997.880749
3963.765618
3127.885995
3419.172843
4182.774702
3402.369362
2619.180363
3169.369331
2787.706049
3414.774071
3446.380488
670.6132466
8021.685727
4933.62996
3801.675824
4283.991481
3109.125356
2495.26801
4577.377801
3849.263801
5165.431143
6043.333628
5456.913869
4507.623957
4104.555853
5003.873504
4323.758418
3298.347214
4513.739081
3741.229496
3268.605771
3004.352753
3163.957042
2936.188027
2539.817054
2662.625116
3841.661402
4269.673392
4332.236335
6179.930745
2360.324311
3709.68217
5385.024911
4220.020604
5089.179755
4085.764417
3289.870786
2791.007066
3263.920343
2695.591132
3160.115789
3588.71477
3600.659208
3354.037805
3795.502458
4174.367663
3040.186601
4348.672439
4717.126682
5102.093047
4262.488312
3081.773127
4260.227327
3671.310317
3463.100244
4620.872893
4291.30555
3267.001161
2968.821442
3718.652086
3774.763037
4179.074778
5442.793665
4506.333622
3536.081692
2673.314367
4118.82915
3067.150476
3166.955721
3735.387529
2854.986426
10165.84659
0
126.86597
0
0
4460.20723
5587.017233
4800.289867
4094.894393
3072.774793
4401.760323
3376.635975
2772.785239
3884.528126
3094.133791
2674.559086
2979.308312
3201.797631
0
2746.643048
0
0
664.3157056
4716.274944
5845.69171
5051.553027
3887.763315
3114.966136
4283.658571
3575.150217
2683.75798
3849.907882
3426.009626
2747.509762
2610.671806
2889.728201
3318.679554
670.6132466
3451.508011
670.6132466
0
670.6132466
9157.315961
3104.36058
4520.853932
3571.245154
2796.142652
2957.62124
2365.375614
2741.069888
424.6410338
0
3501.60357
6513.926152
1768.922072
3611.175946
3763.962944
2191.131465
2500.303612
3841.341086
5424.782023
4704.988921
3515.471882
3025.032274
4279.865968
3273.662638
2560.002299
4198.144587
2991.495256
634.095559
2139.888714
0
227.1729995
4561.119556
5621.797555
5351.177228
4300.747974
3713.95929
4044.336194
3227.210677
3107.854988
4013.742743
3567.716832
2420.547361
2667.43491
3032.288458
2343.50036
3666.28375
4033.079235
0
2823.927942
4146.147092
4186.755237
3602.955739
4927.206276
4359.395321
3367.80655
2361.524799
3841.114284
3471.57257
2948.325429
2811.413879
2798.753262
3542.703477
1709.367963
6268.175265
4000.610532
5628.170514
4931.620056
3507.678778
2819.739617
4346.320612
3337.339045
2868.377862
4144.234769
3390.934908
3201.980801
4409.437612
3917.115453
4147.667191
2462.162323
4548.905977
5275.622236
4589.23652
3170.101677
3498.234198
4136.010756
4171.559365
3459.555632
4781.974083
3867.503427
2873.076824
3329.306
2658.402882
2664.262762
156.1079395
428.4071088
0
442.3401945
4199.916892
4837.237913
3932.630991
3289.231708
2897.077021
3399.689374
2533.88999
3250.61698
0
0
263.8460347
993.4698404
3900.987651
5550.471128
4232.364748
3350.662367
3148.010029
3567.522526
3059.915894
2997.829034
2145.433467
1808.487285
5536.444957
1259.007353
1808.487285
0
4098.302753
5497.092466
4602.771059
4154.620306
2896.059379
4105.67655
3146.983477
2722.642752
3742.405254
2813.596216
21.13145924
0
4619.132548
0
0
0
4684.116399
4433.65704
5765.086975
4990.299111
4425.087935
3343.079603
4688.274743
4108.12528
3045.005501
4290.774548
3261.184207
2775.756992
3136.168655
3002.517577
0
0
0
0
0
227.1729995
143.402126
1145.501038
3508.998477
2001.741722
227.1729995
3652.150364
4521.969805
3799.267561
2884.82598
3136.754884
2712.170457
2706.968787
0
0
696.2470134
0
0
3155.308788
4043.224069
5570.352121
4818.873111
3460.541124
3200.199933
4669.616212
3410.75565
2419.894572
3485.570649
2508.927593
2470.054552
0
4517.521409
2489.923317
2393.321902
7026.6558
7893.597555
6372.485293
5810.528849
2738.650066
2280.545082
3293.318165
4838.053584
4234.348682
3010.865583
3843.609425
3654.577801
2770.044879
4111.149698
3230.855376
4102.463459
1368.356889
1938.168489
538.3736523
3405.505343
4744.625439
4775.207054
4518.435396
3993.905667
3084.838486
4193.843883
3600.183358
3099.633095
4215.471389
3281.571594
2426.167479
3446.779611
3606.032915
3074.840494
4320.509408
3547.133104
1190.949531
2782.422382
3179.522618
4353.429936
4468.886891
4506.152929
3174.202721
3531.949245
4125.890974
4321.024715
4353.121109
4824.460558
5015.5633
3928.863524
3419.613279
4184.796484
3812.294678
2807.799255
4138.571096
2858.195014
2950.803635
2662.167772
0
0
173.1189747
19.55755472
0
2040.006815
0
1749.688601
173.1189747
2023.097737
2830.162565
4206.835245
2849.690639
2819.542044
2693.309657
0
0
0
0
6721.763049
1202.631247
1145.501038
0
714.8238227
149.9301967
149.9301967
3311.885872
4473.225499
3354.035036
2819.928504
2749.591374
2777.170912
0
519.145623
0
519.145623
3723.161397
4879.210576
3599.871558
3079.125211
2518.562644
3709.854676
3103.142377
3022.588861
1145.501038
0
1873.574787
0
0
0
108.1545276
3919.729206
5134.550647
3970.026475
4622.386229
3105.27014
4453.880864
3071.097474
3339.65491
3045.384832
0
0
227.1729995
0
854.9405206
0
108.1545276
0
655.0753621
2910.135675
4433.448984
2932.563929
2358.591795
2704.220062
0
0
6372.485293
0
0
6478.574682
3236.709377
4908.839741
3965.634976
2825.240546
3801.587126
2541.078671
3209.159572
0
0
4187.661847
2524.355773
5384.557176
6925.095562
6758.370215
1939.512066
3502.650056
4075.597248
4957.159193
4598.832384
4316.390445
2871.013505
4522.323955
3410.822579
2629.794777
3638.03934
2569.990974
3159.244909
2241.781537
1427.296313
1833.701504
0
1599.20815
0
1039.720448
3245.753478
4821.822317
4060.384875
3422.266821
3611.256058
2782.467065
2768.491418
3566.410788
2608.273863
4298.896724
2136.25567
2503.324114
4886.824545
4628.025459
6461.019887
4727.163126
4370.277549
2976.736986
4349.751159
3664.677215
3152.484673
4182.91836
3199.984821
2819.929199
3821.249634
3635.77869
3511.305158
4283.478933
3824.774789
3916.704893
4614.17095
3573.430763
4384.44292
5032.721206
5390.144806
4530.511902
5114.35565
5694.214384
4720.77308
2477.557476
3784.435566
2393.110819
2565.650367
2721.400551
19.55755472
173.1189747
19.55755472
0
0
0
19.55755472
2844.919268
3957.034509
2689.580296
2481.998742
2617.551836
0
0
0
1627.232537
173.1189747
0
0
0
2606.788749
4344.691836
2842.631561
2832.409379
2890.246616
0
149.9301967
0
0
0
149.9301967
0
0
1627.232537
1627.232537
1627.232537
3154.620134
4436.482923
3198.745364
2777.176546
3071.439143
2311.425427
149.9301967
149.9301967
149.9301967
0
0
4183.880087
5424.478158
4515.437392
3511.412266
2734.461357
4260.854866
3148.135621
2921.185516
108.1545276
210.5029579
108.1545276
0
0
0
0
4314.594015
6177.773118
5111.800958
4680.22737
3339.959819
4703.006193
3627.580918
3629.793223
2680.929885
2633.930901
212.6306039
2027.567363
0
0
2652.819366
4704.369359
3249.736614
2800.567278
2831.344618
2941.03807
149.9301967
108.1545276
163.008158
4163.67778
1929.37401
108.1545276
0
6189.758769
88.04807537
3868.413895
5408.286536
4334.383045
3736.601719
2814.842268
4000.153633
2799.47865
3145.713092
2618.389584
149.9301967
113.5151845
113.5151845
193.0984489
108.1545276
1494.185015
2961.307966
4799.554524
3608.146461
3036.333035
3193.492963
2918.656255
89.36431433
3062.126412
3697.36885
427.686237
87.33349272
4064.468363
3585.367684
4947.812955
4298.243861
3976.881827
2611.941621
4321.127171
3616.532377
2741.63718
3427.439249
3153.486237
4357.285537
1201.426384
774.2562359
2296.75681
3621.372186
4881.172273
4829.975004
2877.282064
4590.202905
4176.185549
5229.499805
5039.967686
3380.603559
4293.014156
4877.091394
5004.823078
5173.72878
3177.436608
4092.799446
4075.058898
3220.524816
4221.878545
2775.407474
3216.776714
3058.966096
0
0
0
0
0
0
0
2877.179227
3635.29854
2481.623233
2678.989598
2500.368034
0
0
0
173.1189747
0
0
0
2964.182897
4393.017899
2772.986231
2957.712062
3099.162556
0
0
0
0
0
0
0
0
2973.190866
4766.703334
2911.047361
3218.245359
3230.12392
0
3443.927692
0
2520.290894
0
1627.232537
6483.879489
0
6942.890375
0
6942.890375
3562.370475
5712.243081
4318.854438
3899.84492
2766.481547
3994.756985
2886.872303
2834.937431
2313.46823
0
0
0
1627.232537
1627.232537
3617.031994
4363.52942
5460.355451
4532.685749
4380.799242
2895.96094
4870.561648
3129.639259
3514.705727
2416.803263
0
0
1627.232537
0
1498.688536
107.5618177
417.4352033
1627.232537
551.2682203
0
3583.339694
3084.10101
4853.545669
2942.566283
2845.340404
3347.777878
0
0
0
6579.230303
983.399271
0
0
0
3583.339694
3362.913458
5558.253473
3942.784691
4518.559432
2859.600287
4697.220604
3249.788044
2821.031862
0
0
107.5618177
3898.834317
2853.476121
6503.861047
2538.115426
3806.316763
2990.912657
2780.703982
1754.193125
87.33349272
1287.421837
13.9365115
18530.27815
7363.614673
4012.991238
5420.364231
4307.353908
3655.25178
2768.31551
3846.292876
3024.474643
2639.46971
31819.40842
0
7462.772635
3617.572008
6757.183248
345.1870272
3426.992689
2863.555106
4477.571085
3664.536548
2471.36695
3728.131653
3992.874438
5737.55813
3754.077248
6282.925867
5904.318575
4886.621821
1606.757231
5398.367933
5204.288408
4222.685158
5350.17883
5902.212161
4992.056904
4311.59399
4444.516028
5120.132074
5115.124913
4432.314926
5666.583445
5273.599609
3898.226533
3769.120616
4822.895
5406.487454
2719.193213
4442.428071
2867.840244
3168.799488
2847.396753
0
0
0
0
2964.089054
4073.713974
2695.828197
3354.664307
2799.440633
173.1189747
0
0
173.1189747
0
0
2779.502289
4765.048631
3091.61012
2849.308762
3093.759917
0
0
0
0
0
0
0
3178.626954
5161.269318
3289.204803
3648.326384
3988.040104
2718.584682
2520.290894
2520.290894
2520.290894
0
0
0
1395.628622
0
2182.166421
0
3934.672996
6478.100758
4268.223576
3836.293242
2774.422157
4218.599045
3349.006062
2928.567581
0
0
2262.509097
0
0
161.7673461
4434.929765
7001.687695
4762.03945
4315.666978
3164.973319
5412.158754
3855.64634
3489.630141
2741.263674
2712.920166
0
1627.232537
3898.834317
0
0
0
3898.834317
7244.759018
6537.453867
3957.516614
3041.97105
4851.046559
3051.022915
2792.063368
2973.564815
272.4612757
0
3271.915976
3760.514578
456.4230741
0
3898.834317
0
317.5504458
4108.556684
5818.100431
4616.905542
3673.007422
2723.390212
4659.136118
2877.827143
3229.746041
1269.62521
0
3246.07736
4.425995487
3287.481895
2073.444763
3823.161583
2978.75322
3010.238037
0
0
783.0058421
2634.92875
3942.849523
2646.335117
3186.447196
3684.020608
5988.330558
4091.971917
3865.544273
2837.483779
4468.930223
3075.63598
3000.482451
11465.63015
5572.615618
3670.126171
4239.968051
3447.659663
1956.203676
4756.811806
5493.452795
3615.639362
5533.231982
3822.646101
2643.515391
3556.369327
1494.378098
4613.405071
8489.845993
2965.199909
4627.300687
5169.892248
4487.361606
5184.190481
6820.068069
6491.523818
4373.310037
3782.943869
4768.54503
5362.806692
5571.587806
3954.565646
4258.729016
5118.854981
5074.450986
5129.178
4366.864338
4470.7623
4577.838557
4356.79407
5199.20967
4956.506849
2741.21477
4318.577177
3048.648624
3134.215295
2978.145961
0
0
0
0
0
0
0
0
0
0
0
3185.730088
4418.713449
2978.112608
3666.854601
3433.489935
173.1189747
0
173.1189747
0
3191.989162
5604.117619
3648.010201
3647.781163
2149.249104
4452.142116
2557.483139
0
0
0
0
0
2514.018063
3862.109543
6172.284928
4011.710426
4018.710579
2810.67635
4160.186366
2876.449493
2689.025055
0
2514.018063
628.0771252
1876.01834
0
2514.018063
628.0771252
3564.242579
3948.864908
6314.101693
4703.529399
4286.445563
2976.632285
4728.130716
3465.27711
2954.30802
0
0
3898.834317
0
0
0
3867.233566
2660.343669
2607.404373
3081.428857
1535.134874
0
1502.727487
4691.712791
7312.551719
0
0
3909.373603
1928.48394
2914.820845
5148.69198
3481.747349
3081.185713
3608.560341
2558.995878
0
161.7673461
2823.716343
0
21.68324146
3519.833509
6613.611612
3314.163316
208.4755942
4189.789743
5675.399967
4290.330433
4595.444453
3155.884784
4747.10478
3249.75588
2942.57716
24.29533055
21.68324146
419.3723855
21.68324146
161.7673461
161.7673461
859.9126586
1457.269664
2616.516356
4105.789973
3322.810653
2841.32931
3068.777097
1962.394159
2795.801876
3173.858786
4010.866932
3939.529441
24.29533055
686.4971488
3409.588784
2762.705201
3914.299745
5897.027938
3859.354864
3763.737768
2551.46592
4793.843969
2943.555242
2925.001506
218.1334307
5884.116718
2621.664271
2954.352437
2707.941081
4318.018229
1435.129849
818.5365585
3467.245063
4675.229418
3958.248774
2702.333368
4451.146701
3273.941083
3116.971658
3465.319315
3859.37834
5310.210838
3202.862991
8993.160605
4614.448796
7524.112381
4145.414863
4928.744019
4093.248193
3499.531136
5977.599312
5148.920777
4954.474859
5387.087391
5167.217697
4402.541232
4489.930759
4547.770814
4804.919096
4455.489432
5320.378152
5796.254096
5066.527409
5090.776684
5168.501382
5552.677752
6146.755868
5093.719582
5406.494656
3832.67137
6310.316571
3956.145305
4655.788391
2845.90023
4697.796716
2973.864336
2678.985921
0
0
0
0
0
0
0
0
0
3865.222536
5960.575032
4034.613883
4157.137168
2896.605607
4781.304546
3087.522446
2849.81311
0
0
0
0
2514.018063
0
2514.018063
0
0
0
0
4336.845318
7414.312766
4344.333695
4451.17642
2989.769018
4873.112997
3059.75956
2884.744045
0
0
0
0
0
4508.664633
5693.69086
4339.474373
5365.843026
3616.932071
5496.722575
3522.429326
3002.029597
0
0
0
0
0
0
0
3968.760324
2512.782432
2889.298271
3089.150997
0
0
0
0
2611.818772
4384.632506
3069.130826
3241.722841
3321.003239
0
0
0
84.76252845
84.76252845
0
2294.613008
1491.789913
4228.743618
3559.087763
5858.743519
4138.104947
4351.892354
2641.312554
4964.508439
3172.693956
2648.540683
5742.6793
0
3389.771756
3233.154989
2425.355044
4076.263157
2451.195249
2966.320506
4228.743618
4769.226184
6531.966561
5335.102594
5850.237797
3396.861232
7074.443847
4138.523049
3858.745144
2806.548183
2755.050362
804.4074704
4169.223028
2999.657379
1932.151993
4098.205435
7009.475457
2266.436726
1342.939474
2817.230424
3086.36389
5124.310281
3427.060119
3162.487487
3938.352223
2900.429765
31.44844182
4563.398859
4765.558396
1853.30081
2894.363096
5205.321126
86.33794022
789.2370386
1806.026409
4976.132964
4077.875083
6492.198617
5286.396759
4591.129036
3069.029563
4780.181199
3962.313314
3206.915505
2636.458644
4100.286625
443.9455096
2668.369421
4642.9315
7463.355894
2943.398849
2870.157163
4238.975278
4241.383504
6491.228275
5084.754752
6809.886969
3722.758863
6126.857353
2622.33682
5414.414443
3521.370328
3192.01483
4865.331427
3621.601025
5062.364488
2579.908665
2602.890783
5198.286818
3985.738396
3670.709953
3734.934253
3085.342073
4616.217196
4004.79386
2462.610265
4674.457959
4957.348211
3826.331567
5585.918509
4752.070872
4267.351507
4692.13381
4637.594917
5120.636897
3397.171693
4996.960356
5011.698196
4907.303888
5701.872867
5518.826026
5877.485412
4305.691857
4940.143203
5198.179043
5175.690122
4572.416225
5652.080183
5873.968915
5285.405928
7074.948582
5466.059645
5652.9998
3798.688558
6074.158097
4331.231555
3486.246956
2306.156766
2833.560332
0
0
0
0
0
0
0
5612.625139
7289.16766
5732.187014
6654.405771
4568.895139
6532.049468
4339.195258
3367.838236
2682.771856
2630.557455
0
0
0
0
0
0
0
0
3903.04227
2906.687177
2893.280155
0
0
0
0
0
0
1204.861232
0
0
0
0
2950.010472
5120.342556
2872.835354
3306.848173
3255.538528
0
0
0
0
0
0
2755.400845
5326.201004
3416.54977
3790.445537
4309.277669
2816.567178
0
0
0
0
0
0
251.2326688
0
4327.18368
101.1802359
1998.208062
3811.440335
6213.241174
3831.483751
4180.385049
2752.625343
4581.623136
2958.810844
2520.510394
67.23493248
0
1227.097319
67.23493248
1177.407746
112.6376544
2448.024062
980.0065164
2147.310807
4727.698014
6458.223567
5489.752713
5673.222704
3677.29354
5753.329833
4203.297259
3439.238362
3007.801535
4076.263157
4427.517365
1746.458149
1733.63569
101.1802359
1481.777919
1553.558686
1671.863826
0
2846.410045
4790.489105
3033.442734
3180.318714
3555.618945
5876.070183
38.55676896
2714.144949
604.1172504
3531.841619
3305.38959
6996.800296
7130.322938
7734.289805
13854.05763
3617.140339
5508.954681
4523.266483
4157.703337
2748.777907
5165.81591
3369.598529
2968.439108
0
0
6432.074047
5306.847047
3788.641678
2134.793177
4696.183791
7300.116817
7303.24536
7008.711106
3255.641269
3271.976738
7071.99912
3008.480749
4056.56981
3270.454502
3040.446414
3130.67439
2086.273624
2114.458732
5702.257271
3008.66905
1766.938335
5203.350163
2876.275602
5011.548425
5374.650786
3687.511828
6842.738813
3719.154133
4533.860645
3398.068686
6128.26571
5345.686933
4028.762541
5380.330759
4304.89161
3957.145869
3833.566252
3903.094683
4763.915745
3850.251691
5900.855068
2612.171901
4154.132914
5359.857611
3758.772166
6251.853623
4098.255008
4248.879244
4954.208843
3896.108513
5354.391171
4305.188988
6639.907235
6034.315598
5523.841972
4792.026685
6449.228246
6263.324869
4517.477396
6682.371953
6346.410991
5935.669433
5922.794591
5864.17094
5817.456642
5231.785625
5575.510964
6288.11422
4847.222857
4839.037238
5322.750961
5439.16152
2871.454854
4469.803092
2725.897359
3864.218825
3902.167739
0
0
0
0
0
0
2923.3992
5098.529943
3192.581451
3925.435033
3621.661329
0
0
0
0
0
0
0
3316.960904
5293.704872
3353.144115
3972.324846
2618.867938
4355.949851
2564.678068
0
0
0
0
0
0
0
0
0
3617.411336
6252.719235
4121.766083
4571.737002
2973.906048
4974.168703
2927.772281
2490.429053
0
0
0
0
0
0
5489.725591
6020.046219
4453.417391
5907.558055
3607.99208
5727.913675
3546.910307
2902.294301
0
0
0
0
0
0
0
0
15.76058332
5344.537399
8141.00018
6125.821663
6030.884248
4184.493421
6840.954902
4180.877638
3583.921326
2217.971176
2896.573021
0
8.861130561
0
112.6376544
289.5001319
0
0
910.3762654
806.8801417
2822.32939
4382.913804
2721.522421
2869.371847
3866.682235
33.28985748
1753.430533
929.2392195
1997.57033
4919.695667
8898.498228
8.861130561
850.71592
2022.726989
1741.804137
3556.633401
6900.716165
4269.009893
4521.449839
2998.648916
4861.896231
3174.922479
2784.388012
5455.447677
4076.263157
3382.677999
2618.573402
2713.666291
5342.280677
3112.459454
609.1932854
636.5803583
914.8541144
2197.219061
4244.991051
2706.706639
1761.643325
4583.192313
7007.8868
5623.381116
5237.324285
3324.850452
6921.597736
4171.123675
3679.777286
2993.788017
3617.862373
2652.988911
5347.428707
3975.953886
5914.963187
6275.358689
3531.445952
1665.730607
5249.780508
4649.061468
4743.631536
2872.038256
4918.73369
3539.534239
3759.234065
5117.312535
3688.21373
5676.485068
5918.078283
6231.432721
4698.139326
2025.849261
5502.712262
4209.148507
5191.115525
4344.087638
2517.272691
3119.643623
2931.98985
4791.307002
4230.409854
3652.016397
3477.129223
2966.169442
4151.988306
5245.679048
4701.610348
5224.745111
5480.846849
4848.54572
3864.521738
5300.299265
5098.28987
3915.320686
4831.123253
5369.679533
4768.923256
5161.969883
6316.001571
5552.654511
5299.091173
6301.99895
4163.375981
5420.149189
5156.64416
4682.149168
3664.799894
5293.672715
4236.444137
6230.929888
5684.9625
6192.644118
5035.24389
4576.859399
4952.918443
5433.895792
6007.753667
6652.620816
6036.092586
6089.46588
5982.850728
6279.319611
5305.630176
5424.512283
7575.116244
4557.818976
6711.865519
3492.491032
5709.582677
3791.063829
2808.690385
0
0
0
0
4956.907332
7181.476795
4885.677053
7433.936077
3706.929126
6475.526387
3976.72186
2849.751414
0
0
0
0
0
0
4910.057885
7444.015076
5135.204346
6931.253088
3825.836963
7209.063191
4057.102467
3165.456183
2657.282148
0
0
0
0
0
0
0
464.4833423
3696.322933
2737.211482
2966.502399
0
0
0
112.809032
0
464.4833423
2641.366657
4470.520894
3091.198784
3327.209572
3312.878786
0
0
0
41.33671848
137.8362334
464.4833423
464.4833423
1945.817536
1799.070622
3102.687254
6308.535428
3647.338109
3503.451461
4610.704419
3052.22443
1984.169336
558.9096129
70.61622478
1634.026749
2103.857411
0
4980.751061
6104.698405
6073.647746
4323.767197
7963.358522
4578.498477
4847.264596
3326.98112
5098.761383
3453.916249
3056.615549
650.2344529
3681.410591
40.18004457
6751.56602
3177.385988
3362.728315
8272.058467
4069.195956
447.4274493
2077.963426
4518.837368
3377.272874
3402.239669
2675.247645
2705.161043
4010.906026
8382.285296
4088.601337
2362.53585
3211.831009
3161.667462
4983.5328
4351.854262
4741.051624
3823.333141
2699.65146
5690.903453
3852.878383
4230.018613
5873.396169
3262.634699
5082.166463
4920.261817
3636.128416
5702.108824
6625.723477
6418.451561
4342.352926
4659.56245
3374.042463
4348.240855
3300.153717
4222.613561
5032.984967
4899.335877
5802.408707
5415.584276
7222.744585
5426.227993
6101.223359
5266.853486
7894.629595
6229.116942
6512.70597
4909.745894
8700.78659
6934.860466
4502.055499
3659.628243
5602.564043
3829.214315
5382.010477
5483.189971
5810.12904
4461.951763
4180.674976
2475.911607
5690.38845
5221.286377
5102.755617
5089.869346
3936.360837
4346.011684
5757.278592
4436.962185
4737.201694
5146.533575
3914.950983
3263.014261
4254.624863
4626.518604
5098.042688
5332.208821
4671.180056
6127.460678
7602.23224
6909.295557
7861.281638
6062.700221
7657.161489
7270.469018
5533.081754
5924.362634
5719.47013
5245.028611
5508.963465
6486.171802
5047.555081
4934.675803
6603.574016
5251.272947
5685.977517
5382.008884
5938.448748
5061.979618
5622.626995
5219.127228
5785.780339
5184.996319
5642.985002
4699.423868
4573.781066
2874.935369
4885.378651
2797.210332
3644.784916
3770.11435
0
0
0
0
0
438.4009313
0
0
0
438.4009313
0
2966.265219
4898.580317
3144.224755
3957.984961
4136.219735
0
0
0
0
2983.399424
5943.77849
3268.440018
4496.488286
2521.084548
4772.954663
2935.764479
0
0
0
0
0
0
0
3454.321425
7081.920944
3776.468194
4854.273803
2670.204183
5407.485386
3369.585111
255.1316262
0
230.536036
902.9712595
0
0
4088.345641
6934.633982
4651.513076
5916.008215
3547.881282
6562.796954
3188.605701
2727.531241
0
678.2015706
230.536036
41.33671848
8009.877049
593.8867514
887.1651969
3412.736997
680.4683872
4582.470422
8078.193681
5739.537317
6410.387118
4207.049167
8410.953168
4316.305005
3468.161954
2868.930372
1763.67553
3783.042739
0
2608.062473
3854.647472
3545.311253
4614.584298
5712.29957
3545.311253
1261.117744
5840.817489
3277.27286
4548.439863
3045.247641
3250.030781
4136.212446
145.0893769
0
3711.731051
4122.088087
3603.329643
5176.944648
354.7479961
2791.073398
4187.467299
3477.293001
3119.166123
6732.283666
3753.358188
4235.560177
5454.37407
3435.694168
4174.73692
3092.724186
3440.865376
3818.037491
3305.897955
4625.557942
3400.291691
4435.57315
4413.904562
5788.236418
5506.696232
3670.753866
4092.289023
4399.070139
3721.120525
3404.762439
6155.948168
5093.362735
5118.233383
3807.043716
3979.348212
4348.238707
4358.54568
4945.206012
4310.350447
3430.76104
3606.211554
4391.898264
3531.33209
4823.732589
3892.997108
4151.280134
4744.685905
5464.552302
5698.433987
4879.848478
4463.103396
4788.070408
5507.601945
3322.779317
5641.446987
4400.594996
3456.529148
4086.820095
4625.64769
5000.589796
3745.128872
5226.957095
5735.805683
4383.543009
4932.854082
5544.578408
4916.152664
6019.575303
5195.722413
5824.685139
5880.299963
6264.034731
5748.818944
5816.198702
6012.333192
6720.198941
6323.560691
5340.518678
6295.441935
4787.009137
5238.71383
5305.354274
6119.375593
5674.758197
6238.374363
5139.454757
5760.815161
5768.998852
5116.347981
5992.891735
5134.715907
5313.94509
5280.277755
4124.88551
4412.61325
5694.841247
5154.856764
6548.919501
6366.416655
6132.890416
5245.013501
8707.005584
5182.880724
7567.603163
3698.501046
6908.127323
3473.73983
2968.844397
0
0
0
0
5337.77743
7602.18551
6496.718815
7239.145056
4203.799577
8084.022378
4826.246371
3497.058154
2706.389789
2988.065353
0
0
0
0
0
0
0
12.14366445
12.14366445
102.4947721
102.4947721
4064.680813
3225.592708
6399.877192
7445.569701
6560.1495
6993.689601
4408.926256
7269.831117
4611.730408
3429.024173
2919.476862
2972.113189
0
0
0
1851.738523
399.6101689
399.6101689
3988.146863
3263.97036
3560.959233
0
0
0
399.6101689
399.6101689
1112.282575
2661.608142
4722.655762
2911.096853
3321.714241
4383.715517
0
1986.787475
1915.348697
0
893.3228977
1689.988858
3127.786695
5645.24426
3882.735666
4504.426839
5498.969237
3504.552488
5387.993446
3534.194315
4374.048065
3987.929288
4958.839038
2924.545716
3290.321371
4739.323832
3312.39747
4939.423295
7808.792768
6419.647053
8504.02255
4594.49505
8731.211546
6064.553877
3859.501303
4029.682985
4454.649146
4001.570587
5430.107789
5275.387697
3005.571689
4772.303488
4103.115232
4481.975925
6831.11486
4965.973447
4533.911557
3402.142931
4151.687876
4569.373756
4645.723259
3245.514694
5306.456659
4048.984572
5172.217019
3880.308599
5382.948303
4050.587542
6559.350523
5217.854459
4359.101073
4907.514771
3343.920693
3659.395067
3626.059123
4049.897454
4839.70593
4288.710642
5646.018307
6547.637582
5154.892739
4321.710694
3327.538684
4446.508674
4997.166242
6611.848683
4904.576037
5511.639245
6432.736477
5152.748797
4036.23833
5878.578859
5884.058922
6017.480407
4177.538702
5289.532022
4754.996059
3680.324184
3492.01838
5227.276529
5001.101745
4653.978219
4776.448498
3638.482954
3098.875578
4539.238376
4831.24034
3940.967977
5056.75471
5762.942589
5514.466159
5506.154479
6108.091755
6331.770621
5943.093061
6197.342387
5611.851141
5465.482083
4686.246964
5591.968653
5659.154318
5640.435894
4807.055334
4855.287378
4950.78533
6368.774947
5458.096489
4236.865492
6126.107738
5605.530565
4711.131454
5174.125511
5775.462934
6097.149864
5564.814274
5651.983802
4618.317245
6332.346805
6623.153894
5110.210658
4793.82335
4054.910657
5311.467555
5253.624287
7266.130501
4436.856622
6035.996449
6477.053974
4146.888137
5235.044216
6688.785391
5571.808439
4837.742011
8260.369585
6242.359464
5322.804239
7320.45714
5953.761125
5673.098178
6500.388744
5969.916695
5784.367678
3711.29804
6202.538918
3413.724231
6565.618501
3317.812624
5331.596661
3347.347335
0
4531.639779
0
0
0
0
0
800.007629
6.798266742
3674.502639
7413.326119
3614.407692
5847.628455
3190.480462
6426.544098
3622.737759
0
57.56400067
575.6267754
0
0
426.6903136
686.6673243
57.56400067
0
3537.354972
7791.494225
3953.542832
6163.496048
4086.679543
6003.740847
3603.437314
0
1206.558052
2094.784386
5211.041858
57.56400067
57.56400067
0
5883.497217
2662.634725
3913.198402
9479.985699
5309.933195
7027.560573
3765.192365
7668.566684
5033.486972
3465.139227
0
442.6851984
3827.378565
445.9077841
7125.492163
4797.206588
5995.937718
8200.591973
6443.676977
9114.855935
6390.03498
9652.896354
7445.184284
3692.026431
3967.124601
4777.731071
3475.496005
2386.200932
1929.150962
3364.282129
4362.909902
550.5710333
5070.104558
3732.814864
3161.516116
6343.550008
3607.10689
6595.003929
4651.303669
7473.918932
5906.050779
4574.004561
4934.07128
3787.382193
4287.007762
2572.656216
4201.609733
5306.512054
5079.890813
4088.692433
3192.477147
3953.112459
3827.711568
1304.460084
4437.012262
3953.456853
3883.832606
5503.459362
4396.821323
5621.748945
5350.871085
5485.814159
5669.993779
5112.335139
4802.59984
4538.377379
5487.667155
4811.057622
4597.518638
3826.527686
4300.672797
4526.506421
4152.047795
4700.467257
4836.919082
5744.365976
5607.776136
5593.781481
4874.513101
4732.080364
5081.61865
5609.064642
4399.742368
5464.067751
6918.488683
5235.263034
6519.553487
5746.866215
5638.946761
5807.83699
4432.137915
4066.223979
6545.885551
5304.950345
4513.917193
4778.033839
5076.181368
4768.052989
4611.552684
4582.882154
5649.740898
3763.732911
3587.460697
4183.41665
4757.437611
4116.931491
5554.41957
3964.086828
4503.875945
5622.930168
5694.313056
6095.492043
5784.820192
7118.787963
6603.658428
4279.418946
4602.297362
5437.667241
5025.047342
5790.462367
5728.923
5789.163107
3983.524485
5574.473073
4914.105371
5349.500556
5784.301718
5451.861259
5594.445404
3527.777086
5050.711742
4538.622564
5562.403917
5501.286467
5995.095108
5953.701044
3596.393354
5243.262573
5639.175829
6072.034067
5732.422306
6065.882158
6028.300802
4725.227164
5828.39679
6753.976786
6525.622602
5927.197137
6274.303986
6178.694947
4019.949429
5739.129344
5192.720967
5941.356464
6421.83807
6263.705542
5892.735488
5075.114936
5687.145473
5190.330483
5998.06604
4968.434428
5655.570042
5443.30304
4592.77958
5262.329818
5276.466183
5277.512906
4897.094783
5635.242906
7016.311426
3692.94905
5359.792626
3637.586926
7652.916548
5770.102469
7475.044494
4483.74877
4068.372196
3545.149271
0
10876.34164
25.6999608
6348.158939
3193.90594
3015.482973
0
8090.250504
1593.023796
3681.918186
6790.807086
3924.290436
8834.453154
5296.218005
6979.050027
5163.757783
3541.582136
3888.155247
0
0
102.4947721
1007.962966
720.0433873
1900.643388
0
1108.715484
62.45878406
4165.730387
8042.630766
4850.906941
7821.850545
5565.313389
8937.190102
6785.684523
3328.240316
3780.804653
3931.193566
5030.305701
4365.735256
4027.814321
1291.638595
2869.750334
0
164.4222858
464.2900281
1593.866123
6.798266742
2109.501527
1436.996927
4882.519185
6451.996041
5387.810937
6951.069544
5540.421082
5116.902381
4952.834433
5429.935607
4676.604422
4443.479599
3743.648336
1366.515866
4106.132976
945.4093187
3627.570937
4089.40328
7458.985417
2517.866599
6572.324243
6015.319062
4741.142628
5918.390908
5670.339016
7205.276309
6353.88958
8018.070111
6905.790252
4889.504304
5093.279355
6014.544719
5544.314471
5827.763366
6448.732962
4249.882627
5858.965493
5352.839556
5529.959462
5293.981689
4699.883754
3937.788911
4704.004797
5196.642871
4292.674587
4871.298707
3851.643942
5260.678443
3808.96366
4950.035574
3069.820219
2575.146933
7754.026865
5813.142808
5019.182226
3297.568257
2207.045232
4284.645827
3338.976286
4772.982528
3633.329496
4865.89614
5486.501284
5219.661579
6237.681755
6228.150368
6443.129912
5865.574404
4338.108074
4902.685366
5116.716205
5553.249003
5202.974855
5775.212373
5566.307145
5690.301709
4284.873332
5430.287807
5790.338324
5683.016739
5475.219527
5875.61156
5615.038737
5430.649733
4906.620561
5199.353087
4599.099105
5020.963568
3772.403104
4455.051492
4755.520422
4698.960084
4459.231175
3463.088574
3155.426363
5565.859709
5019.240099
3806.018875
3812.145457
4534.854758
4746.89688
3998.147026
3791.495438
4694.32732
4963.676552
4397.235044
4878.76796
5136.986856
4663.349688
4430.918856
4691.635099
5534.205629
4225.548338
4094.04303
4804.980079
5456.133719
7201.77792
6919.524896
4829.472011
5423.559177
5507.56993
4401.635442
5541.761216
6367.512656
5997.972637
4944.37147
4662.499756
5202.964359
5502.762595
5873.738651
5626.605787
5035.763971
5404.763755
5346.711435
5404.018212
5651.421681
5512.310204
5533.796169
5460.691988
6111.690291
5526.288084
5738.56681
5703.463172
5491.570526
6190.697871
5086.662031
5564.19358
5847.183468
5803.32615
4775.336563
5442.231255
4927.119954
5237.351052
4373.642094
6173.142819
5406.864139
6124.015298
6129.609127
5392.094748
6250.777699
4172.398411
5450.31131
6251.821185
5652.807863
5973.712885
5998.727698
5338.679524
4998.074537
6598.991747
6407.883678
5769.857991
5665.770681
5538.669802
5063.306497
4878.450487
6206.821514
7109.04742
6058.168222
5138.298178
4690.94875
5983.001282
4267.171462
5934.347715
5669.689308
5085.527904
4977.78936
5912.794888
5771.774096
5207.823928
4747.237897
4016.381185
6201.402168
5657.608028
7003.226261
6809.045905
4412.213019
4298.491187
4009.768375
5368.818578
4616.980475
6675.733598
6552.189745
3472.153296
5185.014027
4333.775168
5314.689386
5195.524573
4998.42522
3782.759203
5567.340763
4701.300062
3290.591183
4199.384443
3419.153926
0
0
25.6999608
1430.63386
609.7295392
0
4010.49821
1335.347867
2309.849546
5328.194254
6204.926269
5247.075123
7038.17165
6709.434693
7789.830143
6156.113897
4363.190894
4583.228987
5125.694749
6526.388565
6010.613348
6221.970616
5752.98711
4001.094974
4578.032731
4154.702438
5773.530182
5393.022803
5906.064727
5406.039735
5134.797236
4515.744217
5580.041444
4644.419272
3567.647141
3913.819737
4327.648915
3961.752104
3487.258654
2110.392512
0
426.830637
0
20.36899992
2291.734904
1129.075988
574.8516037
2654.593769
5488.804346
6175.081342
6397.055195
7792.534142
6110.939189
6506.602455
6883.433145
5340.556646
5664.727853
5462.002437
6974.703089
6626.966541
6279.782016
6089.15214
4025.944521
4677.281124
4157.365311
5955.527399
5601.250052
5922.512365
5270.899031
4081.257549
3823.334724
5492.207755
4280.552277
5857.602062
5283.105492
4724.983907
4907.814187
5056.541438
5114.14514
4593.587965
3138.546314
5133.606568
4296.679331
5153.336332
100.9231347
1241.109876
1242.449752
369.5573595
1587.742049
100.9231347
2093.899846
2526.893254
3023.24814
5147.746331
6465.91486
5728.168289
6372.299299
6245.520918
7300.480762
6919.370602
4662.419935
5397.064896
5601.173186
5517.459881
6140.189247
6202.254313
6594.031533
5612.550744
5686.471638
5327.640874
6420.220873
6382.49906
5538.883888
5975.333707
4114.554241
4568.337187
5895.815846
5144.852054
5986.252199
5499.908259
5308.178491
4464.006975
4143.730785
5066.070892
4441.147441
4206.518813
4470.220151
4749.194216
5237.075611
4937.264253
4978.027771
4046.03689
6306.74335
3376.719008
3685.111886
2741.049174
1973.479906
4347.423281
3012.244021
2485.04513
2796.870731
4932.842833
4787.628915
4591.967187
5675.329401
5295.117992
5619.165703
5299.400584
6779.237169
5955.060988
4970.139433
5576.628059
5226.754066
5704.177456
6367.760136
6489.618696
6325.955247
4147.380168
5119.082503
5203.982772
5789.616385
4670.26355
5850.691162
5504.758474
4427.583715
4803.942309
3949.010091
5039.532864
5456.990384
5160.034484
5331.192452
3831.997866
3645.56728
5001.040884
5223.779377
5765.882189
5928.230943
4607.198338
4622.809532
4338.92828
4273.332561
5502.71596
5172.584876
5535.020281
5970.21312
4304.330907
4722.202104
4932.865611
5809.465499
5554.769087
5321.657025
2714.509541
5061.810567
5523.688734
4570.457509
4122.450942
3940.382354
4746.342476
5660.636154
4889.531202
5015.420133
5374.465014
5601.0858
4767.621287
4029.189993
4718.307003
5007.701472
6216.041959
5693.027132
6092.708093
5359.028399
5482.512737
4863.411652
4598.568661
5649.270349
5027.812719
5930.44545
6004.301439
3606.704054
4346.139555
4456.991216
4342.73656
5817.167927
5085.010187
4697.271954
5645.092904
5287.270811
6167.667481
5730.551086
5810.665999
6635.816708
5478.561853
4997.228889
6267.7328
5215.285724
6216.764758
6085.287507
5784.702145
6449.75667
5081.163178
4750.972291
5287.331108
6097.406547
6430.436815
5693.989479
5529.38259
5168.956984
5748.164654
6033.317025
6137.994561
5358.496627
6420.055054
5550.304092
4518.128702
5460.824512
5823.26253
6376.92261
5675.289732
6298.618974
6155.488568
4161.215233
4382.761374
4547.381434
6333.179472
5749.209694
6517.338582
5794.592961
3412.196776
4464.74941
3816.117288
5501.779824
4473.59472
5726.070558
5535.875772
3641.971636
4393.945175
5083.97145
4898.362866
5055.272128
3873.554629
4266.932057
3380.494398
3533.791488
0
426.2653692
1165.453925
20.36899992
1713.766522
2759.14428
4018.575142
3170.87034
4970.363535
5277.673425
5162.53394
5460.09806
6723.154743
6432.000793
5992.827404
6560.580948
4934.747392
5401.118705
4154.739584
7100.883118
6069.094193
6765.545262
6073.132229
3841.009891
3765.753623
4226.686531
5100.366621
4785.872238
5336.660456
5496.157618
3584.061902
4466.160205
4323.277875
4961.895977
4686.380531
4474.172953
4502.861264
4482.369416
4006.026857
3223.375193
4001.090992
3828.106979
747.5412894
2707.375625
2552.518987
25.6999608
1854.171527
3527.870115
3641.826439
3294.761179
4058.689572
5259.831081
6564.065695
5688.790797
5216.992576
5699.000251
5506.492041
6059.326272
4665.466509
4872.202865
3883.329483
6061.613357
5629.226446
6651.993128
6388.758267
3891.836496
3761.368948
3861.576896
4969.099601
5125.635464
5891.051465
5018.228228
4742.193823
3073.391459
5181.226347
4151.506554
5225.97395
4682.432528
3799.329338
3882.625528
4903.428738
4760.880253
3162.032824
3054.588534
4613.554843
4544.561844
4255.88857
4349.806786
3688.400734
1789.53419
5370.078173
3615.692461
2054.703756
2449.826313
3231.827232
2599.603098
3846.390476
5452.809994
4616.735663
5217.405285
5094.855437
5638.048098
5474.035735
5510.824628
5734.460291
4060.367097
4597.788608
4735.247731
5758.944902
5183.229642
5362.652329
4999.777925
4126.210586
5039.770375
3884.352108
4969.70624
5209.278296
6168.093799
5190.452065
4133.937798
4843.484494
5223.174227
5166.426753
5242.306643
5073.708295
3348.307515
4032.352536
4871.645046
4243.746082
4452.806205
4713.619791
4423.112281
4368.39072
3303.620215
3970.036308
4965.726746
4976.085685
4605.763755
4501.121728
3931.876996
4801.059722
4664.162826
5105.678386
4262.94531
3973.421116
4665.401807
5146.038232
5032.704059
5181.717205
3046.480105
3843.713627
3561.615258
5395.150446
5163.675649
4794.087959
4162.504397
4453.056207
4990.732022
4028.892141
6397.795315
6037.805526
5286.859908
5262.945494
4256.541204
4354.621017
4479.538797
6151.424508
5071.634594
5470.126364
4797.748229
3929.091524
3810.590196
4937.587309
4452.778672
5106.44029
4882.372458
5707.781331
3351.613657
5053.616044
4817.45064
5519.191075
3786.939929
4151.109967
3928.193653
4136.973701
3765.42691
4887.428893
4800.131893
4206.998112
4010.258593
3653.74334
3305.317179
3671.401516
3878.166287
4061.611758
3954.595126
3181.131377
5200.171989
5379.921624
5429.769511
5438.392257
4590.558998
5762.744938
6036.418846
3206.32499
4563.82607
4713.693636
5671.667045
5285.332768
5843.665073
6076.012559
3513.039966
3740.884996
4031.283607
4776.368693
4826.775643
5697.50427
6595.888577
4218.775547
5398.46042
5177.321757
5283.47916
4970.114549
4853.083478
3862.848911
4996.074252
4688.499053
2785.277044
3663.776231
3726.279219
3521.510457
4021.069629
4057.949349
3821.383031
4867.021616
4731.176408
4416.57319
6699.195049
5897.791671
5969.417222
6134.287
3611.014606
4167.822371
4693.991616
5388.440496
6568.475613
5347.568116
5579.624731
3565.417328
5291.106717
4100.258654
5499.923033
6064.596351
6103.494897
5296.157398
4376.521139
5901.090107
4843.793035
5611.356198
5010.285868
5085.418717
4660.211782
3891.058251
5380.225099
4743.434238
4594.144287
4153.205691
4810.297567
4124.331668
4700.548869
5578.450083
5141.151194
5613.215109
5516.900356
4306.872958
4040.630096
4442.609891
5008.892703
4833.792138
4574.643823
4183.458386
5019.068312
3961.78212
4937.090995
4753.756503
5202.549127
2746.39934
4356.409698
3490.614856
3125.17384
3986.291353
4147.928515
4203.272067
3392.59998
3867.969988
4336.334789
4453.876884
4882.257138
4193.586652
3932.478738
2763.486505
3690.379124
3247.000293
3475.466726
4625.374471
4660.394859
4515.366745
4841.814973
4243.862339
4198.08542
3925.591209
4446.900577
6497.740736
5733.415028
4775.32426
3302.428059
5169.852747
4132.628437
4005.919396
5798.228014
4507.714955
3838.613138
3706.483914
5339.87962
5487.481666
4466.23485
6656.269794
5412.741303
5003.434166
3525.366655
4978.98673
3446.152278
4736.103746
7022.099075
5705.527431
4749.459745
3029.414804
5533.687956
4531.056425
4926.140851
5893.147138
5745.718236
4420.04427
4469.886093
5532.094495
4872.878582
4380.691803
6445.606063
5160.064529
5138.937629
4053.283457
5917.952453
3998.252807
5008.09789
5566.977372
5732.94664
5085.295586
4526.57984
6118.889607
5449.938684
4696.992686
6008.295987
5745.93295
4849.030278
4515.700706
5375.37071
5331.269801
1133.734507
438.4009313
438.4009313
0
4053.220518
0
0
4052.136929
5777.846648
5846.795284
5758.279733
5249.040662
5837.294357
4475.582395
5740.342093
6328.870775
6227.050462
5461.038956
6083.138063
5751.382253
6472.519386
4756.625615
5974.140881
5587.210813
6184.526124
4300.142372
5417.976356
5438.845853
4367.758227
4852.924227
4781.993504
4733.887693
3959.006958
4358.990033
4152.174594
4112.205353
5389.470027
4945.768146
3904.001147
3649.50172
3857.598456
4844.749616
6084.117829
6505.015706
6086.387639
5402.343799
5804.428828
5383.844235
5755.955735
5179.564207
6325.478284
6107.646608
5024.92164
4655.252304
5899.285188
5215.831782
4683.876643
5397.056264
4108.874439
4699.241755
3796.869212
4709.972822
4088.628669
4994.049028
3852.916636
4210.923407
4185.011337
4929.487951
4430.310882
4776.290258
5306.953318
5964.94233
6137.48698
5372.509394
5047.816447
5368.15749
5060.623448
4857.364178
5686.902411
4658.376323
5339.617503
4792.008836
5662.793716
4787.358417
5132.239543
4774.130113
5176.937882
4913.083533
4464.91494
5129.642017
4365.990945
4793.867938
4645.218858
5155.33011
4414.716964
4371.40323
4692.358156
3957.747153
6501.225473
6048.19366
6015.222185
5262.542788
5241.689708
5553.648975
5932.719007
4941.319698
5409.248821
4445.373489
5026.53408
4302.473995
5418.014201
4238.649609
4622.189514
4685.816459
5038.976538
4132.265368
4216.18966
4330.814519
4205.13565
5850.089415
5796.730433
5696.914337
5613.689393
4636.597893
5898.508872
5647.052264
4753.684688
5685.173032
5038.778674
4862.94073
4944.702511
5557.631175
5560.284889
6765.764112
6610.245676
5770.391041
5571.692863
4638.976147
5744.976919
6048.64908
5897.732992
5809.369289
5098.304447
5443.231823
4780.430682
5872.169268
5696.879908
3066.174997
3226.129685
3207.73482
3084.566928
2748.679476
3370.300011
3131.6234
6744.598315
5878.02678
5357.891111
5883.731969
5765.002166
5968.159003
5149.657708
5800.527367
5075.902759
5322.488291
5554.735567
5779.599099
4839.71679
5286.1677
4386.423856
5238.466738
4791.207708
5026.035855
3797.304786
4534.636262
3887.347053
3144.519928
3631.550474
4176.683114
2584.85239
3306.106457
4131.507337
3611.174619
5782.622846
5831.394134
5982.056768
5177.377788
4708.247638
5542.56245
4730.258306
4723.516733
5304.541424
4703.041658
4553.90785
3962.360999
4684.499098
4549.726629
3576.205163
3817.619055
4021.79059
3967.903933
3739.129513
3847.854426
3615.959434
6096.712348
6567.91977
6134.870623
5615.116736
5340.065064
5636.476811
5604.5873
5601.308347
5768.351781
5489.194866
4469.674475
4303.573423
5118.422279
4910.557026
4109.75909
3396.036696
4321.541454
4563.645427
3101.733747
3146.091837
3664.120508
6414.20943
7462.622217
6103.026993
6136.943807
5514.705378
6474.491332
6493.973319
5510.183708
5790.134392
5596.942348
4871.429818
5126.263259
5847.312279
5674.12856
4321.951112
4453.885401
3780.198538
4046.50219
4013.598779
3987.70699
3602.309754
4181.258673
4515.065879
4696.391072
3788.090885
4467.343485
3738.525579
3738.799323
6914.340885
6883.329027
5716.017529
5894.059183
5328.110026
5442.3878
5813.756868
5744.843562
5767.598539
5803.647295
5390.268792
4943.735523
6024.074019
5629.622376
4752.024738
5740.079609
5182.02198
4951.066168
4439.775624
4878.748186
4008.849473
4834.30075
4505.448208
4582.850224
4368.271303
4229.989579
3969.776101
4583.764428
4950.201675
4803.40283
4773.038456
4350.294419
4086.556163
4232.087983
4852.768193
5850.050252
6580.610354
6381.161306
5699.892872
5638.425484
6057.899779
4812.45601
5197.771434
5677.627227
5874.108769
4876.379463
5729.343069
5095.343423
5035.005429
4561.343569
5266.868913
4804.670775
4443.176368
4344.419374
4466.890184
4066.046027
6034.190032
6555.390455
5796.214781
6437.342099
5258.459009
5848.828143
5108.021966
5848.779559
5845.279714
5693.61811
4598.519233
4131.162598
5307.459677
3811.266853
2422.435092
3055.162465
2989.796064
4257.696878
4249.060552
2049.676977
2863.21785
5669.958651
6503.88986
6058.977876
6260.659188
5799.333166
6015.708525
6058.333222
5600.835587
6273.062339
5299.648443
5605.778458
4016.912587
4936.098869
4018.655537
2399.102762
3022.966941
3399.669713
2793.520979
1623.230929
3405.456461
2883.176324
6155.395518
6609.41855
5676.922689
5601.428017
4891.127869
6604.806249
5309.018855
5217.66289
5843.947137
4937.965742
4919.72153
3908.94914
5451.775602
4657.225014
3899.076624
2950.688145
3403.953054
3008.58965
3409.068521
3485.564082
3817.637472
5985.300168
5111.305773
5202.731212
5628.234838
4901.091662
4650.815267
5148.883252
6203.719164
7223.783729
6412.409507
6597.858753
5594.739488
6688.695956
5253.343377
5204.803971
6278.693194
5972.562649
6257.49989
6002.32082
5605.400364
5882.664784
4087.643755
5722.588621
4287.417573
4471.629751
4755.604617
4763.579953
5172.838237
6023.325741
6113.727514
5935.825309
6343.665278
6366.038422
5904.890358
5372.601814
5614.204698
5370.395407
5756.990123
5311.571638
4277.383366
5230.90707
4080.420736
5122.857143
4967.077862
4181.384845
2607.316785
4920.2505
3646.949862
4443.441303
5685.812162
5751.767676
6174.325956
5428.618223
4800.857465
5481.910745
5290.60701
4009.31739
4139.843083
4535.874147
4441.956663
3360.808916
4447.869052
4324.046435
5221.027789
6277.745906
5861.419792
5296.415331
5735.301118
6074.415756
5647.74393
5847.835244
5824.234423
4926.163345
4586.741012
3824.364649
5120.455689
4091.309144
4268.864874
4949.371702
4760.02961
3914.701102
4396.64076
3783.779289
4010.811543
4512.150557
4514.941669
5365.520856
4417.307435
3897.666829
3764.481385
4465.432923
6764.359294
6370.557199
5881.473539
5778.148271
5316.49307
5938.330393
6116.137609
6449.454367
5903.263387
5312.145224
4897.022334
4690.698515
5128.099185
4967.194619
4958.434765
5068.88128
5289.319389
4455.226365
4418.47788
4288.631894
4582.199612
5900.487814
6977.482131
6024.62152
5361.253947
4514.115162
6470.333005
5861.7751
4869.697964
6046.906563
3466.457016
10165.84659
8111.914221
2750.198408
2430.121831
6882.782879
6644.254668
6456.279692
7267.877366
6174.202775
6332.301655
6660.838243
5830.859004
7276.033879
5640.888141
5192.098605
5022.301175
6492.89831
5969.12486
3210.368348
1814.983925
2239.895235
2595.844212
1707.815295
3288.170985
3452.633731
5930.597648
6748.928753
7159.945602
7520.373906
6066.52026
7209.012656
5970.632396
5367.369097
6253.916372
5910.171581
5363.987207
4661.796585
5584.149358
5199.869821
3642.649782
2831.54813
2841.866113
1362.008002
3401.765316
2831.54813
1004.312336
6810.688364
6994.941251
6371.199088
6617.933331
6476.903242
6527.148292
6112.103922
4663.77538
5712.943554
5081.083941
3956.044839
3590.003904
5474.40778
4246.739643
1133.937831
1739.813904
3088.841499
2368.640703
3272.578442
3654.055674
3007.011501
6322.119348
7644.551578
7035.391481
6529.030787
6179.119232
6315.225244
5742.94094
6308.667074
6101.59186
6416.79375
5275.775528
4509.596036
5561.209398
5144.126179
6363.41607
2009.880851
5234.732323
570.9138866
26.31699637
227.1729995
1962.388357
5904.301942
6445.127776
5637.539115
5676.701657
5085.367323
5904.776675
5140.576975
4205.162594
4720.090958
5861.142371
3042.778345
3374.433909
6170.96451
2279.410135
5692.088736
6233.49845
6508.412278
6172.705531
5939.373257
5788.565879
6181.357223
5430.175846
5893.947671
5469.56929
4290.14462
3871.17259
5499.31113
3740.395898
3118.440416
4857.854941
4646.321323
1764.089901
2135.383195
1832.002071
2996.644766
5278.440564
6020.196766
4961.061146
5420.166855
4219.818205
5212.196642
5626.528194
5123.667503
4362.026859
3869.017726
3544.226642
5410.569119
5406.334185
5481.524395
5686.282169
5841.291948
6015.571197
5747.327355
5463.281585
6150.093279
5728.608475
5717.193836
5958.878039
5867.657259
5305.565018
3745.56975
4779.405004
4256.370167
5189.58059
4111.000439
4657.760499
4415.285678
5522.258158
3530.785781
3965.097645
6042.916687
6503.109491
6205.879944
5618.394687
5640.298919
5870.680429
5653.799107
5885.346262
6671.890235
5973.095968
5234.480163
4695.344241
5694.938391
5901.478985
4217.132396
6063.68214
4911.273014
4457.576991
4657.257644
4709.56516
4370.186807
4954.638645
4904.399127
4434.055139
4498.812811
5389.667751
4571.462103
4893.542372
5899.93724
6202.250778
5503.500724
6394.951352
4399.667471
5606.255672
4131.372215
4733.097166
19.55755472
8862.405376
19.55755472
1063.447401
19.55755472
8578.907162
5877.925968
6176.500649
5297.474082
6042.782579
4251.154865
5790.663779
4057.127267
2351.413443
9157.315961
2040.006815
0
5071.124408
6480.249338
9157.315961
6206.273359
6916.859106
6160.371671
5874.014116
4060.155942
6364.859648
4906.509363
735.7649863
242.9121471
242.9121471
636.959198
664.3157056
519.145623
664.3157056
6523.556561
6420.309934
5600.363483
5597.835335
4995.005212
5949.581482
4702.86293
2831.54813
2352.760909
4249.452236
21.13145924
0
3464.998891
4691.921669
6053.231898
6841.120077
6246.029843
6163.978586
5524.510659
6011.221453
5890.141694
6281.228184
8291.225132
6453.349689
5765.366746
5124.663972
6910.384777
6492.634692
5625.548515
7044.931687
5885.9827
5373.306447
3956.080476
5451.257602
4169.803294
4757.592125
3244.194798
1519.759311
655.0753621
2928.55406
1359.090613
2897.813792
5565.454787
6435.266559
6160.915021
6723.419198
4544.263354
6139.031437
5567.829183
2635.160599
4464.265673
2979.647506
5129.261698
2853.07392
1034.610994
5175.925113
5751.956962
6484.605385
6114.283594
6043.093972
5911.429042
5803.195016
5992.505407
5128.182758
5445.024837
5160.631383
4425.310875
3732.37869
4449.643743
3867.798588
2013.057121
3221.906176
3754.438019
3886.918289
2048.03455
6381.39466
4272.232131
5387.05218
5466.466332
5438.15705
5256.529512
4834.426828
5380.560792
5078.728322
4014.700375
5095.266115
4486.663887
2822.106587
5089.458973
2354.793037
2184.179323
5854.357699
7124.118306
6028.558836
5732.315198
5645.426674
6706.714419
6017.270479
5606.57077
5435.599273
5184.205084
5246.396676
3989.061207
5555.155755
5321.533926
5472.075158
5087.430806
4432.412392
3546.005077
3752.446716
3418.325709
4203.506389
5940.67625
6806.633335
5923.226229
6007.744843
5672.63482
6188.384167
5130.785861
5055.460103
5710.839318
5823.706389
4773.03154
4985.064052
5174.674706
5123.58419
5106.655876
5151.304013
4761.145304
4787.629551
4481.914516
4939.570754
5483.192919
5582.920834
6772.308398
6260.61746
5425.737669
4486.887505
5151.090063
3534.642279
0
9313.516052
0
4945.985015
9187.450568
2349.361327
5565.955033
5260.050081
5742.688581
5465.889434
5486.101651
3640.628662
5329.109998
3932.895183
5046.855632
6266.386704
5735.889064
5357.835855
3990.671253
5891.16659
4019.925005
485.7396715
1587.841851
1049.107468
149.9301967
0
0
21.13145924
5641.990788
7015.288639
5942.620447
5960.368134
4105.099835
5796.171906
4361.346097
21.13145924
4388.939862
4841.329508
1367.260395
3851.109927
3696.652314
3072.301494
7014.582182
6012.265316
5963.914059
7108.753313
5757.232037
6941.937761
5325.217128
50.56652153
108.1621204
3024.195842
971.4142238
108.1621204
509.0579231
142.711293
6920.649896
8192.838027
6992.655865
6742.995183
5715.16874
7111.256643
6677.236297
211.3074634
601.695778
659.7268337
6372.485293
0
0
293.820097
5904.814546
6449.064333
6572.019161
5983.104721
4167.009094
6025.178665
4658.852195
2489.026212
2650.222459
2891.313738
517.482632
5391.00924
7117.623947
5404.086182
5805.607618
6016.078311
5595.264277
5950.748264
5746.818529
6867.842039
5309.928809
3102.932949
2711.818115
3778.885173
1599.20815
2486.993448
1986.356181
2867.131968
5021.080988
6578.220966
5415.81171
5468.00275
4025.76145
5490.818996
4406.988357
2589.495003
4635.216003
2841.730933
3836.152596
4515.328353
4592.550127
3682.677829
6007.467659
6389.505744
6022.611813
5927.446088
5225.892735
6600.826671
6322.697596
5868.772475
4607.044695
3732.941315
3730.321405
4390.044439
3432.73646
4567.336653
5396.426108
6870.607135
5620.022523
4821.897374
4314.335826
4964.205946
5103.025378
5097.659444
5340.442678
5878.54052
4655.255297
4823.513741
4663.413585
4817.950745
5896.218592
6332.149036
6768.653034
5552.442844
5413.557272
6681.230756
5841.93783
5499.71238
5672.258605
5091.435502
5667.075568
5738.025563
5930.086961
5902.446448
5340.588035
5497.84638
5852.939756
5844.701507
5947.849794
5434.01678
5102.887053
6298.829097
6398.797159
5355.037821
4865.326
3699.171901
5841.396385
3993.347686
10477.0083
0
1145.501038
0
0
19.55755472
0
4957.185754
5743.991113
4622.584788
5386.600498
3804.018486
5469.623499
3615.007904
1145.501038
1627.232537
1145.501038
0
0
0
0
5290.812135
6349.790001
6023.595417
6036.823537
4255.564983
5468.512129
4062.940737
6183.373248
6944.955555
5918.525301
6171.32273
4142.673921
6402.50012
4167.188573
3851.109927
0
2753.245774
1627.232537
0
0
3774.550173
6656.716574
7153.968512
6998.547575
6915.514474
5082.485638
6787.081191
5401.805095
227.1729995
0
0
0
2858.886323
107.5618177
820.659355
6933.601609
7404.212386
6321.478826
5838.764741
5852.714934
6151.442539
5315.024659
0
2262.509097
517.482632
2262.509097
107.5618177
3724.598525
107.5618177
5856.774532
6187.204517
6071.087169
5393.787237
4101.869041
5741.533361
4108.256729
2051.273407
4539.70297
7349.246189
0
639.2939858
812.6132579
3730.120719
5993.11506
6263.141747
5720.689936
6011.369367
4447.987802
6061.546768
4892.461055
1521.037808
326.4438572
969.8444727
1424.366197
2759.18871
1338.983368
2408.940818
6277.688039
7344.20276
6705.44891
7011.295183
5548.965365
7536.5856
6203.68272
5124.119839
6429.717483
5926.984674
4433.966095
3390.527817
5616.03779
4452.752602
2778.338634
2231.026206
2628.937655
4003.877304
1757.929469
1786.699795
2960.05089
3563.422949
2595.403125
2714.653391
3447.840375
2340.227385
3510.807587
4521.199896
5997.755207
6935.171193
6477.159005
5309.738274
4949.517932
6312.214276
6065.188652
3197.926293
4417.80902
4307.239437
3323.244739
3757.777448
3184.012783
3315.990288
7001.180812
7327.965642
6920.545565
6368.254106
6204.440501
6438.691
6416.984226
4692.366097
6916.244123
5891.712813
5121.573362
3989.858332
6058.665899
5003.992392
4397.630033
5825.453346
6569.85911
4765.940322
4086.786102
3818.753982
4812.970059
6454.632527
5845.411511
6328.453127
5748.156446
6452.194994
6241.450209
5735.307795
5434.792107
6109.506513
5555.962955
5482.827182
5232.536741
5933.84221
5897.913368
4602.12868
5296.348497
5838.816506
5042.981659
5053.396894
6582.985384
5805.194181
4482.831528
5347.520591
5263.649224
5668.99415
4793.511891
4693.946949
4840.08981
6213.098953
6622.425165
6534.715209
5402.545782
4775.386033
6482.255829
5141.210786
5708.084934
6384.679482
5292.53331
6436.152547
4324.629144
5484.692757
4194.048767
0
19.55755472
0
0
0
0
1398.292601
5776.26639
5525.606131
5149.275526
5897.075244
4099.977275
5762.469709
3904.888626
0
0
0
1445.981799
1540.048616
0
0
6413.110932
6556.22808
6068.263717
6099.204605
4503.295998
6680.669354
4637.154027
3241.254375
655.0753621
974.9783137
0
2346.717478
6942.890375
0
6465.831797
6769.255597
6238.261109
6191.137597
4448.135808
6786.978876
4748.288584
7159.077562
8361.772903
7509.957231
6802.842322
5915.174449
6936.167516
5529.714346
0
7816.202916
26.97656725
0
7009.475457
6586.729926
6360.030293
6607.783149
7961.495545
8080.143562
7079.507573
6295.715948
8107.310595
6593.887391
5186.328773
7697.23875
6194.580351
5931.387931
4400.563467
6175.723826
4897.901685
0
3066.206447
3652.782697
3583.339694
2207.714966
3546.014832
1114.622108
6138.432009
6981.395747
6231.944932
7060.643231
5523.885268
6130.92409
5683.732979
1415.541526
720.6677084
2040.409717
5157.379636
2888.896261
3271.629681
1934.635922
7569.677746
7718.156542
8082.831695
6919.071473
5792.898033
8146.871344
6419.502993
3774.637264
3416.154961
2748.274118
4134.091692
3143.505234
4086.623546
3400.738761
4106.110282
4612.586664
3901.24808
2413.175635
2938.218119
2918.132887
3286.036718
6422.518145
7570.643511
6442.696769
6214.513654
5063.532197
6813.999739
5318.208404
3092.906181
3185.452867
4325.813159
6689.461872
2584.106558
3672.070854
3618.807856
7267.948301
6929.416996
6474.583152
6967.598926
6927.636236
6899.578999
6648.670897
3605.805783
4531.506099
4354.706469
3686.42822
3552.345034
5629.126681
5060.65081
6580.160461
7127.830188
5909.727608
6480.029582
5532.586919
6241.885797
6735.736164
4770.226139
5304.976937
4591.573041
4584.185454
4954.397087
4525.322244
4280.683549
6660.323471
6494.932187
5904.203045
6185.653988
5879.206596
6266.925007
5800.320596
5213.53951
5317.597252
5230.589738
5902.052568
4855.166025
5127.54561
4787.350912
4847.489625
5560.922411
5546.891159
5353.601304
6152.187598
5573.954724
4870.050114
5664.592791
7774.949022
6156.340561
6048.474557
4385.01999
5881.126333
4500.940691
0
0
0
0
0
0
0
5857.627762
6067.99098
5926.558174
5632.291239
4397.878715
5981.104306
4187.329527
19.55755472
0
19.55755472
0
0
0
0
6551.067126
6839.359061
6208.85063
5975.483766
4704.338628
6249.454522
4437.597065
6942.890375
6942.890375
6942.890375
0
0
0
0
6143.442582
7571.652657
6258.066202
7443.455078
5175.387963
7304.753565
5700.682718
227.1729995
4563.912294
2906.263587
0
227.1729995
0
4841.353717
7182.914336
8660.865264
6749.186361
7355.030488
6249.857534
7899.883781
6839.766432
0
5631.9163
6431.666
2262.509097
5.064352939
0
5.064352939
2015.541112
0
2218.971513
11322.7448
1647.341318
185.3288428
8275.619164
5837.441272
7829.739816
7360.554841
5404.279195
4805.999476
6634.862753
4913.989149
10044.79197
5824.528969
6647.751404
0
0
50.87715401
46.44788422
6707.33862
7085.472056
7153.295642
6469.448504
5487.767826
6839.234283
6121.159344
9741.76018
4907.498089
4722.061659
7068.947457
0
3139.750823
1096.772147
6179.061596
6972.327465
6951.425426
7580.259377
6836.487029
6794.06543
6162.943651
3528.064536
3464.81102
4586.028499
3745.75828
2613.13847
3440.205096
2249.79652
3374.196973
3574.029854
2821.842726
3633.892371
3073.542319
1897.638912
2566.364962
5775.824397
6290.266069
7028.40195
6339.486324
5160.169701
6087.626801
6483.102301
2257.125096
4177.757573
2886.766726
3045.73819
3062.043621
2643.277674
2717.945846
5078.040885
6687.019987
5680.69256
4803.459736
3501.9668
6279.471509
4816.055986
4142.909519
4154.929347
3609.768109
4437.863767
3074.81919
3992.141821
5540.164414
6033.253856
7330.556949
7595.723439
6425.401877
6274.53085
7122.69971
6785.044632
4627.274115
4670.488855
5163.180355
4855.368863
4187.771837
4608.020168
5439.078328
4206.627731
6682.649814
4606.36722
3228.708472
4544.8899
4498.536082
3850.488027
6101.088624
7095.014255
5956.399853
6635.816725
6388.449606
5613.268883
5799.975062
5584.827029
6324.965261
5218.614799
6033.125873
5968.060566
5919.90765
5898.430363
5218.737402
5696.680579
5652.843518
5637.528721
5633.8942
5419.592527
5287.270303
4593.787867
5146.976432
5178.201325
5351.603945
3935.947163
4866.550682
4042.436427
6078.815421
7334.592285
6556.110647
6661.675224
4954.932276
6370.494026
5455.176457
6758.418104
7377.79042
6295.260772
7044.461654
5321.380673
6779.881359
5729.360634
0.02349622111
0
0.02349622112
0
0
0
0.02349622111
6226.483056
7184.036396
7051.411878
7092.991941
5728.265064
8197.323548
6231.709435
0
0
0
2998.487952
0.02349622111
2514.018063
0
6851.604386
7733.343374
7427.55136
6929.575454
6628.599625
6909.147183
6998.074529
4011.324454
0
10334.60573
3898.834317
67.23493248
1177.13208
3358.6665
881.5126564
3898.834317
0
628.0771252
3898.834317
3957.516614
3957.516614
4634.793768
7517.523928
5258.536041
6433.916947
3922.246653
7152.82716
4463.329861
0
6183.17582
444.8062458
3670.022785
21.68324146
1481.219562
4154.447688
6491.624932
7001.27236
6267.103775
6814.325816
4523.303069
5607.379096
4927.904541
3282.431266
3029.657795
3029.657795
2077.807158
1559.133343
1597.834525
1.044789748
7282.609157
7933.534761
7656.570735
7600.498125
6588.809831
7103.672329
6112.879423
1440.219742
3100.161825
1975.906789
24.59620882
3226.289681
1458.661733
5423.945518
5245.431581
6930.319939
6305.494192
6230.832988
4169.986901
5975.031299
4511.530198
973.7563558
1888.732751
2963.363856
317.7605021
1695.311042
2757.961164
3210.699095
4721.335149
1255.695145
1814.46432
1666.086639
1842.393451
1889.441044
1520.410824
6645.567495
7733.662287
5819.634172
6268.969919
5931.103165
6548.873821
5824.48452
2287.767883
3761.104208
4130.364705
3243.765416
2567.068455
4044.914186
3763.624445
5165.430479
5991.672187
5316.546672
5650.228524
3932.244746
6067.301312
4473.494687
4064.187891
3870.939864
3301.228216
2361.097651
2833.885384
5013.433705
3988.754751
4742.753904
3511.566962
6192.70369
4807.474391
4926.150108
5442.917456
4403.724451
6559.099508
7247.012985
6220.36473
6282.167796
4897.52696
7204.58081
5689.921268
4065.114944
6058.258028
4679.171636
5046.791809
4600.002431
4838.334726
5376.715561
6570.634675
7028.23231
6628.122206
6597.612166
5713.30784
6441.607109
5999.589131
6779.116911
5711.84221
6493.648198
5588.487934
5685.878018
6147.556486
5976.337803
5086.20991
6307.081874
6416.131825
4993.185508
5422.532621
5139.927838
5746.409504
5262.012035
4938.857404
4923.742527
4791.982214
3854.821635
5370.473394
5031.204137
7725.671008
8279.511852
7900.481748
8753.461244
6609.533268
9032.379937
6748.437005
0
0
0
0
2514.018063
2514.018063
2514.018063
7569.425621
8959.33853
7270.753252
9215.655129
6652.484388
8082.290716
7138.123294
0
0
3898.834317
0
0
0
2262.509097
0
3574.471036
3957.516614
2262.509097
747.2959677
0
3393.043842
4430.89965
8143.889239
6153.092338
6370.872746
3753.993734
7160.552394
4953.637176
2117.049237
67.23493248
67.23493248
0
0
67.23493248
4011.324454
6191.139798
7646.500416
7082.877839
6798.586447
4885.997134
7102.88023
5227.182312
480.1181946
480.1181946
7816.202916
112.6376544
2718.837532
4228.743618
2790.573045
7047.035531
9229.181892
7612.82646
7245.792138
6039.804208
9333.93371
6740.530051
0
671.3053864
877.1223
2748.02998
4228.743618
2591.585006
987.9839499
3140.862765
3633.638971
2870.853315
2266.436726
3378.969816
1832.391296
1583.94947
6282.451141
7390.386806
6625.412011
8394.555896
4717.484937
7484.598375
5451.352443
5399.079605
5189.387827
2730.485743
662.8639778
4424.703753
4089.774771
2351.552583
7022.665958
8020.019769
7044.059238
7296.28283
7020.529426
8113.460054
7102.178744
2950.647187
3406.052506
2416.504442
5028.65381
2464.436957
5025.375191
4467.119308
6633.485696
7352.75569
7283.621261
5620.52131
4608.958244
7689.773102
5870.374696
3257.272295
3947.437907
5899.794414
4451.009026
4460.944292
4153.663754
3752.205892
4822.295287
3913.012506
5774.002658
4040.249691
4666.818887
5748.382977
6948.161865
7115.602693
8352.838528
7567.65257
7170.952605
6644.159533
7405.925036
6225.91957
5259.588198
6014.59203
5918.060469
5963.780247
4795.505945
6355.720835
6025.756207
5599.40847
4762.433906
4826.836651
4451.899292
3864.961144
5230.079479
5364.924896
5925.148595
4167.46931
4830.876628
4434.628393
4687.672749
5142.688565
5117.362576
6540.653235
8499.709442
7591.740093
6853.395742
6106.383102
6699.637966
7299.376695
6118.842184
5944.942676
6072.685935
5919.656505
6749.722188
6206.388374
5816.267225
5203.042647
6012.410251
6128.524296
6717.716601
5566.003543
5920.793637
5911.260863
4585.122604
5435.71649
4834.659937
6354.620774
6237.321365
5115.692002
5273.129083
4391.016534
4497.025498
4266.261755
5089.724704
4697.074077
4622.430818
4388.346801
2514.018063
0
0
0
0
0
0
3898.834317
0
0
0
0
0
0
6017.408038
8235.692188
6572.76988
6441.726449
4543.64565
6702.095306
4224.63072
6448.24183
7711.180644
6373.626438
8362.371818
4937.779363
6908.312623
5412.904776
50.450166
0
50.450166
0
128.5220156
4126.679778
662.7334994
6435.959067
8117.04902
7439.242894
7571.135054
6584.377126
6925.496406
6391.028488
1024.528585
1468.970615
480.1181946
3820.333836
480.1181946
4504.818986
5248.823301
7857.845045
9880.529021
7626.428458
7176.707979
6443.227764
9009.919576
6396.502401
2905.906506
1377.401602
3688.098181
1892.282592
5323.023374
5249.683035
3021.024242
1377.401602
955.6014573
998.4090618
1463.9846
651.828169
0
651.828169
6359.714636
8598.478314
7429.666577
7240.576752
4571.31591
7992.892444
5574.023076
1949.316
2879.324724
5650.675784
3927.237528
7909.28484
7.084694391
2936.19045
7209.233634
7617.087288
7374.073799
6930.229841
6617.81823
7678.082181
7213.340172
8126.711455
5384.82127
1629.94905
2567.063367
915.5093294
3050.492191
5093.701641
5076.458966
7545.080649
5488.80954
5829.418608
4567.907843
5731.590583
4236.643663
7236.850203
7097.029348
4989.085263
5968.4838
5545.617318
4173.291365
4752.641557
3360.792031
5124.895681
3073.873875
3979.221145
2581.18328
5760.700089
2969.749988
6438.475337
8262.283944
7367.290456
7607.735449
5748.25373
8270.90031
6913.770468
3968.471821
4412.877223
5380.120475
5827.010595
6814.191661
4955.11564
6809.060927
6713.122255
6478.452656
6717.007769
5857.244356
4754.723127
4708.625619
5024.521698
7313.91586
7922.574211
7699.699144
6602.045985
6128.314033
7328.993938
6310.321124
5738.797226
4811.657403
5151.355498
5026.175335
4931.196641
4860.014554
4756.322978
5768.628989
5733.614876
4780.852034
4128.888919
4618.616039
4862.678717
3738.983168
6503.440428
7554.740902
7025.111619
6147.643997
6307.549205
7202.81235
6089.290199
6461.162375
6002.653392
5471.479469
6566.892933
6083.563393
5288.645565
5412.371894
6796.911597
5188.637862
4730.008571
5964.157639
5939.778195
5218.922498
4744.689192
3914.970715
4688.160129
4255.204729
5108.510023
4092.932799
4383.481468
4047.207766
6714.731462
7843.097137
5949.817586
7951.513243
6678.743432
8067.256635
6824.055068
0
0
0
0
0
0
0
6378.337274
9655.953197
7557.814626
8403.297928
7622.596825
9451.150342
6911.58491
0
0
0
0
0
0
1204.861232
7370.571484
7854.247701
6908.369105
8064.794608
5975.215636
7638.779301
5698.309704
2182.748182
7239.879223
7239.879223
0
6273.219742
0
1063.674359
6232.635223
7420.852478
7821.682561
8144.335458
6453.419615
8046.849314
6311.805373
7239.879223
0
7239.879223
0
0
0
0
0
359.7303573
4283.938695
0
0
15.76058332
3119.325837
1690.625021
5558.167282
1782.106463
1398.912215
1383.409307
3832.763161
2306.386253
6885.288585
7029.139274
6719.93372
8354.177272
5243.584828
7252.515836
5930.247547
1685.721493
8659.052536
6279.726407
5281.611334
10843.2832
3346.301907
2985.152249
6083.071952
9550.61536
7395.644215
7029.571059
5625.224273
7971.231432
7870.798251
39.28423931
1280.040191
1718.179718
3484.755291
2847.319528
2500.931943
2488.945472
478.0285234
4592.945816
5979.059103
3605.616465
8649.806165
5251.607083
8541.254163
4252.099894
4263.748735
4850.513862
4416.066191
5361.440967
6271.970494
5714.198125
6607.628909
7787.068078
6595.852524
7307.332633
5791.997861
8038.871444
7411.729768
462.2922916
3357.87439
3283.872739
2387.517891
1678.075738
4709.231746
4639.752259
5327.031543
7868.701616
6731.253068
6346.777927
5389.095804
6700.291652
7853.619284
5435.012597
6657.128321
6696.353571
3546.911005
4637.922394
5402.011055
5790.842316
5233.071721
5465.001816
5823.810812
4888.70058
4381.672457
6073.137476
5587.053673
3971.984786
5081.977917
4934.510809
4119.379179
4588.145415
6217.327589
4488.535125
6556.506438
6443.223762
7101.873142
7057.153811
6203.111957
6243.338709
6120.528245
5745.27977
4947.190747
4349.884362
5637.414607
6043.128678
5292.983772
4690.158357
6277.501104
4020.434135
4063.343989
5597.80403
5808.33822
4151.985907
3813.266554
5379.259121
4787.616757
5941.178709
5424.135713
5147.934745
4451.873517
4948.632759
6010.909261
6807.75687
5241.866307
6446.21866
6232.030525
5530.301132
5731.855691
0
0
0
0
0
0
0
464.4833423
464.4833423
464.4833423
0
0
464.4833423
0
0
0
0
464.4833423
0
0
0
6450.576965
7913.606816
6658.872984
7551.300242
4491.936345
7094.087868
4670.449961
1063.674359
0
1063.674359
464.4833423
464.4833423
1584.920731
1234.550244
6712.733359
7708.193491
7186.172852
7119.09584
5249.974957
7475.951795
6026.270741
1449.963469
3203.503546
3223.157202
0
2345.164054
3231.370607
594.3364877
7642.11907
8605.935967
8235.072262
7640.29401
6098.408268
7665.830964
6591.901471
3238.291029
1230.663357
6764.765969
7001.408502
4788.205095
529.2592927
6801.995981
3549.683853
2135.486812
2452.092472
4496.74863
3518.444586
4562.946897
1626.180977
5011.026857
6974.044684
5656.788672
6151.351101
4466.934036
7815.331987
5017.631073
3471.19179
3327.737383
3618.091958
3763.797323
4656.661782
6974.985398
3610.859583
3889.407666
3105.39098
3256.798953
4454.668581
4222.278797
5969.112232
5412.913449
7555.422373
9355.824682
8388.24964
7284.77463
6333.455103
8284.486829
6683.202947
8091.469351
6450.722638
7458.680263
5747.947056
3949.62982
6379.987207
6260.742353
4340.855102
5071.779692
5872.42954
4064.406042
4765.429014
3825.039347
4312.135961
5892.574587
7674.825566
7071.732123
5739.163668
5070.960827
4321.187182
5036.170546
5036.094323
3909.147331
4174.095494
6227.105195
5529.377025
4242.147705
5037.485221
8240.313451
8743.673929
8198.563169
8999.970167
7537.108305
7989.862291
7014.360712
3896.208696
5513.691745
6441.599318
5457.425862
5191.764376
4501.222306
5466.779461
7499.48564
5808.833237
6050.030148
4433.679351
3695.478985
5333.15208
4571.435724
6057.789115
5440.707587
5088.304011
6728.868794
5160.702215
3470.548271
3749.484094
7872.0289
8247.320961
7610.935007
8413.133531
7777.587073
7559.218893
7712.062083
5880.890287
8046.048894
5795.769289
7073.05069
5339.781219
6814.007664
5284.550278
5522.920105
5661.237203
6165.490736
5704.98297
5849.766051
5505.479489
5713.2856
5917.816298
5898.449265
6019.534374
5884.675263
5851.341693
5799.151135
6380.504508
5682.465408
4998.855574
4730.867002
6171.843131
6195.011774
5259.712685
4488.137924
7571.579563
8496.287532
7565.007038
8569.693286
6301.566953
7919.968446
6710.753618
7803.749412
9476.090824
6932.255612
9111.611902
6938.744202
8591.108964
6776.690495
0
0
0
0
12.14366445
0
12.14366445
7156.993248
9133.309783
7158.634351
9014.940834
7451.44142
9588.685141
8157.5464
0
0
285.2679748
0
0
0
7.797510557
6926.91387
8951.912206
7280.830325
8519.738237
6930.725164
11288.39906
7225.618897
0
663.3324296
678.2015706
902.9712595
0
0
9356.052604
1723.141648
4468.865092
4257.689626
9343.658237
9784.937072
4064.780153
5808.191436
4761.183412
4883.784619
1912.081326
4036.918829
3521.738527
3068.296878
4101.309539
6469.770201
9717.566641
6486.531915
7875.216222
5016.169436
7460.85198
7884.973788
4070.048436
5418.02102
5094.151513
5139.118777
3342.265167
4321.271058
4525.382793
3009.090481
5422.493319
4467.039886
3300.714202
4342.603068
3090.501264
5838.274203
6856.641365
9881.152678
9485.512028
8097.686941
7581.507752
9741.619609
7959.410907
5592.078371
5766.026472
5631.193188
5283.82783
6800.964132
5406.091496
4926.963318
5392.669404
8527.884814
6990.513011
8319.575969
5533.705303
9346.63682
6365.563021
5775.522535
6585.415003
4435.662745
5028.363216
5172.512512
4208.016087
3581.919007
1905.55309
3818.313199
4411.533296
4090.878068
5579.015273
3852.118174
5532.580873
5084.973712
8640.663427
7730.423505
6562.017445
5709.76735
7652.063433
7420.864918
4834.036919
4682.677261
5540.237991
6081.096176
5056.021182
5110.214617
6036.532535
6063.564903
4828.52328
5125.004372
5706.826647
5113.353829
4650.267933
3190.971438
5138.969844
3700.220351
3921.963382
5548.44204
5570.070904
3249.760608
3983.6356
8065.943145
4442.805313
5202.408885
5251.659412
5667.882433
3837.198985
3830.730912
8118.87659
7995.41841
8161.660766
7868.797633
8175.243146
8014.816988
8946.443634
6150.563176
7360.288758
6547.070321
7010.318606
6551.741572
7838.796143
7172.014901
6208.514876
6090.65528
6119.088116
6492.148804
6500.991581
6166.496005
6027.49538
5658.781854
5856.49388
5466.994983
6229.888613
5515.692049
5827.297188
5542.911872
4670.233014
5685.65904
5149.054155
6207.61256
5100.963667
5899.793215
4614.659017
5111.945707
4550.393148
5129.489867
6542.019822
5799.164065
5029.74857
4896.159148
5511.041983
4898.232484
5874.448613
5697.280846
4736.430617
4553.866047
5168.114034
3410.642253
154.9020101
1896.977649
3410.642253
0
121.1885672
1284.160687
0
0
6.693173053
1256.157309
25.6999608
720.9000267
312.41517
7456.221525
10244.15525
7427.690719
7629.641613
5417.950433
8925.883564
6190.110156
7.797510557
7.797510557
738.2257232
449.4043278
312.41517
855.2962227
2158.999785
7235.74333
928.1006595
2604.237075
312.41517
3001.649628
2632.309259
1300.398194
7258.120476
9484.238859
8080.509964
8944.540716
5827.150454
10434.73995
8241.061328
1728.060949
2357.34851
3266.268236
3467.071964
3132.690329
3950.877672
2243.511574
9581.140927
8985.552719
8256.234457
9962.063558
8568.947316
10069.56783
8992.123287
2773.899566
5453.832571
4998.467893
2344.895898
2962.28548
2697.56517
2862.047517
8419.208225
8580.02838
8327.09737
9034.70457
8334.557833
8465.384932
8876.055388
3549.962353
4032.144476
3205.297463
3803.579675
3937.816797
6280.337747
3723.971988
6298.993553
8533.286944
8008.786652
9045.953049
7125.47533
8650.560441
7246.589207
5252.298975
4070.313119
3770.668604
4883.670323
4000.898556
5056.228953
4503.729419
6250.708043
4901.67251
4092.123637
4982.28468
4737.168736
3942.526157
4489.628746
5716.597016
8032.603406
7026.982146
7258.983162
6753.845303
8372.502107
6639.112019
4755.13304
6384.891755
6384.051454
5675.203067
4658.175897
5251.737715
5129.355164
5541.820073
5640.077931
5203.988148
5192.619377
7158.616527
3946.359599
4752.624268
4701.774895
4351.482201
3578.707291
3753.066065
4066.594529
4083.48478
3463.772102
6561.857945
7885.630376
6860.073795
7279.711451
7036.043813
7756.163451
7175.835077
6028.350542
6402.445723
6534.83667
6482.752518
6482.425942
5937.55314
5760.197267
6120.026393
6119.256485
5150.342786
5361.122352
5223.235474
6229.219842
5782.436552
5183.132408
5513.525842
5572.661765
5366.519352
5772.390668
5385.682462
6320.598465
5696.437705
4811.00704
5728.407921
5428.139663
4627.108754
5348.51538
6735.824245
5214.84937
5061.515056
5379.981915
5577.014008
5262.444056
5452.049534
4518.237225
6375.842864
5065.369884
5059.621676
5575.818978
5592.501527
4940.833801
5527.784305
5538.777644
6387.08415
3910.542544
4516.490685
3913.512781
4336.177021
2779.62475
6577.086523
6190.091014
5861.513219
6823.389634
6096.276276
7237.758903
5786.642542
5860.062763
6168.17349
6125.674537
5814.250411
5493.920016
5634.451781
5705.516193
4286.629163
5842.637534
5519.252291
4938.580018
4727.556055
5474.631758
5018.268393
7760.853509
10881.59625
9795.359498
9043.847146
8627.731217
10488.81617
7943.399867
1500.97719
0
121.1885672
121.1885672
3289.513827
2769.051845
121.1885672
7991.593999
10664.44727
8222.254908
9926.09306
9224.581086
10268.49376
8919.890609
24.65352431
25.6999608
0
0
24.65352431
0
3333.513214
10274.56633
9628.40691
9880.756711
9587.317517
8272.827987
9527.854374
9604.568337
100.469713
4153.12749
1469.226982
720.4335421
4008.606055
2236.442374
1403.230811
10780.88486
9727.283982
9940.435449
9982.861824
8439.230037
10159.21601
9727.312051
2665.033133
2509.398982
813.4912529
695.3895035
1881.810517
430.3295785
946.1160135
2461.677505
3686.842599
3865.862399
1730.410804
3087.502097
3153.161665
3303.949635
7880.517423
9717.990719
8453.767248
9245.883211
7339.832248
9721.468638
8441.164547
3478.395745
3495.444173
2758.684682
2699.347927
4459.480178
3118.51593
3549.455454
5041.190254
9859.255207
6673.427499
7760.632713
6211.001901
8723.373411
6851.762073
3986.717095
4206.164719
3498.888498
4433.166732
4325.212921
3790.548676
5194.815919
3240.456387
5502.719282
4140.931537
4684.060702
4411.971887
5368.45045
4326.447345
5669.704755
7841.143128
6241.020807
7947.676437
6877.308736
8268.759859
7284.474448
4505.455293
7049.996562
6179.689442
5170.820581
4374.66425
5248.663276
5066.144236
5979.095968
6161.852149
5866.282083
5335.192106
4149.328696
4939.840302
5084.382474
4702.515731
5280.393853
5061.089384
3577.400388
4835.310353
4625.992189
4698.869981
3588.547828
4093.629997
4833.022089
5066.040471
5469.374516
5039.113294
3633.449289
7616.884878
8221.449828
7258.457318
8335.921482
7772.401419
8328.495194
6265.266
5921.108015
6377.066946
5963.982596
7760.932322
6645.351282
7393.672586
5602.830483
6288.116746
6143.502186
5913.870121
5392.61786
5632.520694
4972.866671
5355.478466
6615.109208
5601.083458
5629.257597
5965.507689
5328.08205
5719.025062
5140.36672
5877.840012
6367.456849
6190.497236
5211.472426
6158.636458
4816.497881
5209.949143
5900.845383
5988.99282
5545.175305
5389.059785
5113.82518
5159.995281
5131.915035
5829.324552
5069.498147
5319.597506
5269.45892
6616.59885
4147.640085
5790.458141
6380.387771
5258.668804
6106.774485
5662.184841
5307.609256
5302.603993
5355.549404
4247.758415
4689.085591
5927.531195
3761.475957
4495.643288
4967.552535
4583.665105
6032.416895
5421.668227
4800.988524
4966.126858
4212.471253
4795.399156
5308.491569
5132.267835
5424.256147
5787.481856
5317.10317
4757.640722
5908.229503
4868.937548
5644.339388
5834.244303
5118.216394
5825.0087
4942.054597
4272.925195
5482.217814
4618.050199
5437.469318
5840.405756
5875.049218
4843.762571
4132.796246
4864.729078
9379.248651
9783.578061
9339.319352
9529.544771
8784.442339
9195.579732
8141.727722
1891.017301
711.7683759
1853.326011
2236.246355
2494.564971
2142.015541
0
9770.160787
10268.01933
9530.614987
8677.388375
10215.84933
8746.28939
7515.40191
1091.58177
1216.010244
153.6118255
3299.055801
2415.308449
808.0958635
2982.629962
8487.251182
9469.538665
9431.547576
10140.88814
7613.783744
9306.082727
8861.375276
1164.418399
4184.593018
4690.784202
2263.054978
3399.795096
3195.883176
5935.742137
5354.361962
8690.13087
6958.101767
8214.125851
7488.347187
9153.777235
8853.756318
3068.88409
1702.1442
1839.990185
6710.458866
3103.515986
4630.451345
1267.439532
9034.731299
8704.030814
7002.574668
8552.954764
9571.049988
9730.530363
9025.525399
3550.186237
2882.710087
3330.394133
2432.086176
4059.614964
3530.391894
3184.633871
6345.862545
7553.840805
6383.989015
8934.717506
8282.352845
6992.609575
7739.370958
3622.678831
4444.549393
3455.581831
4774.715452
4643.914219
5071.513403
4511.600334
4672.288635
3625.80075
4069.49166
5097.598722
4603.334335
3322.870747
2482.941302
6180.782689
6497.617553
6327.720432
7433.96779
6916.245465
7938.357871
6212.625284
5773.940681
5797.364867
5988.372451
5685.273571
5949.999322
5886.89527
5524.922776
5194.760218
5526.815061
5850.869034
5539.572478
6149.527837
5975.870847
6973.607152
5365.459346
5737.360114
6396.926424
5128.944417
5066.632348
4667.479363
4624.148057
6285.455403
5238.281378
4895.515796
5593.880172
4832.587143
5926.33465
5133.044655
4139.491116
4881.113413
4461.436895
4864.937625
3415.149436
5481.160451
4679.373956
7447.044577
8306.068023
7512.584348
7028.805143
7433.656189
6848.875603
6829.386346
6169.806166
7053.785037
6493.084859
6524.861995
5371.545471
6690.7742
7086.37723
6304.479642
5734.25961
5483.255342
5836.656343
5988.231244
6480.424138
5843.343902
5734.32284
5734.061109
6538.241844
5622.072139
6393.349593
5214.820932
5120.59722
6255.784801
6092.78404
5972.59896
4805.321831
4681.774848
5643.353144
4976.047591
5792.702711
5448.031602
6359.160429
4171.72436
5160.532857
5602.738544
4867.113589
5971.829378
6044.945761
5319.719756
6019.192855
4629.945968
4990.756863
5222.390211
5698.690329
6502.47253
5899.96608
5071.51356
5665.283712
5737.046647
5197.330746
5424.909324
5176.613611
5330.021511
4967.30129
5675.504406
4722.90714
5259.009539
6715.919417
4705.906734
4131.966804
6113.310832
5350.904245
5229.427845
4864.629475
5135.763715
4498.04519
3995.882516
5890.961173
5338.494926
4581.705654
4710.057376
6312.750644
4048.928105
4934.444974
5578.730395
4188.611177
4042.804441
5405.190634
6837.299064
8384.205486
6136.892316
8027.619605
7569.861964
8952.594471
7377.011147
2742.401112
1849.753502
4816.632886
4881.162893
4262.560987
2308.368748
1009.197814
7116.440267
7029.785479
7003.586282
8205.100381
7311.210598
9481.963968
6560.468383
1299.919541
1499.024278
1507.794058
1623.789734
1623.789734
433.0130769
2328.412091
7218.596311
8886.053772
7708.020779
8768.505763
7585.609588
8363.877547
8309.661607
1734.345652
2514.125945
4983.841977
2580.921444
1903.464139
2474.410226
3007.703781
6867.30815
7960.90909
7195.732381
7308.334444
7271.651363
7423.348954
8102.191131
3374.317616
4334.07769
6148.816386
3207.002506
2617.014529
6440.817044
6561.049715
7811.465799
6799.116959
7010.801495
6700.339543
8008.094669
6862.99822
6169.39045
6421.761456
7603.990504
6973.249712
7363.529013
6971.968668
7734.803048
7551.600676
5483.197987
6693.280537
6157.907119
6238.943027
6364.506166
6946.154361
6090.068406
4573.024183
4597.551058
3319.002914
4803.354449
5835.036268
3531.050052
2866.643636
8666.636704
3306.999576
4692.523329
6917.813955
6524.348984
4843.90848
3353.277929
6320.372015
6934.501909
7326.222198
7088.824827
7557.703898
7988.315786
7291.420344
6572.075555
7128.126607
6691.357359
6700.371467
5753.191811
7470.281166
6437.367429
5996.451072
5902.163949
5015.174193
6049.73004
6445.65454
6146.006803
6073.531545
6288.575061
5576.099972
5988.590243
6680.592394
7049.384117
6325.485335
6096.926479
5266.942154
6726.8866
5697.612271
6411.078765
6296.613226
6257.936335
6272.487685
5771.798652
5098.866128
5324.91226
6240.896279
5365.219409
6263.680341
6578.862771
4762.204666
5672.616561
4895.305308
4513.961796
5943.796058
5000.150483
4987.73993
4440.911955
4596.086335
5985.661656
4377.394905
4692.261365
4256.680842
5527.727504
5348.186027
5378.753311
5125.52828
5031.156652
4801.942451
5695.450365
4816.426799
4154.638397
5104.894873
4258.692123
5571.454518
4822.080583
4317.280729
3828.122925
6928.922216
5484.545632
5636.269606
6705.533081
6376.706885
6299.757265
6220.259267
5528.078526
6292.094765
4765.133544
6102.998355
5366.235475
5902.827473
4875.371978
6986.993471
5633.379931
5679.366576
4842.618068
5387.543108
4812.629915
4981.150879
5894.50795
5487.727021
5165.834185
6131.944017
5417.084255
5648.057485
5203.125518
6400.022409
5529.003483
5576.555535
6316.5347
5426.250813
4405.097579
4535.804996
5126.479929
6317.967086
4297.039991
4553.794002
5507.612153
4594.972013
5491.030823
5206.325793
4821.124703
5057.568509
5416.942191
5646.290993
5150.210964
4648.701706
6268.585446
5029.183338
5451.599439
5534.50513
5234.831546
5422.724399
4386.078786
4963.658221
6369.99416
5914.52821
5135.700359
5044.439123
4869.483804
4737.727453
5334.794028
5798.565572
5637.7727
5171.65228
6257.555884
4160.49847
4656.868622
4378.648694
5525.637269
4603.569531
6715.251859
5519.28873
4569.509903
4485.38849
4289.147097
3764.371766
3932.821462
4927.95838
4197.964736
4764.587115
5135.49326
6660.607287
6913.635542
6754.358849
7668.388803
6310.9202
7302.292054
6525.167979
6167.641742
6480.726916
5839.216903
6255.457843
6623.114937
6566.451495
7101.723847
6136.308109
6931.916775
7214.102898
5762.888809
5572.077618
5867.45409
6275.733481
5234.621745
6427.522059
5880.501291
6022.253913
6256.123632
6501.808707
6043.490633
4438.076164
3567.081852
2942.1464
4798.96697
4775.117569
4103.024073
3124.344249
6618.245575
8052.571686
7318.002753
6827.875367
6913.681714
7390.109369
6192.600396
6858.33698
6561.215223
6628.866602
6812.841573
6572.748717
6986.890993
6284.24351
6180.479308
6480.621616
5884.134852
6753.133824
6888.970532
5929.310767
6235.232765
5476.006515
5972.810054
5474.795985
6626.074987
6138.79545
5921.308243
6431.183655
2179.659617
2579.255878
3143.704671
2699.959857
3287.682356
2809.445789
1967.052351
7024.478744
7048.197239
6142.539358
6139.282596
7738.402746
6989.705433
7390.861968
6612.665458
6371.29062
6215.227668
5781.063949
5665.121346
7259.797034
6806.503535
5815.751662
6624.338864
6158.764305
6001.555385
6656.535774
6236.154473
5975.369449
6284.855387
6364.778586
5402.244632
6389.376922
6484.792028
6425.027202
6937.062635
6683.85575
5633.190231
6398.565702
6109.267972
6163.663431
5768.966872
5363.736023
3833.397158
3949.000209
5594.898626
3413.203534
3193.690841
3483.58802
4482.320388
4930.998821
7555.120865
6080.679328
7270.201818
7318.168
7883.744302
6987.806324
5318.170245
6343.415106
6199.900338
4992.04553
5041.266752
6798.788594
6866.139763
6110.797825
5801.371393
5888.067186
5970.174584
5316.536344
5758.087342
5725.078913
6121.663501
6678.534117
5981.845031
5675.973348
5510.067637
5658.231838
5358.121375
6701.317057
6242.027705
5684.586252
5827.567342
5809.12361
6058.634869
5834.456053
5422.340093
6376.156055
6086.661963
5919.858887
6576.925743
6232.052712
6102.952672
4337.744686
3549.634035
3406.960672
3818.555767
4067.592483
3866.446963
5021.219544
5838.55807
6173.599961
5890.300884
5040.18666
5279.490936
5430.961864
5649.612272
5812.824901
5557.060054
6037.606118
5081.207878
5591.364137
5437.264959
5842.183451
6307.871523
5316.20498
5754.871704
5330.938583
6045.618937
5409.793336
5278.418733
7163.073304
5131.974228
5601.057539
6194.545634
5814.525619
5915.695119
5420.339733
5095.018282
5683.937258
5255.754941
5313.398734
5963.993123
5812.891228
5986.108902
5322.138584
6074.417398
5579.980853
5796.31997
5633.74156
5759.561129
5471.947159
5500.603472
5763.168572
5078.565897
5287.908041
5174.141891
5995.059368
6162.030857
4426.806225
5128.559099
6281.540886
4869.607639
4826.868127
6507.937847
5781.615279
4205.804483
6530.105219
5950.504053
4230.615014
5034.289133
5804.271598
5368.788936
4414.933118
5741.823344
5014.097846
4811.104642
5291.016095
6344.661141
4115.63126
5047.217441
5610.339969
5866.478844
4744.662327
4206.32846
3956.651089
3946.201475
4833.764947
4078.893109
4884.650466
4758.062164
4362.834339
4059.374244
4241.989348
3627.009276
4292.938688
4075.610764
4179.107199
4280.132127
3809.698218
4478.13507
4522.518597
4175.99096
6175.066712
3547.676772
2995.004296
4201.237914
5280.01468
5694.87409
5617.179418
5201.813502
6903.870004
6269.321411
5848.822176
4169.991091
5751.595379
5645.638101
6650.88282
4746.1974
4469.158894
4739.397797
5468.567734
5875.194058
6502.264806
5622.496527
4525.441081
5901.841336
5377.801726
5642.514053
6040.967632
5155.458651
6539.923865
5756.809605
6087.895836
6069.329291
5556.061313
5881.16977
6528.159378
5485.540825
6512.099407
5509.524771
5763.032404
5067.51978
5989.650965
4742.260089
5106.38181
6285.283851
5990.156362
4494.275529
5165.282793
5560.354615
5265.711749
4951.195402
5975.682061
6198.587565
5672.203959
4711.489614
4797.217694
5123.054367
4885.206735
5562.065305
5235.220465
4395.532511
3515.301793
5224.954138
4152.397708
4559.339255
5123.17145
3723.09949
4672.342778
5043.226445
4058.112903
4300.483023
3615.30361
3662.965654
4066.344654
4013.965358
4291.428
5282.663803
5529.460626
6002.609606
5589.563849
5809.536557
6167.900257
5179.888313
5615.879892
6217.208565
5549.477209
5908.499834
5485.212266
5893.854605
6146.611791
5631.001288
6009.290886
6220.975064
5108.860458
6065.425055
6088.207929
6029.136612
4729.597371
6701.439471
5646.286847
6763.518779
6166.240975
5887.803521
5303.756808
4767.573585
4228.158313
2646.775938
2931.203048
2930.677645
3209.263151
3395.825304
7204.524806
6454.2528
5685.593157
5849.091536
5824.605841
5905.715735
5596.942655
6432.30237
6223.328384
6790.011204
5186.404615
6003.679362
5935.235113
5505.974207
5797.395177
6402.561611
6157.564742
6057.364357
5115.881421
6351.188786
6183.079442
5610.356917
5849.921532
5258.091784
5200.841519
5113.638254
6461.96177
6287.229056
3318.638908
3652.756712
4091.059264
4194.263232
3548.972678
3355.612523
3205.743794
5898.558154
5676.953851
6225.522301
6406.306283
5200.659777
5966.466928
5937.698673
5924.95627
6569.389974
5845.160576
5942.149018
5915.65022
5669.833557
5423.649415
5696.318634
5980.397578
6550.049189
6374.328595
6135.370261
5916.92245
6443.932794
5682.914388
6169.393124
6611.933808
5787.108256
6303.919098
5902.265266
6357.308647
5504.669345
5513.283055
5805.584816
6156.939146
5791.840121
5830.955528
5467.444034
4231.68249
4494.887513
4104.699915
4366.137385
4267.500595
3880.076279
4093.688435
6287.987386
5318.101625
5745.342721
5259.014897
6269.60693
5457.937611
5968.42953
5828.880947
5585.451657
6308.935362
5639.370147
6160.696527
4957.530266
4979.730178
5509.064957
6226.407128
5768.139606
6211.224719
5227.960853
6153.409701
5415.662377
5273.034182
5604.195672
5419.620187
4864.722681
4878.717397
5579.234352
6263.372955
4946.493926
5374.686374
4478.668968
5368.167699
5588.089633
5875.05418
7031.897341
5020.499975
4752.501298
4492.617696
5725.517965
5072.613676
5395.084245
4734.235439
5395.280706
4205.363847
5167.437419
5371.341726
4455.336073
5273.317063
5037.609932
5468.371446
4842.26919
5062.296739
4749.289045
4535.810962
6151.226255
6535.190574
4462.478144
5237.849999
5937.383411
4154.659509
4082.174259
5033.343023
5630.746637
4200.27915
4545.934303
4277.079783
4204.590789
3592.025387
4885.808929
3667.652234
5679.869227
5767.775918
4166.029199
6001.983329
5454.808938
6346.567801
4899.318998
5281.192399
5422.099094
5551.688236
5567.409176
6315.690002
4809.491674
5633.567196
4774.555914
5429.728925
4716.988232
5024.418875
5356.464993
4538.734623
4856.903295
5568.242588
4471.375354
5252.932244
5030.391118
4732.066576
5993.860548
5157.66548
5248.860094
4204.590016
5221.57414
5704.04271
4528.219795
5124.46926
4400.617623
5272.316341
5375.834895
5182.948888
5132.341336
4538.842657
4385.085646
3762.800736
3436.431683
5675.507546
5215.626159
4259.871884
5197.322615
4833.352784
3966.088465
4993.382646
6270.489465
5809.397721
6175.614038
5453.636015
5530.155627
5116.791874
5935.680624
5826.101517
5528.986246
5185.323055
5530.923125
5745.462364
6521.996377
5434.974582
5547.981369
5685.911765
6005.504097
5822.122995
5378.454102
5288.28978
5017.099256
5866.443299
5003.446803
6027.853592
5243.785365
5043.696844
4482.73468
4505.579985
4742.804197
3921.877442
5119.947561
4661.75749
4121.965256
4334.547651
5214.680836
5992.045323
5979.46516
5403.705267
5753.769411
5584.524895
4807.992944
5602.967277
5270.809479
4742.85585
6520.54922
5871.17127
4867.507884
5628.741257
4812.229217
5170.833019
5602.305427
6284.559698
6420.147072
5149.983403
5515.861542
5149.150877
5266.410315
5682.628739
5569.121554
4791.153504
5903.757069
4808.218112
3187.558365
5205.010803
4071.920335
4585.292241
4364.556532
4119.798201
4572.047834
5380.184517
4671.796051
5165.654924
5128.762749
4821.532124
5461.898594
5041.333903
5686.305179
5215.490446
5083.582032
5279.826838
5249.612659
5017.375962
5769.692625
5509.99762
5256.259897
4951.538454
5097.595692
5722.280429
4968.072922
4430.161461
5866.051363
5200.195252
5026.648546
5182.887865
4522.089304
4967.749041
4399.281499
4226.144151
4919.24162
3439.067177
3887.4835
3897.09576
4209.204683
4246.554359
5255.041873
6274.743516
5620.271247
5083.133861
4986.394163
3906.381358
5153.606246
5054.465975
5858.096088
4987.886485
4408.160435
4347.040801
3887.423278
4183.767523
4539.575443
4965.219297
3751.945639
4076.235201
4176.681216
4159.488141
3769.713222
4789.246703
4532.251528
4212.306841
3267.603825
3560.873124
4479.229811
4222.884523
4521.965966
4336.688076
4793.068682
5650.25908
4754.531164
4743.827285
3930.273317
6497.049019
7024.093415
7007.012211
6456.748804
5425.852786
6247.790445
5094.669116
6944.296479
6029.991855
6434.140629
6199.241595
5984.294138
6540.661912
5512.848137
7255.607382
6925.150746
6805.775426
7149.222079
6859.773306
7013.096092
6332.660729
6797.455419
7721.57356
7118.201754
6777.645585
6017.834222
7037.358338
6664.147729
6760.350362
6126.007462
6687.051188
6047.801027
5719.965098
5714.217937
5497.925453
7054.376881
6839.638494
7257.738483
6914.600166
6696.875009
6133.215775
6203.220661
7351.292101
7291.955151
6941.729919
7218.677268
6927.468929
7195.074608
6067.032405
6138.582202
7720.598609
6687.350956
6643.165661
5720.841156
6633.447381
6838.700945
6664.783735
7535.5612
6906.730964
6434.807875
6396.14062
7616.269194
6257.149562
6553.04782
7696.860434
7129.174908
6455.923673
6803.655642
7006.14672
6694.906472
5469.426103
7628.779836
6479.139548
6552.540052
5470.325227
7009.126845
6211.688828
4526.482532
3824.883189
3568.181221
4821.826075
5236.571888
4881.044446
3731.381133
4654.335021
5126.548844
5543.291592
4227.133386
3690.950834
5120.934052
4455.447586
7561.394321
8817.814319
8057.625926
7529.404076
6449.878011
7579.507714
6460.611697
6672.45049
8201.390697
7250.666194
6554.726473
6043.620189
7111.884938
6314.59512
7188.033997
7264.449004
7365.969261
8236.758943
6072.13321
7931.769841
6718.087128
7338.763202
7921.798433
7470.497196
7686.722538
7187.225307
7733.272413
6875.356228
7711.820883
8017.601865
7546.046289
7709.560756
6488.183259
6658.800184
6745.906611
5645.706008
6891.653316
6983.792143
6196.553978
5830.347006
6743.640707
6753.330654
3863.277766
3319.554409
3549.088837
4115.530904
4225.053837
4489.556666
4286.198516
6832.975558
6354.556472
6291.654463
7040.642611
5964.250546
7029.522354
5583.57805
4476.048768
5640.760927
4341.023703
4755.667457
4529.468254
4312.827021
4939.449721
5694.31569
4911.080505
5344.569311
5180.161302
4603.081592
5096.785704
4427.652255
8321.458527
7160.005893
7582.200024
8209.203315
6687.784534
7792.260568
6476.679326
6016.494199
6462.91057
5949.221373
7739.754191
6378.681353
6569.025266
6424.318925
7380.711318
8847.267244
7865.356537
6575.064323
7219.437181
8066.522546
6952.052836
8174.711029
7188.895216
7269.088539
6963.21142
6344.042954
7267.033745
6430.803232
7015.262027
7011.645648
6959.110297
7960.854982
6229.647521
7438.67043
5925.849976
2886.827335
4126.698114
4806.342311
4026.649812
4542.323955
5400.244236
6243.383676
4996.56299
6199.025592
7018.96815
4424.349809
6147.225524
4980.802237
4972.128293
4708.182476
5034.508486
4573.189081
4583.892734
4380.554471
4959.104124
4490.006966
7605.998163
7653.332367
8231.655419
7253.770833
5974.550112
7242.523796
6263.501902
6769.377175
7843.195749
7811.016732
8019.649396
6364.642873
7573.130926
6699.818449
6707.328537
8500.083471
6772.688376
7147.405225
7203.766228
7042.051616
6593.268628
7605.516192
9012.719023
7675.661278
7363.970403
6960.715992
8822.477865
8075.756266
2342.88427
4317.818324
5662.03288
2665.226264
5964.895917
5184.735243
5495.267501
5127.506467
3890.919643
5706.541954
5499.683015
4613.637793
6087.156969
6083.326132
4235.107726
4856.750993
4636.212593
4505.580088
3799.105203
5096.64196
4653.733446
7348.957181
8202.176903
7823.119492
7872.437562
6665.214976
8436.79358
6510.816785
7190.599536
8896.670431
8724.143856
8264.37496
6431.25748
7261.692305
6452.365377
5586.899603
3293.182036
3181.582918
2750.982856
3073.462149
3623.009993
4698.998334
7383.873846
7384.204905
6711.554467
6550.42137
5948.766771
6772.619603
6261.983489
4350.034707
4851.479004
5896.204468
5264.37484
6565.587918
5084.286612
4158.369568
6307.644358
8258.768423
7422.525702
7950.813621
7020.918908
8486.672572
6722.831176
8115.115261
8568.79767
8301.228804
7705.20769
7084.824502
7622.851813
9006.554946
6429.729611
8500.672669
7871.128966
6937.366197
6171.626005
7470.753331
7621.112354
3047.574554
4277.131626
3049.570248
3525.148756
2359.813787
3399.274522
4061.446221
7355.043172
8325.849402
6882.790232
8170.756993
6294.193925
7609.438087
7065.298342
4873.545762
4782.998389
4436.832727
5467.459103
4460.384266
3661.209339
4512.631364
7499.996479
8420.605253
8157.530087
7742.028503
6427.619758
8752.100356
7169.315909
7968.804943
7398.796296
8008.878184
8250.347202
6793.898353
7382.768057
6658.65587
8363.152124
7928.167773
7921.128267
7617.442516
7201.876354
8254.560626
7723.397354
5084.097832
4448.579264
3513.057765
6037.98327
5285.55085
4881.394699
4051.598631
5414.224254
5723.857917
5154.392348
4315.665083
3363.852657
3775.073007
3220.914614
5169.761649
4887.76443
5172.287238
5480.01003
5233.560331
5556.173613
3949.348136
2403.277398
5602.153795
3042.178496
3371.82607
4869.071747
4532.895198
4924.644059
6472.051717
8193.28759
6788.675454
7054.856365
7036.461153
6873.719456
6823.208058
4759.62348
4136.832503
3510.624093
4974.958999
4574.428833
4562.301167
3778.266028
6060.135364
5501.491587
5972.189493
5623.227553
5534.207846
5169.474181
5755.907681
8324.077605
10371.30265
9064.54649
9069.778407
6677.263488
10083.07322
7486.289191
6689.367396
5700.969551
3846.968332
1963.745502
3490.102122
5933.4342
4438.203781
5753.237056
4707.011312
5541.408283
5938.673044
5654.375125
5161.717928
4798.432979
5581.917646
4678.76066
4816.516536
4564.366295
3925.213449
5432.114155
4179.357939
7910.825464
9884.015811
9162.023441
7028.28601
7924.572131
8455.337559
8075.496669
4503.561635
6008.925495
6090.085211
3762.939085
4316.850751
5572.614767
3828.736678
5461.527265
6196.35021
6132.115438
6080.695741
4814.793226
5697.170058
5455.789281
3563.001859
918.5456414
3166.983401
5381.557833
2331.659834
3005.762039
5165.074431
3575.689977
3433.744659
1951.933467
1481.252156
2385.583626
2827.454451
2800.033643
3920.97873
3980.261376
4714.211232
4792.88984
4872.766215
3467.603528
4003.451974
5508.015581
3845.347969
4064.577827
4919.774335
5833.738049
3639.315269
2761.616634
2194.222206
3616.419245
3864.965369
3127.122558
2136.126272
3204.583212
6254.496019
2276.297809
2869.056981
5276.589059
2190.636523
3619.711399
4306.647903
4094.854134
3709.142581
4171.921265
4776.799423
3531.668187
3289.212669
3874.704246
4025.178113
8067.58707
8769.801644
8359.831267
7942.375266
8312.185285
8167.245198
8217.31501
5105.2234
4532.015123
6733.169781
5147.563632
4498.415642
4756.507555
4236.59886
5801.173229
6092.492619
4160.288743
4569.166876
2532.732839
3964.011647
3603.517379
7485.034044
8946.725673
8221.267318
7159.179494
7158.148265
7695.330148
8486.45761
4659.790058
4468.231484
3652.165911
4001.038379
3767.605094
3866.310488
4829.84263
4847.860447
3382.904487
3131.768995
5042.53195
3148.195885
3990.679322
3319.817608
4859.807179
3944.349122
3468.92773
3865.111129
3683.092852
4453.300384
4601.121305
)
;

boundaryField
{
    symmetry
    {
        type            symmetry;
    }
    inlet
    {
        type            calculated;
        value           nonuniform List<scalar> 
1442
(
2955.316133
3147.368952
3052.849481
2990.593482
3316.267629
3133.008319
2931.413887
3583.886603
3561.106591
3324.932917
3219.481574
3071.796618
3047.663724
3275.671036
3214.637958
3145.950874
3083.611504
3040.753548
2578.577162
3142.424267
3399.036639
3470.68037
2950.72408
3055.475981
3217.194905
3164.755189
3467.548075
3318.027915
3159.639404
3093.336773
2947.755894
2950.108684
2554.667789
3470.25837
3391.055615
3506.649411
3565.497093
3515.925188
3436.037827
2659.522755
3341.325611
2883.408074
3025.801376
3126.256004
3124.599285
2787.270217
3005.944041
2847.813158
2681.801113
2741.079068
3505.971173
3061.105298
3594.954128
3532.663002
3760.33645
3439.652678
3087.654628
3350.070746
3121.487102
3078.421584
3288.014054
2992.059744
3288.954464
2783.240621
2727.472725
2779.053797
2633.999733
2728.840858
2514.144818
3311.887617
3610.856854
3260.322192
3441.214832
3365.794214
3398.586297
3058.948554
3263.229842
3169.069389
3041.918724
3142.359294
3089.131197
3204.940462
2990.634927
2710.660209
2746.470528
2762.616176
2790.477013
2553.047046
2577.501559
2345.307159
3583.393161
3516.777954
3381.055393
3328.250626
2984.048778
3359.69525
3304.358062
3418.806759
3474.931303
3191.714987
3160.352794
3251.144195
3109.070251
2930.446742
2988.339353
3010.821559
2659.024134
2538.061968
2562.096157
2594.061089
2647.869118
2271.019047
3282.042341
3226.52663
2945.952521
3366.527396
3661.527835
3240.038321
3254.670317
3048.663565
3471.904454
3395.915048
3418.599107
3242.865473
2827.182486
3175.89987
2696.065727
2768.579168
2618.567912
2791.704584
2703.179568
2386.393799
2183.066996
2494.549483
2527.840217
3744.962504
2977.316163
3534.996867
3719.023877
3320.092404
3498.01266
3386.576426
3412.426641
3621.473732
3659.992026
3298.40727
2927.056708
3091.889708
2500.739645
3172.317209
2693.758145
2740.854544
2509.521446
2882.778027
2849.720652
2161.100411
2542.759601
2177.628105
1964.722013
1933.330159
3655.495336
3258.235259
3172.820145
3930.398342
3598.664609
3159.694132
3316.882951
3689.905441
3667.131726
3189.063247
3196.382292
3604.854
2726.933062
2881.013523
3148.801938
3363.606712
2935.248202
2806.515786
2665.239458
2395.736121
2365.763861
2197.456102
2190.876526
2137.766775
2065.765937
1866.475979
3320.4483
3886.140013
3799.479225
3326.8442
3584.727095
3344.184585
3497.252263
3325.042084
3652.910844
3072.394468
2837.632791
3904.735268
3013.247461
2691.933105
3136.149551
2879.266534
2921.307534
2940.435278
2887.130191
2697.50518
2474.804978
2519.575817
2408.028616
2065.396596
2059.180181
1793.852551
2076.622329
3835.745745
3640.531092
3386.632241
4036.151355
3629.710746
3454.161197
3360.408081
3166.218813
3473.039265
3535.441011
2865.297494
2978.914148
3093.598652
2818.915742
2749.677242
3414.795118
2813.380268
2743.408862
3078.708139
2669.135562
2622.618178
2606.265203
2115.588587
2328.179396
2053.935421
1628.017727
2031.184729
1698.165178
3824.037221
3646.338482
3197.361087
3503.631897
3367.267188
3302.062752
3246.921401
3542.820845
3151.244259
3694.08486
3195.36838
3279.098634
3419.496843
3473.025944
2622.015139
2736.077631
3007.733324
2686.513796
2717.82631
2443.354917
2810.998229
2453.970888
2335.749569
2360.904072
2183.212432
1971.248537
1838.493879
1827.502028
1659.091063
3966.589756
3689.368834
3578.32098
3909.987726
3421.02456
3962.330264
3100.650328
3366.688789
3242.835841
3340.577047
3332.565797
3535.157456
3004.210533
2835.146208
2743.880938
3057.353648
2978.801269
2641.166167
2878.784148
2771.290938
2529.921698
2418.916402
2342.679008
2196.463819
2280.722726
1935.772039
1728.889469
1729.697688
1472.041039
3608.226801
3965.93857
4574.87891
4097.73151
3752.029964
3900.900428
3563.085356
3949.357885
3512.309083
3858.680961
3762.238479
3569.299152
3454.420856
3052.853867
2869.854815
3319.839845
2673.513663
2734.421165
2816.288244
2835.06522
2377.515755
2656.763894
2272.30282
2174.381783
2130.219228
1973.531364
1974.817916
1885.772735
1370.211878
1353.67189
3356.854726
3615.576624
3447.231071
3807.316765
3175.630705
4244.332869
3590.237974
3750.331969
3673.213463
3857.428222
2929.73344
3109.008083
3414.128912
3234.891687
2970.893339
2809.190811
2992.745548
2764.788662
2546.684075
2340.274712
2457.745007
2224.366588
2224.520407
2306.658607
2248.026183
1880.01623
1636.70934
1679.706048
1471.560469
1403.137293
1211.714733
3649.422049
3906.661487
3957.603925
4082.960992
4409.098676
3892.28011
3642.576391
3745.509615
4096.178596
3576.660184
3707.355365
2924.595669
3171.851759
3912.877737
2993.63601
2576.931512
2812.720072
2794.311126
2658.396242
2489.952191
2080.127246
2297.8274
2188.7315
2230.292657
1955.056509
1910.426517
1910.05962
1829.126871
1856.082734
1638.960642
1368.097055
3462.621728
4091.074168
3847.253301
3370.41363
4250.141119
3432.644311
3877.0882
3782.272773
3394.998087
3488.056505
3514.240075
4124.620722
3129.784958
3641.922532
2513.72989
2851.61126
2758.105285
2839.384698
2419.592568
2543.149409
2547.442856
2596.604795
1975.547818
2231.521693
1931.426865
1985.649312
1519.63195
1528.451694
1625.731617
1276.56816
1137.486389
1277.227554
4099.446317
3904.296675
3058.871842
4020.138587
3711.180791
3216.721431
4517.057942
3729.044408
3933.917196
4135.670289
3824.12046
3704.468052
3689.281652
2957.327989
2597.588895
2933.25615
2818.460153
2518.662556
2319.360781
2496.43269
2472.440805
2348.855844
2263.35158
2242.669135
1831.359359
1574.951813
1854.645684
1370.349113
1303.896574
1432.211223
1245.792315
1129.914716
5388.438857
4426.929174
4730.863042
3899.801709
4501.180239
4057.208291
4194.179039
4100.933153
3725.479474
4355.613995
3926.158237
3052.959583
2899.75489
3324.545889
2882.462193
2418.251842
2615.403512
2480.962077
2563.401754
2544.971749
2091.73899
2137.402359
1853.970154
2232.792265
1801.272419
1803.072267
1749.350744
1727.493288
1786.415984
1446.835141
1320.543885
1108.081135
4452.44298
3648.908245
3630.856175
3990.207178
4554.977668
4629.185453
4797.711505
5167.012621
4652.669745
4402.385664
3195.803995
4166.056471
2535.839542
2851.411686
3008.96784
2900.001006
2602.173825
2758.916815
2613.494173
2589.680841
2154.023422
2019.957421
1927.280611
2160.05936
1971.956232
2117.699349
1852.247775
1489.356377
1627.573772
1505.504402
1016.116313
977.8885405
1118.245075
3857.22046
6074.991003
4218.4926
5078.282491
3548.099325
4151.414195
4647.661801
4065.901256
3758.548557
4714.498133
4505.986641
3735.061462
3569.114582
3550.129482
2744.600769
3040.298914
2702.677501
2553.571234
2476.660876
2388.963504
2535.639114
1845.884922
1819.784424
1842.091237
1833.375661
2028.614904
1750.526182
1830.171312
1370.241961
1452.397258
1562.030432
1090.399803
1092.198187
4518.039308
5191.37668
4867.520113
5265.378045
5300.473657
4318.885971
4717.186812
4525.858309
4374.476826
5070.14314
4681.55709
3894.038513
3327.165255
3393.582772
3093.810189
2754.64172
2678.022978
2202.921353
2166.42691
2095.130934
2304.715637
2095.895164
1964.127113
1866.07983
2054.844641
1698.309836
1458.805511
1265.515645
1500.562192
1799.362135
1258.427644
1222.867251
894.7784469
4377.435512
3977.045146
4733.568903
4669.060949
4811.297581
4057.364301
4040.019225
5124.671375
4288.926388
3218.026974
3952.853768
3577.234523
3841.764449
3288.346552
2664.992366
2322.169094
2120.890518
1989.785399
2381.950668
2248.314904
2195.254597
1991.508006
1856.37184
1875.810803
1857.002486
1698.763317
1689.693872
1565.988071
1797.944732
1299.146393
1240.569472
1236.492626
1047.768382
5596.110833
4268.144184
4694.133112
3874.236801
4118.623267
4339.33473
3515.306144
3989.557768
4809.087337
3571.918981
4288.134479
2518.234037
3182.574023
2614.28077
2459.964908
2103.472891
2376.372437
2075.848988
2454.402742
1917.5696
1849.7542
1864.890022
2035.426383
1551.914733
1639.180809
1723.96209
1734.310394
1568.298396
1450.602235
1671.667274
1054.881467
1173.222552
985.4943671
1111.835949
4433.117692
3756.165788
4088.928393
4166.087664
4566.319337
3658.486938
5356.203997
4841.344397
4156.792538
3533.151621
4282.533104
2625.027438
2381.717753
2646.973256
2392.086683
2171.869774
2363.913024
1908.038338
2251.636587
1589.873602
2027.120413
2064.162588
1887.245142
2202.640739
1589.610298
1710.327969
1799.472437
1416.246952
1137.71881
1337.576967
1281.375121
1369.230978
1134.18176
800.1922741
4870.012935
3763.178416
4503.146199
4184.036888
5986.723448
5172.99534
4903.703928
4427.281429
3681.721804
3305.4501
3001.231689
3043.012103
2782.739517
2827.329894
2220.957109
2628.450684
2397.863323
1982.180739
1913.438781
1858.944585
2168.764719
1851.358959
1730.078938
1651.169484
1563.710584
1654.775361
1427.461095
1571.13323
1362.269874
1290.244319
1212.838171
970.043188
904.5207715
813.4280415
5490.647178
4113.712719
5077.18267
4066.243715
4995.654129
4612.540063
4178.938436
4382.46235
3254.74794
2590.304493
2741.046908
3028.577648
2543.873838
2486.605698
2242.952983
2220.524069
2225.559663
2345.623094
2085.756167
2075.12602
2070.384004
1817.889392
1714.346066
1542.571621
1734.290776
1325.659187
1363.610501
1188.424662
1273.255234
1084.199026
1282.529579
995.9705147
1005.468876
960.5266407
5137.170471
6038.682788
5128.173313
3531.100544
4271.603857
4824.900882
4159.540596
3909.346939
3551.044124
3726.120536
3274.802459
3085.772452
2628.487935
2192.318951
2167.850876
2201.327685
2145.147775
1870.803846
1956.651419
1827.668168
1802.261222
1679.521084
1830.469514
1564.664081
1569.846669
1276.154878
1511.87467
1546.916021
1314.870538
971.7910418
1302.274571
914.8760881
635.7299956
689.6775631
4126.10144
3148.368088
4656.871275
3730.864618
3985.393963
4814.513896
3198.837909
2804.993964
3211.656652
2323.329895
2628.96565
2834.396791
2540.227429
1902.717918
2236.339212
2047.923935
2095.944768
1843.004987
1878.257325
1789.317122
1729.862975
1778.633934
1508.641486
1675.093844
1713.53521
1404.322879
1303.826021
1140.746014
1128.713728
1051.663827
874.7968325
896.9002493
662.1860542
1073.21626
4169.200202
3734.675194
4118.30089
4157.702251
3893.699561
3952.721091
3834.691368
3133.75706
2350.536787
2198.22288
2230.686843
1983.511617
2548.763536
2013.043051
2140.14236
2037.469076
1990.914581
1900.458086
1733.646167
1913.319933
1487.106353
1579.056626
1557.694602
1686.47957
1511.449041
1363.054297
1327.35
1034.750242
979.1822346
1040.124892
867.7896627
953.7746963
807.9827196
4943.578594
3758.102808
3449.168619
3703.776579
3511.491746
3175.619399
3531.975444
2921.09916
2710.267312
2507.444877
1774.186051
1993.445545
1926.03034
1989.708586
2251.065531
1802.835703
1709.883385
1794.514733
1720.777097
1664.811489
1790.815622
1578.107972
1513.680538
1497.99161
1398.358134
1186.861553
1062.581363
1250.913406
1155.645689
1009.56343
1007.052717
862.6283792
505.3422633
3698.109442
3135.239008
3552.881517
3271.269659
3327.516743
2445.216733
2765.812591
2465.101192
2343.306606
2485.678163
1837.206437
1889.382052
2168.607843
1865.129175
2176.570586
1458.566101
1740.009936
1715.958836
1608.914589
1589.375441
1376.350551
1473.89384
1429.296305
1309.641453
1545.753255
1347.179607
1215.813275
1122.372112
1068.429847
890.9959302
897.7262602
807.9212203
817.712504
2877.271448
3012.511121
2604.584694
2701.745474
2661.910839
2491.650414
2742.935369
2648.27848
2183.072278
1650.544742
1856.352195
2026.778003
1809.779862
1843.632055
1839.607562
1795.132162
1635.962532
1688.914077
1587.942443
1489.825677
1635.93315
1270.981378
1472.651943
1202.064138
1228.895318
1081.545122
1061.663194
1426.128934
899.8007889
899.9228541
971.6724514
597.7939491
662.6931667
2304.830711
2801.134714
2337.144802
2175.563313
3008.99022
2318.575438
2121.80371
2122.787775
1841.043926
1690.450695
1610.90062
1637.179447
1601.22526
1803.136025
1807.19454
1568.193447
1854.744963
1607.08456
1444.307491
1477.746061
1329.192094
1491.880302
1490.580637
1366.00327
1211.638264
998.1271022
1260.729685
894.8479303
835.6277797
824.9742364
621.0040281
727.5961317
2453.036797
2325.340604
2501.95251
2151.272093
2524.491276
1764.33031
2164.7397
2042.450354
2148.243451
2211.548032
2063.653274
1668.161965
1330.802127
1890.642378
1731.798438
1501.289106
1680.631516
1572.460819
1525.636015
1480.985199
1277.259452
1379.95905
1315.702362
1146.834763
1213.404501
1098.506831
969.0314238
702.2638229
890.5661704
735.8589816
987.7638306
736.5345166
2171.982516
2351.162239
2397.041081
2197.816131
1873.749249
2195.666537
1900.597967
1925.558651
1739.22385
1759.562032
1607.883026
1747.591989
1522.716445
1675.886917
1737.208375
1493.440529
1439.033931
1373.673129
1351.816642
1460.891371
1435.962977
1192.619784
1282.447703
1252.996262
1070.142634
939.5485044
1166.826481
998.229311
797.5321832
718.6025583
931.4224577
679.5478612
1789.155445
2100.547013
2256.951882
2476.443591
2327.86171
2150.428258
1836.629115
1749.44293
1618.942758
1954.572458
1823.688805
1582.570979
1619.251183
1767.605389
1602.868854
1706.102379
1689.249465
1520.825162
1341.952828
1487.684062
1426.580654
1154.252431
1289.83339
1023.413513
1248.177509
1163.220974
864.7783178
672.8361826
754.2268114
712.9398465
764.3196424
1931.877767
1953.054025
1773.012139
1760.677932
1662.464864
2104.059486
1890.070271
1825.154221
1788.509456
1634.180861
1701.287321
1543.854216
1753.116121
1581.421076
1568.376624
1563.813316
1471.225058
1379.44582
1433.476397
1287.209053
1329.203028
1232.523785
1177.352984
1066.83635
1035.224777
1023.505431
758.7070868
908.4384519
637.9679142
628.8797943
678.7930873
1772.766219
1952.07817
1822.488935
1823.354804
2060.688457
1847.325526
1694.936536
1693.347803
2010.643164
1574.034949
1489.664861
1670.34919
1582.68226
1454.836913
1449.914234
1485.223638
1362.058954
1319.67507
1343.704448
1094.65063
1298.548166
1078.916544
1154.173423
1021.509475
945.0757845
981.0880396
931.6343401
949.6022051
941.3085411
576.4920904
2131.510576
1809.135206
1843.715422
1649.988077
1721.795124
1988.007573
1813.106824
1642.212594
1650.491575
1788.824712
1678.70654
1440.837041
1846.368043
1502.582894
1638.657461
1347.206645
1366.991615
1502.008937
1152.981265
1227.83564
977.6116747
1229.045605
1009.70775
901.0489788
883.8301191
857.6804128
893.3963019
775.9033565
556.271941
1665.632241
1728.035618
1793.549485
1707.970089
1743.926448
1896.501137
1558.593369
1671.551118
1793.3933
1597.340786
1545.216252
1772.09177
1613.332451
1699.173535
1606.06788
1290.999488
1269.196325
1177.196175
1115.290492
1115.868981
965.5001404
1129.287861
930.5235435
1037.466879
902.237847
928.7174158
848.7835294
541.3035951
753.7455479
1501.221623
1613.720455
1595.956186
1757.20571
1790.312239
1659.517319
1513.856928
1692.482783
1642.815695
1920.675359
1628.964456
1486.71914
1505.120866
1531.977231
1493.036765
1229.415469
1255.401805
1081.963153
934.4946108
995.7441422
887.9795681
985.3617809
788.0638126
905.5243575
873.4493644
959.6317536
721.9091871
690.6825477
1761.592208
1837.970319
1656.90862
1590.16709
1657.441549
1484.993249
1501.433652
1334.083215
1426.83304
1478.713553
1453.50577
1454.784637
1497.844689
1358.537869
1395.344213
1075.174261
1239.004155
1103.636444
940.6188693
976.6914675
937.4190041
694.1916285
1040.969213
921.2705187
613.0404311
656.5088502
553.3447039
1633.134122
1499.640047
1829.58865
1542.938999
1499.568413
1626.934247
1595.457887
1370.205705
1347.701176
1360.985776
1354.375365
1299.68671
1398.0472
946.0869267
1157.653493
1171.885454
1142.453974
952.7311646
814.1005
876.2212017
777.3331547
846.4980059
816.7024573
816.2385814
655.4677239
725.6836493
1559.077937
1546.769643
1400.976436
1432.557922
1372.703784
1686.137807
1456.14596
1181.913777
1442.920322
1458.09271
1102.878027
1247.971945
1201.458653
1210.751244
1094.110612
1137.003094
1081.882805
1002.720877
886.3598863
846.7274365
776.2719825
792.2540625
1113.6871
843.934359
398.2702604
1283.018528
1526.938623
1396.14727
1436.230432
1526.463681
1577.43016
1551.65477
1585.519509
1273.255981
1285.809715
1267.15055
1219.445113
1343.778978
1055.027996
1114.764049
889.1977268
1045.71776
829.7938861
811.361887
854.1343467
707.651344
648.2711126
689.084808
1323.592963
1525.625328
1497.521593
1354.807236
1357.522163
1172.071898
1098.051306
1334.558236
1169.771904
1158.634093
1081.251558
1187.791304
1072.508151
1236.534783
864.3737487
917.9061463
911.0436027
802.8914303
793.0783517
766.1034678
647.1232312
698.9326408
1352.8992
1202.184661
1248.97651
1224.940011
1076.376413
1393.900303
1309.365589
1256.449087
1201.310877
1407.342852
955.7359352
1084.86864
1003.573824
911.4388148
807.4580425
981.6614415
720.8247351
564.2518293
778.1339962
842.9117264
711.0046528
1377.298351
1192.93605
1107.949457
1078.880064
1070.024234
1247.044252
1044.705074
870.9511796
1054.930579
872.5776429
978.1961697
857.75265
923.7057337
983.903868
915.3816387
918.3658971
801.4457832
713.7289568
677.8145703
1106.961515
1003.946227
867.9938843
1173.491849
1091.64827
1023.014559
1013.894325
970.5402053
809.7515837
963.0496089
853.8243377
1028.8998
602.4178259
675.0231907
721.8996212
992.0328462
744.33686
1046.645461
1032.989994
1117.54598
1082.748478
824.8576024
1029.456713
758.6289424
814.8213133
696.2343358
859.3087456
731.0996383
731.9936539
783.8266504
637.3218321
933.5578521
683.5944191
877.6764368
799.4408174
996.9244394
614.6894881
784.8007125
966.3763851
785.7875082
824.5653706
746.9272158
755.5321585
866.6557785
733.5172231
780.4055291
643.979257
653.6785032
592.1664371
851.334579
)
;
    }
    orion
    {
        type            calculated;
        value           nonuniform List<scalar> 
1990
(
3232.809782
3169.533107
2282.002564
1174.773001
2880.852321
3749.114559
1785.996453
0
2243.304338
0
1749.766177
1984.420012
0
2331.390718
2026.385509
1525.097691
2293.825083
1919.947731
2284.505679
2018.603345
0
2110.323969
0
1786.872347
0
2423.740258
0
2101.604817
4250.841812
1540.018414
1586.733108
2915.474352
2190.08936
0
2372.094795
0
1981.228686
0
2311.845857
2311.524088
0
1650.113025
4039.735663
1903.120004
0
1874.627566
0
2227.503139
0
2203.964401
0
2220.801916
2325.956608
0
0
2163.082655
0
2555.93434
0
2184.070658
1819.880386
4446.833162
1863.768107
0
0
0
1872.807162
0
2062.946054
0
1848.516917
2352.004105
1841.302391
0
2204.812587
0
0
1888.833817
1843.48147
0
1804.886608
1453.216277
1830.139902
0
2417.699188
1903.589708
2640.570733
2028.985617
0
1743.007735
0
1715.183931
1924.569531
0
0
1871.928197
0
2067.118278
4648.621178
2793.158034
0
1991.459689
1867.202705
1992.377246
1957.045122
0
2150.147729
0
0
1759.767739
0
0
2013.563262
0
1495.490447
2063.908313
0
2093.108978
0
1897.246034
0
1735.044721
0
0
2313.576101
0
512.4173712
0
1696.071682
0
3130.705225
4619.105435
397.1766366
0
0
0
1945.459389
0
1941.722235
0
0
0
2332.569168
0
5972.441912
3069.130269
0
1975.494799
1979.435783
1783.609391
0
2098.433706
0
0
2059.922881
0
1862.750118
0
2276.978022
4342.745795
4086.27735
2386.030069
3257.423194
0
1911.412023
0
1992.104371
0
1885.551166
0
2101.88063
0
0
2916.633449
5803.33667
3280.927817
1758.140411
0
1579.981941
2700.358676
1935.950974
0
2232.474491
1772.703766
0
1671.228866
2966.154643
3456.885229
3127.90877
1484.055343
0
0
0
2003.991836
0
2194.907443
0
3414.324549
4448.039337
3693.028323
6695.556
3362.396869
3103.190427
3828.308491
5045.083176
3015.255721
0
0
0
2506.708676
0
0
2514.169084
3671.746511
3145.397412
1570.199198
3058.049365
3962.282785
4478.760682
4457.078717
1371.696894
3579.446153
3845.727228
4193.86241
975.7046236
0
1395.55748
4148.783151
0
3110.260802
3606.460174
2264.868687
0
3326.789586
3965.891044
1820.431149
0
2790.751394
1926.60958
3387.406609
0
2136.075905
2804.335331
3922.092813
5402.102984
2794.682516
4120.875153
0
3559.965677
2477.024983
3296.033457
0
2483.016394
3154.962834
4415.068297
0
3112.009991
2596.574687
4115.954009
0
1800.042663
3028.750526
3914.406403
0
2220.987699
3211.46281
0
2900.208413
2937.118027
4145.1179
0
2106.666049
2080.99632
2007.389465
1793.91737
1750.427654
1784.394015
4407.829541
0
2464.734549
2175.35331
2344.063439
1842.925255
3453.9988
2245.091131
2043.174149
2222.385876
0
0
1889.142214
1666.151524
2119.48023
3855.072535
1973.482072
1955.734906
2170.780858
2522.963355
2373.888423
0
2173.315344
3845.85817
1692.407986
1862.806543
2217.368781
1583.629818
2019.742809
1682.44729
1736.978788
1830.307328
1717.551208
2322.964355
2704.363908
2063.129664
1987.549003
1806.694447
1971.486367
2564.880715
1600.178228
1965.824048
0
2164.215151
1410.745612
2559.046738
2346.738684
2662.71371
2140.860008
2603.414388
1752.726979
3015.482084
2528.486892
3254.317677
2046.829564
2041.20693
2549.435958
1712.408448
2189.68361
2480.9949
2037.908881
720.9290469
1982.747685
2285.920282
1891.900333
2098.352738
2043.977418
2244.055045
2359.926706
2304.120739
2069.526969
1647.251776
1909.477909
2033.837108
2124.845346
2266.921842
0
1399.936104
1454.683922
1821.561702
2404.444983
2291.629131
2078.287977
2325.832443
2154.923394
1856.565509
1987.790287
2203.455776
2431.028593
2397.653914
1794.824081
2137.636863
2300.822056
2040.187761
1934.667521
2117.961505
1916.637429
2433.219473
1810.830336
2262.459359
2072.697152
165.6221277
2101.578907
5208.41568
2394.6189
5687.865388
2456.080586
1412.295876
2092.57792
1783.185273
1866.743503
2089.726632
1877.442552
2140.444152
2108.397049
2029.3188
1876.968142
1983.541269
1936.803747
2470.843001
1914.818607
1868.350507
2203.076572
2087.382594
1664.199604
1994.155455
1980.428588
1745.406021
1617.724177
1980.07808
1945.357304
1904.72123
2236.003292
2640.559498
2197.646017
1764.452209
1922.396018
2474.005766
2193.700822
1881.774337
1894.179755
2240.569437
2813.499217
1879.117131
2176.109437
2582.033442
1868.863877
1862.757182
2062.861872
0
0
1624.237081
1907.801383
1920.951734
2493.94445
1524.777749
1977.901247
2136.365094
2026.052723
2158.328104
1883.587579
2010.896319
1873.894735
2020.500062
1748.860341
2058.089728
1903.095548
1967.693536
2347.062141
2089.597848
1597.936327
2125.094829
2090.977186
1973.287858
1494.039264
1316.033875
2055.435893
2665.935566
2106.386382
1719.717316
1766.591025
1954.899417
1976.022348
1891.8995
1771.031275
0
1914.466835
2150.995954
1937.154713
1921.887832
1949.605094
2009.33282
1973.574188
1911.347793
1863.566784
2185.202594
2412.785588
1954.545409
2066.01547
1924.678918
2034.025681
2209.731674
2228.774237
2195.26683
1740.827249
2103.100935
2221.162133
1844.914865
2031.36382
1765.349151
2085.414849
2030.601648
2043.057761
2255.572895
1597.224312
2037.615726
5729.508495
2229.637134
1996.158021
2276.617189
0
2129.542275
1363.431391
1926.818936
1834.635779
1874.512262
1681.882511
1991.865283
2057.503176
2114.289855
1892.543134
1862.169715
1706.190425
1781.51925
2044.929817
1882.911476
2443.816735
1977.876639
2070.546881
2134.654411
2200.946124
1938.317154
2190.942951
1937.698184
2034.027046
2088.706206
1827.734566
2418.364662
1833.470129
1897.621595
2500.420235
1009.662049
2013.367284
2012.96178
1886.236419
1708.396042
2126.503065
2055.408236
0
1896.762865
2221.328379
2236.165894
2099.182261
2032.398414
1915.321095
2030.180902
1961.165899
1599.518805
2080.926868
2087.283888
2148.099339
1883.181492
1733.166553
1942.563045
1962.509995
1857.315636
1949.929898
2471.33274
1847.250096
2642.76408
2059.306961
1989.221373
1717.524054
1686.319196
2099.133968
1668.696169
1922.542917
1659.742875
1751.23043
1796.297707
1754.170283
1871.580188
1836.08936
3635.287496
1830.824002
1804.376043
2009.88178
2010.362564
1821.609263
1873.419748
1857.388423
2023.621429
1973.813884
2310.640391
2109.114922
1919.110353
2067.612319
2508.254654
1945.939156
2171.224683
2653.042799
1764.903541
2019.223077
1776.156667
2095.673994
1997.894079
1821.146633
1821.735572
1784.223403
1886.264902
0
2119.128991
1715.373858
2159.207711
1943.730329
1972.474307
1866.828976
1972.670396
2185.781051
1894.453839
1962.0769
1886.160889
1737.078063
2823.283605
1763.231814
1877.914223
2047.356107
1937.19196
3074.085889
1680.072695
1931.081852
2060.571505
1806.93636
1974.269869
1664.462562
0
1950.827248
1859.369624
1816.589781
1886.210397
1813.848721
2594.001776
1750.372408
2067.881354
1795.653194
1795.942854
1623.611058
2690.352342
1597.597922
2021.075074
2158.651627
2214.546442
1921.418794
2158.373963
2092.383669
2252.345694
1561.140209
2247.174486
1988.580477
1960.245608
1960.681421
1930.120668
0
1799.576818
1944.054859
1911.497573
1970.264801
2435.657421
2056.147474
2177.361694
1568.046595
1799.854154
1791.229905
2172.014023
2177.397261
1681.245106
1915.968312
1782.036298
2172.384043
1861.736353
1776.975102
1889.153482
2136.706767
2085.897683
2041.120884
849.0437173
2338.777467
1708.858741
2061.106846
2119.30869
1690.668603
2037.871146
2339.172469
2035.48497
2516.627738
1713.855193
1830.531347
1903.251567
1799.53184
1625.32324
1996.178862
2094.67304
2093.585114
2164.001061
1985.212649
1874.119209
2136.793601
2357.399069
2157.089314
1904.520238
1984.443779
1470.620005
1285.565242
3015.152253
2249.271155
2914.510908
1825.085675
1653.134291
1902.620573
0
1866.762836
2068.776052
2050.477557
1709.952219
2070.980168
1885.900893
1751.458807
1957.225177
1799.035518
2117.782628
2090.62992
2118.008777
2014.694973
2095.908768
1952.301982
2169.382976
2120.299312
1940.749023
2055.885685
2426.483359
3095.431185
1978.849257
2103.361491
1838.312533
1880.498665
1772.133347
2050.556036
0
0
1980.179295
1999.277967
2053.281176
1952.804688
2219.987521
2092.591479
1874.423796
1674.357747
2534.676355
2037.500438
2873.63367
2320.445006
2382.757262
1938.483839
2479.961119
2021.573237
2227.580715
2268.282883
1726.087349
2201.939775
1626.362783
2433.077379
2085.436473
1215.665333
2231.687598
2659.647084
2331.256578
2258.777321
2560.134892
2516.278659
2484.058314
3933.686677
1963.805589
2274.69371
2237.061381
2525.564296
3239.933244
1876.977485
3569.518552
4314.651842
3876.39719
2665.583864
2441.365764
4717.46159
3154.993135
3060.809751
3355.284866
2360.804826
3537.399688
1758.086205
2115.82903
1755.633469
1974.901433
2240.309312
1382.26928
3592.364139
2755.47685
2094.611044
2535.256578
2036.18659
1844.322845
2085.350092
0
1838.128201
2552.43174
2799.168577
0
0
1837.278091
2191.480544
1760.380341
2125.283644
0
2310.425545
2627.469585
1922.074925
1615.491029
1675.432709
1917.166603
0
1650.072746
2264.204313
0
2504.756572
0
1895.27591
2591.34477
1892.721352
2288.20441
2209.375804
3053.001732
1768.240798
0
1830.755187
1621.124027
0
1700.89795
0
0
1769.515287
0
0
0
2920.240752
0
1793.283048
2225.600551
1909.436161
2022.377135
0
0
1779.124149
0
1623.283487
0
0
0
0
2038.127813
1933.372625
0
0
1922.280827
2048.08496
2202.141322
1929.379235
0
1692.018081
0
0
0
0
1751.987929
0
2237.831296
0
1898.576761
1542.117547
0
0
0
1799.137516
2122.087611
0
1004.639672
0
3143.455908
2993.250425
0
0
0
1773.758784
1838.463236
2251.712044
2007.934867
1987.544003
3037.137599
0
1806.742823
0
1947.733842
1756.347603
2051.031364
1885.762792
2062.394645
0
2165.154564
2088.926409
2031.858975
2017.841269
1921.73338
0
2698.281616
1760.68023
3091.618903
2488.199689
5713.295569
0
0
0
0
0
1838.227132
1021.025041
0
471.3915365
0
0
213.523083
4735.288606
2175.532393
0
0
1790.246355
1841.468688
1914.058511
403.6009444
0
1736.133835
823.4236347
3129.822515
0
2733.268174
3340.471026
3527.27801
0
0
0
0
0
0
0
1782.190841
0
0
2351.409746
0
4806.653973
2569.313675
4567.993656
2422.319561
7122.471371
2047.760236
2089.918206
1902.233957
1543.494957
0
0
1868.845127
3568.659586
3975.975821
2537.809165
2665.625968
2305.916028
2193.401535
2521.878077
2612.068202
4154.957696
2813.07776
3120.139022
2110.110452
4879.588416
2583.90901
2940.313323
3658.550373
5422.088048
3865.664476
2295.398011
2282.706981
3530.298491
4002.5581
2620.913939
3492.227561
3497.244534
3955.511477
4126.808431
2952.604853
4082.457562
3141.361263
2607.967372
3711.259052
3202.449602
4035.543843
3503.680058
2351.50838
2585.467292
2963.018848
0
2180.54092
6648.970626
2162.966135
3294.995371
2260.180839
3425.882169
4245.864956
1789.741898
7038.894076
2526.105645
3035.994901
2561.611965
2997.559719
4211.19484
4695.456643
2632.372461
3303.264004
3013.117508
1562.968165
1523.345823
1745.74107
0
0
0
0
0
0
0
0
0
1773.951982
0
0
0
0
2429.187498
2066.404263
692.2252199
2170.185171
1944.402648
0
0
0
0
0
0
0
0
1973.017358
0
0
0
1864.933549
0
0
0
2046.952606
0
0
0
2612.829143
7340.67249
0
0
1348.414404
2613.89932
0
1817.732536
0
0
442.5493387
0
0
0
0
0
0
0
0
0
0
0
0
1844.298421
0
0
0
0
1724.631129
0
0
0
0
0
2652.176231
0
0
0
0
0
0
0
0
1611.107279
0
0
0
0
0
0
1629.101007
0
0
0
0
0
0
0
0
0
0
0
0
0
0
0
0
1774.16143
4428.589635
0
4070.479884
0
0
0
0
0
0
0
0
0
0
0
0
0
2247.507985
1894.618209
1856.862383
0
0
0
0
0
0
957.9388873
0
0
0
0
0
0
0
1982.831113
0
0
3007.702575
4405.498025
0
0
0
0
0
0
0
0
0
0
0
0
0
0
0
1948.55649
2052.472852
0
0
0
0
0
0
0
0
0
0
0
4693.15828
0
0
0
0
3594.245566
2535.949439
4653.03502
2750.945373
0
2070.39834
5051.341168
0
0
0
0
0
0
0
0
0
0
1836.000116
0
2379.071986
0
0
0
0
0
0
0
0
538.5201818
0
0
0
0
2076.235577
2328.814675
2421.875315
2023.738334
0
0
1696.57807
0
0
0
0
0
2426.200612
2520.886577
3729.292923
4133.773936
2731.609717
0
5971.174915
1685.649947
0
704.5665776
0
941.9150647
0
0
0
1861.011925
0
0
0
0
0
0
0
0
0
0
0
0
0
0
0
0
1831.718264
0
0
1965.499273
1701.744916
0
0
0
0
0
0
0
0
0
0
0
0
3919.137487
4240.164158
1876.968007
0
1896.334248
0
5182.713397
0
0
0
0
0
0
0
0
0
1904.988254
0
0
0
0
0
0
0
0
0
0
0
0
0
2065.736395
1752.232728
0
0
0
2204.665956
0
0
3158.985628
8602.386359
0
1491.036526
0
0
0
3450.113974
4372.425815
1202.564166
3082.651603
2981.082191
3363.715991
3145.262592
4771.969287
3010.78341
408.2909811
0
2373.270743
0
0
3727.092997
0
0
0
0
0
0
0
0
0
0
0
0
0
0
0
0
0
0
1832.668978
0
0
0
0
0
0
0
2847.330368
0
1829.204169
3471.683984
0
0
0
0
0
563.8630923
0
0
0
0
0
0
1784.412792
2130.017288
3531.674212
4576.708219
1299.901722
4055.830137
2355.976166
0
3411.362182
2352.992509
2070.322452
2792.9462
1493.323708
1361.264536
0
0
0
0
0
0
0
0
0
0
0
1887.311818
0
0
0
1866.895826
0
1756.500283
0
0
4178.007087
0
0
0
0
7117.625704
3453.907716
0
1491.129758
3507.568453
3613.950663
2575.27065
0
3077.643838
1496.535441
0
0
0
2682.226117
2727.187154
0
3297.759293
2172.400411
4962.243388
6056.774328
5967.783188
5354.590533
0
0
4869.063704
1559.451702
3590.437582
3830.441852
2443.18565
7941.090225
4667.401848
2375.227951
4074.365081
0
0
0
0
0
0
0
0
0
0
0
0
0
0
0
0
0
0
1512.178379
0
2525.138415
0
2288.81077
0
0
0
2472.498427
0
0
0
756.717447
2228.142742
3462.554996
3049.206023
3705.601507
5492.655296
2049.529121
0
4412.945274
930.0664458
3695.687676
3344.842469
3019.040753
3232.483569
2426.881244
3139.951958
2350.367763
2796.223595
3579.395068
2919.240253
3281.511901
0
0
0
0
0
0
0
0
0
0
0
0
0
0
0
0
1864.078092
0
0
0
0
0
0
0
0
0
0
0
0
1988.293713
2542.773243
2155.765989
6718.581844
3784.057747
4010.030167
6010.699404
4223.88509
0
3207.376353
0
4922.016766
4484.388925
3411.076638
2357.861388
3695.791393
2415.813014
6320.53926
3607.138531
1862.620316
4899.931658
4500.44657
9226.085626
2662.419847
2774.135821
4154.025438
2664.287169
2406.651064
1631.091592
3680.211976
1973.848508
0
3281.888221
1575.938721
5209.894227
4304.242838
0
0
0
0
0
0
0
0
0
2023.49583
0
0
0
0
0
0
1263.313703
2132.272888
3767.734393
0
0
3564.731422
0
0
2689.38895
3623.368553
3075.399696
1432.618085
5916.697383
4790.93084
0
4158.045919
6111.580273
3077.495593
3412.819316
4389.71629
2474.951788
4970.511674
3329.355883
5125.952024
5270.22936
3009.025386
4211.433723
1124.884874
4641.414811
3089.781766
4361.092352
3738.792649
3292.167123
4071.612388
1669.818558
6533.483808
6077.406389
1355.966519
0
3389.499661
2752.220987
1324.4951
3395.281965
2648.310128
2561.145201
0
5925.783041
0
0
0
0
3256.220855
0
0
0
0
0
0
0
0
2792.932982
3090.951904
0
0
0
0
0
990.3964019
3828.356064
3243.680358
4043.315851
3495.85859
6832.346935
3296.871213
3984.196897
3931.00766
3461.03513
3270.373407
4379.794508
3390.984538
5403.966305
1517.581968
3377.244057
0
0
3131.206289
3907.886497
2986.037694
0
0
5294.536594
3467.064242
3734.890269
3192.154435
1041.959132
5081.698709
3479.499575
2520.772717
3465.451452
6514.524727
1952.150123
4214.058512
4441.829662
4439.112592
3029.776578
2925.749241
2672.886547
3471.333481
2894.729924
2557.170951
4036.742174
3654.278279
2625.1177
3826.850433
3750.479276
7706.761904
4316.97681
0
2859.013164
2587.66781
3249.124372
2427.522203
2456.850588
2747.400233
2850.368276
2984.142958
0
0
0
2627.794745
3575.150313
4936.333081
3623.966267
3169.169919
2252.511032
3393.659747
3378.982653
0
0
0
3272.623275
3385.234306
3586.346796
3345.94906
2489.754185
1771.155101
2692.813827
2208.891611
0
1367.171725
0
4246.235664
2923.045947
2078.031465
2844.881017
2545.041507
3142.062761
4098.198532
4219.603384
3787.218867
3040.668525
4397.39907
4892.918568
0
0
0
0
2547.113611
3325.126204
2913.218952
4324.269944
3023.043213
2767.815398
4777.260144
2519.554091
2667.430402
2800.441409
3129.539118
3924.118997
3281.430364
3952.977726
1975.632105
3057.071735
4349.38944
4318.543308
3311.049874
3178.800925
4066.05738
4956.597123
3514.748293
3547.52465
3770.098496
3115.764153
2371.661798
0
2595.649554
2314.132421
2951.028414
3166.33138
2333.518026
3655.79291
2818.792854
1869.251112
2241.35885
4798.202351
4814.617764
3598.355641
4016.130861
4474.944066
2008.157991
3355.949076
4597.355038
2107.298887
4349.214185
5268.784463
2870.668014
3576.838759
3427.714346
4363.409324
2235.12958
2393.400719
4532.291538
2596.77261
4365.616895
2679.840301
3365.791721
2680.538045
2947.95546
3270.002412
3346.633877
1549.063687
2744.340892
4069.227983
1727.448353
3316.78362
0
0
0
0
2894.788698
2329.582908
2821.919426
940.1331488
3758.264796
3309.810532
3478.064756
2928.838803
2811.710306
3510.977497
2310.315902
2614.655101
0
0
0
2040.33253
4056.958517
3309.410533
3118.053192
3874.979434
3297.484738
3415.913734
4121.277944
1825.576937
4161.939225
2690.736261
4026.49678
2231.026081
0
0
1612.049484
3801.55745
3332.267955
3825.867304
1469.808782
2488.06709
4865.6016
3195.602318
4041.883865
5067.575514
3503.071195
3462.669359
2860.751183
5412.728112
3688.847509
3232.546339
3415.838597
5294.585961
3387.459966
3597.705541
3101.874522
2681.400842
2934.925823
4239.410302
3849.71298
4042.969961
2114.815866
0
0
0
0
5888.063247
0
4135.93112
2765.49042
3991.201877
2868.837315
0
4211.607704
2700.293111
2703.550082
4529.921321
396.5344329
3228.242864
2822.864703
3947.300801
4569.152663
3617.40189
3585.196764
3364.466869
4942.567559
4339.724719
4021.077099
3066.391363
2649.83747
0
0
4432.40663
3027.352873
2679.91014
2939.079784
3206.266398
4532.734978
3193.710908
3205.702957
1689.165423
3403.580673
2968.795475
2558.913204
3854.987338
4042.387994
3939.121692
2477.863795
0
0
0
0
2867.281258
3759.068112
3539.399745
2854.520476
3146.874668
1559.215792
3403.472886
4199.533293
2659.051632
7266.504547
4275.968489
4285.353325
2310.501156
4520.447755
0
0
0
0
4999.734864
3158.960934
3105.849039
4028.400091
2660.257662
5257.846223
0
2564.897149
3856.257864
2643.247969
4234.529219
2811.031057
3331.891566
0
1377.631976
0
0
3073.405585
3576.871677
0
3845.507537
0
3292.194727
)
;
    }
    spline
    {
        type            calculated;
        value           nonuniform List<scalar> 
3716
(
3584.387957
3131.382583
3340.823842
2300.878779
3391.252194
2459.751551
3017.960248
3314.105613
3263.125598
3471.118103
2954.266081
2021.689535
3223.694225
2713.23958
2842.150112
2270.997223
2729.650415
1564.252088
3523.302009
2870.219322
2676.499525
2725.470854
2537.49476
2005.804698
2273.821581
2439.176277
2458.142046
1322.278409
3188.080925
993.2093477
1217.396692
2841.547168
2870.430917
2776.718769
2760.040589
1922.985524
2137.759
1779.048781
1837.85794
775.4679235
632.0695092
2205.222802
1338.032937
1884.959383
2573.60166
1805.291288
2208.366844
2058.557772
1792.980604
2065.288308
2124.411714
1776.139971
1766.479287
2549.143266
2315.099781
510.5488044
813.3695277
1253.690483
632.3251312
1394.737779
1781.626334
2153.200032
2603.105383
1333.5986
1675.694444
682.1828947
954.8504956
923.3204235
1169.986261
1699.760315
2683.555838
1257.902677
1472.150484
1707.078238
2104.600252
1664.570072
572.803858
1033.499424
2352.920544
615.8309069
2394.380843
2440.901103
1899.222516
1774.64148
1107.873308
1211.895091
1342.079128
1055.466124
1212.835899
1780.318365
1854.330174
1823.69114
1258.043442
488.168797
413.5392114
2271.019047
1313.713316
2269.647028
845.7026443
909.1223765
1893.601247
2182.035353
1266.138416
207.8513332
874.1849448
693.9767775
762.7031641
1911.075967
2063.868962
1292.86335
1004.174139
1113.201996
1987.757498
863.896097
1154.671116
1421.256054
1624.399897
429.9365262
228.6146374
714.3610537
1333.31798
901.7979059
1933.330159
801.8744513
787.3729766
1178.226585
764.0633208
1180.371729
1292.627233
1412.96175
1782.536822
1124.934831
827.1194597
1152.497065
1290.738046
947.1409541
585.9789502
246.0013277
2370.084737
1073.763318
727.5934977
1252.825411
966.4386947
1238.73259
1679.978419
1681.62975
1619.914533
951.1138911
889.0457307
1182.476988
809.6397672
1194.319379
1187.620156
1453.373117
1542.363157
944.1707935
670.9309929
210.5470326
787.8198651
614.6655561
1273.435342
2006.841344
1169.930413
1824.405968
1698.900029
868.058964
699.1758803
761.3916075
1586.676844
1249.631051
618.7397131
573.6023246
289.0276367
402.1940596
443.3127679
325.0507926
2042.202792
1698.165178
479.2612291
1456.131086
1515.05177
1268.139806
1353.219754
1023.491292
1012.120928
878.7865834
1432.88219
787.0248979
225.7914064
215.515222
218.0017012
198.7620517
627.6736939
308.2727881
250.6976197
505.94752
647.9176136
476.8645477
561.1122233
1348.912124
1659.091063
782.8501641
825.2457286
1287.952502
675.5626245
899.7206068
394.2165689
269.353127
637.9261515
508.9723209
241.0038417
1472.041039
290.5306755
871.3145993
1353.864432
472.5171435
886.0647967
1459.301895
1283.657457
1489.409795
1278.009801
1429.506235
1099.130213
1136.874421
746.5637275
1106.091771
1054.560484
414.8333731
202.6286738
725.9617451
266.6206142
391.2816372
851.9619885
421.7007302
462.6902299
350.494011
662.2432549
1537.183419
1294.526204
375.1457327
773.4331146
470.1464829
772.0151098
799.083858
717.9942685
873.7625164
639.7451509
640.5462469
1240.018991
606.4301038
205.7193514
810.6499508
214.6757012
835.7927504
370.6455562
310.7888567
535.5456382
1184.454525
514.8789669
581.5525781
692.1489695
889.0122715
1187.121297
1301.135664
1052.76393
781.9336132
412.521252
236.9241383
394.9790552
340.398039
296.7887413
1368.097055
795.1902137
589.190003
956.4877331
1072.124315
563.7378008
535.2613788
717.7760044
622.6180226
563.6210345
499.1045831
567.3350726
739.6297784
812.5457227
741.6127557
907.7621629
1178.954708
930.1460822
621.9421241
721.6971722
1024.725827
372.2746165
398.7305936
211.0832301
523.314605
303.1189581
212.828195
441.4900253
738.5465673
1191.889311
547.3149032
522.5114551
386.5938999
669.2312806
1018.986271
942.7245794
1057.499134
695.2138141
622.7929836
978.853119
215.2934531
219.3845237
201.0754187
792.0617357
215.047483
202.6589509
476.8095136
225.5151181
1008.379537
746.7407986
346.3057598
627.6651319
272.4970629
1129.914716
257.4796244
664.9903981
586.441387
798.4839335
940.9309548
1092.761901
880.1056949
612.9265872
561.6485554
596.7278983
610.6657442
528.7824727
818.3096162
860.4098525
514.2621617
685.4962609
981.2905568
217.5232201
432.469809
326.6287951
460.3439785
316.3199013
223.8465305
696.7734813
457.0832127
478.2417369
345.8885253
335.0429208
374.352764
248.7704587
1186.480903
950.033227
979.3295856
208.4701217
571.3931451
698.4964918
847.9037907
874.5772479
811.3855902
900.4448401
609.5060364
463.5322889
528.2992022
397.4260451
415.4124606
514.1666958
701.5110249
684.1062389
466.5150367
652.2377486
533.9318078
294.1362021
238.1779347
1211.389189
1118.245075
282.4984914
458.7306213
449.7868366
731.4342829
893.7035681
865.6959637
595.6470648
547.3310863
585.1003925
426.7484252
673.5861986
525.6235663
365.7679394
347.3201395
239.8872137
226.9034406
640.9286504
265.8937073
675.627831
313.0499175
304.3228073
374.6923297
714.8742496
330.6300882
820.3421447
1092.198187
518.1306333
662.3812296
552.2790304
876.3440825
860.0292631
1089.801139
457.3696915
288.6621029
418.5194326
394.76634
601.0470713
346.0104106
545.0212695
514.4758437
553.4729263
662.2878865
792.833325
635.7388602
200.0304608
221.6655508
221.9057369
561.7386723
276.0135915
688.5321869
506.7730067
294.6150843
894.7784469
352.9684457
572.8347556
813.8689375
778.3324728
957.4097128
999.050809
500.3207287
329.6677915
469.0479688
498.2142424
754.6721732
459.8744032
497.5798229
412.1471088
515.6630276
562.556764
747.4156206
751.5749882
213.6372451
223.0065538
384.255611
216.5674001
642.7236404
223.5588966
214.6892812
532.4787234
213.3246715
311.7763231
697.5406839
254.012306
276.5037715
355.2896511
332.2548462
231.0431157
922.1899653
1046.703108
1099.123093
324.7122544
404.7823821
371.9218751
411.2157682
502.9825169
681.069546
647.2146858
824.8719279
852.1164258
634.5345177
213.5161343
227.6170115
211.1425855
254.9049245
490.316063
906.22751
328.825637
263.0657121
233.1757132
321.6700391
1095.178636
861.5890004
1111.835949
207.5941323
250.206725
469.4104014
352.7024811
728.3118642
1005.642
760.2027245
699.7288492
405.9722438
542.7155481
1346.985702
227.940094
605.3467075
209.8905445
481.198929
533.0893578
534.841847
273.4613803
200.2828755
228.793168
444.0553875
430.6517887
277.2563181
972.5373734
800.1922741
288.5033637
247.8641597
263.4795879
758.3645424
698.8074169
584.6440125
536.5141993
212.8456914
229.6556385
286.3064165
821.3543473
373.8062554
410.1234171
477.1956411
697.1375189
460.9733246
371.3392295
238.4349924
261.3527976
537.5165181
454.9640882
962.6340666
813.4280415
583.6815794
499.1721149
398.2496762
824.1273045
771.3513382
549.5716701
451.5072268
562.4162599
211.2986751
850.6889307
220.5745442
221.2833683
508.9576513
591.1063286
205.0342887
342.7067538
330.72155
231.7829724
358.4268392
489.7512232
655.4441762
836.8591191
960.5266407
295.5875436
308.3752031
395.0350536
672.1284684
653.5360198
742.5625933
516.6452531
622.429117
223.2390699
209.1971235
209.8541661
211.1440504
307.1434028
218.3466676
360.6139819
352.7342621
722.4671812
689.6775631
229.1008989
260.9059084
302.7649092
373.6944292
485.9235921
497.4427925
614.0518895
930.7553516
729.1345316
222.6082257
207.1605964
1142.302507
218.9107945
217.6267971
220.6691409
209.2039521
209.9819671
222.6196968
298.4641403
505.8198485
759.1796987
202.4706878
345.6425537
200.7230708
280.3175017
214.7022533
851.9158591
1078.842109
1073.21626
353.5991444
512.5966494
480.2284735
546.0244139
382.4878231
359.0713778
375.8451753
528.4767827
450.8631562
375.5733147
578.1572598
233.4663788
209.6863989
235.9757187
346.0305334
510.8370831
417.5368342
325.1841155
333.3121413
281.7443132
240.4300015
567.4660764
442.8857906
527.8746056
710.4375233
277.920476
339.5763973
432.9142187
527.7471642
489.6277523
527.6771397
583.2019459
546.4148216
547.8967711
648.9084548
484.8067034
230.3272202
364.768561
349.5497826
210.0836137
1068.100417
387.8649567
251.7118835
221.3288891
235.9171252
258.858104
320.488878
283.2020442
505.3422633
298.2350654
338.8010581
313.3146211
683.7976495
655.4616376
460.7336876
271.3969983
331.593641
319.472466
330.8978656
245.7763235
512.4092604
690.4638622
488.4679757
374.6459635
479.4379458
471.6907047
430.6993793
558.8795821
655.6042222
533.9600698
213.4718702
248.6147884
314.8009234
215.4907123
436.5462757
323.7300032
328.3957834
326.4904164
817.712504
514.3626296
632.5126059
752.5144093
554.5321469
654.4804294
626.3501581
682.897746
435.5703503
331.4642747
379.3441925
312.6964876
442.903037
449.4737195
398.00441
342.1074619
386.936689
467.5819911
454.8149726
237.3439055
297.2380862
458.689769
209.7505423
248.221687
498.6258937
359.5429083
375.5830444
251.9493253
249.9405323
353.2880131
587.2881215
680.4895205
662.6931667
374.5003476
385.2904318
321.7920339
320.1205108
454.0372255
543.8633556
456.6954175
354.3990538
491.9707775
522.559396
569.3398538
849.832433
490.0515706
427.7070773
545.1127149
534.4921232
535.6749215
479.2148501
227.5441372
237.5618902
228.5362033
579.7496688
211.8743058
195.4255432
650.7604176
442.6120343
634.0111251
510.4373166
224.9505372
404.0454002
198.5873275
264.9464974
251.2650984
215.090125
283.1999107
211.0213441
261.9266894
299.6893602
840.2351395
813.9038528
776.7103
331.682173
232.981551
300.5349512
272.3410248
266.824505
568.6303494
631.4564635
576.0214026
559.9026665
793.8006961
311.6050252
354.8119643
460.0348008
466.1725306
378.0014157
866.0699608
215.369145
206.5730477
274.8588272
299.1753529
356.9885803
249.5979127
220.4262088
272.9417757
531.7807784
736.5345166
240.6562986
358.9892277
483.6542385
564.7108779
498.2833016
411.0783997
266.8598404
248.1074394
261.2014485
294.6638216
332.2828516
366.0117383
452.2304892
322.0474492
322.7316623
395.3217664
352.9964231
545.193741
508.9356583
225.7761087
291.8607921
214.0226751
204.6532412
317.8849758
247.2306212
207.772464
477.3160407
337.4265889
366.1757934
468.4545359
673.9612431
679.5478612
487.5181394
435.5236202
349.390659
529.5880677
536.8660913
517.7981106
523.3017133
594.5259592
251.4002403
268.3836098
390.0461367
437.6399939
411.6002664
352.267251
370.0964685
474.2222614
559.412689
1155.147113
813.2540933
1176.481761
201.2274944
289.6234167
241.4237376
628.9799587
229.6263523
434.4300062
215.5605487
342.2721217
223.2153944
242.4023248
262.6490459
283.0518548
616.218829
420.483043
764.3196424
404.4572768
273.7523493
734.432658
694.9721894
662.0731028
219.1570537
316.2136355
398.7557085
630.0919671
400.0734237
330.3773023
316.7060551
337.7466906
434.3970358
339.7506318
266.9227407
368.4532028
512.1825127
371.9209947
368.0077739
218.1930045
228.958254
365.3946528
711.1072403
334.86566
215.8759011
229.1964012
226.9753147
228.2344162
212.1864878
333.1608318
442.128683
590.2002233
403.9276064
709.4670481
678.7930873
245.6145015
420.4379017
279.6858414
261.5855309
484.0351268
619.2313876
539.0245778
579.489618
240.3604325
364.9323475
543.0929263
362.2140131
508.0609139
415.2189498
335.9311484
318.0993813
508.8445488
619.335989
645.8146626
220.6031276
212.6042647
212.5290763
198.8017386
952.3690517
209.7664289
200.5841881
224.1360675
344.4871133
325.9072606
237.9273591
309.3451737
301.3467478
414.7181479
269.7472057
576.4920904
296.637974
235.4762596
342.6851154
522.4823333
450.6137117
654.2861362
335.3471515
218.8828506
224.1678224
349.9402129
457.4164834
366.9514505
408.8447551
545.5438116
413.1804354
495.8796493
403.9018346
468.4285905
354.8554464
392.7531438
220.9834218
229.0771374
215.565653
210.8100611
215.4686456
222.7620159
198.6022431
686.7347605
220.8096713
220.1378291
213.686743
215.1115718
516.523966
225.8175906
235.7677205
227.3528664
202.0328553
194.6591058
341.2088799
556.271941
508.3023372
308.9373032
321.2622147
715.3629892
425.3364207
453.0720828
462.8369334
288.8261619
378.1555518
670.8758934
522.3687563
530.5645219
696.0598932
801.7466489
284.0644113
355.4645875
426.270121
331.9445968
324.4495956
671.6018736
570.0884831
478.1798277
216.5695831
222.7339244
217.7733237
226.5693384
267.7516656
231.9966702
216.3785138
249.0696344
226.5696659
233.2062735
331.8144635
551.4398324
319.2520667
280.7181202
394.5055249
271.3732299
235.4093308
309.3520968
621.8887955
753.7455479
220.7831123
334.1698296
242.158505
437.9304808
405.8120129
576.5899958
856.692548
247.1844044
424.8137124
239.5853773
372.2772234
276.5629644
357.9580497
466.5497547
577.3992538
415.169359
336.685425
457.0145102
216.5377686
230.324721
222.2004103
497.6427269
206.6126337
353.0157995
335.722164
207.6657987
354.1176501
224.036105
789.0333901
690.6825477
284.4384582
242.8119641
655.8270346
600.803385
727.9410382
282.4349305
231.4697722
417.019056
367.1425185
369.9491352
368.3378353
369.8815688
410.5390727
509.3990261
580.7678518
330.6698673
349.0086029
590.9822679
199.2811269
310.5160878
561.4719756
203.2027425
619.9145374
230.6675366
275.3235324
210.1540301
212.34163
216.0726208
237.3280116
223.3478369
264.5541204
410.5413177
200.8403379
207.1045452
254.4284283
216.0487645
479.1206871
308.1802124
396.432947
423.2616365
553.3447039
271.7193005
342.9421769
390.5959555
726.2708375
533.8553393
289.3158883
288.000461
271.0133925
371.4151418
646.3487383
528.1271356
540.5033006
624.5455161
508.1441033
402.7797645
371.4373756
389.3581615
241.7431737
229.3716763
206.2859779
407.7451028
223.9588698
214.75253
232.8453727
235.7981085
287.4374731
223.0111092
219.3834323
210.115564
225.1002559
228.4248807
306.0006811
327.475397
297.692346
214.3324213
670.0276099
725.6836493
214.4558021
268.3294171
339.3065505
579.0299448
725.0543408
772.4346246
471.2860703
311.6925744
477.7561671
485.6713972
384.8174999
464.6986924
478.1357221
369.9286144
388.1832492
402.9639088
926.5950651
479.2060935
497.3174986
324.6552276
216.7532573
220.4596161
514.6601746
323.2217972
290.8720285
288.9753713
336.5345207
280.7189493
496.9300481
213.4894438
203.1737782
203.9751889
303.8712763
200.111977
256.5797754
353.289106
562.3177125
264.2150183
305.8970972
362.3995279
398.2702604
249.431848
232.9299391
671.1558724
693.085083
675.5987947
244.2462867
352.2509157
388.1229056
340.0614342
433.6945162
401.3162104
623.7381489
552.139723
582.5013893
475.8975557
574.6685007
520.790565
615.1323055
467.4766229
632.0162388
247.9634782
220.2697497
541.8441443
314.5193409
220.0662896
325.0150592
224.899627
232.4118565
222.6741525
208.4945979
220.0706525
215.2432661
307.3310495
299.9177774
287.6548195
213.62776
215.8152795
305.2644114
224.4617498
560.4909196
191.9252724
345.0902379
349.6496699
371.2924023
220.4707142
689.084808
299.1936953
663.3636707
651.9527009
782.392397
322.4291451
353.6946591
399.3984802
580.0990993
528.7967516
454.4921924
372.1019165
350.5772787
558.3345209
494.0062225
445.7191731
328.353862
276.5756191
384.081114
398.3528441
453.7967812
466.0305723
635.4320541
444.208314
224.9619188
260.8015401
228.836527
212.5825124
346.9991698
204.9284908
229.2682314
219.6120138
212.2514488
469.4520947
232.4985488
316.5061287
317.9199377
568.0821775
278.7553742
307.0105179
226.0832532
426.825812
592.9282215
268.741817
428.5804433
243.3630612
331.8042803
248.9324401
608.2040317
698.9326408
223.5994394
230.1248551
310.0657184
548.5464466
740.728593
687.240605
219.9849579
228.6946949
236.8706138
397.8628545
626.6158793
524.4119245
577.7875243
467.7577868
235.5419748
235.1403476
360.2979447
361.3001177
244.897262
340.5911437
536.5410598
601.842348
470.8476216
416.7729355
397.8121194
796.3534838
208.6208209
266.9430118
239.5256474
227.4133554
229.8446769
399.5095069
403.8219116
394.5462961
216.9270986
408.909492
214.7987853
666.2651211
217.8983967
211.3487123
210.8603799
269.8468477
216.2818131
238.0995927
359.6538623
299.6144928
294.7974433
842.9117264
591.6622137
310.9821913
719.7835121
687.4218899
711.0046528
344.3935967
466.4225303
565.379391
645.4910365
549.7216986
420.8647438
483.3063289
351.3968466
374.4574993
359.75128
398.3914885
321.3630795
347.5089557
619.2628098
522.8997009
499.4269096
236.0042736
263.1226717
425.7753678
651.1452399
545.4229956
425.4119295
486.0725178
394.5298991
529.4984225
534.6315761
221.1921066
298.4091762
553.5751941
525.4897708
321.1889818
719.5040657
413.3956127
331.5981493
338.1164793
211.7637777
308.2560502
214.169336
206.4273848
205.5284536
224.5564495
218.6663262
225.5918087
293.6839816
215.7956676
713.7289568
336.9925507
361.8020381
647.1727301
677.8145703
382.2568725
363.5364507
486.8029745
711.9256159
461.1305595
428.8070454
263.1773702
328.0247401
351.6692616
285.3387049
293.4405047
624.2395905
627.8997044
638.8651323
802.8147508
266.1083493
481.8667863
311.8330769
447.2797082
428.0876935
500.6752111
357.6007876
326.4497432
404.0641268
417.5735092
491.1979402
421.7915552
450.6322215
500.8304175
450.4268948
298.185247
282.8401082
261.7757306
314.5972387
624.0969212
204.2022593
395.8425424
272.221022
212.7350001
210.7389681
216.9061369
228.3829311
217.7062713
252.2458818
347.2504891
396.1654708
226.661053
322.2394204
300.1734471
305.8748156
358.3464362
498.8852853
239.5076191
250.4473735
283.4042442
992.0328462
287.6285574
276.0502258
686.4854482
716.542807
744.33686
205.9571285
204.8413782
229.7204108
493.2080465
672.329784
718.9915865
746.4001551
443.8535495
387.0990122
252.1361891
425.3470618
452.792965
402.9048681
555.8490959
324.177992
415.5415791
355.2049088
304.7932385
342.0589274
281.2624271
331.0890027
572.6404021
561.1509994
453.6870809
429.3434325
478.4434654
502.5027498
708.6134992
545.3185943
446.2843545
289.9254339
267.5281788
455.7994862
488.2449452
417.3903071
449.9755761
230.5875429
312.9101392
278.1580119
350.8900703
380.259658
289.8146705
564.136567
377.7834672
227.8584695
382.650326
238.620037
219.8347903
418.7211281
308.8920712
305.4471897
756.8334897
300.8978337
341.3065911
221.2032757
217.9402718
278.5834456
783.8266504
311.0770916
352.2428436
617.837492
637.3218321
327.9801561
447.5972306
417.0111733
630.5799609
734.5173306
881.1188431
400.6853924
636.4807163
515.1477697
606.5561734
524.6827697
483.7011043
264.7358574
428.2993054
259.1730844
513.0609566
337.5438722
591.4673378
598.4664203
589.2558473
728.7401572
659.4318125
215.5426517
422.5926619
569.4222388
577.4922197
576.6943651
665.8280856
526.1668591
440.2770424
408.4468088
401.4613133
518.8550335
430.2693446
393.7997935
211.9386292
320.0623176
435.4985394
348.5902164
529.7265157
297.287333
404.2856762
358.6670897
574.4781246
189.1015381
225.8385748
311.2104985
291.0558074
211.8440636
312.7915601
256.1661805
404.8550961
492.8383558
236.7742635
288.5167263
337.5824556
398.9363552
201.5003688
411.4894047
210.5718715
276.5463032
314.8112428
200.7209857
546.5224094
249.3415109
785.7875082
248.1817919
247.2202634
511.69504
824.5653706
283.5249889
323.671844
791.5206442
746.9272158
217.779616
303.2640775
439.6122479
734.9611206
856.3398539
755.5321585
273.9735735
584.9380305
703.3842748
640.6038652
768.9725648
713.4383294
438.7361972
221.8342165
335.6506842
363.3584375
372.9227688
294.3515
451.258074
582.9246051
583.4697999
492.6278268
726.0234105
243.3708186
285.9638461
413.4191714
306.0946223
279.7383521
324.6820697
401.4360709
338.6216781
490.2170458
537.6980353
350.1546965
360.5757474
350.0699195
682.0096232
645.7543352
255.3737738
518.5067127
479.711966
417.574891
517.2402569
347.8477962
642.8727925
646.0728404
550.3458478
599.9375339
336.8526747
353.6415807
747.8930055
318.99223
408.4906912
472.9884862
253.0047284
612.9563075
491.2953652
352.6125062
311.3449466
230.0841967
866.6557785
327.4952982
543.7657927
733.5172231
261.0790779
345.3991461
780.4055291
309.1119852
404.5554049
541.5215216
671.7092362
643.979257
249.372745
359.6582379
747.7604864
653.6785032
526.9475965
364.565354
654.7886089
592.1664371
667.741567
477.0145726
444.0983004
478.3813535
689.2842786
851.334579
360.1153218
449.7967999
321.6895007
576.7866998
680.2414056
696.4964991
307.4249327
235.5382592
389.3434513
339.0830104
641.3244822
515.6332148
410.8786529
553.2161997
475.8308172
561.7638934
518.4367772
398.3606798
472.2902612
601.0320334
788.5231609
877.3388339
474.6327963
532.5443896
451.9010915
333.1414926
600.2214863
511.9621523
496.9926748
390.5165204
450.0206536
679.5677682
439.1852971
386.931566
281.2811654
521.3287425
543.9464477
454.3280733
750.685228
554.0459882
547.290981
500.0423871
587.9333328
436.9534741
528.4731431
547.7698079
558.7357858
411.5912608
459.3821363
396.4417784
312.9883661
386.6212301
492.7313248
341.3154927
351.9281336
541.445594
478.9380691
440.3748107
716.4455433
729.8539786
283.4681708
309.3938673
366.5728444
411.8417922
259.9235567
311.3890828
353.5528363
434.6877172
368.552383
217.2522955
267.6251453
284.8968191
598.7032461
745.4998019
747.6161863
673.6813417
736.698623
251.0960023
256.2009995
359.4094401
500.9416157
544.1001308
719.9740319
661.782306
609.3953573
504.7076402
515.5401893
399.3555081
534.5246914
582.5346316
663.3683429
645.0124215
662.4279634
703.4442707
652.1497671
292.4116581
454.799602
472.1802222
359.9356915
545.1465662
638.9559645
711.880764
562.1778344
586.9450106
667.9314114
499.254541
332.2307077
279.6040366
289.1583748
288.2417511
642.7600674
648.1012386
663.4450918
650.0531158
710.53146
526.5901218
433.2870647
396.1973606
445.7818657
404.3460464
500.7740273
514.8551203
607.5875452
493.9355731
526.9878179
484.5302127
702.6785137
278.9698682
471.9300787
464.1989189
469.9704252
608.3494568
413.8927641
370.8104334
361.2509901
555.8328675
723.6047345
517.65466
430.0270686
505.8296058
610.2832632
650.1111819
447.123944
471.4800753
579.9990781
559.9846296
422.5993644
350.1049272
437.3768747
448.875505
407.8162856
366.9730168
425.3806328
394.759258
372.6232166
539.6723857
522.1493845
666.3872576
286.1514231
342.2526516
371.3933779
345.0022726
415.7089229
324.5496672
421.9727655
483.3367967
418.1310076
627.2556609
481.3956435
577.9870419
303.9973745
316.2810012
472.6189257
573.2669721
439.1520188
353.6809356
351.560614
337.2785462
272.8187865
436.4048751
701.8425443
645.7076739
298.1641411
395.3185545
474.4318642
510.7742593
433.7802626
337.5372271
467.6238956
731.3723855
227.5521414
408.4249057
509.3038366
376.2123053
218.2921667
1080.394237
464.6458226
712.1745811
472.6784384
617.2829438
908.4738336
819.4130776
859.2607646
571.2718781
210.1136406
226.3151611
209.9520821
208.4252207
255.4256584
210.3625571
641.6448919
215.6315056
212.8441643
219.6184146
207.8144081
203.7072855
220.0224295
212.1617648
202.4720736
222.4121806
227.0706964
242.0420664
215.1650954
1395.098703
226.1254853
219.2876914
216.3077003
703.8801478
1295.620615
219.3156708
204.454539
419.9528923
363.4197125
510.0925367
502.0375742
272.2784716
458.7714907
676.453451
450.203957
410.3625053
306.0641936
390.5530533
573.114021
244.3935332
655.790774
291.8347892
383.162335
530.8787182
512.4419931
321.7245733
369.2757545
459.3979727
501.0351506
531.6933041
575.4460008
303.0736654
293.1391612
508.393989
473.3871617
475.02522
778.2272273
396.3179963
298.5877342
394.5442068
401.7150857
464.4102365
495.93982
453.9405993
640.6165
374.4168811
300.2195597
732.9921937
605.5924588
538.1683883
465.7282765
316.6936189
445.0433498
576.4906156
3239.112305
2128.399055
3013.518927
3078.862184
2198.391927
2294.18957
3077.893888
3424.598946
2703.049254
2561.007597
2534.788162
3090.615601
3248.678207
3607.043326
3432.216505
2446.500158
2313.254353
3493.679354
2751.469823
3096.218473
3009.070612
2930.899852
2898.536111
2574.501425
2816.248201
3191.512755
2951.688129
3085.985775
2817.273306
2660.795763
3197.00276
2755.436863
3275.552609
3511.543802
2992.78925
2999.787244
2936.713754
3651.87239
3208.975829
3172.196283
2799.834289
3634.781717
301.5008801
247.3370786
330.9074158
338.593493
387.0701297
599.6059373
366.2059677
301.0949266
395.4499901
261.986803
390.4682083
376.8243304
376.2104476
1046.588377
490.290197
518.7258414
456.2880201
330.6266385
607.6722551
498.8979598
365.6822692
566.9953862
750.625485
490.160875
478.8232286
854.6403775
662.725132
579.3428443
720.2560882
459.7070403
481.998283
520.9826208
489.9526543
591.0769089
738.6438923
336.5086281
484.7390721
745.7231697
667.3887107
832.9051914
572.9256149
552.3053193
540.4635289
662.1480799
304.2678654
631.984108
462.7416766
912.5490375
770.9013011
567.3351329
519.788229
568.2944295
861.7296732
571.0085038
562.2411495
407.68073
657.3925072
1063.482176
2818.472893
2381.988068
2796.196216
2174.008347
3402.000722
3501.521857
3491.503363
3374.384019
2511.677268
2525.8436
2710.533553
2313.481236
3715.250792
3643.618016
3447.550067
3334.501023
3185.743996
2210.667018
2207.541937
2677.011364
2538.926793
1873.002064
2555.997204
3524.049076
3406.654088
3065.056358
3133.675906
2499.074831
2208.587658
2419.821528
2830.235846
2525.189668
3546.637288
3290.561508
3723.360377
3472.293153
2529.798851
2278.094256
2179.221171
2226.971551
2427.676933
3193.98645
3472.443589
3123.422117
3432.154741
3634.497027
2577.471874
1705.702962
2148.356605
2055.267237
2766.218009
2389.661774
2937.28983
3374.991692
3243.10839
3095.929789
3320.109217
3254.493646
3509.453608
3562.015595
2617.929098
1600.911972
1759.831361
2326.357967
2631.193713
2748.486865
2612.897213
2775.59743
2707.734816
2988.95998
2798.67798
2992.47164
3043.657615
3262.158472
3276.29512
3360.121154
2481.227918
2107.090505
3019.765408
2608.963178
2509.725319
2960.936171
2791.590812
2637.764542
2669.712716
3347.240489
3253.75001
3286.926348
3138.271358
2890.899233
2444.715492
2124.095761
2878.85188
2531.871267
2499.028339
2947.460384
2853.095153
2671.758846
2522.852521
2488.935862
3028.076996
3096.65678
2080.914125
2350.279362
2863.714507
2896.919369
2607.222426
2485.442817
2704.475697
2822.545546
2878.492312
3094.399581
2374.396048
2329.301766
2711.271192
2794.654092
1975.788058
3065.190758
2608.289163
2955.316133
1773.812339
1768.242177
2045.816948
3147.368952
2092.214886
2187.316238
3052.849481
1441.773722
2260.143699
2183.265172
1958.564243
3067.382431
2990.593482
2127.148259
1884.279874
1156.014577
3489.584699
3316.267629
1906.197918
1809.532775
3141.693584
3133.008319
1725.593918
2223.894135
2543.20272
3207.127548
3140.572292
2931.413887
2135.227049
1778.114283
1728.834344
3007.592991
3058.099265
3148.002201
3145.189454
1184.341328
2115.622477
1481.678484
2457.382153
3111.626661
2888.013728
3151.580374
1986.866562
2162.529058
1195.721749
1982.517204
2944.555884
3310.61386
3306.808494
3166.29019
1965.647719
2537.604394
2649.960202
2324.924483
2374.400194
3368.527587
3054.239263
3305.39158
3176.707051
2781.002902
1681.219661
2022.828629
2656.932823
2611.003839
2857.218089
2583.102841
3001.316939
2619.906834
2655.625719
2603.892427
3001.471978
2982.940001
2926.780469
2847.857013
2322.94354
1859.5003
3326.942155
2247.818304
3353.018681
2843.267415
2703.14441
2708.02415
2479.755105
2439.365444
2629.2221
3074.48576
2942.546677
1997.972042
2774.036665
2288.179338
2367.418459
2632.605868
2044.023482
1016.429864
1347.329469
1549.879106
1268.216442
1337.195202
1390.867879
3180.64867
1558.028354
1215.130472
1452.711997
1467.235654
2267.019935
1548.556538
2216.475078
1932.401997
1271.261413
1952.50364
1448.090832
1117.514505
1840.331573
981.4469642
1531.809695
3145.950874
1748.030401
1015.397961
1145.321569
3083.611504
1408.221625
1910.317396
2237.014101
3328.330067
3040.753548
1807.251743
1416.660109
1389.519353
1619.765519
2794.880201
2832.104657
2578.577162
1313.633477
1932.67686
2288.828821
3386.86475
2976.731771
2911.579642
1174.097429
1785.515008
1917.005838
2957.460346
2551.741834
2850.416991
2894.747857
2186.90252
1893.035185
2496.465359
2671.024845
2026.697601
2840.888491
2522.124058
2094.277811
2352.685378
2943.821533
2754.5845
2805.956584
2953.423947
2723.411437
1882.991108
1669.410191
2250.402055
2262.985796
2134.185375
2238.482315
2364.71913
2302.359964
2375.350318
2711.74324
2749.195866
2626.268616
2325.747578
2481.421166
2205.833153
1268.557432
849.3477656
1441.653617
1278.82195
1090.916417
1584.582362
1598.250475
1097.975476
1468.091685
1123.271542
1534.708117
1974.601629
1896.467155
1133.729477
1388.333348
1383.561113
1315.102786
1421.389726
1584.508569
1082.501799
1595.362534
2950.108684
1827.497472
899.2544254
2887.349528
2554.667789
1962.452528
1593.559245
2666.660769
2715.036569
2508.106895
1680.959262
1828.949793
2621.276326
2647.093062
2738.729726
2885.945243
1284.339359
1602.719251
1771.370726
2007.847391
2755.222341
2699.928237
2554.570177
2361.507033
2200.210515
2376.729082
2243.242419
2758.40788
2645.242652
2763.118687
2272.74804
2452.668613
2568.648919
2688.033339
2226.579022
2071.209581
2194.109608
667.6984537
827.364659
1824.774157
1087.772985
1698.314764
1228.313959
1730.050047
1047.282436
1040.08417
936.4533866
1560.346543
670.0403555
1004.457109
1877.725
846.2941548
2163.243487
894.2476927
1081.006089
1610.77153
1028.907752
1973.534727
898.9721341
922.4703416
1114.071114
728.1974115
939.2810048
1331.503807
1138.640145
2463.27694
1793.881282
1394.276838
2681.801113
1334.994212
1089.991735
2529.318551
2650.754958
2741.079068
1466.351738
1490.640359
1748.200419
2659.35511
2550.637065
2177.702571
1439.631987
1807.054359
2585.956656
2517.274409
2491.988595
1681.280506
2086.974195
1965.952196
1517.815
1871.308852
1969.032726
2134.12292
1930.53385
1816.988229
2344.388684
2346.769266
2137.30029
2738.425313
1763.247379
1335.724699
2095.428516
2193.134057
1924.490491
1621.801827
2303.143149
964.2214922
1369.305651
501.9906477
1118.478302
1176.627321
972.7144242
586.383943
1643.656103
773.1013437
762.4507784
1342.402293
1462.510751
1495.628775
958.3218772
2657.41186
1600.349143
1393.487993
2228.703532
842.8969298
920.5203842
961.6670246
695.3675685
786.2169604
1026.325294
1426.477834
1124.563837
2728.840858
905.1488721
1152.529173
2617.096671
2514.144818
1476.830196
1536.925221
2668.30829
2416.914292
2190.632889
949.5337084
701.9089033
1306.479763
2092.883538
1677.673322
2104.633593
2479.859101
2366.252212
1748.785736
1695.550637
1828.279664
1486.888749
1765.884616
1626.938577
2037.7981
2103.974419
1812.777794
1057.196854
1765.257347
1417.618542
268.7459735
428.8826102
616.1947476
558.7468494
1087.225314
725.7688826
586.3997737
721.3586987
1184.694032
836.4272869
211.1725389
1239.515367
1124.540752
769.244617
436.5442659
1304.619433
1140.16309
865.2842019
1060.137452
699.4504394
588.2970066
815.2047928
668.3868852
1329.890541
1207.095499
836.3879519
1690.636454
1373.055006
2577.501559
652.7867502
1519.392762
1077.695513
2523.611161
2345.307159
1418.878417
2344.037466
1429.583997
1134.906568
1270.456517
1061.664664
1693.223339
1653.666673
2022.240858
1935.593964
1972.088535
1298.506281
799.566736
684.3344313
659.1071946
462.7138172
1059.423711
460.6847804
1096.793069
888.7947124
1662.495918
865.0344659
858.7165744
702.5201461
1002.565395
287.076281
1008.913505
293.4553645
739.938504
587.3893364
304.388989
1139.687484
851.4267944
692.7227651
663.8426369
1507.908706
404.2543418
858.5406224
512.542524
348.6454634
884.3335295
417.2394151
1710.206531
1255.096803
755.352504
992.9925102
642.2237295
1492.778846
775.6485624
569.8821155
1219.118896
2462.404312
1060.616878
2166.255343
2030.021949
2473.289922
909.7471492
1820.008282
2128.701939
929.0573524
1042.811383
1196.617057
1406.943974
1771.85691
1471.856501
1885.888234
1627.490718
1743.732294
1618.245071
1745.218119
592.478885
658.9690143
1769.257543
1046.471808
426.7273518
927.7934437
1513.789842
666.0822431
651.8580668
468.983856
381.8596269
430.4354625
241.5501483
781.8770735
2583.222855
881.8223072
922.9781746
932.281917
296.285226
671.0361775
512.8142793
1223.045258
731.7872301
1404.256058
2527.840217
1017.198439
1239.685587
1971.779863
994.2197289
1121.941557
2222.683124
1829.503684
1148.029181
1024.813281
1486.288515
1826.234221
1881.509451
1601.346266
1468.661284
1699.058665
1427.605594
1022.578545
1628.804044
927.3229217
409.7977249
932.5063339
559.8614442
374.4965919
678.3704396
1033.736482
940.3728893
309.2335801
693.4328166
1039.259942
1663.669384
686.7549371
1314.07808
1254.798541
1408.893626
1172.48088
907.4292684
1250.847619
863.3484111
359.4092979
514.3896467
259.7564273
1891.009757
833.7513981
1133.969375
1693.185495
1873.85139
1961.495373
755.3925045
989.5029176
1079.881399
1231.701472
1786.210419
1512.108032
343.9462911
760.5649218
213.3678882
309.0990738
936.1488535
1112.020269
712.2308479
474.8672914
656.1716807
857.0605183
310.22835
358.9378525
447.420196
713.7295369
462.6968002
425.6985464
476.3634459
970.4472209
1569.328804
1866.475979
1372.984925
763.9217635
1545.442755
1125.782024
910.8771776
1174.478994
217.3748675
433.0196477
922.4994595
221.0614416
530.6279682
676.0834386
707.4980332
568.9318076
223.8129519
370.6524404
451.4264638
211.9867135
761.2421892
846.7648609
573.6193085
536.9541872
328.7575387
1200.796447
386.1992082
673.6775854
847.4167256
1107.624596
531.4371454
1102.324912
1366.957932
1014.378125
316.7618893
657.7784097
588.0228264
1010.233395
2076.622329
976.5627538
1024.846236
1275.892336
1002.195704
950.3992928
1367.481102
1753.242685
1744.839771
987.9200077
416.8277314
624.8809812
479.8753614
228.5730175
230.5146368
201.8204693
467.7174929
1088.594989
583.751667
301.4006588
784.6778815
333.9378997
1354.97476
669.1022425
969.9453309
323.896831
275.854666
292.3131369
556.3104223
1204.277701
572.499231
625.2049626
372.1302395
401.8187491
567.9533491
217.3717122
962.9139797
1037.177105
558.0170906
498.530246
563.7943391
798.8552168
1093.394358
1203.428114
1031.570493
857.4602422
1156.625118
202.5539586
587.9877897
887.0228393
889.2666365
466.6901155
455.076384
960.4143639
468.6776036
365.3837399
1322.292509
314.7727431
356.7620887
779.8683172
605.8008906
211.9801826
907.7968676
505.5158002
277.5104652
489.0121775
841.2332947
409.6882362
1489.144331
1443.098753
1393.839951
301.0366453
627.1851774
572.0781574
873.7750037
1303.916289
909.5572511
821.5462854
905.5064785
254.2510413
553.8642311
487.4769249
233.2603976
210.7261445
444.242704
904.7999827
871.9863869
231.7444622
422.1837039
545.8358054
203.5670464
219.7249799
265.0069604
733.0637649
431.5086461
368.2616672
328.6170815
687.7187065
206.7068458
947.1638341
672.5402796
885.6617177
607.7952792
537.8990968
1449.630916
490.4371023
522.8087918
379.9886401
753.0766534
747.1030814
467.6597385
1024.296976
218.7456149
746.3129534
498.8657366
2407.65702
219.4481704
480.2587939
947.4805515
1791.1432
593.8857011
280.5421771
214.0933727
523.4938706
465.9976005
807.9807211
213.1707324
522.7267108
406.830648
661.6498095
1353.67189
711.8349729
534.1869084
1536.779321
733.8804694
456.6182111
909.8521892
886.3597692
1365.803926
372.9330297
213.7691825
448.6462128
520.8379023
632.5955878
356.1991978
206.51649
462.4458103
436.114638
442.1591052
196.7034124
968.1128983
360.4014912
219.8147678
330.5631779
632.4848968
226.6759085
601.1312714
300.5080906
832.6409615
490.6286867
394.9165513
879.9055279
539.5233574
399.7673634
523.4569144
413.1779813
1211.714733
1216.158206
724.621138
534.8826291
814.0886399
561.4615831
1035.576236
915.9007582
993.1508202
779.9957811
913.2344981
259.3890246
807.6794426
221.2905326
216.1609919
225.7591286
227.286397
1553.971939
650.7937754
212.3515001
209.3076207
294.9513514
301.6493577
391.9643316
347.4183196
237.9010174
234.2684765
548.5963901
613.1191115
397.2117387
253.4270925
461.1550491
523.1161308
352.6288282
214.6794374
548.3339437
579.2667472
421.581913
214.9006841
225.2969618
468.9708671
1201.940866
600.8297009
213.7026124
217.9274934
768.9946803
829.9352356
427.3062188
631.5346177
938.4778534
220.0935664
258.5004769
364.0673967
529.0017705
1166.847252
420.5073718
289.3235046
541.1420766
212.6474549
208.0314665
209.8021404
224.6954561
545.9902869
395.0990151
336.4082746
327.4856751
234.410744
1277.227554
951.3635999
977.0870058
710.0093069
909.0693183
905.8394526
801.297274
443.3833113
912.5776072
252.2659742
214.9554956
285.1281014
419.3153247
780.6044131
198.0112203
216.8687179
206.3698323
926.4765756
789.5285887
713.4472098
718.997336
675.4346911
421.2888771
719.0035625
362.1928692
226.3611249
288.4850914
229.2755905
321.8581738
481.3043953
941.6159987
446.328774
344.6472266
975.0505821
1092.823202
260.0896098
215.0534548
212.8654858
226.4872024
228.2474774
215.9003784
211.6813824
574.0797573
639.4191348
450.5584984
598.8022452
426.1218453
967.3200012
414.96192
1127.109625
483.4502632
219.7775116
193.129538
553.9312072
207.0464143
345.8732917
270.7669796
361.9701898
299.3517004
221.9898455
335.6391498
219.3640535
220.1419828
627.6067023
215.3712893
721.1975263
672.3392357
440.0673967
1114.704724
1097.293489
834.2404057
682.3225867
565.5202536
501.3721908
415.184354
1044.234368
342.123029
272.7603786
1256.431117
1701.208291
628.4026064
191.1266143
571.6505878
531.3697378
212.8938288
667.3081379
799.7842406
417.4752822
221.2693765
208.1369046
261.4041785
307.6403021
206.7107289
210.8943305
358.0015175
216.2235899
527.9092339
990.5341301
376.9131423
432.6668975
424.8974334
416.4128406
516.3011584
283.2033961
228.7434654
512.5622174
442.8925516
620.7149208
444.4022273
330.631087
211.3791872
528.4741837
499.5699202
258.6861551
266.750365
210.735728
212.9935922
233.0905217
217.8018635
457.1654278
517.4506096
212.7525178
430.7317467
444.0878205
748.0175282
472.2682405
429.4329057
222.3373055
228.6139469
826.0723885
749.5080769
222.7540262
1356.487842
523.9083631
722.3864854
225.3328681
764.3918747
213.7738035
890.6977588
482.8840787
233.0866767
537.835114
446.0353809
219.7364005
362.4013915
223.78758
871.6683431
396.1511856
796.5630752
340.4943462
384.2116629
263.953681
220.8887787
453.3629493
845.8638659
315.8783811
254.6389475
221.3800979
216.2471008
218.2377572
216.5921974
828.2872873
866.7275914
396.7569979
233.4306533
221.2750983
235.0017061
310.4391186
199.6661206
926.2655893
232.5192981
554.7275743
197.4053878
206.9567424
227.2052269
219.6675844
223.6335493
294.6504182
682.7218243
350.4209011
350.4710894
424.5927918
788.9066531
274.9418034
264.1548307
345.3908507
549.3793752
478.5957754
240.8947802
483.1535904
556.1319815
668.8251281
578.5197033
2092.169814
223.3662722
503.3477382
215.5345606
233.7579331
419.1304372
219.6240927
234.2900993
797.8987583
214.9453216
213.3695331
222.2936098
433.2578725
342.724833
247.0224614
615.1762457
475.8724208
637.380208
213.538429
533.5473223
1172.644133
374.1146117
464.7321324
816.4453083
980.4669622
662.6390534
225.9662349
359.8247659
213.7063707
341.0488326
287.9330762
214.9883317
214.9075477
222.1978989
223.1188499
197.4137359
711.2346548
403.6202778
214.3122629
601.2737115
852.7955858
235.4658605
791.9501954
284.8128951
1212.40896
250.6370288
334.3418566
380.5332167
1047.148521
213.0641992
206.3427674
219.9327666
219.6243393
231.6635501
351.9599581
209.2119204
211.7581041
211.6421429
217.1132155
221.5915991
600.5642059
220.8222948
209.5646115
214.6885504
733.7499028
480.489878
530.3775866
401.3816509
518.3428567
417.9305999
617.7019822
701.925906
352.0967751
341.4622289
569.3654494
223.6338602
225.9788679
231.9846743
701.0571071
261.3772908
344.4715846
298.7882247
221.8577378
211.7658799
234.0783329
214.6675232
225.4127484
204.0788997
220.4373257
212.5499189
230.6783595
317.8013689
693.1764821
222.5683171
316.6553053
220.8914411
241.3371996
238.1059548
530.2381667
297.569984
209.600096
325.7328733
374.3677448
428.2359006
601.1242809
348.7790492
214.1467926
221.098585
255.8881059
206.1307535
896.6926915
668.832557
311.343052
213.0376783
430.0276138
662.0644601
1012.310848
673.7889603
518.3572581
210.4491421
216.2713111
215.9865506
306.8219751
396.3258977
670.107548
207.3948667
309.1348776
367.0776098
219.5491186
210.361782
720.7663151
223.3386882
220.5539638
234.4714115
467.8761019
588.2894701
429.4569836
231.8055758
233.9068471
210.9825676
218.660765
873.9372439
823.6547571
211.0365972
207.2552515
478.766366
281.8625159
230.0201049
200.4180333
215.4737417
606.7475915
226.606123
292.6748608
207.5804103
209.7583782
201.8487992
945.3145059
214.973543
708.5503877
512.9414089
393.5110124
380.9591906
294.5243024
279.1006931
219.1174505
323.5743068
519.1144191
262.5237331
239.906158
424.1271219
232.5295445
213.7816207
241.685496
329.8347066
227.0043366
208.1871324
212.9283469
216.2779406
225.859642
224.2850619
215.5944184
801.7877
208.2545915
224.3264676
600.6873254
215.9502837
372.2310546
273.350341
215.2713154
214.6182933
221.2488093
216.0098283
211.4672918
217.126982
212.362433
218.0694457
247.0558078
225.7402274
420.2527376
705.0056088
228.3034586
215.3285258
229.9587854
207.8374098
215.5055246
210.3417692
226.8755752
216.3384169
200.581208
209.5837679
217.9202157
216.9310372
518.4921424
563.8195003
216.3627589
308.1347889
215.2022882
214.8249567
645.1657467
308.7246955
243.3425768
243.8541177
219.2346069
425.3403136
394.5219795
629.8781012
263.1140113
208.4406982
234.0603551
380.0202223
198.4360077
213.5774352
226.032656
221.1073859
241.9199367
220.2563416
705.371832
209.0275023
222.0688385
214.893322
223.9201073
209.6363789
524.7846305
223.877116
219.0364948
214.2733184
429.3684673
223.7794397
212.9523041
778.5733459
278.7328712
336.0683001
584.6792633
238.0545017
845.6783979
217.7312703
321.9857465
609.5387052
555.7787631
226.1669246
223.1283536
212.745228
471.2190729
314.4076732
481.5082058
197.8174161
212.3983876
249.2654541
336.091675
275.5303707
379.9301192
431.9861629
211.9365596
241.3178936
598.1840068
917.9626633
225.1419325
219.8602177
386.0758235
305.4847203
210.1989552
599.1821634
212.5059386
210.9080611
282.7091985
203.3592109
228.5118228
499.7459499
243.970625
198.9095346
215.4448213
221.497803
223.6698126
224.7945437
232.1238117
217.8150876
196.376014
220.6800854
209.3812099
466.5588622
293.824497
317.9579298
317.0201047
229.5238519
255.5134534
206.7499732
218.9352992
596.430892
252.6084841
356.311842
214.2543387
716.194039
472.2286323
219.2155618
219.2501395
218.6390623
411.6329053
272.6345421
522.0626462
217.6890124
223.7591005
205.1243559
216.6126705
215.6747462
228.1927744
217.7397955
215.9263211
289.1963404
400.4719132
455.2459956
226.9207403
233.6484657
215.6783403
308.8925112
215.0496743
217.6526799
281.7433661
1023.760353
547.7606417
470.277523
213.928785
207.7906083
370.1917906
212.5616628
269.2539431
238.9782712
223.2489579
211.7734849
205.4851853
193.9236744
376.8476833
223.0658846
230.5872169
223.2603581
224.2928269
199.7085568
217.7086606
256.5233586
1181.250626
525.5950052
256.840075
385.5205849
484.0401957
215.5123711
213.2872797
207.2112985
203.1656788
216.9154416
616.6991453
211.6933668
226.4832506
231.5302227
215.2624833
247.5293366
216.3624166
238.5384237
443.4323752
610.9436152
490.4076543
229.5350455
221.3517583
270.1972914
237.6888973
448.5075644
217.8348239
445.4393309
217.5851503
229.8686285
214.9759667
232.7930492
224.8039684
230.2883604
205.2474935
382.5285449
196.4455964
543.9897926
421.2797906
344.2477928
510.7432767
228.389353
223.4783003
249.9899222
196.9003547
248.2504587
225.555152
192.2592449
204.4637479
269.579825
222.3533499
307.5242348
303.3782572
208.7884772
205.2682049
301.051954
485.8720768
505.3440811
211.3705581
206.3024168
528.6782287
215.2792993
217.1146052
217.6136712
373.3105238
216.148333
225.7542473
213.0486325
325.3527062
504.461161
433.7960389
463.9728679
285.637574
220.6954113
217.8955085
203.0032924
210.7007089
493.1067812
236.3989443
204.605297
271.676702
221.4003251
217.5370139
219.0037549
214.1671628
420.2294597
210.5904459
462.2213106
477.7229662
591.2155299
290.4717814
207.723389
215.7136427
216.1750707
447.7781942
390.6350022
222.7141055
226.3405938
232.110093
281.3038142
327.9713913
558.4894721
281.5802356
247.9239536
206.0437607
269.254697
232.6926037
214.0458793
208.8411702
279.6521514
216.8823652
214.5525831
217.5525704
306.3122909
432.0060033
397.25622
228.7632415
233.2496252
215.6226728
520.4906526
305.4406048
412.5052508
357.8651469
316.9521639
289.328686
210.3613875
301.8252528
200.6802944
224.9063855
212.3227557
291.6516726
351.4690299
449.0726505
369.1656725
215.7153245
217.8290803
205.9138459
224.1845785
219.560263
223.7031396
304.4829185
239.4148318
222.2330372
465.8666908
214.3693566
387.7879874
250.5539087
212.5742014
206.8129856
213.2726055
204.0893328
210.4435857
579.7859661
363.8675547
216.4899398
321.1710682
213.0174881
614.2241548
551.8418204
205.0776491
201.8495111
234.5658816
271.9673794
235.4921062
361.2851203
205.6030782
219.1419321
250.5095042
211.7647367
217.0610239
597.4708529
220.4393917
218.7502336
273.9669296
386.9245946
484.0580658
327.0953212
221.1016629
494.4035716
242.2743885
253.623532
476.4623426
419.3222033
219.4805153
271.4593298
205.1960439
298.3095492
214.9294173
343.2725561
384.1697461
437.781444
298.6141474
259.6056757
397.6278285
212.9343375
477.4558774
412.4450176
220.6668032
564.7365043
508.3954734
547.9134575
)
;
    }
}


// ************************************************************************* //
