/*--------------------------------*- C++ -*----------------------------------*\
| =========                 |                                                 |
| \\      /  F ield         | OpenFOAM: The Open Source CFD Toolbox           |
|  \\    /   O peration     | Version:  v1706                                 |
|   \\  /    A nd           | Web:      www.OpenFOAM.com                      |
|    \\/     M anipulation  |                                                 |
\*---------------------------------------------------------------------------*/
FoamFile
{
    version     2.0;
    format      ascii;
    class       volScalarField;
    location    "0.4543";
    object      vibrationalT_mixture;
}
// * * * * * * * * * * * * * * * * * * * * * * * * * * * * * * * * * * * * * //

dimensions      [0 0 0 1 0 0 0];


internalField   nonuniform List<scalar> 
60268
(
0
152.9125324
243.6312419
267.2428827
239.0404907
117.1448013
115.4171389
605.0038865
503.7039712
518.1437776
0
0
0
0
0
0
533.7060774
514.9305893
103.5746399
523.2661621
811.3705328
704.1483523
0
87.70901415
119.6312667
137.2829723
123.4750586
799.0409385
1129.413865
1252.069778
696.4955795
0
0
460.7755799
477.2551434
544.4684948
959.4442722
948.1944711
746.1206163
857.7035576
877.6397538
0
0
857.085163
0
123.2857426
125.5336189
0
450.5573828
461.9302693
0
285.2941033
0
0
0
0
0
105.9665132
218.8888042
257.495604
132.8774604
482.78809
111.8878625
0
0
0
0
475.3029075
510.4570714
464.0231961
81.60110143
483.7299574
117.8031055
0
0
0
111.5492167
102.100371
141.1630503
0
111.1527141
242.6701123
342.5368197
857.3406056
571.6689324
438.6147125
518.3401344
622.7383115
520.988832
123.0188348
0
398.0963636
470.5711932
0
0
138.736988
117.3481016
108.5168155
111.3957131
109.1317852
115.2659564
104.6557416
109.0196122
658.4382593
447.864376
659.1170019
711.9570992
444.4182347
0
0
0
112.9093944
519.1958323
558.5073286
0
0
0
0
0
408.0756388
494.2874224
533.7196653
670.1968505
665.9106874
655.5351102
567.0449596
878.856772
86.26175722
0
0
0
111.5426233
120.5862605
0
664.7882393
0
0
0
0
0
456.1838415
745.6852954
467.5509127
530.5737069
441.0468105
421.0351196
400.1743904
610.1403477
413.9084813
0
0
0
0
267.042369
162.8618659
449.2961723
604.9515992
612.9918603
454.0673667
739.4407573
0
180.7192746
615.0420434
465.7037852
447.5841485
480.7198852
508.9663382
0
104.1816606
135.1158501
0
0
292.4407859
240.7795357
0
0
220.1808681
138.9688653
0
449.5213786
642.406201
597.9927567
502.7820865
485.2477222
406.0591099
88.70592748
102.0391858
0
0
0
499.0093875
0
164.2646042
710.38931
641.7310344
0
0
359.5580791
359.1350611
367.8596705
498.5725956
390.4830126
0
0
0
95.93026372
112.5200099
556.3568108
803.6598995
736.0178018
142.8001419
0
0
0
490.5429775
0
0
0
0
449.0829684
145.2377006
173.6860432
0
0
0
0
464.4076496
0
0
0
0
387.8535549
0
0
105.46145
0
0
0
0
0
0
716.9612103
1148.666626
165.1456613
135.3979685
0
0
0
0
0
0
608.7937068
146.3695094
590.0364737
691.7184334
212.2709469
230.096382
0
153.0557054
0
0
0
223.4827156
264.4598284
0
0
0
368.40476
662.1154074
540.3158416
503.6516357
646.1652039
683.3789758
509.8440726
864.1175172
966.3555005
938.9600707
982.542732
915.8387303
723.4252925
658.1785286
0
0
107.6327643
114.0565188
95.37543201
0
0
0
0
410.3004572
525.483669
630.9820986
808.1157201
985.0894603
963.1053527
924.2033141
781.1787827
504.9593823
0
410.5455806
618.8504284
614.6787542
195.3181226
682.1035244
0
0
0
0
0
0
543.2301393
576.5177292
597.6321105
636.0969673
513.1838136
0
0
145.6779971
0
0
0
0
112.5232516
269.446123
322.6276864
727.2467811
686.3151661
745.4321547
0
0
0
662.0603176
602.9858481
517.8429557
100.3928034
105.9805665
0
461.5159393
584.5129747
495.7387518
669.5191322
0
75.21333079
112.5895829
611.4476857
534.0766859
81.37261017
566.5507921
552.835227
429.849816
532.9517452
154.1822292
0
0
0
231.2180654
148.5734897
461.5069747
544.8883561
391.223048
620.6107695
373.5910463
469.7087635
789.7364534
694.892617
0
0
0
537.1340496
0
118.7822087
623.3997113
571.6040321
643.6179952
667.0026975
299.9058764
370.825148
0
0
192.3506274
272.1196988
434.3015134
0
297.1985999
258.6881908
0
0
465.799393
0
0
0
0
93.67143205
521.0483833
425.4589318
582.4688562
780.142452
746.5920163
0
0
0
0
0
488.8825613
427.9569483
198.9781647
234.5084096
584.4461952
0
0
0
476.6787029
475.1620033
457.5268408
0
593.0388712
713.7715847
496.6037259
616.4460824
800.7349607
0
0
0
0
0
0
136.2436434
122.345768
506.7694301
0
408.7206027
0
0
0
0
0
0
0
653.4782869
653.1787701
1047.748898
0
132.2837003
177.8230881
117.1048838
0
0
0
0
143.4804148
629.3266759
535.4954696
0
0
93.54568139
117.6152827
0
0
123.0245422
600.1082369
730.9711701
0
0
0
457.931179
483.7606964
398.6116557
0
140.1857452
0
558.1894559
623.834221
0
0
0
510.3987156
140.6604284
182.8773411
167.7169682
0
0
431.2852609
374.5117478
707.0971771
727.2533244
0
416.1757853
0
102.4872395
0
0
0
105.9194262
653.5264137
183.8647845
0
0
0
0
0
0
858.6593193
740.3496387
0
0
0
0
0
0
0
0
0
513.1808924
458.2892766
717.1950095
944.930625
0
0
0
0
0
0
0
0
378.974652
970.6309063
1187.079507
1235.387391
1021.830594
486.1090851
129.2621646
0
0
0
118.7042601
113.7276115
481.7563165
551.9979686
575.4437815
627.7840326
534.901747
277.9643428
592.7638318
550.3631492
0
0
0
0
132.8173393
0
0
0
166.9550658
0
0
0
0
452.1787115
764.0608069
686.4612582
560.6811904
417.8226437
0
0
567.7973293
695.8984003
656.1936289
584.8985854
699.4280813
574.0017912
489.9802785
0
0
0
0
125.512641
119.2680948
0
133.3491009
236.1363736
0
0
595.7928775
545.5261457
613.0799006
763.1015217
834.1134293
509.6296436
496.4421178
498.2280035
638.9526199
768.8508197
691.681266
562.4911244
596.5945523
767.0188242
716.5748238
0
0
0
0
0
0
583.7435601
0
0
0
490.1328416
100.9710975
135.6353383
516.4554715
543.8296926
644.8088102
153.5048562
726.0393278
272.126882
753.9518093
769.3225659
828.1264222
822.6106205
943.1978844
1059.772929
682.8809791
0
768.2722992
0
0
410.2724805
587.5223385
733.0428006
553.7289355
571.9216911
143.4028652
606.1105498
589.9429791
588.8341308
782.1512531
898.6196614
571.8263492
100.9197538
124.1244867
698.8896078
583.9013416
641.6547667
611.6376287
709.3599506
716.5432398
225.6446506
561.9854443
611.6054798
583.9013896
0
0
0
0
238.0251218
182.8556836
445.9327687
449.1760696
0
497.7937707
500.3006092
466.0852685
502.5222048
548.7780681
572.0192832
571.2628241
454.6928633
563.0332111
471.9863243
703.3660807
572.8284743
576.8319847
628.4686817
105.8592582
179.194124
0
0
0
0
0
0
162.9818053
690.9226838
696.5537945
563.4555381
0
205.770664
0
0
0
0
349.9868551
609.8532214
630.8835874
585.273457
535.9123209
522.0534869
0
644.2804638
650.1428794
591.5671781
0
0
0
0
0
0
0
0
468.8088964
283.9936768
243.1023556
0
0
0
0
442.8083761
478.0728104
616.077175
754.590015
863.3829269
743.8492519
848.2094966
819.2299492
600.2569561
126.4251167
0
0
0
0
0
0
91.83560866
0
124.182914
82.63150043
495.940098
379.9335984
0
0
927.3204501
0
110.8534485
144.7613064
206.4367517
392.9061183
542.7050399
528.8858545
714.2499599
704.7434629
772.7524131
164.5746938
0
0
0
146.4520196
109.4689248
0
410.6149824
0
0
0
0
0
0
0
0
586.3672409
437.6287973
589.5312878
667.3929714
596.2910199
559.7269394
473.0323686
0
0
0
0
0
373.1644274
501.0504567
560.2001569
0
656.7480933
693.721952
617.7252936
0
0
0
0
0
471.1349254
75.2010929
141.6037245
348.0885175
464.7660145
0
447.442604
0
0
0
0
0
0
0
733.6329673
581.4267907
145.2578074
685.3489479
520.7355608
471.7300122
563.1535749
516.4624044
130.396757
196.6193179
174.6177088
124.9201576
515.7846969
602.5726881
550.4532523
466.9741646
183.4837001
1317.885583
0
0
0
0
397.7536847
471.1681105
629.1944772
694.8743332
170.3926501
379.2905089
377.573854
449.1938891
461.6821636
552.8912434
607.0808177
489.1081907
501.4682729
140.6334952
722.1129164
340.7244948
1131.174925
256.9998776
207.4089047
212.7468153
168.0980809
434.0304617
482.92164
815.1208524
1016.200327
930.5463922
678.167412
0
0
0
518.4701351
657.5073034
569.7741187
0
0
0
0
0
0
388.4316541
0
157.035829
572.3773356
659.7350246
591.7465329
457.8041041
517.9838697
534.7125286
637.228352
518.1779075
0
0
0
0
0
0
0
78.04322087
109.117626
99.489105
125.713463
114.4025684
0
0
0
0
0
0
0
125.4787543
0
0
0
0
0
0
0
0
1034.690554
1255.790388
887.7664383
502.3609672
656.4635556
689.3246916
588.739115
468.5299922
491.8524408
472.4091968
559.9361959
564.8880774
590.4113765
643.4256152
550.2997628
215.1475472
151.1857395
229.284224
648.9776909
565.6437991
635.5302585
0
0
0
0
0
0
142.0327044
0
0
0
0
99.37191724
0
0
0
841.1702408
678.0190108
401.159557
0
102.0446907
562.1154664
714.2339816
678.2851694
659.6776888
637.6118211
634.7464641
494.6963264
135.8237487
484.6847623
0
0
555.977278
859.7076473
0
139.7869053
0
458.5321902
707.8015789
0
473.1713038
686.0213378
612.5079579
642.3746983
545.2561792
203.7913796
0
498.1714174
288.7598477
781.8208197
922.8148168
690.2875378
830.6499375
694.9260561
142.8144427
0
112.9485273
0
0
0
0
0
0
0
0
549.0459934
0
0
0
375.7127554
0
531.6898793
135.641017
596.5514881
183.0291027
127.910547
611.9137122
461.6925006
487.3965909
609.4384767
833.7268253
1025.433238
937.0991035
736.499823
212.7388047
239.96057
546.2042121
503.3674743
940.3073358
0
0
0
703.0454324
533.720915
0
133.8793153
0
0
0
690.1427412
783.378112
677.4323366
726.0628003
97.65769298
553.7677261
400.2281577
456.1000573
613.8742837
886.1125786
624.4030739
768.1956372
730.5322036
660.899788
731.200572
0
0
0
0
0
0
0
0
0
422.8817919
444.9632784
481.7733143
452.7145936
0
0
119.6209567
591.2466871
841.5194408
515.1423754
571.4945394
762.9053031
0
0
0
228.5785552
645.4876001
684.3445331
703.8888133
0
0
0
104.5907639
557.5122208
495.7373624
515.604862
498.5454974
744.1457234
686.4217239
556.7040204
0
617.3603306
652.0240858
422.9607936
510.4695996
497.5226756
541.2991087
799.6607251
712.0044178
855.3180433
766.3811518
308.1602266
167.8781115
189.2579388
538.8911543
616.096837
587.6313223
0
0
0
181.2307571
0
0
0
0
0
0
325.51831
209.1664026
0
603.5462469
0
848.4371564
353.1235019
568.7756139
215.7529035
201.6821225
683.4086758
273.4866221
927.0592746
795.2892867
751.0705865
687.1125023
727.9371882
0
118.1392934
0
131.2907083
0
0
0
88.53314469
91.93787475
625.3978433
105.253921
0
506.9080891
0
0
704.0470807
546.313801
805.8215303
1011.234975
906.3420152
950.8082632
832.6694233
618.1484981
579.1798755
115.6547213
559.4817365
135.7559109
0
0
80.74150792
0
0
0
0
0
487.1052063
460.5223542
89.45019987
171.6843996
0
0
0
0
570.9247893
502.5930286
567.7310492
533.8478811
600.777681
458.4912383
653.5937282
712.3157806
656.9739758
611.8705863
0
0
0
0
0
0
470.1903002
466.9730729
0
514.0804154
450.1956947
584.8916493
624.2607685
476.3888847
404.9026826
0
0
102.0666212
98.99369828
659.6531389
624.7297307
453.3322911
573.9261085
482.8611602
469.9025787
525.9870871
0
0
200.8618774
0
0
0
0
0
702.6128128
628.8288257
655.975478
0
452.3879064
0
0
354.1778463
536.0667655
553.5840786
597.5221701
613.850458
724.9177901
687.7776128
621.8905192
562.9232171
512.0309944
0
296.880735
1276.245052
814.1465571
0
0
0
381.2038371
525.0482607
683.0819657
274.8608432
0
0
0
0
0
0
731.6453437
842.1157507
903.8119769
562.3721598
719.0079283
665.0705715
539.6887912
0
0
0
795.159145
552.1221699
0
436.9618686
365.6007539
0
0
840.3582684
1036.779862
520.224239
144.2582231
116.5856033
525.1458115
671.5135988
695.5418272
555.1350539
674.2371989
973.0714626
883.0166732
110.0528062
122.2659265
0
0
0
0
0
0
524.7583289
0
0
587.5605617
0
0
0
99.37195182
112.3077926
593.1940806
580.5683805
93.76797178
70.23062036
106.5532794
108.6829552
864.7211703
0
0
172.8443613
121.4459319
0
0
0
0
0
0
0
132.0099015
182.9745442
0
74.98991019
390.8744364
484.5641338
375.1126701
0
0
0
0
194.8435168
156.7409054
0
0
0
0
0
0
0
584.2259042
604.3756494
0
0
0
518.1913199
0
0
0
384.0153766
459.9952695
135.6950337
0
0
0
0
565.5819322
163.5792831
86.96682028
293.0952118
652.1793027
0
0
0
0
0
0
0
0
172.0019214
0
0
0
0
0
0
0
0
0
1026.145424
524.1246924
136.6379557
621.7754665
632.480945
713.7474393
807.0885755
582.3130511
454.4239701
537.7826815
143.7290804
148.0311065
101.9866785
169.7233335
256.1305403
207.0095499
1010.546601
1116.679818
985.2320229
991.2248379
635.3455394
0
0
0
676.7804265
562.7240809
0
127.221053
491.6169582
493.744031
0
104.2678306
572.2474959
640.1341377
365.1756032
0
809.0762562
838.5467419
1072.146177
734.0808616
727.6188275
811.2799464
736.1037323
900.2033551
936.6544477
1052.20852
852.7387216
110.5602808
601.7148999
723.2338278
1077.915294
481.7976756
0
0
0
833.2359483
479.5533271
608.0220618
591.3286433
370.2879262
418.1338982
0
0
572.2038035
634.1303439
687.6656826
768.271792
768.9339331
622.0326404
662.2579225
735.1399319
658.1224767
639.7165239
755.1268825
928.6284547
864.6275379
617.252575
543.1199865
460.1411022
677.9292491
772.5554575
0
0
410.0871134
824.1072498
762.3357611
0
0
0
0
0
0
0
0
0
612.888033
601.0907121
523.7677372
0
158.7583171
691.7481497
603.7235998
203.431243
750.7935336
712.3681276
235.9389887
149.253904
132.0990454
109.0537168
115.2138379
492.2772061
0
0
489.362034
479.2592486
0
0
0
0
478.1024391
0
113.2688659
88.7975915
0
124.4513253
184.4044699
580.1325852
686.1888424
192.8598031
560.0800857
557.5971849
474.3490027
104.0074821
960.5258829
1026.084089
744.409292
815.4142474
647.1849821
450.0304901
527.9336788
409.5458643
0
0
0
0
0
95.22472385
0
665.2712906
0
0
0
465.0951668
390.3199166
132.7503183
121.6939271
109.1434974
423.4256316
656.525503
585.1526059
97.30687049
474.5235692
873.4925645
775.2011952
731.6881372
783.6105878
827.830385
727.52323
683.1908446
789.3755966
824.6780152
0
0
0
0
677.1812724
504.721244
0
0
539.7763488
772.9324917
485.138048
807.201243
754.5243835
0
112.0894736
651.9203905
655.2785711
689.665039
548.6260537
727.3883125
861.1148457
572.3613653
238.7604573
242.8550904
224.8077244
559.6868359
630.7199278
321.0045739
311.3534297
0
0
0
0
0
0
0
0
0
380.2763293
420.9291398
639.5096572
130.5346151
142.42428
0
393.4766853
511.8227525
1066.228184
554.0900844
569.1842209
303.9800456
987.6822684
961.3013281
810.6774326
689.762367
281.4040789
689.8523505
485.9225344
484.6114346
0
0
106.4189584
107.9500923
0
104.6810212
0
0
0
112.1158132
672.140304
791.4129388
0
660.3327689
86.72976462
107.6520869
118.3857542
134.8360263
183.2676919
762.2433656
540.9941253
156.13211
652.3542997
724.2647545
188.6385377
461.4082224
527.2089423
104.3594259
765.6313709
0
0
0
0
0
0
0
0
0
89.95080803
107.2240979
768.1406874
913.414608
875.6430909
812.5139478
853.5751759
808.1408944
876.7671926
663.1227585
474.9869323
705.4926825
599.1175004
548.6675052
624.4674628
186.4715402
424.117347
485.6417222
642.9481205
0
0
0
186.250696
140.8615445
0
417.9814265
478.2638655
364.83849
0
717.6181362
927.9672424
0
0
520.0213115
484.9799214
0
368.4449709
496.1326538
618.6388582
586.507245
692.3176959
690.3476566
576.4403569
405.8166029
0
0
501.9242676
0
0
0
263.746132
0
0
0
0
416.7381209
0
191.177927
354.0478296
0
0
0
371.8566333
365.6240631
358.4103582
743.7652722
907.9986106
709.5544343
611.5594155
530.6284767
655.857268
85.03880643
0
0
0
0
0
220.0999116
1020.102614
830.4751904
399.0992078
79.98503893
0
593.1089538
523.6849611
0
0
0
0
404.3453273
590.6107679
538.9366102
428.4514996
465.0061242
508.9125814
455.7982138
651.8748743
517.4548641
591.1842751
255.5033574
221.5688794
0
0
0
0
0
462.3991971
405.8177958
0
504.9169736
0
129.6447858
926.0235829
988.9390555
0
125.3359981
172.2923983
593.9550704
199.5011196
451.0919598
108.1656522
104.8645242
102.0530077
118.3349598
100.758626
104.9944708
614.782841
0
0
0
0
0
0
0
0
0
114.0125796
699.2998999
615.8635034
140.5979587
130.2726843
0
93.2656465
95.07859759
101.7178774
103.0945884
122.6503459
113.3978754
0
0
0
0
0
0
0
0
93.39915458
0
0
0
0
223.3399945
222.0660512
0
118.1615996
170.3743136
122.4605682
83.38936077
0
98.05518992
0
84.32014914
0
0
0
0
0
0
0
0
0
0
326.2320107
790.3714705
221.4899425
0
0
0
618.5962142
633.6594055
141.0597202
144.6751869
250.4071639
168.1002877
515.5268972
567.5514062
438.0965179
421.7299444
0
0
0
0
0
0
0
462.1351636
96.07958723
92.06615926
0
376.0497181
632.6014697
363.3323354
0
84.01768875
139.303089
170.0647839
0
144.0035322
541.8058691
0
448.745903
572.5391323
425.3355161
0
0
0
0
0
82.1229223
0
217.282949
0
124.1330107
0
0
409.5026019
440.6175535
0
500.9128199
0
124.8667784
487.0438602
0
0
169.8654469
0
122.5158636
172.1752008
0
0
436.2008823
505.8565113
0
570.6797124
0
0
0
0
0
0
0
0
0
0
0
0
0
0
0
85.61481832
941.776384
996.730917
679.1233176
139.0883579
485.4466523
659.6342255
732.5955915
0
514.5415847
113.0023479
622.4661383
580.8950425
679.9863083
767.823931
253.5561529
595.3743133
716.6780376
597.8103744
561.1516564
596.9146881
500.5984103
355.6976689
0
0
0
0
0
951.067138
0
0
138.2879055
0
0
0
99.10871657
492.0251939
610.2463236
464.6972697
579.9735678
909.5426158
1084.930528
1068.782381
965.717906
992.7754379
993.5155234
810.2290371
703.9569459
533.7644157
121.4508416
136.1231519
537.602462
536.435241
614.2474267
741.9771629
0
0
531.1296833
0
164.5503819
107.741385
550.7561015
533.0731907
0
0
0
105.8386482
577.2486568
563.7879922
611.0440523
544.6993709
785.8836758
797.6450083
627.9653377
864.678868
569.9962447
119.4590333
562.2503426
790.8021546
770.430166
652.7273348
654.9157494
710.0232974
773.7472647
840.7179754
839.8708457
596.7719441
0
0
0
0
599.5038647
1057.65623
142.2749906
122.6812637
130.6429638
0
0
0
0
399.6556439
587.989548
604.1727395
590.1104219
548.4877022
168.0741002
259.821528
175.2328825
542.1371065
656.3303695
683.0595732
673.4605771
700.3214593
730.411258
749.8545937
892.3170227
625.3001553
567.0848085
730.3243396
0
0
0
519.3770526
0
0
0
91.85245758
124.3098296
118.8902768
158.1381649
642.2224856
527.7143786
99.58620139
160.5274381
202.3279731
774.6396733
274.9232988
503.9841708
579.1675537
844.2261493
262.5254976
721.9428103
724.9605682
563.6683326
356.1205307
145.5416613
156.7583472
479.6253675
415.3890959
582.3897283
0
0
0
0
0
164.8904989
85.15204334
0
659.1384829
497.5036596
653.5187793
412.655002
905.1218843
637.6525407
87.76107308
98.54248602
140.9551919
510.1318229
624.2594528
0
0
1133.627899
1105.115314
225.7003601
685.1095543
746.694505
797.4757866
794.7173382
832.7163103
689.6805829
606.3523684
0
0
81.92822736
0
0
0
536.7517772
0
0
377.6506684
661.5184025
366.2230147
503.6652254
657.7911238
0
0
469.3071915
447.5519602
965.8978442
538.6282136
723.8659606
933.8084432
619.4553036
256.4562771
705.238341
744.6731715
803.2264342
692.1081987
208.222341
231.0383865
602.6016789
0
0
0
0
0
0
0
0
0
0
552.9660508
527.465035
416.7905089
427.6394712
633.5620086
686.6629504
539.3954004
426.0708857
139.0750874
173.6658149
611.8111929
773.6097925
880.7142942
611.3209303
483.8016204
144.3502153
793.2996316
850.2442682
700.3814445
625.2772973
600.593531
0
0
0
116.1469785
0
0
0
0
0
792.8659778
1144.179435
277.0252052
0
75.07118652
83.65014545
0
0
0
403.2511203
396.9233554
533.8119183
630.2000676
495.8527027
472.5532345
79.80173135
501.7422012
718.753544
930.4543825
950.4320393
795.6600081
0
0
0
0
280.8972674
0
0
0
0
0
602.8388573
1207.504834
848.4080544
830.251414
0
524.9354801
360.9962272
0
0
0
396.0290571
615.4719826
620.8826871
556.6114194
576.2380011
602.4633785
645.1734802
641.6357677
622.5454599
597.2460175
0
0
0
152.3811631
250.6425303
0
531.4717256
485.7214818
0
369.5459414
904.7133269
945.2977883
1041.6734
0
0
553.7481952
420.7585548
0
553.9656573
628.6015618
661.8965099
533.0986794
618.6697173
580.5488274
0
0
506.1660562
815.4326706
809.5112061
0
0
0
0
0
0
0
529.2282656
0
0
665.7751685
426.4438346
258.216772
0
0
203.4273248
434.3154341
611.5146812
363.9824743
536.9454649
649.5654967
602.7134526
265.9741777
750.0816032
798.3100645
259.9570838
124.9668976
144.1271186
660.1746138
0
0
0
288.7714399
922.9838284
902.771347
469.2240805
120.4921354
81.61553853
0
452.0573998
402.4511421
608.3213834
704.2716649
0
0
579.8839669
585.9533663
461.2883232
356.7697073
534.2178714
84.53889259
78.96726995
601.182304
542.1111532
617.9253063
567.4947377
436.9667109
0
0
0
0
0
0
0
0
0
0
0
158.9799765
242.6134487
865.6057397
442.9418303
550.8712811
407.243465
562.0014175
636.577601
115.417628
540.0470201
439.3483895
454.1953017
496.4492336
528.5075168
604.7690772
611.5353548
594.3214476
0
0
0
0
0
0
0
0
0
0
0
0
413.4104761
74.86305968
126.440935
132.3663127
155.0448626
603.4995302
633.8659865
73.4983921
97.5709092
0
0
103.8129945
114.3283804
104.2742781
100.7803407
0
0
0
0
0
219.9041339
0
71.63379475
0
484.487662
0
84.1720541
365.5736123
549.4630689
162.8155755
109.3564416
74.4494476
148.9336159
666.0618112
580.6557814
165.7908301
157.9415901
150.2452352
155.3276947
156.9710804
105.3410738
0
110.8312352
0
0
219.6171213
279.3362493
307.1508846
293.0501851
478.1283012
455.3840876
114.4660556
0
499.535924
739.1660547
558.5208355
0
695.8933169
267.5026683
585.5230941
235.1403722
263.8335567
0
0
0
198.3361069
97.11319769
130.8187794
0
112.2674568
0
0
0
0
0
0
0
0
422.0091376
234.5032948
0
0
0
74.08480152
124.2442272
127.4995079
999.6445275
1009.385367
712.5808092
556.3558726
0
0
121.5546186
104.9825301
0
0
0
0
0
0
152.3648168
91.2616531
0
0
0
0
0
0
61.95255966
0
0
804.3889219
704.5258673
0
0
0
0
0
0
364.9778474
569.4936906
0
0
0
80.40712743
0
0
455.2280968
538.6295709
609.764696
91.14578277
0
96.59331706
0
0
0
0
0
0
0
0
0
0
104.7606757
113.1538386
487.3971913
493.0168294
0
511.8030267
526.8218558
143.6881286
0
0
0
0
218.1705911
137.5803338
0
0
0
0
121.3676825
130.5502035
173.8403393
274.0956214
0
0
0
0
0
0
0
0
658.0081673
725.7681573
0
0
137.1477214
125.3285167
1150.137733
115.400847
599.0920285
116.297663
585.3835243
0
0
464.4936801
601.0336139
636.7774063
778.9855725
785.6412195
752.0985921
482.9622767
666.5551316
753.9020599
684.0493765
765.3650858
680.9818798
126.9043544
474.7319898
481.3084237
0
0
0
0
0
0
570.9469008
0
77.76574622
151.3846471
117.6104926
527.1777029
731.9808682
852.0088332
762.95599
442.5257132
236.9828393
866.961629
783.2480282
578.108961
578.1649696
664.1064963
830.0404223
747.3223036
759.212595
626.9905856
691.9980426
661.4813857
87.42556521
543.6008805
695.5446406
169.3557048
487.5261766
138.7805609
125.8230641
135.5036189
655.3117998
120.1167408
639.7702704
137.0837869
710.9154212
228.3208344
0
0
867.0222058
704.9776976
543.0079001
618.8605671
570.2768187
615.7604454
755.8189461
535.1763845
120.0192981
533.3962532
600.5696613
196.5740433
744.5073797
558.6492373
0
0
588.2394307
692.953292
547.5796858
853.0128942
1042.603644
995.1141387
0
0
0
0
0
419.3163899
885.9397828
0
121.9110459
147.2297196
130.3176891
118.3720065
478.425442
675.7734902
130.7583959
633.7595943
759.1412161
789.7884607
536.0148995
762.9746104
784.0141111
643.5836157
607.9637596
781.6185632
666.9313511
510.9715327
474.9629099
452.1271411
454.015874
639.7732096
875.4480468
912.9342137
829.5661001
0
0
0
0
480.826585
480.9668
136.2668003
134.8866222
0
0
511.7702629
700.6668584
633.6805272
981.6608389
865.7064534
622.8555247
140.659067
360.4163751
221.081114
130.2055483
611.8161569
823.7577275
905.4561203
874.3510156
908.575136
899.2160511
789.1381236
93.88388643
112.5050643
131.8410799
143.6122702
150.7944749
781.8423028
0
0
0
0
440.2361943
0
0
0
0
519.1371482
576.3680322
672.1084272
140.8081548
765.1207698
856.8898922
632.5825945
636.198994
590.2730902
560.2338322
715.670038
771.2709749
124.6747967
136.6891842
157.1581389
614.8604141
706.9483299
698.4840706
834.8173128
636.510919
659.4522902
564.4769251
136.4913255
154.1629106
0
0
0
136.4853016
0
0
0
507.1608664
0
370.8936871
544.5980283
124.2078025
0
0
0
598.4966373
505.7480545
500.3041434
646.1186094
943.0519494
761.7243422
1312.722477
857.8207269
604.6347283
689.2533296
447.8144338
444.6308618
354.5749965
584.5897402
702.4976018
924.0374654
861.7167531
0
0
0
0
0
0
0
0
0
784.3283927
1149.720799
786.7205956
821.7263847
782.6415482
748.1137773
252.6533462
739.6989872
614.0193792
657.1864542
166.5438025
904.2110299
822.4059216
704.4698534
650.6784722
694.9703594
880.2566004
868.0524837
821.1327206
389.9482047
338.661374
137.6709715
573.2551673
0
138.0878475
0
0
243.2094808
219.9146906
0
0
487.6322173
426.1015417
610.7653915
894.4937749
678.886275
130.9434267
107.4274291
144.4298893
617.5861614
411.9749404
157.9362896
0
498.6356426
443.7907008
115.2492889
603.1555284
654.3010281
726.2763799
725.6764404
781.4528173
852.299747
859.4783657
336.0251241
587.0030397
0
0
0
0
242.7838872
146.3828892
0
385.6360784
526.5666944
0
241.6895819
1044.545529
711.7549161
781.4690785
480.8133619
459.0750241
390.0148475
0
0
0
0
0
382.6897341
542.9287541
356.5509373
596.5114625
671.8377862
772.3159984
757.9570355
736.6909127
760.249776
0
0
0
0
0
0
0
465.7701901
456.4861576
0
0
875.1815545
582.2656519
488.7106608
925.7768125
629.3111229
538.3948422
552.4497
152.2666105
677.0803362
754.0794855
730.5105095
633.3389371
589.5070248
638.9088048
539.0857867
727.1105573
700.8128618
847.6190449
668.3363618
159.6911088
0
0
0
0
0
0
0
0
0
0
121.0160683
705.7490532
829.877016
160.6796901
65.48029903
491.0521019
683.1265349
764.0829245
617.2760964
207.1873514
210.9232485
204.1487307
556.3297287
0
436.8073269
126.544941
156.6066235
605.2951683
590.8544327
639.9369187
0
0
0
116.9000429
273.4400897
0
687.1355816
0
0
131.0779347
0
0
0
0
158.6128375
0
113.4944644
644.897783
807.9669272
335.2884322
86.20015942
187.4045048
712.2859072
866.4859735
861.0031236
669.7970405
667.9518618
661.5328271
85.5080959
500.5532195
0
0
0
0
588.9638312
900.9948272
0
0
0
0
0
0
182.5900251
858.5063642
572.9499048
506.1608272
635.7897646
606.2240149
699.4687909
825.885067
790.7414326
576.176659
534.8117875
500.1677705
689.6048984
799.4173059
775.3485364
116.1477397
143.483707
0
0
0
0
0
0
0
126.2484047
0
0
0
443.3817546
372.1173805
495.5730463
717.2374428
627.0959541
77.94579192
0
572.279306
637.1740422
627.716901
712.3931617
199.6005625
90.29906309
71.36593722
0
75.91942433
782.6607851
801.7649804
0
0
0
0
114.7739197
0
280.1304159
128.0256817
0
146.1095249
408.0605692
489.0383716
113.9551722
410.7010338
558.9167855
734.615274
669.8360161
633.6245908
787.1890221
633.4675023
666.5857894
555.4734592
708.8285704
742.0808205
313.3833692
224.2615211
118.2344908
154.305542
0
0
0
119.1741783
0
112.4188128
0
0
0
0
0
0
0
0
558.6758288
607.9157481
0
369.5600089
641.0690743
0
479.7576694
0
408.7530237
473.2717162
736.3019542
919.3967847
1050.396749
0
0
0
0
113.0115897
105.464312
0
0
0
0
0
0
73.91410908
0
0
0
0
0
0
0
682.9922934
764.3526815
569.8512121
508.332385
439.0239532
0
0
0
0
0
0
0
0
0
0
579.4572982
0
84.9882255
122.1016283
0
0
0
0
410.3960313
656.3112939
122.9929372
0
0
0
102.1312441
137.3466725
233.5236107
0
0
0
0
0
0
0
0
0
0
0
0
0
0
0
0
443.0970738
117.0367599
140.150294
165.7445862
145.5728943
133.2542783
0
0
0
0
0
0
0
0
0
0
0
0
0
0
457.0696236
491.2973815
0
0
458.6995686
416.608841
483.312613
867.686265
0
0
0
0
0
0
0
370.3078272
414.0489628
0
0
0
0
0
0
0
0
104.5787937
600.6532528
93.05229167
0
0
0
395.6004882
529.9690613
0
0
0
0
0
0
0
0
0
0
0
0
0
132.7785955
196.5190299
608.2857159
0
0
504.489417
0
0
0
0
0
0
0
901.7559812
0
0
119.793177
115.7598789
100.7490656
971.0560149
131.5004455
468.2321688
108.2981451
512.9593215
99.29614383
523.540178
724.3243536
726.3883737
860.7702946
767.9115674
627.1982184
661.4187985
664.0419797
219.7213077
137.4923303
120.3302073
703.3312281
720.3775992
794.9797877
758.4770385
711.8333738
0
0
0
0
0
0
0
0
0
0
682.3170183
568.9454125
657.8783787
579.3061075
759.8372845
849.4465429
829.0294255
724.5253563
889.01327
570.4058499
699.8586316
880.0082832
829.2756565
764.525319
598.5756232
225.544698
215.7873149
159.2215461
215.5432225
980.3750196
838.923657
174.9102914
742.1831321
800.9384561
0
0
0
0
0
376.5209977
645.9056307
75.81012221
675.2156313
210.5249015
538.3725694
1011.436153
808.0195764
555.6058702
457.1481674
560.4523273
894.4921556
866.4104175
570.3467456
484.3949094
774.0521962
726.6492175
730.5651848
719.1284166
560.5095094
112.6259247
635.7123387
748.4910128
740.8081028
845.3494097
1170.589652
1337.726314
1345.87152
981.6840918
0
0
0
0
0
535.9504467
609.7856068
1093.657369
0
715.0213825
733.331238
0
369.2414976
898.9764883
477.4991805
0
756.1387024
883.6880139
700.8731835
745.0307119
166.3461324
666.5141819
675.1768904
764.5717103
778.7055699
583.041152
541.3927008
674.4862014
629.6809071
731.7805878
260.5849201
150.5287267
708.4578822
139.7856881
0
0
0
0
0
455.4813891
0
100.5873734
497.2937009
759.3434935
756.2274961
594.1504655
699.7321767
828.1230031
953.7271866
734.3537298
678.561691
927.292884
671.7963353
609.9233768
634.180642
780.8522181
708.8219107
739.0860957
764.7232211
623.4518628
695.3941191
670.3398886
871.6149459
868.6257162
967.1509409
1119.6527
1092.382183
1031.263472
0
0
0
0
0
387.2546892
543.9951334
460.9216678
0
457.1621153
666.939015
750.2367358
190.7498843
576.5754063
571.2026284
527.3815104
513.4587009
552.08188
547.435852
825.1051668
989.8352328
518.7445503
700.9411791
904.7818726
414.7349248
747.8297974
723.9231222
682.1648172
511.9367025
134.459225
595.5726669
591.2318605
470.6830874
508.2649184
0
0
0
0
125.3632072
84.28051075
0
0
487.2319921
501.8368376
461.1806949
1326.243879
621.7193454
528.4883869
305.9339779
470.2035813
721.7355597
561.4813049
596.2828878
639.0060052
700.8938425
846.8612654
811.3796779
778.699244
656.4313856
664.254585
920.5536876
1039.411004
771.6538108
644.6896013
191.9303579
631.8823129
598.608237
176.7554812
0
137.1059285
0
0
0
222.3205977
0
0
0
846.701705
207.7605758
206.552513
577.979106
253.1789155
667.0017652
581.7316113
544.406776
639.9808168
617.6960754
726.8599519
1072.109679
1241.779061
848.5405821
911.4819791
821.0125942
769.3618416
867.1110852
1018.101069
926.3468404
314.4077565
126.8779362
159.453925
547.8620529
0
103.2225104
116.1714808
0
0
260.5492667
0
370.7640708
654.2690237
683.9178844
502.0461953
450.3001516
96.69475619
489.7518
111.6026384
515.5305016
481.126539
589.6034698
463.5454586
356.502787
767.5330972
127.2278667
486.2501829
672.780299
661.6460939
729.6000549
775.0590079
779.7035795
645.0554931
667.2221421
606.3761059
692.2348404
660.5513908
0
0
0
0
0
110.0536544
508.2218957
466.141911
0
506.1878137
0
232.294373
307.100927
869.7537185
0
614.407122
822.51953
620.0236355
529.4337491
154.3920535
139.7973379
0
0
107.679548
142.7760941
153.366786
560.6470611
719.0773303
726.1800308
671.6901597
585.2901429
601.2873104
650.4821645
0
0
0
0
0
0
0
0
0
0
449.3287902
740.7924078
807.3697449
580.2295815
712.2585892
535.8698481
815.1172707
703.9028442
749.3724252
780.2831464
632.5885131
679.0712864
475.278363
486.0751474
665.0389329
838.3797881
791.7652699
653.1019316
621.9657053
0
0
521.823972
0
0
0
0
0
0
0
0
0
0
0
0
0
530.1669442
683.3220268
795.890595
806.1127864
756.6789467
82.98908456
158.5979663
155.8081289
115.8745447
118.6377348
0
0
0
435.3782022
689.2352747
755.98905
690.8102911
725.9402186
780.1679257
0
0
94.15020363
0
228.0369843
0
0
0
0
0
127.107444
0
0
0
138.6047369
674.4870332
835.882534
823.4820449
835.3109879
895.7709726
825.4904969
663.112669
672.6412414
675.5784369
532.074957
578.8587982
467.5487981
411.4333083
130.2638674
741.1984636
702.9516056
0
0
0
0
0
523.3457028
1038.471746
0
0
0
0
0
0
243.0427583
919.2877348
769.6906068
124.5247536
565.9466329
641.5595844
558.2703108
271.2938237
148.2374423
157.9890598
496.07201
447.1129615
84.80652272
108.1459195
94.26611704
432.5972005
526.6193567
565.5442574
0
0
0
0
0
106.682943
126.8289587
275.4722828
178.4046844
0
526.2155848
468.4640056
597.6567186
566.5219806
607.560252
159.0675618
267.4351569
171.6677382
598.6858661
493.6567871
0
97.71750731
123.8351843
271.4816946
207.0883425
182.5147951
119.5581106
112.3103999
0
0
0
0
0
0
95.65433726
140.1640361
127.6947561
104.4001291
0
115.8154235
0
467.5448313
587.5757011
104.8523523
356.9560013
442.6887785
290.0485363
779.3546153
765.8910226
669.3617165
545.6735727
546.3640332
588.5138411
568.7998732
89.2113958
567.4996204
639.7516939
466.4792289
383.2086931
0
0
0
0
0
0
0
133.1783079
0
0
0
0
0
0
0
483.4626132
364.274731
0
0
0
70.72697056
112.4153219
359.4741154
543.2433899
495.4875762
494.8507324
816.0874154
795.7094022
572.434771
0
0
172.6782334
0
0
0
0
0
0
470.2047205
641.1984964
548.5776242
0
0
128.4778576
0
0
0
0
0
101.4200598
111.2847108
417.0500242
606.1403294
706.7576546
89.28120865
582.0597608
542.5156825
0
261.4521108
243.1658113
0
0
0
0
0
0
0
573.0321653
456.8665224
0
0
0
0
0
0
0
445.8485732
99.77606885
146.1693602
123.8130176
356.7349649
470.1330039
0
581.2586564
0
0
0
0
0
0
0
0
0
0
0
0
0
0
0
0
0
0
377.6502542
521.4957998
0
91.70371492
0
0
0
0
0
0
98.53819883
0
0
0
0
0
0
0
0
0
0
0
0
442.4452434
0
0
0
423.8779052
433.745
782.7630638
128.3471782
135.8609657
137.9426576
280.5388415
119.0422562
367.9720511
0
0
0
0
0
0
0
0
0
486.9543775
0
0
0
0
0
0
0
0
0
0
90.54232305
563.9122058
0
0
0
383.1010882
0
0
0
0
0
376.2652088
415.6239501
0
0
0
0
553.9234601
413.169104
0
0
0
0
0
0
0
0
0
679.1056609
453.448511
0
497.0891914
476.8638935
85.15342901
0
0
0
0
0
0
0
0
0
0
0
0
0
0
0
0
0
0
0
0
0
0
732.5265909
736.0418249
377.7240065
492.2381974
607.8981308
545.7060722
619.0870686
1094.696298
112.9159105
850.9955574
232.3099705
464.3233599
590.1242631
740.8403811
792.2230851
767.6546338
591.5244417
664.4143026
598.0070912
472.2750762
103.2476033
512.4945869
699.0195725
745.7542433
722.7472234
758.7662555
508.6843762
650.9391235
655.5573037
0
0
0
0
0
0
474.0463461
0
417.137132
492.1703859
638.326736
540.688971
781.0699853
631.1847263
607.1653481
815.276491
800.4551436
626.3554777
824.5038906
647.3583325
754.6644376
826.8944314
839.1040052
649.8718709
642.4559281
496.4221263
132.5068343
545.2990317
572.9542326
600.0014349
0
73.89419978
335.7455075
390.1620528
987.4547158
0
0
0
0
0
0
516.7737332
789.9414681
0
563.9692754
187.843643
0
583.0970826
523.1325691
436.1277611
656.3513652
784.0015473
463.259153
126.3744873
513.081845
693.9243777
737.3168549
575.1313109
746.5143167
595.9323548
857.0211685
830.1189912
891.1373834
1011.451808
1340.747919
1188.231117
1074.752705
1008.893616
244.6975188
509.7925614
0
0
0
0
0
0
443.0334373
719.1822232
963.2542544
821.5940843
769.1872048
383.9548074
515.3677241
96.24733149
867.951421
72.50630684
696.0165163
634.0077634
125.562742
119.9828857
657.5250384
456.1067701
672.9872359
775.6777914
724.3802739
550.0318436
169.0012229
149.6702645
170.8132447
524.3630553
633.1152984
640.2847847
703.6672774
673.8534659
666.1549927
0
0
0
162.7476274
182.6753025
0
0
0
566.0849331
417.1484373
997.2566496
601.9962091
703.675286
722.352926
924.1598105
478.3628776
791.1122075
956.3295861
596.5808405
117.6923492
749.6598951
843.9252697
790.0085446
865.0058377
317.2175607
669.9477908
995.1162846
777.6716134
351.4318104
708.0411526
914.7358608
452.2981967
566.2055604
624.4713562
663.141997
0
0
146.2175605
198.5017309
0
0
0
0
452.2893088
507.8876285
456.9574294
625.4414786
115.857764
697.5873877
916.8314486
455.0364787
447.1725462
0
618.0663191
816.7553252
707.5411761
650.0769765
748.0843827
937.2432523
726.589265
580.8401703
685.4871711
656.6083731
544.4204828
108.1957499
780.861038
759.5291059
129.6068634
642.0968456
821.8692653
0
0
0
0
0
136.964771
0
699.0306741
0
649.532914
435.7066465
479.0043304
579.5360001
365.7248046
176.3148747
505.3931584
478.9471437
1022.574955
982.3633615
814.488172
663.2141492
764.1475366
663.1109962
651.3754866
565.0505182
716.037642
769.0085372
736.4376579
673.5190263
693.710873
616.6772499
194.7978488
209.5504347
211.1939336
222.8454008
0
0
161.4308449
0
0
0
408.9486271
346.5007918
0
0
0
111.894882
251.3848904
121.7558899
136.9043786
811.7739459
974.9738438
750.8961127
775.2108806
860.64279
683.3453675
570.348305
605.3890126
803.5603726
747.2457905
769.3006675
681.6515713
543.4283838
142.4553266
161.7026915
161.3831055
159.1522858
210.4801813
331.3439683
437.9400502
0
0
0
0
0
95.23041498
149.6265707
325.9627927
553.5375621
646.7566488
83.92113962
0
130.9378724
0
486.935021
538.2605581
581.5990108
649.4433264
479.5896985
114.2695181
617.2756309
621.1981287
619.7637969
578.6871043
732.1727763
764.3251384
687.3632906
236.313972
676.0105445
607.1753143
114.6144907
0
164.3547228
523.7505291
0
0
0
475.170665
542.9522964
634.0720127
492.3241906
0
0
492.2702379
0
666.3937801
107.1018298
0
557.3033391
198.2911091
507.0439015
656.2237925
281.6703378
223.8842355
528.8117127
670.2821673
594.9174611
614.0854579
481.6017797
639.3326051
695.0895978
653.2849294
525.0797278
873.2263808
858.9073821
865.8025132
663.8678407
95.9022056
94.91535753
520.1614014
474.5876041
0
0
0
0
0
0
295.5106098
796.498964
687.9620519
118.0921432
921.6507483
856.2911458
861.9810147
617.3545977
238.7268085
124.7352847
121.6944836
443.2245283
535.0004788
474.5584108
939.4845155
1022.360941
694.6313228
258.1037421
711.2810432
660.2661141
584.2210142
626.5736549
690.914723
0
120.1378765
0
0
95.4473233
0
429.8997743
0
0
462.7920392
530.8497527
545.5146525
121.0787213
505.0318442
782.4349459
626.5806102
648.9686959
835.4652998
687.7333215
229.5190413
197.7186103
552.4410631
602.2434128
615.7037627
554.7087482
180.2736185
683.8529048
776.9398842
876.1817953
632.3398611
175.3860944
250.6618526
796.585944
0
0
0
0
146.5734455
0
410.80098
500.068782
0
0
0
158.8747505
127.1607856
434.1907295
613.1378728
610.5247696
696.4048111
944.9522029
179.3486677
0
151.6200234
114.5273437
512.4473462
662.679572
781.9769204
666.2917449
142.6238705
211.5403618
622.0880932
765.7587175
775.5679871
504.9050614
590.0448799
0
0
0
0
0
0
1030.953576
605.1651753
231.1050104
140.0337547
0
0
0
595.8139743
739.9916814
116.5255248
685.3197
1088.661167
717.5430535
99.99972691
103.2329133
89.0298062
507.9916774
644.1916119
637.5265011
127.4342588
112.8721336
639.6781958
719.560186
699.9846955
478.7263806
450.5007484
0
0
0
0
0
0
150.7687985
123.9668771
177.0951156
0
568.9033107
566.8799231
0
582.6825859
568.2107686
0
163.43889
360.3737627
250.4999382
461.179325
427.9825791
124.1982514
116.0145876
129.649067
104.5455579
570.2252118
570.4539518
490.9117699
114.6836387
188.7778393
171.1712943
0
0
0
0
0
0
0
126.8747601
163.1423573
0
0
0
482.2855257
0
196.3110024
162.6168089
0
112.1220118
263.5605053
182.5813022
407.3250281
100.2708643
118.6531779
0
117.3093439
554.5965987
622.348249
740.1232558
651.8153568
485.4784898
631.1735905
0
0
0
0
0
0
0
0
0
0
0
547.4036844
0
0
526.1287396
94.37068999
0
0
0
0
0
95.11015234
0
452.6971745
580.6537698
490.4515177
817.3233481
812.74789
696.879801
151.5005031
0
0
124.6130955
267.4004391
0
0
0
0
0
0
392.9537585
513.888036
518.9412442
0
106.176214
94.6900645
0
87.61863661
132.0773108
0
391.8627224
469.1666127
502.9331911
564.3450767
116.3752324
95.792301
474.8363096
438.4318406
229.7589456
0
0
194.0370456
126.0918502
0
0
0
0
0
0
130.4793506
77.23887333
0
516.4243553
0
0
0
0
0
0
128.368831
638.6635324
711.1651119
0
473.9246844
474.7587932
498.6313219
577.2522732
417.9478804
0
220.7685162
136.9674104
123.7099758
0
0
0
0
0
0
0
0
378.0417352
542.9507382
542.8844272
503.5270031
0
0
0
0
0
0
712.193761
657.5707623
0
0
558.8512198
767.7385822
0
243.8388354
187.9837367
114.3771945
0
466.9301479
389.9042227
0
0
0
0
0
0
0
379.0708147
546.8713513
0
0
0
0
0
0
578.8337284
428.2132525
456.8705242
538.863379
551.7700927
165.8456414
192.2949516
153.6918445
0
538.8730709
0
0
0
0
0
0
0
448.8701802
519.8636517
379.8676402
0
0
0
375.5251821
0
0
0
0
0
386.0749098
0
0
0
0
0
0
0
0
0
0
0
0
0
527.7552177
0
0
0
491.2099188
615.6017081
0
80.45401185
106.0256804
105.8482068
602.8747133
0
0
0
0
0
0
0
0
542.1344816
422.1477755
0
0
0
0
128.3084199
128.2097912
527.134223
111.3585131
117.2741064
0
0
0
0
0
0
0
0
0
0
0
0
0
0
0
0
0
0
0
100.8816697
0
0
0
0
0
0
0
0
0
0
0
0
0
0
0
90.03091385
610.0825257
0
0
0
0
0
0
0
639.2558825
0
526.3155689
623.0126945
286.5672469
664.0432961
556.339279
1137.303106
814.9947604
806.7716093
571.5510379
667.0544778
779.5085383
991.5377511
761.6005129
608.1843274
625.1338374
626.8794536
650.9564942
684.9834308
701.1177043
762.128923
709.9416475
821.3496341
744.7762077
652.1594413
1297.55567
1354.370714
1253.315422
0
0
0
0
0
0
0
1000.028598
972.4424332
1205.333628
769.6870294
432.4328949
777.3314854
592.983186
119.5530751
518.1819538
743.6861181
752.324785
687.539043
634.4459124
792.9432676
722.2388655
720.6424424
667.2877052
674.4423694
443.3235433
120.9886854
608.9439869
581.9651301
664.6500895
570.7294369
223.8886832
658.3469323
246.0507912
486.3585073
501.8568123
0
0
0
0
0
0
0
107.1551962
749.1831879
0
1409.066959
1075.541883
665.9494394
107.4098911
121.7125443
512.395117
797.8414346
628.8217073
659.1136094
678.1136405
708.4033429
605.5671091
197.024987
682.1122654
625.8554953
714.6832813
633.8304776
732.4957827
731.322278
1225.054571
233.7768844
178.0407645
644.9858842
631.7666988
743.8554414
787.985452
0
0
0
0
0
0
0
642.7709928
703.9540618
836.3947322
788.4395205
370.235899
650.1846032
687.3220156
861.0664682
784.9960357
0
777.8992301
129.1950725
557.5086496
493.0329993
691.0669913
712.0125347
706.3543582
689.054767
702.3073947
702.7505674
269.5549949
213.0645537
578.6719549
573.9940926
127.0474057
114.9431555
136.637192
539.9805458
741.7451931
0
0
0
0
0
0
0
0
0
0
837.9400325
712.8083021
145.8242455
689.7349978
1015.398268
667.7962789
550.187591
776.0263482
577.7437898
139.9873288
731.3070919
973.3580467
976.4655758
897.1962022
590.5362153
619.5674465
728.918976
750.7765853
947.0112669
1003.009983
947.0946558
657.3796499
816.7211599
824.9366598
699.3846428
791.5178696
0
0
0
199.7219398
0
0
0
0
0
111.4745542
547.8864286
455.6794396
708.8408949
662.0152415
783.7768774
568.1583323
219.557827
505.7455657
623.9020052
558.35764
591.5560504
571.9261351
660.5201031
244.3157224
664.1463202
663.7539306
734.3393062
608.9879304
0
211.5822196
824.4986843
691.7956973
578.1060035
676.573274
739.3721511
597.6504106
101.7839963
0
199.7072082
122.4850118
0
0
136.0272224
0
564.5537047
101.5895956
90.55687796
425.9111961
0
125.7010629
0
0
846.0552232
993.9330225
602.9359259
458.3690382
606.8456646
742.4775931
738.6455484
726.6065088
689.8677684
757.3780197
661.8206688
631.9855022
155.5306109
151.243847
185.6626101
741.2994471
795.5605753
604.6229532
542.6026467
681.0730364
0
0
0
152.1541089
0
0
501.0599891
503.2947355
0
0
0
0
656.1988747
122.3612116
754.8458156
1145.125939
1241.636183
951.7837114
1000.642511
967.7174034
744.5870618
460.2128173
853.8520738
963.2065261
666.247316
632.2081733
640.5958808
635.5035015
617.1101474
638.744601
115.065862
231.8472284
730.5927483
775.2003439
504.057877
0
547.478262
0
83.97542057
94.66232541
0
0
0
0
0
547.476234
412.269657
585.2802393
493.0918147
418.2773555
730.4485772
659.9329492
465.825312
670.8594888
589.0938332
777.1699678
742.2227183
639.5615965
609.3515301
612.5232548
564.9793191
534.1365169
531.1456997
416.6570752
586.7112847
858.4334742
365.7367329
0
0
0
0
109.0721954
0
0
492.591817
0
88.7163195
125.7487446
0
548.0408703
409.5842959
558.9443502
527.668127
517.1884503
519.8274157
823.3234466
814.3263443
693.0068061
777.2287834
783.3699629
562.0599272
227.4426473
664.8298577
211.2094581
671.0598785
727.500389
624.6834028
608.4688852
514.1736235
507.7534372
0
116.0922979
635.9771049
505.14546
615.011548
140.126405
139.9384913
0
497.5981346
0
0
0
503.3185756
0
0
0
747.9694319
674.7683461
739.3880628
877.219671
879.6209662
368.0944069
646.2765931
529.5188429
557.2963571
681.8857773
578.4725075
457.5904649
656.5433421
741.2650031
742.6949497
519.124851
602.8916852
698.6064731
665.2178763
589.1643526
451.3141333
463.5553311
146.8853516
0
0
0
0
632.7888307
804.5880671
104.521568
494.526839
0
0
0
169.7886372
686.6699901
597.3987693
653.0837257
169.2385168
194.7013505
851.5838798
295.7466589
553.704946
144.9338449
645.3862737
771.3357267
737.3201251
905.1301169
687.0981164
832.2097332
723.5210112
674.7863486
568.7116709
683.7580161
207.1900906
727.3210949
698.7814636
0
0
0
0
0
0
0
0
445.2198891
688.9543397
449.1881914
0
102.4838207
474.2908676
687.4168415
608.073579
577.3657763
709.8741342
645.7924092
175.4052803
112.6661103
573.7553242
539.0968605
93.12154734
823.5533587
857.9444189
915.1743431
752.6563888
633.9368275
605.0285064
533.7647447
554.6317619
704.7570036
741.9816542
0
0
0
0
0
0
877.4571675
897.3566613
91.27361843
291.5803358
0
143.97886
678.4063824
422.6806991
616.5185454
476.905284
595.6782455
721.1759864
514.140436
67.47797247
79.49516797
455.3726737
598.8630614
549.7273455
459.7012727
602.9916598
692.2362031
665.5330534
590.3061605
112.4639463
753.7081194
574.2759736
837.0156102
0
0
0
0
0
0
0
0
148.8353275
128.463798
122.3099932
0
693.7217254
664.4645389
500.8099347
357.6472676
107.3195003
193.1494044
322.9939603
280.3872886
403.0605496
578.0617145
648.9550526
633.5757387
722.263658
698.5032269
529.972792
418.7296632
589.5170121
653.6727181
581.9775076
630.6992717
425.7338096
0
0
0
0
0
0
0
0
122.4393494
0
0
0
502.0882927
516.5854523
751.5516597
729.7191537
535.3454516
651.2773405
749.6256947
571.7468807
493.7399065
508.0528846
617.779045
605.9733563
683.3149835
793.7164764
818.3193066
766.6152651
572.8029516
192.2968319
623.668664
630.5599043
0
137.2040752
101.7019732
0
247.232749
0
0
0
0
0
0
0
366.2769991
0
579.7017198
475.2175654
0
0
680.1591854
472.1608091
455.7218605
546.8663174
570.9310912
613.5151316
535.5520242
70.40057539
580.7254948
741.4445651
689.5929586
196.8015516
230.6720166
0
197.2337846
188.711873
119.3880683
252.7662777
0
0
0
0
0
0
0
0
0
606.4299086
97.82080751
0
0
124.0780907
147.5200634
74.20407342
665.5922382
841.3637716
522.2206702
0
489.8754143
506.7864554
115.6403545
625.5783216
626.5808079
114.1003136
0
164.8451985
268.9988588
261.2163045
110.1886254
0
0
0
0
0
95.64041855
125.198643
0
0
99.59525289
108.2529329
98.13152551
0
0
0
0
0
672.9753671
628.6234823
0
388.4129394
0
0
425.4116996
612.9966628
0
0
159.0679047
0
0
0
0
0
0
0
0
0
0
0
97.35594878
167.2136894
131.6612227
0
0
0
451.0516969
454.3276295
479.2158301
434.4437117
0
164.7121094
190.5505077
131.550023
0
0
0
0
0
0
0
458.1359943
0
0
0
0
0
412.1674764
0
0
85.60334356
93.70791878
420.5233276
422.6858377
0
461.1562708
545.1459875
551.4619541
582.9248688
598.9666857
548.5919118
436.6567451
0
0
0
0
0
0
0
0
0
0
0
0
367.8515118
482.0179529
477.6087457
371.4348901
623.2071145
126.1726265
566.9261829
489.6893997
444.708263
548.5035972
0
0
0
444.8378635
418.6181879
90.84913592
0
0
0
0
0
0
0
0
0
0
0
0
0
463.3778519
0
0
114.1765313
475.3605172
498.8612845
437.8862202
0
0
0
775.5671533
803.92659
796.2463162
0
0
0
0
0
0
0
0
0
0
0
0
0
0
0
0
118.8547896
117.7924199
103.8571068
99.67070668
0
0
476.5722638
0
0
0
0
0
0
0
0
0
0
380.8364549
0
0
0
0
0
0
0
0
0
105.9448844
102.1066809
95.06769942
0
0
0
0
0
0
0
0
358.5468887
556.6141781
505.0481699
440.0586332
0
0
0
0
0
0
0
0
0
160.9893793
0
0
0
0
128.403513
528.4383057
0
0
0
0
0
0
0
0
0
0
0
0
0
0
0
0
0
0
134.9742685
527.5925165
371.2532086
907.4940309
518.6647025
649.0807538
686.4544442
933.4836515
553.8574357
442.0126288
545.3609243
820.6366029
737.8276078
1035.095497
679.6871829
673.5077209
657.0585202
620.7110915
737.3364067
857.2961351
901.216049
639.3143257
783.8412183
258.713061
330.822075
340.1241821
240.6208974
383.0541231
0
0
0
0
0
0
0
0
0
970.9689581
786.5065427
905.5166752
1269.160688
681.3869666
735.1000505
543.5638476
163.0199981
606.6137163
615.0440168
872.5656981
762.7274977
783.6377021
753.4273669
603.9982153
662.5201546
793.1689214
708.2196264
692.4934148
710.7387712
789.4584423
829.7562152
831.3258639
716.5253408
853.6381021
1027.758489
979.0202563
926.4792052
714.7662275
775.3907693
0
184.2052005
0
0
0
0
0
0
419.2506107
578.535326
737.7883866
593.690065
498.0787308
305.8158151
235.7484583
1138.194366
869.8606457
919.3618606
672.5695282
579.2962553
713.0033491
685.7735504
549.0412947
620.8393251
639.6941259
932.3951442
861.4703782
860.9042428
766.6388306
689.2624144
954.4152893
247.7750791
222.9861786
300.3959603
770.1340556
870.4756318
752.8292256
0
0
230.5213438
231.0658824
218.2145366
0
0
0
719.8186455
728.9619445
860.9641563
155.3036043
486.4086616
353.5119224
1041.15456
755.4202277
645.7618661
668.3921989
766.2937344
684.6641794
723.4865421
649.1553705
606.7281071
510.992535
604.4171951
565.0966043
927.0437351
878.0249642
782.2942988
862.3211423
771.2064506
685.4635551
790.6497253
537.6505272
618.1151007
731.4224553
690.7378899
0
0
0
0
0
0
0
473.1352828
589.2073408
0
140.6577207
827.0933303
179.4098544
111.3659797
797.1451611
395.3772634
0
658.5092958
636.1071318
573.0358824
789.3767215
1005.626685
806.8673669
801.014214
764.6268325
811.3930548
813.4036303
971.0112944
936.1150262
368.9849227
662.1408387
700.9310188
617.6812205
791.9106024
968.3577215
839.9224395
775.5335859
0
97.17629716
0
155.0110421
0
0
0
141.8162387
0
0
596.8812101
520.4112095
838.9011555
574.7227894
0
0
281.0074362
834.6856972
763.1626134
610.7929623
678.8907843
794.2117098
805.5278207
635.4963558
578.5409935
631.7112336
753.0918489
740.300749
687.1136331
562.3440585
445.8598268
0
683.8643092
625.8324993
673.0204952
780.690382
906.7499521
0
136.8079822
0
205.7800931
126.4175339
0
0
97.03542097
1139.44979
1057.015333
138.5178825
399.7561573
589.106933
501.9137699
0
107.6500184
820.7429822
712.2601303
536.1696129
123.8407753
775.6675491
603.8104827
677.8109567
798.4626067
952.9724603
882.7331441
798.284956
678.8365569
733.1491505
612.5397276
758.5113093
704.5098237
776.0858063
817.4074518
787.3288706
635.028874
521.5850754
0
0
0
81.81349518
189.5339917
0
118.9973432
628.8453972
992.042972
156.1305091
0
496.2278237
672.0148355
596.7616537
67.39213071
675.3367557
1041.615247
798.1319617
648.6900288
808.2185389
599.1757507
699.3651538
837.240519
878.0451004
778.8933923
771.6344403
796.173954
662.1452344
652.2603202
615.719878
96.78622942
591.183703
700.5074905
746.0263045
707.7222362
216.955992
0
0
579.6499887
549.200632
184.1959962
0
0
0
778.2836883
741.0591344
611.1960869
640.129663
909.071141
796.4211577
679.5375735
836.8902477
685.5234827
566.8417731
807.8634064
638.4870199
654.8075399
580.4198624
656.9262993
577.3701993
620.6814014
715.7294209
568.7886527
451.054075
589.6338385
866.1806111
1016.171244
922.9718457
850.2076436
811.5681689
642.1510058
947.8215422
0
0
169.7695095
0
561.0217761
0
0
110.3323547
506.2667863
388.8731181
1175.085021
785.5451732
798.2974739
756.3290538
799.464484
1096.658872
934.4743623
876.2440569
852.1110832
709.4723017
793.0421721
845.2522352
586.3141683
812.2537521
797.0473753
680.4715354
680.7976004
695.7034713
617.0571653
681.4545369
630.4887185
0
506.5984495
446.6757316
676.7621832
972.4179922
0
0
0
0
0
0
628.122607
484.5879665
546.5410234
78.05343733
137.5402641
621.3123189
562.6660994
674.9248618
622.2566817
819.5293743
130.5456257
194.045893
900.1632188
803.77633
904.0197262
1134.95392
739.2857985
716.7974847
721.994792
647.9084264
502.6232542
90.55328404
631.0066611
575.1669125
855.0703244
877.9426799
840.2806219
745.1756025
624.8855952
0
0
0
0
0
0
428.8683633
116.1745995
0
0
483.8377831
129.9761806
141.5204232
100.0216619
178.7074879
689.4696403
120.1164377
524.5794738
577.4474762
739.7145084
736.9602579
635.983174
895.0319105
897.9379712
914.6367037
919.5622824
1062.528994
1018.423925
826.2356455
623.6231766
132.7702817
233.272652
749.6188292
533.4777282
651.9463673
0
0
0
0
0
0
0
0
99.30390337
97.3562857
197.629985
89.00773355
0
119.6415138
91.28532461
765.9444159
515.4208711
608.2365969
681.0007112
131.0661616
0
0
501.2132726
689.3957028
101.0589949
639.614846
631.4465399
702.8979043
867.9984651
959.5783586
1004.060108
897.9132479
887.998376
822.0853467
842.1451562
0
0
0
0
0
0
761.6838175
855.569013
582.9423946
0
119.1479773
0
0
628.911885
485.0555182
442.1008205
609.9908497
239.5280296
260.4399456
587.0262217
499.6035241
612.9751789
512.1315432
647.447116
583.2738491
565.8886733
166.4729984
873.4526762
921.9116477
933.6354859
1145.284755
1188.744564
1088.841536
851.4035539
0
0
100.4702056
0
0
0
484.0356221
0
107.5388011
111.0756076
0
532.3274127
519.9965483
601.2536238
767.2841283
193.6341797
696.4570274
98.41045698
0
145.9748266
499.5986131
540.6308522
471.0970936
529.7356832
616.0408859
692.2555994
558.4018487
728.7184462
809.5396053
537.340417
579.0914443
519.7828039
0
476.9085306
0
216.042634
155.2664419
80.25612938
0
0
0
0
0
0
457.0952222
491.1903234
364.4869033
444.4645979
343.1943786
727.6071875
164.5183311
105.3701717
0
0
677.0971522
690.5301931
665.5641087
616.6745971
636.203666
521.5077141
517.1118497
502.1141501
626.0151688
195.1469983
578.8518463
734.8359016
667.4600615
0
0
205.7508697
114.7065742
0
0
259.6465159
0
0
0
508.9753426
484.3194503
382.0030802
0
0
0
0
0
633.3869214
763.5465405
545.7894631
121.0128011
627.0640696
643.0197754
104.9309909
730.9180913
746.9751315
746.6443375
763.0576951
817.9996456
765.8183247
750.7233488
807.9807478
0
0
0
0
184.3956107
102.7354795
0
0
0
0
0
0
195.7128591
206.5822255
0
0
0
469.5782515
0
88.40275671
114.6990167
97.95004885
395.5439758
498.8620381
404.6829837
541.1677436
539.4493091
0
413.9131248
556.4231375
103.330293
0
0
0
0
118.1552247
0
0
0
0
0
0
0
136.4805742
0
0
0
0
121.9442863
548.1781743
0
0
0
486.1416059
111.7172683
569.4957927
554.4444811
76.17607884
627.0386074
639.3945166
1021.492746
729.3036373
688.2550175
124.9009965
218.1892895
165.7290913
0
0
0
0
0
0
0
0
0
0
0
0
0
484.106025
518.5404727
446.1902555
0
491.1303832
0
607.6934802
501.3026952
711.4227888
630.1281288
112.738384
0
380.7649488
304.9275786
0
0
0
0
0
0
0
0
0
0
0
0
456.3432141
390.9944656
0
370.8850071
523.1684188
460.3360993
462.4253399
0
456.229356
543.0998276
583.9773832
558.2446055
426.9758749
115.2588668
468.122481
605.6888158
734.8048858
0
0
0
0
0
0
0
0
0
0
0
0
0
0
0
0
0
0
0
0
433.7035205
0
420.9955763
588.6650329
565.4679653
512.8756715
480.0790716
96.55303599
0
0
0
0
0
0
0
0
0
0
0
0
0
0
0
0
0
0
0
0
0
588.1967867
765.7547881
759.1782006
0
73.08733052
646.5484459
0
0
0
0
0
0
0
0
0
0
468.2810163
406.626726
0
114.2575373
146.5205866
86.95091945
0
0
0
0
0
0
0
0
0
75.75903858
0
0
0
0
0
0
0
0
0
0
443.7208774
456.9878745
477.5931386
448.6792642
152.6659371
525.6261634
152.4533354
146.2007256
129.4528051
83.14022759
88.93601983
125.0360092
76.14756114
99.23764329
118.3528968
0
0
0
0
0
0
0
0
0
111.3608093
87.9275647
416.8641237
0
0
0
0
0
99.08192668
754.942104
0
125.710359
144.8201325
84.37050529
0
0
0
206.1812489
210.6091705
132.9551794
123.3099233
86.1039851
0
0
0
502.920633
492.9317253
454.2095179
0
0
523.9964358
955.0554815
593.3657015
0
0
0
0
0
0
0
0
0
0
427.1578061
433.2545646
526.6878916
477.1111989
0
0
0
0
0
0
0
0
0
0
0
0
102.6203056
160.8954646
201.4429163
1604.021947
765.8220438
503.0691568
445.5024465
699.3818223
717.2197338
809.9907167
840.977176
984.1213306
809.5985754
1005.649257
819.3177139
691.094343
825.2932132
872.892828
671.562807
820.0039729
241.8355523
646.1079432
725.0070766
594.4586832
0
639.1518823
532.551643
0
0
0
0
0
0
0
0
0
0
0
99.69045995
552.396699
852.4782782
0
501.4131074
882.1171998
787.3139905
648.8080372
467.7615082
806.5842773
910.1670775
1020.427532
966.0272945
884.0228519
761.3110802
765.4369391
726.3661761
895.4207031
974.554933
740.972854
712.0732717
621.5783985
163.3154924
134.0547056
126.7458885
158.5679334
759.9037215
728.2870106
159.5287479
223.8026536
210.2846656
0
0
0
0
0
197.5360393
275.6842355
255.5804072
206.6297558
497.8341681
0
743.7615934
193.9018451
847.0066525
648.7557296
857.5389471
738.3517379
578.7026697
639.8024425
739.9371198
769.046636
749.0251258
701.1362705
872.7913662
890.8916816
938.7932784
856.3340574
893.4643497
976.3451373
974.6909567
856.1181186
570.7453364
159.1552417
93.3893057
147.2898314
154.6253106
161.8672894
154.3895684
0
0
0
0
0
0
0
0
0
487.3656552
799.3209252
483.7980414
176.7702752
496.7981933
649.9632301
999.458358
598.5631758
635.6983464
757.5851017
709.7521718
706.0103574
744.6655653
647.7340355
747.4015421
812.7578265
820.4807997
934.9938104
858.6984776
731.9927804
166.9479918
119.2894982
673.5719268
831.1442224
713.2765283
729.3683572
706.6416309
656.3942883
735.7932101
0
0
0
0
733.5086172
0
0
0
668.427233
641.4089616
118.5508833
185.0452771
348.3544877
84.24511541
456.9835832
592.7586879
135.9788172
718.8234292
543.3855765
721.9710606
692.3659649
923.2968147
837.3949891
728.5865193
714.1946918
943.6796201
1113.460252
959.5441525
636.1963669
217.414347
225.4847376
235.5940541
799.4791296
1069.052577
862.7663966
95.65363332
543.6301464
664.4732229
0
0
146.3290021
0
275.3812806
91.94227446
0
904.5586487
988.6145453
0
0
161.3342784
549.4127507
812.185765
554.0300692
149.7294438
347.5583731
829.7224515
911.5452662
784.4938499
796.029979
805.6202425
818.8472285
746.0643851
196.2967814
693.5318822
773.1264531
705.341537
710.0223621
776.1856472
762.1585367
633.0249802
656.7169565
640.8460799
639.1163554
676.6009395
588.3576419
588.317154
0
0
0
0
119.3930739
0
0
948.8584804
0
0
366.3494801
630.5173738
537.4765487
78.59838244
108.5594098
656.8077578
1050.085713
717.2326723
687.060332
774.1735723
652.8745351
734.9974864
706.1895225
790.2649788
781.8479957
674.0181842
908.2689148
927.280001
953.8491994
792.879773
771.8618064
595.4922138
673.6997071
632.8501704
585.2693324
648.6804857
743.2823015
0
0
0
0
0
142.2021742
0
700.0755056
998.205841
969.7125199
900.0235165
1004.541726
882.6701118
190.1751719
0
0
755.8647585
935.8058921
766.7714926
745.643661
700.7413248
713.7812216
767.3267848
842.5713907
608.496141
472.6002671
699.5865184
904.5599198
1039.941689
1231.167509
1264.07139
1227.281919
1166.147481
1152.265976
793.2533174
615.2757758
975.6911908
0
0
0
154.257043
847.5785801
116.6589694
0
0
0
0
534.8895445
489.6313991
680.2373789
152.3951115
0
514.634376
492.6367094
621.5400169
670.0353063
645.8905197
617.1145622
563.0483772
516.2177856
592.1837161
886.3493511
1030.562156
668.311542
72.04596332
698.1339312
835.0473953
813.8842574
791.1666787
764.2949784
1069.671787
1302.826229
1177.019655
588.7601781
0
0
0
136.7965477
0
475.7921216
0
0
559.2144045
0
798.540777
1052.122614
982.7463192
786.4614241
696.2840942
811.5951448
860.2052368
611.5422519
883.0386614
676.5322514
990.3245989
894.4742469
819.6641243
678.0639114
625.9574295
700.8686302
743.3726793
731.8350964
672.1283712
704.4822465
553.3385844
76.68150292
615.0530651
605.5579566
205.0260476
220.7113521
760.4336213
0
0
0
0
0
0
0
518.0877816
171.4714413
108.3629911
159.0312311
88.85520878
486.2597369
825.0023785
755.3440586
821.5614042
882.4518795
871.9410808
993.8757966
797.478196
739.3731974
788.1760885
736.6351576
604.3386796
570.2749393
505.182535
482.4182142
117.5634665
96.73692941
431.8523965
123.9304257
131.0270096
114.3352002
0
0
199.2941531
0
0
0
0
0
0
0
120.8588208
107.0560487
110.424198
424.5851492
616.240273
0
627.9373353
534.1648656
898.5729663
739.0202469
833.4975714
895.3074374
728.0834032
623.7413709
519.4837695
568.5621376
832.814589
726.7584734
697.4860912
746.9453206
732.9657908
580.9193826
123.7094357
718.8140301
913.1792906
812.9799906
632.5525115
478.7574004
0
0
0
0
0
0
0
0
0
0
130.7838178
126.0466756
121.6082499
0
0
656.3352102
496.0298448
354.0530043
605.5993831
797.4459799
134.3888679
757.7131303
813.7541805
851.2370473
762.9350214
633.0665231
791.9506516
732.505793
780.3136873
733.4898318
622.5951763
709.9010055
723.4075833
793.1230318
321.577608
973.6189487
948.1990071
0
0
0
110.0654542
0
0
0
916.8558921
84.62534007
114.7891595
0
485.2300809
469.0857898
430.8711659
534.6349239
503.6012309
0
656.9180347
223.9163684
530.7594306
569.0433516
632.3732769
837.6768425
912.8749532
901.4009632
883.5937671
833.1200937
687.5339189
555.7442778
552.8931253
509.7629645
618.6507225
556.857856
799.2574621
955.774976
0
0
0
127.6138717
0
0
780.1843986
688.3657952
613.7638847
0
453.5171389
465.1013877
403.4769169
0
550.3455263
499.4436822
0
0
496.4105556
570.9635145
615.7156982
527.8942952
403.9920464
409.2664602
558.8311104
631.7310255
710.2821799
824.362637
951.4958912
706.5134367
801.1274673
653.5601592
925.6890372
883.9692933
671.3310102
0
0
0
0
0
0
0
0
0
0
502.1099745
0
565.4911185
222.5950984
294.2402753
607.9294947
359.5186533
0
579.3068008
165.1933503
114.461041
775.4310261
832.9999166
783.9176088
717.4454424
690.3322757
721.0245512
794.8577445
808.0671921
108.4630913
101.0544848
114.8950685
677.0194443
243.6444318
0
0
0
0
0
0
163.3342975
0
0
0
0
0
0
0
0
460.9833433
513.8184751
0
96.79425233
134.4015842
182.8228959
135.2163862
134.47118
616.8270528
584.8360885
596.7847968
721.4318053
500.1104215
181.8303616
511.7977947
131.4742567
142.9041853
0
0
0
0
0
156.5678895
0
0
0
0
0
0
0
0
158.9254188
237.1098461
0
359.2788905
629.0750467
728.7826488
75.41733489
0
0
0
85.26757028
128.2313048
125.4188181
666.6631065
551.2813153
138.9481525
597.0722035
744.1305485
586.4068953
657.5678839
464.8473537
0
0
157.168056
0
0
0
0
0
0
0
0
223.3909251
90.37865727
0
0
0
616.1884783
740.313298
488.1657193
481.9288756
590.3565991
817.0416423
514.0807703
626.708468
750.5386128
735.9006087
688.4028462
620.1923081
0
0
94.7592096
124.5221235
123.0305825
223.3642154
0
0
0
0
0
0
0
0
122.0330331
988.1858017
0
0
0
0
387.0289818
493.7528708
363.0964945
591.2914738
628.8748276
679.9399236
502.2938792
545.003321
713.5738731
424.6262018
0
0
831.0085079
958.8317545
977.5548534
0
0
0
0
0
0
0
0
0
0
0
0
0
0
0
0
0
372.7550195
0
0
0
0
0
0
0
472.3155663
468.5748971
519.5172571
536.5989477
483.2303154
557.006844
0
0
0
0
0
0
0
0
0
0
0
0
0
0
0
0
0
0
0
0
0
0
457.8174011
416.4587294
0
0
507.56668
655.731935
568.0555401
0
0
0
0
0
0
0
0
0
0
0
0
467.9537431
418.2684704
0
138.4429879
0
0
473.1945957
0
0
0
603.9327258
898.0902088
848.7660012
639.5432115
664.4828446
616.8137772
677.1869497
571.0970171
0
0
0
0
0
0
0
0
0
0
0
420.8402558
422.9083449
481.0473124
677.5214565
492.970197
0
567.751822
0
583.2367846
905.7132284
0
96.67502378
118.8737844
426.4167994
479.1878125
91.12701931
102.825552
0
0
0
0
0
0
0
0
0
0
0
0
0
448.2866492
0
512.3771879
0
0
566.0121999
927.1565608
665.0197835
73.70849878
0
392.4366201
512.3446902
0
0
0
0
0
0
0
0
0
0
0
0
0
0
0
165.7210903
182.1645036
178.2880653
0
0
869.9325182
563.5128293
0
0
0
476.9844469
165.3176217
97.85367071
702.5371958
498.9998391
0
230.6544327
116.0823632
0
0
0
0
0
0
0
563.435164
651.4764556
435.3951839
0
0
0
0
0
0
0
774.5563236
150.4377903
0
0
0
0
0
0
0
0
0
0
0
456.7744512
499.5334143
510.7336189
471.1619294
0
0
0
0
0
0
0
0
0
0
0
0
0
0
0
0
0
0
0
0
0
0
0
0
0
191.4407182
237.584368
991.1822168
939.2154231
652.8666063
764.9219885
1289.304554
843.7811697
846.7108878
509.6617273
681.2697066
750.2108148
800.6750986
776.227153
761.146503
831.9877339
894.7690213
798.6561537
858.083821
807.8687344
822.7816289
785.3372907
614.1811352
884.2819779
792.8524211
938.3982437
126.0030279
111.6098213
521.6942742
791.1256042
754.2795759
0
0
0
0
0
0
0
0
0
0
1145.945677
563.8297549
705.4286327
384.4359529
566.9547158
559.4204587
809.7157093
832.2777978
1037.237247
765.6452574
834.2813947
788.5965282
686.452265
692.624324
702.8094358
904.7054149
839.9588449
821.301452
853.4888847
867.7458104
951.8162806
980.2467797
1027.024564
870.9655966
859.8646823
770.1500429
746.6398888
131.7633416
199.8124288
0
0
0
0
0
0
654.2064851
0
0
0
514.2871572
475.233737
547.976238
157.4999753
643.3070549
868.4312542
614.1780051
645.9991411
771.7398668
869.7724624
841.9363897
720.1317106
706.9816657
668.1940191
630.533988
718.7054575
153.5025687
729.0386158
213.1217505
782.1063582
790.4561679
825.8858859
424.9730998
362.9866589
99.6778735
232.3636098
293.1718673
248.1215599
265.148371
0
0
0
0
143.237224
0
0
0
0
0
0
832.8492747
511.0878038
150.8932906
539.7634739
1013.453483
712.9309212
701.1370061
761.5412127
712.9444802
689.7868873
799.5570431
741.4779454
644.4387413
736.8550639
884.0940323
1145.109612
985.7947127
925.2899937
847.4782275
653.4657685
699.6837302
674.3970731
753.5502979
1059.516701
776.2393799
604.5635249
530.0655071
0
0
0
0
138.2233737
98.9442177
709.3376705
400.524639
1121.077515
114.4740763
132.3300122
538.6181191
217.141828
137.2329403
427.5619806
0
603.1521006
646.0440939
739.0392307
753.8120969
585.7977694
717.0859336
926.7967464
640.5377268
687.8732519
734.6610434
1155.471359
1182.066454
1167.407228
783.9493163
607.9661838
403.770285
122.8694978
149.6687836
168.2701906
753.4149048
1096.480545
730.1359365
547.773651
0
0
0
0
187.0752697
193.9588549
0
618.0260332
812.351366
629.0866694
75.50386749
692.3580729
608.7656872
142.8724471
845.041416
620.402817
412.1303911
954.7989309
809.9164823
682.284813
553.1304775
701.3090924
708.5478629
537.6491543
1068.85152
907.2774737
781.2987809
614.6493286
627.3759555
831.4620879
733.7609505
805.5500514
1137.551478
1139.831401
950.7765422
905.8741446
1267.780683
1271.591282
1385.226272
0
0
0
0
0
0
0
0
543.7726914
802.9175441
224.6137765
296.0106404
405.561385
498.9459908
650.7329612
706.2897428
856.02596
1038.670086
964.3605923
870.3015038
724.4773373
697.8833237
877.2671993
956.5495775
722.5016212
536.0360457
380.8973334
376.4470009
641.6530691
670.8102805
737.8546686
997.3717826
1027.726517
1067.034396
1008.301375
1017.717926
993.4792925
820.4340781
0
0
0
0
0
713.7309461
107.2741247
0
0
569.2611562
408.0163492
1009.807742
1019.381211
682.3136354
547.8348443
537.5132322
615.4388287
778.3822338
880.9951023
724.5025742
762.9816603
815.9349378
712.163005
567.7149146
561.1311528
640.8688713
757.7617374
938.3551722
1452.093112
1508.184322
1326.71171
908.8156755
1062.282065
1184.943061
1171.728243
1196.297314
1134.370176
829.8249256
0
0
0
0
150.7255509
170.938149
186.7720519
122.3409935
0
484.139267
82.47134914
0
520.071579
507.217992
611.0905159
546.8289242
748.6317824
662.3883257
678.26391
710.6039626
562.0117402
643.5557669
563.0360107
728.0161605
987.3221299
832.0308936
569.3092014
102.9903149
397.5190663
541.1309052
514.6878238
286.240434
844.5565149
1251.512023
946.1681924
783.9608225
1014.826889
823.5471949
0
0
0
0
0
0
0
0
615.1134334
95.84410913
673.2079357
1099.413056
1142.707902
856.8436489
655.539683
873.8554963
799.4681095
810.1212209
974.302269
998.8884339
759.4346302
866.1470505
828.7042431
554.2451039
624.7369584
669.7402904
649.1006518
665.8528617
779.8728621
689.5202337
573.2597835
641.3019982
612.0153343
908.6728796
909.6598192
770.1355387
571.7615138
0
0
0
0
0
0
0
407.7905916
511.5561008
628.204877
502.0216406
619.9058853
561.1248979
785.9003308
729.2201495
866.8179059
828.5790855
861.2053554
936.5129451
968.7429406
938.7088857
738.5954178
665.2379014
683.9064107
515.195658
230.0950518
274.184344
121.2047794
67.56584888
75.77566296
507.8698691
169.9188409
656.8404114
698.9021939
776.6221337
714.2640188
818.5944659
0
0
0
0
0
0
0
137.1803738
107.652538
123.5902594
76.34598781
614.7617871
97.99742322
0
591.829479
1097.494704
969.016077
868.8481533
844.6667627
839.4191174
796.8742527
716.1862425
751.9948659
851.7279788
626.9309864
771.9519322
947.0826501
806.112262
523.0645358
637.032104
513.3408834
685.9569258
0
94.6816786
118.747134
628.8907932
669.7716674
0
0
0
0
106.5443237
0
0
0
0
0
525.310799
0
0
0
619.6897135
0
0
739.217846
193.9525723
655.2440773
667.827394
946.1765814
958.61855
754.5034835
872.8509304
854.6204241
941.6720911
820.9969157
243.3347867
267.3507482
671.1309132
800.4267898
812.4281255
663.9756344
0
483.0419121
0
0
0
91.18628137
141.7531673
0
0
0
539.3970077
0
493.4109957
489.8628722
494.9551896
0
463.184965
625.3270402
577.1470092
796.8481415
507.5433766
126.0561265
618.3865587
622.0330923
587.8468579
972.374796
905.8198976
774.5394358
485.4693932
775.3494026
922.6060068
539.180954
732.3495845
795.4971824
723.9834124
121.8299827
143.3647543
140.5569792
0
0
0
0
0
0
841.3314623
0
565.4057442
551.2095509
408.1259716
0
0
300.9201254
665.9820446
0
113.2717981
785.5936229
517.5393855
646.8614056
711.2549143
655.5093759
544.3395149
667.7826155
312.822664
312.1021835
1137.257938
735.2110831
577.7198287
631.7363197
662.0881765
838.0131462
752.8639759
653.7360821
610.12321
0
0
0
0
0
0
0
96.6822368
0
0
0
0
416.7748862
84.20107348
222.8631709
0
558.1147408
448.1570392
809.2972232
742.8753611
720.2705421
636.0896832
0
579.969605
622.085047
542.829322
648.2004102
843.8837044
834.1247369
870.5364827
571.7598667
608.3739224
522.2944737
441.402
566.4467001
0
0
0
0
107.4064313
162.393759
164.7280758
0
0
0
0
568.2373509
0
128.9340708
197.0644229
0
0
93.50268224
371.0591777
457.1717957
96.86000855
103.6552933
103.2584325
0
494.757425
548.5866388
0
0
0
0
0
453.5858878
489.5092394
489.3091202
0
0
0
439.6153727
139.1897635
0
0
0
0
0
0
0
122.5686027
85.31063369
178.416559
765.3569812
813.2716584
761.9013931
831.063395
799.662744
828.5400378
863.5858921
104.0773493
634.3207112
563.9259666
0
0
650.0704879
975.6159429
125.2395517
141.8450406
546.6725243
145.1630532
646.8813091
0
0
539.8951018
0
0
0
0
166.7543441
740.183312
95.83802829
195.9727582
979.0278204
1151.05526
646.5058927
0
0
0
724.5570893
358.624352
562.0063328
686.4103507
895.5134853
199.4199718
200.4929599
523.0199973
97.28916415
0
737.170335
1358.13706
698.616515
0
0
97.81009075
0
514.3479808
0
0
0
0
0
534.7247623
659.0660048
0
81.19299824
117.8213875
633.0676595
110.3447459
97.95140936
107.4730133
89.59399508
527.8538587
0
0
104.9651115
526.567661
431.3339983
405.5128359
580.6623704
129.7104874
98.32312377
0
1017.312512
731.0286204
96.90923941
0
414.5080406
384.1159096
0
0
0
0
0
0
0
0
0
0
439.5403518
0
0
0
0
0
0
420.7558804
0
0
769.2945942
534.1322174
516.2929641
492.2150976
109.7887145
135.0698868
103.3785599
0
109.7081062
134.5026722
0
0
0
0
0
0
0
0
0
0
0
461.0890651
454.6297203
457.5856636
87.63700711
0
0
0
517.3994003
420.8099088
532.5200274
0
764.7036956
484.0874846
120.0214129
579.8929002
425.3906504
90.48795251
0
0
0
0
0
0
0
0
0
0
0
0
0
0
382.1938984
384.2634592
635.8096477
532.6848701
88.51057383
614.2031908
0
456.3818504
558.5360925
903.9837708
634.9002953
662.5646797
80.23759377
0
458.2701971
0
0
0
434.1862342
0
0
0
0
0
0
0
538.9395156
0
0
0
0
0
532.5983136
657.3742104
246.8334953
689.9374919
0
0
0
791.2501002
433.5838036
496.5430479
389.2647565
0
0
0
0
0
0
0
0
0
0
0
870.5600165
0
410.5575083
485.1985889
0
114.646777
0
0
0
225.5710194
226.9846369
142.3131647
0
0
0
0
468.0232538
477.5797702
471.355899
446.6137137
0
0
0
74.16800088
100.9334825
85.13791449
749.2316101
791.1986675
0
0
0
0
0
0
0
0
0
0
0
0
0
0
0
0
0
424.1391963
500.2055016
546.8270682
0
0
174.3020959
0
617.1991917
0
0
0
0
0
0
0
0
0
0
0
391.8200639
0
0
0
0
0
0
0
0
0
0
0
0
220.0349653
0
0
0
0
0
0
0
0
0
0
0
0
0
0
0
0
0
0
0
0
0
0
0
0
0
0
0
0
0
0
0
403.610398
479.0003027
486.274131
381.4502087
0
0
0
0
0
714.4406774
0
0
0
0
0
87.41910601
0
0
0
0
0
0
0
0
0
0
457.7039314
302.3971058
177.5155193
0
0
1180.205932
1056.420772
1089.846865
698.1029183
865.0302274
217.0455553
734.5017507
1027.228153
958.2311069
869.9608687
815.9715282
861.377918
912.5647866
849.1841257
714.2071239
308.6111452
640.7142864
700.8577092
676.0872214
617.0264585
631.7500075
744.3356899
786.7229617
1085.196371
952.0875
559.3710778
623.2987953
659.5786819
0
0
0
0
0
0
0
0
779.2191364
0
0
1072.556155
176.1573602
213.3066539
685.9035352
895.5812768
749.4263758
852.2863733
1307.612492
1181.619016
720.2234405
697.1850694
811.3171678
966.8037819
861.1734897
916.4786056
691.5273048
862.3419311
1062.287928
916.3407185
746.021123
759.9359358
755.2553257
738.8949039
225.2840467
209.2477617
637.9181981
676.1429706
782.0954383
212.0448548
0
0
0
0
104.2075166
0
608.1253563
760.704385
652.0172796
1033.508128
540.957166
460.628434
491.7678437
0
1094.457546
874.5988073
667.6798407
728.0431891
958.282065
1098.101079
776.9124546
837.8173288
773.9915146
945.6066358
964.0181268
914.2255197
1013.092774
1018.966964
701.546411
670.0986724
171.5909737
178.8095032
566.3777744
0
0
130.1557903
414.330821
830.1788179
1063.073415
0
0
0
0
135.2961947
830.5323703
905.0751318
571.0499991
598.7542087
274.7915865
0
981.7370472
238.111591
533.1470819
741.3759819
686.0476574
687.684372
751.1392829
857.2347591
826.2057267
789.925411
831.5386147
856.5653977
937.2650876
1128.213751
1114.239197
1399.269289
1090.869627
948.6661149
682.5968483
761.6274584
702.4537951
790.1198565
788.1381921
968.0382275
867.4995322
694.3039048
808.6297081
1193.849863
0
0
0
0
0
0
892.5295725
632.6817206
600.4533576
428.8743031
639.7090047
853.6342055
370.1399351
527.4976218
129.2068623
485.229542
537.7338157
849.3839895
663.129322
665.5975571
1121.122464
1010.995079
825.4598756
760.4005377
816.0394442
937.2815348
851.1996467
989.4600336
1186.598046
1210.326632
1000.415195
152.0961572
220.1047218
676.2440815
897.7562229
992.7958926
928.9805074
968.0769798
693.8509111
0
0
0
0
251.5361736
0
0
0
597.4006907
744.317288
138.8605148
681.6451355
585.4300798
672.5391338
686.8493337
599.6466149
679.6022178
665.8342289
853.6563978
642.2817731
667.4595499
979.3035521
860.9405529
874.1290549
894.9437276
819.7029009
909.2129824
967.9911582
882.1653521
949.6073357
1161.05178
995.9632635
712.9044468
806.1468815
716.3316396
637.5613122
299.4390157
1014.058764
1025.139372
0
0
0
0
0
0
0
0
0
201.3469218
213.9390775
501.3659144
264.2637164
646.7705721
697.5694906
726.16112
739.0750417
957.6805739
842.0322263
847.709626
711.0299466
734.6871301
879.2565726
729.8342697
728.2693087
960.3676081
1111.110721
1141.509247
1055.761447
993.3508889
989.8227948
958.7582073
1006.803966
998.637439
1015.661419
228.9178367
212.9759228
165.6926492
859.5508854
0
0
0
0
0
0
418.5385129
0
0
263.0563556
350.678577
316.3536241
739.7765113
605.4217658
727.2331436
962.5195632
874.0174706
850.6376613
877.9967818
815.7976872
722.2758298
866.3396059
987.2493284
892.3887885
956.9337998
981.4409912
711.7322853
756.9876204
968.522756
1003.86933
1116.554029
900.0577783
707.8459656
766.7465259
748.8790006
700.7178059
638.5600074
791.7968943
760.6578632
0
0
0
0
128.3821552
157.2471152
154.4293831
0
198.5001279
504.0748195
607.7900718
590.1900002
696.461784
488.5937019
485.2381908
663.0047207
663.0650073
642.2213221
847.2582468
683.2427583
690.0868151
739.1564545
914.5051991
900.3428175
820.8810722
710.900591
703.5595957
710.9907563
644.6618997
750.3253557
903.0762833
1003.176543
1073.331044
751.0009845
710.7721132
886.7717189
967.0962844
975.0778518
0
0
0
0
0
0
0
0
0
0
144.3094249
733.1331561
595.2052824
254.3573426
102.0981455
559.0466347
1068.283278
902.0997081
929.526881
872.1739327
693.8125302
512.2953754
74.09613857
578.1966324
685.1762513
856.6351016
1012.543844
920.5849217
913.3175825
829.3426862
975.1432941
993.4589237
819.7419067
766.7356156
805.4860665
649.2694007
561.7516765
524.9195687
0
0
0
0
0
0
0
0
386.1806578
74.63424687
106.1955857
510.2218589
477.823396
479.178952
708.7072185
822.9693196
945.8600085
936.7807459
797.3467118
694.1044035
667.6236718
696.7410792
767.7753543
577.1438046
585.6521881
648.9239111
853.5045105
712.903844
687.4980989
664.1247945
596.4780678
0
580.00656
709.2791557
530.896282
669.0548644
761.4371859
611.2876057
0
0
0
0
0
563.0013969
506.2247086
516.9917408
407.9824753
0
76.82842692
504.8156356
568.0279993
698.3918563
826.6278862
828.4356875
741.3731162
598.3934193
801.2287215
954.1533337
921.5332429
792.5281506
841.544715
806.0704032
775.7966513
803.6427359
689.6881728
629.3414081
739.1220638
729.1768722
641.3814886
764.6433681
669.046306
639.6060031
765.2247453
647.9420493
513.6762109
625.6479146
0
0
0
0
0
103.6133544
0
0
0
0
434.7191979
444.5810831
399.009885
0
634.925001
685.9120797
787.3570356
881.8048732
733.2641707
579.0297891
783.3645419
851.99219
853.731409
852.271972
848.3032898
753.2344936
661.0588162
650.740581
123.8320722
149.4019095
164.6023821
588.5890644
710.6990982
680.0648453
611.9715893
883.0162836
949.9772199
0
0
0
0
0
0
0
0
503.8729054
0
0
0
375.5418173
413.2273001
361.8928079
872.4960928
654.0641241
594.1901816
550.0180585
571.0128247
106.5200759
132.3905071
609.071038
785.8927172
684.4893341
803.3618258
979.502668
506.3764484
637.3211555
551.6471826
675.971441
680.3709026
149.9004648
572.0722442
673.9530051
618.3743292
569.0192762
0
0
0
0
0
0
0
480.6836083
111.6109372
0
521.7923562
0
167.4253044
403.6804789
1016.651034
185.5947234
88.88703204
719.584979
669.7085176
731.7963481
529.5031693
616.3169151
683.5656667
898.2930089
700.2756559
574.5877186
931.4788845
726.6909015
690.7353932
198.9805645
620.9108074
152.6048438
138.0855528
1177.221811
1198.162932
1257.561405
0
0
0
0
0
0
0
223.4098467
120.3441311
0
507.7381376
510.3606307
215.6163073
0
775.3030631
631.4316214
603.9931598
593.5219206
110.9893142
606.4353378
685.0503045
563.9843446
638.3869734
588.6716591
728.7336716
869.984856
972.9250602
1076.932485
735.1854804
951.399055
868.8869234
836.8153282
868.6082861
728.101852
766.749884
805.0376298
0
0
0
0
504.6230071
0
117.3503721
0
0
0
0
624.3522265
701.8685952
250.3951069
1038.727339
90.86434521
165.3624923
170.4198238
161.6294529
758.628286
652.8927805
128.0948647
561.5330718
593.0986228
499.6240773
0
659.2463781
942.4409537
839.8801218
315.859083
343.1906545
344.5198609
721.7133317
454.7928399
579.7994603
0
0
0
0
498.0854299
0
0
145.5614029
630.1199551
409.8190787
0
0
1139.446551
94.71840132
814.3378011
96.65831047
109.312612
742.4563287
958.69677
769.1490909
764.0510602
745.3283892
647.8972268
717.0383571
657.2858864
591.5477293
0
0
909.3219725
498.3331789
494.1330841
595.643391
176.4703604
299.2245222
250.7912209
0
0
0
0
813.0137006
0
176.302841
133.9097184
668.2359267
0
247.5873272
808.5000044
967.9448939
770.2049438
633.7328767
0
0
0
96.51879247
480.851889
682.2100886
685.9162714
531.6842778
436.518021
546.6191432
619.2216635
128.9098043
0
0
0
0
0
0
126.6334335
0
0
0
0
780.8765897
689.8576527
0
0
0
0
0
148.5452902
499.8573073
866.0296507
839.2577114
646.3602905
466.2680038
0
465.4369867
453.9668925
468.5884634
711.6865102
718.3766175
537.2952461
443.2256134
129.2100028
143.2868463
136.3679394
597.3027438
605.4566824
145.0511978
140.1201009
115.8530002
0
0
0
0
0
0
0
0
0
0
0
0
423.9698758
463.3367922
592.3718599
145.1092273
607.9008601
595.7586424
0
613.6547185
350.375925
0
553.7727402
0
600.669035
571.5845567
0
84.55309664
108.0693087
495.519611
605.6035009
582.4730718
500.4436988
0
0
0
0
0
0
0
0
821.6445485
0
0
0
0
413.5102918
498.1344009
603.8092945
654.3947061
0
0
0
0
0
0
0
479.8860089
598.8814087
518.3054509
477.3032408
581.0373588
591.6541014
599.1560189
0
0
0
0
0
0
0
0
620.4457631
809.7551346
0
0
0
0
154.7585805
203.13724
657.1111313
698.1295978
562.0510024
744.875443
622.3622462
0
0
0
0
0
0
0
0
0
80.00409958
482.2191638
0
0
0
0
0
0
0
859.4865662
0
0
0
0
0
0
151.4687924
176.895616
0
0
1081.326412
946.1399981
0
0
0
0
0
106.4835065
77.21995121
0
0
0
0
0
0
0
126.8583472
0
0
0
0
0
118.9867087
170.931883
127.9408731
0
0
0
0
0
757.4631324
1094.087593
864.3360384
0
0
0
0
110.0998915
0
0
0
0
0
80.49556391
126.7249855
0
0
0
0
477.4148224
522.5808756
0
0
0
0
0
0
0
0
904.6398373
1180.61114
670.8011152
0
0
370.7037887
487.9828522
548.0005026
494.7274062
0
0
83.95772539
111.438436
0
0
0
0
378.1134638
578.8229825
503.3929834
0
0
0
0
0
0
0
0
1122.628987
970.4388323
489.0659147
0
0
383.5960094
471.4963843
0
0
0
0
219.2488228
104.5250881
0
0
521.28792
513.7139548
0
0
0
0
459.5983252
532.5969352
0
0
766.1713917
1076.926862
866.4980128
429.8701411
0
444.9783725
0
0
0
0
0
0
0
783.4982575
618.8537096
0
0
0
0
0
464.4738224
433.1357857
0
0
0
907.804012
1194.460702
684.1909278
0
0
0
0
0
0
767.6445889
365.9552229
468.7249035
483.4198591
94.07879535
0
0
69.58747289
0
0
0
85.19973615
175.207202
0
0
0
0
0
497.8205487
549.5594953
0
381.9480857
243.1053053
0
0
0
0
0
0
0
419.7499767
200.8496049
0
0
0
0
1107.557497
1041.508201
1030.742713
883.6638513
861.47694
956.7751091
1090.150407
742.2114268
727.4411496
715.8326839
298.6222217
377.6702467
1133.851641
867.9859209
639.176726
126.8133965
0
0
0
0
139.8439497
596.1529275
830.2210023
816.289505
748.5668616
920.8742805
1013.1406
0
0
0
0
0
0
0
167.8030573
0
159.16781
0
85.46964628
914.372643
359.8976058
743.1231397
1027.382149
816.111849
718.4341956
1141.935877
1216.45381
765.7028669
0
738.7609279
890.6472428
811.0864147
867.8950451
838.4708673
816.9175695
787.012404
687.5054587
620.0429593
644.7943911
650.8182082
623.955948
717.7126141
192.5411243
587.1666255
762.1701917
653.589779
803.9169285
877.9036717
0
0
0
0
0
1298.387042
637.0373552
0
0
0
789.2269535
502.700937
102.6395396
661.2596213
76.95274583
892.8301067
768.2267529
670.9564496
719.58612
805.7716412
924.4176557
947.2967804
839.3674658
801.7969512
931.4460021
728.5127085
742.6319107
624.4186084
0
0
111.5106693
126.5704862
667.9670661
191.025521
162.5398911
0
172.1023845
207.5818275
209.7807006
460.3349884
0
0
0
0
0
0
938.3086946
531.856782
575.7189627
0
111.1854049
591.6687452
945.2319228
654.9928716
503.1760454
950.2662898
750.258296
789.460433
808.479864
762.3123535
976.614417
887.8552526
776.4894112
777.2182246
559.9265421
795.7935657
655.4625578
640.8198584
253.4928811
200.951791
80.9480678
0
559.5287714
633.0162607
752.7913151
766.8685437
215.5555258
645.076322
186.6390777
820.6807723
0
0
0
0
0
0
98.72317295
740.7483065
794.6452343
674.4010152
103.4771957
619.9926937
565.2696495
1000.09926
658.2231027
443.0998247
672.6242816
689.723374
919.7609092
843.2602784
853.4314486
756.761534
738.9480061
687.7077734
942.5648554
872.6079678
832.9750135
816.2624547
603.8274179
782.7654649
793.2264042
773.8947907
665.2825502
655.2072182
683.0259514
784.7873042
1142.938061
898.3885301
806.6137223
1073.621146
0
0
0
0
0
280.1973907
544.1406862
465.5752377
0
510.9171923
593.3856531
101.7775899
187.9725128
112.3367486
793.8518775
661.4285563
689.6419793
652.659585
725.1299974
671.7668218
762.3587515
812.8163802
818.9959103
1173.639949
792.5253884
950.8635332
810.7086068
694.3524592
137.5061227
430.6941188
558.0708142
681.5304847
647.9613999
630.3023274
689.28949
743.5401496
807.7886244
812.5114818
722.4852916
516.6852333
0
0
0
0
0
0
0
0
0
0
152.7679776
609.5168897
789.7028919
632.2863155
542.5321043
626.2045155
802.4605243
735.2567352
1120.820572
856.7236282
775.9875572
938.6012434
875.7862412
906.2916768
1542.602275
1278.191343
809.0878961
748.3080339
735.6165293
963.3693831
998.4352988
738.4454849
170.6874108
189.826272
245.5310125
871.6189031
1071.890005
1045.504555
988.8316694
332.2481099
0
0
0
0
0
0
135.3381715
78.92765947
0
90.36410764
93.36718672
304.0779894
570.902436
689.9655707
927.7237766
634.711728
785.2839931
1013.267334
1007.924819
791.7762562
814.0576366
1069.989836
1182.251587
1129.525963
1428.897055
1447.890415
1641.421392
1499.070857
840.8000267
765.6917922
643.4314638
167.9338611
154.2598346
162.2903758
0
0
0
188.1611315
217.7692258
0
0
0
0
0
139.0470311
325.0991079
312.1346039
278.0789998
120.49979
296.1106758
602.1363125
122.875535
506.6160675
713.2643322
723.4841085
698.4229704
717.153384
674.560314
816.8115725
649.3330272
798.4007215
901.7530054
752.372096
841.546186
1058.551048
1267.770901
1156.189751
1405.689612
1076.902331
1004.143915
756.0525675
733.9114151
705.8811301
530.3286309
0
537.4615317
701.0475288
0
0
0
0
0
0
0
0
0
0
0
120.8596015
659.6178502
573.3775889
476.4196172
626.0802759
700.2913671
1205.535843
1020.365812
952.6654206
887.6112372
729.3652284
711.8747454
672.4103658
636.8202566
592.8290492
578.1837259
630.3504334
836.5740333
895.8894602
1028.205423
1012.633045
898.522273
908.8145216
860.5421395
898.8254792
801.4323624
694.7635833
691.3992863
885.5837007
0
0
0
0
0
0
0
0
0
0
118.4384641
570.4563217
411.786658
568.5018113
649.7551336
754.646343
1255.103244
1090.115854
197.0736623
872.5702191
737.6748114
860.6358526
807.9682072
785.7776644
782.1432684
778.02988
750.495656
727.1007475
715.5350056
668.9358101
771.9889259
692.5420513
198.4842463
173.9227033
190.4239137
167.1778335
625.7463809
652.2757228
853.8278004
0
0
0
0
0
378.5954716
602.3069839
0
0
0
421.4144888
467.0873088
463.8054819
0
214.1961462
761.8037656
747.1450518
928.6144795
577.4574869
609.5791501
672.9625095
725.9735844
733.563298
644.1342009
619.5993096
559.8567144
707.0320267
652.702923
587.7234217
652.5050449
769.0931635
671.9367094
654.2723438
144.6910354
97.78257621
122.2463514
548.3677216
647.8377142
0
0
0
0
0
0
0
0
0
0
0
107.5262562
236.2380029
672.2780175
480.4236768
869.4904219
761.9243928
712.4438696
679.9717083
613.6854408
126.639535
619.9177012
862.249426
789.8377895
645.4767626
607.3339492
501.2380927
701.5045454
132.0341616
127.0263873
515.7392897
125.3744774
580.7733727
647.1042872
588.0533043
648.8397401
683.4848908
669.946885
0
132.0040374
244.8388448
0
0
0
0
0
495.736789
509.1739444
124.9835668
226.4267925
322.0835299
872.1947629
646.1210278
630.3263127
514.6767318
636.9596915
580.88945
679.5243247
486.0270459
452.7220468
661.3065899
766.3186483
865.8586773
1122.28168
806.7093404
713.0753315
643.8664699
639.8283659
151.1269807
143.6743382
144.7564856
653.8942814
799.1592528
842.3271898
936.0848995
0
0
226.9441118
306.6838917
295.0457581
0
419.0853711
0
127.9118856
157.047073
0
152.6982249
147.043078
684.510816
221.9184489
140.4387726
280.6744596
401.2755961
882.8916116
924.4377723
836.7556654
852.1093768
789.8969394
845.7863433
530.6375061
927.2085956
1120.7197
834.3672322
148.7170376
263.7493962
797.062482
1238.615133
1236.766091
1232.890093
150.4666815
0
187.9359988
0
0
0
0
0
0
547.8940484
0
156.4976297
0
0
0
755.9651007
703.7380527
511.2555571
568.3529269
188.8335023
729.8141254
142.7947895
174.581212
716.612454
740.2771325
620.0662138
697.9329069
645.9051139
136.8820673
500.2863157
1025.421423
812.8654406
646.8904127
183.7572327
115.6341607
157.3276981
197.5248144
727.1324063
657.5969148
0
0
0
0
0
0
412.3303347
0
0
492.4706837
0
0
605.4326588
1210.368561
0
0
0
133.6475708
134.0633694
149.2983706
0
458.077484
690.818751
705.8536613
759.5438935
0
412.1040756
458.8587332
596.4500195
480.5662723
337.9584332
557.4412686
559.4245799
496.1789274
617.626906
475.6817134
179.2372025
0
0
0
0
515.2087201
0
0
530.5903705
602.3927483
0
0
717.0044158
690.4110344
0
0
0
0
118.9994745
565.9548288
668.3849776
601.5253117
361.1767589
655.5205142
756.5472238
624.7982829
617.8698955
427.2704977
492.1543928
510.410595
386.2163138
130.7532848
85.41290227
114.0603191
128.0404536
189.6583501
0
0
0
0
738.9563641
657.005708
0
179.287505
0
756.2000449
0
0
94.18160166
0
0
0
550.5863384
633.6648081
646.5008945
645.0782784
744.8538398
719.1922669
592.4887683
559.4766397
704.9188068
450.629284
514.0661599
153.6457184
152.4277782
146.8517928
138.8060945
145.7859466
556.6339505
629.2602578
612.8576047
0
0
0
0
508.3000603
0
0
0
626.3268801
842.6538145
0
107.7582506
107.4720427
0
0
0
0
0
125.8683815
579.8885423
665.8568241
607.5792449
574.4830037
499.7297933
575.2534228
547.7256061
484.4027544
472.4341193
467.5854343
459.8067964
94.17551267
111.8698717
109.1903869
595.7841199
0
0
0
456.6308292
428.867752
0
0
0
894.8447763
564.2626991
84.63629078
0
0
0
702.4543068
587.5630039
0
0
0
0
109.8379929
662.5550726
680.8945275
371.1969288
0
0
0
0
0
422.4395712
506.5680126
689.2208371
791.4016525
0
0
0
0
526.9021131
0
0
0
0
625.908926
0
0
0
0
175.3429289
721.7940958
581.138483
0
611.1652868
841.1936542
0
0
639.4497406
699.1523709
592.4545733
471.9812413
535.1355895
125.7267165
0
84.23518113
0
0
531.5812425
0
0
0
514.3792989
0
0
101.5641529
0
0
0
0
0
0
0
125.3472723
0
0
0
902.6612801
916.336294
0
0
0
79.70635582
122.5071123
548.0449012
578.9428165
663.0928184
723.2155222
666.1651465
121.3991296
105.4737429
0
0
501.8541694
0
0
128.5698116
0
0
0
0
99.79528746
0
0
0
0
0
0
0
617.4138058
855.9138016
870.9711504
839.0481921
885.8491877
842.1970935
869.5924818
828.5994741
678.9663629
503.4697068
605.6839497
784.2871256
731.2345556
0
377.8587909
474.8681691
0
100.0492102
0
0
0
0
85.92553437
185.9667417
163.3956581
453.0207764
0
0
0
0
0
0
475.7726351
479.4700324
352.9410482
0
0
377.0041419
535.7196236
520.789108
0
87.82149179
568.0621448
0
510.6966924
0
0
0
0
0
0
0
0
0
419.3823278
546.1076345
0
108.5374501
588.1341025
0
0
0
0
0
0
0
0
486.0900892
517.7941539
471.3801641
0
0
0
0
0
0
0
665.7851292
596.8808217
0
0
0
463.5709894
535.0654907
130.9254075
686.4572532
0
0
0
0
0
0
0
0
0
436.3884731
529.4435627
511.4148535
0
0
0
0
0
0
927.1299165
888.2120732
0
0
0
381.0664755
613.5162514
716.083778
525.8339282
0
0
0
0
71.9858562
122.052542
94.98435659
0
0
0
0
0
0
0
0
119.9693999
0
0
0
0
0
538.7573043
710.5899853
733.0933055
215.9440849
0
0
0
0
0
128.3981167
138.4094511
92.74959163
0
0
0
0
0
0
0
0
0
0
77.70546061
127.941531
660.8543379
704.176469
291.3678334
228.8288683
0
0
0
0
0
0
0
0
0
0
0
0
0
129.5721038
570.0721644
469.306652
597.8791472
661.643666
0
0
0
0
0
0
0
0
134.2413688
0
0
573.2183645
0
0
0
0
0
0
1820.574312
0
351.3782935
67.92213851
90.83339939
0
0
221.9475002
776.1325254
1038.581893
991.035394
700.670224
1057.631095
1009.992219
872.8816252
988.6836955
543.9697134
705.4560304
743.0212699
711.9817973
1099.28077
1064.9784
813.3567766
280.742087
253.0079038
710.7213074
761.5514178
701.7027514
843.413705
822.0027859
804.4436879
686.1724343
0
579.6904205
598.1596629
1016.231708
0
0
0
0
1151.854509
1187.352318
0
166.3047297
178.5028407
128.499154
0
118.4538764
603.1891865
485.7551263
1035.622201
945.0504549
784.7309584
781.4687741
1116.935838
736.8685467
713.2151031
827.2027457
1068.962507
1223.311579
1023.372346
1134.91237
1371.966654
1104.364184
804.0662459
777.9158408
146.0229379
0
574.6696904
481.9288756
0
134.1180085
217.0237684
295.5697889
219.5552727
224.1391221
224.1263308
0
0
0
0
0
773.4691701
779.9839885
593.7890559
122.9090901
0
174.1418192
516.4704652
160.9374395
584.2188635
578.166206
725.1435068
796.3308958
682.8348971
795.6640953
959.542587
915.2330192
1196.709264
656.0138034
881.7146916
308.918888
939.1006439
1075.382622
1601.680489
1106.331109
143.182416
0
174.0548235
256.3157528
172.2466284
0
0
0
489.2061639
846.4067001
874.2860478
98.78643138
0
0
0
0
0
136.3858925
98.31342811
615.0220697
750.5781118
641.4147114
514.4243206
614.8180126
650.0748112
1441.832142
850.8989145
1032.305767
1044.538511
877.9051952
1005.450721
823.9464254
892.1347997
1083.258666
691.1064851
834.9257729
901.8329577
514.5370835
788.9104584
706.7599233
170.3388803
0
0
172.6498306
169.1334425
509.75664
767.1325592
759.7579931
940.5136679
918.3821935
0
629.4832085
248.0832669
0
0
0
0
0
164.4064517
0
639.5801973
710.6127668
671.5674073
755.7276465
729.7377972
673.9636587
1122.301686
753.6301683
589.9083974
642.1406008
1007.700647
753.2620045
118.8892973
990.9375187
960.7680188
644.3216327
748.5359544
0
945.5042803
958.5512848
715.9851045
0
193.1581516
675.3783522
714.8087054
655.5338852
674.7649641
551.4462659
625.7292151
779.9666836
837.471842
968.254026
1403.578729
0
0
0
0
0
277.8339613
0
0
0
691.3062179
413.2326287
121.3416531
513.7582922
1073.567046
834.5091552
506.4393078
823.3447447
944.2539186
946.5743404
176.6981744
851.9978794
889.7938347
892.8570445
732.7353419
849.8429238
835.6919443
0
556.9408015
758.4844617
977.0098472
1004.338028
951.3906354
909.9666992
967.6685793
704.9009755
562.3778502
0
0
606.7207868
609.4241343
0
0
0
0
0
0
0
0
0
92.99056905
0
795.599718
791.9355117
658.1486824
668.1504859
704.5008253
880.0072134
886.1386901
781.029127
881.2935109
656.0114894
812.4994715
659.2394744
963.0978102
829.3318791
744.1447659
814.660926
784.7257349
837.0530493
686.8097957
470.7038983
142.9547754
149.3722196
159.403572
164.4172759
139.6133661
151.9496109
421.6991184
896.4079025
931.7294615
0
0
0
0
0
0
0
176.9494751
0
0
0
0
552.1434209
834.2214211
1038.354682
807.1246432
802.1690431
699.236207
999.8939824
878.8502508
880.5895391
996.9671578
982.6553332
995.6866906
1043.874152
957.29493
860.4274096
842.1292847
653.3475886
102.4772834
202.2243762
437.2846904
711.3177191
808.1870217
766.0755803
241.2392247
292.3288228
839.4726595
826.0712888
774.627538
0
0
0
0
0
0
107.4490293
337.4159291
222.501522
0
303.9721003
639.9132474
650.4353361
685.4168763
898.1499438
646.1388086
641.946312
963.8968232
729.6969862
887.8500841
692.2833358
835.0301058
905.9113355
799.1303797
810.8383258
666.8935503
922.8053178
1133.730986
822.6283563
1240.53982
1097.863311
702.6644249
650.864573
599.5605409
649.4022866
605.6000965
742.6106858
747.5728103
635.8973896
726.5624539
0
0
0
0
0
0
0
0
415.795406
980.0393573
533.6708273
399.3863226
353.3718708
1041.062834
969.2470109
1151.543624
1170.06232
581.7770447
550.0003914
837.3123986
830.2086589
718.3900145
698.9861845
127.862213
697.0752213
618.9140448
615.1068728
763.8236922
607.0538727
100.8704239
171.2031853
1009.970431
997.5044064
786.0095974
778.2871295
891.6555098
1023.48372
567.7138046
0
0
0
0
0
0
0
0
0
0
0
562.1086511
723.8969802
147.6887064
858.2383074
906.4409872
858.4231991
1213.76717
750.1475722
591.418422
815.8402634
1010.107575
1053.398448
952.5784466
985.2555444
744.0793781
711.244825
644.7440877
153.3809794
0
104.3125627
208.6452395
175.8345569
290.6893214
517.1988776
593.793895
722.0222867
547.1397869
599.4734828
365.621065
0
0
0
0
0
0
0
494.3956992
0
595.8387629
486.5647053
662.4706086
785.8081422
0
161.8252731
629.4614128
644.3354775
789.5828465
828.5358941
651.3063048
673.2000599
776.3689144
979.3404621
953.857783
934.2536354
708.6942092
596.3958316
175.8210851
188.3767673
143.9191065
581.1409346
1044.39449
627.1679788
0
113.5968297
76.7443882
191.1037687
0
0
0
0
0
0
0
0
0
0
144.6693598
0
0
710.0327896
637.2707359
592.1297091
587.0450292
855.0435237
722.3320881
823.422977
910.1297394
637.3190987
622.091519
776.1428956
926.9085753
990.3389733
1278.491013
842.8100473
637.3579909
599.4277824
695.9806034
572.8810153
805.5362913
1154.019679
1270.272653
1327.586934
216.4691792
1208.151991
1277.680299
1321.217835
0
0
0
202.7192147
0
0
117.1065418
602.8466792
547.5783623
297.8951473
841.0394794
730.1637238
529.5778175
653.0051651
525.7742501
653.4215938
506.8529323
112.7195065
740.0771672
690.0761606
674.9180627
597.1327364
761.0871064
1041.102549
1315.970696
1341.790515
374.5050266
239.8355219
721.4388146
723.0475969
129.237566
0
0
779.558035
1161.987704
829.1510491
260.4388228
163.9338369
0
0
0
269.128228
0
0
285.2641095
493.4266721
0
193.9599876
0
712.1533527
964.9207353
790.5325156
891.3901092
843.5214516
954.2034641
928.0023236
721.1549104
793.3333025
752.5478363
528.4445042
596.259322
578.0083079
580.5035103
948.3287916
905.8427415
959.6078061
402.3580812
821.8696201
775.1532125
659.428333
133.1585159
610.7230142
500.7789551
139.7707192
205.5034948
183.0111158
0
0
0
0
0
0
289.6233194
256.4365972
959.1917465
0
98.5358878
732.914032
1338.896222
592.5763458
191.0738705
208.4244048
133.9391787
716.0856525
545.5388
194.2587386
305.2396485
698.1610799
658.0734723
644.5267969
645.2607179
769.9026069
850.5773646
1078.160129
824.6041795
367.1062822
794.1361991
634.2141953
125.3331305
560.321109
109.5061042
0
110.5251647
0
0
0
0
0
0
0
0
605.0351077
589.0045862
858.1549942
95.92570539
654.8096721
93.01849596
87.51459962
0
138.0961906
131.081734
566.9133577
630.5458499
612.5715773
468.174809
374.3624146
108.888158
100.2307653
119.7028961
435.4290707
80.04028416
558.1648365
707.4501804
858.8651735
946.6086622
1030.0898
930.5532708
897.3772042
245.3864804
497.8833321
0
0
0
0
669.5539396
702.8758884
0
0
0
770.7928804
668.6273326
164.1231801
0
85.70815615
0
0
486.1256323
481.8076496
706.8076593
830.4262885
657.1256954
672.0021356
634.4256119
150.6778531
147.6530259
508.2000793
591.1144324
490.6379071
368.5225767
491.4367234
565.008833
532.3743026
457.519182
94.39931026
124.6671192
152.7151596
0
0
0
0
0
0
0
0
0
724.309496
0
0
94.50338273
0
391.5690651
578.052947
536.2822067
0
0
0
0
0
108.2174206
121.3159328
88.76134973
571.4748584
619.4212428
415.5708279
0
540.9752755
479.2585337
522.5102412
444.6021494
0
0
0
0
0
0
0
0
0
0
0
0
0
0
136.7685448
550.7897424
685.1104132
493.2397862
455.294164
425.7066068
610.3579703
668.1886952
601.1148816
677.9914087
471.318423
0
0
123.021639
572.7604565
621.6555203
478.4900057
380.8075112
612.4771395
499.073471
481.3656399
507.3545862
0
0
0
0
0
0
0
0
0
0
0
0
112.0516877
0
0
647.0542078
490.5560342
448.7324651
437.5286468
0
612.5489016
0
378.6323107
489.2504921
497.1131763
453.4864483
71.40906081
130.7938661
121.9978293
580.199319
522.2576182
540.4423593
537.1791262
511.2430422
455.0229178
0
0
0
0
0
0
98.21542118
87.76772004
0
0
0
0
0
0
0
0
532.1841512
492.7327928
431.9947374
0
0
0
0
476.7905306
0
0
112.2178658
95.56616975
585.0300743
568.1247912
481.8130195
398.0365258
0
0
0
0
0
0
0
120.3211606
0
0
0
0
0
0
0
0
79.73811302
0
456.3223688
0
0
0
0
504.5743329
640.7585362
0
0
0
0
0
0
429.1397675
524.2950159
0
0
0
0
0
0
0
0
0
0
148.0528383
150.1050618
0
118.6929716
79.83427963
0
77.02068442
0
268.8846636
238.3314362
0
0
0
0
0
0
0
0
0
0
361.1042156
446.8596451
0
0
0
0
0
0
0
0
0
0
0
0
392.8388069
625.9110559
99.88399897
193.1505105
0
0
478.5348737
0
0
0
445.6653807
525.2554896
556.3186802
552.5509935
394.7565714
0
0
111.248986
500.608843
0
0
0
0
0
0
0
0
0
0
0
382.9883704
556.2101608
122.3101798
645.430924
0
0
540.9929957
0
0
0
0
444.7621146
531.9492301
413.7331585
0
0
0
111.3447343
0
0
0
0
0
0
0
0
0
0
0
0
171.992918
533.0971557
499.849309
0
0
0
0
0
0
0
0
0
0
127.4856544
174.6756497
169.8714928
0
0
0
0
0
0
0
0
0
0
0
98.60021396
227.0986182
204.6353503
116.8614419
0
0
0
87.11428688
133.5620126
0
84.89338644
92.37437748
0
0
0
0
0
0
0
129.888065
230.6370218
681.2785868
803.7710761
0
0
0
132.8855942
271.6101264
303.759081
166.4831446
0
0
0
0
0
0
110.288195
110.0644087
0
0
0
0
0
0
0
479.5934369
779.1576661
658.4186367
511.501071
0
0
0
0
0
0
0
468.3771475
570.0320186
142.0613309
135.5365069
123.6277541
117.0298409
101.1520632
0
0
0
0
0
0
532.794528
625.1653701
630.7781567
661.3439556
704.9743894
604.111717
455.7284351
0
0
429.282976
370.8934889
0
0
0
118.1528057
0
0
0
0
0
0
0
0
383.6825657
512.1548197
0
0
0
0
0
0
0
0
0
0
0
284.93653
0
0
444.1048131
0
234.0202312
1043.930854
1107.874322
809.1529051
979.3315036
920.7091222
1154.75398
0
904.4491373
869.7966314
0
0
1264.606888
1077.272031
774.362316
224.7297213
268.7141067
242.3105662
751.0953147
805.9213702
944.5076694
935.0581644
806.5081101
996.7453802
1070.620714
953.2267528
0
0
0
0
0
0
80.47447479
250.6338089
0
0
0
0
601.1828877
879.0342595
792.2798652
881.1935201
805.1720217
1258.279093
986.223814
807.9209924
898.4779164
1209.79515
0
656.2162307
1100.849805
366.5816412
614.8292704
874.4420787
884.9052588
229.1032314
232.3956404
205.1192398
163.0523294
0
818.1624692
884.3904414
925.3793918
819.3830459
0
0
0
0
1284.845556
0
180.2621086
536.6483152
504.0441513
132.795791
175.1904864
103.8046167
579.554849
881.3859457
554.0007886
912.9566142
777.7022002
758.1579399
947.9499377
888.6313017
1352.585472
1380.45759
997.9874845
0
0
564.4097324
1913.190786
1472.226262
1544.52196
194.8279078
0
0
0
0
0
122.285983
181.0982253
866.8344669
979.4904785
0
0
0
0
0
0
107.3225201
165.4877577
545.7157186
210.7578708
912.2098624
650.1790918
570.6699406
1112.289425
1230.053387
1119.111205
786.5273073
789.6007797
992.45384
961.3387638
883.5888456
1066.874635
732.7590111
0
182.6617599
0
297.9275991
2196.939561
560.6474623
1147.297632
804.5489416
811.9897079
720.3939481
0
0
853.0137104
853.4151218
723.4446952
230.0855283
0
0
0
0
0
0
315.8548741
0
543.8047472
435.7512423
178.9631174
774.0501331
635.212608
651.8468168
949.6117013
975.2788659
790.7637415
879.8989909
761.2384297
1024.932836
930.9779483
815.4844757
1155.833744
0
0
0
0
765.1942167
681.7420299
808.0639987
1343.77562
987.6655523
1006.423966
918.7402797
957.515924
895.712063
728.4138901
827.0718187
524.4768648
181.7959117
0
0
0
0
0
0
0
0
0
420.8874464
132.2144674
121.3155467
136.5573639
818.3046658
930.3792613
995.9634284
864.653307
861.1382676
870.5809597
1029.596049
821.5042576
783.7150941
957.0284993
909.1650063
819.6808787
0
755.88946
889.157522
1173.394589
1114.387893
894.5211653
409.9734035
836.8466968
792.406559
586.4068473
0
625.5123329
777.3701897
855.551054
958.6277189
860.7309178
0
0
0
0
0
0
0
0
0
639.4764694
681.6338349
704.3670231
958.1934868
519.836947
877.8593706
922.0613311
888.2938743
986.9190688
833.4100869
791.6611256
799.0706689
1498.124003
766.0512158
851.6708953
844.0141484
961.5300435
931.3125108
788.0307102
1031.096811
1139.283987
1020.012754
869.5783134
622.9665048
642.1433055
635.4097817
574.8383279
0
0
0
496.0530765
971.9711866
0
0
0
0
0
0
0
299.1930744
687.2509739
656.130131
540.7945335
146.2066084
537.7409521
964.7759881
843.5692932
665.5981883
1017.430586
984.6903082
818.0098444
643.1927275
946.6487882
850.0147487
893.9887268
850.9715972
855.721859
789.2202407
812.7745309
689.7141581
139.9563053
117.9621186
0
572.3379855
669.8074082
459.3908148
494.5232971
642.4034805
832.9570158
796.9276739
884.5488365
184.538362
0
0
0
0
0
0
0
137.2632456
135.9767301
676.3079796
595.3411362
138.8993143
523.1177954
934.7835482
837.2144044
971.8959373
803.4693328
825.8891787
854.6842311
962.4411751
150.7936912
979.4479104
1044.923567
1077.441127
860.294595
815.1730917
742.2493174
564.3133142
171.1458403
266.7281035
261.5243225
800.571665
732.9540144
757.2202612
599.483742
791.5714711
858.3419581
755.2774362
882.7187032
846.1537263
0
0
0
0
0
0
0
572.2831551
434.214235
1192.146553
1028.486006
910.8285674
664.8981515
879.9959415
797.7618215
716.5215559
1221.669716
777.6373454
655.8276496
830.1188319
988.383271
863.8231689
1015.940298
999.3412912
879.3062858
792.9073512
806.2339903
128.8400292
802.7816438
89.41994772
0
671.9896428
734.1767821
274.2665681
218.9278884
162.7481038
0
0
1144.9561
1245.972121
0
0
0
0
0
0
0
0
0
152.1614656
235.0270607
692.9312397
694.7092093
768.1503133
700.9641558
755.5402164
702.1621826
931.7621887
1009.885789
947.3094848
805.8860263
641.2298006
644.6157188
900.3467696
938.7052789
842.4978051
900.9718058
838.3769181
974.6207234
1005.318496
873.2475035
122.0720377
0
123.8587115
100.1732008
0
0
0
219.7157566
133.9092861
0
0
0
0
0
0
0
0
0
703.459561
624.8599291
748.9754822
616.6335814
112.593864
594.3293076
694.3423943
739.9914684
684.6464529
741.1114244
883.8306963
753.6079227
672.3591819
610.3461853
747.3568104
795.4800965
735.6193733
839.1588747
722.177496
140.5606184
800.5786931
1218.598896
1280.221183
1336.926895
1386.692629
1240.649048
544.637826
514.0400747
355.2247672
181.996073
0
0
0
0
0
0
0
0
644.5139635
667.1077821
116.6304294
633.5347544
512.6153462
544.5949928
744.0970761
757.1873678
664.2378205
606.6603327
615.8593109
773.0745282
1009.571589
497.6525036
840.5792225
1081.67072
653.5406619
686.8178923
671.6929962
833.7776357
979.1641126
117.7974378
146.828802
220.6941376
752.3529448
510.0112495
1001.779469
1170.866422
779.1553153
587.7419776
816.8024824
0
0
0
0
239.3885397
233.9830135
0
0
88.02948455
384.6454854
503.4169276
471.9738282
494.4556597
0
547.479645
625.4190064
122.5653952
198.9509811
483.4996419
687.4359667
724.510338
943.7247907
655.6223523
1152.599442
1204.166421
956.2689349
1161.019437
1369.732615
942.0928311
767.0898879
605.0021435
176.3300341
779.5403196
760.0888639
728.027034
529.6609797
918.8702845
1064.370585
582.6009707
0
0
0
456.0185284
0
0
0
0
0
203.1854959
643.8423629
441.6318797
0
0
0
486.6848322
611.9391133
601.4831168
787.5616049
621.0903375
743.9598654
716.1816205
683.1458981
720.1509331
1120.879649
1225.799989
1018.37624
846.3236157
988.4877307
1077.242688
1270.038805
1225.950088
1001.678304
1200.717922
1200.104862
1521.933324
1383.590332
1469.284134
0
0
0
0
0
0
0
474.1873805
638.5362891
765.4982016
1062.517252
732.3842534
609.0607104
562.3948193
587.5578933
158.615731
561.6706028
772.6173839
671.8342479
810.7282609
784.9031888
790.8768405
659.747393
653.5125048
665.4189067
598.7108279
940.5171684
969.9508654
806.8775726
441.688991
538.0995868
805.6961513
654.2510884
0
0
0
0
86.97774708
0
0
0
0
493.7410904
568.1174097
0
0
0
0
0
745.8901152
804.2914472
585.9740368
610.0241429
479.6398854
452.1240192
406.5848922
632.5948207
605.0261794
500.9126461
0
89.174054
598.0242439
778.8821875
775.2603934
111.8231383
101.8431794
0
0
465.4484924
550.5358093
519.2264421
0
0
513.3447215
490.2059114
0
0
0
0
0
715.1350002
0
0
0
0
0
0
527.4701666
165.1448556
624.0165081
481.2566002
514.6188677
771.2568125
932.1260788
694.7827666
795.3512205
908.7922667
704.3831125
675.8216034
680.702083
754.4014282
506.6688555
0
523.9992148
488.9744325
0
385.4574434
548.8674888
605.6423985
536.491669
517.2827642
529.8538897
0
0
0
0
0
0
0
0
0
0
0
0
692.0713876
755.4769362
0
514.6988117
369.8327095
509.0550785
917.2989445
845.3700097
652.9109862
0
0
0
0
541.9986068
636.8519396
557.0662278
559.4917278
632.6948968
512.6466563
159.7068056
654.9639489
924.7790139
921.257468
863.7345759
0
0
0
0
0
0
0
0
96.20803602
0
0
0
472.3748385
535.5576014
0
0
0
653.133544
577.7627485
120.8768779
110.0337145
0
534.4331751
472.3758238
0
0
0
0
0
0
0
0
0
417.6241618
540.2432292
0
0
0
0
0
0
0
0
143.1905234
0
0
0
0
0
114.8391722
0
0
165.3773986
0
0
104.8907401
130.5479416
84.9079959
466.2294068
0
0
0
434.6898318
495.8823207
568.4895133
600.7607971
100.0926064
117.4030108
98.75312553
0
0
0
0
0
0
0
0
77.66281789
0
0
0
116.2533002
0
121.8994002
108.2412003
415.5648141
508.1886334
189.1022079
525.5451314
373.3345525
0
119.9827604
121.8061083
450.6242045
0
0
0
0
363.069366
0
0
0
108.5888603
103.2236987
0
0
0
0
0
0
0
0
0
0
135.9305674
0
0
132.9546088
456.1512028
533.0184673
498.9552357
166.6188122
686.1091745
153.7727151
155.5294678
95.65088076
493.8131535
634.1128194
467.7018899
0
0
136.8916758
110.5906392
495.0287643
475.913653
0
118.4451942
0
0
0
0
0
0
0
0
0
0
89.7565793
0
0
485.5011105
423.6103208
650.6987649
89.62997295
0
548.7908059
0
0
0
404.3994785
0
0
0
0
115.6752475
158.3771977
523.8193266
445.3318605
0
0
0
0
0
0
0
0
0
0
0
0
0
0
388.7373024
117.1061704
655.1692265
0
0
483.372756
0
0
416.4920295
516.3105841
477.8421785
0
0
89.00048711
114.276182
157.3406286
144.1055998
574.3039368
0
0
0
0
0
0
0
0
0
0
0
0
0
121.2222439
525.2635482
205.9608666
149.3540461
124.0585443
0
0
0
83.47169816
104.9522433
0
0
0
0
0
83.73272307
145.0172816
0
0
0
0
0
0
0
0
0
0
0
0
0
0
74.29685918
630.9870238
476.3441148
0
0
0
0
103.5657008
99.17126842
0
0
0
0
0
0
0
0
0
0
0
0
0
0
0
0
0
0
0
133.9400878
0
462.5439581
0
0
0
0
0
86.74843176
99.18026224
0
0
0
0
0
0
0
0
0
250.9920884
0
0
0
0
0
0
0
0
523.1221144
530.5948654
547.2448383
538.2017524
421.2006325
0
0
0
0
0
0
0
0
0
0
0
0
0
0
0
0
0
0
0
0
0
0
138.1923453
141.780851
709.6514481
748.4192741
518.1484108
0
0
0
0
396.7178025
431.3881515
0
0
0
0
0
0
0
0
0
0
653.0300787
622.4555486
0
469.4491291
0
0
0
496.5908122
479.8839854
0
0
124.2150952
652.5171482
0
0
0
0
0
0
0
0
97.1672317
0
0
0
0
0
0
378.9679446
526.5501658
0
0
0
0
0
133.0578881
151.9550745
0
0
0
0
0
0
0
0
0
0
0
0
857.695894
0
528.7081803
752.8550225
685.7864208
1032.899234
1018.45416
987.0171568
899.5302079
306.2669773
716.1305222
972.7279972
789.7661384
0
0
0
1000.437924
1443.875024
1081.747828
1048.351859
434.9632653
420.9210134
564.6720483
306.9141553
153.3261282
230.9196616
226.3225087
665.4031583
913.1144673
0
0
0
0
0
0
0
0
705.7503656
0
383.5379363
103.4666153
518.0596387
591.3670254
694.855849
901.1051863
898.6173255
572.4232811
1552.646749
739.8869242
670.5406961
0
1534.208216
634.4683982
1385.827225
882.6410962
949.6198877
0
0
0
0
286.1249946
256.0095828
135.5552118
754.6031661
876.5680522
717.2657501
0
0
0
0
0
0
0
0
800.1555526
373.3497276
0
144.3050488
705.7732216
599.3234574
927.5447673
726.7134339
1075.502582
1312.108242
906.7339053
982.3106654
857.9570542
920.3183137
4863.324983
0
0
0
1071.137588
872.7597812
0
0
0
0
0
635.0995962
838.7477356
641.0498157
590.7715131
0
0
0
0
0
0
0
0
218.5668624
785.2384738
653.7815223
757.8134002
733.1741416
935.2893991
1034.504264
1257.266107
883.9877755
864.2977488
757.2428987
989.774196
1811.824142
799.7454388
1032.549429
0
0
318.2094855
181.8680959
480.4923335
1619.404045
1080.114427
1356.849339
1433.081792
719.8778172
814.4242503
455.8213587
0
0
0
0
0
0
0
0
0
0
0
0
719.16392
563.142985
616.492763
960.0527956
765.1624281
549.0417776
782.5676805
774.4773186
716.0999349
784.3349901
826.3005756
696.8156484
883.092106
0
0
682.1175095
1054.650562
1130.14301
210.6891164
1085.752737
1498.523325
1012.033544
650.6249053
180.9417716
75.01839982
0
0
641.1048478
636.2226429
0
0
0
0
0
0
572.6360678
0
608.5171884
462.2667643
953.6695861
728.7508156
914.3481377
907.8917713
1106.348541
861.5660965
988.167568
901.85321
983.368688
710.1842891
909.3454413
0
0
0
659.5000499
953.8210879
957.4227102
970.703175
773.5942435
560.1063129
0
781.4617414
650.2434225
651.8346407
708.4056735
878.5549575
1091.782451
872.1153714
0
0
0
0
0
0
0
0
755.6596157
572.4319976
0
601.9735376
887.5948759
692.7674545
981.7294939
821.6191987
823.8034966
802.7928216
711.5436337
128.7716366
983.48337
1048.193816
0
1027.799023
1190.525089
1050.227738
860.1146222
0
0
613.8215601
650.3519682
758.3611039
760.7639829
688.1501899
767.8831828
678.811164
844.0271493
278.627964
222.2675107
0
0
0
0
0
0
0
0
131.2574729
174.0822629
614.9580073
122.5874967
539.5419813
620.8351673
978.4263461
844.4906759
1036.522898
1238.956517
724.1623437
975.3513572
603.8037854
757.2864523
1025.68917
594.8750528
0
893.0473977
1005.537341
752.7018951
329.2003054
348.8377146
657.0562431
465.8350216
533.272442
674.9996101
0
0
167.2650128
167.0152222
158.1705318
805.0380609
725.5547047
0
0
0
0
0
0
0
0
218.4609577
197.7099609
574.2843467
511.403745
76.33228178
730.468893
980.2683325
928.5547668
1003.888638
807.181541
974.0729857
842.8789324
716.4021079
507.4697988
598.2174007
768.3635034
800.5026133
797.9151175
756.3792492
762.1274238
0
113.5904201
734.5822649
778.1678862
719.3841257
193.1585639
690.7832164
1003.301658
1009.355491
901.6171805
941.9789254
757.5846888
900.5664803
0
0
0
0
0
0
0
489.8718359
1090.355599
155.5927961
772.6373742
941.9882884
747.302614
855.9626025
747.1744417
1272.07885
1018.357428
747.0738402
880.6365093
797.2535018
796.9816166
902.6488436
903.4490075
629.7081193
936.2355492
945.0482391
1086.269843
1009.373987
382.3092563
359.2162776
432.0759947
360.0371103
271.6500756
651.2304854
197.398486
185.5062613
157.2035701
138.0340661
679.0093908
748.6122405
0
0
0
0
0
0
0
0
405.8296732
0
654.6588553
819.6880174
821.4958992
196.2909882
488.228523
692.982735
825.8047482
822.5095892
739.1022841
1052.165392
1024.509379
1088.568804
1021.251067
922.5598887
1083.140542
1145.455546
940.4392811
994.0607834
250.6850003
171.4656945
731.4267625
760.635364
747.5414647
634.3502757
0
0
0
0
0
119.0286611
0
0
0
0
0
0
0
0
569.3947613
639.4813904
606.5548815
503.2482907
476.6438228
478.3190955
673.8885479
610.6778049
759.8222487
842.6513012
592.5659885
869.3139939
982.3049687
1201.08677
1088.186349
1074.048446
772.7355039
577.8644267
719.8256094
927.0779661
1099.984461
1092.247615
1099.791618
166.145005
147.3953503
150.4899248
91.39683625
0
0
507.5877837
954.4750218
1102.380586
0
0
0
0
0
0
0
435.576602
564.5062237
519.5168556
578.6305789
598.8674629
469.1853929
525.7577184
852.9323012
727.3606598
741.2759757
800.7953971
702.9204129
783.5419991
828.5754808
917.0030023
817.2239067
112.5750529
105.3555654
0
0
0
727.0529001
0
0
617.0928969
563.7459662
556.1812291
0
348.2654518
394.5800911
404.8457598
421.7527237
0
0
0
0
385.3216294
0
0
542.7331553
0
539.171628
573.7914285
78.3873755
0
0
0
434.1873112
406.5920973
758.4280451
729.7653033
637.2709802
773.6062851
1125.154917
1145.481383
1065.269371
1163.194595
1211.014634
779.1780315
0
942.5627477
1187.353065
799.0029541
758.5873085
138.4671372
566.3148854
669.3658409
587.7977107
475.378637
0
0
0
0
0
0
178.7958896
0
0
561.0511588
606.567403
132.49455
140.3362404
480.9881718
664.7637675
575.02018
151.9950207
642.4055621
802.3969985
712.5769047
602.1359899
610.3586951
645.5236849
695.7063971
674.0670771
882.3924949
798.6645131
765.9983707
811.9167563
785.1970515
756.743987
1032.852722
1042.826047
962.3242769
1059.585071
812.563966
271.096128
214.0456992
538.9126477
561.6219087
525.5431642
0
0
0
0
0
0
0
447.4380907
0
63.61385168
108.7595767
816.0021456
769.8189739
710.6707498
155.2039178
595.1848841
816.4776909
688.3690777
648.7938251
141.8184084
152.5250378
503.1618927
171.2467741
626.6110459
737.1600921
634.1064437
0
89.71681128
485.2826447
865.7624817
173.6120539
127.6550383
251.6613941
158.8183095
847.4146292
325.3395571
212.6992543
158.7452121
0
0
0
0
0
830.3686798
0
0
0
0
0
0
1067.85901
151.44321
312.8839425
137.0689183
628.476496
866.6568474
759.0315971
728.4472062
642.8803259
173.3471601
354.8636533
408.0703324
366.6280996
164.522339
247.1583985
268.3403561
212.003447
608.207549
670.3992699
733.6910858
834.7095258
1003.526115
765.8967738
847.9904308
928.1526249
926.8760792
0
0
0
0
0
0
0
0
0
92.05823126
0
0
796.4663655
307.6898833
197.1433574
147.604189
616.7796351
773.6360777
864.2662883
790.8670866
700.3292399
547.2939425
0
109.1195082
0
0
0
0
176.0269102
191.2141596
650.8928619
883.1492871
833.6610528
731.6170166
487.3153174
0
0
0
0
0
0
0
0
0
0
0
102.1438218
110.8686689
0
369.4413596
493.4737604
741.8620303
95.4217947
581.0107097
364.2065878
644.342792
506.2495141
121.0680612
464.6381219
564.1207652
0
0
0
0
0
0
0
0
0
277.7386076
301.8507651
627.3125317
648.548741
652.7113864
0
0
0
0
0
0
0
0
0
99.15018044
0
0
510.0924194
567.5532884
639.7734895
657.6430072
470.7569782
0
534.0402764
386.2638564
0
411.4950785
611.7561527
403.6962685
0
0
0
0
595.8940724
643.5888051
120.110144
120.9496493
104.2353856
559.6970952
677.3335465
692.8003311
0
0
0
0
0
0
0
0
0
0
0
150.9498688
93.01590971
133.7869974
533.2407325
673.6803079
492.25517
0
535.7649145
103.5583555
0
0
590.576851
531.8823619
540.0140561
460.5824693
548.9805209
584.4842064
543.8266359
0
0
0
0
78.12339448
621.5876887
0
0
0
0
0
0
0
0
0
232.1304731
0
90.43412431
0
0
0
532.6719972
499.2773968
583.8009636
432.9902066
373.2038755
0
0
0
549.1214096
537.3564854
102.7937622
371.1554994
416.3254181
472.15876
669.3352053
694.8839072
595.2037289
565.8783524
468.8857218
481.5634435
0
0
0
0
0
0
0
0
226.9080292
0
0
0
0
0
482.7986613
453.7237996
104.1837606
520.805286
0
97.52569516
0
0
150.7036103
154.0089058
131.8096596
129.1160643
571.8541087
581.9297435
517.289133
538.7370418
595.9790679
623.9914753
598.5095665
476.7277937
0
0
0
0
110.2698286
0
0
0
0
0
0
0
0
0
93.22742573
170.8114406
87.84435556
110.302475
113.995611
138.4858289
560.3680764
0
407.3983158
491.8917508
0
0
118.4880571
138.3064102
465.2771158
524.1746165
523.2124855
430.4043561
472.1955964
0
0
0
0
0
0
0
0
0
0
0
0
0
0
102.792409
203.9493427
136.7393017
129.6870032
107.1686022
562.5613321
628.4659
529.4007054
126.4961043
460.6667186
0
0
0
0
0
373.0541144
520.8183956
492.6972606
0
0
0
0
0
0
0
0
0
0
0
0
0
0
114.133816
202.0611158
105.6571376
133.2438091
124.3266107
164.5017681
645.9586802
555.7320343
421.7978821
0
0
0
0
0
0
0
0
0
0
0
0
0
0
0
0
0
0
0
0
0
0
570.5688782
561.4981035
0
120.8694045
0
0
0
532.0914755
545.9659845
0
0
0
0
0
0
0
0
0
0
0
0
0
0
0
0
0
0
0
0
0
542.8075486
455.7959887
92.08145695
652.4530628
0
0
498.2506821
0
540.2807656
501.3200444
0
0
0
0
123.6232233
0
0
0
0
240.1051753
108.5195737
0
0
0
0
0
0
0
480.5810793
512.6127906
617.9713514
502.9204852
513.5627102
408.9960291
0
465.6052831
521.5682826
580.6218877
478.8209225
0
0
0
0
0
0
0
0
0
0
0
0
0
0
0
0
0
102.2835163
117.1918869
496.430523
492.5845777
461.4334405
516.7700208
557.537841
673.4591163
751.0764966
701.8567616
457.7131471
0
0
0
0
0
0
0
0
0
0
0
0
0
658.7396791
0
421.7300897
502.6103463
501.2865729
513.6710223
457.4746554
0
478.1383489
200.1882462
659.5615222
0
0
0
0
0
0
0
0
0
0
0
130.290737
743.3447971
769.2574966
743.8548199
555.6362345
0
0
0
0
0
0
0
0
0
0
0
0
0
0
0
0
0
0
0
0
0
0
0
0
536.6581477
375.0683863
0
0
0
475.7066682
842.0987825
708.5364131
526.6733434
782.4410898
970.8910805
1129.055426
834.6047184
618.9615545
1110.856119
1195.462095
768.5187874
0
2066.3021
0
945.2569478
1196.148482
984.5508997
1073.668759
769.1392953
0
211.9352566
501.8001344
566.3262895
539.1250084
353.2193654
225.3500298
0
0
0
0
0
0
0
0
68.88262766
99.30049419
549.5662044
555.153025
667.792922
772.5726837
955.5011242
858.4356661
944.6888384
989.5384533
1086.873121
1118.155397
0
0
0
0
466.7310491
930.4898554
702.5740966
822.3306525
903.9742742
381.9583529
211.4016569
126.344125
0
0
754.0905703
0
0
0
0
0
0
0
0
116.5125142
0
451.8309582
709.6922314
829.4015045
649.6341814
1157.229443
1073.686612
1101.103498
1095.575274
871.8682026
905.9741966
0
0
0
0
0
208.4776964
957.4762917
805.8046708
610.8818129
0
0
390.9895543
357.9707039
245.1939935
0
0
0
0
0
0
0
0
0
123.6931605
781.166544
599.7997781
609.1420178
648.2790066
888.9626008
1332.305941
1023.839573
869.6174841
1599.986408
773.1619312
947.6248225
1296.949285
0
0
0
191.6897931
992.9058818
1051.486627
852.9198639
176.108238
204.3045455
207.3632011
81.61949947
138.4424888
0
106.0878602
123.9679667
204.953133
0
0
0
0
0
0
0
200.9525073
608.8979041
705.5566602
556.7276814
1029.092991
1072.408105
937.0027424
962.8732796
870.9600514
1039.297366
614.9713765
812.7223097
878.5496593
0
0
0
0
694.5340821
1379.624015
184.11713
0
64.48187449
95.38105513
0
244.9406698
240.9973657
251.0781508
274.1020204
132.4666177
0
0
0
0
0
0
0
400.5841695
365.1758432
239.5087353
710.6983439
626.8800393
715.1531571
814.2361427
575.4000047
1179.272248
878.8971362
823.99213
1090.656395
1313.77377
1025.333668
0
0
0
0
1096.990598
1257.404032
1087.624963
770.7578703
280.3271802
257.3358607
250.6540571
964.0373761
173.6890958
129.3441043
143.9515424
591.7800337
922.6654745
0
0
0
0
0
0
0
0
0
197.4640318
638.5102007
105.5961865
479.9450094
929.084921
966.4262769
1357.93729
1170.973937
958.4394896
198.1894462
858.6303514
1296.798201
0
0
823.8651375
1186.68078
1224.728367
0
0
0
814.958939
771.4955492
799.9614434
982.4506588
965.9618044
727.5799344
771.1558796
757.3177839
0
0
0
0
0
0
0
199.6183089
153.8670879
0
619.1946843
697.4687115
108.8476275
699.5976909
944.2913464
915.0365806
1006.480056
921.6495635
1325.499386
573.4302387
1126.99962
762.7438298
0
0
744.667176
851.6116353
945.8875609
0
207.882055
311.4457152
870.3500198
694.5803594
666.273559
669.2760795
647.9936857
320.4845564
653.1003073
0
0
917.2534304
0
0
0
0
0
0
0
186.4151166
379.9375107
685.1296442
554.5774088
607.7620426
93.60551112
1149.894117
1041.406408
1216.060486
1179.305522
1249.961384
776.8210629
1150.387293
773.1169386
9630.142964
2622.502297
207.8075956
1239.768798
844.0209743
178.6977514
218.7909992
135.3666982
762.0291948
755.4327985
512.8744737
163.7883203
870.4807194
352.7329162
289.1306801
896.1139599
834.1831456
1542.394272
2108.603078
0
0
0
0
0
0
0
0
370.3198196
841.4742043
881.3979582
853.2967452
751.8970702
718.0840186
665.650349
775.0210806
1030.914402
808.6791867
759.297945
1647.364152
846.9576737
690.9073824
657.3756318
0
764.8967814
646.7662278
120.2551975
712.8754136
712.7042313
809.3776289
713.5801579
800.2587301
741.1943656
684.89809
855.0612342
737.4133895
629.4227899
624.8977702
990.1184522
958.546529
243.5405851
0
0
0
0
0
0
0
424.7654578
524.3106848
428.8876952
0
744.1502822
559.3972374
709.4262177
609.7662188
670.2347976
788.3992471
803.0157872
738.1448449
107.1667593
142.1074935
1004.150241
188.4414712
138.6955548
198.5691007
691.3936742
214.4021069
212.5341035
630.6273144
722.5920772
646.8377125
151.0603339
127.5758246
0
139.3663112
159.7960519
188.7470979
181.6113034
174.6315915
751.7720537
659.5909765
0
0
0
0
0
0
589.2592126
0
1148.015736
0
0
184.9163317
0
0
773.7362182
965.4277615
873.2700012
775.7519463
726.8550136
883.5012964
822.1194659
867.2174246
886.8770215
691.5377543
640.0494136
838.8087457
148.7640885
147.1152946
682.5904406
842.2149739
831.4234808
798.1909821
714.2939887
735.9688709
813.7803857
629.2594392
602.7702655
607.4416554
0
0
0
0
0
0
0
0
486.0789105
542.3109667
915.5212276
991.3296438
96.0853032
165.0201643
671.1298523
130.8860064
115.0321158
818.608742
676.6634485
699.0939113
644.4930016
610.3473503
1061.541001
1026.16586
884.4883635
992.0580179
752.8134983
674.6898558
614.867498
0
0
0
642.1922204
793.8978165
119.0201521
0
120.8328415
225.7337432
158.6008658
0
0
0
0
0
0
0
0
475.829998
0
473.1709743
389.1409317
786.0894161
1082.591195
1042.49971
1165.197338
1044.180026
975.4420914
1012.272919
924.8775783
666.3353151
808.0294508
1034.605044
1094.344584
1580.310727
1322.78453
911.2898513
904.9448251
818.8665841
770.9982987
200.7479488
658.0171069
1038.985202
1483.401349
1139.24071
428.1329008
379.546115
296.3320228
341.8365127
82.34250949
187.9179055
194.1119678
579.9899136
0
0
0
0
0
0
0
0
0
0
129.8065001
0
895.754611
196.3545493
465.9395697
600.062371
87.87929364
607.9843328
792.6235566
609.5028058
594.6861095
918.6998138
1262.322139
1080.642399
934.8318649
1196.703179
1176.568313
1050.120956
933.9430156
660.6479385
922.8031875
328.3379638
0
823.328882
910.014637
859.9078906
379.740799
430.790285
349.5789965
0
0
0
0
0
744.6347415
0
0
0
0
0
420.2618467
146.9977589
140.7111657
187.5039318
86.78480306
171.1387864
634.1586071
629.4185645
748.266003
156.6608227
555.3608551
603.6478654
1000.796152
1380.029332
753.4587618
554.3342178
708.7993419
589.4843055
633.7058674
626.7503662
961.2287744
850.8272781
431.472526
431.1792065
0
81.57193596
256.2901465
639.3674539
0
0
0
0
624.3519092
0
0
0
0
0
566.1509485
655.2431918
608.2793638
0
149.6413428
0
500.1778215
493.1529416
386.1501314
690.3583584
570.8191029
144.6742007
139.4758667
637.0527192
519.5269914
122.7400081
98.49310932
99.32036726
110.4400691
101.5021751
595.0403991
748.0496075
674.0993621
547.0359106
826.9162261
589.5150357
638.5903841
653.3652239
0
0
0
0
0
0
0
0
0
0
122.4328738
0
467.3058746
472.7045013
143.1626207
104.8210426
642.3706635
686.0362909
787.7117774
439.61368
655.9701222
546.2311606
96.27475773
0
443.8050955
518.6442693
607.6291031
642.123838
642.6761491
643.1130538
602.0985183
532.8095779
716.5651001
687.3076239
628.2369315
596.0138766
0
0
0
0
0
0
0
0
0
0
0
0
0
0
593.1951078
526.3846805
145.5732764
678.9917224
546.6742419
133.4073528
123.8137027
0
499.6557526
656.4355148
630.5465993
119.4613916
573.4568605
569.6234043
104.6849922
88.72284982
107.0066038
113.8067674
99.82186689
438.6852533
582.5825092
594.2541616
435.0457958
85.05542023
118.2259108
0
0
0
0
0
0
0
0
0
178.4324258
181.3738797
0
0
500.854
735.4033528
983.8481954
636.211598
0
101.8944125
113.8244461
504.5482716
410.9199922
520.1275658
521.4187189
112.8626019
657.2161418
695.2699886
574.1383451
133.7547355
112.1707431
0
0
539.1827908
476.6408973
0
0
0
0
0
0
0
0
0
0
0
0
263.3143025
0
0
82.60039065
130.5091288
170.5037585
680.1200465
484.1602138
669.5264721
196.2553272
196.8556425
0
0
0
478.2253056
496.3460483
438.6984171
635.7348454
654.0938586
224.7733158
224.8564462
234.4408036
199.7352233
673.1877911
759.7805557
696.5632169
473.6424929
0
0
0
0
0
0
0
0
139.1307999
162.5928838
0
0
0
95.95255724
480.3580164
540.8165074
554.440404
605.0893578
593.0534623
592.3142652
0
0
0
381.014508
529.7041966
534.8488325
536.8980594
623.3844797
490.7992446
532.724762
120.8927768
118.521396
107.7593407
0
0
0
0
0
0
0
0
0
0
0
0
0
0
0
0
123.7630001
161.399553
128.5434131
146.5671549
632.7201942
656.7220926
504.5824787
500.8198459
0
467.9265315
469.9597055
358.9363107
0
530.6119381
456.0881027
0
0
131.1359434
151.9653549
583.4873551
0
0
0
0
0
137.1341502
0
0
0
0
0
0
0
0
0
86.72140783
107.1212555
116.6684015
109.0021674
555.6656045
565.7912953
97.37682088
500.6976164
487.2580357
504.3530099
367.9450118
0
0
0
143.3579038
0
0
142.7194466
172.8268695
0
0
0
0
91.76446927
0
0
0
0
0
0
0
0
0
0
0
0
0
0
0
526.0410904
97.49090368
490.2774782
0
601.8014804
637.1735964
505.8334405
151.7420763
0
137.1211487
142.3617492
101.3816778
0
0
0
0
0
0
0
0
0
0
0
0
0
0
0
0
0
0
0
0
0
0
0
0
0
0
0
0
0
0
127.7193798
120.8308704
80.10195022
0
0
0
0
0
0
0
0
0
0
0
0
0
0
0
0
0
0
0
0
0
0
0
0
0
0
0
0
216.6208928
202.3520145
122.8728385
0
0
0
0
0
0
0
0
0
0
0
0
0
0
0
0
0
0
0
0
0
520.4582199
566.2919351
576.1668498
526.4754164
504.9093423
508.8300317
655.1055807
707.3592905
0
0
0
0
0
204.5407381
0
0
0
0
0
0
0
0
0
0
0
0
0
0
0
0
0
471.0619948
474.9811624
475.4873633
0
0
0
0
0
175.6018174
106.5327137
0
0
0
0
0
0
0
0
0
0
0
94.06555399
129.6025204
136.5102982
543.5066952
548.5472917
81.16440117
0
0
393.8129828
514.1611873
487.1374482
0
0
0
0
0
0
0
0
0
0
0
0
0
0
0
0
0
0
408.9443811
520.7876335
551.2805307
573.4050804
592.2118311
543.1416532
538.643287
0
0
0
0
0
0
0
0
0
0
0
0
0
0
0
670.3870819
772.1740023
698.946686
0
0
411.1525135
488.8710194
517.3119368
0
0
0
0
0
0
0
0
0
0
0
0
0
0
489.7879981
742.7677075
697.9289511
0
0
0
0
0
0
0
0
0
0
0
0
0
0
557.6759567
475.5601786
0
0
976.185405
112.4315333
873.0822272
740.0689091
717.2727851
1054.018908
986.1965159
726.6607133
711.4347159
841.4788366
0
0
0
0
1067.670099
1446.035489
209.4014763
0
0
0
0
0
0
0
170.1974587
0
0
0
0
0
0
0
0
251.1235594
93.56305365
659.7041624
969.387757
990.3748384
929.0701159
941.9282431
900.5998043
1198.677263
826.2423049
0
0
0
0
300.4788738
0
794.7443943
0
0
143.0146894
348.836187
368.0933347
257.4251703
324.3130114
354.2359594
0
0
0
0
0
0
602.8978393
731.4427897
0
750.2126096
248.3757518
728.5610242
876.6071627
862.4398351
921.2981695
887.63566
835.9800303
806.1985794
0
0
0
691.4214009
1357.304797
768.8319335
1051.992043
1199.564108
1273.427795
781.7466557
0
0
515.2749354
366.9274292
222.3148363
0
0
0
0
0
0
0
578.2467753
790.2506146
1042.095646
1380.961603
1024.263052
774.9398113
1239.485103
904.1109017
829.9008712
796.375816
899.5580756
860.7155957
0
0
0
0
629.8887306
183.6784805
1415.934209
963.8310706
1021.080585
130.8055646
883.7727316
185.131745
108.24865
74.20725295
145.2242358
149.2074055
0
0
0
0
0
0
0
0
0
498.4641308
671.9226893
546.1288399
1168.3969
964.0320948
1112.724832
1099.90984
1301.188405
796.5103612
1463.293073
0
0
0
0
0
0
0
0
0
0
0
807.1441037
0
0
97.54414452
241.4128999
0
0
0
0
0
0
0
0
260.7051903
160.9730339
588.121173
168.2190717
743.9306902
1059.87634
868.5986821
1047.322267
527.7659543
719.666623
878.3520738
0
0
0
658.8627333
1089.41392
1021.732492
962.729614
743.7076336
910.2173718
1239.45393
1049.323794
713.7845093
748.1425497
832.7080383
767.6743882
846.7492192
0
0
0
0
0
0
0
0
0
180.9573002
174.6002763
545.7400863
619.4411457
923.6660401
1079.143634
1196.910868
1475.256328
747.1022715
912.0744279
815.5646856
0
0
0
0
0
0
193.6579983
1063.320657
627.6463364
798.8052156
0
177.9100166
712.8929351
827.6332624
905.8044247
694.6484192
715.8087634
0
0
0
0
0
201.931008
240.4553033
0
0
543.5849416
589.8430989
723.235655
582.822281
663.145452
1291.348555
1091.803497
1077.088638
968.5434476
867.540484
1170.011018
0
0
1344.870466
0
547.5140709
456.6168153
0
0
0
0
0
147.8165088
825.9692725
905.9067105
792.3418347
700.9966139
616.7396465
481.6364323
0
0
0
0
0
0
0
0
0
727.5813577
585.9753005
632.080743
736.9419262
828.630891
944.9572363
883.2534887
1125.798099
1789.531151
391.4496136
1032.859532
993.6795885
0
723.9421787
982.0783624
1218.305776
1122.477615
118.4623121
767.3011288
727.3047412
312.4544641
309.0981323
354.2627317
233.1752904
0
646.6737481
813.440114
957.2522727
950.8746089
812.8578043
0
0
0
0
0
0
0
742.654453
637.0421869
818.1658774
262.8741682
821.2859966
782.8075248
730.6582558
668.6397769
719.356307
894.3815899
815.2902591
763.9991989
815.5101164
0
0
135.1573245
161.344537
242.9693766
808.5947116
716.29571
217.9397611
961.8289893
869.9222122
887.3744393
860.6328714
671.9058939
570.2957957
392.1570058
785.4353454
532.3590779
623.6490401
856.1036965
0
0
0
0
0
0
0
737.3700185
0
139.4687657
0
662.5108667
902.5005545
222.8149442
677.9607728
668.145975
723.9828608
915.5740576
241.4703054
841.2528433
1136.691554
350.3815399
933.0342839
228.8283718
190.3508516
564.9751041
754.0094384
784.1794324
679.6563416
268.5055866
126.8510334
150.0031056
413.6171351
0
0
0
0
511.7544809
653.0121627
537.1228489
0
0
0
0
0
0
0
0
750.779465
578.4691569
227.1161964
81.8618601
0
162.1770877
98.60602645
674.6404251
743.6550703
873.0058529
826.3691343
895.9808129
654.0426594
163.5768023
472.1606103
817.3228051
648.0259891
750.9489144
681.9611959
178.0657916
117.9609313
107.9858159
107.3621282
413.3639554
819.6666743
866.3097978
1068.33728
751.9227168
862.1322798
504.9903167
466.1083824
142.6887108
171.0668978
730.1334672
0
0
0
0
0
386.9083588
0
763.2713246
0
94.88479189
111.6245112
95.17846132
0
146.5380566
707.0368077
894.9111731
620.0172857
752.5108917
869.5701315
1206.120203
863.4979744
867.8085506
968.0462702
707.9329545
879.5599903
679.4819026
0
149.9793326
399.9360538
609.8573019
577.8918453
1304.397978
1245.467358
0
151.1690112
759.255004
596.2714669
582.2869261
585.4653404
512.83309
0
0
0
0
0
206.1178986
0
543.6826544
693.149916
654.312596
572.0206351
547.3544139
0
186.8084391
201.1627486
268.2797195
784.7460752
1006.766413
1047.813192
793.4216386
998.3712501
814.8945647
809.0156055
719.8922499
654.4173144
831.5775474
775.966436
777.1471081
323.5655611
925.7015846
986.7069974
1271.344142
1118.281702
1037.350977
915.5361444
746.5795216
157.2184755
134.9922455
680.5919746
687.8748881
0
0
0
0
0
0
0
0
0
127.7814037
600.5033176
630.8671605
0
234.0159948
793.7977198
165.9385151
538.3307141
538.8133746
738.8040215
637.6688
638.8131556
464.9757453
964.559795
1047.059313
1191.966687
1086.945885
144.1213926
112.7536689
85.71325794
112.1619552
214.067585
0
221.4405877
1013.856759
1063.586844
745.1323155
578.6768465
761.9105777
818.3482836
330.0812802
0
0
0
0
757.974185
635.3451433
0
0
0
0
612.6883056
94.42992785
262.5264591
615.8443018
122.657342
169.0547727
628.0964094
464.6207989
658.6835381
687.1819871
169.5143436
601.7379073
729.984969
1116.117056
904.4156031
1177.935184
652.8757482
664.876689
589.8708231
623.9878297
278.1765773
423.3406595
438.9198343
949.7727673
1130.547093
904.4628854
701.1656292
721.810704
791.9566738
0
0
0
0
0
0
0
0
529.3876181
360.0137012
0
112.0259948
223.9249269
600.842582
721.1257083
226.4472976
669.3648517
742.9344393
238.8320193
710.658227
664.1985363
142.2426554
501.6097385
619.9383456
731.6438527
966.6932399
1377.916662
621.6387013
344.0164861
621.6539015
605.4569405
639.3928572
873.6806216
710.5344523
677.5683204
576.3827928
589.132298
0
555.929372
0
0
0
0
0
0
0
0
0
0
0
0
530.1258128
721.8671865
542.7560749
779.2465818
855.4106992
518.3147248
610.5048476
768.8794697
221.3764846
121.0881591
0
83.78670653
538.6667413
637.4243852
564.389416
502.8607353
558.2748741
550.8001605
104.776958
115.5736254
113.0705603
632.7990441
668.5030347
867.1026863
1029.357352
201.7643972
0
0
0
0
0
0
0
0
0
218.6057394
205.912512
0
626.6743114
654.9136999
954.8448356
498.6666205
579.4027014
121.6304447
0
611.3946953
722.8223885
710.4614491
702.2817781
756.8593091
250.8181974
177.6225222
115.3478133
89.38786426
92.16499787
566.8590504
580.2500811
523.5485085
76.02083621
0
582.2068894
0
138.8438009
883.8627977
0
0
0
0
0
0
0
0
0
243.1140586
496.0222682
496.5736824
495.4710792
498.5884387
843.9920568
662.8875918
726.8261979
126.8444858
97.19386069
604.5154811
497.2238552
444.8229538
529.6017879
593.0657299
756.2902678
614.2634937
136.8527812
138.0365756
117.2039386
154.1619899
117.3092453
134.049309
144.5057772
581.7612019
651.0216168
116.5926539
75.84676051
0
0
0
0
0
0
0
0
0
0
0
0
367.9123435
502.9417617
671.7141715
970.5086405
890.8648252
539.916793
590.4706048
115.6178938
121.5752414
139.8634847
143.2425663
125.319095
430.3291912
480.5100049
431.2884126
357.4030741
0
0
0
104.9434001
146.425182
489.8963116
504.0739151
518.9241473
0
0
0
0
0
0
0
0
0
0
0
0
0
0
0
153.3362032
151.7449744
555.707415
538.4396718
465.8650608
463.9195599
487.7445191
407.8501064
0
109.9166969
457.8264646
470.1633363
359.2543396
0
573.582729
544.3713444
0
129.905207
181.496085
191.739301
161.6622706
0
0
0
0
0
0
0
0
0
0
0
0
0
0
0
119.6164921
0
0
0
0
0
420.7654069
493.1940896
472.3605782
99.86737388
104.2870466
555.4674559
599.0767705
634.8205034
650.8017197
611.8359409
607.6301491
596.4790639
617.0645406
537.6772157
0
0
0
0
0
0
0
0
0
0
0
0
0
0
0
0
0
0
0
0
374.1162179
509.1887033
537.4744642
0
0
0
0
363.2954388
603.2345619
673.3673296
640.5633777
152.6008852
140.3300296
133.3807602
0
0
0
0
95.90823304
146.1670116
0
0
0
0
0
0
0
0
0
0
0
0
0
0
428.4186903
637.2150041
496.8706873
0
0
0
0
0
122.6467684
559.2582169
661.9603827
664.2026571
598.2426659
0
0
0
0
0
0
0
0
0
0
0
0
0
0
0
0
0
0
0
0
471.5606177
633.4780766
623.6222396
133.7432617
0
0
141.9975095
229.0059936
221.8762156
276.4412105
280.5219061
750.8880202
0
0
0
0
0
0
0
0
0
0
0
0
0
0
0
90.71941172
149.9030544
134.6137198
87.60448992
0
0
583.2006744
657.581692
550.5215139
0
0
0
166.1290038
138.0178394
0
0
0
0
0
0
0
0
0
0
0
0
0
0
0
0
0
0
0
112.0870964
0
0
0
0
529.7607643
561.7380123
391.0356418
0
0
0
0
0
0
0
0
0
0
132.8339601
0
0
0
0
0
0
0
0
0
0
0
0
0
0
0
0
0
589.888428
618.5401348
511.6467985
491.5130242
0
0
0
0
0
209.914342
0
0
0
0
0
0
0
0
0
0
0
0
0
0
0
0
0
100.5660144
108.0591905
685.3103412
756.1989617
634.0923206
516.7013994
0
0
0
0
0
0
0
0
0
0
0
0
0
0
0
0
0
0
0
0
0
0
0
0
628.3647107
610.3406631
0
0
0
0
0
0
0
0
0
0
0
0
0
0
0
0
0
0
0
0
0
0
0
458.3693057
0
0
0
0
0
0
0
0
0
0
0
0
0
0
0
0
0
669.0461227
779.571002
698.2702575
0
0
0
0
0
0
0
0
0
0
0
0
0
0
0
0
0
0
0
510.3713803
515.0209977
642.1151123
120.0476002
629.3159834
851.4868516
611.5052689
1096.652998
1263.795645
720.1823838
941.299566
828.2990139
0
0
0
0
0
0
461.2422843
0
0
0
0
0
0
0
0
0
0
0
0
0
0
0
727.3071144
199.1432896
725.2366531
508.4154227
538.3872435
658.6882283
914.6008183
1074.180842
1121.973871
909.9698157
1299.38265
0
0
0
0
0
0
1452.86754
1140.108513
0
0
0
0
257.7211113
410.3168005
369.2987285
0
0
0
0
0
0
0
504.6913423
259.7337756
301.708366
587.787949
98.68006068
907.8271391
820.0352272
967.7639049
973.9559473
1178.44072
1035.403953
0
0
0
0
0
1221.271061
1258.910216
1381.864256
795.2534548
0
0
0
0
0
0
0
0
0
0
0
0
0
0
446.0211175
164.9367044
631.5287631
644.1683016
754.6056542
1179.170003
931.3759409
256.6763792
616.737593
921.5887629
0
0
0
0
0
315.8688611
1610.703636
1195.395067
254.382548
1034.833851
977.3937238
949.9246268
269.009991
276.6678585
1062.094382
0
0
0
0
0
0
0
124.4485586
151.0623936
353.2700686
0
1099.709848
1432.593212
997.4883456
917.8687721
1033.250357
1102.32202
883.7912551
995.1555883
0
0
0
0
0
194.9905811
271.8154088
0
0
0
937.6333206
638.755153
856.462986
1020.87711
921.1873905
677.9515132
0
0
0
110.2876862
0
153.7407202
0
231.0770222
114.1298694
0
625.8689665
626.2714826
692.7347222
1166.47124
1102.663581
1359.632046
1489.760939
1436.499024
0
0
0
0
0
0
0
0
0
750.8600193
746.2598774
0
0
0
178.5346601
162.4032585
0
0
0
0
334.7578518
128.0838814
0
0
0
239.6190857
285.734042
819.9703521
772.8803943
1052.164418
1007.264734
1253.263292
950.5465617
1003.694127
0
0
0
0
0
335.092584
319.9158194
0
950.4283946
0
0
0
0
180.6933411
284.4324605
963.7114527
0
0
0
0
0
144.1911514
112.348659
0
0
0
141.8111931
1163.795384
754.1099821
911.2209252
996.580644
863.3032803
1180.657698
1019.815057
764.9794844
834.182866
0
268.2261342
0
0
429.3201461
119.9259784
481.2039184
597.1963325
1084.054885
782.9216874
293.0344644
109.1392013
162.8968358
190.1028506
0
0
659.9250331
0
0
0
0
0
0
0
632.0119622
514.246567
351.4045764
547.4703054
422.9720758
85.565873
678.9587544
876.1399992
851.790147
860.0057204
1056.312145
898.2928855
2690.852208
1278.449931
0
0
0
963.4260521
1232.951379
144.4894
166.9003857
233.2600776
241.0206292
217.9331115
222.318292
222.6634063
847.5682209
1480.451438
992.1064572
666.218114
0
0
0
0
0
0
0
921.3097935
975.5043861
0
669.776031
494.3281797
517.4507454
672.6670485
697.7272971
757.1762056
898.4811359
1250.991928
996.3709276
996.8815045
0
0
172.8065893
0
0
697.6204111
292.2764196
290.188444
427.8475878
133.3017203
0
676.4834605
640.9442347
614.832155
1297.19149
1314.539436
185.3544941
131.4791447
0
0
0
0
0
0
0
358.4469039
0
0
797.1435673
626.7194223
709.899593
955.9528779
463.4623933
728.3896458
718.1875667
810.8346891
972.0601708
898.5654513
213.1931259
0
0
1086.860367
1051.327089
978.2173841
286.828335
672.8960414
616.2863337
261.3059955
258.7326673
260.22724
305.8008837
0
0
1007.607789
1602.509061
0
0
0
171.1398166
170.1182365
0
0
0
0
0
0
408.7042098
0
0
170.4284705
0
129.5012143
520.4238215
583.0028562
801.3272647
704.0125548
810.3354865
730.609258
722.2578933
899.6426838
0
630.8940373
903.3469368
872.3524269
954.9315108
1048.08586
946.900389
717.4771904
601.1093778
0
0
0
0
851.8604558
1402.503357
540.9141533
872.2903018
673.9103235
138.9220363
0
384.6365102
0
0
0
0
0
0
174.0242568
0
0
586.0879937
460.2308252
129.6026041
107.771775
0
790.179808
910.0151518
661.4776523
870.1588953
121.6325229
1006.771179
847.0703571
804.1361097
789.3152866
851.3923234
842.4019882
90.33564974
509.9835254
660.2013903
727.3499455
659.5203058
618.8414725
613.9362728
0
631.8770497
879.2646522
963.2754797
220.2255044
300.6345593
467.4235085
946.2099847
417.0372806
0
0
0
0
0
769.4391141
0
0
596.270775
155.8859884
109.7912011
500.5556638
0
867.8016488
598.4609449
623.2280673
820.9925583
798.2067626
685.0939049
778.3018284
1137.955549
610.1496652
821.9345179
816.8759814
668.4341965
616.7081885
702.0855656
556.6177846
164.9179807
536.0452243
652.0663132
1037.591823
1131.68458
832.5908807
685.1497917
597.3982546
545.4324916
541.0540533
0
0
0
0
0
0
0
884.5117776
0
0
574.4761686
834.252666
601.5097017
125.1610483
0
822.5771023
775.4532734
675.2301971
823.7741075
695.2065791
718.9314333
627.7302597
750.9943573
1035.648061
721.6713028
624.8728051
592.3664957
145.8529086
135.0988641
125.5071182
79.35496179
185.0955367
269.8981393
171.4029957
517.2545562
641.9203963
572.4839345
850.0737242
798.5121526
1163.778129
1084.650075
0
0
0
0
0
475.1783004
0
0
0
732.5160698
1127.838894
637.5590395
354.2656219
255.9026699
676.6856599
635.5352129
602.1257539
768.5573459
755.0157869
752.6539395
313.834505
134.9691441
168.5479546
249.7016115
264.5161332
251.8998337
364.0113242
324.8759842
267.5695257
187.0353776
141.7057367
657.8584183
684.6179135
679.5508295
567.78743
0
660.6439168
438.9565333
901.0247618
1279.470226
0
0
0
0
0
0
0
0
0
767.6070439
1049.009783
0
297.7194384
933.3972694
654.7299485
638.5174601
690.383997
736.6278722
604.2226149
935.3235429
961.6241191
0
77.07873201
145.8615054
127.6095981
534.0817677
88.58755297
111.8325934
107.9794677
187.2658048
177.6297357
769.721663
837.5796595
1038.575875
686.3297919
124.4408324
806.3620002
822.0517658
117.2178818
0
0
0
0
0
0
0
0
0
0
773.9670231
0
0
255.8990993
795.8593557
893.7410411
644.7179642
687.6252019
628.0409198
663.90283
572.1895684
942.4475264
704.503384
715.9345943
439.2280907
0
0
407.3115577
131.7991411
0
165.6938853
185.8203231
196.4656518
279.9601153
818.0142592
723.2428793
535.9868172
376.5115477
702.1586303
0
0
0
0
0
0
0
0
0
0
0
0
0
0
367.8304427
75.932513
125.5329584
706.8407189
819.7761737
766.104326
868.3110489
0
0
559.4699766
476.0679996
478.3835003
477.28671
640.1223482
631.611064
612.144813
480.4877831
418.8777797
552.8853308
229.937312
175.6055168
564.941054
655.8392757
591.0389717
0
0
0
0
0
0
0
0
0
0
0
0
0
457.831102
615.9928313
185.1737127
113.7458309
511.8282845
733.687065
668.9477635
371.9631037
0
111.6374883
94.63761737
0
0
227.4299071
350.1911904
881.1714108
1010.695229
185.2409372
577.7797096
619.9265683
594.931349
544.1505338
489.5931217
168.6404783
0
0
0
0
0
0
0
0
0
0
0
0
429.1735007
0
532.0930128
493.2978228
567.7753418
748.5079927
693.9833257
589.5649053
610.8880256
514.1882551
0
118.3471989
114.703373
0
0
0
0
610.9112048
1085.834925
1113.495011
1150.501038
116.0610139
527.6126958
631.8066676
635.2653116
0
0
0
0
0
0
0
0
0
0
0
373.9707929
523.3193723
0
0
495.5476269
418.7092574
469.634019
506.3310703
498.4458037
644.0985908
421.3455317
0
104.4955094
101.2758549
0
0
0
0
101.1726952
0
685.3980766
1203.056857
825.2990724
546.6077144
132.5874467
0
0
0
0
0
0
0
0
0
0
0
597.7858721
421.4182093
0
385.427946
642.0501687
0
86.36931683
562.4699964
558.0855783
583.4197216
548.138284
0
0
0
439.7409013
473.8199591
463.2262344
491.1305036
99.33525598
101.5191329
102.2906579
113.6968594
662.6638892
696.2603496
0
0
0
0
0
0
0
0
0
0
0
579.395605
554.6237906
0
615.8105967
514.1857122
0
0
0
0
453.552774
498.4443705
0
0
0
522.5173857
535.3469827
501.390954
0
0
0
0
85.24472417
0
0
0
0
0
0
0
143.7638835
0
0
0
0
0
0
0
0
564.9694794
104.9710477
0
0
0
0
417.5393928
507.2631898
493.9949091
515.8618046
426.5788554
0
677.7599264
788.6628317
770.2652082
637.9353586
557.5213655
603.0640958
135.7995428
0
0
0
0
0
76.59620107
96.40635421
0
0
0
0
202.8952766
271.7657257
271.0006435
310.3182769
334.1275227
282.6386184
263.0759842
257.8696777
245.4469672
219.9750147
237.9897414
243.9372673
243.0439999
124.5433958
0
0
136.9864066
0
211.8245531
0
380.653498
515.0940749
0
0
0
0
0
0
0
0
0
0
0
0
0
0
0
95.21152939
139.8655511
0
0
0
0
0
0
0
389.4698478
513.0117159
382.2873566
0
0
0
0
0
0
0
0
0
0
0
0
0
0
0
0
0
0
0
0
0
0
0
0
0
0
0
0
0
0
494.7080458
456.2386787
0
0
0
0
0
0
0
0
0
0
0
0
0
0
0
0
0
0
0
0
0
0
371.3363308
544.6868639
0
0
0
0
407.2932535
462.6026865
0
0
0
0
0
0
0
0
0
0
0
0
0
0
0
0
0
0
0
0
0
384.1506229
564.5258624
402.5874048
0
0
0
0
0
110.4409631
121.1793255
0
0
0
0
0
0
0
0
0
0
0
0
0
0
0
0
0
0
543.183668
447.2070037
0
0
0
0
0
0
0
0
0
0
0
0
0
0
0
0
0
0
0
0
0
0
0
0
0
0
0
0
0
0
0
0
0
0
0
0
0
0
0
0
0
0
0
0
0
0
0
0
0
0
0
0
0
0
0
0
0
0
0
0
0
0
0
0
0
0
0
0
0
0
0
0
0
0
0
0
0
0
0
0
0
0
0
0
479.5540603
539.173849
832.0061144
829.2067203
715.4451929
913.8537827
1156.61236
807.8476999
723.3945646
797.618319
0
0
0
0
0
0
0
0
0
0
0
0
0
0
0
0
0
0
0
0
0
0
572.6610169
741.672301
545.5409192
134.0624805
84.51720595
922.5560458
880.7947871
727.8298891
944.3865805
915.7308961
0
0
0
0
0
0
0
1027.15686
776.8843975
0
0
0
0
1102.649789
1563.811478
0
0
0
0
0
0
0
0
493.1628012
505.1113581
545.9694826
474.0182075
791.3982034
1064.213
789.8189118
946.5127239
881.0495944
0
0
0
0
0
0
1019.850659
1527.191517
955.6636104
0
0
0
0
0
1376.816955
0
0
0
0
0
0
0
0
0
0
1208.769743
1158.893666
898.1424244
1309.356391
1084.240539
1312.847789
825.0907881
0
0
0
0
0
0
0
901.3610737
1203.770888
825.2937801
0
989.5244296
1109.85528
1259.449552
956.7322846
0
0
0
0
0
137.7476066
0
323.9132471
377.1713818
480.5144571
181.380199
929.5198664
1202.627223
867.5714995
1136.216928
824.7949619
997.5913593
1145.836295
0
0
0
0
413.153547
416.9862278
0
0
0
819.1564944
0
1179.629277
1055.763246
599.9289653
810.7076445
553.1219441
0
0
0
0
162.7619293
175.0236007
242.6960445
288.4938942
267.4007556
0
114.7921807
714.7072949
647.3820888
973.0124657
897.1981782
333.3482538
846.6947418
1080.230875
0
0
272.1269132
404.728021
380.3744659
0
0
676.4985252
808.1102994
649.6777499
0
0
0
0
142.9805562
808.5491899
0
0
0
0
0
0
0
0
0
0
127.703812
715.2997043
741.0023628
887.4470646
1087.439398
811.1326993
703.7969304
792.8131675
0
0
220.0021397
224.0729901
0
0
575.113108
848.0763912
734.9334389
0
0
0
0
0
168.2181113
180.5562064
735.0416762
0
0
0
0
0
804.6992357
0
0
478.033418
357.5574947
731.3772892
768.0936717
1001.182202
838.1103721
823.8262914
997.4780235
949.4263385
1094.505768
0
0
649.9618893
516.3909027
0
907.6270074
852.4531748
149.5128079
159.9983601
974.2893482
0
0
2104.940513
129.9725261
129.4969185
0
0
0
0
0
0
0
694.2983278
805.7738116
461.1113852
618.9759665
638.8025897
691.3013601
635.0593587
473.9284299
643.5388543
841.8052337
612.3847366
681.9186828
1121.565898
0
0
966.0560786
1383.306578
1474.266965
1393.328161
334.833644
351.7170038
175.6676121
127.5756794
594.1327895
569.9804419
0
481.552946
760.9569379
629.0441469
646.0149671
501.3466578
86.50260077
116.5736846
118.1419826
0
0
499.6006714
324.917878
484.0756937
535.3604252
0
582.0225345
959.9310773
1099.367493
1022.438202
965.5826588
854.5586809
856.548962
844.4064518
1202.409198
0
1512.771856
1226.281033
2024.979285
1443.736088
995.5343081
1513.129501
2387.504585
2283.429649
2519.060922
2715.696945
1169.491469
634.4421862
1396.444506
1811.307163
662.9818529
620.8458602
431.4657718
179.488236
0
0
87.40376952
122.41714
182.2966788
110.7872191
0
124.2175715
0
0
127.4886559
123.3351912
934.355572
907.0323406
998.8770551
894.7297326
638.0796788
990.4064033
912.6471562
0
1286.131273
0
2043.109711
2190.960216
2310.778586
2549.217903
2627.058551
2213.195799
1015.259984
936.781766
975.5313429
902.894611
1398.264332
1565.808647
1198.167047
0
0
297.4402318
431.4870056
403.5040158
0
0
0
0
108.1147235
124.4696223
111.3041426
127.2595583
92.90720808
0
523.7092809
667.6509411
615.6726675
988.8088988
776.3730409
765.3054854
1379.139791
1305.571531
900.6312659
1128.082704
0
751.4621643
1865.035479
1016.114915
245.664355
305.3996069
1224.79846
1186.533751
1307.56575
1146.253624
681.3012758
701.7753342
1160.429668
1068.151544
758.9535291
582.9926049
270.5507834
342.0240871
340.3859668
0
0
0
0
0
0
0
0
773.3289025
191.7147824
197.106575
108.5741299
731.3675449
155.7000295
134.827477
762.2675564
1051.311036
705.8991002
667.3900305
867.5387034
654.8315827
652.4697398
681.472791
504.0351494
485.8910742
624.2575979
590.6212226
762.5883825
837.736997
659.5272665
671.9124825
181.8711145
225.0243287
199.2473197
733.3795074
842.6552962
632.9349355
0
975.2233102
1041.57121
1129.74621
1103.450023
588.9082111
0
0
0
0
0
0
578.3952099
116.6012514
107.2975346
140.9117232
115.1831181
604.5021982
405.2262317
0
552.6692053
607.4221707
914.4070682
654.7630366
893.4624039
954.7919258
845.2133079
811.2229808
127.3932894
136.7363368
155.2951723
459.4883494
751.3711014
541.4086242
694.5111802
744.5797778
798.3068561
796.5076813
491.2037549
81.89302485
109.4821731
0
0
0
0
102.506825
134.0040713
0
0
0
0
0
0
0
77.39673504
0
91.0062196
663.8769986
480.6815798
220.9066746
704.7636718
548.487666
849.7290039
823.4058175
819.2519354
695.5800864
563.6496055
745.446978
692.0392162
629.8361501
601.929588
121.4659937
0
0
0
518.9302353
535.3697006
686.3863708
819.9804467
994.3774116
1038.913946
1109.157712
1024.340288
1085.831741
210.1217685
0
0
0
0
0
0
0
0
0
0
0
0
0
646.297857
1003.621552
664.6264039
554.5637145
563.6043427
745.2521754
800.6190735
769.2624315
943.8230186
117.7717179
633.8582863
122.8993358
126.5669885
100.0818818
136.8842798
100.2737547
195.6787562
0
0
485.7174401
521.2933699
146.3110537
738.3904622
828.6885761
646.9663879
830.3014275
809.9881745
562.9594718
548.2776376
0
0
0
0
0
0
578.0568512
687.5623343
668.3939011
649.5452668
565.2198563
0
0
425.2956544
0
580.9518067
597.5128693
602.6095379
150.7154626
896.8972496
1087.937073
1069.707678
0
0
0
198.5921391
276.3973458
282.9683884
238.7607018
181.1303639
101.6715235
0
0
160.3452253
650.497656
690.8745513
676.3030131
662.954454
492.5966332
0
0
0
0
0
0
0
0
0
0
1078.687049
0
0
0
786.5412863
533.8217852
728.3837248
859.8585407
537.2902243
138.6052589
133.0665859
155.2417285
1069.042151
870.2910334
989.1024648
880.7682517
650.9648674
736.6950619
710.9022973
618.2863196
110.7807433
0
0
465.644462
929.2194058
731.7530115
699.4063675
580.3761008
733.1481522
0
0
0
0
0
0
0
0
0
0
0
89.4900627
492.847272
446.9547054
544.5171121
475.376406
627.2189858
995.7095534
962.7339725
619.8216888
0
455.1915308
0
159.2036994
990.7463598
1186.456279
1254.150007
1158.917974
900.1493689
854.3349557
529.8001424
0
0
0
380.8459945
129.8725511
432.497356
557.3946753
0
0
0
0
0
0
0
0
0
0
0
0
638.363036
676.7226083
213.8664593
479.8446281
524.8649093
693.9343909
780.3303571
913.9552828
782.4299727
745.5586047
271.7488512
0
0
0
88.53496765
724.217776
1100.15302
1171.152187
747.5924434
478.8123252
476.4830191
481.8534571
169.0992647
174.0858107
441.9095062
0
0
0
0
0
0
0
0
0
0
139.8474535
0
0
588.2067905
536.4559158
522.6878495
494.738547
422.9098384
469.218302
759.5730461
766.6615742
856.9620301
972.7789284
890.687592
94.04163149
591.9249247
125.1364721
151.4554144
140.6283748
121.4894028
237.7849741
368.4853577
347.2912905
796.5989682
866.0089972
611.3615043
621.7191647
665.8244474
0
0
0
0
0
0
0
0
114.5288533
163.4119359
140.5214979
431.3986323
0
0
433.5071714
535.915482
487.5381914
715.3775274
758.3658805
578.0361257
0
594.6698626
1014.936935
910.116022
632.2183683
456.6796923
0
114.5303123
114.6891566
85.77456664
126.2565541
0
565.4585563
757.5715392
0
518.5485957
0
0
0
0
0
0
0
0
0
0
111.9040124
149.9007815
89.75396032
0
0
0
0
0
592.5893762
139.0898008
0
643.0767447
118.1168099
732.1158081
693.7183241
610.4554995
616.0947525
0
0
0
0
0
0
106.7935092
145.3710926
130.8660719
0
0
0
0
0
0
0
0
0
0
0
145.7780595
122.1593985
0
0
0
0
867.0785747
973.0484065
981.3896355
784.9062981
849.911573
725.8135115
729.8809596
717.4246799
859.2621261
909.8424158
881.0352163
1015.679293
758.1363522
120.1871037
122.0546955
132.7567205
134.4780309
143.9968594
0
0
0
0
0
0
0
0
0
0
0
123.9131565
168.4949806
640.2715006
130.0414298
0
0
0
0
378.5017945
0
0
0
0
497.8156223
422.7836107
0
163.6246862
297.951789
265.9273355
257.9862455
232.9007499
162.4608961
0
0
0
0
0
0
0
146.2513894
0
0
0
0
0
632.324738
778.6589592
0
0
524.756377
423.7211423
0
0
0
0
0
0
469.7456102
468.455344
0
0
0
0
0
0
0
0
0
0
0
0
0
0
0
0
0
0
0
794.8469941
646.8358893
0
0
462.2003095
388.0980851
95.68266776
120.6374264
116.9184326
112.452673
109.6315149
116.8395819
488.9697059
118.3588568
124.2641045
134.6593678
127.6136364
122.8630516
121.9753027
111.3861184
0
0
0
0
0
0
0
0
0
0
0
0
726.1205243
503.7608586
0
0
570.2350171
0
0
0
0
0
0
0
0
0
0
110.2196303
110.741496
103.7121058
92.82319652
0
0
0
0
0
0
0
0
0
0
0
0
0
0
0
378.0160015
556.2349905
521.5824561
0
0
0
0
0
0
0
0
0
0
0
113.8911694
0
0
0
0
0
0
0
0
0
0
0
0
0
0
0
0
518.2998087
529.4529611
0
0
0
0
0
0
0
0
119.4276553
120.4464045
0
0
0
0
0
0
0
0
0
0
0
0
0
0
0
0
0
0
0
0
429.8461354
0
0
0
0
0
77.05634597
0
0
0
0
0
0
0
0
0
0
0
0
0
0
0
0
0
0
508.2265567
540.1110843
0
0
0
0
0
0
0
0
0
0
0
0
0
0
0
0
0
0
0
0
0
0
0
520.0427227
486.3541126
491.3671363
482.4693717
0
0
0
0
0
0
0
0
0
0
0
0
0
0
0
113.1984028
127.8931623
0
0
0
0
0
0
0
0
0
0
0
0
0
0
0
0
0
0
0
0
0
879.4687083
1390.083589
708.1903778
834.3228853
1119.076585
1131.690334
1053.117285
949.7208518
0
0
0
0
0
0
0
0
0
0
689.5566293
1156.936849
0
0
0
0
0
0
0
0
0
0
253.1657722
951.7998119
1308.038868
617.5305508
851.3546326
1058.882906
891.2257811
979.076503
0
0
0
0
0
0
0
0
1143.310369
0
0
0
913.1480801
1325.07065
681.3870277
0
0
0
0
0
0
0
0
750.4266794
657.6908031
1058.70896
856.4114067
694.7782144
1044.162933
1546.109113
926.0257827
0
0
0
0
0
0
0
0
0
0
0
0
816.0224659
754.0754814
0
0
0
0
0
0
0
0
344.9729775
378.9644943
581.6304635
1051.726118
992.2416447
1124.911927
1125.135543
586.3633955
788.8732532
0
0
0
0
0
0
0
0
0
1276.445762
1262.029754
742.5714465
1130.494215
185.9372387
707.6839403
0
0
0
0
0
140.0283157
0
175.9229173
543.9916862
640.1309471
666.8942604
1021.641518
868.1542789
1177.030139
1047.36493
974.5691559
908.6516099
0
0
0
0
0
0
0
0
0
0
0
0
986.5091188
959.5027989
893.7012765
0
0
0
0
0
0
116.2778653
169.1322032
170.0586765
190.1400968
663.6151459
492.6344891
746.8863925
872.8153245
187.8230358
1360.723792
1043.397844
0
0
0
0
0
0
0
0
0
0
0
0
0
0
74.54822608
1175.866964
0
0
146.850699
0
0
0
0
0
525.4375475
723.2769298
0
1057.86313
610.6907564
572.6334899
764.0762533
1187.933894
758.5511323
0
0
207.1374037
190.626556
0
0
0
0
589.5671077
746.3577224
0
0
0
0
0
0
0
0
143.512009
107.9201927
0
0
0
1141.222322
589.3091071
587.3599794
138.497746
95.92567347
1250.569335
554.269952
703.5036144
771.9926556
885.8680693
789.5311336
864.8655011
0
0
0
0
0
0
161.2375231
149.9653417
1309.47043
199.2957242
0
0
0
1752.093448
229.8781962
240.3031558
828.0721985
140.299968
0
0
0
0
595.6041391
104.1566966
200.7073333
146.7611084
777.1915176
1228.114121
998.6612699
576.4974288
768.3602138
959.438082
1090.405654
1062.002326
0
0
0
727.1818868
625.9987611
0
0
0
799.0373116
443.9891731
264.5886556
772.1400917
0
0
1278.025729
1274.295862
710.3901018
891.1634867
98.46293766
0
0
0
0
0
678.7561989
151.5216407
472.441404
128.8057324
117.1314466
734.458466
621.8829865
814.1877839
998.3808503
809.7028863
819.8499978
1082.616335
0
0
0
248.7447207
462.3013864
0
0
0
0
228.569987
244.929666
822.8948913
841.3710999
809.432749
674.3823916
553.7712096
0
0
719.2837161
635.7904148
0
0
0
0
0
0
771.4485903
1183.0832
928.9297375
923.7767489
117.9702585
153.8577857
124.3814024
988.7037646
746.5067277
663.9273941
655.8485659
611.8415792
798.4034659
0
0
0
872.3702381
725.7596462
723.5155633
200.2465373
171.0661423
196.691311
131.7970372
856.642917
812.1436582
179.7373913
162.9146583
195.3800971
175.4077338
115.5291566
0
0
0
0
0
0
0
0
0
0
296.1170761
760.4153741
809.9418178
820.090132
914.2098287
834.9913317
791.1032745
986.029049
1046.66291
717.6338408
1371.418918
1097.432004
653.3189024
0
1290.139293
1444.064776
900.2677363
612.7151729
0
0
188.1387845
344.0550812
227.2972341
746.8775994
1633.953629
1676.031897
1426.57703
1203.057798
135.4104298
135.1561228
156.3858365
184.3202958
206.7238162
190.2915927
824.809985
0
0
0
0
0
0
155.8269572
597.078883
0
93.49227759
98.85191377
167.1707015
830.5958773
732.4168902
820.9515299
1240.275629
809.0414203
923.3802054
722.1522202
470.8312309
821.6898524
958.6060734
1035.052015
590.0859846
766.051672
655.8183432
723.3569688
746.1910044
751.0961917
754.3370409
521.0525915
600.8875327
0
0
0
0
0
0
142.2920542
150.4070289
0
0
0
0
0
0
0
103.129732
0
0
0
692.7148827
0
661.1935933
733.327425
679.9479078
840.5352215
904.2742699
1169.190814
786.7107474
169.9540612
773.3108059
607.1391272
667.0606902
660.6610864
378.235386
0
570.0393471
558.8684143
708.4388015
784.2731454
547.3292171
758.0401828
692.3544353
624.8748856
650.4434177
804.7702419
836.6207349
789.494091
150.2026923
123.6282186
0
0
0
492.2302893
0
0
0
0
0
0
79.17738224
0
525.1556348
686.4575401
707.8297543
535.1320565
652.0412171
694.0828411
902.7584414
744.2470866
613.2629727
631.9386913
629.7598571
0
513.7579173
515.7344828
489.1752832
0
497.1182885
716.6130626
1099.698245
1001.250733
1088.548934
913.3028405
798.2231156
769.4727426
704.2583517
710.2726585
0
0
601.8506162
0
0
603.9130104
655.2233134
638.130397
638.7356362
644.179706
446.3990728
0
0
0
0
459.3841455
710.7733407
629.7891266
683.3029253
599.7307432
785.1074586
1020.422378
1050.680609
452.2109435
516.9270535
684.9430487
785.2572055
586.3557528
516.4528666
657.4709487
1020.701237
1050.351574
472.8066848
99.27208453
163.2275111
706.4692521
672.6406012
79.25631761
430.0099526
497.6920557
740.9732716
0
0
0
0
0
0
0
0
0
498.8805551
0
0
0
0
0
582.969476
572.6241591
689.7384535
686.4939594
399.414829
556.4181987
756.9192194
1074.072028
713.2466937
578.9682941
609.2077825
636.7124972
612.5103555
555.5086836
510.2469061
734.620238
751.6041629
627.9886695
703.9869196
727.2668002
785.5837758
753.8243905
695.4279973
588.9231416
455.7591702
800.7771126
578.7513197
0
0
0
0
0
0
0
0
0
0
706.0017088
493.3452262
657.4212141
477.1270313
518.9397409
793.0811507
563.4018766
149.3513879
117.0988693
0
540.2086984
651.1863574
628.9597768
511.9712597
0
0
110.8007776
572.1387853
521.7579043
751.6130111
758.2570833
763.5966692
782.5521084
710.2502975
642.7751632
633.0648726
0
0
0
0
0
0
0
0
0
0
0
0
0
945.073004
810.4474771
100.2757471
707.0529754
484.9581881
679.5966635
518.842475
450.6426564
0
517.3397851
176.0768424
367.6636432
636.1390747
687.5750699
554.2304118
0
0
504.0187714
534.413319
526.4635359
721.477944
695.9209395
696.8909347
706.0548719
650.7344702
885.1916911
834.5398219
0
0
0
0
0
0
0
0
0
0
0
0
622.6001365
0
181.657211
240.2583627
149.7160668
121.7485574
0
166.8646585
655.9063997
625.2479708
722.412447
578.6044595
865.7881053
1086.473158
741.6305316
739.0256246
685.4335542
496.1833765
615.6180291
800.2455516
722.1378438
591.1619218
441.987817
487.8546594
487.1525436
827.6810896
850.4551602
494.0655713
0
0
0
0
0
0
0
0
0
484.0818564
124.5680744
0
185.294383
0
770.5107151
612.4830594
125.0195182
673.9547962
473.303431
0
468.0076365
469.0361072
397.8877894
565.8928127
410.7208172
116.1379206
221.9420553
236.4696812
662.8846207
823.546843
819.3351645
766.6028382
659.8479318
205.4071908
108.0774346
854.1315594
898.6442367
0
0
0
0
0
0
0
0
0
0
124.6678502
0
171.9352504
0
0
641.3284906
0
0
531.6932068
820.413547
711.9291454
813.8363556
806.9457307
730.7752539
768.3654408
559.1562693
627.538469
655.7668739
494.3265519
130.1925335
148.1650642
709.698138
757.4784696
708.6825343
705.9617941
924.9094625
346.9460981
0
0
0
0
0
0
0
0
0
140.6580891
0
165.6156243
0
983.3704277
940.0118379
975.0689896
952.1390066
754.5277684
762.2960025
902.5327977
445.5296339
0
0
0
738.9698212
788.1257338
628.5154559
594.0008978
601.150643
608.2653936
500.535177
0
454.3434985
529.4794539
502.5626341
727.6812728
0
0
0
0
0
0
0
0
110.2976866
139.3143916
118.4389386
0
0
517.8259199
0
0
989.2534603
713.2034811
693.7169592
1024.988153
755.2462759
0
0
425.7812065
542.8720256
696.8354217
812.6206801
802.2151588
646.3072166
723.7796663
869.9495211
882.2079552
517.1800639
509.0714055
271.4156387
0
0
0
0
0
0
0
0
0
93.69235562
0
0
499.7377908
370.8393677
0
149.8996797
662.1668134
483.6837173
123.6351363
598.0410592
420.4307536
0
0
0
558.2031117
374.3744775
0
687.2164464
781.9035488
781.8157649
627.6217615
579.5263839
646.6822327
550.1105796
0
0
0
0
0
0
139.8553806
111.0435926
0
0
0
0
512.7994796
0
0
123.5500411
500.9986035
0
143.1251967
534.8844221
0
0
0
0
535.688208
430.8887499
0
0
0
538.2491158
0
0
0
0
0
0
0
0
0
113.3955839
0
0
0
0
522.0160541
0
0
0
94.44062114
616.89893
105.7280497
106.0721065
0
0
0
0
0
0
0
0
0
0
0
0
0
0
0
0
0
0
0
0
0
0
0
374.8164039
485.3037535
0
760.5254353
0
0
0
0
0
0
0
0
0
0
0
0
0
0
0
0
0
0
0
0
0
0
0
0
0
0
0
420.0523096
0
491.145397
752.2961894
0
0
0
0
0
0
0
0
0
0
0
0
103.283966
104.9763366
499.8910079
519.6442198
0
0
0
0
0
0
0
0
0
0
0
0
0
0
0
0
0
0
0
526.8647588
527.3149161
545.8947095
478.9713726
0
0
0
89.10451125
80.15664894
0
0
0
0
0
0
0
0
0
0
0
0
0
0
0
0
0
0
0
0
0
0
0
0
0
0
0
0
0
0
0
0
0
0
0
0
0
0
0
0
0
0
0
0
0
0
0
0
0
0
0
0
0
0
0
0
0
0
181.9951626
0
0
0
0
0
0
0
0
0
0
0
0
0
0
0
0
0
0
0
0
220.4530625
187.195666
0
0
0
0
0
0
0
0
0
0
0
0
0
0
0
0
0
0
0
0
0
0
0
0
0
0
0
0
0
0
0
0
0
0
0
0
0
0
0
89.8542878
847.564591
1015.126465
836.0105168
1079.272675
648.4720745
958.9102424
0
0
0
0
0
0
0
0
0
0
0
0
0
0
0
0
0
0
0
0
0
0
145.3257032
86.50580105
1011.163961
880.4842913
926.527911
1390.654287
902.9301052
0
0
0
0
0
0
0
0
0
0
0
0
0
0
0
0
0
0
0
0
0
456.6247447
883.9537301
441.3039238
657.4484477
721.2531557
730.6135455
855.9059743
868.6476871
0
0
0
0
0
0
0
0
0
0
0
0
0
0
0
0
0
0
0
0
0
0
0
944.780863
836.0687838
886.2840275
1535.293535
1276.629604
1114.890711
929.8605035
1048.694958
0
0
0
0
0
0
0
0
0
0
1316.832662
1322.598867
747.1342628
0
0
0
0
0
0
0
0
0
0
153.4331886
747.3762342
785.0949019
1056.45191
1051.20356
776.0830816
1201.711664
1026.332305
0
0
0
0
0
0
0
0
1055.733791
1298.82297
0
0
0
0
0
0
0
0
100.5874592
0
0
0
517.8077103
84.04800713
705.1286557
1782.601573
758.0397584
816.4609439
625.8022066
856.3547742
1130.801701
0
0
0
0
0
0
0
0
522.9905887
1195.49455
0
0
0
347.8794193
334.9652229
0
0
264.3089444
125.4647476
102.6567926
0
0
0
0
0
366.7167439
975.8047629
1194.899112
1010.918594
1176.677988
1085.902099
1036.558357
0
0
0
0
0
0
0
0
0
1307.179884
0
0
0
0
825.5256351
696.7795692
0
0
0
0
0
0
0
0
110.5559043
110.9735582
124.5141835
638.9534513
206.5871924
219.1878585
857.3188554
620.3147169
989.294566
872.8662394
0
0
0
0
0
300.2298073
149.8859323
0
0
236.2274128
240.7772272
0
0
621.7690341
734.3705702
0
0
0
0
0
0
0
0
538.1545749
727.679473
0
89.195937
483.8821651
1048.057348
712.1723289
795.7811576
944.9929579
1380.284222
852.9536666
0
0
0
818.0746717
637.2406891
0
136.4908339
156.3487496
0
0
0
181.9517478
0
0
0
0
2117.718012
1961.172139
548.9374382
0
0
0
0
0
0
923.850195
419.6738927
0
631.6492527
735.2024231
842.766308
651.5760696
776.1478476
1248.609409
776.9958596
1095.690376
0
0
0
0
0
646.3504126
840.9095787
0
0
886.5216228
699.5792393
736.0212961
220.3768542
762.7637806
854.9874837
706.6008504
0
0
0
0
0
0
0
0
0
0
0
515.3843358
422.5600119
579.8226055
563.7320555
662.8735937
741.177935
1118.500523
857.4679764
917.5337101
1079.679602
859.9284447
0
0
0
190.0619532
0
560.6393786
0
187.4443444
941.9156355
1005.449479
822.1368647
811.4698251
828.1695168
730.80577
646.7709674
0
0
0
0
0
0
0
0
0
0
0
187.0684565
153.7052236
500.5226171
493.8271866
144.0878785
637.3955701
705.7031376
719.7456937
1082.925173
1668.64406
866.8282354
648.1461775
0
0
0
167.1804328
897.6072591
1011.498004
983.5831153
770.3735354
545.5970212
0
109.7425947
798.4956139
923.1924246
848.0387679
671.619878
1005.477947
1042.8966
761.4686425
600.9357387
682.7087769
0
612.8824379
201.4852158
0
0
0
0
0
0
167.5930738
0
458.6388516
671.710428
602.4897232
741.0822122
471.1966539
680.7275215
724.491868
718.5242211
218.1380209
0
88.33410701
1182.082655
867.0854709
793.661032
650.2537809
523.1391023
692.7640801
652.696227
587.4682991
638.8049943
696.6959362
751.66952
735.3334666
593.319379
578.184299
814.882405
130.4852254
0
0
504.6411173
0
247.6378554
264.7806344
0
0
0
0
0
84.82303709
172.6397842
0
0
0
591.8998084
838.2802652
607.9088964
603.2241099
647.0008886
602.1224776
713.3240651
693.0536317
794.5807862
126.4800885
553.5451754
771.4583654
578.7701066
135.6374422
489.8111683
568.1805794
700.9602068
763.6213634
732.715641
509.5321607
541.7863203
683.8510056
717.5293113
739.7195468
627.7578561
445.8532638
0
556.3783536
0
0
0
0
0
648.6359358
542.0398667
0
0
0
0
0
0
0
477.0344521
533.6451579
922.3665175
787.5805821
678.1783992
464.1718155
704.5999529
711.9038125
179.236515
157.7729785
76.72203467
673.1786998
529.166646
996.1509118
604.7451423
622.9663658
509.1994846
537.2457893
663.3665154
501.8447992
888.5011125
873.6230855
824.1852401
685.9858202
399.6433578
0
703.5360928
835.9943481
718.961273
706.9632914
0
0
0
0
0
0
0
0
0
0
0
94.09156809
688.4255188
613.6300693
672.4563368
575.8614719
558.3027669
639.9695814
149.3123047
141.0544866
728.8059736
654.3044318
622.9656212
772.485732
1164.907341
1047.077907
968.9102645
0
0
134.6192212
188.5510053
0
0
0
0
0
528.2068784
442.9279861
721.7796204
698.2690028
0
0
0
0
0
0
0
0
0
0
0
0
632.863735
698.6755679
622.0177668
761.5196924
192.7690338
706.5867127
575.7967462
0
393.1579786
541.4089188
596.6461047
651.0561307
754.568317
732.609399
667.6216777
594.188649
110.2625357
116.4025786
251.3528382
235.0519184
0
0
151.6781442
680.8276068
754.9480057
784.8906775
712.7845088
641.4487613
0
0
0
0
0
0
0
0
0
0
0
696.4939672
686.7934462
615.8061146
751.4681357
504.3663722
533.7724525
610.6322881
149.769924
612.0926909
630.688632
644.392025
743.5663523
683.8739456
687.8070607
761.7034393
682.1754454
756.2764064
762.765555
633.7874483
635.7686106
631.5661164
733.2429321
801.2213948
793.9801305
697.4877253
709.7315603
596.5301795
855.3712643
0
0
0
0
0
0
0
0
0
0
0
1012.262671
228.8031971
554.5074725
581.9039441
758.2850702
219.7142878
179.4058895
173.7097316
121.1332927
122.3243182
564.6681241
698.4686477
493.1464501
551.2246368
374.4529009
0
364.3180778
509.6397422
509.5926667
576.2320715
792.7889987
612.7442471
502.870579
620.3409155
526.0403022
697.8896665
738.2721328
707.1713461
0
0
0
0
0
0
616.999292
0
0
0
650.3816588
119.3931717
421.1809417
610.3702911
734.1498895
657.2541267
659.2541434
231.7826778
97.05477761
0
0
0
0
174.8464574
726.6858604
460.3017108
416.7563246
0
0
0
0
651.1419516
728.1861346
660.1802234
716.0381132
717.5724782
1013.593573
703.0126537
0
0
0
0
0
0
0
0
0
0
486.9815577
91.96731094
496.8569978
619.5521384
722.2979703
641.884486
116.8621781
107.6881955
0
0
0
0
0
430.0579414
869.0283263
723.4002973
471.5774418
507.1033957
368.2153425
0
93.50189262
117.624169
502.5090114
76.29999636
0
0
691.8866858
915.5369998
0
0
0
0
0
0
0
0
0
928.1848293
974.5604386
895.562787
497.3313083
0
613.5734056
73.50109219
615.9649348
512.6825525
497.6824991
527.579922
382.751128
0
0
478.6448655
631.6959042
720.8901184
748.5807658
780.1441634
803.4160266
538.21961
630.1447805
511.5406074
572.2968281
713.6282634
824.9883582
836.0102308
715.6597553
0
0
0
0
0
0
0
0
0
597.9603973
619.1277124
1067.767567
995.7470934
720.7296065
529.8319629
514.3618892
639.6135695
597.5671633
0
437.485291
0
0
0
0
0
0
0
0
0
468.2088999
606.813295
583.8637197
495.8827715
616.0014312
606.3053723
662.915907
0
0
0
0
0
0
0
0
0
0
534.7795736
663.9749713
0
0
116.3098209
128.1102744
552.4752684
384.2968521
0
0
0
0
0
0
0
0
0
0
0
103.1848671
94.24109376
87.94567826
0
476.4199249
634.649712
0
0
0
0
0
0
0
0
0
0
0
701.0512222
0
0
0
84.45994919
0
550.4882672
576.5406099
0
0
0
0
0
0
0
0
0
0
0
115.8792437
122.1187047
115.0221602
137.295507
550.5949818
0
0
0
0
0
0
0
0
0
0
668.432304
0
0
0
0
0
0
747.1500383
615.4745978
122.3057646
364.067797
0
0
0
0
0
357.5154582
0
0
545.9559154
495.7492568
576.1656276
600.8965385
619.1162514
0
0
0
0
0
0
0
142.4945125
0
100.8175504
0
0
0
0
0
0
0
571.1554712
0
517.1313615
486.7468768
0
0
0
0
520.2737346
491.0101239
0
485.3917579
535.1739512
410.8103704
0
0
0
0
0
0
0
0
0
0
0
0
0
0
0
0
0
0
0
0
102.5223271
0
0
0
0
0
0
536.1052032
575.8367164
495.443888
453.9376444
0
0
0
0
0
0
0
0
0
0
0
0
0
0
0
0
509.1557861
687.8151707
0
0
0
0
0
0
0
0
0
0
475.3789147
502.8672363
573.4092707
497.3720767
0
0
0
0
0
0
0
162.6108409
0
0
0
0
0
0
724.3389338
732.4678378
0
0
0
0
0
0
373.1679528
559.5759376
589.197882
606.9876133
510.364458
423.6893791
354.8001693
478.1979754
0
0
0
0
0
113.5570044
253.4383908
0
0
0
0
0
0
0
0
0
0
0
0
0
0
0
0
0
498.0802058
0
0
0
0
0
0
0
148.2269727
176.8727492
0
0
0
0
0
0
0
0
0
0
0
0
0
0
0
0
0
0
0
0
0
0
0
187.5388037
0
0
0
0
0
0
0
0
0
0
0
0
0
0
0
0
0
0
0
0
0
0
0
0
0
0
0
0
0
0
0
0
0
0
0
0
0
0
0
0
0
0
0
0
0
0
0
0
0
0
0
0
0
0
0
0
0
0
0
0
0
0
551.6533509
0
0
128.0462127
165.3323743
803.5698544
873.201385
1053.265259
849.584674
785.5543044
0
0
0
0
0
0
0
0
0
0
368.2725353
221.0135241
0
0
0
0
0
0
0
0
498.5802754
381.9419563
517.1022449
0
416.8718136
1444.688752
775.3504919
979.5579882
991.2021954
1240.316136
0
0
0
0
0
0
0
0
0
0
0
204.5561894
728.4464112
1330.389351
0
0
0
0
0
0
0
0
438.1748489
794.4481437
857.4164707
600.9285882
676.5725081
336.7285885
590.8766781
1021.948522
0
0
0
0
0
0
0
0
0
0
0
130.7418714
397.6543581
106.206653
0
0
0
0
0
0
0
812.9932724
785.7368327
148.9445157
844.0348094
860.5452543
1372.407013
904.5090064
818.7763012
1007.344567
0
0
0
0
0
0
0
0
0
0
0
1001.055266
1046.908817
842.6415987
287.0697968
0
0
0
0
0
0
0
555.9815871
102.9447539
677.7938189
600.620157
1020.885513
1231.866961
659.3815281
1119.375355
0
0
0
0
0
123.4815615
234.7608074
352.8748145
0
759.5048734
0
0
0
0
0
0
0
131.9525467
287.2829709
154.0141275
0
0
0
117.9029788
0
1016.987101
903.8775018
834.0296424
941.1711085
876.4850595
0
0
0
0
0
0
293.5030992
0
0
0
788.0144916
636.8521166
341.4028654
0
0
0
0
0
246.2190552
0
0
0
0
0
122.8159586
82.74795758
776.9020064
933.4371274
844.2913321
826.2714448
1089.959887
0
0
0
0
0
0
0
0
0
0
0
0
0
0
0
814.1852868
936.5246992
0
0
0
0
0
0
1141.920994
203.732527
148.9407726
0
645.8379519
1079.661193
795.1801967
862.0735315
931.8232483
1144.832492
0
0
0
0
254.9347103
0
682.2466602
0
0
0
169.8815662
164.4851461
203.5942581
0
0
0
0
0
0
0
0
0
0
0
870.8145342
0
0
0
785.8230285
1444.383925
1015.544122
917.4758847
690.0957943
818.5769667
0
0
567.5119595
1024.055895
494.4816864
104.8061173
267.3943851
0
0
103.8235211
129.3665995
0
0
0
0
735.7093381
695.510416
1427.191707
1642.594026
0
0
0
0
0
0
0
0
0
1080.341546
1011.998946
674.3413248
951.7431344
782.9171523
943.2363855
1007.608807
0
0
137.9811746
184.3863374
226.6027202
308.519887
913.3703819
1150.488394
1366.209082
1028.65418
271.9754391
0
0
0
580.1907217
808.8163322
704.3654995
0
0
1620.618841
0
0
0
0
0
0
0
0
84.11008051
608.0265305
870.0242735
643.5482551
795.2718108
1038.530357
446.0564626
1062.979029
0
239.8664815
596.6529715
414.2424161
957.0818151
978.8721626
989.7588548
816.4965073
932.3231289
787.7923665
534.7831788
955.6058925
594.3984041
0
0
774.7712916
734.7179032
0
149.2061307
0
148.5080423
0
0
0
0
0
0
0
0
0
686.3877192
0
948.9190788
148.4496435
801.1493416
627.4444575
674.9494746
898.7793087
203.8389327
301.5142065
955.2627518
0
0
0
0
0
0
0
555.7079684
805.9379561
602.8339337
154.9135013
262.4636444
358.5504155
328.5511621
306.7826809
882.0909513
874.8026255
492.0046224
0
137.644205
170.46332
0
0
0
0
0
0
0
0
182.3497894
0
0
883.7880197
167.4561937
650.9347824
708.3591689
791.3129273
600.2388024
1094.838931
714.8990606
1016.036245
895.6138939
1112.686943
1210.380526
581.9551017
443.5836488
651.6078511
637.188259
396.9413464
472.2693719
0
564.3670077
774.880831
732.1473042
279.8815894
266.48297
135.2631646
402.012506
0
665.0002965
697.9108786
614.0271015
553.2825392
539.3611109
0
0
689.1634665
0
0
0
0
0
0
533.254469
0
912.1150366
795.6790529
843.8551871
882.4390308
841.3549626
552.1532739
823.2373326
836.9431563
781.172068
699.5868692
640.5703639
617.1786219
201.3824799
195.7198875
656.6744504
153.9985717
0
142.1711841
497.7895341
794.6436354
0
453.7181756
679.5285512
0
550.7047951
563.7501618
664.9614591
753.399752
704.1745746
760.9735627
0
0
0
0
0
0
0
0
0
0
0
934.8582537
680.8144425
763.100464
724.8098839
715.8658771
654.3070091
656.1465987
798.3136623
773.0062361
668.0110767
89.64544444
125.0732609
531.089637
121.7649376
115.2806341
120.2916861
653.9671925
641.2924766
688.7510399
769.43186
686.468348
155.5087018
673.4399152
905.5275237
872.2966916
871.3117862
594.7455261
449.3271475
599.2215952
740.1369681
0
0
0
0
0
0
0
0
0
0
210.0444964
898.7810122
768.1746809
926.4233004
681.305125
102.5003781
562.1994747
637.4321241
686.7870303
560.2657819
674.6064928
561.1787349
0
0
131.4174266
208.7659217
101.6069513
121.4826086
0
0
0
504.0114972
512.7031338
530.6514289
0
0
377.2229772
549.9972824
550.9293944
540.5441888
0
0
0
0
0
0
0
0
0
0
0
686.0411025
929.9615773
606.1228437
636.4312124
136.9963806
0
593.3370397
607.0730432
633.4909508
501.045154
804.9388459
709.0289939
505.218034
0
627.4430248
218.6495042
467.67172
522.243584
585.4847168
599.5399532
646.4321124
770.0608301
808.9117901
625.5628676
604.5432741
503.3638969
500.4718259
835.5112768
886.1067312
0
0
0
0
0
0
0
0
0
0
380.6268629
716.6019938
405.2608813
757.7880034
162.9474783
0
437.2351932
563.0877589
638.9818224
560.3993696
579.9174366
652.7280737
692.2439438
683.2226183
609.8673682
678.6550701
652.5148001
643.6286505
521.4491387
417.3533853
517.0029842
521.0409366
571.7662616
545.3235438
631.4596979
669.5203918
828.6786842
986.6258167
900.0555504
0
0
0
0
0
0
0
0
0
0
0
393.3478967
655.6113859
688.0808284
0
0
0
595.0094947
552.1936208
521.0076568
566.7871342
584.7374959
557.8867782
699.5242927
706.6714594
124.2731712
0
470.5819918
457.5308997
451.9017196
474.5817586
469.6256735
505.4434578
449.8351749
470.7892593
661.4730388
0
0
428.6916297
0
0
0
0
0
0
642.3516123
0
0
0
1137.969954
559.0389605
719.0516274
831.742579
228.0100149
208.7665396
0
630.7763773
660.8062225
519.1964428
0
0
531.084311
413.2875625
134.0792612
414.4939914
511.7759075
467.5204956
378.0547417
0
0
0
0
0
418.1350501
602.7069537
0
403.9191351
0
0
0
0
0
0
805.1590983
1001.656982
0
0
0
549.5403313
497.6269845
0
0
248.1536875
224.9328971
755.500949
519.2435798
0
105.4602126
101.1495533
0
0
0
353.6864693
317.5403218
541.6079394
653.1732206
703.4817191
678.5086103
556.1289474
513.3461308
0
0
0
0
456.5068882
0
0
0
0
0
0
854.276418
1081.714042
1026.273734
646.5837764
0
0
0
0
0
0
183.4394536
614.4434582
396.5431268
0
0
116.7815953
90.97404731
0
0
248.1798124
116.2968485
94.66852583
149.1017508
255.8211306
333.0827669
312.9538473
300.3028384
241.6983477
165.6336891
0
653.224168
0
0
0
0
0
0
0
0
0
552.3868454
552.7311759
0
0
0
0
0
0
406.2664335
656.9090156
663.9359963
662.0259568
518.8677037
145.8114509
147.2569754
174.338961
149.7558352
143.8136498
146.764075
145.905714
160.1370573
163.4102103
0
0
501.4753005
491.5506684
476.502675
0
0
0
0
0
0
0
0
0
0
624.4623194
0
115.1472818
0
0
0
0
0
0
0
0
0
0
0
0
149.3826522
134.974534
0
103.6243065
481.3237069
142.4678535
170.286887
172.9343856
176.0911757
106.0211213
0
0
0
0
0
0
0
0
0
0
0
0
146.9508363
0
0
0
0
0
0
0
0
0
0
0
0
0
0
477.4180636
539.5518313
456.8543406
0
0
0
0
0
363.534851
0
0
0
0
0
0
0
0
0
0
0
125.1886112
0
0
116.0879879
116.499288
0
0
0
189.0038987
434.9852512
463.1665639
465.3723719
580.2511355
487.4584412
469.2093612
488.2251106
552.4801649
587.4067012
0
0
0
0
415.2679306
0
0
0
0
0
0
0
95.16823756
111.134738
125.9745133
165.871887
93.67572941
0
0
83.83077835
105.2065262
621.4634207
630.7552162
548.2829326
609.3685457
724.2778436
561.9616588
169.7399174
643.8908401
523.3160109
0
0
0
0
0
0
0
532.8352186
0
0
0
0
0
0
0
117.3547105
0
135.4845566
157.3104312
115.3696335
0
0
0
366.6738883
655.0324716
688.1701078
99.66244229
0
0
447.7283622
476.8028603
505.7854939
555.2425082
493.0070498
508.7618723
477.0277488
472.0595658
480.6392214
475.3388475
0
0
0
0
0
0
0
0
0
104.9427747
114.3862399
0
0
0
0
0
0
575.9405611
626.9858365
565.6064769
546.2969208
561.3211802
537.1712075
542.7537618
508.6475433
0
0
0
0
0
0
0
0
0
0
0
0
0
0
0
117.853148
106.6645403
87.78812007
0
0
0
572.6096146
432.9555458
0
0
0
0
0
0
0
0
0
0
0
0
0
0
0
0
0
0
0
0
0
0
99.27675811
119.7297163
115.7854025
102.1721808
496.2712658
817.4266381
609.1114633
0
0
0
0
0
0
0
0
0
0
0
0
0
0
0
0
0
0
0
0
0
0
103.6187543
293.3052432
292.2041053
0
0
0
0
0
0
0
0
0
0
0
0
0
0
0
0
0
0
0
0
0
0
0
0
431.010683
363.8529378
111.6178237
94.1890144
0
0
0
0
0
0
0
0
0
0
0
0
0
0
0
0
0
0
0
312.8260427
219.1089438
85.1107773
90.55630252
0
0
0
0
0
0
0
0
0
0
0
0
0
0
0
0
0
0
0
0
0
0
0
0
0
0
0
0
0
0
0
0
0
0
0
0
0
0
102.3022442
140.4359809
582.5278586
121.1858573
936.9950957
805.4848519
782.0277002
1049.958811
0
0
0
0
0
0
0
300.9706988
597.371453
295.4675821
1088.931981
1593.184038
1341.167465
0
0
0
0
0
0
0
660.9753403
607.7135725
0
485.2443396
1024.757194
1124.718477
1035.763457
948.1505982
1154.924875
0
0
0
0
0
0
0
0
0
0
328.5550994
236.1439409
692.6214967
0
0
0
0
0
0
0
585.9805998
490.2472492
0
1146.808101
1318.278846
995.2777026
1155.863016
150.0170672
1050.352063
0
0
0
0
0
0
0
0
0
0
0
0
0
0
0
0
0
0
0
0
0
555.2256389
988.8663455
1050.319788
864.0860995
893.8466317
609.7264536
759.1113769
1102.432382
0
0
0
0
0
0
0
0
0
0
0
0
763.0929774
1043.449285
847.9390797
0
0
0
0
0
0
217.6643135
165.8991436
546.667767
894.0812987
746.9825513
590.4883059
953.2298869
843.1751517
910.8662331
0
0
0
0
0
0
0
0
0
0
616.536423
849.4683709
0
0
0
0
0
0
0
228.7597265
153.0499245
876.8014702
0
293.0253865
699.4771543
720.1310037
1313.352451
886.321472
1072.278103
0
0
0
0
0
0
113.9240916
0
0
0
0
913.3303444
0
0
0
0
0
0
0
0
0
921.1651524
0
370.8371563
0
151.7671239
728.2159539
1138.286377
962.5929491
822.4536189
886.0051496
0
0
0
0
0
0
0
0
0
0
0
0
226.4660873
0
0
0
0
0
0
0
0
0
0
740.1640742
231.47592
0
0
701.8284604
1020.087423
1060.500965
935.1558276
1234.026283
0
0
0
0
0
995.8181722
753.9747307
861.887642
0
0
0
0
172.1843631
89.93554096
0
0
0
0
0
0
0
0
0
0
0
0
0
0
759.6581417
957.9503541
1046.292067
734.5261269
876.7533514
0
0
0
133.9178784
498.7862056
1141.450475
994.2695505
1536.763315
1231.225802
892.0256634
680.018295
719.5494101
745.6451864
551.090692
0
0
0
0
0
0
0
0
0
0
0
0
0
0
0
594.7079149
748.1117118
1054.366295
1042.673075
455.0849441
961.2349683
0
1732.351312
0
302.2160188
326.3872358
161.7788915
778.3772046
510.7203738
846.6630588
859.4585851
0
0
0
0
0
0
0
0
0
0
109.7672198
0
0
0
0
0
0
0
0
165.3486163
147.5501112
642.1175791
642.1878662
941.6979151
1346.099145
921.0884485
0
0
0
205.3583796
268.4713129
197.6009464
0
604.3739282
672.7550064
473.6164985
188.1993985
0
0
296.6305458
0
0
147.891281
175.5744816
190.8848659
104.6669882
0
144.4381776
188.7187057
0
0
0
0
0
0
236.0134005
0
165.3907769
0
871.6913994
642.767813
699.5295309
806.142746
929.8991803
739.3026146
864.7477322
1038.552565
140.4627372
788.4091029
83.9802619
652.6493153
0
216.7333128
1068.409391
997.7943457
928.4965359
507.7689546
831.7883316
1115.11235
106.445447
109.4113719
0
160.8840193
927.0001395
993.2110201
939.5544807
888.7335561
296.7228614
331.4268519
344.2272861
295.1013921
0
0
0
758.6933364
172.6196203
0
430.1911044
0
79.13776832
0
0
670.6191109
586.0044392
667.7018537
705.6978815
442.132636
0
0
593.9490213
1008.452945
1055.204937
1088.572823
1318.183692
1161.216337
432.3281402
533.7233865
513.4941906
520.7869423
547.7415685
593.4309171
0
643.5111187
780.0292073
837.6158539
793.6433051
199.6353828
209.383801
145.2833773
674.7665288
737.6901241
611.9602996
0
0
0
530.3332992
139.4924483
104.1926936
252.896405
289.0808102
0
0
0
476.6089087
1047.2689
669.5642554
755.2550612
635.9859089
643.4898487
824.6678976
832.5721741
904.5046144
797.6166441
1029.933367
1273.101887
1139.772928
985.8811266
397.0898452
610.3276413
622.182652
544.9186475
686.8462191
815.7700866
0
0
593.7786074
0
134.2670138
190.1076593
199.1067805
196.6416494
588.937691
151.3117223
177.8317794
0
0
0
0
0
0
197.6578484
283.0724332
0
0
0
486.5083678
700.278629
696.1040498
93.05330047
749.1549637
630.6508988
731.4345117
818.4592485
1112.811397
1086.647609
958.7986824
1110.774253
1203.273237
1012.213592
504.7250056
299.7521355
527.1979728
669.4801727
673.0045837
618.3729212
602.7384426
667.9087223
732.208078
748.0224468
684.516226
707.3008717
846.4529475
866.7144188
163.6297031
145.0307252
0
0
0
0
0
0
0
191.6949844
305.7708086
93.1208473
0
0
548.7134466
711.3612895
664.0456359
125.6259313
840.3877992
705.8270148
95.52176693
101.0808174
733.077052
732.2481779
686.1816929
752.5790277
1167.423113
1134.624103
905.9308555
792.1127482
426.6704333
100.4714336
623.913976
693.908047
679.9054894
479.2700062
167.4100313
765.6297338
763.61147
784.0788684
767.6294114
482.0577942
0
0
0
0
0
0
0
0
167.5011516
290.2535377
319.3357569
181.4580286
0
103.6608804
619.1383894
751.8195955
585.0134168
843.3822451
818.7765022
807.0616144
121.1886862
569.3209258
523.5769345
488.0322573
727.9716522
761.7807633
682.6752843
911.1507189
914.8999681
943.7666013
1011.591471
638.9497284
96.98545463
107.75562
0
262.5966827
241.1473598
0
467.1808777
531.1482598
0
0
0
0
0
0
0
0
0
0
0
226.1450445
292.3432241
645.7594778
611.0166794
122.9858111
585.8858141
114.7491134
549.0713672
640.8368523
809.3805018
772.7609149
127.6760575
133.0371205
171.687625
164.0675634
109.4928588
0
370.414837
700.2809852
627.9534636
786.2434996
0
200.032268
647.0026421
326.6402119
315.088557
337.4679429
225.4669964
0
437.199467
0
0
0
0
0
0
0
0
0
0
0
193.5149344
683.0419144
478.1024335
559.4443493
564.2536255
515.866617
684.9781033
0
0
110.2731894
0
0
149.8982445
570.1214981
714.1901233
652.726023
607.6361286
596.2499324
716.7876635
769.1709066
758.3882314
677.4741309
500.4805134
495.9151439
697.2041981
261.6758974
0
420.1524863
0
0
0
0
0
0
0
0
0
0
0
805.3399275
0
0
513.5243037
507.7328611
696.9813931
663.3277845
502.3058104
561.616224
706.6685817
624.6187979
486.0679631
572.1964341
642.3092893
610.1486024
700.7123435
577.8890056
555.8187561
169.0147257
164.634314
152.2231908
590.635968
685.6750379
959.8887282
1028.489244
964.4375448
1031.295483
918.8701671
0
0
0
0
0
124.6368882
0
0
0
0
743.4780006
732.0237665
483.4344412
191.406419
0
163.3363904
187.1165068
607.9369906
552.0212131
537.3021879
580.1846667
595.6815133
520.3005754
111.0016842
117.3716098
139.2730373
137.1206922
117.6150538
0
0
0
0
0
0
0
686.4350526
788.6801098
855.4392652
0
0
0
0
0
0
0
0
0
0
0
601.6689997
578.7242039
570.6578972
581.2534291
556.5280814
436.7444458
0
0
0
0
477.3527606
621.264809
593.3982165
122.1473933
242.625545
549.7984184
288.6429547
232.1738665
200.6028455
0
413.355862
620.9026
741.2295895
613.7826606
162.6819556
126.2725717
0
0
0
0
0
0
0
0
0
0
0
0
570.363272
393.6105305
0
0
0
0
143.0772153
106.0015686
0
0
604.259068
625.1932215
545.6719279
634.9792908
461.7427448
0
127.8634969
138.6275308
115.7423857
88.09159466
136.2197742
132.9745781
135.3185434
0
133.5866287
0
0
0
0
0
0
0
0
0
0
512.1949443
628.253785
97.1292047
0
0
0
0
0
0
0
0
265.9349047
457.9674272
510.2836154
0
478.7622791
660.5855639
439.34608
0
496.5569308
572.865994
0
0
0
118.0721508
118.2832561
0
0
0
0
0
0
0
0
0
0
0
116.9755969
120.5871283
119.652193
0
0
0
114.0664709
0
0
194.033333
379.6976775
0
0
0
0
512.5780154
138.8660515
100.8377396
512.6500615
371.6037621
0
0
0
0
0
0
0
0
0
0
0
0
0
0
0
0
77.67004963
116.7366259
88.96736347
0
0
0
0
0
147.7684433
390.9022047
143.0480518
0
0
0
0
91.616208
0
0
0
0
0
0
0
0
0
0
0
0
0
0
0
0
0
0
0
0
0
0
0
0
0
0
520.4797456
898.694462
343.7061433
230.7087949
172.7469183
166.4003816
156.6708617
158.3722122
173.9344213
163.3957175
111.3502912
0
0
0
0
0
0
0
0
0
121.2424035
90.53954134
0
0
170.256989
190.6647363
177.9374164
178.1855154
0
0
0
0
0
495.2176021
603.6967862
390.2192108
382.5045809
256.5595281
0
0
0
0
126.116117
0
0
0
0
0
0
0
0
0
0
0
0
0
0
0
0
0
0
0
0
0
0
486.8115952
521.3632357
0
0
0
0
0
0
0
0
0
0
0
0
0
0
0
0
0
0
0
0
0
223.4673037
390.9101554
0
0
468.1224756
488.7155808
0
0
0
0
0
0
0
0
0
0
0
0
0
0
0
0
0
0
0
0
0
0
0
266.0167621
501.9581478
0
0
547.3089966
423.9748426
0
0
0
0
0
0
0
0
0
0
104.812334
0
0
0
0
0
0
0
0
0
0
0
0
367.7472756
0
669.1562233
795.0408659
0
0
0
0
0
0
0
0
0
0
0
0
0
0
0
0
0
0
0
0
0
0
0
0
0
543.6011945
0
0
0
0
0
0
0
0
0
0
0
0
0
0
0
0
0
0
0
0
0
0
0
0
0
0
0
0
0
0
0
0
0
0
0
0
0
0
0
0
0
0
0
0
0
0
0
0
0
0
0
0
0
0
0
0
0
0
0
0
0
0
0
0
0
554.0829046
623.5576111
706.2726528
834.9092287
586.2744689
1405.535352
906.9207279
1068.082433
0
0
0
0
0
0
0
143.8840611
0
0
0
887.9919278
1621.733647
790.662296
0
0
0
0
0
0
482.9343304
437.5697683
102.9496464
655.4833694
1024.6812
1035.346525
706.4039716
883.7099852
0
0
0
0
0
0
311.7402296
366.8082724
0
0
0
0
69.02519984
327.4791543
0
0
0
0
0
589.4261013
659.3657829
0
0
118.7409538
1196.619756
863.7726009
906.1954174
957.4157308
0
0
0
0
333.3274593
763.6538806
261.2788538
0
0
0
0
0
0
0
0
0
0
0
0
0
0
0
0
0
1293.158235
1162.872838
1496.85779
953.5508067
0
0
0
392.4557871
289.2483732
0
254.0296627
0
0
0
0
637.5421779
611.7510616
1276.874694
0
0
0
0
0
0
0
122.4705865
85.88909273
105.3391278
938.12527
1360.066548
1231.807212
1231.798495
917.4569494
0
0
0
267.5433832
206.6488897
0
0
0
0
0
0
804.4755618
709.6248922
0
0
0
0
0
0
542.5652743
895.3696537
794.7662276
1150.349973
1105.048976
962.4813956
873.7085211
1338.767141
998.6649481
902.9401835
0
0
0
827.0004667
0
0
0
0
0
0
0
0
0
0
187.2169294
196.5843546
0
0
0
0
0
802.4949503
882.6385273
1038.77607
891.4740842
524.1007876
704.214363
862.8135587
792.7544069
886.8702034
0
0
0
869.0522854
880.7333132
0
0
0
0
0
0
0
129.4525013
315.1417517
204.3374491
188.098934
0
0
0
0
0
0
0
0
0
0
0
603.0549456
739.4872282
1076.880128
1027.509794
0
0
0
0
1045.120507
651.9172397
0
0
0
58.88171169
0
0
0
0
0
0
0
0
0
0
0
0
0
0
0
0
0
0
665.2383536
900.4052287
914.2458756
891.4097867
1045.845163
0
0
0
0
0
196.4810012
244.4507328
213.9409069
164.5630555
745.9101906
155.3861778
780.5201749
691.5815245
558.251947
0
0
0
0
0
0
0
0
0
0
0
0
0
0
0
0
693.7203373
783.553157
936.364132
598.228951
1029.428227
0
0
1758.643316
0
1049.510195
734.247519
691.1818128
705.6839407
1018.878753
1064.02217
936.9777777
880.2245084
703.1797023
465.3738501
0
0
643.8297285
678.3562124
657.1841665
653.583002
601.8753265
633.2174692
0
0
0
0
0
539.1685828
517.982037
525.6433498
514.5668431
0
627.806564
735.6633585
861.8215292
899.1314245
903.1163577
0
0
144.6542228
204.2755643
596.9081306
541.8598213
960.377248
0
436.1172901
698.2630798
760.3529128
667.4742623
732.8707068
742.9347279
938.8994674
843.2279476
788.1106933
757.2666895
483.5424681
0
0
0
0
0
0
0
0
0
0
0
0
0
0
513.860164
625.354095
940.6008691
1380.716711
817.5491884
1037.407866
1699.439807
518.6724064
0
830.2501519
221.4494407
985.5245089
993.5908984
802.8684291
990.0521941
1255.150514
867.1798433
162.9964583
0
133.8879734
597.4465663
555.0189065
142.6761439
157.2388107
568.9560857
0
0
97.21181204
214.0050482
239.2245555
0
0
720.5698021
0
0
0
0
0
0
0
0
130.7563638
0
119.7398035
217.8487503
627.5470032
842.0476775
870.6695572
1009.670408
739.7482551
794.9427318
849.1856104
623.8893897
589.7274602
636.6435993
584.1912615
966.4731288
743.7929252
557.7800191
0
0
851.73271
555.2880719
745.9395676
663.831854
776.5631389
138.5224521
493.504596
597.1878119
818.0454102
881.6482857
867.1275092
819.9446725
845.554626
829.9990244
0
0
0
0
105.4123068
0
0
0
0
126.1371206
0
722.733946
846.7960097
693.6464643
804.6549013
632.7199839
435.5149951
83.06171158
0
682.2893768
780.4330775
773.9708706
307.6022061
866.8532703
884.4963356
0
0
110.8180785
129.2962922
0
0
157.2877939
164.7708277
188.6630777
174.7639388
169.8810568
161.2696332
0
0
0
0
0
0
0
0
0
124.9054867
127.3795142
0
0
89.11580721
98.62539448
946.1526143
807.6749816
724.8050575
630.9733866
703.9528257
742.2822401
567.2200764
0
0
113.1882105
196.8372894
688.2622651
629.2299867
745.2869216
352.7048819
696.190943
474.2751186
0
481.2591514
0
0
0
387.8274731
599.7100364
691.5693382
167.8727094
137.8082119
134.4735434
139.0602339
159.8728741
0
0
0
0
0
0
0
128.5687534
111.3469429
0
492.9001493
197.2335153
1043.013206
605.9681225
686.9176315
588.7253414
458.2949304
703.6287846
113.7596258
171.8742047
165.5030937
194.1712845
577.0007292
687.4813761
692.0822804
568.7608556
666.854423
653.2673864
173.8067903
122.2419507
0
0
0
0
0
95.67265821
650.2711356
557.1817621
740.5802541
627.1232942
214.7349142
0
0
0
0
0
0
0
0
0
516.2482202
708.248703
546.3016288
572.3028455
87.12405475
674.7724346
485.5388843
364.9503132
0
0
130.0676355
135.8403887
521.4659575
0
193.9258314
634.4585078
730.3367435
753.8802825
771.5218286
774.2540461
901.586053
964.1996558
770.9750654
578.83608
254.2775823
261.7652081
271.7049072
280.7101024
310.0281812
159.3711783
0
0
0
0
0
0
0
0
0
0
510.8123751
0
496.5123959
654.1754592
1136.560393
81.05038441
381.970581
485.6304141
571.9076511
91.12469304
169.5738919
99.63008643
523.7764598
632.7864971
427.5751277
788.9915638
780.7661196
0
0
613.1249598
573.5196386
167.2184437
323.8475508
763.3244213
643.5214911
485.1802557
0
135.7947441
750.4805873
1106.29011
827.7275852
0
0
0
0
0
0
0
455.4855182
547.8530909
0
0
90.10319736
866.9310013
0
83.24848193
126.0326576
545.6839269
464.143753
509.2781963
161.6284173
320.4508179
402.4547425
711.7506196
462.9513052
616.108948
808.4681573
798.5341215
753.9868033
656.4247124
543.5341391
458.9917651
520.6102362
485.4316865
0
0
0
124.4685332
119.3556249
0
0
0
0
0
0
0
0
0
546.282738
0
0
0
96.72145195
0
0
0
562.846075
584.8349677
586.2103999
487.2379367
90.12740965
144.8899687
165.7062782
591.6148284
139.3494453
182.1965896
201.4449747
165.0658341
134.2290455
94.48505332
524.1965721
529.4846387
466.8427439
510.2920085
0
0
0
270.065409
250.5330797
0
0
0
0
0
165.2011909
268.0122531
422.6840958
0
0
0
0
0
352.7035819
0
413.3173716
704.8282853
0
0
0
0
0
126.4459837
114.3927269
0
0
561.6072584
608.5820085
90.59956407
0
0
493.6518539
657.7838793
580.412472
100.5074102
0
0
456.9266937
0
0
0
0
0
0
0
0
0
0
0
0
575.9657809
0
0
661.5183044
596.708851
0
0
0
0
0
123.9456789
553.4805044
464.5739748
0
367.0350629
580.2623099
614.6219157
597.1781253
0
0
560.100875
614.3379839
543.5763656
119.8776684
99.50834212
0
0
0
0
0
0
0
0
0
108.697323
118.6730389
0
0
0
0
0
636.9546657
0
0
0
0
0
0
105.3266167
525.8931312
596.8123085
580.1580904
0
0
120.4674068
152.8819332
123.8869518
0
0
0
0
82.36143998
0
0
0
0
0
0
0
0
0
100.7057164
116.5883983
0
0
0
0
82.23470884
123.9139869
0
0
0
0
0
0
0
0
79.36479501
113.5503636
89.57440882
0
0
80.18677639
109.4190785
103.1831405
76.93156255
0
0
0
0
0
0
0
0
0
0
0
0
0
0
0
0
0
125.1948825
127.2282697
106.5451072
0
0
0
0
0
0
0
0
0
0
0
0
539.2595881
685.6339153
213.8276555
181.9867311
0
0
0
0
0
0
0
0
0
0
0
0
0
0
0
0
0
0
0
0
0
0
0
0
0
0
0
0
134.402044
89.31103538
0
0
0
145.0941184
200.3717281
0
0
0
0
0
0
0
0
0
0
0
0
0
0
0
0
0
0
0
0
131.1477069
102.2099356
537.4147532
0
0
0
0
0
0
0
0
0
0
0
0
0
0
0
0
0
0
133.3245495
0
0
0
451.7384463
165.137621
90.83742292
152.4187801
143.6640323
92.17992413
0
0
0
0
0
177.107223
312.4753932
308.2065255
308.3516213
308.7831359
220.9648719
145.2543782
195.5675218
213.6314402
0
0
0
0
0
0
0
0
0
0
0
0
503.1936722
255.5431262
0
0
0
0
0
0
0
399.6853156
504.0232157
366.4558761
218.9814132
285.7506279
256.2168034
232.8892922
307.4824943
305.7688848
263.4899163
0
0
0
0
0
0
0
0
0
0
0
0
307.5328354
0
0
0
0
0
0
0
0
0
510.2707256
0
0
0
226.0957808
210.8149603
0
0
0
0
0
0
0
0
0
0
0
0
0
0
0
0
0
0
0
0
0
0
0
0
0
0
0
0
0
0
0
0
0
0
0
0
0
0
0
0
0
0
0
0
0
378.3119355
0
0
0
0
0
0
0
0
0
0
0
0
0
0
0
0
0
0
0
0
0
0
0
0
0
843.0785993
856.2231216
0
0
0
0
0
0
0
0
0
0
0
0
0
0
0
0
0
0
0
0
0
0
0
0
0
0
0
0
0
0
0
0
0
0
0
0
0
0
0
0
0
0
0
0
0
0
0
0
0
0
0
0
0
0
0
0
0
0
0
0
0
0
0
0
0
0
471.0452942
583.7394652
689.7445894
663.8923204
1082.738009
787.4979264
1014.651319
0
0
0
0
0
456.0293039
693.3378211
0
0
0
1244.279007
1004.487251
456.2201789
0
0
0
0
0
0
497.9815736
511.3698188
0
1116.883556
1036.990004
819.727728
667.5237043
1053.257716
0
0
0
0
489.7321423
92.29212114
0
337.3692823
0
0
0
0
1339.844773
0
0
0
0
0
382.4444291
0
503.1425382
441.5659024
203.3255074
1205.681099
1159.560352
840.3688969
1069.205768
0
0
0
0
0
730.6156655
0
0
148.5387626
411.6052049
0
0
0
979.0258551
0
0
0
0
0
0
752.0404674
634.8197032
0
0
723.5759712
1268.363513
623.8937427
910.5933629
0
0
0
0
0
332.8826082
613.3094119
475.2114457
0
131.0341823
0
710.8912624
1097.275327
668.2831912
0
0
0
0
0
0
391.4792089
226.0610569
0
0
778.9621132
827.8005648
1504.343133
1069.249614
0
0
0
0
0
0
0
0
0
0
0
0
0
0
0
0
0
0
0
0
0
0
0
0
390.6257091
938.2287706
830.7923157
1045.391582
835.0223294
0
0
0
0
0
0
846.2634434
0
391.3445981
148.8580418
0
0
682.8018174
696.6532059
626.1199026
0
0
0
0
0
0
145.3113967
103.1588183
0
731.2720347
605.2409975
750.6041328
788.4166467
753.1609681
1078.02839
0
0
653.8714845
0
0
820.9759625
994.2513054
863.8145666
0
0
0
0
155.7466773
265.5233895
182.7374362
0
0
0
0
0
0
0
0
0
0
0
671.0532332
911.7645689
1036.807368
1226.36612
1004.153286
0
0
509.7972503
1006.785461
918.4169994
815.0815705
688.3077725
0
0
137.1354392
891.4070358
974.9544899
213.5230622
266.6345975
130.7961589
0
0
0
0
0
0
0
0
0
0
0
0
0
870.4815805
998.1620781
835.9781691
945.8797986
6063.309258
0
0
221.929415
900.8153629
1135.297881
763.5738294
0
0
609.6649782
876.7577216
884.4197923
779.0278376
0
130.3344778
117.0004602
0
161.0756946
757.3479403
776.0190945
0
0
0
0
0
368.3053598
0
0
503.2187111
558.3705827
92.75187681
791.8327721
852.4166349
895.7363924
1108.109423
272.0951101
936.5354113
1448.649995
0
672.4898737
619.9310789
711.528001
986.9799084
919.4325825
944.2168314
746.666116
771.650236
189.374588
216.4510111
174.591975
126.3919072
154.1120583
131.3674391
140.8345288
174.9602216
108.0747469
826.8243356
850.9163382
0
0
0
0
612.9707766
383.1712501
0
0
0
96.54663553
754.1002163
1038.476919
0
0
961.8651185
188.9789104
0
0
694.3376726
0
0
784.1771262
687.6378088
603.1604318
0
577.4304461
636.2827895
626.7711773
748.8967095
564.4164252
0
0
872.0546955
503.1369747
0
0
0
0
0
178.4620353
181.096494
152.6203004
0
0
0
0
0
935.3315105
1007.742524
885.8921981
0
230.9670285
290.0624532
547.7412109
886.5997594
437.5195275
118.9470444
579.3633361
0
0
890.1375588
606.3905775
751.2071089
484.5420602
0
0
0
759.0245152
493.3617343
740.7726251
132.2315272
158.4422837
658.6558768
549.6094649
0
0
93.56736987
135.1152769
139.0959541
256.3665163
416.2427598
510.6166233
446.5972613
451.6842809
0
0
0
0
0
0
0
0
86.64186162
165.7616151
111.4562126
115.3088234
790.3555068
849.4756651
712.8715012
848.3663534
825.057241
863.3598315
964.442464
266.2165135
155.7612384
141.2814235
102.4829921
0
669.1691747
829.2323631
813.8373441
724.2877914
90.53312399
0
484.0737683
633.8636848
0
0
0
0
0
0
197.3557642
251.7496309
301.2382833
168.3757082
0
0
0
0
0
0
0
0
138.8739099
0
568.0111551
487.4540953
496.1513997
123.2038236
80.44014669
519.7741597
140.558152
631.0603742
873.229133
643.6205295
254.563044
156.9223328
515.1489434
723.8176796
586.8559784
639.9885236
540.3940143
104.872664
130.1718715
152.9929159
131.1816379
479.0791151
0
559.7866695
537.9986211
114.690192
96.46279568
145.8476298
206.3911387
200.8077816
178.3796214
213.4613942
0
0
0
0
0
0
0
0
0
0
382.4374876
379.6226902
690.699254
129.4266143
510.9518689
0
847.0537709
580.7713908
0
0
141.2994985
189.9848256
165.9495528
598.1041864
425.723875
491.7200448
275.5200475
707.19471
646.5377954
549.0671589
662.761808
713.0620008
661.8232892
679.7845742
123.5567195
86.20894933
113.4259885
84.51685438
0
0
768.4308848
0
0
0
0
0
0
0
0
0
0
514.4302738
0
0
181.039393
251.530878
109.9739463
1013.748094
896.7875372
667.2142231
427.6603874
405.928736
0
642.6788878
830.7688118
483.1968638
632.048059
677.5516519
618.0451309
152.881634
150.2091221
99.88891064
473.4035306
436.0245912
0
0
0
392.8389981
168.4382121
0
534.1492906
128.8823969
0
0
0
0
0
0
0
0
0
420.5521748
822.129299
475.1743227
433.5010476
281.6291295
110.9660913
568.1359354
881.8623105
135.2444043
120.7499354
538.4091771
577.4741379
586.8427937
634.3831238
660.6766773
654.8328213
482.0988818
514.5390098
530.3910248
0
201.2308362
0
498.5213275
0
0
0
112.0397151
154.2352466
685.0040604
778.1951514
842.3108829
0
0
0
0
0
0
0
0
0
0
0
0
0
510.4619201
378.3090345
75.14729676
114.7430803
115.908182
147.3462116
0
0
0
371.7772928
397.5123237
429.6716563
458.5347182
545.4303456
578.2838392
568.7169686
501.4922055
623.416432
629.0889882
518.5603992
422.5646577
438.1765546
509.7145884
0
103.0487587
126.2563767
829.1634307
0
0
0
0
0
0
0
0
517.4224652
0
0
0
167.4946059
782.6752326
0
0
0
99.69776662
557.4146204
544.5443462
465.960425
435.8698079
449.8228686
361.5253284
494.7587135
530.0895691
93.61065149
464.5887822
568.8556849
535.7310674
516.510897
605.8381175
638.7871111
572.1449801
520.8012425
598.9286672
597.717895
614.8422724
623.94451
0
0
0
0
0
0
0
0
0
0
0
0
691.0392908
460.8773571
327.2277576
0
499.1644646
494.477344
84.859672
0
0
84.77876592
756.5635018
927.868666
957.0931113
909.6077397
687.4119564
676.9490873
211.5559957
161.722234
155.0214471
150.1478276
127.8530493
559.6218229
538.4206913
0
0
499.7642124
0
0
0
0
0
0
0
93.67792416
626.7045345
0
0
0
486.824249
113.9106063
410.4702928
0
0
0
111.061111
102.3738516
0
0
0
0
0
139.5672388
374.4178851
816.8851727
636.7047177
707.6914068
723.6482807
820.8152879
766.6770119
825.6038677
783.1687125
530.4492318
513.6477313
381.4904852
0
0
0
0
0
0
0
718.1117074
0
0
0
0
103.2527207
257.1737312
0
0
143.3916995
218.2534709
85.09067669
118.327428
85.99628135
0
0
0
0
0
0
112.4651802
128.4290515
122.5234219
0
0
0
808.000821
200.0367241
0
508.3250202
0
0
0
0
0
0
0
535.1208605
0
108.233677
114.3725212
0
0
352.4219357
412.1494837
0
0
0
459.6450363
0
0
0
0
0
92.62278157
92.11373585
0
0
0
90.69498149
92.93863351
0
86.72495126
109.5256974
81.22931114
0
0
0
0
0
0
0
0
504.8278817
0
0
0
0
0
0
410.2799787
0
0
0
506.9540833
370.153673
0
0
0
0
0
126.771636
159.2537812
116.2272957
0
0
0
0
0
0
124.6779613
120.671532
555.8133215
491.1878863
0
0
0
0
514.156418
0
0
0
0
0
0
0
0
0
690.9832707
0
541.6105047
0
0
0
0
0
0
0
117.1558394
145.8079305
160.1429566
121.3011457
0
0
0
373.6643777
523.2238503
604.9492052
488.0360038
0
0
0
456.6124461
0
0
0
0
0
0
0
369.1740099
282.6476418
598.4667396
771.5673588
670.2408988
566.1025564
0
0
72.87798472
0
0
0
0
0
0
90.89196825
104.4823423
97.49916813
0
0
0
88.79949946
592.0001421
0
0
0
0
0
0
0
0
0
0
0
345.393514
424.5878655
0
0
668.1097025
677.2357007
690.7393598
496.472141
0
0
116.9482482
458.2460446
0
0
0
0
81.69435933
107.31425
108.9780911
117.64427
0
0
0
0
0
0
0
0
0
0
0
0
0
268.912693
189.7186221
0
0
0
0
663.2538363
484.2032212
0
0
0
0
0
0
0
0
0
0
0
0
0
0
0
0
0
0
0
0
0
0
0
0
0
0
0
0
0
0
0
0
0
130.0052896
0
0
0
0
0
0
0
0
0
0
0
0
0
0
0
0
0
0
0
0
0
0
0
0
0
0
0
0
0
113.2837279
228.5090087
241.7637349
369.6901812
530.3681562
532.091221
0
0
147.1219253
1086.309725
1122.704596
0
0
0
0
0
0
0
0
0
0
0
0
0
0
0
0
0
0
0
0
201.9214789
212.7781754
0
0
0
0
0
248.8210267
0
0
0
0
0
0
0
0
0
0
0
0
0
0
0
0
0
0
0
0
0
0
0
0
0
0
0
0
0
0
0
0
0
0
0
0
0
0
0
0
0
0
0
0
0
0
0
0
0
0
0
0
0
0
0
0
0
0
0
0
0
0
0
0
0
0
0
0
0
0
0
0
0
0
0
0
0
0
0
0
0
0
0
0
0
0
0
0
0
0
0
0
0
0
0
0
0
0
0
0
0
0
0
0
0
0
0
0
0
0
417.4723904
830.6371599
963.5629446
989.2659381
1304.463917
837.468176
0
0
0
0
0
0
0
0
0
0
0
0
0
0
0
0
0
0
0
515.4635361
517.1749745
472.248262
763.8575096
673.9824341
642.4031903
690.8802993
0
0
95.38617981
0
0
0
0
0
0
0
542.851805
788.2541365
996.7936868
0
0
0
0
0
716.8700624
371.4057944
469.3153549
661.2618181
476.0946989
772.7542474
1001.001322
990.1428441
0
0
0
0
0
0
0
0
265.713633
0
850.5529239
0
0
0
0
0
0
0
0
0
0
412.8839632
359.2926224
741.7803574
779.9609514
837.88016
1239.440491
0
0
0
0
871.6718545
0
793.7793992
580.0268741
290.5015917
0
365.7927839
0
0
0
0
0
0
0
0
0
525.8494997
0
166.6734293
393.9202526
674.9570499
843.1294203
904.3216086
792.636343
0
0
0
0
0
0
0
749.4504887
1665.268131
1997.160304
0
151.5013543
205.2043816
0
0
0
0
0
0
0
447.8766953
487.3670315
76.08675396
95.47124896
296.2878365
524.6656263
869.4676771
919.2602516
998.0849272
0
0
0
0
0
0
637.2574717
1113.843999
728.2321456
0
629.6300701
728.2735143
666.417069
0
0
0
0
0
0
0
664.4143287
131.0724819
364.4031178
885.2205985
334.223794
931.6368183
1023.012641
306.3357093
956.4601972
0
0
1195.582403
0
0
0
115.9958323
334.2814429
253.5309597
147.9370735
173.427567
0
0
137.4725182
150.920535
168.5362542
211.7302931
0
0
0
426.0121864
507.2637771
0
0
89.46944347
1280.183483
1205.774542
699.2049728
693.9936839
839.7393092
0
0
0
855.8964434
0
0
0
0
0
0
0
0
259.3504459
165.3618617
0
0
0
0
0
0
0
0
0
0
0
0
0
522.401387
622.7177891
693.2730974
929.1058468
625.4571667
1098.445602
0
0
0
0
201.2652127
226.2752045
226.4721616
740.0287515
707.343325
914.6482955
771.9906327
770.9923983
711.0761568
699.7480445
692.3337727
109.0945614
0
0
0
0
974.5633513
1827.215822
0
0
0
0
0
0
0
594.1772481
599.2603467
380.0095501
564.5853631
827.2991318
648.9660024
1017.595527
816.5349844
339.7414466
0
1510.36836
0
0
0
740.5203259
174.2843436
656.7093512
605.7672279
760.113839
687.0192845
0
76.42021633
100.2287439
0
0
529.8765468
532.5603846
0
132.9977251
164.136134
151.9110992
167.4607739
178.3135922
502.6194693
0
0
0
0
0
0
0
0
0
440.2277588
459.3735475
741.6986979
706.289831
617.4667319
986.8039269
690.8843719
257.2352842
1360.365398
497.6540513
897.4729409
849.3705059
916.7768858
818.4459978
761.1168176
878.55866
845.2267869
117.3117896
128.1106448
82.68269715
0
0
168.8432268
167.0615126
849.4262829
859.6013804
795.5103493
853.792375
682.3589445
718.739505
695.2328972
758.1736986
783.8765683
0
0
0
0
0
0
0
656.0196995
1159.908835
940.8829656
977.8609256
1126.792469
1150.310467
895.5923428
725.456252
937.5547661
932.9254653
674.6534425
709.8850643
644.9309479
521.98307
507.4925889
197.8452842
509.7032512
673.0537908
744.2634446
751.2213476
720.9243956
543.7279402
694.9231788
733.6924287
816.7647659
837.4640023
726.8128112
842.3041272
828.331799
144.2215801
111.446969
0
732.8005214
820.2799512
647.1259954
0
0
0
0
0
0
0
0
0
495.9447186
0
97.37414662
203.0452328
748.9088334
698.2013332
822.6811022
787.2456247
874.9414437
807.5449558
729.9010469
651.9046104
860.2946077
874.5225231
729.5284206
624.3416717
711.7795698
779.593481
814.2677932
720.6421328
644.6930801
150.5997026
128.6357817
132.8522996
144.6557444
112.9089302
493.0244216
577.0133474
597.7809383
529.1499881
129.9067802
232.5710333
757.8745724
0
0
0
0
0
0
0
0
0
542.6094795
564.3445618
176.606523
197.1012759
154.7502881
106.5643315
530.1311739
1084.498939
736.2482651
835.3161904
829.2579147
784.5355039
777.890582
634.2624197
0
124.5875083
638.8181727
722.0088925
865.3321836
1076.547867
877.381907
636.3967485
745.1471306
848.3506156
468.1310917
0
0
159.4113479
198.1838678
636.93534
699.6265786
776.0816368
714.7984759
0
0
0
0
0
0
0
0
0
575.5896919
0
0
154.1040946
778.3431852
466.6348613
619.5029162
755.9001599
1069.291707
1164.589883
1251.103268
884.6831849
591.4048864
456.6912987
0
881.6335801
862.5718056
75.34003858
117.5679588
254.9357763
731.2655175
620.258612
574.5490117
739.8140035
769.2261668
786.9761315
772.7128674
658.1410957
491.1800174
0
0
507.8205298
0
0
0
0
0
155.6900449
79.20410772
0
0
0
668.814302
0
0
119.6791717
797.4568302
419.980742
911.7139571
643.664707
585.9581203
451.5394366
586.2407544
581.8980599
574.2344132
703.3063873
116.9217962
100.1265878
103.4104336
538.8975612
671.8593083
702.1150293
577.4449177
640.5348622
554.9899191
773.5097345
755.5357119
614.5787948
235.9828858
766.7751454
287.7709232
272.7756673
259.3409347
0
0
0
133.5882689
162.8192075
0
0
0
0
0
0
129.5604952
137.1570469
602.142859
129.9694499
154.1889044
1002.086039
162.5790388
91.90682392
0
517.0723572
548.6834816
735.2857565
1031.619544
582.7653492
583.6568754
602.9629393
501.3086734
476.4716083
615.3496889
128.3534689
150.5729643
622.3556873
548.3219846
520.532757
528.5696433
637.9386627
151.0841699
0
0
0
0
0
154.6931501
127.5743272
92.52083859
0
0
0
0
0
0
0
0
141.5992451
82.65048319
561.9890299
963.5257874
111.1366016
72.26059762
0
372.0686395
619.5487331
685.8736387
504.3861914
113.1978413
0
0
0
0
102.0602194
128.9848397
125.8689887
125.7006138
111.0487157
0
448.1499517
608.0310054
0
0
0
154.221069
151.8210981
0
0
0
0
0
0
497.6067649
0
0
0
521.2094573
396.3857711
0
682.4160667
0
0
0
0
121.758129
593.9752926
710.4178445
794.1396775
695.685425
480.3115064
479.7892594
0
0
0
0
0
0
0
0
0
0
0
0
0
0
0
0
0
0
0
0
0
0
0
0
0
538.4110103
428.8315794
566.5713611
543.150402
0
0
0
219.3363087
540.1331936
544.8918887
624.5180339
655.8289651
721.2938784
0
0
0
0
0
110.4378181
88.83648302
0
0
0
0
0
0
0
0
0
0
0
0
0
0
0
0
436.0565765
0
0
0
0
369.7012475
0
0
0
0
0
0
202.3046887
265.6651859
645.4715832
891.1288319
945.4531149
418.9540438
226.8101266
125.2011245
194.5664009
220.879346
218.438731
0
0
0
0
0
0
0
0
0
0
0
0
0
0
0
103.0128437
0
0
116.725586
0
0
0
0
144.2293265
123.4847423
0
0
0
0
0
519.6410626
208.8974528
356.3364582
194.9228893
430.9361389
503.4455489
544.8858556
827.7686679
630.3173016
626.4806235
681.693587
0
0
0
0
0
0
0
0
0
105.8939889
0
655.8730213
936.3217264
490.2351482
76.6319163
0
0
86.4954206
79.94238189
0
107.359359
116.6447625
98.14298194
0
0
0
0
0
0
0
0
0
0
572.0441039
0
0
424.8039164
0
0
0
0
0
0
0
0
94.54173611
124.1250227
0
122.4762744
1153.250378
775.9610131
0
0
0
121.6752332
92.37523103
0
0
0
0
0
0
0
0
0
0
0
0
0
599.2606577
712.2117861
0
554.3012133
0
0
0
0
0
0
0
0
0
0
0
367.7394706
854.1468528
858.3343181
0
0
0
118.0386868
104.677595
0
0
0
0
0
0
0
0
0
0
354.6548375
499.5104207
515.5300692
507.3525606
587.499488
0
0
0
0
526.0813481
0
0
0
0
0
0
0
359.35508
0
0
0
0
477.8868113
100.204988
88.86699589
0
105.9884093
104.5127918
106.7475288
114.4054576
111.6912961
120.2010895
111.2373213
115.1580391
112.3634644
119.4267004
112.0400432
485.7364611
651.2493267
570.3600732
0
0
566.8178136
0
0
0
0
0
0
0
0
0
0
0
0
438.8604406
548.4840928
94.55076984
98.0486661
0
0
92.57983312
115.0193192
0
0
0
0
0
0
0
78.26470393
103.8341138
118.555903
0
0
0
0
0
0
0
0
0
0
0
0
0
0
0
441.3835781
489.764577
119.1432783
129.9430913
0
0
0
0
0
135.6190769
130.9892333
126.5403672
116.9317828
106.2144757
113.1077717
136.3803465
141.8919642
0
0
0
0
0
0
0
0
0
0
0
0
0
101.4535288
101.8658189
600.80433
0
84.67392138
101.7399107
79.40321316
0
0
0
0
0
0
0
0
0
0
0
0
0
0
0
0
0
0
0
0
0
0
0
0
0
102.8532634
120.0104874
77.84958839
0
122.156769
126.1708694
107.3835612
0
0
0
0
546.4761498
553.1929478
700.7579479
774.9347411
0
0
0
0
0
0
0
0
0
0
0
0
0
0
0
109.9028422
119.5935755
104.0299049
0
93.30479675
113.4931525
114.7086076
113.8612977
110.3808693
107.2270339
105.5885612
91.41523396
0
0
0
0
0
0
0
0
0
0
0
0
0
0
0
0
0
124.7861345
140.124431
126.2383738
0
0
0
0
0
0
0
0
0
0
0
0
0
0
0
0
0
0
0
0
0
0
0
0
87.0874553
130.2510167
122.784236
0
0
0
0
0
0
0
0
0
0
0
0
0
0
0
0
0
0
0
0
0
0
96.06545545
134.4417643
120.1484176
0
0
0
0
0
0
0
0
0
0
0
0
0
0
0
0
0
0
0
0
134.7251907
130.3810315
0
0
0
0
0
0
0
0
0
0
0
0
0
0
0
0
0
450.4426959
0
824.7507802
1006.018557
916.3428831
261.0329831
979.395173
0
0
915.1099077
995.4693908
0
0
0
0
0
0
0
0
0
0
0
0
0
0
0
463.1027658
689.6240752
130.9538216
800.5872597
897.6436152
645.1002015
1038.026147
0
0
191.5475253
0
0
3048.541995
768.3068296
1292.839889
1192.332611
1002.779836
753.7029273
0
0
0
0
0
0
0
0
0
587.2669746
372.3269378
613.6899908
949.9983805
995.8596269
1066.328085
0
0
0
2748.546736
3193.583465
765.9817671
0
1169.2974
1963.831915
1489.904575
342.2063113
99.48690202
0
0
0
0
0
0
0
0
564.69969
765.5624878
839.1504742
338.7306811
111.7876163
1128.830044
0
0
0
0
1181.609418
0
367.0785078
379.9693493
0
0
0
0
213.9687428
173.4081741
0
0
0
0
0
0
110.1624125
721.2429876
101.4630693
148.2888898
710.8200093
796.9405847
849.6706599
0
0
0
0
0
699.21353
863.2900567
849.4182183
693.3347553
0
0
0
0
0
76.46995554
0
0
0
0
134.6347348
152.2354986
0
514.0986833
0
716.6152395
0
1295.823229
0
0
0
0
0
0
122.4388896
227.0734892
71.18584435
0
0
0
0
0
170.8188308
162.3255589
0
0
0
0
112.1530363
0
0
117.3057095
236.1974721
444.1755367
1165.965649
876.5236941
0
0
0
0
0
142.0404271
265.0945483
309.8914169
0
0
181.2812733
75.26400413
152.8137561
937.0861824
780.2670421
947.0727657
911.6595948
867.3460632
0
0
0
395.8158458
0
0
84.55714118
206.5674538
213.3044221
1253.851572
652.2074014
970.8006298
723.534417
1639.848806
0
0
0
796.2981858
0
0
251.1535395
211.5620249
203.5947355
132.4838513
0
0
698.8193501
749.8797701
791.6044994
752.4994098
719.612556
642.996281
652.6041522
655.207785
0
0
0
0
0
148.525977
156.5009105
691.6031927
751.0424212
1338.978814
1701.684791
1176.327361
657.1876623
1256.622171
0
0
0
815.2568426
0
0
0
0
773.1703454
406.6902741
0
0
148.7783607
232.7233488
134.3365051
0
0
0
0
192.5620474
214.1532489
0
0
0
0
510.9453279
607.2064679
0
0
0
0
0
105.255346
0
747.6748727
0
549.9223864
755.6346733
725.8926512
800.6627727
808.4197308
692.6652861
849.9480898
483.0550238
703.4769073
187.1705326
0
0
0
0
95.14411012
691.365865
504.5628271
488.4086074
608.1172732
114.1900698
0
90.45202876
95.67804241
0
0
0
639.3550395
688.3419094
0
0
0
0
0
0
0
0
0
0
0
0
171.8308008
94.29457034
0
102.6771247
547.5647305
984.6652099
1050.624987
854.5536534
0
1342.971906
812.4728879
639.3577243
506.2059329
600.9799578
562.1492782
222.1221533
156.1464997
698.5543974
838.6473468
671.2293824
0
86.17596376
119.6921043
137.9985131
121.9323271
0
0
0
0
0
493.9497645
471.3173623
97.47687334
552.8542236
155.7951636
158.1770519
0
0
0
0
0
0
76.29869388
0
160.8555274
672.3018045
158.0626338
771.8646605
615.4297097
631.4713133
416.3776202
834.6342764
990.0044534
850.2806079
254.5191668
706.9423658
471.8157157
503.3591239
753.1164852
753.0113028
554.6471523
0
151.8851171
126.7192549
695.6494266
601.697477
99.34526268
0
492.7032803
709.7690827
718.642914
629.1431595
727.0735393
165.6632169
127.8751062
0
145.8541206
737.8144928
0
0
0
0
0
0
0
0
145.6746453
750.3194018
0
567.2369029
636.3810835
533.3623894
0
192.480582
463.4443409
570.2249551
441.5242364
525.4587333
586.3420557
491.7646783
201.0742544
919.6902133
843.7515682
765.5775327
608.9569894
100.9795039
545.9363991
404.0358948
542.4809838
639.2817413
639.9069945
558.0928585
174.0058291
135.1504646
0
144.5672706
149.4559887
144.3050304
0
449.4751172
0
0
0
0
0
0
0
0
512.7166131
126.5646913
0
122.2861122
0
0
196.7991392
475.4324211
218.1745439
584.1811609
552.8625814
373.9475215
533.7931216
608.1033593
646.4670596
192.689593
209.4607225
236.3230635
179.5686896
120.4257447
608.0189344
519.7720343
0
0
0
0
567.5712843
416.0606219
0
129.6724546
127.4909489
0
0
0
0
0
0
0
0
0
0
0
0
0
207.6927665
162.2080754
205.9511247
213.68609
630.2504502
926.2709473
789.6418992
700.7054475
678.8110994
743.5232098
543.0225082
140.4540563
112.5292705
84.38489966
612.3261065
980.3612892
934.5504553
872.1872561
314.1906889
401.6806478
332.2546808
627.3728812
573.0020393
0
0
0
0
0
0
0
0
0
0
0
0
0
0
135.7379369
126.7383179
0
422.4259762
455.1175891
0
0
587.7317086
722.7444862
526.6498551
517.328171
0
0
0
554.6323284
561.2358765
426.138895
0
84.89081012
125.7857614
106.4579895
0
421.8787993
590.1911689
196.7512355
391.0050086
358.8079831
314.7547198
549.38491
702.3840413
711.9469244
536.3827524
185.4454005
157.9295046
0
0
78.05463352
0
0
113.5447125
144.881849
109.3200375
0
0
467.4134094
420.8239201
0
0
504.6531373
570.5791531
497.4838037
472.3179223
81.62603559
120.7724409
114.1301652
108.9314765
438.2407048
365.8270563
1074.412535
775.0290873
105.5316575
490.0588385
138.4770752
0
0
0
138.0026909
518.4775168
370.9363041
144.4840972
208.7255639
215.2858139
202.7639786
0
0
84.42099921
140.4112305
0
0
96.87572523
0
0
0
0
0
0
0
0
127.2503367
0
481.7130215
590.3075045
0
0
92.64381979
130.9376856
128.5414795
101.0752422
0
0
0
0
0
0
0
0
0
499.4970524
661.6547907
527.8890073
461.4404395
615.441076
791.6451762
766.4119745
133.1005001
0
0
0
0
0
0
0
0
0
0
0
0
0
165.5825782
0
753.394643
780.8514922
0
463.1429028
0
0
117.1331474
120.2172895
0
0
0
0
0
0
0
0
0
0
0
0
0
0
429.5434434
116.0520023
0
0
0
0
0
0
0
0
480.4011477
450.5615968
0
0
0
548.4325012
627.279777
0
642.8595125
0
381.1308894
503.8606086
0
183.415693
0
0
478.3442276
519.7310505
519.3260498
460.3475151
478.8363231
461.232823
0
0
0
0
0
0
0
0
0
0
0
0
0
0
0
0
0
0
0
0
0
342.3179079
918.3544014
471.7292664
0
0
0
0
0
182.9926252
275.8609081
171.6932158
0
0
411.199741
485.8219581
488.9138854
409.0516956
0
0
0
0
0
0
0
0
0
0
0
0
0
0
0
0
0
0
593.3178311
595.4800681
0
294.5492871
853.8474597
107.2521204
104.8236844
101.1189955
88.02579419
0
71.09290305
102.9200031
0
0
0
0
0
542.8078508
543.862532
468.3578015
485.0814945
460.8583124
87.41333057
134.9762573
198.0640827
194.5389411
199.239022
0
0
0
0
0
0
0
0
0
0
0
679.2431867
0
0
228.5453731
468.6892953
0
0
0
0
0
0
114.23839
0
0
0
0
0
0
0
0
0
0
466.534163
665.1888933
120.6311181
0
0
0
0
0
0
0
0
0
0
0
0
101.6775188
185.8729302
236.7300432
190.4656158
490.7915654
194.3796629
0
0
0
0
89.92775323
118.154181
134.1839712
95.01535689
0
0
535.0224067
543.1410986
440.7019004
0
0
0
0
0
0
0
0
0
0
0
0
0
0
100.467045
150.0072034
137.7514874
107.1663002
152.7466427
0
0
385.9474475
0
0
0
0
0
0
0
121.9271725
87.05929126
0
0
0
494.8496105
529.8915168
0
100.8630657
79.9269059
571.6213198
694.036456
0
0
0
0
0
0
0
0
98.33905973
92.23759822
126.3701075
415.558305
0
0
0
0
0
0
0
0
0
0
0
0
0
0
0
0
0
0
0
115.934536
90.03095328
0
0
0
495.5661601
0
0
0
0
0
0
0
451.4918292
311.1702492
0
0
0
0
0
0
0
0
0
0
132.2703144
84.29264043
0
0
0
0
0
0
0
0
0
0
513.3118496
458.0286288
0
0
0
0
0
0
0
247.8264297
0
0
0
0
0
0
0
0
0
0
0
0
0
0
0
183.8718562
125.4366027
0
0
0
85.73074209
0
0
0
0
0
0
0
0
0
0
0
0
0
0
0
0
453.119579
0
0
0
0
0
0
0
0
0
0
0
0
0
0
0
0
0
0
0
0
0
0
0
0
0
0
0
0
0
467.9996362
0
0
0
0
0
0
0
0
0
0
0
447.4607963
0
0
0
0
0
0
0
0
0
0
0
0
0
0
0
0
0
0
0
0
0
0
0
0
0
0
0
472.198067
535.3435536
378.0387031
0
0
0
0
0
0
0
0
0
0
0
0
0
0
0
0
0
0
0
0
0
0
0
0
0
0
0
0
0
0
0
0
0
0
0
0
0
0
0
0
0
0
0
0
0
0
0
0
0
0
0
0
0
0
0
0
0
0
0
0
0
0
0
0
0
0
0
0
0
0
0
0
0
0
0
0
0
0
0
0
0
0
0
0
0
0
0
0
0
0
0
0
0
0
0
0
0
0
0
0
0
0
0
0
0
0
0
0
0
137.7803087
831.4681927
729.2926879
1294.031626
197.6990589
0
0
0
0
326.837992
1151.189992
871.4210451
2790.989533
3521.375316
0
0
0
0
0
0
0
0
0
0
0
464.3071129
252.8122526
184.4169365
786.6062393
1012.130684
679.0779897
0
0
0
0
436.2731223
245.7422828
3451.074917
3634.938332
1499.297108
289.1074635
0
0
147.800039
282.8364653
0
0
0
0
0
0
389.341963
0
0
653.0345834
174.4646699
838.0344531
0
0
0
0
0
0
0
0
0
470.439982
117.6278276
0
0
0
0
0
0
0
0
0
0
576.6694491
511.0906982
576.389337
619.4485506
0
0
0
316.313547
354.643215
0
0
0
0
0
0
0
0
0
0
0
0
0
0
0
0
0
0
863.0173429
787.0577461
788.3413005
663.6835834
1031.258236
0
0
0
746.6592343
965.4556724
985.082135
0
0
201.6970433
0
640.7729472
149.8603182
0
167.5059481
242.5967222
0
0
0
0
164.3991317
134.2544394
0
585.2013477
844.9605913
825.899041
0
941.3414376
0
0
0
699.2428177
524.3743644
0
0
0
0
0
0
0
0
125.9703928
209.0719433
0
0
0
0
0
0
0
0
141.3591722
216.6495702
199.6545361
670.0046083
872.9246595
505.6571022
1043.957855
1177.986964
1013.674786
0
0
752.0645876
725.5160911
148.9854848
0
123.9369911
765.9174992
906.2678225
853.2515029
802.0213608
615.983844
691.451401
1145.861959
0
814.299553
913.727057
0
0
0
0
0
0
0
159.031649
233.2371225
201.4563897
752.3660416
473.7052862
904.2350666
947.4835875
1229.072036
840.6539052
94.59410356
0
1089.658725
160.5839649
0
1318.60827
392.7011548
573.1096497
0
841.7843371
793.0972511
559.4297192
177.5458559
695.6010671
163.5050704
144.2450535
0
0
236.5538123
128.6254521
0
0
0
465.8127071
0
160.9166193
185.7842018
0
0
0
0
0
0
0
0
176.1944819
0
744.9843912
772.2283625
1058.993048
957.2409146
182.784489
809.6406645
170.1650531
726.9382722
0
0
140.7796646
0
0
663.5567835
353.772757
146.6052758
181.4941982
159.1704135
947.6082193
535.1993889
501.9190659
0
171.4372147
194.597522
0
0
0
569.9462676
491.1372235
0
0
606.4190322
663.5137423
0
0
0
0
0
0
501.9923458
652.4210961
0
611.8987603
690.1536084
465.0697347
580.1125553
738.8268296
1060.803505
500.018509
170.2051998
896.6551216
811.1800899
774.9427235
168.4371385
96.111008
139.377458
136.9328745
199.3235893
292.551715
181.2607016
771.2579208
770.478211
872.6981647
912.8135983
735.0926852
771.0910044
760.1033969
0
0
550.2679126
673.7520981
0
578.0553967
616.9657682
645.6633326
150.9378281
0
0
0
0
0
676.7407026
0
175.2165443
0
113.4895873
634.1699835
645.5069793
914.9536924
720.2449118
594.5762451
714.3274297
796.428628
223.8562933
824.4866575
757.4327802
629.510609
713.832206
739.5447224
661.9917712
771.9019689
665.4982489
790.1049011
660.9037012
648.3921193
692.3766565
641.030412
170.3958575
149.5052679
142.949763
148.1202611
131.0563108
112.2299248
122.0222856
0
589.0050922
635.2554094
565.5966508
0
0
0
0
0
103.5611473
174.1178224
205.5644506
199.2088479
0
0
610.8279119
784.8140917
968.5700221
851.363915
179.8605789
784.3909439
949.860287
720.4925487
892.1784276
776.7493457
561.1378025
529.3908657
542.3058521
641.3958923
668.1768856
720.3267735
634.9230399
687.9768434
750.2614578
733.7081542
727.6620587
504.9317107
0
0
106.7605233
162.9041594
124.4821775
92.33537878
0
0
516.5357745
0
0
0
0
0
163.9175103
133.9328439
0
0
184.9426502
0
447.6590306
0
613.0983624
880.0923349
79.68322132
0
411.7195934
535.8933852
817.415353
707.9571053
711.5828418
537.3573161
655.7469361
606.3346716
583.2774771
746.8047759
852.6932646
943.9367154
778.1872407
538.1035918
538.0772434
132.8908757
639.0046733
633.1875465
551.473875
524.3580032
543.3804648
519.5399232
570.6745922
493.8291135
146.9995201
0
0
0
143.2315952
159.9079454
92.28674049
0
0
170.5803179
564.3500055
672.5711729
0
104.0638012
223.7221338
781.2922076
600.2152234
478.1795368
619.7182227
785.9677563
381.6216306
132.8534605
115.9546478
0
0
0
0
86.88181294
117.7855135
199.2259697
161.8011584
595.1138863
669.0761461
569.0267249
552.0863573
389.0672794
555.9695781
555.4338849
540.2985537
78.65346728
197.6608243
106.1625948
0
0
0
0
122.7555467
0
0
0
105.7938397
0
0
129.0532182
128.0859291
160.9419083
253.3789178
150.4134747
0
751.2939473
995.2723913
122.3128856
105.3610191
114.2844546
119.7359108
503.1108682
515.2622584
533.1102022
368.7700678
205.6355807
781.3544584
243.3910399
190.2960695
141.7392791
543.6377311
134.7509969
653.5768344
103.7041776
0
0
0
436.4487137
542.8490028
0
0
0
108.7495947
111.4665523
0
0
115.56255
0
551.8254356
0
0
0
0
135.0711367
171.7468905
630.854085
758.9999678
225.6504284
627.6460867
615.2743854
0
130.647622
598.8993624
137.6461418
93.90597302
473.1282667
493.9691553
489.9935308
801.0057758
955.5235441
909.306861
920.9458695
924.5101983
840.958166
625.5303882
137.3773939
103.1479988
101.5259173
106.5013748
140.9472306
0
0
134.6216084
0
0
0
147.8047344
0
577.5978574
0
0
497.5821922
599.4250784
495.1863695
0
578.4822605
641.0222811
554.3958312
669.4955882
0
0
0
513.6447625
661.4101941
426.6596184
999.4179433
1079.607132
556.1936097
613.4607348
602.9600105
624.4372362
665.5197675
619.4764123
529.875807
655.2307508
385.1628108
360.5157266
766.0906378
558.0480119
514.9971088
0
0
0
0
383.1277834
0
0
0
0
0
0
0
0
0
0
116.7907321
606.3025415
592.963822
524.9536157
549.1334966
0
0
0
90.88990007
586.2129813
645.4921681
502.3846567
0
0
395.2965818
0
0
117.7919411
131.86669
587.1497196
712.118331
651.915975
319.8014944
935.58927
890.7265507
0
0
0
0
0
0
0
0
0
0
391.0311236
516.4008259
481.2869437
370.1600036
0
0
0
547.5651968
0
493.9486423
0
0
0
79.58029341
137.6087341
129.6963689
131.4005117
101.8553234
0
0
0
0
0
0
0
455.4486544
504.7668349
680.7236325
923.7713184
0
0
0
0
0
0
0
0
0
0
426.4521661
0
0
0
0
0
0
476.850768
479.2545135
0
126.5628541
0
0
0
0
0
0
0
0
0
460.3136043
527.5171419
485.3201679
0
0
0
0
0
0
0
0
0
0
0
0
0
0
0
0
0
0
0
0
97.68628902
147.5437986
0
537.9911267
0
0
151.1578285
125.8697022
0
0
0
0
0
0
0
0
0
0
76.90363424
139.7464886
123.1802407
127.5465375
132.2107923
591.3097987
0
0
0
0
0
0
0
0
0
0
0
0
0
0
665.2705895
634.0285559
417.2915128
512.5328155
120.5092653
157.5203625
142.7481997
124.322409
0
0
0
0
0
0
484.5387496
485.5036127
0
0
573.6349981
582.1753426
607.0172079
587.2028019
577.9484806
0
0
0
0
0
0
0
0
0
0
0
0
0
0
0
689.5418307
509.9975928
554.3347494
370.1647592
381.8857545
0
0
91.30482103
125.5180408
116.2303323
0
0
0
0
0
0
0
0
0
0
222.8185276
237.3270401
0
0
0
0
0
0
0
0
0
0
0
0
0
0
0
0
0
562.7393054
0
0
0
0
0
109.2256791
110.514945
0
0
0
0
0
0
0
0
455.6420021
684.1899871
662.8590325
0
0
0
0
0
0
0
0
0
0
0
0
192.1563962
323.211101
192.6018925
228.9805021
788.582154
615.7216488
552.8512166
0
0
0
0
0
120.1594722
105.9463811
0
0
0
0
0
0
0
0
0
0
0
0
0
0
0
0
0
0
110.7184209
0
0
0
153.2309596
0
352.0436141
415.2611003
156.9004123
0
0
0
0
0
0
99.38224054
112.9348257
111.8565608
0
0
0
0
0
0
0
0
0
0
0
0
0
0
0
99.18807095
161.1225196
87.81697695
0
0
0
0
0
0
0
0
0
0
0
0
119.8651989
0
0
0
0
276.4991007
313.4700884
315.2884448
291.8983941
309.4391329
0
0
425.9406881
0
0
0
0
0
97.21707225
146.7284848
461.7680716
0
0
0
0
0
0
0
0
0
0
0
99.06993144
0
0
0
0
0
0
0
0
0
0
447.0641616
0
0
0
0
0
0
93.19849678
0
0
0
0
0
0
0
0
0
0
0
0
0
0
0
0
0
0
0
0
0
0
0
0
0
0
0
0
0
0
74.97294874
109.0568573
0
0
0
0
0
0
0
0
0
0
0
0
0
0
0
0
0
0
0
0
0
0
0
0
0
0
0
0
0
0
0
0
0
0
0
0
0
0
0
0
0
0
0
0
0
0
0
487.2057297
0
0
0
0
0
0
0
0
0
0
0
0
0
0
0
0
0
0
0
0
0
0
0
0
0
0
0
0
0
0
0
0
0
0
0
0
0
0
0
0
0
0
0
0
0
0
0
0
0
0
0
0
0
0
0
0
0
0
0
0
0
0
0
0
0
0
0
0
0
0
0
0
0
0
0
0
0
0
446.2847215
0
0
0
0
0
0
0
0
0
0
0
0
0
0
0
0
0
0
0
0
0
0
0
0
0
0
0
0
0
521.2246181
520.9169071
644.9031683
607.7022292
966.3026703
0
0
0
0
1275.91933
2458.972049
1789.118776
827.123015
0
2898.34246
4247.707708
0
0
0
0
0
0
0
0
0
0
135.8781108
0
0
598.4837712
774.7669108
1233.070502
0
0
0
1400.843742
1160.585621
827.256526
1162.696348
915.3946513
171.0591046
254.2770473
0
0
119.0413401
187.016724
0
0
0
0
0
0
881.3627581
545.7313292
447.7308636
0
769.3722596
0
1044.845086
0
0
441.7029464
81.96186154
0
0
478.6352959
309.3575091
230.335284
0
0
146.1874561
228.8021386
0
0
0
0
0
0
0
0
0
637.6344258
0
0
728.4359209
814.3448871
910.6818497
0
0
288.7381808
232.4868553
0
732.141383
764.5154652
491.3655633
0
0
0
0
0
0
0
0
0
0
0
656.5004223
624.1314063
391.0103377
185.3150504
176.5520685
694.9939977
0
739.700618
0
0
888.3108332
703.8522084
612.9346049
780.1945288
628.9986062
0
0
838.5210405
921.9524723
798.1559043
0
0
0
0
0
0
0
0
0
0
0
1476.311879
1362.869163
983.763371
862.0106796
143.1631109
956.3628829
705.8383919
1006.25378
822.8385189
0
135.6602332
0
0
647.8191394
601.316347
148.7376104
124.7076668
0
0
0
0
0
0
0
0
684.3455341
0
0
0
0
0
0
0
1089.061759
374.5837369
755.0104965
551.5747654
555.070819
1261.379503
163.6817324
851.737647
234.4275715
887.7633866
0
0
348.5689934
204.0517492
201.3222639
0
142.9120762
832.2276142
0
0
731.812194
189.9301831
163.290142
180.1648167
197.767766
220.5047262
298.5913847
0
0
0
0
0
118.1178397
203.5325929
146.0457911
0
0
0
0
0
0
0
0
0
0
347.7945921
144.2804022
106.0592367
608.7088574
1091.939178
1001.599454
556.6040733
1098.531514
1253.444456
243.5464632
1139.261188
0
0
0
0
0
218.3134071
202.6692296
844.2849032
891.7456404
0
0
0
0
222.379006
123.722734
472.1942035
639.82986
645.6034254
673.816978
625.6966744
926.8329875
784.7010755
797.4180096
0
0
0
0
0
0
0
0
163.5485336
123.2089116
515.8565873
568.2877701
763.9798232
602.3442443
752.0360071
681.9649018
816.1554677
781.8845651
707.7036677
675.2439828
716.2343139
597.6587772
700.1051746
118.8102168
146.2148316
119.3723433
0
0
599.4588846
755.1395117
396.8290135
0
183.5771798
111.3609105
0
0
661.6607061
747.7247348
863.6480525
718.5239011
0
0
0
0
0
0
0
0
0
0
0
142.2275776
524.7725453
561.6121929
551.4299084
561.7043332
743.5832099
711.3269282
647.8129678
789.5210817
687.2381056
664.4085776
119.8012589
673.163461
752.5450137
696.6791176
504.6119631
520.6128239
513.8152509
157.0774529
622.8058064
615.0340025
0
0
0
495.3340374
685.8431634
824.0699547
903.8023045
875.643279
929.2173797
811.7493623
771.0838786
137.6754157
141.6080176
0
0
0
0
0
566.2424177
0
0
0
0
540.1964364
141.5472568
669.8518467
534.998259
687.119145
136.98299
674.2465199
709.6152191
120.9215122
744.0779472
625.1939747
499.3698878
747.415387
806.9033895
712.369621
734.7210378
793.3026727
737.9121431
550.0380119
112.2133564
202.6438648
289.2988012
784.7623079
731.7323217
553.1151894
112.8942821
104.6394984
0
0
0
0
0
0
0
0
0
741.2177983
425.8072103
0
0
0
551.064571
522.7231152
0
175.2938754
221.7217864
206.6032861
522.9090034
642.8609546
709.0276467
628.7806247
626.1513578
684.954803
852.7748016
803.7345598
859.7143994
875.8594902
876.2872201
157.4188037
169.3525648
521.6638911
803.7708515
799.3186187
601.8227525
833.8989766
841.3979455
696.3345302
708.8939478
600.1865442
0
0
0
0
0
0
0
0
93.41327575
471.4636027
0
0
0
186.9644406
940.9286945
557.8453025
476.66193
178.7525539
760.1476735
723.0572122
889.6921459
511.9759895
462.9559839
657.8232846
506.9868479
165.8024518
146.9071022
563.7710701
784.7141241
696.1562644
702.9224099
792.3357642
657.8641941
686.6820627
763.7448218
351.4478281
135.2830834
609.5455218
684.6303986
747.2685744
716.0222339
731.84585
744.4513416
726.1154108
439.8624864
0
0
0
0
126.9697707
82.68463063
0
0
0
0
625.4007992
658.0185769
214.3817299
127.328667
0
558.486212
643.9922559
815.7783598
775.6631515
0
608.0806973
126.5296751
275.3051415
304.411903
326.9968778
326.1364657
262.8626899
462.9633417
677.4376349
170.7252354
0
123.9312912
142.4207404
0
0
0
0
0
0
476.3326903
683.481496
661.6299945
667.5075258
0
0
170.4041953
154.3019343
0
0
0
0
115.4980141
596.6568563
88.12351312
122.9500257
129.9454231
454.4404203
592.0461729
642.7046951
702.9215993
860.5980928
645.4497212
628.5945616
481.0032239
153.7010268
72.15532308
0
0
0
0
0
0
0
107.0346735
143.8197279
684.3490999
725.3688172
745.2769763
717.845462
664.9316268
160.8520551
145.3047716
0
0
0
0
0
0
0
0
0
0
126.8645084
0
0
0
0
0
92.36853187
555.4346342
710.3259793
894.8392182
703.6821144
0
0
0
0
87.25439295
513.0547565
495.0284319
498.6995945
599.776515
261.1118614
266.1238423
116.1705853
0
119.5954164
203.8345391
0
0
510.5081239
530.3220075
548.2297505
552.3965567
0
0
0
0
0
0
91.95648661
0
503.9481824
0
494.69288
575.0539761
524.4026086
542.2992733
556.3969797
462.2517548
127.3852793
726.7474544
668.6806126
984.9161204
860.993335
0
0
457.6569004
608.7572504
107.8783598
702.6539303
1057.597196
490.6249124
497.7756325
0
138.5792516
131.9783064
0
474.6829915
690.7425873
686.0299362
800.766362
610.5246455
122.7703869
0
0
0
0
0
180.288853
0
529.8908143
523.0124022
0
0
0
0
0
133.520098
214.0491285
793.6531001
0
134.5653695
652.685074
647.1611264
0
0
0
0
524.6554951
145.1592996
858.3324023
448.0917367
502.0518618
458.4548396
106.8587694
121.3529818
134.0462477
125.9613858
132.5994302
656.8163379
551.12931
566.7700452
0
0
0
510.4968263
0
97.37154685
0
0
0
510.1794715
402.733467
0
0
493.8807059
503.5660234
501.9370507
627.7199711
842.3643383
127.6035246
0
0
133.6943768
90.0859778
0
0
450.9170314
588.921142
602.1666911
148.9960421
137.890548
118.6907541
0
458.6188771
510.6953601
520.7248001
533.3820867
592.7408048
633.6041757
605.6420933
0
0
434.097326
528.0310279
396.6513249
0
0
0
0
0
0
0
0
0
0
0
454.6565098
0
0
0
0
0
0
0
386.7492769
423.1709636
448.3971291
498.4921909
657.5624254
623.1215082
495.3890177
415.4426523
0
0
109.9653246
112.6577859
113.9369242
581.9762155
0
0
0
0
0
0
0
0
0
0
0
0
0
0
0
0
495.4720924
422.481049
0
0
0
458.9369321
410.8201314
0
0
0
0
0
106.3999358
117.1335917
123.0574483
525.5972171
633.9990487
491.0682767
0
0
0
0
0
0
0
0
0
0
0
0
0
0
0
0
0
0
0
0
658.6078978
724.5719182
217.6942516
634.7266143
742.426598
694.2132862
0
0
0
0
0
0
0
0
0
0
471.0854966
544.480305
465.0680826
0
0
122.4598255
115.0870935
113.9684872
112.3160328
107.0038912
110.848484
108.7950926
76.05609072
0
0
0
0
0
0
0
0
477.8192472
566.3754055
521.4582343
0
189.4788205
265.1518141
247.8404697
237.7112403
265.7672251
257.3694311
248.1241686
251.2780049
248.0779673
260.9921825
226.3845687
235.2372908
239.5393629
738.3170616
802.538128
605.4847205
0
0
0
0
0
0
0
0
0
0
0
0
0
0
0
188.315751
0
0
0
0
0
0
548.9708059
593.8040821
181.0828966
129.573861
108.1230341
0
0
0
0
0
0
0
0
566.4494606
0
0
0
0
0
0
0
0
0
0
0
0
0
0
0
0
0
0
0
0
0
0
438.6611254
475.329092
180.1033487
106.1733232
99.22874851
0
0
0
0
0
0
0
0
0
0
0
0
0
0
0
0
0
0
0
0
0
292.83408
236.6688519
237.1443671
186.1896353
427.884399
439.4425042
288.4980275
0
0
486.1169062
429.4502945
0
0
0
0
0
0
0
0
0
0
0
0
0
0
0
0
0
0
0
0
0
0
0
206.3998686
0
172.4453017
212.6896373
0
0
0
0
0
0
0
0
0
131.4236202
134.8157032
103.9501433
0
0
0
0
0
0
0
0
0
0
0
0
82.5493233
141.9132829
0
0
123.7127063
200.3266415
0
0
0
832.245247
1053.882481
748.839153
0
0
130.0712396
126.5916857
0
0
0
0
0
0
0
0
0
0
0
0
0
0
0
0
135.7425228
116.6810166
0
0
144.4993025
188.8771586
0
0
0
0
891.9493329
1031.322759
0
0
0
0
0
0
0
0
91.18715299
108.9989017
104.3108019
0
0
0
0
0
0
0
118.4980754
0
0
0
173.4485267
205.9927776
128.0051939
0
0
0
601.3822202
994.5435752
800.492834
0
0
0
0
0
0
0
0
0
0
0
0
0
0
0
0
0
0
0
0
0
0
0
0
0
0
0
862.4779708
1068.749862
753.3303817
0
0
0
0
0
0
0
0
0
0
0
0
0
0
0
0
0
0
0
0
0
0
0
0
0
995.817003
998.4495826
0
0
0
0
0
0
0
0
0
0
0
0
0
0
0
0
0
0
0
0
0
0
0
0
631.3829896
746.7199392
0
0
0
0
0
0
0
0
0
394.4245589
0
0
0
0
0
0
0
0
0
0
0
0
0
0
0
0
0
0
428.5715234
481.8187911
0
0
0
0
0
0
0
0
0
0
0
0
0
0
0
0
0
0
0
0
0
0
0
0
694.0045112
0
0
620.2593742
707.9448283
522.2374968
0
859.3482791
646.6629343
0
0
0
0
0
755.0017955
1722.267514
804.7594397
0
0
0
0
0
0
0
0
0
0
0
0
0
693.592715
0
103.6164625
714.3995632
452.2034685
473.2382107
443.900013
865.4204669
1007.45029
487.6021711
0
0
0
1024.896857
899.5492557
0
0
321.6088028
0
0
541.1415211
625.5214932
483.3596565
0
0
170.4213833
0
0
0
0
1067.57269
0
0
0
527.8940929
942.9698196
0
1031.110141
674.7552432
1175.70171
436.1380451
0
0
1247.402918
894.7479084
0
282.6922823
331.9411104
276.2122253
593.9025328
773.0957088
682.7037348
302.907497
233.0492667
228.8336036
318.2793077
753.2843095
0
0
0
0
0
0
0
0
454.1878969
499.5013152
742.7904945
733.089333
929.497707
1128.863794
624.1120788
987.0934354
0
0
228.5708023
708.7656876
802.4372917
79.50808902
0
100.4134443
893.666125
230.530748
227.1167415
128.1777004
0
0
0
0
0
0
0
0
528.6995918
0
484.5974026
673.6573538
775.7342405
616.5382329
519.6916554
663.1495922
0
0
631.4415288
783.161817
1032.487838
1311.550422
0
814.8025199
0
785.8669424
900.0507588
209.0519714
200.0858517
625.0633195
905.7708249
920.604364
464.4828391
0
0
0
0
256.4813385
274.7227155
0
0
0
0
0
0
0
0
122.9331553
1425.656761
1289.502809
569.5911299
728.5604788
94.37100372
328.027312
755.2429407
309.876085
149.0704774
174.3172185
0
806.1589273
230.3636004
688.6733445
0
0
0
0
0
161.9948235
174.2709001
123.5292273
146.5957136
191.3352148
669.3902364
0
0
0
0
207.0421868
873.4902428
892.6361583
730.5514882
171.8992088
0
0
0
0
0
0
437.8962698
1110.255898
222.3772325
577.7772841
0
146.7179338
877.1712544
700.220563
755.7579248
144.0411659
798.7923127
0
988.0001077
706.460814
1184.693787
922.3484146
190.0007473
863.4003938
188.4517155
917.4220127
1098.163035
1010.980624
854.9114554
877.6197317
878.7937233
847.9317886
675.2742388
399.6481474
443.9948241
143.9355555
266.2334774
283.4813058
194.5088638
0
0
648.863984
590.0800833
0
0
0
0
0
0
0
939.1533164
592.4118241
248.1827028
601.4229869
126.0047778
679.8383251
652.7408832
677.3675641
603.3301006
135.1994537
548.5099388
784.7913792
821.9834735
828.2059341
791.0180993
782.429854
689.118215
606.5057131
625.5292864
680.4117186
693.0438825
542.6304474
0
0
0
0
0
785.5457057
805.7960176
0
0
471.5590021
0
664.5770656
0
0
0
0
0
0
0
0
0
615.3500162
721.5701202
541.1275383
823.4568796
155.8039304
867.5216161
894.177695
831.7991463
722.9269692
181.5923761
183.5977043
786.328961
670.2607799
871.5775992
731.9716476
623.0615211
574.5610029
512.7698146
633.9446852
648.1550582
121.7127692
121.7259488
0
0
0
0
0
0
0
0
0
0
632.7436156
533.3295326
591.6767847
600.8060751
0
0
0
0
0
0
0
701.4489917
250.7698361
174.4598738
0
650.7391311
924.347884
553.9608338
605.6109294
523.2110478
127.4265273
673.6325053
716.2569123
686.0406333
168.8356752
490.0013463
606.0356301
509.8972252
455.282925
109.1709595
670.6545688
728.1895517
654.1937956
694.6100468
692.0555956
665.6428678
504.1555889
569.3108266
448.759567
0
0
145.2894308
175.1744004
172.2954375
187.2769501
114.8911605
0
0
0
0
0
0
451.3617844
608.1205954
0
0
138.2950105
675.567056
168.9735597
696.1473152
566.1265848
167.5830806
195.2833381
777.7093945
702.8736344
626.7294867
594.8296116
671.3197866
237.1504525
110.1990271
0
0
100.4800831
0
119.9527649
152.0855735
170.120122
640.6632023
285.3836568
300.3143424
158.5848164
143.8091701
155.6792325
142.2089732
120.6609937
590.8471932
697.606716
201.1702237
0
0
0
0
0
0
0
0
0
0
77.04402249
583.9530622
231.8108273
202.1346701
636.2843376
588.4657982
121.2196332
191.5511624
614.7126319
150.7146666
151.5524716
718.2764017
136.5413526
684.0883766
604.7429539
503.8503072
812.3637387
793.6644121
822.5763891
698.3807698
266.2392621
303.8751035
291.9864889
303.2908614
344.4378851
771.7938218
803.1437256
726.8403785
660.5240754
526.7218938
514.128176
0
0
0
0
434.2906388
0
0
0
0
0
672.8028384
0
0
81.22941143
0
458.4937582
608.4402912
423.5046041
674.2589593
101.7061663
0
742.2197169
146.9304217
714.1218535
793.1902153
475.8534015
510.2145024
518.1099058
0
0
130.7990722
275.0760208
246.6594695
0
134.9706166
161.4386939
166.8610142
119.780407
115.6111126
130.9307149
145.9583936
153.8621636
0
0
106.1881276
0
0
0
0
0
0
191.3242615
0
0
112.2455761
119.0007251
0
131.0888249
158.9630174
558.5067842
502.5478656
439.0329161
0
138.3511729
610.5640049
741.9956761
889.7830329
732.2261289
0
621.6042312
387.0482213
102.1143898
194.7508638
200.4891283
208.7679373
199.8010357
204.9048827
198.8985469
221.7385181
216.3613641
195.5490894
221.2219034
229.7083565
0
133.1885447
155.3337731
0
0
223.5999447
0
0
185.5443993
622.4947378
0
0
0
539.117331
0
111.8102494
155.2315429
589.7051695
471.8924119
360.880753
559.5365354
82.89319205
123.9192558
0
0
0
0
284.4811722
687.5413857
675.6585596
481.097506
498.3262232
349.6846278
0
0
0
371.5459787
520.3770343
646.392566
642.8524093
383.912382
152.5067251
108.2482603
0
0
180.6198302
413.7571968
0
0
380.5900253
0
0
0
488.8347797
441.6510856
572.6034214
513.2577405
133.6029314
587.7804079
0
550.5712585
607.8837555
115.0974294
124.780545
110.6891356
108.4716386
125.7753792
129.7491786
191.7490516
91.91619241
142.9858598
646.418979
472.6182607
460.0396202
390.365447
201.5380898
197.965651
185.094255
175.3075897
0
133.340214
0
88.58061273
111.4664518
108.9340884
103.481653
257.2098797
336.565853
111.1541322
121.404576
115.9344516
118.2299976
125.1915339
642.9267084
693.5449301
460.0006844
476.4409838
0
560.6457703
124.4472187
141.2320835
149.818982
0
383.5366458
423.3085982
0
0
99.43361567
101.9860145
129.8913397
597.1043452
615.2633633
329.090354
250.7769118
576.7666343
553.2872968
165.7675865
124.7255176
0
0
0
0
0
0
0
0
239.0646216
0
140.2260048
0
0
0
0
0
416.9177294
495.6517283
0
567.4889794
492.354537
604.2272709
752.7596055
807.826174
618.2573939
116.3019632
113.5939418
102.8761426
101.0723889
535.1700862
904.4818606
1117.871274
954.9049329
570.5888206
745.0967318
639.7859714
252.4862505
0
0
0
0
0
0
0
0
0
0
158.3093108
0
0
120.2546983
0
460.9072992
0
0
0
0
478.5725352
608.2783953
364.8128726
681.4661245
608.9686065
649.47271
0
152.8456423
94.50866745
0
0
0
0
0
531.7348561
514.8386677
425.2287867
511.0492618
113.9220975
264.7480755
190.4808465
0
582.3544485
567.6422212
0
0
0
0
589.2736895
503.2867741
0
0
0
416.6482509
509.5587498
519.4685558
502.6926252
512.0206263
498.7178591
524.6867224
606.7452908
637.5365843
553.3722662
476.3142747
496.9118209
0
138.8090781
149.303189
106.7286936
583.2656176
710.7936779
727.9297212
486.6554072
526.4387866
673.8345892
652.842125
148.2909239
102.0552743
0
0
0
627.7599265
0
0
0
0
0
0
446.895301
0
0
0
0
0
0
0
0
0
0
0
0
452.8949731
524.4735478
542.4752022
0
0
135.2385472
141.6112712
0
104.0883833
515.3447322
521.2895469
398.3230193
395.0703788
0
123.1376951
111.0961801
0
0
0
0
0
0
0
0
0
0
0
0
0
0
0
0
0
0
0
0
0
0
0
0
609.5930413
376.069132
0
0
0
0
0
0
0
0
0
0
0
0
0
0
0
0
0
0
0
0
0
126.6876952
123.0467773
129.4081403
123.449
120.8247671
118.7322193
125.5079988
950.749802
119.1297865
0
0
0
0
96.63468918
633.2320755
430.3978001
0
0
0
0
0
0
0
0
0
146.2338363
126.9116756
0
0
0
0
0
0
0
0
0
0
0
0
0
0
0
641.5460079
1197.347479
875.2078646
0
0
0
0
0
442.535856
0
0
0
0
0
0
0
0
0
104.6031301
116.1846749
126.3089881
111.7029346
0
0
0
0
0
0
0
0
0
0
0
0
0
0
0
890.2697308
1126.769004
654.8053059
0
0
0
0
0
0
0
171.0122563
124.2003373
117.3343482
0
0
0
0
0
0
82.18511999
0
0
0
0
0
0
0
0
0
0
0
0
0
0
0
0
967.6720887
1020.899336
0
307.6657988
524.1410333
469.8757713
0
0
0
445.07963
415.3760789
0
0
0
0
0
0
0
0
0
0
0
0
0
0
0
0
0
0
0
0
0
0
0
775.0791802
1304.374245
1076.319645
251.3331777
132.7741756
0
0
0
0
0
157.5532934
0
0
0
0
0
0
121.8377392
112.414488
110.3699905
0
0
0
0
0
0
0
0
0
0
0
0
0
0
0
0
222.3744483
245.7205885
182.6449752
0
126.3526611
133.4808807
125.6404561
131.9067688
137.1094846
0
0
0
0
0
0
0
0
0
0
0
0
114.8668568
0
0
0
0
0
0
0
0
0
0
0
0
0
0
76.48694491
120.7909479
125.4809122
122.7265861
95.09061505
0
0
0
0
0
0
0
0
0
83.61495347
144.1498579
0
0
0
0
219.6169814
224.3445606
239.2399583
136.5281466
0
0
0
0
0
0
0
0
0
0
0
0
0
0
0
0
0
0
0
0
0
0
0
0
0
0
0
0
0
0
0
0
0
0
0
0
0
0
0
0
0
0
0
0
0
0
0
0
0
0
0
0
0
0
0
0
0
0
0
0
0
0
0
0
0
0
0
0
0
0
0
0
0
0
0
0
0
0
0
0
0
0
0
0
0
0
0
0
0
0
0
0
0
0
0
0
0
0
0
0
0
0
0
0
0
0
0
0
0
0
0
0
0
0
0
0
0
0
0
0
0
0
0
0
0
0
0
0
0
0
0
0
0
0
121.4932434
772.6806519
778.5452487
943.7108814
0
171.2280704
624.1864646
437.5800473
827.4921652
815.2184258
0
0
480.9655211
484.5245223
422.3898186
847.6972302
665.1382048
738.0690753
583.1397228
0
194.0562714
239.5967038
278.6691578
163.8024214
0
0
0
0
0
0
0
1251.84035
475.14408
0
501.3647361
85.39499074
85.97902954
1087.797408
475.9227099
0
0
0
651.086195
699.9184638
1011.886424
953.8296717
0
0
992.3757937
0
531.3362821
706.4896373
692.0826854
754.0542749
686.5560842
183.3085876
130.3817445
0
202.1724011
175.383517
180.7930877
257.5294656
264.1591642
0
0
0
0
0
534.7869979
661.858172
674.0419717
154.5512928
723.9674446
853.6089869
757.8420012
624.1865147
817.9278596
1028.115836
200.9883902
724.3430258
1087.816833
646.750509
0
0
0
509.023473
935.5184825
1055.716607
1042.036094
941.4788518
912.517323
965.5762141
927.2475402
931.8015392
917.7987698
772.5985647
815.798776
839.508195
647.0670006
665.0828031
0
0
0
0
0
0
119.8572578
505.7966757
130.100059
751.532487
766.9597902
718.0766732
531.5497507
122.2188114
834.9857335
790.0865939
815.871377
531.6519654
588.0485035
1235.255447
401.9878765
0
0
0
926.7817511
691.2469104
806.8703641
855.1021465
1019.253864
856.7569509
818.1284598
0
0
0
0
0
0
0
210.957841
0
0
0
0
491.7938427
459.2593445
0
0
203.0548086
0
556.4370953
120.4697633
453.7726043
696.7207312
706.5167755
0
183.9847907
879.6717362
846.8955284
738.1306115
793.4402267
0
0
1048.874314
882.7842959
679.7539691
150.1758355
204.9435796
879.5888141
691.5819926
98.53878665
0
0
638.4836667
0
144.1119367
115.612784
0
0
0
0
0
0
0
0
0
0
0
0
0
0
0
429.6721579
506.8326375
1001.670601
714.6268351
568.6593565
714.0023586
746.8393347
475.825538
847.1133565
0
0
853.8678924
645.9886939
0
610.3825552
947.2750976
876.3824803
115.7817054
176.8953366
155.0757157
126.1167694
118.8446092
0
487.930471
710.8160165
672.4233318
669.7071656
687.8921513
473.5480825
620.5946736
456.3367571
90.07523697
0
0
0
0
0
0
0
0
0
409.88045
0
779.6694757
95.36244454
537.3993787
857.4564216
824.4014945
731.2895053
893.2539803
842.9580322
307.081172
880.2641253
685.880282
558.8105579
487.1888854
540.3928627
746.2192722
757.8688962
727.3699074
553.5198502
102.6657337
124.8750872
125.4201626
126.2996299
162.9774963
603.1284733
139.4829016
82.84273631
0
0
0
0
0
0
0
0
0
0
0
0
0
0
113.2018031
142.7846238
0
111.0179762
91.0414199
672.6157743
677.0736534
693.4615463
638.0996594
821.031
485.9050228
112.0562221
126.215037
600.0059324
851.6003893
185.464304
704.1193761
749.4478226
710.6659826
645.6873582
700.3331079
359.1117076
0
133.6919602
130.6203612
140.2476839
0
549.7419974
585.3515105
603.9488956
592.2334293
610.4819967
469.0072872
0
557.6009517
742.9141662
0
0
0
0
0
0
129.7361543
565.2265587
432.6904503
0
514.7458823
1271.384823
752.9047219
770.122651
717.235685
670.9148128
709.0034834
153.692568
129.2951682
144.289625
645.0045487
839.0924151
880.1799698
698.1365318
671.511514
642.8939624
540.8035409
143.4353647
565.152054
0
0
0
0
0
0
0
0
0
0
128.6915289
155.5457588
0
0
0
0
0
0
0
0
0
639.1113398
595.0890185
115.1461481
135.9525167
172.2075787
0
741.8627337
560.2154629
596.7317589
530.9202595
141.2386139
525.6987874
118.1272114
134.2561775
173.9043866
97.78045228
501.2545752
629.2037816
752.1447642
651.8862812
125.6887773
123.0826924
140.8836043
139.3131348
611.1512876
120.1624057
108.8205866
0
0
0
0
0
78.55720453
135.2877186
568.1329563
0
0
0
0
0
0
516.6637395
587.2648457
132.4841082
224.5168885
193.778958
202.025676
148.8616417
0
109.1359575
94.93055542
151.2665695
156.0927596
597.5650123
669.2996894
502.7085801
395.5281719
0
424.0750932
612.9242352
522.0421561
558.0783614
439.1418058
0
0
0
84.83811332
137.7451082
165.8742181
171.3928873
193.4800132
174.4781122
171.0204961
149.0746294
0
0
536.7389652
0
0
0
0
0
0
794.4223888
480.2678372
0
0
0
128.2480553
544.928027
512.0297601
579.2763267
655.2300419
544.2926314
208.5019045
242.9817778
0
100.6713605
587.1862218
187.6456012
130.5479416
101.283234
665.7916303
581.0030226
639.0582638
557.3703727
484.456601
492.6792737
517.8252169
522.1445666
532.3743775
0
0
281.8440631
320.9464403
664.7046557
663.5154835
644.2993752
134.7343677
0
0
0
0
0
706.7845064
0
0
0
0
0
0
0
0
371.2337271
636.1148835
566.3360482
469.3501486
535.9042319
472.2538122
406.7164785
635.017861
0
519.9090067
688.18509
656.061758
542.136721
625.2581695
117.7518568
0
0
175.2155939
338.3655143
370.3147127
400.0358823
408.4053137
361.6171405
390.9857798
229.1616042
0
0
0
0
0
0
0
616.7571723
0
0
0
0
0
0
0
0
0
0
619.6095872
166.9443794
127.0499337
206.8526973
215.5609848
801.8530459
133.2773835
542.3733024
591.1207991
697.3568485
661.1832192
650.825193
537.2824694
478.9502615
0
0
0
0
0
0
0
0
847.2551432
1008.886602
1059.923416
0
152.2505828
0
0
395.1087225
0
0
0
123.9695079
0
0
0
141.1304952
0
0
0
617.7629943
496.1897598
0
0
531.4701506
599.1444047
135.6423846
0
98.87201407
148.5095774
0
459.8143228
480.5768729
612.7654055
440.2686686
502.32733
470.5293646
0
0
0
0
0
106.1371018
620.4525342
0
0
0
0
0
0
0
0
600.8358657
0
0
0
110.1812059
95.73886584
0
123.275787
153.3711852
659.8789562
581.7968899
0
401.9710315
367.6539168
115.3064739
120.3439121
0
0
0
0
0
0
517.2033409
479.07461
468.775692
484.1852718
470.691174
488.3303653
489.7677722
588.8316869
686.7155261
172.7549334
0
0
0
0
0
0
0
0
0
0
0
0
0
408.2666063
540.0680072
534.3046959
627.4405196
677.5366287
591.0245789
570.6335463
545.4362878
582.4312846
549.9531217
552.225352
615.9068168
474.8717675
495.297006
494.4849868
480.1079896
509.4577957
481.5696015
551.3779347
494.5429655
0
446.0836468
483.0383615
519.3981349
116.12658
123.726096
124.7989623
0
0
0
0
0
0
0
0
0
0
0
0
503.8357924
517.0990188
439.8254984
613.4186014
610.2728936
431.1155758
459.5625313
0
492.5773602
634.0777871
596.6270621
418.8065656
0
0
0
412.2312425
97.07419648
905.009257
495.1452387
578.6089566
608.1712037
0
0
439.8793562
0
0
0
0
0
0
0
0
0
0
0
112.465563
0
0
0
0
0
461.4576718
453.0722746
0
587.1414684
0
0
0
0
0
0
0
0
0
0
497.7462159
506.0764861
1097.115633
859.5554676
497.4636661
652.9282838
569.4781964
703.5688759
766.611514
492.0157223
503.9418264
0
0
0
0
115.7683105
0
0
129.1773116
0
0
0
0
0
0
0
0
580.8973678
437.4085819
0
0
0
0
0
0
0
0
0
404.4633904
485.6226187
482.3647909
420.6814893
449.4394634
482.7252123
539.2406227
459.0232209
634.9006589
244.0618961
0
0
0
161.7160299
0
0
470.8429136
649.6967167
497.0354932
424.5346648
0
0
0
0
0
0
0
0
0
0
0
0
0
0
0
0
0
0
0
451.0627334
698.8704406
665.0579365
515.0198771
564.5508436
760.0007125
662.1639307
152.698026
0
0
0
0
0
0
0
0
129.1628512
440.6837154
0
0
0
0
0
0
0
0
0
0
0
0
421.1964799
484.1828664
508.3828173
506.9648335
482.2977067
505.0424522
371.48946
0
441.8755462
527.8433829
645.8834
611.6487207
0
560.6699039
0
0
0
0
0
0
0
0
102.6042182
0
0
0
0
0
0
0
0
0
0
0
0
0
0
75.7420959
133.8522239
93.20336511
0
0
0
0
0
0
412.6773812
522.2130781
535.7902028
392.5740859
0
0
0
0
0
0
0
0
0
0
0
0
0
0
0
0
0
0
0
0
0
0
0
0
0
0
0
0
0
0
0
0
0
0
0
0
0
0
0
0
0
0
0
0
0
0
0
0
0
0
0
0
0
0
0
0
0
0
0
0
0
0
0
98.32202798
66.47281797
0
0
0
0
0
0
0
0
0
0
0
0
0
0
0
0
0
0
0
0
0
0
0
214.6638443
404.3253123
426.7071662
380.7744098
473.2673426
382.4700313
441.920411
203.5286585
0
134.0564158
73.66688619
0
0
0
0
0
0
0
0
0
0
0
0
0
0
0
0
0
0
0
0
0
0
0
0
0
0
103.224182
95.76283031
0
0
0
134.180822
82.32242852
0
0
0
0
0
0
0
0
0
0
0
0
0
0
0
0
0
0
0
0
504.2976027
703.1895131
0
0
200.4662028
183.3629362
121.410021
0
0
0
162.220749
194.2303856
100.5944511
0
0
0
0
0
0
0
0
0
0
0
0
0
0
0
0
0
0
0
188.7756867
0
0
0
106.2976934
134.3595661
118.9500966
0
0
0
146.4987646
0
0
0
0
0
0
0
0
0
0
0
0
0
0
0
0
0
0
0
0
0
0
0
0
0
0
0
0
0
0
0
0
461.8241008
0
0
0
0
0
152.5864448
0
0
0
0
0
0
0
0
0
0
0
0
0
0
0
0
0
0
0
542.8609806
0
0
0
0
0
0
158.9818843
0
0
0
0
0
0
0
0
0
0
0
0
0
0
0
0
0
0
0
0
0
0
0
0
0
0
0
0
0
0
0
0
0
0
0
0
0
0
0
0
0
0
0
0
0
0
0
0
0
0
0
0
0
0
0
0
0
0
0
0
0
0
0
0
0
0
0
0
0
0
0
0
0
0
0
0
0
0
0
866.4549603
0
0
0
643.3538954
905.8354998
472.5487822
762.4042882
837.9652888
835.0675741
638.2281563
150.9230834
0
667.7567862
837.1827143
164.5864243
1842.440502
1090.692522
1398.597062
0
0
0
0
690.2312125
681.6999
873.0833053
912.214696
726.0241385
803.3157619
870.5937756
755.2878011
0
0
140.3149929
0
0
0
0
0
0
0
956.3348947
0
0
1025.988931
0
0
730.3631926
715.6019798
801.0921085
857.3253166
862.1436636
714.6712239
955.3740429
1156.092461
785.7916538
0
727.0724995
944.1283432
1004.674455
1134.775829
1143.857384
857.0903956
798.7487987
815.1073288
695.096404
144.9847441
0
0
0
0
0
0
0
120.8101875
147.7993532
139.8669967
125.0133433
0
0
0
0
0
664.5473823
0
82.61982759
181.3344354
640.205508
639.1266656
971.6311551
224.3593056
894.0581295
758.396224
774.5430982
400.5694204
177.846307
451.8583893
0
865.196976
1090.36799
1088.100559
607.2592361
0
0
441.7029464
963.3666491
945.8332788
774.7919434
154.6851136
139.4003028
161.402124
134.6588575
0
0
0
0
0
0
0
0
0
0
0
0
0
0
0
0
0
0
796.4959465
947.3821952
1067.344731
492.5984028
427.0081485
1018.222023
1110.521697
868.6741122
197.2731754
135.70099
118.9583309
904.8617225
668.8250073
1072.278458
716.2488393
1285.940915
169.8574191
972.5228533
774.9712366
757.943609
861.2734739
865.7062941
652.2291522
0
0
0
0
0
0
0
0
0
0
139.4855264
0
0
0
0
0
535.6920945
0
0
0
0
0
676.5887593
708.2438672
674.2073001
897.2139093
812.0428339
712.2507905
523.5722914
889.2179077
899.3901009
1202.421241
890.9662038
656.3420794
647.6225479
0
0
0
684.5703581
669.0148688
704.7484944
563.2525494
0
0
0
0
0
0
0
0
0
730.8826661
796.5823888
743.3011439
0
0
0
0
0
0
0
0
0
0
104.1157973
168.8406145
149.7850679
129.192588
629.757745
625.5520404
813.2847822
780.0934187
868.3894628
863.0319266
539.7387381
1087.970663
922.9519592
780.3075807
728.8203894
701.6287488
561.5833977
609.4207104
90.70148852
544.7605916
0
0
0
0
0
0
0
0
0
0
132.8656575
0
0
0
0
0
0
0
0
0
123.633205
219.6061326
649.8492777
597.0944304
575.098407
746.1027667
526.5640682
590.6186089
128.8604087
456.1679176
402.1635754
543.992566
595.3991919
590.0477975
1026.136339
975.0532454
517.2214352
758.3878776
784.5424087
738.8829478
767.4001899
766.7293717
166.4133239
801.9442186
697.2706226
449.2732689
0
160.6429205
129.6557374
0
0
0
0
0
0
522.1754215
0
0
0
0
0
0
0
142.0063939
151.761353
508.8643193
0
0
663.1120538
572.0419271
760.0053697
855.9484024
353.5589086
0
0
637.8896167
756.2252829
655.508897
974.5644752
881.1435307
652.6603977
764.2375199
784.7486196
743.8637462
786.2485994
823.7511233
950.7105125
810.6950122
715.7497935
680.0835182
685.8376883
695.9158773
637.4375288
142.1357138
109.014329
0
563.5537789
746.2224996
0
0
0
0
0
0
0
0
0
116.0404591
181.0700808
1358.083976
598.4819233
924.660681
713.9817791
785.3381583
472.1955964
0
0
140.455107
150.9636134
163.1740362
581.8872633
87.47404397
114.0972061
127.5322526
572.8434768
819.9354247
790.2996297
690.5591572
701.7386278
764.0080041
687.2479096
131.4387109
115.0229841
118.4103723
641.3995143
721.2181798
699.1743366
634.1413984
551.3799401
0
0
0
0
0
0
0
0
596.8010796
0
0
111.5850016
0
0
486.4387321
741.8204255
701.4737211
624.9804695
0
141.8739402
132.8869252
432.8378364
639.286308
640.9124494
609.4143845
688.6593534
667.2720709
552.6189805
593.3302962
597.9996477
419.6981492
0
0
487.2499564
1212.323911
1239.507022
1001.016607
104.7089908
0
0
0
0
507.1471603
0
0
0
0
0
0
0
553.1613467
0
0
88.05850672
0
183.1790605
0
535.86411
0
571.2678959
610.6451886
134.0622043
643.5504376
704.2678772
108.7880811
639.5788329
663.4603837
148.2988726
126.761523
182.8587223
181.9757647
121.3152277
123.5216997
119.042467
561.622708
584.1482038
0
0
897.8276531
1159.700317
1173.127821
982.4166354
116.8922329
121.960125
0
0
0
0
0
0
0
522.324954
0
0
0
0
176.2563347
188.5630302
0
98.38987789
88.32491986
140.0209607
0
0
471.3306081
535.3023051
534.8920228
199.034199
108.9077097
94.55942281
0
0
539.0666812
465.8127071
0
529.6558069
642.94517
741.9187761
765.8196833
741.2664151
649.3231885
622.672613
575.9565566
0
475.8457264
652.2007765
0
0
0
0
0
0
381.3440859
461.8198512
0
0
0
0
132.8300985
207.3865782
167.9442337
68.87812697
108.3255848
121.6015868
0
469.2954903
0
379.3874583
443.3873595
0
0
576.9524635
616.8984109
548.4561259
675.92504
587.4509442
119.6286916
118.5484803
622.2633804
551.4112664
509.5934978
621.0275773
576.4354229
560.1091786
589.4067299
540.062426
0
0
0
111.9378451
0
0
0
0
0
0
0
0
0
0
0
127.5682515
176.7011809
201.711215
196.6019186
170.7024686
0
0
409.5264326
438.1744645
0
0
491.1381796
559.3722496
519.5149715
561.6630952
590.8179849
564.0179552
554.4123905
571.2849228
126.9628676
125.5980569
137.610903
134.1225524
612.9764322
681.1493086
152.743257
577.903981
0
108.4800785
0
0
600.4547035
0
0
0
0
0
0
0
0
204.3442449
0
0
0
161.9048698
122.2499671
0
0
487.14254
0
0
514.9172594
543.2857388
518.8375103
462.1410959
116.2063122
115.7005853
124.9375566
122.3573663
128.5176959
121.6038581
127.1303249
121.5424602
112.815516
0
0
498.446667
0
540.9810198
514.8516413
0
512.9358865
0
0
0
0
0
0
0
0
143.2839531
0
0
113.9497126
203.0146989
156.1261546
141.1067973
0
545.8645785
0
93.73955255
607.4539654
553.5189265
127.820431
108.6991897
0
0
0
0
0
0
0
0
0
0
0
0
0
0
0
0
0
0
0
0
0
0
0
0
117.8911195
0
0
0
0
0
145.2259422
158.3076427
117.3189841
0
0
96.03586311
795.6606747
635.6943059
124.8673425
117.2325289
115.7708883
74.48932544
0
0
0
0
0
0
0
0
0
0
0
0
0
0
0
0
0
0
0
0
0
0
0
0
0
434.4107507
507.1808574
0
0
0
0
73.30521971
0
0
611.6502384
721.0668478
0
0
0
0
0
385.2254948
523.0735582
454.0575899
0
0
0
0
0
0
0
0
0
0
0
0
0
0
0
0
0
0
0
438.8498961
0
377.7992478
0
0
0
97.15355632
113.1800295
80.58833111
0
448.2814517
631.8816044
593.1021693
0
0
838.8877926
1115.314611
811.9742938
493.5752574
0
0
0
0
0
0
0
0
0
0
0
0
0
0
0
0
0
0
0
513.8398384
386.8344101
0
0
0
0
0
0
0
0
0
0
508.2969722
646.2144168
641.0351115
552.2292983
524.0846659
707.5249094
0
0
376.142041
467.0146207
0
105.755916
0
117.3918838
0
0
0
0
0
0
0
0
0
0
0
0
386.0674876
0
0
0
0
0
0
75.29314316
145.9040125
0
0
0
0
0
0
0
0
0
0
0
378.5746887
487.3670315
0
147.2435191
0
0
0
0
0
419.4908573
503.4457831
507.6069715
419.4319623
0
0
0
0
0
0
0
0
0
0
0
96.09772212
141.2595497
139.930561
0
463.0974725
478.6179643
454.5335038
471.1688885
0
0
0
0
481.1361369
489.722756
0
0
0
0
0
0
0
0
0
0
487.5748401
393.5553913
0
0
0
0
0
0
0
0
0
0
0
108.6146157
0
122.460913
115.454406
108.9913075
120.164369
112.1429744
505.9540102
475.5422596
633.1371697
673.6364122
489.7657847
472.9968241
0
0
0
0
0
0
0
0
0
0
0
0
0
0
0
0
0
0
0
0
0
0
0
0
0
0
0
0
0
0
0
0
0
630.4022887
541.0610329
0
0
0
0
0
0
0
0
0
0
0
0
393.9740385
448.7977039
465.9213556
459.9829234
448.866602
0
0
0
0
0
0
0
0
0
0
0
0
0
0
0
0
476.8972835
0
0
0
0
0
0
0
0
0
0
0
0
0
0
0
0
422.8902953
341.5545347
0
0
0
0
0
0
0
0
0
0
0
0
0
0
0
0
0
0
0
0
0
0
0
0
0
0
382.805754
0
0
0
0
117.2725642
127.3280751
93.30058852
0
0
0
0
0
487.7044854
730.8829898
715.8781452
763.1253733
565.9284514
0
0
0
0
0
0
0
0
0
0
0
0
0
255.6713887
310.9761715
0
0
0
0
0
743.2039855
882.6701307
867.8661263
747.01148
723.5519293
726.0850816
718.133969
0
0
0
0
0
0
0
0
0
0
0
0
0
0
0
0
0
0
0
0
0
0
0
0
0
134.3844404
132.6441505
0
0
0
0
0
0
0
93.94787115
152.4050488
131.1371935
0
0
0
0
0
0
0
0
0
0
0
0
0
0
0
0
0
0
139.9919675
133.0793846
0
0
0
0
0
0
0
554.9317728
0
0
0
0
0
0
0
0
0
0
0
0
0
0
0
0
0
0
72.91290298
130.0096344
119.1442439
0
0
0
0
0
0
0
0
0
0
0
0
0
78.63794767
0
0
0
0
0
0
0
0
0
0
91.56385048
134.5870107
117.1790235
0
0
0
0
0
0
0
0
0
120.2856502
0
0
0
0
0
0
0
0
0
0
0
0
98.31722721
114.4005272
0
0
0
0
0
0
0
0
0
0
0
0
0
0
0
0
0
0
0
0
0
0
0
0
0
0
0
0
0
0
0
0
0
0
0
0
0
0
0
0
537.9742385
590.2986575
581.6771173
716.3892857
760.3266243
597.126451
590.4823769
705.8628358
800.9161137
887.1236207
1018.709597
1033.156913
1322.129953
959.7153446
0
843.3271481
465.2450827
0
897.6890811
1026.461753
1019.395196
1006.5805
833.8029596
817.6309008
778.6414155
1022.1898
591.8844776
0
0
597.6276036
654.4140249
656.1659911
661.565363
654.7718463
711.4239989
0
0
0
0
0
0
0
0
633.2204112
0
184.7531046
622.2997669
846.9138622
803.9229019
775.2005863
693.9655065
760.2975778
668.567638
738.4957826
703.8165945
245.4904434
574.7207766
866.3631399
171.7916389
1182.988812
1140.287621
696.1203872
107.0690164
147.2667205
157.0855083
724.0600773
785.2258982
787.9715532
764.7725922
225.8915437
230.6351671
166.1425165
135.3490204
135.6557478
128.7085183
0
0
0
0
0
0
0
0
0
0
0
521.8600702
504.1457423
543.6161468
1235.488971
668.3795584
865.1707107
865.85075
788.3157592
783.9599921
672.4756801
707.0454224
708.4945315
728.2145072
879.8469993
1226.881438
1332.635218
638.4978827
0
647.73654
577.1090073
630.9683602
141.9982307
170.1000352
177.4653669
155.3731662
172.6417115
211.3228323
205.118954
254.2848693
961.1495596
1026.275496
927.4096715
831.5322972
817.0025744
795.5579439
0
0
0
0
0
0
0
0
0
585.9944058
611.2138321
868.5553812
797.9939754
761.8786209
991.5208675
775.8471135
875.5743083
926.0362455
909.2552311
924.3700387
946.1655348
963.5621894
862.4782576
642.5448218
0
0
483.5371891
96.01492823
687.0169381
673.6743703
603.7867522
715.763248
685.9451648
697.5358087
647.3318054
790.9273196
783.4614866
661.5889808
0
144.6306595
121.8461591
120.068902
140.3575982
0
0
0
0
0
508.0616152
370.2999409
0
0
473.8203072
591.6346423
652.9569119
806.3980475
560.4145971
760.617542
609.5795272
621.5259723
741.5232504
762.0396327
737.123983
571.4835526
854.9247796
914.1973299
717.3698337
780.3416262
729.593354
816.270831
825.1399616
777.8706656
768.5382837
760.2898475
594.8043251
610.1223579
693.1239794
675.961419
528.6129827
132.097924
0
0
0
0
0
100.3394864
0
0
0
0
0
0
0
0
0
410.0293608
182.4583459
577.3127574
714.2890853
530.2141907
600.4787008
834.6241069
808.5491955
720.7211098
693.8582217
685.0114453
1208.798781
168.5968378
134.3308756
561.0607575
851.5258928
805.5974413
764.2161935
720.3336461
463.7012606
529.8643438
644.2550494
448.9253304
0
488.8686114
557.7880836
638.0922614
706.6584731
545.3450527
164.5376394
188.8296677
157.0335953
132.2938402
0
0
0
0
0
0
105.7912595
147.8417912
443.5182163
469.9798621
626.1058715
764.05776
682.4049427
616.0876587
615.5829701
99.6801211
0
532.9178623
657.9454715
740.6368656
529.2727621
665.5672931
579.7180991
833.6068529
661.2586622
745.4021278
752.9222642
825.6268681
891.9700078
733.5773772
147.778705
160.5247898
185.7335397
141.9830012
108.8667864
124.99239
135.7643492
657.5120512
583.5659571
578.1378908
671.6429778
722.4367677
0
0
0
0
0
0
136.7646884
180.5876022
268.9068037
369.4843917
480.9667
552.8202351
836.8248283
126.223299
583.1336177
592.5707957
748.8868147
638.9937038
640.4118828
660.3294159
673.5507819
560.324584
722.6414076
669.6878594
476.581086
130.7298987
217.3543431
192.47544
607.1956493
752.074696
646.897634
467.7523003
605.2548557
679.7027465
697.1073174
706.0519206
535.041534
545.9506414
556.2772443
541.8344892
387.6954076
0
0
0
0
0
0
0
0
0
0
0
0
241.35251
1007.047093
699.2895084
571.3035172
659.430616
777.3053276
571.3596517
135.7572069
163.9906013
146.7519891
596.3235466
774.9354647
821.5188765
945.0425177
758.1472101
601.1140955
596.619427
692.073582
718.3675624
731.5201914
879.3347362
890.8224472
697.8782854
503.4910283
562.2094702
628.4983659
161.087284
161.2959798
149.8876264
135.3963815
147.383123
0
0
0
0
0
0
0
0
0
0
0
0
0
594.475501
469.2995394
855.2114665
812.5515594
510.4425711
483.7151034
137.5837197
517.7984317
0
852.1924913
139.0164123
87.40050654
575.1898206
613.7925717
0
157.2657428
566.6721514
604.6691252
612.6699384
113.0563405
644.5379587
751.1439455
697.2197892
760.6700388
797.8420371
703.1026877
488.7795368
0
0
0
0
0
0
0
0
0
0
0
0
123.8595205
84.24134648
136.3787144
439.4615305
590.8293458
561.2321781
594.7389048
711.6854576
658.396874
0
141.608275
767.0360604
137.5821996
363.3387052
479.4347095
543.3280069
745.9291473
661.6840629
654.9834956
605.5102202
507.7309302
0
0
0
107.3323997
130.7999808
585.4034365
885.6352806
1242.069803
1176.517486
1207.305983
0
0
0
0
0
0
0
0
0
0
109.4861403
0
0
428.2192612
533.4789352
652.8959206
666.9370948
488.4762776
618.7645537
548.5453792
592.817812
588.2168185
484.1141571
0
117.2306021
0
0
505.3064889
713.2274647
664.2908115
150.2729614
0
0
0
0
0
404.0389258
581.8728772
564.2082117
627.0874486
777.8923937
0
0
0
0
0
0
0
412.0167755
0
0
0
170.8456394
0
0
0
0
105.7160476
651.2947535
486.4503217
621.9969514
0
0
597.2558471
543.1654397
90.10461452
138.5158782
86.12253635
0
0
542.3676253
675.8304551
651.1213152
187.3122954
192.4527266
594.8524453
599.9343362
495.7448544
0
466.1429181
531.3287197
653.171619
0
0
0
0
0
0
574.8002124
0
0
0
101.9694685
144.7461188
142.3715457
281.3807868
260.1827997
125.4089314
118.9435409
147.3795496
149.8342003
101.8930166
508.8467796
600.6018615
488.3985468
0
0
0
405.3410176
549.0930646
372.7571279
106.6332777
159.5124656
0
0
158.5329784
0
494.4344392
477.1160823
495.4767954
506.8740801
497.1398404
0
0
0
0
0
0
499.1923384
0
0
0
0
108.874598
96.04966729
0
264.779044
211.4425026
208.9022186
0
168.8691943
83.69355209
0
0
630.1816209
499.1608016
462.7837285
482.3349723
503.6859348
0
0
0
0
173.9600771
111.7506651
0
463.0628697
467.6113139
465.9463078
0
0
0
0
0
526.5456158
526.1600323
522.9907194
524.5744189
390.9621524
0
0
0
0
0
0
0
0
129.2253507
228.3353405
242.2629797
240.8420464
106.1336922
493.0897441
0
469.429496
0
0
0
0
0
0
0
0
0
0
0
0
0
0
0
0
0
0
0
0
0
0
490.3214978
507.159916
513.4952203
496.1749143
510.5907402
495.7310012
611.8700403
500.7182149
366.2782396
0
0
0
0
0
641.6082308
660.1310462
0
0
123.034049
130.7005901
0
0
0
111.2411445
0
0
0
0
0
0
0
0
0
0
0
0
0
0
0
0
0
0
0
0
0
85.16252314
138.4562449
120.929146
0
0
0
434.5806114
522.8216782
504.0569139
591.0318609
0
0
0
0
0
0
0
0
111.3741423
118.1262673
89.58676587
0
0
0
0
372.31872
491.2570078
0
0
0
0
0
0
0
0
0
0
0
0
0
0
0
0
0
525.3615624
506.1262547
0
424.40021
502.1524981
516.5039227
624.8169288
626.115286
482.3439533
0
0
0
0
0
0
0
0
600.3699142
570.9203405
463.8649938
0
0
0
0
0
0
0
0
0
0
0
0
0
0
0
0
0
0
0
0
0
0
0
0
675.91822
592.3433429
611.4156719
620.7411283
613.8259795
457.4822795
0
0
787.7727995
1082.472581
740.7096716
90.60466606
106.6274401
114.2574131
165.1476378
105.5877883
0
0
0
0
0
0
0
0
0
0
0
0
0
478.6497765
0
0
0
0
0
0
471.5150845
0
0
0
0
83.23672004
88.96028537
0
0
0
0
0
0
0
0
147.9950617
97.48612226
0
0
0
0
0
0
0
0
0
0
0
0
0
503.6676866
0
0
0
0
0
0
0
0
0
0
0
0
0
0
0
0
0
0
0
0
153.555773
0
0
0
0
0
0
0
0
0
503.2902295
495.1720546
501.5232569
507.9569841
489.870164
0
0
0
0
0
0
0
0
0
0
0
0
0
0
125.952692
121.3527376
132.6908065
572.8087928
596.6341515
578.0301432
0
0
0
0
0
0
0
0
0
0
0
0
0
359.1836628
478.6075541
430.9510324
0
0
0
0
0
0
0
0
490.1285716
466.375934
467.9847554
484.9385779
437.7674958
0
0
0
0
0
0
0
0
0
0
0
0
0
0
0
354.1140058
446.3983321
238.9633587
0
0
0
0
0
0
0
0
0
0
0
0
0
0
0
378.194177
482.9356434
451.1705088
457.2875856
472.456259
0
0
0
0
0
0
0
0
0
0
0
0
0
0
0
0
0
0
0
0
0
0
0
0
0
0
0
0
0
0
0
0
0
0
0
0
0
0
0
0
0
0
0
0
0
0
0
0
0
0
0
0
0
0
0
0
0
0
0
0
0
0
636.4704572
703.6829298
663.2445298
668.4109073
0
0
0
0
0
0
0
0
0
0
0
371.2858724
0
0
0
0
0
0
0
0
0
0
0
0
0
0
0
0
0
0
0
0
0
0
0
0
0
0
0
0
304.5440991
446.1897059
0
0
0
0
0
0
0
0
0
0
0
0
0
0
0
0
0
0
0
0
0
0
0
0
0
0
0
225.3670633
0
0
0
0
0
0
0
0
0
0
0
0
0
0
0
0
0
0
0
0
0
0
0
0
0
0
0
0
0
0
0
0
0
330.7863359
0
0
0
0
0
0
0
0
0
0
0
0
0
0
0
0
0
0
0
0
0
0
0
0
0
0
0
0
0
0
0
0
0
0
0
0
0
0
0
0
0
0
0
0
0
0
0
0
0
0
0
0
0
0
0
0
0
0
0
0
0
0
0
0
0
0
0
0
0
0
0
0
0
0
0
0
0
0
0
0
0
0
0
0
0
0
136.7528617
68.36009553
0
0
0
131.7432101
846.2260862
139.9448745
189.3164703
508.9684481
669.3270818
807.2324392
625.0402887
692.8450875
585.7196843
722.8579327
630.1811926
722.8261777
839.2046833
812.3023183
688.8805721
744.4250616
707.5555003
178.8096818
166.7914452
0
0
0
1068.813198
1157.197766
1181.364318
1287.319478
1218.026352
1200.930852
1128.134502
1103.020149
1207.644172
0
0
0
0
0
0
0
0
0
151.0221677
126.1584021
933.2495904
744.52801
666.3197426
693.9683087
599.8829522
689.1383849
749.6936615
802.0291917
671.1365518
619.0162106
677.6166693
918.9736145
1321.429519
732.6188328
453.4849836
359.7970692
0
435.0764713
433.7038204
589.9704569
803.0977698
704.9587311
540.1076725
0
0
106.7195173
189.2279077
205.1440575
207.1020278
198.3122553
892.9303397
0
0
0
0
0
0
0
0
0
143.2214095
804.1523896
623.5541549
897.3707877
615.1002833
806.6093509
790.9749091
913.587209
865.949332
679.7502561
668.1462148
947.1914897
759.0974174
749.2723268
782.0249375
764.4455176
664.9564297
721.778698
760.3371854
839.0561994
739.826616
617.1934138
129.8719893
163.5785014
126.3702379
174.4302274
834.7770448
759.8762875
404.4737415
0
0
0
0
0
0
0
0
0
0
0
0
0
0
90.55190709
747.2138108
825.7141342
1079.244289
589.2951457
163.949013
663.1500931
894.9413169
1050.800505
933.1081349
832.3940954
1102.457907
1023.435709
570.20739
706.5099073
0
555.7156957
537.5723203
0
109.763116
224.8949503
300.1783282
700.0417394
894.4105622
930.8443928
800.1122435
868.9851004
847.4013445
875.7783641
759.5189482
839.2038922
222.5637738
0
0
0
0
0
546.7349991
0
0
438.0121346
713.185607
112.102839
708.7606707
692.9526789
510.6688983
672.1778362
526.9837047
147.6182076
734.7160217
662.2088695
737.2192059
719.3762575
620.7934667
957.6209377
269.468383
287.4884555
709.0237813
145.1182051
599.7498215
720.1905648
821.8068862
655.5522909
627.4499691
545.769854
423.9382686
761.322068
683.1188972
0
0
166.7403178
181.0880842
666.0968577
725.044921
0
0
0
0
0
0
0
0
0
502.1911038
589.3457475
653.7968894
416.0371149
745.8176252
666.1123822
656.5783315
816.1645849
808.1982872
543.9899377
601.2477114
655.4601244
582.969389
137.565368
576.4443855
648.4715924
669.6644815
619.2017413
582.3627838
554.1507168
0
649.4719471
677.5045414
703.8780705
718.2643559
143.8922827
629.5936917
825.8905799
704.1779118
707.6283962
729.6010665
189.496978
221.284369
0
0
0
0
0
0
186.6342947
623.0031845
170.3350134
0
0
784.4902063
413.1614403
586.3835341
840.5566701
774.382363
632.0162396
742.9326677
852.4998276
898.3164615
807.4947032
526.7877527
101.1764188
152.6873524
525.2839032
835.5615234
155.5992743
624.658815
570.7228101
108.7356643
139.3737981
182.0535447
178.6118766
168.5621812
0
0
80.85753076
600.4898076
735.2198817
774.024902
792.4114688
784.5162127
0
0
0
0
0
0
117.8987516
665.2216048
191.3436467
182.4340623
388.3210897
588.1717769
654.6085237
684.2563148
486.5305978
716.9067738
709.0630591
0
0
581.130805
856.7444336
787.9340955
617.993642
125.3246109
816.0810085
0
671.724316
661.7831268
162.4186878
132.6483113
127.4055551
74.60956619
547.1789342
571.3811132
630.5143791
539.6149589
556.2641376
558.5332817
462.3297033
0
0
0
0
0
0
0
0
0
0
0
0
0
0
462.0692851
0
174.299361
131.3372273
568.9755924
768.9789739
709.9503876
383.4591401
0
480.4885723
607.3856632
586.1658432
679.9350502
819.0305155
1117.063741
976.8814853
660.6080942
761.6060806
812.7687859
732.5873736
694.2050322
480.8684144
603.07691
577.8554004
621.2387079
633.1047709
589.2236454
581.0192253
620.5558169
542.5451684
624.4404002
0
0
0
0
0
0
0
0
0
0
0
0
685.0668622
197.1350866
154.0758842
706.8571474
840.0582149
838.9797982
645.7876874
506.9013135
366.9618122
610.4459869
442.9699563
0
0
746.1724773
116.8840195
0
507.5921423
501.6230189
506.8374672
711.3651923
122.0032752
128.1500662
143.9518901
137.8386892
104.9633777
0
104.6752125
118.7349695
91.6843138
0
0
0
0
0
0
0
0
0
0
0
0
379.6880242
116.0225081
83.82187488
159.4281195
0
0
161.0062537
606.6306062
659.7217619
601.1979498
590.4075443
464.027939
0
77.73149234
494.8856462
578.8815496
138.5278545
568.2733235
658.4421835
964.6721842
513.8642285
503.9929881
488.709978
407.3460516
128.8062576
155.8825185
147.8160551
102.7060868
0
0
0
0
0
0
0
0
0
0
0
0
0
0
0
0
535.7304042
506.0761052
488.9860008
487.410062
489.7703459
108.9287111
455.2029182
614.2657187
521.0710668
584.1079186
587.4428779
79.34561232
0
0
129.6823962
87.19073862
107.5909083
108.6946266
116.2494138
126.4566014
282.0096479
513.4852143
540.0575229
518.4846482
421.8357164
124.8031904
0
0
0
0
0
0
0
0
0
0
0
0
0
0
0
0
0
472.9680378
681.7280742
611.550417
609.622126
597.5846156
753.5637057
822.4473658
731.8422319
739.2665206
503.5864987
525.6296266
635.9812686
638.3066141
542.0873462
0
0
0
0
0
0
0
284.504889
456.0659698
0
0
0
0
0
0
0
0
0
0
0
0
0
0
0
0
0
93.4742385
99.76194745
97.79689688
0
0
491.9675958
551.8145821
631.0162576
716.3178279
748.0962702
705.2745449
678.8185461
556.7192687
540.6478992
646.8073501
536.1075834
503.2822518
513.6863018
0
0
0
0
0
0
0
0
0
0
0
0
0
0
0
0
0
124.8703219
0
239.1876626
0
0
130.1025896
0
173.6289114
104.8705355
0
0
0
0
499.4045642
701.0156469
623.9927988
550.9309155
77.23379612
0
448.7591265
647.5467889
625.43948
0
0
398.2594661
501.7141673
507.7451738
476.3698436
0
0
0
0
0
519.6494342
442.3820585
0
0
0
0
121.5044186
129.1869754
0
0
0
0
192.3748801
245.3321739
294.7525431
272.8299042
232.6001769
205.6034559
190.3343086
203.6483886
612.2503057
0
562.093674
614.4336325
98.92459362
80.58833111
84.15439932
0
0
0
387.8273323
502.914417
499.3684337
488.9001688
0
0
0
0
0
0
515.3525821
0
0
0
0
0
118.7474553
115.541703
517.8915488
513.4242235
386.6873439
97.4477163
124.7595894
146.7720397
108.9577999
0
0
0
0
108.4148983
91.46430697
0
0
589.160215
490.1368641
619.7341901
0
0
0
0
119.5365144
124.3269014
0
0
0
0
0
0
533.3758252
85.9985191
0
0
0
0
0
113.8957448
82.3104069
0
0
0
0
0
0
0
0
0
0
0
115.1972623
84.54450318
0
0
0
430.5584835
691.1576424
712.6709001
690.9228193
658.7225854
576.0281943
554.1745418
495.2040463
0
0
0
0
0
0
112.4645426
0
0
0
0
0
0
0
114.6367759
110.879985
77.68021505
0
454.1973311
425.399309
0
0
463.4993265
0
0
0
0
0
385.800896
455.4040629
0
0
93.21327568
131.0689755
124.9490036
584.5505188
602.8679145
602.8362337
0
0
0
0
0
0
0
0
0
0
0
0
0
0
0
0
0
0
0
0
0
528.465466
595.3980515
0
0
0
0
0
544.8144449
598.6617534
0
0
0
868.5271532
718.8969967
0
0
0
0
0
0
0
0
0
0
0
0
0
0
0
0
0
0
0
0
423.2687612
601.8485994
603.6841514
533.6854407
0
0
0
0
0
0
426.9899367
636.6057612
533.0805403
0
0
790.152644
0
0
0
0
0
0
0
0
0
0
0
0
0
0
0
0
0
383.1582522
575.1090795
625.4212656
593.1724551
0
0
0
0
0
0
0
0
0
0
0
457.1937702
527.7113774
376.6230073
0
0
0
0
0
0
0
0
0
0
0
0
0
0
0
0
0
419.4642696
416.9855952
0
0
0
0
0
0
0
0
0
0
0
0
0
0
0
537.827812
578.2521475
0
0
0
0
0
0
0
0
0
0
0
0
0
0
0
0
0
0
0
0
0
0
0
0
0
0
0
0
0
0
0
0
0
431.9279773
0
0
0
0
0
0
0
0
0
0
0
0
0
0
0
0
0
0
0
0
0
0
0
0
0
0
0
0
0
0
0
0
0
0
0
0
0
0
0
0
0
0
0
0
0
0
0
0
0
0
0
0
0
0
0
0
0
0
0
0
0
0
0
0
0
0
0
0
0
0
0
0
0
0
0
0
0
0
0
0
0
0
0
0
0
0
0
0
0
0
0
0
0
0
0
0
0
0
0
0
0
0
0
0
0
0
0
0
0
0
0
0
0
0
0
0
0
0
0
0
0
0
0
0
0
0
0
0
0
0
0
0
0
0
0
0
0
0
0
0
0
0
0
0
0
0
0
0
0
0
0
0
121.0096381
0
0
0
0
0
0
0
0
0
0
0
0
280.4852451
320.6521808
0
0
0
0
0
0
0
0
0
0
0
0
82.47736443
97.88683768
86.41393376
0
0
0
0
0
0
0
0
0
0
414.625303
351.1301103
366.0582372
366.1662469
380.6044127
364.7157481
363.4029049
0
0
0
0
0
0
0
0
112.5224649
132.6870711
101.224504
0
0
0
0
0
0
0
0
0
0
0
0
0
0
0
0
0
0
0
0
0
0
0
99.89244297
0
0
0
0
0
0
0
0
0
0
0
0
0
0
0
0
0
0
0
0
0
0
0
0
0
0
0
0
0
0
0
0
0
0
0
0
0
124.6363578
189.6089008
0
0
0
0
125.0492326
840.6408685
1003.459181
0
100.6541017
128.90877
483.5369421
533.0592787
612.6783187
603.0475917
574.1802911
655.8936743
824.9042105
702.4397138
745.6605923
813.0146396
739.7377181
589.3030739
593.2246073
647.080853
672.3640628
662.2304218
555.2243704
122.0901871
116.1026568
115.7450693
113.5044067
77.23557016
0
0
0
0
0
0
0
0
0
0
0
0
0
0
113.0684312
104.5397344
143.2169451
650.6350815
628.9898709
829.6905068
750.0676047
705.1694395
782.5866331
790.9253748
704.0853317
605.0118314
139.1036919
589.2057579
700.1294215
738.3081852
733.7028322
638.4262603
643.6059975
649.6363357
520.6196879
525.0243397
677.8310484
647.3335626
684.5827902
694.6109954
122.4285005
0
0
0
0
0
0
0
0
0
0
0
0
0
0
146.3933604
114.6054859
655.5077412
665.0269205
201.7157401
628.8801888
551.5113837
618.1598685
629.3145315
716.4680339
563.1789343
722.9661334
750.5872979
722.9932748
700.0839306
699.8230961
800.3650418
669.5360401
577.6659088
559.3465489
681.5435436
845.763241
897.6692745
714.3923799
571.6540155
531.5458963
540.8516625
629.1268736
166.8364542
105.6219455
0
0
0
0
0
0
0
0
0
0
0
0
0
0
148.3867428
627.6578455
711.5432702
871.7801759
582.7739183
372.2888034
674.4998913
643.3475828
644.7881652
680.8596189
738.1750647
848.4883429
1115.540047
1029.364006
677.0728908
686.7346847
865.3848514
989.2858147
567.8249466
504.8353606
584.2560062
722.1427056
728.1216947
577.8608896
771.2551137
281.0993789
359.3759392
469.3373836
464.1619546
1300.463967
489.1283466
0
0
0
0
0
546.7287349
394.3333574
0
0
457.5299837
0
608.5771938
0
0
101.28237
760.090572
835.8184626
840.5403955
769.0762124
840.993546
993.5503065
812.000718
537.4504496
514.5647396
490.7481605
525.0383864
786.330182
779.7157901
746.0546695
1026.603992
1069.134213
696.8002731
691.1695398
670.8822685
578.0711566
114.9664842
263.0962297
204.443121
515.7050789
1257.539136
1262.28982
193.967571
0
0
0
0
0
0
0
0
0
0
647.1761097
543.5408909
0
0
506.7397605
538.9885723
161.6687137
117.7119189
562.7320174
581.0884591
118.4027697
568.0558382
664.134985
407.1735647
591.5287198
637.3103945
710.0059857
667.2822966
827.7453736
897.3201511
937.5891101
1133.221106
765.8067707
529.3040488
610.1438165
677.2756553
796.4765941
645.4142152
545.8190642
542.2971141
552.3414549
547.1450011
0
0
0
0
0
0
0
0
0
0
0
814.8753638
94.95999196
162.8937443
582.0555825
584.8478114
138.2132429
76.65127696
494.9201715
599.9949497
674.5368094
750.8679095
738.7998615
719.5750764
683.2918737
121.8702792
108.850167
561.7185018
152.2978725
107.4727479
0
0
0
527.4683618
699.8460968
682.2810483
642.3814077
620.1227887
633.232202
527.4905153
0
0
0
0
0
0
0
392.6393263
707.7419706
105.4998278
143.0411766
0
626.8461512
453.8686876
697.5396183
0
484.472676
492.8949468
0
451.2248816
672.1737489
646.4856424
692.9546412
681.8610354
788.4094487
677.4312434
195.0279146
547.470799
511.0686406
408.8696056
620.409785
631.8629898
124.844687
0
122.4870507
131.6106382
131.700112
163.7720053
154.7114628
151.1627724
139.6773288
152.5520931
155.9272253
0
0
0
0
0
604.0663185
546.5345639
123.5538433
148.1037689
0
375.1959027
505.1303471
484.7040456
361.2052225
609.1464426
154.3163797
185.5984745
0
0
134.7823608
0
792.8677323
487.9411982
480.6417531
543.7578586
638.7210207
573.1804456
708.7821333
657.9534016
623.5314773
764.6917774
790.4534914
616.9400109
0
0
0
405.8777993
511.7272125
659.7768854
524.7206429
99.66820195
0
0
0
0
0
0
172.2651685
0
117.6759224
135.2604456
0
0
426.3035254
388.7333452
131.7366326
679.3454066
159.9968648
565.4106202
714.9518629
863.9156335
1031.586716
528.3498194
428.6409036
0
0
729.8693633
1030.605527
906.3203087
0
465.9406646
114.7469406
356.5795325
474.0758934
466.1931231
476.5422779
401.5443181
0
0
0
504.8410267
637.332256
0
0
0
0
0
0
94.0019321
0
0
114.2068442
108.7812467
0
550.1984071
707.7065586
104.828789
375.6895759
646.9137776
620.3387962
135.1670685
117.2565855
0
413.1342782
585.1283731
587.0539488
530.8613069
0
101.6714289
130.6117815
118.044007
508.8712698
598.3297926
175.9829671
686.6113151
634.0533971
605.428669
459.2259007
520.0214977
428.4311494
0
0
0
0
0
0
0
0
0
0
0
0
0
0
0
0
139.9799003
90.12145253
88.79938719
0
504.9133525
600.6469272
136.5579015
149.3545502
116.5829075
102.5645494
606.2279852
657.1713543
504.911978
0
141.7544408
125.6691006
0
0
114.1809766
150.6857095
168.831883
148.4121432
112.772205
120.1255229
129.1219838
127.0502849
127.0525655
0
0
0
0
0
0
0
0
0
0
0
0
0
0
0
0
0
0
498.1310948
0
95.24087075
135.7560056
124.4666795
97.22399224
123.4164355
132.2849777
119.3247876
118.2702604
128.943441
158.580616
150.4176233
536.4519923
463.2285096
599.0827823
597.983078
487.0919535
143.5743475
111.7078169
109.5819057
0
0
0
0
0
0
0
0
0
0
0
488.2896035
0
0
0
0
0
0
0
0
0
0
0
0
127.5777619
654.6089861
700.6754337
581.0835016
562.3349948
620.6384716
666.7738195
714.2202476
539.7439449
624.9231473
0
0
0
0
0
0
0
0
0
0
0
0
0
0
0
0
555.5746276
0
0
0
171.3302861
0
0
0
0
0
90.18252694
433.0124751
531.995233
114.1562764
104.7161209
96.15658157
104.5340271
615.1447844
799.6976835
687.2379426
610.5698787
489.1059687
101.528235
0
0
0
0
0
0
388.5114979
0
0
0
0
0
0
0
0
0
0
0
0
0
707.1944437
148.2634013
0
0
0
0
124.5057108
122.3986246
581.4716199
731.4716001
679.4941836
501.4115473
516.9599629
691.6315614
659.650958
517.9201265
489.2426621
124.0802643
94.79863101
107.234946
0
0
0
0
0
0
0
0
0
0
0
0
0
0
0
0
0
0
0
0
0
0
0
88.49270132
128.2331111
161.3866756
142.3063391
0
0
0
0
489.7795046
91.2647375
0
0
560.707978
0
105.8937845
114.0881735
117.0859499
96.47751784
0
0
107.9965378
0
0
0
0
0
564.5910791
0
0
0
0
0
0
0
0
0
0
0
116.5505518
104.310547
0
0
0
0
0
0
0
122.3357775
116.594506
437.0752858
563.8213697
623.1349011
618.0663175
600.7332165
97.33661094
114.2038393
119.9003988
116.4812068
94.16513586
0
0
0
0
0
90.66088348
129.5203619
0
0
0
0
0
0
0
0
0
527.2223227
757.9101702
716.0597943
622.6913772
612.2538565
493.1059557
0
0
0
0
0
0
0
496.5479377
488.8359325
402.6963461
613.8313041
101.9187734
0
455.3840876
522.9179682
0
0
0
0
0
0
104.4141695
122.2290601
127.7408669
0
0
0
0
0
0
0
0
0
110.3032466
0
0
0
0
0
0
0
0
0
0
0
0
0
505.7633766
505.494893
503.9132218
517.4144807
513.672228
0
0
0
0
0
0
0
84.84365728
102.9387899
0
0
0
0
0
0
0
0
0
0
0
0
0
0
0
0
0
0
0
0
0
0
0
0
0
0
0
0
0
0
0
0
0
0
0
0
0
0
0
0
0
459.2099583
407.9834788
0
0
0
0
0
0
0
0
0
0
0
0
0
0
0
0
0
0
0
0
0
0
0
0
0
0
0
0
0
496.3712639
640.7335037
748.928319
782.1973977
0
0
0
0
0
0
0
0
0
0
0
0
0
0
0
0
0
80.14637288
127.0829154
0
0
0
0
0
0
0
0
432.6848284
475.19265
605.3660244
571.2851467
0
0
0
0
0
0
0
0
0
0
0
0
0
0
0
0
0
0
0
0
0
523.8018453
578.40042
0
0
0
0
0
421.4236855
620.1298526
0
0
0
0
0
0
0
0
0
0
0
0
0
0
100.8554625
117.794621
127.4918421
81.1206933
0
0
0
0
0
0
0
527.7983734
0
0
0
0
0
0
0
0
0
0
0
0
0
0
0
0
0
0
0
0
0
0
0
121.7205494
117.4729549
118.873971
116.6110069
120.1494427
118.2949213
123.0599688
0
0
0
0
0
0
0
0
0
292.8549039
0
0
0
0
0
0
0
0
0
0
0
0
97.19682668
112.2198966
0
0
0
0
0
0
77.1287071
0
0
0
0
0
0
0
0
0
0
0
0
0
0
0
0
0
0
0
0
0
0
0
0
0
0
0
0
0
0
0
0
0
0
0
0
0
0
0
0
0
0
0
0
0
0
0
0
0
0
0
0
0
0
0
0
0
0
0
0
0
0
0
0
0
0
0
0
0
0
0
0
0
0
0
0
0
0
0
0
0
0
0
0
0
0
0
0
0
0
0
0
0
0
0
0
0
0
0
0
0
0
0
0
0
0
0
0
0
0
0
0
0
0
0
0
0
0
0
0
0
0
0
0
0
0
0
0
0
0
0
0
0
0
0
0
0
0
0
0
0
0
0
0
0
0
0
0
0
0
0
0
0
0
0
0
0
0
0
0
0
0
0
0
0
160.6103764
0
0
0
0
0
0
163.9438533
732.3914771
0
0
0
123.3629114
128.6576663
0
127.6461657
174.4320164
132.0009625
702.0162045
729.4419873
152.30646
112.7071396
565.8121034
742.0124507
780.4766788
824.5568032
722.2662318
745.8600328
668.1165785
742.2600955
655.3545511
645.5604426
615.3826206
786.4013464
802.7339052
797.2598247
769.2049123
785.7790897
0
0
0
0
0
0
0
0
117.6693238
0
0
139.8861692
758.3870719
827.6488853
382.5587356
660.3724487
720.2428018
692.7222295
679.8912494
633.4213247
598.1294479
628.0776695
934.3024665
884.1420434
740.2622518
638.7780882
720.3537044
751.1962709
731.2591502
676.9302407
501.6792838
525.7718578
501.3830755
425.276029
0
136.2626931
688.5546911
152.4159267
94.66786069
0
0
0
0
0
0
0
0
0
0
0
84.63629078
0
0
0
0
0
0
97.5058374
638.4239021
602.6238811
0
492.3609052
827.6304851
598.4934235
548.0387286
459.1843468
695.4267877
350.481053
284.072592
733.0987171
802.4527041
834.4712771
740.2511879
623.7273051
378.5499752
641.6986333
643.5068231
679.4495389
727.2362084
603.3874487
721.7743216
697.5985706
568.0459491
127.8157148
0
0
0
0
0
0
0
0
0
0
488.0071849
675.7394842
206.9467866
0
677.4132158
544.660952
126.0272134
426.570043
511.0320426
647.030575
0
157.7974833
666.2547837
660.0027064
604.82473
969.8470464
917.9913005
822.1135945
699.0507304
757.0490406
750.2969296
546.3836644
626.0645841
102.1349779
117.3915731
135.3323819
165.5334745
713.929766
760.2699469
740.6906782
926.7661173
970.4524127
0
0
0
0
0
523.5886963
0
0
0
0
105.9896825
99.90771945
0
91.50542066
547.7577322
671.2118993
628.6787128
647.222341
556.2590564
592.5855946
614.7626196
530.9847173
625.8557483
384.0334964
448.7349259
842.7247602
876.9575784
588.7101295
561.9228509
651.9066757
626.5346016
0
0
145.9233364
594.0405716
666.1178928
500.3735282
451.423917
135.7761791
120.5712317
0
0
0
0
0
0
0
0
0
0
0
600.431907
534.5477015
510.9778154
374.1319747
586.7830433
116.5942322
535.3018035
797.6625076
549.7070897
494.0759382
727.1994752
711.3689972
632.7930591
506.9101432
596.2952936
554.8280806
481.2432864
599.3769111
595.0236379
102.1095675
128.4004926
147.2828826
715.9644657
615.401958
720.3860879
610.8074213
596.0712714
587.2178403
530.4950716
383.839399
0
0
0
0
0
0
0
0
0
0
0
133.3406854
158.9155115
0
0
459.8926009
529.3384409
193.904589
118.66511
119.1174871
109.0700398
146.3578495
671.1875543
597.7091032
768.1753239
648.6584775
141.3637673
368.1795595
474.6372091
591.4466325
595.9056239
609.4159889
525.9135614
120.6126132
0
0
152.3744334
161.546171
144.4636076
628.651926
782.8486549
560.5344675
0
0
0
0
0
0
0
0
0
0
449.7991128
615.6733055
804.8272602
563.9825984
0
506.0636309
733.3306164
637.7998431
0
532.7000031
683.143553
826.436328
819.4796176
867.0407756
773.7298795
757.0333922
742.1966191
756.7603001
521.4620041
619.2299065
536.4575539
551.3950865
556.8083566
643.8575846
600.0416977
500.5091015
498.4762155
539.4679509
464.3174716
466.0582207
734.9691485
0
0
0
0
0
0
478.312057
0
0
0
0
406.1121721
673.1689445
682.8106651
736.8245894
768.5418488
576.9398442
128.5303444
0
106.6046784
0
506.9279962
792.8692581
675.6114866
688.5503913
658.2635563
764.2687392
490.7037398
509.5347168
664.7694152
628.2762739
624.5398067
755.1051379
782.6523994
669.97821
671.3406007
579.903323
99.00650867
0
0
0
0
0
0
0
0
431.1743751
433.7541783
0
0
0
388.3748881
563.5000609
526.538162
0
129.9718651
234.1175783
248.7777073
120.4921354
144.5237082
142.7765387
419.406405
726.2787906
135.3170188
138.4699096
125.3289277
0
632.6446884
0
369.8588476
0
0
0
0
496.7644546
504.0076866
574.6761422
581.3838788
534.0961077
486.4679517
436.1555166
0
0
0
0
156.8852256
112.9581667
147.7205292
0
0
123.4763525
0
522.8377336
553.3783238
458.674642
0
0
0
86.56180959
126.4807487
121.7730025
121.4565858
135.0516077
131.0040282
75.65676562
0
0
618.0795062
640.4860006
0
469.5291609
489.640155
116.8798034
130.6012873
140.7131435
135.1092347
0
476.1041095
514.7873456
509.2404949
431.779165
0
0
0
0
0
233.4053977
181.8537634
0
0
107.2595884
156.6453019
0
467.0597392
150.5135403
93.53687573
0
0
0
486.7989966
605.0511512
522.3785369
0
387.8888573
0
93.85945871
110.4659195
76.739217
0
0
117.489166
112.3044414
117.9290252
83.28967964
0
89.73234406
115.6514429
112.3182909
118.347595
508.3910672
494.8676391
0
0
0
0
0
176.7239709
205.8560666
0
0
82.88825169
134.4125708
0
0
109.3792957
0
0
0
466.4287896
511.9901156
0
514.9305893
516.0825627
0
0
0
0
0
0
0
0
125.6146129
122.706122
102.3900941
0
0
0
102.340647
170.1701025
143.9454286
0
0
0
0
0
0
127.7715342
237.031979
187.0067842
0
101.7568535
0
0
0
0
0
0
0
457.894028
0
0
0
0
0
412.5282633
529.7234577
364.5340116
0
0
488.5954452
576.1676786
666.7211046
630.3663834
736.4337124
804.3653124
759.5936843
742.1169121
669.7439829
650.2591671
0
0
0
0
0
0
0
0
206.8167129
619.1371322
0
0
0
0
0
0
0
0
0
0
0
0
0
0
0
0
0
0
613.8976408
531.2208132
0
0
0
0
90.31018323
128.5734437
129.1020645
879.3438798
1185.532746
0
0
0
0
0
0
0
0
635.6995043
687.7873399
168.3452449
0
421.4815661
634.9377167
75.15239891
116.078909
87.72275178
0
0
75.04228099
491.0175245
0
138.5717856
183.4126904
189.0942207
176.3982388
187.2215517
652.6109285
732.5256901
464.3065233
0
0
0
0
0
0
0
113.8827291
0
0
0
0
0
0
0
0
0
495.975413
694.7999673
251.6223538
0
532.6107811
0
0
134.5007149
139.0114096
0
127.8259258
172.2532131
0
0
0
96.74749401
506.1624835
643.6732456
168.6479845
128.6443632
0
503.209584
0
0
0
96.93476781
87.29527224
0
0
0
0
0
0
0
547.4389095
437.7669285
0
0
383.3211014
128.5405726
0
0
0
110.483084
108.7286211
0
0
0
109.3753552
191.334242
136.6293348
0
499.6472785
495.9198854
531.3906543
621.2537386
596.9313293
642.0599483
640.1476611
578.8412739
444.8813091
0
0
96.85870124
102.2110683
128.0596854
0
0
0
0
0
0
0
0
0
0
164.8065609
322.0672013
360.9554614
327.9920502
326.2720534
342.2297319
292.0382714
278.4575961
300.8352063
186.1644926
0
0
0
0
0
0
0
84.57706948
0
0
473.1346062
596.931282
530.7175971
0
0
0
0
0
0
0
0
0
0
0
0
0
0
0
0
0
0
0
0
0
0
232.9808244
277.5270616
306.2642305
305.810748
321.0775831
331.2522023
0
0
0
0
0
0
480.6001306
538.9675127
610.7895913
620.4303523
545.2927838
535.8945977
0
0
0
0
0
0
0
102.7466648
121.6331012
0
0
0
0
0
0
0
0
0
0
0
0
0
0
0
0
0
0
0
0
0
0
0
421.2437596
532.3332747
438.9263388
0
0
0
0
0
0
0
0
0
131.7880487
118.4764805
81.00304182
0
0
0
0
0
0
0
0
0
0
0
0
0
0
0
0
0
0
0
0
81.28385969
87.83731845
458.9009698
0
0
0
0
0
0
0
0
0
0
79.28327791
0
0
138.7420946
128.5990117
0
0
0
0
0
0
0
0
0
0
0
0
0
0
0
0
0
0
0
0
0
0
0
0
0
0
639.4062973
0
0
0
0
0
159.1635865
199.79262
192.09859
122.4097653
0
0
0
0
0
0
0
0
0
0
0
0
0
0
0
0
0
0
0
0
0
0
0
0
0
0
0
0
0
0
0
0
0
0
0
0
0
0
0
0
0
104.8966326
123.8062983
120.9515016
121.5044186
122.0176314
132.0690731
124.2373676
0
0
0
0
0
0
0
0
0
0
0
0
0
0
0
0
0
0
0
0
0
0
0
0
0
0
0
0
0
0
0
0
0
0
0
0
0
144.2825224
236.2707848
0
0
0
0
0
0
0
0
0
0
0
0
102.6916896
129.906358
124.1046359
126.1027935
137.9106706
146.3831266
138.8864627
143.7225506
137.899386
130.4670253
0
0
0
0
0
0
283.5777166
284.2715144
0
0
0
0
0
0
0
0
0
0
0
0
0
0
0
0
0
0
0
0
0
0
0
0
0
0
218.8321755
176.0856273
0
0
0
0
0
0
0
0
0
0
0
0
0
0
0
0
0
0
0
0
0
0
0
0
0
0
0
0
0
0
0
0
0
0
0
0
0
0
0
0
0
0
0
0
0
0
0
0
0
0
0
0
0
0
0
0
0
0
0
0
0
0
0
0
0
0
0
0
0
0
0
0
0
0
0
0
0
0
0
0
0
0
0
0
0
0
0
0
0
0
0
0
0
0
0
0
0
0
0
0
0
0
0
0
0
0
0
0
0
0
136.7875377
116.3564933
0
0
0
0
0
0
0
0
0
0
247.698321
392.0753661
373.5920144
371.3520043
396.4796196
0
620.9444164
561.9725257
162.1497547
131.6018943
383.1927437
481.890063
518.6302354
601.7393782
581.5482572
475.0247271
0
125.2741431
121.0150727
113.0465266
107.8023663
500.6945352
103.7498085
106.1934398
599.0276476
0
0
0
0
0
0
0
0
0
0
168.7331467
163.434175
882.9540687
634.8088454
509.4926281
0
107.6122062
541.0864217
512.4113468
542.7295331
674.2762288
455.3679203
674.1894427
672.4168178
680.8459185
578.254694
196.3453191
627.0012008
543.4090078
139.4148527
555.9912136
492.4116557
0
0
0
0
0
0
0
0
0
0
0
0
0
0
0
0
116.2168677
136.2603119
0
0
0
748.5197486
507.1195632
0
0
603.4910071
488.6111076
0
740.8162088
0
702.773743
777.8841293
736.5784721
761.6035423
818.3862257
799.9582394
837.4529065
808.7549323
746.3705674
660.8864989
798.3301468
772.8625009
735.0300616
677.553466
646.2449925
478.8143198
516.7182171
512.9636158
496.7732674
450.8828548
0
0
0
0
0
0
0
0
145.6960685
120.8618586
507.6233144
112.0967008
0
85.09367527
106.3794367
0
126.4184233
581.9690872
594.5776412
0
155.9446531
532.4571334
454.6655963
461.4183733
482.4642911
0
135.7925717
132.4729586
570.79765
675.4686826
756.8303479
725.1789005
825.1290657
755.4246689
787.1412479
726.6869976
602.1733271
112.1350222
0
0
0
0
0
0
0
0
450.944837
0
0
0
0
425.7474084
468.2016144
463.4856119
0
0
546.1925814
631.0266106
0
0
155.548659
154.4210757
125.3400937
109.3995467
477.4311418
104.7682963
96.05505344
785.9907453
932.2986353
824.6159387
899.7803932
921.3817418
814.8006284
606.9333932
514.5873925
519.2893026
86.52725027
0
0
0
90.45633655
135.4437786
0
0
0
0
0
0
0
0
0
0
0
589.8514266
0
0
444.2039626
581.53868
751.5960644
506.6664493
273.2311273
164.282177
522.2782205
552.4514103
600.8249539
670.1988984
483.7771295
120.1321402
121.7741658
486.0669672
483.4027702
596.2758472
556.1996957
623.9660169
509.4185581
164.321661
488.9805593
479.0348374
469.8325592
484.1995671
505.8423238
0
0
0
0
0
0
0
0
0
115.2262026
240.5999723
149.9183318
0
0
0
0
0
434.2371547
578.3986795
550.1920146
632.8272911
602.4978753
0
429.7692618
513.1129101
445.5106813
622.6471904
697.7328942
649.3760916
136.1960416
116.9956026
128.1086617
116.3626994
0
0
0
459.4354225
636.7693683
617.5161967
140.6530578
156.8649729
649.2767874
689.6197311
0
0
0
0
0
0
0
0
222.23099
240.6753687
203.994189
0
669.412073
0
0
635.0975795
769.0367406
405.4443776
117.7841409
581.2338938
598.3919883
593.6520426
496.196807
850.5058741
889.8980369
714.7176616
785.4296036
778.8319311
738.2696988
807.8848401
743.4216378
635.5765195
548.7090571
569.2496026
626.4167998
598.8788378
514.4536207
510.2854884
503.209584
0
0
0
0
0
0
0
0
0
0
0
0
0
381.4520126
0
0
0
89.00725002
178.4089956
126.8385677
0
0
494.2843554
499.6670347
484.3183837
127.5607242
124.5912783
122.4932016
507.7190293
433.099018
0
0
373.4163945
0
504.4851245
380.6086636
378.0687682
478.8910844
521.0932795
549.4226665
558.171712
0
0
0
0
0
0
559.6731763
479.6744742
0
0
0
0
556.0514182
388.331524
0
0
0
0
129.1327255
196.2073108
167.429749
899.5537267
966.5533127
177.7549313
0
0
0
0
351.969576
508.463869
508.5470956
376.3637536
522.3901571
488.2303525
507.1420536
606.2350501
579.475947
604.3779206
467.29844
0
0
0
0
0
0
0
0
0
0
0
0
374.6867277
509.6279351
536.1624186
0
0
0
0
0
0
85.31846052
0
97.70178913
112.1738424
99.65825061
0
0
0
439.6431458
449.3848338
393.3610872
577.1556173
516.885989
457.2726419
107.897888
111.1847458
101.3287021
70.97481889
444.8561521
509.5638201
0
0
0
0
0
0
0
0
0
0
0
0
0
0
0
0
0
0
130.5541615
0
0
406.7409011
486.3164873
0
0
111.1706504
98.11886262
98.51128343
80.22773055
0
0
0
415.5686922
0
123.4111696
131.5373417
116.309061
125.0422009
116.2203389
0
0
0
0
0
0
0
0
0
0
0
0
0
151.0274787
0
0
0
0
0
0
0
0
0
0
0
0
0
0
0
427.8965038
0
621.256477
581.1994988
0
0
0
0
0
0
0
0
0
0
0
0
0
0
0
0
101.0685675
162.5922651
0
88.27659452
126.6113254
0
0
0
395.0290469
556.9765381
479.5747246
0
0
0
0
0
538.0201228
470.1750225
0
0
0
0
582.2685224
580.9767455
0
0
0
0
0
0
0
0
0
0
0
0
0
0
0
90.68313537
143.7304144
0
0
0
0
0
0
0
0
468.9108127
583.489345
489.8680035
0
0
0
0
0
0
0
0
0
374.2525911
490.9218292
506.2595804
491.8276782
0
0
0
0
0
0
0
0
0
0
0
0
0
80.47784563
118.5149446
236.5313822
0
0
0
0
0
0
0
0
513.6748095
562.3157831
565.094167
526.8942564
0
0
643.1591839
751.9818201
696.2289277
606.6531878
119.3001887
122.3305947
113.692026
114.5342034
123.1410328
115.3003582
0
0
0
0
0
0
430.862291
459.4500422
0
0
0
0
383.8753212
0
0
0
108.027101
113.3741281
0
0
0
0
0
0
436.6048171
560.3046227
516.856607
503.4183142
133.8564795
122.3860727
0
0
0
0
0
0
0
0
0
0
0
0
0
444.1103025
0
0
445.3000516
485.4327226
474.9636268
615.4442335
476.2838083
473.6082924
581.2696379
109.2611551
130.3371089
122.9778158
0
0
0
444.2369064
449.5001555
0
380.4461092
563.9660712
0
0
0
0
0
0
0
0
0
0
0
0
0
0
0
0
0
0
0
0
0
376.3763235
0
0
394.5762878
482.5609525
463.8170673
105.0147594
127.2814299
0
134.8014867
143.7113013
145.2115403
99.48783069
0
0
0
0
0
0
0
0
0
0
0
0
0
0
0
0
0
0
0
0
0
0
0
0
0
0
0
0
0
0
94.5441583
0
0
0
0
302.7339909
286.2947933
309.4271026
271.414842
181.1390382
0
0
0
0
371.9975819
444.5242583
0
0
0
0
0
0
0
0
0
0
0
0
0
0
0
0
0
0
0
0
0
0
0
0
0
0
0
0
166.069524
0
0
0
0
0
435.7267527
497.1297476
0
0
0
0
0
0
0
0
0
0
0
0
0
0
0
0
0
0
0
0
0
0
0
0
0
0
0
0
0
0
0
0
136.630521
146.7695223
0
0
0
0
0
0
0
0
0
133.8547029
133.4615463
101.8829511
0
0
0
0
0
0
0
0
0
0
0
0
0
0
0
0
0
0
0
0
0
0
0
0
0
0
0
0
0
0
0
120.4570557
121.7862508
100.4744999
0
0
207.7444983
141.485672
0
0
0
0
0
0
0
0
0
0
0
0
0
0
0
0
0
0
0
0
0
0
0
0
0
0
0
0
0
0
200.2293946
223.0160148
193.7684243
0
0
0
0
0
0
0
0
0
0
0
0
0
0
0
0
0
0
0
0
0
0
0
0
0
0
0
0
0
0
0
0
0
0
0
0
0
0
0
0
0
0
0
0
0
0
0
0
0
0
0
0
0
0
0
0
0
0
0
0
0
0
0
0
0
0
0
0
0
0
121.5108382
120.4141445
0
0
0
0
0
0
0
0
0
0
0
0
0
0
0
0
0
0
0
0
0
0
0
0
0
0
0
0
0
0
0
0
0
255.5789753
0
0
0
0
0
0
0
0
0
0
0
0
0
0
0
0
0
0
0
0
0
0
0
0
183.2235961
328.5126331
0
0
0
0
0
0
0
0
0
0
0
0
0
0
0
0
0
0
0
0
0
0
210.9136256
319.7127639
202.5913582
0
0
0
0
0
0
0
0
0
0
0
0
0
0
0
0
0
0
0
221.8224862
0
0
0
0
0
0
0
0
0
0
0
0
0
0
0
0
0
0
0
0
0
0
0
0
0
0
0
0
0
0
99.74770436
126.9097158
0
0
0
0
0
0
0
93.06850098
0
0
0
85.63052071
0
395.6961668
0
0
771.420636
140.0314929
0
0
92.54017132
0
467.5577682
505.3319082
688.5702827
375.4189082
0
0
0
497.6441909
544.1226251
564.7741628
554.4925397
527.5027799
0
0
0
0
0
0
0
0
0
0
0
119.9474766
0
120.1331034
127.7233019
0
0
121.2330771
672.5914278
485.7855821
780.3748513
519.6903703
110.9776558
69.6111485
0
111.4748574
618.8591503
643.4683706
200.0239285
146.0784926
170.7528464
680.9784793
609.6709621
542.6581079
520.5371802
515.6149622
450.5462104
0
0
0
0
0
0
0
0
0
0
0
0
0
0
0
198.4176716
0
748.6619886
626.1744525
0
0
370.268183
124.9542063
367.6907137
371.48401
472.2142218
356.7873463
0
361.9855469
536.875692
513.8513738
618.6012995
789.8719332
769.2065376
792.8610402
724.6828814
666.0560665
674.7932419
710.4994767
645.4178799
546.3072875
609.4947025
644.8789402
447.9518555
0
0
0
0
0
0
0
0
157.9018365
0
0
0
0
0
0
120.8015186
99.3166678
120.659583
592.7883408
483.681683
507.883196
589.6595977
666.8212598
534.5286785
542.0264798
517.2885742
0
0
584.4479075
623.5478868
730.8611716
728.0286893
646.2307222
725.2105139
773.7464047
654.1525216
582.7234309
775.7631335
829.536484
757.2261088
758.1496339
669.4497224
0
0
0
0
0
0
0
0
0
0
0
379.0416494
446.5517728
0
0
92.03556145
107.1826035
0
119.7860542
154.4069406
124.1128413
120.212478
0
438.8951894
468.4640866
594.2409789
505.5798212
114.4368877
112.2214042
155.4829816
701.7089031
621.9553041
685.9293069
881.412657
805.1922391
0
0
416.7345664
0
0
0
0
0
0
0
0
0
0
0
0
599.1501169
0
384.2823527
511.4745929
514.0405446
507.6185121
624.3529053
608.7780861
100.5697425
0
483.3841713
415.112956
584.0075265
680.5427976
675.8536929
591.2430004
498.040214
374.922146
573.3406349
0
0
0
0
0
86.73799839
523.5371594
513.3483876
512.4423897
529.9796194
516.6307718
0
0
0
0
0
0
0
0
0
0
0
0
552.0951432
554.6567266
455.9453628
499.379818
641.3992865
619.2011733
719.8487936
625.3554216
0
473.0583574
546.8867541
526.0718246
543.7578586
682.4789117
150.8807767
92.82725954
483.6460187
0
0
0
536.7604742
718.4329047
706.8576164
656.2339731
666.5118265
603.0002421
539.9632053
414.6764931
0
0
0
0
0
0
0
0
0
0
0
0
630.1462328
0
0
405.6398767
582.1909805
193.7297359
198.8693648
534.7272872
564.2710292
637.7552026
610.6017972
0
0
374.7413511
718.717469
709.7139316
749.7979564
669.9851685
0
468.9314254
553.3766264
0
0
0
526.1225621
538.5179754
535.9964052
493.0695536
0
0
0
0
0
0
0
0
0
0
0
0
0
0
0
0
0
424.266578
108.3462238
0
101.3982483
639.5416541
86.4531239
0
395.0986145
180.5842355
390.6395016
835.7935786
962.9113725
786.3090377
205.9151784
0
0
0
0
0
0
0
0
0
0
0
0
0
0
0
0
0
0
0
0
0
532.2201711
505.2063347
386.916287
0
0
545.592124
128.7945692
129.3812788
444.2380831
580.9767455
415.2290007
823.739208
752.045567
0
0
0
587.1300896
658.0625192
445.9031824
489.4899687
520.6293816
519.5129709
374.8706758
0
0
0
0
0
0
0
0
0
0
495.982435
467.6274022
0
0
0
0
374.2271122
0
0
0
0
461.0631488
484.2166786
99.16817613
74.30382991
459.1064713
533.9850181
78.14101978
110.7356024
97.64395476
0
0
456.2474833
379.5128456
388.5989571
532.7761364
505.9627377
455.2673547
0
0
100.1523657
107.3682969
104.1205949
0
0
0
0
0
0
0
0
0
0
0
575.6061008
580.6805367
0
81.61394843
0
0
0
94.60369304
79.61738751
107.8456992
123.7271085
97.70788054
0
0
0
0
0
0
0
0
0
405.1122534
529.1285376
481.3480031
0
109.2651456
143.6419074
144.4100204
0
0
0
0
0
0
0
0
0
0
0
419.185338
0
97.80148335
122.1124554
0
0
0
0
0
0
0
0
0
0
0
0
0
459.9538608
0
491.8800824
442.5731699
0
416.5452653
554.1343939
514.5327133
0
0
0
0
0
0
0
0
0
0
0
0
0
0
0
179.1457029
0
0
0
0
0
469.6397563
501.0909146
0
0
0
0
0
482.266948
462.0269832
0
534.0926597
415.5330889
0
0
0
0
0
460.6513822
0
0
0
0
0
0
0
0
0
0
0
0
0
0
110.3441383
113.3519106
0
0
0
0
0
0
122.2035258
87.81384505
0
0
0
0
0
0
0
0
0
0
0
0
382.6116302
524.8016156
511.7680679
0
0
0
0
0
0
0
0
0
0
0
130.9289548
198.8987412
0
0
0
0
0
132.2892683
138.2784473
95.86066159
0
0
0
0
0
0
0
437.3806357
409.4497131
547.9395734
640.3822951
584.6156421
0
0
0
0
0
0
0
0
0
0
0
448.7310339
425.433418
0
0
0
227.9591227
179.6066162
0
0
0
86.52455048
101.7815588
0
0
0
0
0
0
0
0
0
431.690578
642.7461048
0
0
118.8289107
113.4901705
116.417228
0
0
0
0
0
0
0
0
0
0
0
0
0
0
162.5034548
0
0
0
0
0
0
0
0
0
377.8992673
441.7873669
0
0
0
0
0
170.8589201
0
0
0
96.9813405
125.3673333
130.5127912
0
0
0
0
0
0
0
0
0
0
393.7645858
541.7769388
102.2712934
0
0
378.1134638
501.838609
481.6744785
502.7392304
476.7121503
474.890245
472.5446135
593.7751588
511.2889654
0
574.2217887
0
0
0
0
0
0
0
0
0
0
0
0
0
0
0
0
0
0
0
0
400.6416421
0
0
0
0
0
0
132.5836169
278.2133199
501.9656895
445.9370169
463.8889576
845.5309103
1017.32004
867.4007472
202.4662127
0
0
0
0
0
0
0
0
0
0
0
0
0
0
0
0
0
0
0
0
0
0
0
0
0
0
0
0
0
0
0
0
510.9202283
464.6355721
0
0
0
0
0
0
0
0
0
0
0
0
0
0
0
0
0
0
0
0
0
0
0
0
0
0
0
0
0
0
0
0
479.6909203
551.4708537
0
0
0
0
0
0
0
0
0
0
0
0
0
0
0
0
0
0
0
0
0
0
0
0
0
0
0
0
0
0
0
0
541.5040103
465.1388047
0
0
0
0
0
0
0
0
0
0
0
0
0
0
0
0
0
0
0
0
0
0
0
0
0
0
0
0
0
0
0
496.0948701
540.1826128
0
0
0
0
0
0
0
0
0
0
0
0
0
0
0
108.2057515
122.3743855
106.8846543
0
0
0
144.7293339
197.525304
141.626232
0
0
0
0
0
0
374.2467738
537.2792032
445.6981717
0
0
0
0
0
0
0
0
0
0
0
0
0
98.45828922
131.0149763
101.939904
0
0
0
172.8774235
198.1605157
192.8761945
206.8939262
156.5213665
0
0
0
0
487.504312
522.6294077
0
0
0
0
0
0
0
0
0
0
0
0
0
0
0
0
0
0
0
0
0
0
0
0
0
0
0
381.606431
0
0
0
0
0
0
0
0
0
0
0
0
0
0
0
0
0
0
0
0
0
0
0
0
0
0
0
0
0
0
0
0
0
0
0
0
0
0
0
0
0
0
0
0
0
0
0
0
0
0
0
0
0
0
0
0
0
0
0
0
0
0
0
0
0
0
0
0
0
0
0
0
0
0
0
0
0
0
0
0
0
0
0
0
0
0
0
0
0
0
0
0
0
0
0
0
391.9511987
0
0
0
0
0
0
0
0
0
0
0
0
0
0
0
0
0
0
0
135.6710758
109.9224753
0
0
0
0
0
137.6340351
0
0
0
89.0942354
487.9468426
528.4824906
610.4242595
586.8438212
633.3198006
148.5659353
115.2134271
0
102.8675645
113.849869
585.4358468
599.9824688
548.0727014
733.2354877
765.5495087
700.600892
555.4873501
82.38658438
115.8803604
123.1821351
95.78834272
0
0
0
0
0
0
0
0
80.26438942
0
0
0
0
0
133.2814589
0
0
0
0
609.3197814
138.3574046
190.3922432
159.1023239
605.1818487
617.0272219
404.6695803
0
418.4343645
469.2953268
424.9817057
0
599.1702043
702.2097572
437.4390486
0
567.0302379
489.0842997
483.0710845
467.2692439
610.7638962
616.1890871
0
0
0
0
0
0
0
0
0
0
96.71147092
139.4007957
0
719.8150471
0
0
0
115.4397651
681.6752175
469.2158863
93.10816224
640.7280756
611.8588738
137.349648
526.6522114
576.9385018
606.1286022
0
439.6271533
575.2474695
583.5491887
578.3629542
508.7646949
672.9996385
586.319679
592.0212775
526.5469592
0
0
0
0
0
0
0
0
0
131.8007743
0
0
0
0
0
0
0
889.06235
155.025127
171.6302547
452.8025615
521.7928275
526.1044773
599.7898357
548.3470632
589.2805326
523.6803176
544.716032
460.237415
101.1347775
527.1634419
594.1993006
141.9362355
126.4729613
84.98633542
0
462.5901714
576.2079744
457.0032656
0
0
0
183.4145907
0
0
0
0
0
0
182.1044719
0
0
0
0
0
383.7684354
0
0
0
0
0
0
78.42503723
116.5401222
101.9800126
145.5376524
90.73280501
559.758212
471.5183311
463.9049787
546.4856382
74.31167927
0
0
528.1409764
615.568714
650.1937632
786.8793227
864.8619419
650.8565648
629.3554476
0
471.6674693
0
0
0
0
0
0
0
0
0
0
573.0027768
0
560.830518
0
0
0
0
524.0418228
592.155174
137.8663338
108.9054795
0
0
374.8255094
532.038843
480.2362529
372.9163326
578.0321604
586.515561
607.3928126
465.4828098
552.2443216
382.3018685
458.1685461
518.2036477
634.9894363
720.7397042
581.468657
569.0675878
536.4045346
0
0
0
0
0
0
0
0
0
0
0
0
0
0
0
434.1886812
497.6349294
483.3697589
374.6800838
612.4389241
230.8463937
415.8520713
522.6618963
0
379.3791638
558.0417705
642.2062409
656.5241528
527.5938617
547.6862273
579.9616373
445.5562878
618.2615236
0
0
759.1370509
837.3924969
850.4562234
633.821513
451.9442126
0
0
0
0
0
0
0
0
0
0
0
0
0
0
0
423.9982693
477.421346
0
162.7436536
585.7034151
626.5765357
547.1226583
572.8185656
0
423.9698758
607.9997271
762.8335235
771.8471729
696.7249378
734.1117625
692.2264992
781.1421122
0
0
116.7159269
124.3918686
0
119.8506506
145.0857258
0
0
0
0
0
0
0
0
0
0
0
0
0
0
0
473.6049813
0
0
0
0
121.8475863
115.2284755
488.9348012
548.1781211
607.0183556
0
555.4555414
521.7509963
582.6372328
788.4202134
869.0879495
810.5312697
582.4763121
124.4363714
84.30899275
0
0
441.2159488
579.4977579
0
0
0
0
0
0
0
0
0
0
0
0
0
0
0
395.2064046
580.7486105
494.2106768
92.76203317
147.0609562
131.7298777
618.6700821
611.2826664
432.5886975
473.5801617
581.6964359
450.3269472
0
460.1020278
556.0041893
574.7567518
509.4450019
414.1052447
484.8396231
489.5947604
493.2147805
498.6815503
445.3839239
0
0
0
0
0
0
0
0
502.1434667
0
0
0
0
0
0
0
0
0
0
0
0
0
0
536.3820836
509.3647893
618.2243487
604.8853894
101.2913972
109.364933
111.4230661
116.2160328
749.0988407
690.3867806
116.8768657
513.1905523
474.9340804
469.3602949
469.5949911
471.2491956
496.6503054
0
0
0
0
0
0
382.9648316
533.1198981
0
0
0
490.4372971
0
0
0
0
0
0
0
0
0
95.28199093
496.7734124
0
0
0
0
0
0
0
464.3819631
587.4151813
707.1923096
121.0384481
170.0366657
180.1930956
182.3297126
191.6397367
0
0
0
0
0
0
0
0
0
0
0
454.5643964
533.4915691
0
96.31539104
120.8103047
0
0
0
0
0
0
108.1823944
121.7853206
127.81018
130.194364
105.9995467
0
0
0
0
468.6615216
524.2975502
535.8972823
458.1685461
492.3987999
596.8435321
0
0
0
0
0
0
0
0
0
0
0
0
500.4798581
494.4355724
0
0
127.9031896
87.7583278
0
0
441.1295787
532.8007459
0
133.3785399
136.2006561
112.75711
87.61828557
0
0
0
0
0
0
0
0
0
468.1036837
537.1867889
0
0
0
0
0
0
0
0
0
0
0
0
462.1947898
514.3679189
0
0
136.4650325
104.1623044
0
0
0
128.8441053
91.207582
0
0
0
0
0
0
0
0
0
0
0
0
0
0
0
0
0
0
0
0
0
0
0
0
0
0
0
425.2194898
533.4997998
0
0
0
0
0
0
0
0
0
0
0
0
0
0
0
0
0
452.4191201
517.7780674
0
0
0
0
0
0
0
0
0
0
0
0
0
0
0
261.563712
439.0537185
566.0287021
0
0
0
0
0
0
0
0
0
0
0
0
0
477.4920974
490.8863786
115.1172322
122.3633488
558.7663015
595.4645618
485.2033512
115.6341152
0
0
0
0
0
0
0
0
0
0
0
0
0
398.7487427
563.9020543
0
0
0
0
0
0
0
0
0
0
0
0
0
81.18548496
129.7360517
0
0
0
0
0
0
0
0
0
0
0
0
0
0
0
0
0
148.1020371
98.50473939
389.1212647
423.5766019
0
0
0
0
0
0
0
0
0
378.234523
425.8501603
0
0
106.8972781
89.40676326
0
0
0
0
0
0
0
0
0
0
0
0
0
0
524.5668202
0
162.0024264
99.5408016
0
0
0
0
0
0
88.45444211
0
0
0
0
885.0631893
965.7583032
901.4463295
494.93861
500.0599962
465.2988797
535.057084
515.4818636
420.4897892
0
0
0
0
0
0
0
0
0
485.739645
0
0
0
0
0
0
0
0
0
88.5234875
122.840111
127.6363628
121.9401075
98.58796563
0
0
0
0
0
0
0
0
0
0
0
0
0
0
0
0
0
0
0
0
0
0
0
0
0
0
0
0
0
0
0
0
0
0
0
0
0
0
0
0
0
0
0
0
0
0
0
0
0
0
0
0
0
98.6215371
0
0
0
0
0
0
0
0
0
0
0
0
0
0
0
0
0
0
0
0
0
0
0
0
0
0
0
0
0
0
0
0
0
0
0
0
0
0
0
0
0
0
0
0
0
0
0
0
0
0
0
0
0
0
0
0
0
0
0
0
0
0
0
0
0
0
0
0
0
0
0
0
0
0
0
0
0
0
0
0
0
0
0
0
0
0
0
0
0
0
0
0
0
0
85.52959839
0
0
0
0
0
0
0
0
0
0
0
0
0
0
0
0
0
0
0
0
0
0
0
0
0
0
81.74222699
0
0
0
0
0
0
0
0
0
0
0
0
0
0
503.3731998
0
0
0
0
0
0
0
0
0
0
0
0
0
0
0
0
0
0
0
0
0
0
0
0
0
0
0
0
0
0
0
0
0
0
0
0
0
0
0
0
0
0
0
0
0
0
0
0
0
0
0
0
0
0
0
0
0
0
0
0
0
0
0
0
0
0
0
0
0
0
0
0
0
0
0
0
0
0
0
0
0
0
0
0
0
0
0
0
0
0
0
0
0
0
0
0
0
0
0
0
0
0
0
0
0
0
0
147.1451273
0
0
0
0
0
0
663.4467249
710.3251242
482.2288786
623.3822522
687.2225229
615.581429
116.0513958
99.78411432
0
100.0317483
118.366561
111.1817714
78.95311994
646.9580919
752.5820115
167.7560636
179.2451455
118.8092592
107.5955242
70.31726846
0
0
0
0
0
0
0
103.5525187
134.7915804
0
0
0
0
120.6597746
114.2952961
0
0
0
0
157.3809468
148.6253616
175.379582
240.0814061
261.2454947
268.2467581
163.0032345
461.5765422
498.9172889
501.5207892
501.2319075
0
75.02190868
86.18222964
0
92.88373766
647.0950711
645.6673015
124.7427984
129.6149334
0
0
0
0
0
0
0
0
0
0
0
173.1140815
0
0
117.3576927
0
132.6026554
159.1689309
0
0
0
0
540.6983401
609.100383
118.8310451
0
0
370.9537573
0
451.229734
671.7197848
647.9964661
743.0851695
625.4214775
128.0562847
138.0254972
93.62343444
135.2762628
599.5274645
609.9263588
0
0
0
0
0
0
0
0
0
0
0
0
0
73.20696178
125.883824
96.50753211
618.7433159
464.3819631
422.9515806
0
0
384.184318
506.927322
0
686.0598199
564.9434128
515.5847824
591.3511177
603.3515312
514.4470718
0
0
538.7137279
0
459.9671431
497.1227389
440.4078962
0
0
0
0
0
0
0
140.66943
0
0
0
0
0
0
0
0
0
0
0
0
490.5232222
662.8502242
107.3720996
0
148.1145658
126.5467007
0
0
0
0
0
0
98.41267835
428.7273643
0
0
413.5494027
661.092546
684.6779186
702.0301303
619.3486067
0
0
0
0
0
159.677904
0
0
0
448.496162
0
452.7910222
0
0
0
0
0
0
0
93.17875905
502.3225155
408.7350398
0
0
547.5596524
587.5182724
363.5604015
120.6513003
496.8361269
502.1241573
498.5219249
0
0
0
0
569.3692808
666.0970053
627.6983338
628.0042771
0
0
0
0
0
0
0
0
0
0
0
517.3796138
477.0345387
0
0
0
493.0844248
444.8646462
508.7324013
227.5093392
258.5205675
0
0
0
0
0
456.9480706
435.8280885
579.2824166
544.928029
517.277971
0
741.4579737
859.8546344
975.2869039
869.8386345
249.4994095
816.6146103
844.3965017
0
0
0
0
0
0
0
0
0
0
0
0
0
513.6107283
427.279337
0
423.8493636
522.6543746
0
0
186.9313886
217.1129915
614.7932442
511.6355819
0
0
0
100.5517582
560.1150292
0
0
347.9050257
225.1338264
242.0426105
0
533.0913263
641.6086943
643.0447743
523.4258719
0
0
0
0
0
0
0
0
0
0
0
0
0
545.5606124
513.1855837
0
0
0
0
0
0
0
515.0256312
468.4801352
0
105.4602569
174.5766148
548.3116561
436.0799847
0
0
517.4929571
508.8087805
531.1613193
466.2809889
0
654.2971685
760.8003214
0
0
0
0
0
0
0
0
0
0
0
0
0
0
0
0
0
0
0
104.44846
132.6179406
153.0686432
144.5359128
110.5337319
0
0
107.617543
492.252286
524.4950502
471.8279513
484.7091785
449.1583383
0
0
0
0
0
0
0
0
0
0
0
0
0
0
0
0
0
0
0
0
0
0
0
0
0
0
97.8749061
123.9579011
561.7028107
491.7140218
631.738225
715.0250337
470.5176007
0
0
0
0
0
0
0
0
0
0
0
0
0
0
0
0
0
0
0
0
0
0
0
0
0
0
0
0
0
0
0
0
0
559.7756224
450.2007209
0
356.7796592
630.2982919
644.1807511
609.3660142
467.3721883
412.3504539
476.0677502
488.533078
660.6684137
624.5872186
608.3034635
468.6653371
0
0
0
0
0
0
0
0
0
0
0
0
548.782476
0
0
0
134.0615188
117.1886302
0
0
0
0
0
0
0
0
90.58420113
0
0
449.6243669
450.4041251
0
0
0
441.807821
493.0335011
636.9891281
588.9986438
0
0
0
0
0
0
0
0
0
0
0
0
0
0
0
0
0
0
0
0
0
442.1660325
0
0
0
108.1921922
116.9565107
92.82338884
0
0
0
0
0
0
0
0
0
0
0
0
0
0
0
0
0
0
0
0
0
0
0
0
0
137.7681767
0
0
0
496.0975709
409.0146329
0
0
0
0
107.6145199
136.787618
126.1700972
0
0
0
0
0
0
0
0
0
0
0
0
0
0
0
0
0
0
0
0
0
0
0
0
136.5533664
137.9036443
0
0
0
0
0
0
0
0
0
0
0
504.7724994
0
0
0
0
0
0
0
0
0
0
0
0
0
0
0
0
282.999835
0
0
0
0
0
0
0
0
0
0
0
0
0
0
0
0
0
0
0
0
0
485.1524945
498.3782888
0
0
0
0
0
0
0
0
0
0
0
0
0
0
0
0
0
0
0
0
0
0
0
0
0
0
0
0
0
0
0
0
0
0
0
0
0
0
0
0
0
0
0
0
0
0
0
0
0
506.2682785
374.0071268
0
0
0
0
0
0
0
0
0
0
0
0
0
131.6483373
118.547052
0
0
0
0
0
0
0
0
0
0
0
0
0
0
0
0
0
0
0
0
0
0
0
0
0
0
0
0
0
374.8698243
0
0
0
0
0
0
0
0
0
0
0
0
0
0
0
384.9900597
443.2519126
0
0
0
0
0
0
0
0
0
0
0
0
108.6219075
125.1668674
0
384.2086107
494.5675544
474.1578527
500.5461125
0
0
0
0
0
0
0
0
0
0
0
0
546.9313809
0
0
0
0
0
0
0
0
0
0
0
0
0
0
0
0
0
0
0
493.0462261
0
0
0
0
0
0
0
0
0
0
0
0
82.74673976
0
0
0
0
0
0
0
0
0
0
0
0
0
0
0
0
0
0
0
0
0
0
0
0
0
0
0
0
0
164.293914
0
0
0
0
0
0
0
0
0
0
0
0
0
0
0
0
0
0
0
0
0
0
0
0
0
0
0
0
0
0
0
0
0
0
0
0
0
0
0
0
0
0
0
0
0
0
0
0
0
0
0
0
0
0
0
0
0
0
0
0
0
0
0
0
0
0
0
0
0
0
0
516.706037
545.7212691
526.532396
0
0
0
0
0
0
0
397.0720004
223.1293455
0
0
0
0
0
0
0
0
0
0
0
0
0
0
0
0
377.6416401
513.9924151
378.3599694
0
0
0
0
300.5286589
0
0
0
0
0
0
0
0
0
0
0
0
0
0
0
0
0
0
0
0
0
0
0
0
0
0
0
0
0
0
0
0
0
0
0
0
0
0
114.6426666
0
0
0
0
0
0
0
0
0
0
0
0
0
0
0
0
0
0
0
169.1436502
140.1567259
0
0
0
0
0
0
0
0
0
0
0
0
0
0
0
0
0
0
0
0
0
0
0
123.0405846
122.3914476
98.66779661
0
0
0
0
0
0
0
0
0
156.9456409
143.2584309
145.0684238
159.5062643
176.9893271
178.005106
185.7705397
160.5796036
167.3816842
365.4493756
506.4266157
457.5859866
0
0
113.2781178
0
0
0
0
0
0
0
0
115.2172382
0
0
0
0
0
0
0
0
106.3459673
103.9322406
0
0
149.3612866
172.6746186
269.2893734
360.4576007
643.3150637
652.2207309
661.2630556
542.023863
0
0
113.0148087
113.5516796
0
0
500.2720913
574.431264
507.5707924
538.1847883
0
0
0
0
0
0
0
0
0
0
91.43785026
127.5529247
0
97.56452526
447.0983264
641.3824734
642.4011131
696.464853
736.367482
489.7991167
488.5718803
502.3398969
512.1396302
635.4969931
608.3245068
468.3141012
532.3173689
458.99775
500.8127538
555.1677302
735.4446513
684.7332056
508.3404783
159.5776963
167.0847149
169.0001155
507.7553495
613.691854
539.3898192
0
0
0
0
0
0
0
0
0
0
0
133.8613756
0
0
124.7966318
88.90491991
0
417.4127588
0
0
0
0
384.7649156
0
94.67294475
650.7665075
585.4877057
402.0826388
394.7245562
0
0
477.1486237
380.1948546
595.3265883
473.7566061
0
0
0
0
0
0
0
0
0
0
0
0
0
0
0
0
0
0
0
0
0
0
0
679.7376833
599.737295
0
0
134.1948669
154.1519663
115.3285576
0
0
482.2189122
503.7332838
505.4291034
436.7987801
570.5876616
475.1647568
563.900345
509.9013578
436.2958899
530.3028442
514.7110561
0
0
0
167.9777517
107.3343176
0
0
0
0
0
0
0
0
564.6395027
432.2335568
0
0
0
0
562.4944269
494.2793879
498.27
0
0
574.9515955
622.1688107
0
125.5723896
600.3738839
468.7452943
427.988139
0
0
0
0
0
612.483481
636.2480188
0
0
0
93.33881814
141.584848
155.9632874
0
0
0
0
0
526.4828121
0
0
0
0
0
0
0
0
0
0
0
0
0
495.1853098
437.9843483
0
114.3907661
119.6028445
81.90044817
0
0
0
592.7425849
764.6582085
722.5726404
519.3408712
0
0
0
0
0
147.619876
95.56260616
0
0
0
0
537.885469
532.9061182
0
0
0
363.5707997
474.2478002
370.9671794
180.0287901
294.5804253
125.8198998
189.9858544
0
0
453.8679097
402.6630343
0
105.7163174
0
471.7487105
418.8276874
0
0
0
0
0
480.5300139
0
0
0
0
0
0
0
0
0
0
0
0
0
0
0
0
387.4534539
506.7978833
492.0595667
500.6752305
512.0397745
503.7469074
503.2417148
628.0920497
606.7573319
502.5010262
389.5016261
0
0
0
0
0
0
0
0
0
0
0
0
0
0
0
0
0
0
0
0
0
0
0
0
0
0
0
0
0
476.3190166
0
123.7251974
139.4393307
159.9198178
159.9775608
127.3270353
131.7538596
184.1375956
527.6023078
0
0
0
0
0
0
0
0
0
0
0
0
0
0
0
0
0
0
0
0
0
0
0
0
0
0
0
418.6839659
474.2071166
472.3125005
0
0
0
101.2026772
0
0
601.4925913
104.187183
108.135574
109.1678118
110.2460975
0
0
0
0
0
0
0
0
0
0
0
0
0
0
0
0
0
0
0
0
0
0
0
0
0
0
0
511.0874811
0
0
159.4386668
111.7640882
128.9836392
0
0
0
0
0
0
0
0
0
0
0
0
0
0
0
0
0
0
0
458.9647687
0
0
0
0
88.4458974
95.47413613
0
0
0
0
511.8645377
0
0
0
416.5287629
480.225539
497.3342788
491.4213505
507.3367793
488.5479527
503.8606086
476.449839
507.5116726
0
445.6977329
0
0
0
0
0
0
0
0
0
0
511.476505
0
0
0
0
0
78.9286595
65.66342593
0
0
0
0
0
0
0
0
0
0
0
0
0
0
0
0
477.9153655
498.6521133
0
0
0
0
0
0
0
0
0
0
0
0
0
0
0
0
0
0
0
0
506.8498563
546.2228902
509.6607298
521.58706
518.7893383
529.8354121
386.6441034
94.83425392
101.7363025
0
0
0
0
0
0
0
0
0
0
0
0
0
0
0
0
0
0
0
0
0
0
0
0
0
0
0
0
0
0
0
0
0
0
99.32538645
633.3362947
74.4219515
0
0
0
0
0
0
0
0
0
0
0
0
0
0
158.8724778
131.9700024
0
0
0
0
0
135.4268666
127.8084875
0
0
0
0
0
0
0
0
0
596.5173636
786.8490611
794.2458993
0
0
0
0
0
0
0
0
0
0
0
0
0
0
292.5792399
0
0
0
0
0
516.4376779
78.83188492
119.6028445
0
0
0
0
0
0
0
0
0
0
0
0
149.0528563
149.4125081
0
0
0
0
0
0
0
0
0
0
0
0
0
0
0
0
0
0
0
0
0
0
0
0
0
0
0
0
0
130.7051696
155.6458309
122.3738482
0
0
0
0
0
0
0
0
0
0
0
0
0
0
0
0
0
0
0
0
0
0
0
0
0
0
0
0
0
0
0
0
0
0
0
0
0
0
0
0
0
0
0
0
0
0
0
0
0
0
0
0
0
0
0
0
0
0
0
0
0
0
0
0
0
0
0
0
0
0
0
0
0
428.7500382
0
0
0
0
0
0
0
0
0
0
0
0
0
0
0
0
0
0
0
383.5950407
518.3592355
457.5503303
0
0
0
0
0
0
0
551.5315769
0
0
0
0
0
0
0
0
0
0
0
0
0
0
0
0
0
0
0
0
0
0
0
0
0
0
0
0
0
0
74.55929602
0
0
0
0
0
0
0
0
0
0
0
461.0477376
392.8995165
0
0
0
0
0
0
469.5269675
0
0
0
0
108.160752
0
0
86.48793746
146.7342081
0
0
0
0
0
0
0
0
0
0
0
550.9853294
542.8234944
502.9697181
0
0
0
0
0
0
0
83.74640528
0
0
0
0
0
0
0
0
0
0
0
0
0
0
0
0
0
440.2544935
393.8822933
0
0
0
0
0
0
0
0
0
0
0
0
0
0
0
0
0
0
0
0
0
0
0
0
0
0
0
0
0
0
0
0
211.2731257
378.4885381
161.1929532
0
0
0
0
0
0
0
0
0
0
0
0
0
0
0
0
0
0
0
0
231.4799005
0
120.9612377
159.0788715
143.8913341
148.674364
139.1022379
0
0
0
0
0
0
0
0
0
0
0
0
0
0
0
0
0
0
0
0
0
0
0
0
0
0
0
0
0
0
0
0
0
0
0
111.6174559
116.1600954
147.10214
139.8971055
135.4970706
122.7911434
0
0
119.9199663
136.8722969
131.1550411
139.7503202
133.7167663
444.7657585
482.2814222
479.4126674
0
0
0
382.4074564
523.4185417
480.455958
532.5866936
434.7102365
0
0
0
0
0
0
0
0
0
0
0
0
0
0
0
0
0
0
387.4534539
707.5203386
598.0834471
135.8458241
103.3317874
0
0
266.3770951
306.0073024
133.8361713
0
372.8770871
506.1267618
513.6122983
512.4863483
0
0
501.1232681
0
481.6095726
508.0181472
0
0
0
0
0
0
0
0
0
0
0
0
0
0
112.1600263
138.3032307
161.0858573
131.2139786
152.0751965
129.5453464
477.2321358
551.5779222
555.6743583
484.6384554
108.1663803
87.03035158
485.1537011
525.5880243
494.5276651
0
612.3611794
609.401689
524.3191184
121.2628937
141.9770302
156.7558041
185.4652619
572.0051214
0
0
0
0
0
0
0
0
0
0
151.0918768
112.573052
0
0
0
0
103.956486
88.82116324
0
74.01026587
133.7149494
103.3822206
0
513.9038582
0
483.3053408
78.70051762
0
0
0
413.060542
553.0374441
548.1307098
502.84451
484.2202047
522.0065166
500.7114197
496.4797771
0
0
0
0
0
0
0
0
0
0
0
0
0
0
89.69143499
113.7457266
0
0
0
114.7145766
74.55492165
0
0
100.4248583
123.4952667
94.69870358
123.7413507
112.3217556
0
0
524.3406824
507.6777472
564.0215053
566.2554754
575.0425846
588.5048568
521.1282169
482.0978301
0
0
0
0
0
0
0
0
0
0
0
0
0
0
575.0605954
0
0
0
0
567.9337747
529.2414956
374.4233877
522.2711496
450.2981766
0
523.5347157
655.7193689
489.6990986
0
0
423.7412558
518.8537709
561.8275311
484.0095436
0
0
0
552.0789455
0
0
0
0
0
0
0
0
0
0
0
0
0
405.4511583
0
0
122.7689826
0
0
406.0429868
437.5917305
0
0
0
0
0
0
0
0
114.6731548
94.218773
0
0
0
0
0
0
0
0
0
0
0
0
0
0
0
0
0
0
0
0
0
0
0
482.7578575
498.9414039
119.5687653
334.841502
0
0
0
0
547.0360952
366.8061677
0
0
0
104.3145091
133.6389718
0
432.1735163
371.3813116
0
0
0
0
0
0
0
0
0
0
0
0
0
0
0
0
0
0
0
0
0
0
0
0
0
469.4745032
568.5218045
0
444.4477596
0
0
0
0
0
120.5356901
182.253672
184.1193078
184.7439587
128.6750528
0
0
0
0
0
0
0
0
0
0
0
0
0
0
0
0
0
0
0
0
0
0
0
473.0044076
396.821805
0
118.0007126
145.5361934
115.1393498
0
0
0
0
0
558.219771
0
0
0
0
0
0
0
0
0
0
0
0
0
0
0
0
0
0
0
0
0
0
485.9901841
489.4987949
562.6452637
534.8322711
468.2395503
445.7044156
0
0
0
0
85.03937344
103.2871142
107.8930253
110.8164466
116.5824201
109.0730459
0
0
0
0
0
0
0
0
0
0
0
0
0
0
0
0
0
0
0
0
0
0
0
0
0
556.8705717
518.9015065
123.5459002
112.7048298
106.8364299
73.24799651
0
0
0
0
0
0
0
0
0
0
0
0
0
0
0
0
0
0
0
0
0
0
0
0
0
0
0
500.984786
0
0
0
0
0
0
0
0
0
0
0
0
0
0
0
0
0
0
0
0
0
0
515.4198228
427.2894477
0
0
0
0
0
133.5866407
124.7866878
0
0
0
0
0
0
0
0
0
0
0
0
0
0
0
0
0
0
0
0
0
0
0
0
0
0
0
0
0
0
0
0
0
0
0
0
0
0
0
0
0
0
0
0
0
0
0
0
0
0
0
0
0
0
0
0
0
0
0
0
0
0
0
0
0
0
0
0
0
0
0
0
0
0
0
0
0
0
0
0
0
0
0
0
0
0
0
0
0
0
0
0
0
0
0
0
0
0
0
0
0
0
0
0
0
0
0
0
0
0
0
0
0
0
0
0
516.4725384
797.4992491
684.5269252
0
0
0
0
0
0
0
0
0
0
0
142.4672136
264.2115731
0
0
0
0
445.4666138
0
114.5787878
133.5466492
0
0
0
0
0
0
0
0
0
0
0
619.3388859
107.338932
0
0
0
0
0
0
0
0
0
0
216.3531112
144.622797
0
0
0
391.0002478
491.5200104
0
92.36980914
150.0156213
115.4414616
0
0
0
0
0
0
0
0
0
0
0
0
0
0
0
0
0
0
0
0
0
0
0
0
0
0
0
0
0
0
0
0
0
0
0
0
0
0
0
0
0
0
0
0
0
0
0
0
0
0
0
0
0
0
0
0
0
0
0
0
0
0
0
0
0
0
0
0
0
0
0
0
0
0
0
0
0
0
0
0
0
0
0
0
0
0
0
0
0
0
0
0
0
0
0
0
0
0
0
0
0
0
0
0
0
0
0
0
0
0
0
0
0
0
0
0
0
0
0
0
0
0
0
0
0
0
0
0
0
0
0
448.694004
0
0
0
0
0
388.1482728
567.2905579
0
0
0
0
0
0
0
0
0
0
0
0
0
0
0
0
0
0
0
0
0
0
0
0
0
419.9112212
0
92.85873061
0
0
0
0
0
0
0
0
0
0
0
0
0
0
0
93.16323565
110.3152034
125.3644694
126.3897423
0
85.7772546
115.0373464
0
0
142.3489642
136.1845674
0
0
0
0
0
0
0
0
0
0
0
0
0
0
0
0
0
0
94.51124164
0
0
0
0
0
0
0
0
0
0
0
0
0
0
0
0
0
0
0
0
0
0
0
0
0
0
0
0
0
0
0
0
0
0
0
0
0
0
0
0
0
370.3540834
0
0
0
0
0
134.1161946
132.2232564
114.5118653
0
0
0
0
0
140.0795643
241.7278422
0
0
0
0
0
0
0
0
0
0
0
0
0
0
0
0
0
0
387.9820491
524.5878771
0
0
0
0
0
114.4560054
135.206635
383.5779804
493.4226207
419.4615428
0
0
0
477.8672915
482.5333756
488.7164681
415.1114526
0
0
0
0
0
0
0
0
0
0
0
0
0
0
0
0
0
0
445.0177071
0
0
0
0
0
0
275.2624013
236.9215822
162.5630161
0
444.6120451
471.7712732
587.1400593
531.6118304
410.7150089
503.6669285
499.233185
0
0
0
0
0
0
0
0
0
0
0
0
0
0
0
0
0
494.5636366
644.5080439
542.3410177
510.9246254
0
0
0
0
0
0
0
0
0
0
0
438.3547018
539.2947238
487.8668396
449.7208834
424.0042105
626.9695728
0
0
0
0
0
0
0
0
0
0
125.2068504
0
0
0
0
0
0
0
75.02823852
73.17066668
107.4542189
97.73325779
0
0
0
121.7991664
128.1473598
84.35879798
0
0
0
413.7901064
498.8135611
502.0531612
449.1474471
423.9599398
467.1018905
0
0
0
0
0
0
0
0
0
0
122.5262476
109.5949823
0
0
97.13783733
129.4476811
0
0
0
130.8642957
0
118.43897
108.0293532
100.3326261
66.5148119
0
96.79866124
580.295016
107.0845342
91.35698234
0
0
0
474.0428643
528.1618461
505.872598
488.9138854
0
0
0
0
0
0
0
0
0
0
0
0
0
0
0
0
131.6613292
107.8213255
0
0
0
0
467.3059951
517.5538476
0
0
605.4874523
125.0110632
121.0053671
121.161765
0
0
483.9980993
510.6336956
515.6132817
486.9422273
0
0
0
0
0
0
0
0
0
0
0
0
0
0
408.9381378
572.1746056
0
127.8007358
152.3926606
129.9504956
0
512.8948376
477.2621553
0
0
0
0
0
0
0
0
0
0
0
0
0
481.5288952
0
0
0
0
0
0
0
0
0
0
0
0
0
0
0
0
0
0
494.261938
524.9845646
159.7316858
798.2191483
222.3360972
0
0
0
0
0
0
0
0
0
135.2214375
109.7475391
523.7028051
562.3194958
515.2413308
0
0
0
0
0
0
0
0
0
0
0
0
0
0
0
0
0
0
502.4058336
456.6724212
0
103.4726593
123.1633119
127.5523912
128.418792
616.4344804
565.3946706
511.7663149
144.6444499
85.28874713
0
0
108.6014798
133.5833545
104.9493946
185.7878308
0
0
0
0
0
0
0
0
0
0
0
0
0
0
0
0
0
0
0
0
0
0
0
551.1120796
437.3641657
114.9306765
0
0
0
534.0503476
392.6380446
0
0
0
591.2835628
567.096213
0
0
0
0
0
0
0
0
0
0
0
0
0
0
0
0
0
0
0
0
0
0
441.0373203
514.230235
491.9921567
444.5845237
0
0
0
0
0
0
0
0
0
0
0
0
0
0
0
0
0
0
0
0
0
0
0
0
0
0
0
0
0
0
0
0
0
0
469.8562577
515.0222699
503.7759191
511.1415524
515.0023418
510.4504738
464.3341724
0
0
0
0
0
0
0
0
0
0
0
0
0
0
0
0
0
0
0
0
0
0
0
0
0
0
0
0
0
0
0
0
0
0
0
0
0
0
0
0
0
0
0
0
0
0
0
371.5818707
0
0
0
0
0
0
118.0506033
139.5390216
101.878609
0
0
0
0
0
0
0
0
0
0
0
0
0
0
0
0
0
0
0
0
0
0
0
0
578.4881066
0
0
0
0
0
0
0
0
0
0
0
0
0
0
0
0
0
0
0
0
0
0
0
0
0
0
0
0
0
0
0
0
145.4777827
0
0
0
0
0
0
0
0
0
0
0
105.588618
100.0197406
0
0
0
0
0
0
0
0
0
0
0
0
0
0
0
0
0
0
0
0
0
0
0
0
0
0
0
0
0
0
0
0
134.9582162
142.1456013
0
0
0
0
0
0
0
0
0
0
0
0
0
0
0
0
0
0
0
0
0
0
0
0
0
0
0
0
0
0
0
75.23961568
106.7469714
115.4438076
114.2287039
101.9153372
0
0
0
0
0
759.8071779
0
0
0
0
0
0
0
0
0
0
327.6058138
0
0
0
0
544.0468334
0
0
0
113.8939817
0
0
0
0
102.761864
112.0760298
114.4723611
99.20795451
0
0
0
0
0
0
0
0
0
0
0
0
158.1728698
211.9486963
0
0
0
0
0
0
0
90.0683094
128.8640721
78.13722707
0
0
0
0
0
0
0
0
0
0
0
0
0
0
0
0
0
0
0
0
0
0
0
0
0
0
0
0
0
0
0
0
0
0
0
0
0
0
0
0
0
0
0
0
0
0
0
0
0
0
0
0
0
0
0
0
0
0
0
0
0
0
0
0
0
0
0
0
0
0
0
0
0
0
0
0
0
0
0
0
0
0
0
0
0
0
0
0
0
0
0
0
0
0
0
0
0
0
0
0
0
0
0
0
0
0
0
0
0
0
0
0
0
0
0
0
0
0
0
0
0
0
517.4890233
413.7548189
0
0
0
0
0
0
0
0
0
0
0
0
0
0
0
0
0
0
0
0
0
0
460.1115973
0
110.3653966
109.5390814
0
0
0
0
0
0
0
0
0
0
0
0
0
0
0
0
0
0
0
0
0
0
0
0
0
0
0
0
0
0
0
0
0
0
0
0
0
0
0
0
0
0
0
0
0
0
0
0
0
0
0
0
0
0
0
0
0
0
0
0
0
0
392.493371
0
0
0
0
0
0
0
0
0
0
0
515.8879526
449.8128618
0
0
0
0
193.1739656
716.5153418
477.0615861
0
0
0
0
0
166.3525177
0
448.3546911
0
0
0
0
0
0
0
385.3613751
0
0
0
0
521.0929047
0
0
0
0
0
0
0
0
0
0
0
0
0
135.0676407
196.2497305
184.7403311
0
0
0
0
0
0
0
0
0
0
0
0
0
0
0
0
0
0
0
0
521.1033107
537.2321716
446.0744738
0
0
0
0
0
0
0
0
0
0
0
0
0
0
0
0
506.335473
449.8556544
0
0
0
0
0
0
0
0
0
0
0
0
0
0
0
0
0
0
0
128.6506101
125.1031128
141.8855777
0
0
0
0
0
0
0
0
0
0
0
0
0
457.8839622
480.3628691
479.0176211
0
0
0
0
0
0
0
0
0
0
189.0631355
0
0
0
0
0
0
0
0
112.9276715
0
0
0
111.2688297
126.7297585
120.0273854
585.9593457
496.1879901
0
0
0
0
0
0
0
0
0
0
0
0
0
0
0
0
0
0
0
107.2258405
0
0
0
0
92.40409424
136.1255032
132.2534352
118.8743155
0
0
0
523.955329
475.2881357
0
96.03523468
107.6405022
80.42515983
106.7886428
0
0
0
0
416.2584941
506.6455041
0
0
0
0
0
0
0
0
0
0
0
0
0
493.0525444
488.777758
0
0
0
0
94.98702165
130.2537076
126.9842877
130.2293407
132.8212632
136.444571
0
0
0
0
96.63214458
113.5585169
110.9993388
0
0
0
0
0
0
0
0
0
0
0
0
0
0
0
0
0
516.5979243
0
0
0
0
0
0
0
77.00341486
0
0
116.0394314
111.7029184
98.34169803
0
0
0
0
0
0
0
0
0
0
0
0
0
0
0
0
0
0
0
0
0
0
0
0
0
0
562.8998495
651.7175658
589.7219668
700.1565692
714.0626517
717.1043856
710.6712592
572.551368
506.558904
0
126.5520954
134.7523041
0
0
81.07939964
114.5844289
104.8496519
0
0
0
0
0
0
0
0
0
0
0
0
0
0
0
0
0
0
0
413.2840182
464.6983953
0
0
525.6853717
557.4370686
408.5772003
479.5935849
545.9335714
576.814611
523.7319506
466.9336799
0
0
0
92.71638912
0
0
0
0
0
0
0
0
0
0
0
0
0
0
0
0
0
0
0
0
0
0
0
0
429.8830273
513.8277574
372.757022
0
514.3207897
510.573505
369.9228215
0
0
0
0
0
0
0
0
0
0
0
0
0
0
0
0
0
0
0
0
0
0
0
0
0
0
0
0
0
0
0
0
0
503.9554527
538.040566
0
0
0
0
0
0
0
0
0
0
0
0
0
0
0
0
0
0
0
0
0
0
0
0
0
0
0
0
0
0
0
0
0
0
514.3379881
529.5978267
0
0
0
0
0
0
0
0
0
0
0
0
0
0
0
0
0
115.0552656
89.64923016
0
0
0
0
0
0
0
0
0
0
0
0
0
399.4496756
0
0
0
0
0
0
0
0
499.9644562
0
0
0
0
0
0
0
0
0
0
0
0
0
0
0
0
0
0
0
0
0
0
0
0
0
0
0
0
0
0
0
712.449073
728.3500931
492.5894696
475.6807316
94.74277284
0
0
0
0
0
0
0
0
0
0
0
0
0
0
0
0
0
0
0
0
0
0
0
0
0
0
0
0
0
0
0
0
0
0
0
0
0
0
0
0
0
84.16766752
123.4763043
93.16404571
0
0
0
0
0
0
0
0
0
0
0
0
0
0
0
0
0
0
0
0
0
0
0
0
0
0
0
0
0
0
95.78174149
115.1945249
103.658848
0
0
0
0
0
0
0
0
0
0
0
0
0
0
0
0
0
0
0
434.1690836
393.5821892
0
0
0
0
0
0
0
0
85.28493745
121.8786604
132.4065477
126.1862115
101.0851585
0
0
0
0
0
0
0
0
0
0
0
0
0
0
0
503.2711456
0
0
0
0
0
0
0
0
0
0
0
95.86131873
117.8564835
140.2872991
0
0
0
0
0
0
0
0
0
0
0
0
0
0
0
0
0
0
0
0
0
0
0
0
0
0
0
0
0
0
0
0
0
0
0
0
0
0
0
0
0
0
0
0
0
0
0
0
0
0
0
0
0
0
0
0
0
0
0
0
0
0
0
0
0
0
0
0
0
0
0
0
0
0
0
0
0
0
0
0
0
0
0
0
0
0
0
0
0
0
0
0
0
0
0
0
0
0
0
0
0
0
0
0
0
0
0
0
0
0
0
0
0
0
0
0
0
0
0
0
0
0
0
0
0
0
0
0
425.1319456
0
0
128.7228638
82.07595307
0
0
0
0
0
0
0
0
0
0
0
0
0
0
0
0
0
0
0
0
0
0
0
0
0
0
0
0
0
0
0
0
0
0
0
0
0
0
0
417.8317888
542.2115842
468.1224756
0
0
0
0
0
0
0
0
0
0
451.1273688
511.5983106
0
0
0
0
0
694.201794
625.9555417
0
0
0
0
149.87163
255.6147147
209.6211173
0
0
0
0
0
0
0
0
542.8009998
594.84632
529.8978925
427.1278581
0
0
0
0
0
0
0
0
0
0
0
0
0
0
0
557.5260809
237.2695402
183.7501623
0
0
0
0
0
0
0
0
0
0
0
0
0
0
117.4377829
0
0
0
0
0
0
0
0
0
0
0
0
0
0
0
0
0
0
0
0
0
0
427.5225456
499.6499526
0
0
0
0
0
0
0
0
0
0
0
0
0
0
0
0
0
0
0
86.44225455
122.0305516
0
0
0
0
0
0
0
0
475.2068665
506.2967888
497.1814067
0
0
0
0
0
0
0
0
0
0
0
0
0
0
0
0
0
0
0
0
0
0
0
109.0429764
102.5657241
0
0
0
0
0
0
0
0
0
0
422.1911988
0
0
0
0
0
0
0
0
0
0
0
0
0
121.7767305
109.133077
0
0
0
0
0
0
0
0
98.4043312
112.2989293
0
449.4316512
522.2267196
424.6920946
0
110.912775
0
0
0
0
94.0921812
124.0084855
80.51651585
0
0
0
0
0
0
0
0
0
0
0
0
0
0
0
0
0
0
0
0
0
0
0
0
0
0
0
0
0
0
93.17147401
144.4534857
135.3061778
0
0
0
0
0
0
0
0
0
0
0
0
0
0
540.1251542
583.5796257
561.4656007
583.5749865
563.1386779
0
0
0
0
0
0
0
0
0
0
0
0
91.62301551
0
0
607.4864209
0
0
0
0
0
0
0
0
0
0
0
0
0
0
0
0
0
427.356666
511.4514635
0
0
0
0
0
91.62178342
105.9934954
0
0
0
0
146.6556251
0
0
0
0
0
0
0
0
0
0
0
0
0
0
0
0
0
0
0
0
0
0
0
373.507637
466.7222747
472.4174319
0
531.4227673
681.9243114
491.2833971
107.8442684
422.0901857
483.4424123
556.0338744
557.4894529
423.7556969
460.4322046
0
0
0
0
0
0
0
0
0
0
0
0
0
0
0
0
0
0
0
0
0
0
0
0
0
0
0
0
0
0
0
0
0
0
0
0
0
0
0
0
0
0
0
0
0
0
0
0
0
0
0
0
0
0
0
0
0
173.917827
239.5022068
194.0479196
0
0
0
0
427.0812425
461.6502991
472.0386882
0
0
0
0
0
0
0
0
0
0
0
0
0
0
0
0
0
0
0
270.7909634
271.063357
286.8197731
256.5164074
211.353189
0
0
0
0
0
0
0
0
0
0
0
0
0
0
0
0
0
0
0
0
0
0
246.3662045
296.6925296
267.9916083
264.7877104
270.8884499
0
0
0
0
0
0
0
0
0
0
0
0
0
0
0
0
0
0
0
0
0
0
227.2910059
282.7425285
303.9480276
267.4358105
145.3047785
0
0
0
102.7473298
135.3743551
141.6012255
0
0
0
0
0
0
0
0
0
0
0
0
0
0
0
0
0
0
0
212.1213905
222.9044592
372.2949824
585.5672209
128.0735439
0
0
0
0
0
0
0
0
0
0
0
0
0
0
0
0
0
0
0
0
0
0
0
0
0
0
0
0
392.3427075
616.0261192
0
0
0
0
0
0
0
0
0
0
0
0
0
0
0
0
0
0
0
0
0
0
0
0
0
0
0
0
0
0
0
0
0
0
0
0
0
0
0
0
0
0
0
0
0
0
0
0
0
0
0
0
0
0
0
0
0
0
0
0
0
0
0
0
0
0
0
0
0
0
0
0
0
0
0
0
0
0
0
0
0
0
0
0
0
0
0
0
0
0
562.6715887
0
0
0
0
0
0
0
0
0
0
0
0
0
0
0
0
0
0
0
0
0
0
0
0
0
0
0
0
0
0
0
0
0
0
0
0
0
0
0
0
0
0
0
0
0
0
0
0
0
0
0
0
0
0
0
0
0
0
0
0
0
0
0
0
0
0
0
0
0
0
0
0
0
0
0
0
0
0
0
0
0
0
0
0
0
0
0
0
0
0
0
0
0
0
0
0
0
0
0
0
0
0
0
0
0
0
0
0
0
0
0
0
0
0
0
0
0
0
0
0
0
0
0
0
0
0
0
0
0
0
0
0
119.9538109
0
0
0
0
0
0
0
0
0
0
0
0
0
0
0
0
0
0
0
0
0
0
0
0
0
0
0
0
0
0
134.7431098
0
0
531.4855543
0
0
0
0
0
197.9604331
233.4868859
106.1030144
0
0
0
0
132.7116093
0
0
0
0
0
0
0
0
0
0
0
0
0
0
0
0
0
0
0
0
388.869423
420.4230293
0
0
0
0
403.2845324
560.1187155
673.2483793
417.2765095
0
0
0
0
0
0
0
0
0
0
0
0
598.6548428
632.077707
168.617286
175.9405104
167.7510734
186.5284734
161.8467944
162.4110415
169.1457201
130.1774756
0
0
0
0
0
0
0
492.6697838
607.9801044
440.3856238
0
453.2167247
422.9943611
0
0
531.5768378
0
0
0
0
0
0
0
0
0
489.0286147
484.6570158
0
0
0
0
0
0
0
115.2528651
161.5546568
118.4189863
0
0
0
0
0
0
0
0
0
0
0
0
0
0
0
0
0
0
0
0
0
0
0
477.912648
428.0885633
0
0
0
0
0
0
0
0
0
0
0
0
425.4047065
512.2736167
0
0
0
0
550.2786297
555.5189063
485.9879121
0
0
0
0
0
0
0
0
0
0
0
0
0
0
0
0
0
0
0
0
0
86.68039199
127.1542698
89.15113277
0
466.6524131
0
0
0
0
0
0
0
416.1581602
583.3144487
0
0
0
0
0
0
0
0
0
0
0
0
0
0
0
385.0935986
475.3348745
511.8419833
511.1183953
509.9632918
506.8421833
486.9426408
119.6668468
134.4736607
131.4673226
121.8837104
0
0
0
0
0
0
0
0
80.09059464
110.4199002
84.44213396
111.6930637
120.4679221
115.0321256
130.4526157
105.5149663
0
0
0
0
0
0
0
0
0
0
0
0
0
0
0
0
84.98537251
113.5738632
124.3788434
105.8744232
0
0
480.958283
467.6764528
677.1232678
0
0
0
0
0
0
0
0
0
0
0
0
0
0
0
0
0
0
0
0
0
0
0
508.0656504
512.7144784
0
0
0
0
0
0
0
465.4157145
0
0
0
0
0
0
0
0
0
0
0
0
0
0
0
0
0
0
0
0
0
0
0
0
552.4061021
429.7151055
90.91620857
88.72449536
97.84453787
530.1161319
670.5282768
559.233291
526.0500803
0
0
0
0
0
0
0
0
0
0
0
0
0
0
0
0
0
0
0
0
0
0
0
0
0
0
0
0
0
93.01582929
93.58790694
0
0
0
0
0
0
0
0
0
0
0
0
0
0
0
0
0
0
0
0
0
0
0
0
0
0
0
0
0
0
210.1205458
195.6399066
0
0
0
0
0
0
0
0
0
0
0
0
0
0
0
0
0
0
0
0
0
0
0
0
0
0
0
0
0
0
177.5336257
214.1646928
0
0
0
0
0
0
0
0
0
0
0
0
0
0
0
0
0
0
0
0
0
0
0
0
0
0
0
0
0
0
0
0
0
0
0
0
0
0
0
0
0
0
0
0
0
0
0
0
0
0
0
0
0
0
0
0
0
0
0
0
0
0
0
0
0
0
0
0
0
0
0
95.20996931
117.4196706
122.9663619
109.1104312
0
0
0
126.0097662
123.6690201
111.7055515
0
0
0
0
0
0
0
0
0
0
0
0
0
0
0
0
0
0
0
114.6617442
0
0
0
0
0
0
0
0
0
0
0
0
0
0
0
0
0
0
0
0
0
0
0
0
0
0
0
0
0
0
0
0
0
0
0
0
0
0
0
0
0
0
0
0
0
0
0
0
0
0
0
0
0
0
0
0
0
0
0
0
0
0
0
374.4181249
0
0
0
0
0
0
0
0
0
0
0
0
0
0
0
0
0
0
0
0
0
371.0143956
0
0
0
0
0
0
0
0
0
0
0
0
0
0
0
0
0
0
0
0
0
0
0
0
535.6952267
0
0
0
0
0
0
0
0
0
0
0
0
0
0
0
0
0
0
0
0
0
0
0
0
0
0
0
0
0
0
0
0
0
0
0
0
0
0
0
0
0
0
0
0
0
0
0
0
0
0
0
0
0
0
0
0
0
0
0
0
0
0
0
0
0
0
0
0
0
0
0
0
0
0
0
0
0
0
0
0
0
0
0
0
0
0
0
0
0
0
0
0
0
0
0
0
0
0
0
0
0
0
103.1288277
157.6076332
127.3138113
0
0
0
0
0
0
0
0
220.1550302
209.1303259
168.4453603
0
0
105.1894851
0
0
0
0
0
0
0
0
0
0
0
0
0
0
0
0
0
0
0
0
481.1687704
509.1023408
0
0
0
0
525.0874777
625.0065177
639.8725018
688.965897
564.6205625
0
0
0
0
0
0
0
0
0
0
0
0
0
0
0
0
0
0
107.2208912
137.8581174
132.4094321
143.8545785
134.2401903
135.0384855
130.9713108
0
0
0
480.0219698
0
0
592.4094734
510.6704758
508.6165262
0
0
0
0
0
0
0
0
0
0
0
0
0
0
0
0
0
0
0
0
94.17465275
0
0
0
0
0
0
0
0
0
0
0
0
491.8144143
0
0
0
0
0
0
0
0
0
0
433.6701542
0
0
0
0
0
0
0
0
125.6416786
144.4692786
0
0
0
376.9688529
0
0
0
0
0
449.0817884
513.5350989
526.606345
0
0
0
0
0
0
0
0
0
0
466.3898647
484.3393523
491.2720802
478.0661597
459.1141021
0
0
0
0
0
0
0
0
0
0
517.5392529
519.4899719
533.1327295
0
0
0
0
437.2250905
0
0
0
0
0
0
0
0
0
0
0
0
0
0
0
0
0
0
0
0
0
0
0
0
0
0
0
0
0
0
0
0
87.5981289
109.4493462
0
0
0
0
0
0
0
0
0
0
0
0
0
0
0
0
0
0
0
0
0
0
0
0
0
0
0
566.0217786
626.989429
672.6805662
0
0
0
0
0
0
0
0
0
0
0
0
0
0
0
0
0
0
0
0
0
0
0
464.0229169
515.2848292
0
0
0
0
0
0
381.157168
0
0
0
0
0
0
0
0
0
0
0
0
0
0
0
0
0
0
0
0
0
0
0
514.9153205
457.3312163
0
0
0
0
455.8480337
469.4408716
0
0
0
0
0
0
0
0
0
0
0
0
0
0
0
0
0
0
0
0
0
0
0
0
0
0
0
0
0
0
95.63723762
0
0
0
0
0
0
0
0
0
0
0
0
0
0
0
0
0
0
0
0
0
0
0
0
0
0
0
0
0
0
0
0
0
0
0
0
0
0
0
0
0
0
0
0
0
0
0
0
0
0
0
0
0
0
0
0
0
0
0
0
0
0
0
0
0
0
0
0
0
0
0
0
0
0
0
0
0
0
0
0
0
0
0
0
0
0
0
0
0
0
0
0
0
0
0
0
0
0
0
0
0
0
0
78.98600912
119.6805271
111.8455582
112.5835304
100.71246
0
0
0
0
0
0
0
0
0
0
0
0
0
0
0
0
0
0
0
0
0
0
87.89792212
108.4005226
0
0
0
0
87.61699556
0
0
0
0
0
0
0
0
0
0
0
0
0
0
0
0
0
0
0
0
0
0
0
0
0
0
0
0
0
0
0
0
0
0
0
0
0
0
0
0
0
0
0
0
0
0
0
0
0
0
0
0
0
0
0
0
0
0
0
0
0
0
0
0
0
0
0
0
0
0
0
0
0
0
0
0
0
480.0381411
525.7501075
518.7731142
514.2963943
494.6204572
493.145514
411.975475
0
0
0
0
0
0
0
0
0
0
0
0
0
0
0
0
0
0
0
0
0
0
0
0
0
0
0
0
0
0
0
0
0
0
0
0
482.4559974
434.2670181
0
0
0
0
0
0
0
0
0
93.38399855
134.4579158
86.99079237
0
0
0
0
0
0
0
0
0
0
0
0
0
0
0
0
0
0
0
0
0
0
0
0
0
0
0
0
0
0
0
0
0
0
0
0
0
0
0
0
0
0
0
0
0
0
0
0
0
0
0
0
0
0
0
0
0
0
0
0
89.2291239
142.2337432
138.7455477
131.5448114
134.5075019
130.9802326
134.4162618
137.2565758
139.8647568
134.2593374
140.3571107
122.9942359
0
511.2283055
553.7536866
0
0
0
0
0
0
0
0
0
0
0
0
0
0
0
0
0
0
0
0
375.4822126
412.4712382
0
0
0
0
0
0
554.911312
636.8323367
486.1091905
0
0
0
0
0
0
0
0
0
0
0
0
0
0
0
0
0
0
0
0
0
0
413.2877947
0
0
0
0
0
0
0
115.9559051
106.0830899
0
0
0
0
0
0
0
0
0
0
0
0
0
0
0
0
0
0
0
0
0
0
0
0
0
0
0
0
0
0
0
0
0
0
0
0
0
0
0
0
0
0
0
0
0
0
0
0
0
0
0
67.4936403
139.8579843
115.5155822
0
0
0
0
0
0
0
0
0
0
0
0
0
0
0
0
0
0
0
0
0
0
0
0
0
0
0
0
0
0
0
0
0
0
0
0
422.9961317
0
0
0
0
0
0
0
0
0
0
0
0
0
0
0
0
0
0
0
0
0
0
0
0
0
0
0
0
0
0
0
0
0
0
0
0
0
0
0
0
0
0
0
0
0
0
0
0
0
0
0
0
0
0
0
0
0
0
0
0
0
0
0
0
0
0
0
0
0
0
0
0
0
0
0
0
0
0
0
0
0
0
0
0
0
0
0
0
486.496315
577.4417736
0
0
0
0
0
0
0
0
0
0
0
0
0
0
0
0
0
0
0
0
0
0
0
0
0
0
0
0
0
488.2953278
462.6623748
0
0
0
0
431.0483338
0
0
0
0
0
0
0
0
0
0
0
0
0
0
0
0
0
0
0
0
0
0
0
0
0
0
0
0
0
0
0
0
0
0
0
0
0
0
0
0
0
0
0
0
0
0
0
0
0
0
0
0
0
0
0
0
0
0
0
0
0
0
0
0
0
0
0
0
0
0
0
0
0
0
0
0
0
0
0
88.76542393
96.97614047
0
0
0
0
0
0
0
0
0
0
0
128.6840764
72.09031819
0
0
0
0
0
0
0
0
0
89.80104438
114.8129149
118.1961822
124.3028478
113.7503783
0
0
0
0
0
0
0
0
0
0
0
0
0
0
0
0
0
0
0
0
0
0
84.04552346
0
0
0
0
0
0
0
0
0
0
0
0
0
0
0
0
0
0
0
0
0
0
0
0
0
0
0
0
0
0
0
0
0
0
0
0
0
0
0
0
0
0
0
0
0
0
0
0
0
0
0
0
0
0
0
0
0
0
0
0
0
0
0
0
0
0
0
0
0
0
0
0
0
0
0
0
0
0
0
0
0
0
0
0
367.2116859
0
0
0
0
0
0
0
0
0
0
0
0
0
0
0
0
0
0
0
461.6234459
520.8893144
511.2932807
511.190038
0
0
0
0
0
0
0
0
0
0
0
0
0
0
0
0
0
0
0
0
0
0
0
0
0
0
0
0
0
0
0
0
0
0
0
0
0
0
0
0
0
0
0
561.4447153
0
0
0
0
0
0
0
0
0
0
0
0
0
0
0
0
0
0
0
0
0
0
0
0
0
0
0
0
0
0
0
0
0
0
0
0
0
0
0
0
510.1840919
0
0
0
0
0
0
0
0
0
0
0
0
0
0
0
0
0
0
0
0
0
0
0
0
0
0
0
384.9594266
533.6361857
372.9480263
0
0
0
0
0
0
0
0
0
0
0
0
0
0
0
0
0
0
0
0
0
0
0
0
0
0
0
0
111.0750342
124.8593659
0
0
0
0
0
0
0
0
0
0
0
0
0
0
0
0
0
0
0
0
0
0
0
0
0
0
0
0
0
0
0
0
0
0
0
0
0
0
0
0
0
0
0
0
0
0
0
0
0
0
0
0
0
0
0
0
0
0
0
0
0
0
0
0
0
0
0
0
0
0
0
0
0
0
0
0
0
0
0
0
95.17368427
120.6018349
121.2940042
130.3145183
124.8813156
135.0269788
129.3484478
129.1963113
135.1053103
133.9753565
0
0
0
0
0
0
0
0
0
0
0
0
0
0
0
0
0
0
0
0
0
0
0
0
132.3953736
137.5610036
116.8954035
0
0
0
0
0
0
0
0
0
0
0
0
0
0
0
0
0
0
0
0
0
0
0
0
0
0
0
408.4685211
0
0
0
0
0
0
0
0
0
0
0
0
0
0
0
0
0
0
0
0
0
0
0
0
0
377.8182174
536.6048907
494.0562413
361.8116984
0
0
0
0
0
0
0
0
0
0
0
0
0
0
0
0
0
0
0
0
0
0
0
0
0
484.8918324
552.7421681
527.4657341
476.3837918
0
0
0
0
0
0
0
0
0
0
0
0
0
0
0
0
0
0
0
0
0
0
0
0
0
0
0
467.9184778
537.7905116
548.4665049
0
0
0
0
0
0
0
0
0
0
0
0
0
0
0
0
0
0
0
0
0
0
0
0
0
0
0
0
0
0
0
0
0
0
0
0
0
0
0
0
0
0
0
0
0
0
0
0
60.88954482
86.56201255
89.13796316
75.24598307
0
0
0
0
0
0
0
156.9411218
0
0
0
0
0
0
0
0
0
0
0
0
0
0
0
0
0
0
0
0
0
0
0
0
0
0
0
0
0
0
0
0
0
0
0
0
0
0
0
0
0
0
0
0
0
0
0
0
0
0
0
0
0
0
0
0
0
0
0
0
0
0
0
0
0
0
0
0
0
0
0
0
0
0
0
0
0
0
0
0
0
0
0
0
0
0
0
0
0
87.17062027
0
0
0
0
0
0
0
0
0
0
542.6318411
476.5610489
0
0
119.2632951
90.24921199
105.2385205
99.42175942
105.9622968
116.5333401
109.7096174
94.09770055
0
0
0
0
0
0
0
0
636.5891879
598.1155654
0
0
105.2413494
0
0
0
0
0
0
0
0
0
0
0
0
476.8777425
691.8844304
482.2669067
0
0
0
0
0
0
0
0
0
0
730.8191456
0
0
0
0
0
0
0
0
0
0
0
0
0
0
0
0
0
0
0
0
0
0
0
0
0
0
0
0
0
0
0
0
0
0
0
0
0
0
0
0
0
0
0
0
0
0
0
0
0
0
0
0
0
0
0
0
0
0
0
0
0
0
0
0
0
0
0
0
0
0
0
0
0
0
0
0
0
0
0
0
0
0
0
0
0
0
0
0
0
0
0
0
0
0
0
0
0
0
0
0
0
0
0
0
0
0
0
0
0
0
0
0
0
0
0
0
0
0
0
0
0
0
0
0
0
0
0
0
0
0
0
0
0
0
0
0
0
0
0
0
0
0
0
0
0
0
0
0
0
0
0
0
0
0
0
0
0
0
0
0
0
0
0
0
0
0
0
0
0
0
0
0
0
0
0
0
0
0
0
0
0
0
0
0
0
0
0
0
0
0
0
0
0
0
0
0
0
127.0917947
154.6613728
148.0552685
0
0
0
0
0
0
0
0
0
0
0
0
0
0
0
0
0
0
0
0
0
0
0
466.3859446
487.3970465
0
0
0
0
0
0
0
0
0
0
0
0
0
0
0
0
0
0
0
0
0
0
0
0
0
0
0
0
0
0
0
0
0
0
0
0
0
0
0
0
0
0
0
0
0
0
0
0
0
0
0
0
0
0
0
0
0
0
0
0
0
0
0
0
0
0
0
0
0
0
0
0
0
0
0
0
0
0
0
0
0
0
0
0
0
0
0
0
0
0
0
0
0
0
0
0
0
0
0
0
0
0
0
0
0
0
0
0
0
0
0
0
0
0
0
0
0
0
0
0
0
0
0
0
0
0
0
0
0
0
0
0
0
0
0
0
0
0
0
0
0
0
0
0
0
0
0
0
0
0
0
0
0
0
0
0
128.861777
136.8016227
0
0
0
0
0
0
0
0
0
0
0
0
0
0
0
0
0
0
0
0
0
0
0
0
0
0
0
0
0
0
0
0
0
0
0
0
0
0
0
0
0
0
0
0
0
0
0
0
0
0
0
0
0
0
0
0
0
0
0
0
0
0
0
0
0
0
0
0
0
0
0
0
0
0
0
0
0
89.23924375
144.1192808
0
0
0
0
0
0
0
0
0
0
0
0
0
0
0
0
0
0
0
0
0
0
0
0
0
511.4800466
444.8919128
0
0
0
0
0
0
0
0
0
0
0
0
0
0
0
0
0
0
0
0
0
0
0
0
0
0
0
0
0
0
0
0
0
0
0
0
0
0
0
0
0
0
0
0
0
0
0
0
0
0
0
0
0
0
0
0
0
0
0
0
0
0
0
0
0
0
0
0
0
0
0
0
0
0
0
0
0
0
0
0
0
0
0
0
0
0
0
0
0
0
0
0
0
0
0
0
0
0
0
0
0
0
0
0
0
0
0
0
0
0
0
0
0
0
0
0
0
0
0
0
0
0
0
0
0
0
0
0
0
0
0
0
0
0
0
0
0
0
0
0
0
0
0
0
0
0
0
0
0
0
0
0
0
0
0
0
0
0
0
0
0
0
0
0
0
0
0
0
0
0
0
0
0
0
0
0
0
0
0
0
0
0
0
0
0
0
0
0
0
0
0
0
0
0
0
0
0
0
0
0
0
0
0
0
0
0
0
0
0
0
0
0
0
0
0
0
0
0
0
0
0
0
0
0
0
0
0
0
0
0
0
0
0
0
0
0
0
0
0
0
0
0
0
0
0
0
0
0
0
0
0
0
0
0
0
0
0
0
0
0
0
0
0
0
0
0
0
0
0
0
0
0
0
0
0
0
0
0
0
0
0
0
0
0
0
0
0
0
0
0
0
0
0
0
0
548.2722645
410.5594306
0
0
0
0
0
0
0
0
0
0
0
0
0
0
0
0
0
0
0
0
0
0
0
0
0
0
0
0
0
0
0
0
0
0
0
0
0
0
0
0
0
0
0
0
0
0
0
0
0
0
0
0
0
0
0
0
0
0
0
0
0
0
0
0
0
0
0
0
0
0
0
0
0
0
0
0
0
0
0
0
428.6753941
0
0
0
0
0
0
0
0
0
0
0
0
0
0
0
0
0
0
0
0
0
0
0
0
0
0
0
0
0
0
0
0
0
0
0
0
0
0
0
0
0
0
0
0
0
0
0
0
0
0
0
0
0
0
0
0
0
0
0
0
0
0
0
0
0
0
0
0
0
0
0
0
0
0
0
0
0
0
0
0
0
0
0
0
0
0
0
0
0
0
0
0
0
0
0
0
0
0
0
0
0
0
0
0
0
0
0
0
0
0
0
0
0
0
0
0
0
0
0
0
0
0
0
0
0
0
0
0
0
0
0
0
0
0
0
0
0
0
0
0
0
0
0
0
0
0
0
0
0
0
0
0
0
0
0
0
0
0
0
0
0
0
0
0
0
0
0
0
0
0
0
0
0
0
0
0
0
0
0
0
0
0
0
0
0
0
0
0
0
0
0
0
0
0
0
0
0
0
0
0
0
0
0
0
0
0
0
0
0
0
0
0
0
0
0
0
0
0
0
0
0
0
0
0
0
0
0
0
0
0
0
0
0
0
0
0
0
0
0
0
0
0
0
0
0
0
0
0
0
0
0
0
0
0
0
0
0
0
0
0
0
0
0
0
0
0
0
0
0
0
0
0
0
0
0
0
0
0
0
0
0
0
0
0
0
0
0
0
0
0
0
0
0
0
0
0
0
0
0
0
0
0
0
0
0
0
0
0
0
0
0
0
0
0
0
0
0
0
0
0
0
0
0
0
0
0
0
0
0
0
0
0
0
0
0
0
0
0
0
0
0
0
0
0
0
0
0
0
0
0
0
0
0
0
0
0
0
0
0
0
0
0
0
0
0
0
0
0
0
0
0
0
0
0
0
0
0
0
0
0
0
0
0
0
0
0
0
0
0
0
0
0
0
0
0
0
0
0
0
0
0
0
0
0
0
0
0
0
0
0
0
0
0
0
0
0
0
0
0
0
0
0
0
0
0
0
0
0
0
0
0
0
0
0
0
0
0
0
0
0
0
0
0
0
0
0
0
0
0
0
0
0
0
0
0
0
0
0
0
0
0
0
0
0
0
0
0
0
0
0
0
0
0
0
0
0
0
0
0
0
0
0
0
0
0
0
0
0
0
0
0
0
0
0
0
724.7345284
268.9547313
843.2950198
832.1385428
902.8692079
1029.430848
1537.052948
950.6881793
1208.203222
993.0831188
654.8780764
624.6415649
724.202047
285.8681538
1673.252357
826.6968868
787.9634193
851.9304955
1277.838739
0
0
1237.228116
1117.497689
782.9613978
862.1168629
912.5685573
928.9464843
978.9849098
924.8122427
922.6649661
809.9789878
314.3985994
1125.051285
883.8424687
0
0
772.5309182
758.7445699
824.6662792
626.8546938
891.7198641
836.80108
997.7239615
844.1154664
707.2135517
691.4806679
605.352113
0
663.9159558
659.4475505
0
0
854.7070414
709.4307914
899.9686736
609.1853173
844.9344812
921.331895
855.6529905
789.7867859
700.8129464
885.3107475
599.0382049
266.9001155
169.3528455
0
824.4559955
0
0
0
0
164.4638473
764.2788453
831.0541587
707.1284587
579.9769088
983.0534874
831.6581294
888.7238476
1004.525645
855.2781633
483.7003317
828.5233662
863.8869283
849.2662616
607.2585865
892.4348243
1039.057717
841.713852
890.2913215
990.0683643
1162.422616
1043.628945
572.7235919
885.0185393
1312.731885
1248.601595
0
0
0
0
0
0
0
1020.744788
1162.685385
875.730299
1063.274215
816.9188278
1010.450537
928.5299763
855.0595926
884.6474073
886.6369532
0
0
0
0
0
0
0
1241.711952
943.5854732
1196.42263
1085.15111
1041.451396
963.7112039
1055.184198
751.6624099
839.439899
893.0510083
984.2464899
669.6612248
0
0
0
0
3311.066995
0
0
0
869.706887
738.6475571
888.2425642
1015.391291
885.397687
1104.341273
1076.88077
730.9972017
800.6440735
787.3424507
950.9823963
857.9509412
772.0099566
0
0
0
0
0
0
0
0
0
0
0
855.0433213
697.2143292
880.3902439
1006.161345
1016.186789
918.5816615
1049.392737
1312.605642
984.4147501
897.1086263
861.6298486
1228.966029
849.3966698
866.0531451
1052.723597
1085.896331
0
0
0
0
0
0
0
770.9567052
1001.884983
1155.476879
1013.110321
1051.998001
841.6663192
914.7767806
956.5354092
936.9597372
717.0414962
1112.098253
1042.175189
998.9067527
0
777.2876142
721.5521725
587.6771426
871.0578441
1065.281623
847.3455529
1051.724687
951.124067
1067.156606
737.7341846
1103.213293
471.780219
1009.096008
1001.836434
940.8702929
1171.040184
673.1580702
1307.076276
1074.865669
1143.213632
1052.011078
562.9058429
781.7456168
853.7418745
0
0
0
0
0
708.0854421
881.677125
976.9952696
920.1741859
920.5559659
915.3093476
965.7689073
1037.986609
1031.173195
834.9626421
265.3498229
321.4115178
2013.767896
0
3897.121372
0
0
0
1107.152858
792.1327095
881.5645568
870.7358802
809.7099472
934.8603994
871.8083141
1022.334635
884.9759898
994.8260109
737.918115
896.9027566
965.0119313
1430.389701
0
0
0
0
0
0
921.7706241
834.5286754
969.0704699
836.7989145
919.0116278
959.6742264
1041.947534
0
0
0
0
0
0
0
0
0
945.3845897
722.3202322
923.3969575
826.4942002
840.9950831
840.9861491
958.9236374
960.5084606
707.2519065
931.6611334
0
0
0
0
673.0877136
798.2232559
655.3251137
1117.176048
681.1723761
954.2243044
961.9480641
899.8606252
838.0615926
822.4706544
695.2919729
1030.415486
1065.550868
0
0
0
0
0
0
0
987.2710839
151.2104799
958.2998751
830.5268418
936.6819949
709.695197
795.6615019
905.4426535
0
0
899.6003628
0
0
781.3897357
701.1425558
637.7332022
630.4390812
781.1912464
861.2687674
986.956163
1023.521482
878.1613109
1034.610052
1072.281529
0
406.3838587
158.7576853
879.1537425
824.3726616
736.1714872
852.296695
986.0706575
206.6069791
952.4070549
282.6763652
1097.825027
828.3150329
1181.786427
932.5582922
985.050894
952.7655048
1268.276452
0
0
0
0
905.367794
945.8749528
997.0073755
986.5822075
844.6456886
818.5516605
819.2526484
830.6144167
0
0
0
0
921.6080765
839.912017
1049.065721
1179.820808
939.5120245
1059.355232
736.5278038
1004.861281
0
0
0
0
0
0
1036.431013
1156.077765
845.929919
911.1739843
793.8605204
1101.73212
832.8291198
923.2563145
877.7519334
983.1097582
0
0
0
0
0
0
0
942.8317823
977.5809933
720.3737658
867.2674947
1025.497103
919.6823836
960.7002474
714.88628
1129.95237
932.2930512
975.9671503
981.2005362
833.2616153
0
0
0
0
0
0
0
0
0
0
0
1338.298619
956.5082198
803.683373
960.2788198
791.5279394
816.9833443
712.3480955
0
0
0
0
0
0
1329.361707
704.7329251
869.8498106
1052.796801
976.7721905
744.0605048
870.0424365
915.246922
816.1212116
1094.602558
659.0300278
0
0
0
0
0
0
0
0
0
0
932.2611082
865.6529574
856.7270916
1063.978523
737.7325231
897.8764282
936.0787652
0
0
0
0
0
0
0
794.2511464
1559.12025
877.6064185
958.4263512
1108.2894
804.4796079
742.7870621
718.0834066
931.1019729
1543.872791
190.8474181
2009.640171
2758.520125
5567.170931
1159.391403
1565.028642
1627.360006
1115.727136
1350.721301
995.8782177
785.2622609
891.296719
1105.733485
1453.845899
892.3245247
765.2860611
1045.997636
913.6322993
125.4498116
312.2530687
822.4331847
555.8969677
606.2586307
886.0300047
780.109297
916.4975954
629.1435204
1016.996596
0
0
0
0
0
0
0
0
0
0
898.3397456
669.081766
795.4883817
1019.559266
940.363644
0
0
0
0
0
0
0
0
0
0
0
738.8960073
931.1444472
792.4308802
940.8228789
975.7869615
745.1380136
0
0
0
0
955.8894783
887.8783066
1063.287413
1127.00956
962.7485209
1089.397587
1060.388227
995.3370058
0
0
0
0
0
0
0
963.6219659
907.3100394
1187.171486
980.1237468
1045.609718
967.5620663
1171.881727
1068.51763
1157.295383
0
0
0
0
0
0
0
0
0
1179.443118
743.015267
886.0894301
1000.339542
922.824207
0
0
0
0
0
0
1387.106704
1012.675426
866.1704964
991.1489572
1143.20275
892.3517738
872.7421672
0
0
0
0
0
0
0
0
0
802.9892166
910.5093937
910.4863129
936.2176697
701.3626885
1079.209802
990.7288874
1193.128454
905.08067
1055.217865
807.4502446
0
0
566.038263
0
0
0
0
1083.719841
694.6178536
739.4012043
962.1375896
775.5097884
1041.124598
981.3751806
0
0
0
0
0
0
846.9459256
126.2034719
1073.306178
675.2236844
1070.768027
980.7154551
1015.971024
783.694181
1103.875359
811.3451792
1049.41799
209.7770342
510.3725705
0
381.567619
398.9450588
817.102257
0
247.5879404
691.0225432
771.2865748
794.5371331
0
0
589.1844515
907.9940042
872.2984494
1266.117348
1297.524179
926.2601831
1169.668865
0
0
0
0
0
0
0
1279.511662
888.5195002
950.2014011
1093.740569
1038.86966
0
0
0
0
0
0
0
0
879.7254132
887.7026208
943.601429
1372.521022
1059.830216
0
0
0
0
0
0
0
0
0
0
0
940.9191767
922.4943406
1057.7496
1189.405703
1217.633199
996.9082443
0
0
0
0
0
955.4627941
1086.719307
1016.869142
1009.520928
873.354413
979.8330766
949.839631
996.5855216
0
0
0
0
0
0
0
1163.916747
1175.246028
791.6785447
920.1754895
914.6636666
863.3707073
849.7709514
907.7962286
908.6637503
1081.11343
0
0
0
0
1222.939229
842.3994641
932.5206614
1045.765698
1225.237464
1094.80355
0
0
0
0
0
0
0
0
0
812.6056853
1006.563344
897.6370352
746.1799599
738.8616411
876.0551072
916.5334772
1030.664597
900.0208437
0
0
0
0
0
0
991.1399971
913.4708355
939.4113395
846.4433397
869.1168418
793.6961637
0
0
205.1750536
0
0
0
1065.206557
1113.892484
722.964367
821.015937
1504.410809
850.7782483
142.1350622
845.2984588
0
0
0
0
0
0
653.7929189
902.2930975
912.4425757
804.3219117
1141.318746
939.9624234
169.7536231
131.3174918
815.0270588
869.2550113
0
0
465.8523066
0
187.1677293
199.24623
1102.871064
930.1710279
1010.364725
837.1548866
739.0761881
0
0
0
0
0
0
0
923.576313
931.849201
1008.866494
766.4362564
954.241805
0
0
0
0
0
0
0
882.2838858
949.8497545
1111.463324
1047.051414
1007.542407
0
0
0
0
0
0
0
0
922.4878048
764.9950417
1033.639754
880.5536187
965.0037743
0
0
0
0
0
0
0
0
0
0
0
1090.146083
958.5981832
869.3887657
929.6991717
1002.678524
1219.317059
1050.811154
1025.172138
0
0
0
0
0
0
0
976.1921326
1497.474417
859.1199431
1143.962737
1016.413604
870.4423828
880.958302
837.2888423
820.8183193
0
0
0
0
0
0
0
0
0
0
0
806.999384
802.2279547
963.6722936
943.2924606
837.5404969
0
0
0
0
0
0
0
0
0
925.8469913
921.426295
992.4415672
929.4137806
961.6582148
795.7666841
720.1799698
1075.041458
0
0
0
0
0
0
968.8635238
1035.488407
913.9427774
900.4862617
0
0
0
0
0
0
786.2069906
715.5676114
769.0596819
1058.825566
977.7334349
1063.551422
824.8535746
755.2194069
0
0
0
1575.184944
0
0
0
1196.956455
1113.076352
1224.698672
824.3256308
600.9816319
923.4573236
1368.24282
1072.609798
1215.831246
799.1669919
892.614681
0
0
773.5646675
0
543.127342
463.9919925
878.4558163
873.4210033
951.4125074
630.6722764
494.378975
1937.063035
548.797836
598.395382
382.893033
428.5564581
634.2573077
563.9422778
714.083288
1022.089131
858.8980351
944.6472351
1397.05104
0
0
0
0
970.5151647
977.0492204
955.2187762
921.6948523
911.3653403
0
0
0
0
0
0
999.5784037
862.751334
1119.42331
1022.668301
985.6366884
0
0
0
0
0
0
0
936.5014765
864.6733134
984.6764682
848.7843324
873.3358756
845.2277945
0
0
0
0
0
0
0
0
0
0
917.8378185
796.4157854
1048.7575
906.8589436
1237.140858
1123.473167
1061.11887
932.8280502
0
0
0
0
0
0
968.6422023
701.1211096
941.1060707
1359.593409
993.4570199
990.5308805
971.1224369
741.1340549
914.3976959
970.798102
0
0
0
0
0
0
0
0
0
0
1046.548977
829.2886949
1076.687406
930.4035079
923.4988861
0
0
0
0
0
0
0
0
0
694.7716451
1020.191643
796.7905773
989.3816035
936.4290832
947.4821378
951.2773833
870.8774586
0
0
0
0
0
0
804.7503682
1087.143905
926.4296506
0
0
0
0
0
0
0
958.9131145
740.7150791
1030.197799
1093.73902
1073.835637
924.0412095
956.0085791
1039.93421
0
0
0
0
0
0
0
0
0
803.568232
761.7887059
662.5427507
859.3476139
0
0
0
0
0
0
1028.317826
0
2091.082781
0
0
0
223.284357
909.3086285
783.8336399
927.4837909
325.8241624
665.670248
945.2844395
215.6207991
1312.246266
860.0551767
0
0
175.5805725
392.6714901
964.7527534
1151.182704
1144.115068
1004.469077
1220.698333
0
0
0
0
0
0
0
0
0
0
0
1004.575016
1025.133797
1159.514264
969.9901908
1045.631969
0
0
0
0
1040.885203
1051.882804
963.1558142
1063.655471
907.287802
977.1833682
967.6459487
0
0
0
0
0
0
927.7873803
843.4805313
939.0692049
809.9457768
947.6395528
1120.278641
920.630728
1297.844456
0
0
0
0
0
0
0
0
1077.519447
969.9078708
1363.93095
1159.243895
991.2447957
1222.857686
1039.65614
1215.898026
0
0
0
0
0
0
899.8947595
961.8579322
966.9721118
965.2964994
0
0
0
0
0
0
0
0
0
1016.069997
1043.102956
1087.064959
1222.631709
1220.743149
1129.247406
0
0
0
0
0
0
0
0
0
897.5007783
1316.353479
1091.156395
1058.029699
903.6767482
935.0432832
1091.144827
938.8357954
0
0
0
0
0
0
0
0
941.6827436
796.8802548
790.5764781
942.8088077
809.2366698
0
0
0
0
0
0
0
0
0
765.0255938
893.1545326
1165.212575
993.7182579
922.8241242
1013.286452
1245.432911
940.7797648
0
0
0
1316.646369
0
0
0
0
0
0
0
991.2296403
926.5200863
897.8902148
1051.512747
1053.618917
0
0
0
0
0
0
0
0
0
798.2112961
686.5841882
695.9924222
115.9181558
649.0268721
755.9650537
1130.49183
785.6570294
913.7670012
0
1066.581576
613.109677
0
0
701.1652812
0
991.2242317
0
0
0
771.0332816
874.4566417
822.9230045
1038.66764
944.6051514
951.9537108
971.0092794
822.8703825
0
0
0
0
0
0
0
0
0
1168.118537
1072.683242
1204.960955
1294.630607
1112.900248
854.5722887
969.0737251
1151.174443
0
0
0
0
0
0
0
0
0
0
0
1020.72978
65.71938209
831.9013672
927.704552
926.9960403
775.4958495
1049.796129
819.0696444
0
0
0
0
0
839.4345626
1647.41522
1069.430115
1340.23183
869.8096681
1099.823259
1021.737385
1126.621375
0
0
0
0
0
0
0
1376.504855
1092.465935
1070.381754
1117.396043
0
0
0
0
933.6505654
1017.450727
896.6751515
938.0435004
932.9205937
0
0
0
0
0
0
0
0
0
1050.451998
1126.73958
1290.427343
768.0222308
1102.723725
957.8809152
1296.854413
1166.840203
0
0
0
0
0
0
0
0
0
1280.008768
1099.686921
1074.350452
917.1162336
1289.81838
667.7277684
989.7811897
881.386039
790.2749168
1015.807256
0
0
0
0
0
0
0
0
0
839.4254307
1066.568188
851.9908755
1007.015572
915.6023767
1124.886302
0
0
0
0
0
0
0
0
0
0
987.3830506
706.8640755
968.5171772
657.5712871
1051.002412
996.8065951
989.3642133
1003.110888
967.6785764
0
0
0
1275.903188
0
0
0
0
755.121312
234.5465411
0
0
1357.963127
0
992.284467
959.5738175
993.0355471
857.2294209
850.7675571
958.2500699
0
0
311.4959139
1173.651002
0
0
0
251.9966944
312.2179867
0
0
0
0
229.5290794
798.6707365
203.4989989
789.4230306
1634.693338
1106.143151
932.9015812
0
700.8326892
909.8129157
1295.17528
0
1023.864035
833.443239
151.8869339
208.5414021
222.212678
0
0
1037.407507
944.4810331
972.4285342
669.8346704
832.8028534
915.9565057
1045.84621
1112.671493
816.1434982
913.3488103
914.8115752
909.2885339
0
0
0
0
0
0
0
912.2544839
901.3672041
846.845014
801.9308149
835.1441471
791.9689191
880.7574419
836.0223771
836.8821094
914.5786009
0
0
0
0
0
0
0
0
1009.839273
1100.699706
1241.689939
0
0
0
0
0
0
0
0
0
0
0
1090.867541
1065.122642
912.3664307
1022.485134
933.5675195
0
0
0
0
0
0
1137.814636
885.81074
888.4634902
819.7973605
1152.53235
1324.345931
0
0
0
0
0
0
0
0
0
0
0
946.5556765
1331.428968
948.1960049
1117.63117
944.553436
1089.617316
992.5374108
867.4354069
0
0
0
0
0
0
0
0
0
670.5906455
1196.799393
1020.385649
846.9056931
979.1291075
984.2986976
1161.273613
1344.366191
1824.486972
0
0
0
0
0
0
0
0
0
1116.294784
843.8942037
1004.800044
883.3071489
947.5818948
0
0
0
0
0
0
0
0
0
0
972.34446
943.2877373
934.8044252
1042.565961
1031.660796
739.2943937
879.6239274
951.4276632
0
0
0
0
0
0
0
0
0
0
0
0
0
0
1156.844675
1102.420707
1044.439382
1290.117522
1320.592364
0
0
0
0
0
0
0
0
0
0
0
0
702.575829
975.8313117
872.1715415
1276.031229
1132.601449
1312.87329
622.9517644
395.3371244
140.1731612
723.5473194
0
0
0
1401.316694
418.0374328
1202.485425
0
1815.106185
0
0
356.7047642
134.1934815
981.0325763
116.4929714
939.6837695
1239.522809
308.807638
1083.386535
774.4312426
1144.563694
480.1039756
488.0825156
179.6679954
0
0
0
179.1596118
872.1583268
499.6906538
855.9934098
1111.988169
702.3175186
813.4802898
1089.145208
1005.108619
1044.634362
1151.932217
851.7171136
0
0
0
0
0
0
996.2283213
864.2027603
985.580849
1005.064598
1200.406081
0
0
0
0
0
0
0
1028.230564
982.6338933
1019.227005
966.1608353
1117.077914
1081.078159
1254.540805
0
0
0
0
0
0
0
0
0
951.9347996
1125.763734
1050.821373
867.3153506
942.69615
895.7051094
888.9152927
1038.566602
0
0
0
0
0
0
719.3211997
1764.972675
1091.411649
786.9145141
1031.66805
1192.354707
1164.66798
884.0143631
0
0
0
0
0
0
0
0
0
939.5279764
812.8278353
848.7599715
929.3868718
971.7113769
625.9486265
763.2612902
841.3577502
933.3525913
866.4977522
0
0
0
0
0
0
0
0
0
1115.677463
982.66773
1255.322575
1098.011785
900.7450342
0
0
0
0
0
0
0
0
0
0
875.5971478
694.7576724
851.1260484
1255.549114
948.3028261
850.2430757
884.7097175
765.0003757
0
0
3820.309763
2275.236007
0
0
2742.801154
0
0
0
0
0
3436.887705
0
1003.078594
340.1430149
884.6408868
840.1532177
1010.384811
751.7560422
844.1636435
907.9987135
637.5914331
0
864.6314506
5374.264752
1542.730611
0
0
0
0
0
0
0
988.4407992
1050.447091
970.6043311
859.1736219
749.619573
919.7863377
448.554116
0
0
0
1329.826127
0
1823.969086
0
0
102.5875268
1926.372693
1991.879114
1726.226332
84.6803998
887.5273209
421.2307067
267.8477863
2347.617156
0
0
0
1013.591986
765.1146334
694.9467745
995.930518
843.8507895
1313.440249
2221.663054
834.0278456
1349.01896
991.0413324
0
0
0
0
0
509.4749544
355.8381871
0
456.3484219
0
209.2320008
0
74.65480245
0
0
0
1266.489483
869.2506805
740.3904247
825.0097793
815.2908871
917.584872
693.3452481
400.1419396
1144.687843
826.3478266
1395.1381
1071.114702
1212.821191
1082.694798
1006.422766
1197.018064
950.563072
0
0
0
0
969.8676999
986.1098275
942.1793669
110.2614546
969.9079087
1015.237087
965.0181366
1132.746415
0
0
0
0
0
0
946.0318251
870.4283827
633.7271401
864.3636367
861.6362155
705.0419465
731.1967967
1101.116088
962.9384688
0
0
0
0
0
0
0
0
785.1925369
963.6141133
1078.786168
0
0
0
0
0
0
1003.701812
962.2818443
1336.129949
953.8155604
952.8940133
0
0
0
0
0
0
0
0
0
1006.373864
722.3686996
857.1156599
1174.087072
924.0524728
917.5351107
0
0
0
0
0
0
0
0
0
776.205539
647.9906548
820.7492615
983.1352887
754.7212297
1014.869278
888.1279153
765.366514
0
0
0
11717.79656
0
0
0
0
0
0
0
0
840.5493905
949.3057831
939.286241
3930.770396
0
1366.489331
0
0
0
4077.763848
3381.337619
1527.674366
0
969.192322
887.9387865
864.0861752
904.6067845
737.2436859
1078.734046
0
1215.831246
0
0
0
4359.860432
1989.265026
2374.28136
0
0
0
0
1546.484247
0
0
0
0
0
0
988.9758354
277.2619591
1016.068036
1054.274568
957.5872947
596.6951523
786.3882246
920.1270853
883.33568
750.4537563
966.5125666
0
0
325.1600859
479.1499289
0
104.4287233
127.4301466
389.9356256
119.3305943
732.102712
130.1888005
211.3454553
1655.402798
273.8876087
530.0599717
273.7543111
2035.859895
440.4226423
997.1209372
0
660.8254374
0
0
899.5597689
0
551.5470192
783.370596
872.0668456
645.7781432
795.0808056
602.5117925
1022.723718
1054.206865
1028.030424
714.4380153
853.1738021
981.0928367
0
568.2229366
146.6090096
0
242.9319125
872.7355669
1070.171445
0
147.9229261
737.7455265
173.6238206
0
1128.713606
1169.186101
1036.786105
941.0972866
981.6932055
1039.123301
1104.745799
0
0
0
0
0
0
0
0
0
0
0
1106.878569
1138.756001
1144.149045
1053.812442
1088.26631
0
0
0
0
987.1494265
1570.397318
968.1479969
1057.437477
1075.072782
1312.579615
1440.596717
0
0
0
0
0
0
0
1018.87595
926.6949085
952.9775417
857.2971688
996.8642818
944.3365978
916.1353466
0
0
0
0
0
0
769.4840411
880.466172
909.3949376
829.3391657
752.4854286
899.7057937
1084.643318
1157.851224
0
0
0
0
0
0
0
0
0
825.2728337
226.9847428
841.6295048
948.0582102
768.4119757
0
810.2820587
961.5957409
1084.880484
0
0
0
0
0
0
0
0
0
0
0
0
894.6485115
854.7695877
971.7057331
846.0181516
0
0
0
4863.324983
1911.443528
1754.073214
0
0
0
0
889.7684536
839.3261057
1103.324734
1090.731969
1005.993948
988.5648389
0
0
0
0
0
0
0
0
0
0
0
0
0
0
0
0
0
0
964.1416213
822.0239184
909.4798598
847.624188
917.0069501
0
0
1290.001545
195.5120456
0
0
0
585.4918843
0
0
0
0
0
0
0
0
0
0
0
0
0
0
0
0
0
0
0
0
0
0
879.690846
996.6544882
706.0773208
0
661.5189789
667.8789852
1146.656633
132.0175783
509.9954139
515.1748437
1081.484199
710.9465304
0
0
0
0
217.1475717
126.4665836
392.4845734
374.3494039
324.3906989
178.71014
0
122.5532962
0
0
0
279.197359
0
0
0
0
207.3262716
1022.941163
978.9230002
956.8650392
800.0794052
949.2915569
471.0663268
850.615143
888.7918913
0
0
0
0
932.3944001
896.5923835
1011.004593
109.6132669
865.437909
829.3110814
1226.22155
803.6832555
1047.955683
1157.659618
0
0
0
0
0
0
0
0
0
0
0
0
0
711.3195856
1388.913182
1145.841741
1427.648145
1315.970535
975.8495532
1074.838715
1355.335418
1218.777266
817.9854284
0
0
0
0
0
0
951.5831746
964.0071925
591.1318024
0
0
0
0
0
0
1038.612664
1078.742044
1065.823303
671.6591954
724.3797604
0
0
0
0
0
0
1070.663344
1184.660553
965.6477351
759.0941888
1134.79331
991.394872
0
0
0
0
0
0
0
0
0
864.2471881
259.1711935
648.7235601
116.1622859
905.7223319
124.3788434
624.0417308
742.6631569
1274.069968
0
0
0
0
0
0
0
0
0
0
0
0
0
0
497.2111964
0
0
760.2986437
1081.029683
1033.133612
1049.669803
762.4046783
918.6590808
1166.840879
932.8131349
798.8347644
1364.086515
1410.188775
1297.262136
113.1981247
0
853.2449163
361.8096476
0
230.906198
869.9515516
1107.043712
156.5139969
0
0
1282.584123
839.3697026
0
0
0
0
0
0
0
0
0
1428.975732
125.6499328
0
0
0
0
0
463.8903542
301.140888
0
0
736.2377443
1033.345048
1038.239389
805.9914458
1048.186329
1056.938043
819.1599938
1040.340106
1394.462231
204.2581463
883.2533693
1119.338726
394.946445
879.699859
1132.222768
1026.28606
163.0458303
696.3552173
874.2553289
1126.646874
892.7473495
1152.572108
230.2333645
956.0511491
1057.702466
881.1698084
0
1035.03649
589.3908489
0
0
906.7162792
1490.608134
977.3441202
161.1632357
447.7705484
0
1479.414603
570.2847215
322.7262758
568.556982
308.5452289
0
919.4734557
877.1919488
187.1357784
0
0
0
0
205.1729127
0
232.417913
782.1126546
833.0267793
135.4870517
924.1360794
774.018155
860.6635213
1225.211079
940.1752745
0
0
0
0
0
0
0
0
0
763.5898759
875.2711418
849.0381712
1282.43119
949.8037276
1040.176576
1044.340663
0
0
0
0
0
0
0
0
0
977.8617267
757.3595594
1101.815661
717.9984034
942.9900906
276.7131679
768.7353224
0
0
0
0
0
0
0
0
0
847.4379624
712.6073749
743.7277575
780.550118
1074.628821
874.1781007
1104.119311
1102.294501
0
0
0
0
0
0
762.5343283
1015.583104
890.6005725
857.9150889
689.8113436
168.6959041
268.0995235
887.1182654
994.3373276
902.1897962
882.951609
0
0
0
0
0
0
0
660.4450213
741.9806896
1014.244244
653.006532
877.6027512
389.1797298
1068.719379
131.9351483
475.7524804
0
2804.394411
0
0
0
0
0
0
0
0
0
0
0
0
870.5893848
859.8374177
967.9375342
822.6353997
1110.431874
1011.596356
625.5843779
1266.900152
1137.47768
1256.567451
1165.43719
1207.859016
673.5299328
1507.16028
743.7532497
962.5087512
284.2043179
903.8019791
0
0
749.9631665
818.4033254
954.5405094
924.1710226
534.5070011
1211.141084
88.92743583
0
0
0
183.6013567
0
0
240.6113959
532.4801944
304.8409633
0
0
534.1146159
0
273.8579057
0
286.3670081
0
4253.499045
0
1082.963859
0
1663.861183
0
881.903185
976.0496434
834.1351279
926.6538527
972.2323057
1042.926411
0
676.9777366
1792.972331
1102.913053
1218.383608
1131.977885
777.5891974
1028.329773
108.8297277
1199.149905
1028.713824
839.9966375
580.6277603
674.3580477
870.4086185
890.3477925
187.0327249
1162.381816
1290.302689
213.9582482
568.9784007
485.0969734
729.3854683
1006.312271
896.43796
175.1642807
689.6462164
477.9830949
946.2136744
326.4579558
1309.600331
900.1294142
640.2062575
0
849.5103619
438.3567829
892.5343251
170.0610453
128.2405177
199.9947129
924.8965189
1060.744454
878.001781
0
620.8330896
103.084491
898.1661714
872.2797519
399.0157499
0
0
139.3180196
421.0977714
414.4083149
180.6444922
253.9883103
0
0
851.5758663
1537.84572
1395.992177
857.1845829
725.6178465
752.4374078
1395.135981
872.5273063
1309.195431
0
0
0
0
0
0
0
0
0
1221.854362
948.0201831
989.266152
657.8549287
516.3538013
1862.194711
1010.372688
1226.850209
980.5306173
0
0
0
0
0
0
0
0
0
952.3085808
618.0666591
847.6746869
157.8280085
939.0897283
489.5873404
849.9300728
861.0411548
1823.008737
1614.22992
1001.089383
931.7434288
175.1234156
0
0
0
0
0
0
0
0
0
175.6324995
870.6118196
1002.943869
789.0594408
869.8352855
738.6050804
1008.25585
920.9466014
879.219001
828.8516506
206.1729418
0
0
0
0
0
0
0
0
0
0
700.4159544
646.1518384
580.8162356
405.8626033
136.9731986
685.507253
864.8090271
864.9168965
724.3672648
1013.804256
858.4434588
0
963.7135713
666.4080183
757.1154892
838.3463548
818.1960521
728.353895
818.2243696
1032.651262
648.0998171
392.3066966
92.94127253
595.3009722
0
0
0
0
0
0
0
0
0
99.63428609
0
0
0
0
1380.853756
1305.497563
1031.051216
278.8916045
83.54445814
820.4788158
925.9503061
948.0423009
895.9006152
320.3188782
1324.90529
1132.887541
980.8384578
174.4817726
0
444.4215742
978.2425933
234.8313763
718.075083
157.1045798
502.8055833
0
286.6517577
149.1423862
249.0447148
261.0698941
0
0
243.1305429
0
422.9575436
286.3249776
720.7353692
926.6182701
0
551.2061184
1060.045657
637.9279384
1086.040556
552.6321215
1249.15548
760.149429
811.952078
1026.779135
688.57873
592.422204
436.9905514
473.5478989
717.4733984
214.1466177
0
452.932346
437.959701
0
315.3203892
0
780.6591359
2264.434348
0
1383.110592
0
0
1145.440362
1066.980065
0
0
0
0
0
689.1670916
0
770.9440443
1431.850618
717.4961633
1577.569096
1008.999486
924.7309497
127.0528837
0
893.9832974
792.8512885
185.1041979
112.5831807
0
103.8319713
151.3115746
1338.561648
904.0056058
894.4087783
1011.03439
241.7871067
143.7235145
0
800.6299534
299.7476185
729.1422668
736.6857509
0
342.4209874
382.2536745
276.2874003
995.9114977
759.0573309
614.7688001
520.0579135
699.5288954
145.4394538
495.0904174
447.4081355
778.9141355
1027.24856
1178.205046
1120.444767
214.8952243
153.4043122
0
869.4108686
836.8058598
426.0794479
0
199.3373825
0
0
173.6580147
173.3867544
0
0
775.814351
1312.1214
1068.936397
946.5350629
110.7247005
1167.802201
739.9865504
1589.98681
1167.435064
700.746497
1097.833061
1178.576633
523.2548633
729.0156253
375.5007194
1082.839767
909.087257
546.5194915
873.6624035
774.331326
0
750.4724869
975.7802534
0
1006.920883
0
0
0
0
0
0
0
0
0
0
1020.589821
1253.93018
886.5858794
0
141.2089501
567.4991637
591.1586156
789.8482197
756.0754184
978.663441
970.3225711
1005.660945
937.8440236
1069.050141
0
1001.992749
933.8272896
459.3194831
564.5623678
886.0186148
696.1551658
771.839982
607.9700031
525.1543261
537.4038652
149.2583047
205.7625811
572.6289496
808.7719802
1327.39608
0
0
0
0
0
0
0
0
0
621.212584
1156.511466
997.0199166
739.2017873
849.1245122
954.7166622
737.8145268
842.7934788
1169.946417
837.6614654
105.0267963
684.062397
962.5463404
731.233083
1414.246165
945.673139
1274.199086
811.0360036
914.223933
920.2378438
1252.880974
1294.481556
747.4906391
1131.995962
1273.165396
931.8371645
1050.883961
832.2560549
1033.423055
862.3994588
287.61773
390.7325805
214.0967386
202.1352365
186.2916739
0
0
0
0
0
0
0
0
0
0
1084.161887
917.4507501
865.4680828
235.0273796
209.375681
463.5533426
758.3251421
716.6160535
1154.473844
705.6860809
1133.744954
353.3469665
1438.630014
323.7929556
847.3798638
0
0
1139.487087
668.5799755
890.2555686
1000.756991
980.1946414
247.5708336
400.3229644
744.0113736
795.7062243
864.4638076
0
1099.841282
394.3405736
909.4928666
1006.274578
374.6246471
115.8769803
955.0563205
359.339328
0
795.1062867
1014.708574
600.0566988
991.7297457
0
0
0
0
0
0
0
0
672.1131939
137.2509018
1026.138113
733.2372044
1303.076946
196.3333478
685.0586944
1035.740822
871.4572033
638.8900337
820.3943075
749.6850873
0
579.6720457
0
836.5127056
748.6943073
585.7510176
802.338423
924.0059272
100.1707168
613.4723551
1087.60443
751.5298637
1042.283762
1054.886265
1050.088314
811.8557788
1056.1507
1442.297785
836.555678
969.7233915
1165.976532
278.5212724
956.4901606
721.9818266
924.1165851
851.9157929
518.3564925
939.4863937
809.5046517
879.7706587
0
761.9643878
905.1798759
1024.530053
608.1850164
0
934.2500097
579.657317
878.0184523
674.6223959
0
514.3755037
963.9765415
0
558.9175245
634.3127218
1030.841206
0
777.1295606
695.2633059
511.5599509
0
0
0
701.8198159
0
0
824.4353295
0
0
582.4314977
801.4388468
995.374243
573.9113586
1001.076455
0
0
819.6247917
445.9712057
0
0
0
811.4067029
646.336579
214.7497974
1084.176341
856.523346
795.7381783
1193.429955
584.9059183
758.8621222
0
0
0
0
672.3830761
791.3690069
808.7494345
0
678.7788696
805.2817277
947.9779075
0
883.367163
484.227246
504.497675
715.6806761
0
868.5612077
701.1145906
1088.612768
693.6793405
626.4137389
624.6331991
794.3003535
801.7306143
967.8967331
948.8910678
285.1501643
547.0330021
612.8616927
832.3551232
643.7669854
947.4521411
799.9187465
706.8303146
0
807.6010656
735.9057405
655.4529113
930.5426286
779.5565311
586.3009564
672.3347198
910.9835488
1112.425793
337.0731662
1209.302985
1335.300683
0
0
0
0
0
0
0
0
0
831.3244199
972.0491025
1201.951525
0
618.2609557
710.1231055
675.5798252
748.7684928
952.4328808
414.6743636
0
772.0488941
313.9595179
726.3368444
1208.390726
965.4180725
1066.044788
1164.509348
855.8494593
921.2511889
306.8636121
253.4352339
863.9872238
616.8406263
206.2902524
996.2352135
638.8761201
818.1193197
799.6591848
745.6554375
760.1463716
1021.584371
695.1725015
0
0
0
0
0
0
0
0
676.0240535
846.8733789
0
671.5833111
966.5942799
966.4418042
222.1627256
668.6269474
916.1659681
633.6150539
184.7188126
0
164.218829
601.2622396
0
907.3681288
690.4230789
479.6205868
367.2892486
800.0962149
545.1726057
1126.201847
620.0312825
1111.614138
674.1263088
985.1379935
319.6675582
351.3112445
945.6386423
1072.694576
875.8175754
965.0656005
1774.184602
0
798.7400725
0
97.2537704
600.820134
0
0
0
0
0
0
0
0
0
0
794.1434345
866.005415
693.3960767
672.4898737
0
955.1205409
262.4644646
1046.357826
641.0146895
634.2629593
719.9973209
535.176508
137.5089481
1108.604455
499.5217709
0
0
891.1988043
616.0480333
0
0
0
0
623.3252176
0
453.9604786
618.7949836
342.5573833
1508.134696
0
1034.578699
920.2490021
1061.634774
1220.956891
0
1497.523622
203.3015875
400.5030608
327.320191
0
0
215.0646452
169.9719394
323.2249762
228.1306467
0
853.6479886
164.1468669
0
0
584.6635436
0
736.4483318
701.2085873
0
0
676.4830347
883.7469096
1093.882099
1059.40403
1559.003303
0
811.0218091
1158.722809
789.6560289
1355.369984
1268.538581
1055.686952
903.460137
395.6097382
143.7675415
339.4405862
1131.677519
1343.50042
826.1730098
831.4638367
881.7997771
980.223338
996.5710691
770.0815395
1024.463102
981.8501425
926.6988374
1517.265064
971.5162537
629.3302215
1540.142438
356.883589
403.7797521
0
1313.922837
378.1286311
0
0
0
0
917.2611301
0
921.4684542
734.1145994
707.496759
105.689993
1070.632882
1522.130676
864.6741676
929.2808233
1193.99709
809.6486138
987.6439202
154.0401838
1011.24928
1364.516117
1100.945247
1030.091005
534.5228524
864.1730169
261.2395193
1038.194979
233.0627038
620.2192793
1195.874874
826.4667137
919.569901
1207.316991
1378.281124
1130.765191
1182.622199
275.6507765
113.0111115
726.2010677
827.6974564
244.2107246
1561.528343
1167.686645
204.5271902
494.0673024
790.305879
889.9125271
1353.328992
865.2620381
874.0929191
616.6288618
692.7517548
966.6345267
825.6271489
215.7134271
932.372293
871.1093485
76.94297608
1151.054817
1189.661985
821.3999768
1395.664826
798.4940555
758.8861772
0
1273.249925
938.3221999
803.7952295
890.898733
0
1087.859388
1408.876737
1163.807072
0
1198.908648
950.748789
663.7040321
757.2757438
248.9990441
496.7777969
0
0
272.517855
169.6880121
0
865.0970091
1098.641574
1264.198105
1273.93867
300.1657844
360.3853226
155.3483425
1251.055062
966.1004559
0
944.5177909
1017.933653
0
0
733.714775
769.4155339
791.2220572
1007.301388
1360.159143
349.7565997
138.5004282
936.3948463
626.3734215
0
934.9124544
1121.045321
927.0722492
0
0
0
407.2315692
728.6018575
767.6802505
0
260.7569491
799.3221917
783.8629922
948.5235177
846.0279935
980.8267504
718.5591951
993.6427285
849.7796241
942.8231394
1079.331377
270.9001609
751.5820923
1070.262853
730.4226062
802.969167
596.5447792
1136.518681
775.3321973
861.0536157
944.6811187
975.2208353
761.901413
1052.220461
844.9887014
777.6390534
730.7876378
842.8954737
791.6497939
752.1708217
814.1578156
1196.200936
1459.708677
1148.571963
1325.964174
968.6497041
946.7060673
733.0837672
898.2308864
676.0611827
850.8395885
826.6109749
874.8455257
979.4774779
870.289677
1015.873117
1791.275626
798.63209
702.4501714
1006.880523
633.833756
1007.271595
792.3549978
1229.119341
858.1162566
550.8616968
793.2421762
930.2270122
899.0056058
0
0
0
0
0
0
0
1024.241346
542.3369473
0
940.2047356
685.8705164
0
0
838.7159768
793.5056389
0
768.4524676
0
570.1367211
0
1502.266735
84.44415699
920.4943253
162.6055278
1775.395801
528.1172597
584.0879145
682.637318
817.8056835
971.1097874
899.4865628
879.2715331
1178.111836
1346.284918
1042.251124
149.7294438
777.5959348
1042.219329
1300.090353
799.4355479
742.4351009
753.080174
808.446625
802.5483348
1005.768816
924.0524757
837.7342262
822.8763992
944.5384796
683.962863
0
1047.583626
1128.592904
596.2121869
577.3014462
856.2350643
871.9425947
1418.875408
1093.371686
1498.525749
505.6045434
0
495.9353113
777.0467605
108.8784379
1153.73592
0
1423.188803
1062.8328
872.7427711
849.8291396
677.4314826
767.5026818
792.7222864
847.9677319
910.6523388
894.591138
933.3003597
737.3019471
755.2169963
849.4805138
660.4396726
706.4949499
931.1517776
780.6968166
913.6841602
778.0951149
1165.927972
610.1235739
645.1226228
1046.385702
847.1734512
0
1236.552805
174.7668853
0
147.003918
551.2728962
0
646.4909416
835.4688827
673.1076305
679.4775611
580.7852492
363.016966
590.4211223
901.3968707
847.1275824
257.9563261
689.4176422
1148.466731
520.4224443
775.9288477
188.6607773
984.0878894
0
735.0060323
715.3907692
528.4094757
387.0312868
722.8100587
800.4479187
839.8109432
886.4323129
934.0116196
875.9606046
772.1545341
688.9367202
186.0320944
89.4537926
668.6085536
207.4459833
132.8788144
825.6359656
894.8256316
714.3948565
357.239545
928.5901166
732.6896074
844.4671742
950.761439
955.4649564
942.081562
1092.326777
862.2110947
133.0520594
1384.613859
1020.232613
570.6842886
175.8787064
437.5878316
270.567577
290.6000011
658.1511204
1020.151787
698.5433221
793.6688513
804.6547018
915.3424899
1409.663864
829.1028383
1013.414283
956.4734513
787.0373298
759.4922748
1235.320179
986.6775467
1087.887654
838.6699406
980.0238219
917.7685924
885.6985423
1043.52082
627.4017604
0
661.5897504
0
0
1097.693922
0
0
916.105758
633.9950911
218.7727468
1132.223025
1187.086465
877.4948091
1090.59496
937.581879
1103.34889
1070.050588
1130.974974
679.0401062
994.439319
906.4984646
1454.979346
509.1471546
531.6584806
0
1195.997931
1045.315186
664.8470787
886.6636148
891.176926
864.8780559
1040.01415
858.8811839
952.9869545
1116.177911
744.1481193
949.0694196
946.3985438
1136.099617
880.6981228
932.146638
941.7193688
628.5573927
0
0
0
171.9748293
139.6938568
111.1109866
920.6796066
152.9398867
700.9039872
860.5004673
656.7435207
713.63086
770.2026811
1072.62404
605.4060776
892.9016279
963.1758143
806.31724
963.9660672
741.5636321
592.0459642
854.0245379
852.0737556
1091.344526
980.3790381
911.6977109
240.9711545
0
532.6276567
0
0
0
1123.519847
1323.242505
166.8855119
743.1879665
654.5327514
704.4168161
823.9689318
1138.253937
874.8610382
285.2736056
777.1236403
1033.318828
1144.472787
1097.99461
829.2520827
961.7498108
870.8919701
881.2577962
998.9871461
1122.101128
771.9900639
1004.524842
1294.412121
631.3041729
1082.651347
841.7111049
1155.300215
931.8955723
1001.666428
154.2482364
575.3069623
0
144.1376005
127.0716735
816.1041817
987.6765303
884.0325173
776.6742798
137.6259515
589.7545553
1178.798443
1078.390069
1077.520087
1065.729241
840.2429279
876.8503612
689.4140505
879.046371
604.2828628
649.1673049
668.9992278
1003.578043
729.2059985
885.1667742
236.9422725
200.9835145
1073.659613
1079.733159
832.6293303
890.2867372
939.1248335
951.3372726
965.7143087
1113.989271
1111.699101
412.5377651
1021.983779
999.384829
831.6281392
748.8932077
941.4265119
840.3960855
0
0
0
0
0
0
0
870.4036814
1024.785125
668.8182884
920.7328441
727.3280523
700.954263
677.8583382
940.1421776
666.939015
1092.319125
706.1588656
1088.954055
1068.380384
892.1178373
789.8331201
0
1150.04339
0
382.9082367
0
0
688.7965433
908.4139606
828.4808488
985.524118
975.0027038
1073.480971
966.1993882
811.5009239
949.9479884
1260.626134
1020.298335
1165.453452
891.1753081
1019.82832
0
0
0
0
0
0
0
927.7428144
1360.164399
1326.818337
968.484821
897.6835524
1132.093865
783.1992861
835.7243176
767.5414474
846.855952
865.0951678
990.4954614
901.4261954
1041.043146
848.4701633
714.3154467
678.7708964
785.2575779
1062.732676
744.2673568
919.7984706
0
0
0
0
0
0
0
774.145815
1088.311972
891.0248536
874.5793251
395.4644216
1038.158255
727.3838242
840.5473661
1038.388829
908.0440424
804.4902838
813.4001374
731.8321657
793.3380569
0
887.8088096
633.9620852
0
0
0
0
1032.815397
1019.075472
747.4102631
1006.639789
1095.787757
1428.289227
134.963224
984.9219961
1095.89562
220.6408636
0
875.8010852
179.775492
316.3839675
1084.223484
795.2582753
1058.999656
1022.769818
663.8233591
667.5734177
735.2596562
690.5811914
701.3125377
832.3128219
563.0075142
901.4848643
187.6515078
1152.831184
919.2442511
871.7147484
835.2656008
1064.953389
1054.918404
897.5732222
791.7600346
1031.363983
767.3549172
758.968343
877.0811105
733.2099236
1073.103598
741.4703445
1100.223698
579.9801469
882.3050787
351.5475073
1156.302794
922.9830664
656.4540995
169.7461238
623.0287174
931.0991971
882.9376549
969.300512
760.7295069
686.1025455
1269.381102
883.8217601
733.2511956
886.7744304
793.2026672
1106.138389
1157.994413
263.3361687
955.6055203
727.0299089
936.4524937
1099.62045
973.96999
893.3127206
0
0
0
0
0
3918.850316
1881.390922
965.1749192
1116.14179
1057.393913
858.1733379
1526.393215
1561.481046
1187.278326
1030.751105
506.5190568
1009.711652
921.1878971
915.350825
771.7749953
884.8561685
0
0
0
3678.963328
0
0
0
855.6392072
443.1367247
640.9974036
821.5484281
935.6083041
1238.968535
1167.8574
1011.134465
835.1072163
242.316382
867.3566029
929.5055753
1012.720289
601.8022411
0
0
0
0
0
0
0
1072.727361
138.1625297
850.9218848
933.7696192
714.2154926
1055.123525
738.3030725
1019.111571
873.3586531
824.7597609
1291.504413
830.4091682
985.2520918
1107.589839
0
0
479.7329629
0
0
0
0
759.5335119
237.3434626
580.4878156
925.3550009
1005.2334
979.3911195
986.705214
712.7043033
873.9734914
861.6935783
857.2265577
703.0400299
817.894321
1195.651612
0
0
0
0
0
0
0
763.4810324
854.8812282
970.1527211
1266.213393
858.4353986
854.4218537
979.5139315
0
0
0
0
0
0
0
798.4747697
320.0697438
0
609.3167442
660.8894237
243.8061292
490.6239807
963.911092
1033.139612
1064.498069
1086.120367
1126.266426
758.0050783
781.9220872
0
936.0689717
825.6933972
0
0
0
0
1169.455165
802.576679
1435.047638
900.9905239
583.1890232
1107.663991
811.5495462
0
0
0
0
0
0
0
979.8426437
1407.952109
734.6648187
712.1726459
1043.486534
688.5460153
673.9842184
632.718401
803.2905083
753.209193
905.0532914
906.1500072
950.5801873
1121.083639
820.8875632
967.5646788
0
900.6138824
0
782.4658861
0
1140.206183
1081.291073
1530.227083
991.485099
925.2905309
752.4732615
1049.25668
919.3174406
968.9298508
901.6770079
1305.247334
977.955348
931.1819203
710.2733353
1084.262315
502.687998
643.1351014
1023.414728
790.2507188
979.3348623
1372.674738
769.0574793
703.4151146
934.8757616
1107.261316
921.067051
1109.359591
888.0262795
1035.984455
693.3002633
1059.789174
790.6980412
870.7986783
829.736324
999.1616607
3332.341797
0
1464.006698
0
0
0
0
1055.397635
1200.503978
1004.70418
1211.784862
1147.907366
780.2579007
1119.069084
0
0
0
0
0
0
0
914.0482876
849.1008448
957.71799
952.1290004
925.2420579
954.5937059
857.5383046
0
0
0
0
0
0
0
1061.683382
761.3229817
1059.439687
795.6575964
1035.816813
175.0592165
918.1224507
0
0
0
0
0
0
0
721.9795882
1016.118632
1216.001486
709.5023185
979.5792149
1056.449384
714.0290969
1003.592804
424.5597053
687.4430618
1007.868192
1200.896684
897.1871081
807.2873595
688.7324784
687.6404225
833.7489758
865.6345114
1021.265837
825.6255664
808.0661294
0
0
0
0
0
0
0
762.7318861
784.4050095
786.2586945
1005.64915
1095.676065
633.3229983
830.5554392
0
0
0
0
0
0
0
782.9370283
966.2377135
754.3807314
905.8183722
786.8745239
867.6708361
799.7984847
780.855599
1090.70663
1215.562923
749.9822337
1102.19647
1152.395041
1250.385079
0
0
0
0
0
0
0
1359.331161
548.875184
692.5942662
713.1169123
766.6542735
731.078529
835.1980263
0
0
0
964.3614851
0
2309.051295
1179.679689
828.6206084
609.0247893
831.2772282
220.9132614
881.9567538
833.2719308
985.3939027
791.9093733
1380.8441
1427.169923
911.993413
877.1554598
920.3975609
933.2547867
0
260.8255883
276.1890433
928.2671813
223.210145
815.6213501
1873.958338
1412.932423
0
1518.720539
95.81299028
764.2869566
679.831836
1077.661632
169.3899751
700.3448689
521.1362595
983.6202656
846.6214181
636.3428264
752.3556854
909.5972946
916.8997037
1116.931303
135.7876394
181.9434894
815.353729
0
967.591091
710.2149289
703.3963571
189.7802653
953.5056966
978.2985897
1041.884654
0
0
0
0
0
0
0
1054.187556
1328.511643
870.3493673
1087.060811
1102.168831
978.9087138
836.1768465
771.7308327
961.3100234
855.2237808
719.7677501
869.3353246
723.7663627
869.5903414
0
0
0
0
0
0
0
967.0230657
901.9895486
589.31235
804.8797477
1124.628429
960.8707765
959.9113722
0
0
0
0
0
0
0
116.4979599
1728.136717
1139.955819
141.610429
706.8754763
751.53082
1001.570483
0
0
0
0
0
0
0
788.7991291
627.2207875
1027.531636
1126.997153
768.8084271
874.6684212
1003.555908
0
0
0
0
0
0
0
776.8254805
921.3400855
625.3330133
674.090999
1023.303757
724.3934571
1091.180254
0
0
0
0
0
0
0
892.8213865
790.2590671
415.0407467
657.8120134
854.2703645
648.289191
1005.541924
0
121.8897054
1197.823662
0
0
529.8381415
175.9308115
671.9946718
683.3762356
1067.693969
657.6906009
1010.921176
1015.523902
1024.508437
406.8400015
0
2295.986638
0
0
0
0
903.513159
949.5588095
1042.733867
1134.602482
892.1823301
990.7545471
155.787204
0
0
0
578.3594456
1057.344985
0
932.3302391
812.8448108
130.2904408
208.2383734
767.2655634
295.083788
947.0511394
823.776126
273.2701057
568.8923221
568.738302
300.9582303
297.0849047
0
381.6863469
876.4154319
727.8695284
624.4161326
814.0272847
855.8417429
610.6002884
181.4684295
935.1640847
786.9790766
1013.171245
524.6830507
622.7373091
591.4230206
893.6506237
134.381068
852.6576214
779.9880195
637.6867555
603.8719757
806.1959311
954.9036336
743.0207383
1050.363283
919.2141668
1020.812211
1247.199293
1084.891022
964.0483328
0
0
0
0
0
0
0
1215.909769
1434.209004
1220.161922
881.1381181
808.7987677
730.9535481
1037.641654
0
0
0
0
0
0
0
927.7622102
993.2215986
818.5464688
1165.22825
1032.868454
1024.910845
1018.380364
634.468463
944.9588324
914.9236789
1170.229059
1096.179848
851.9185615
1087.146154
0
0
0
0
0
0
0
730.4111249
800.5613867
820.2810401
845.0474224
956.8983287
794.5776866
847.5507032
0
0
0
0
0
0
0
742.367501
938.3204215
1161.159089
1808.201812
1139.689713
1116.421272
897.4881842
0
0
0
0
0
0
0
733.974156
761.4919689
886.0382472
1316.08571
971.1952315
1260.775272
1384.496499
0
0
0
0
0
0
171.3010533
927.6311574
1023.094657
727.3917834
974.9353327
891.7200302
1336.16144
1016.272917
1627.360006
0
203.4200008
0
0
0
0
895.2370241
1371.728415
1145.342802
693.482152
1214.301687
871.9841608
1208.272756
852.5190505
986.6423816
856.4233255
855.2923303
1026.741064
927.5110226
890.5719448
0
2272.240928
0
0
0
203.4200008
631.8460601
1464.006698
0
0
0
0
0
0
1064.968443
816.4065662
1129.349728
925.5597422
853.6916425
799.5054703
836.9403647
547.5999187
0
0
0
0
1128.834553
2178.028638
127.7942497
176.1815445
179.6768802
868.2740504
797.1827365
856.5597786
756.1511801
1154.487243
881.0747849
676.6072186
619.4845341
920.9306398
959.9556323
969.8900805
1304.20216
1160.973036
594.7047234
0
0
934.7032852
712.0672578
637.8087589
881.0423829
725.2463205
1090.2091
662.5961051
1103.447701
995.7049532
896.970205
633.6312523
829.9191109
237.6611738
1110.728979
0
0
191.6370009
735.3499583
267.6624066
1052.867637
777.7494916
576.1295173
203.7551775
500.0457432
273.7850748
572.0451215
661.318407
223.7417293
903.3005177
881.8144953
0
864.061846
98.59083993
1271.542701
1285.323374
567.5918503
1141.434503
738.5103347
1116.555169
814.0653173
987.6147279
703.6929699
1068.814647
882.4497549
0
0
0
0
0
0
0
940.8732045
1186.883858
1115.347099
936.5877134
904.9897277
827.0243041
954.2287748
0
0
0
0
0
0
0
920.0410781
867.3054542
1065.289611
880.1677502
923.8130976
575.2338133
1085.445598
0
0
0
0
0
0
0
948.354877
1062.752038
964.3461449
884.9261184
934.9339978
762.2531135
749.0813694
897.7448551
843.0517185
683.1537244
889.9997718
845.2185178
916.4623508
1032.721311
0
0
0
0
0
0
0
711.0511559
652.4483507
638.9304413
924.3965345
832.4367373
612.4143862
719.2944788
887.3694341
878.956293
1340.317662
704.8973292
772.0047916
911.0716135
835.7394185
0
0
631.3971986
0
0
0
0
1043.379835
1199.740394
975.0239415
621.7612996
938.240048
1128.210117
846.6643347
0
0
0
0
0
0
0
649.0272858
196.8850892
690.0402321
863.4862579
820.1009188
141.1397079
952.1331716
0
0
822.4880273
0
0
0
0
1244.807057
1332.171635
1339.423775
0
0
0
0
944.3193168
608.0699241
839.4584558
922.3806352
884.7698332
824.0737077
827.0654507
767.5492567
1038.767143
922.1795962
0
0
0
0
691.1395509
1319.576772
1238.58421
715.5804584
610.970633
788.2860024
547.7285579
875.5508486
952.457693
308.0507623
0
0
0
0
869.900572
843.0907309
1255.01382
1109.536558
1662.456099
844.8750185
803.604079
1073.887369
508.1549707
0
1712.360496
833.2700646
1590.557741
1676.179842
879.5650122
551.3503441
866.9599245
910.5360587
865.8590091
765.8688882
884.2782593
802.3193296
1089.566178
1051.587573
561.0647837
765.4459878
819.8526942
256.258576
799.7983944
623.7827772
481.3140667
749.9095794
643.1547481
0
560.2457894
812.8955544
641.3531733
961.424728
1031.209598
998.2987047
1078.288341
1325.759145
0
0
0
0
0
0
0
1053.400603
1278.995482
981.6119859
1136.268246
1004.534904
750.2780706
1056.168176
0
0
0
0
0
0
0
884.2040407
989.5251871
1028.422256
1128.338989
925.9444879
1200.746433
958.9534315
0
0
0
0
0
0
0
778.6777898
891.7030204
1020.153088
989.7641563
1018.909691
919.454666
968.9171299
0
0
0
0
0
0
0
848.0449032
455.2145538
870.7495041
902.4043077
838.4830846
739.542587
830.447298
0
0
0
0
0
0
0
0
0
0
0
0
0
0
906.1261854
972.065284
789.4617879
1161.74426
940.9827361
834.7870702
1032.024882
0
0
0
0
0
0
0
913.2361273
795.2913611
832.8837666
1051.610798
681.1335944
756.8584957
720.2734361
0
0
0
0
0
0
0
1051.280791
922.48055
306.9953582
904.3801064
787.2839848
418.4703645
938.7669475
0
0
0
0
0
0
0
0
0
0
0
0
0
0
1153.454146
762.8982264
698.6749956
920.930318
772.92305
1327.617003
474.1337851
0
0
0
0
0
0
0
732.8871466
808.7351916
923.8298948
1077.470578
823.6507299
1068.770548
931.0217558
0
0
0
0
0
0
0
1671.216409
623.0943715
0
1159.328364
896.0177076
880.881729
578.8393336
756.4165513
712.1618103
0
0
0
552.1314483
0
1266.498894
0
1232.290935
0
0
0
0
769.955365
958.9441659
915.1828206
932.157784
669.6068244
846.4491764
1115.296404
619.3398095
954.5373829
780.1537362
0
157.3037093
1016.830819
149.7264006
280.4917463
573.5716013
141.0098468
836.3191405
198.7066628
695.0329649
138.6489741
733.5715805
251.0632782
642.2191289
0
888.5515737
202.7212999
768.4867939
820.5246381
921.1320326
1016.085023
789.4539608
862.8433873
1028.947601
1000.006196
897.1910668
993.0526367
1120.846418
903.4455778
1159.256808
1024.486404
1075.917819
0
0
0
0
0
0
0
923.0335915
1328.675384
910.2539357
917.1600854
1028.22899
846.230763
777.8813753
0
0
0
0
0
0
0
699.572096
1092.319402
907.1008382
852.7002614
526.1028533
1160.967284
686.6816967
0
0
0
0
0
0
0
0
0
0
0
0
0
0
1058.264535
685.8628799
1044.622111
752.9426473
946.2964353
540.9688752
1020.420083
0
0
0
0
0
0
0
1044.607774
984.275575
963.2570315
797.9113721
1024.809741
906.5193884
1239.371229
0
0
0
0
0
0
0
950.7500555
250.2102653
911.1290229
846.7494141
941.7303253
1125.073442
1087.870458
0
0
0
0
0
0
0
874.8082963
857.162943
869.0604311
958.142245
709.9116659
1351.977077
1016.474551
0
0
0
0
0
0
0
0
0
0
0
0
0
0
923.5012331
676.047551
1238.751635
1109.967529
851.1741152
1054.108
1085.97413
0
0
0
0
0
0
0
946.5778496
1167.547356
748.4217686
914.066315
1052.296666
762.908543
705.1989645
1123.239079
0
0
0
1105.36979
0
0
0
0
0
0
0
0
0
1070.078578
1398.070487
1495.945099
841.7283463
1152.75814
95.57052819
955.8819377
0
0
327.3462904
0
0
0
0
973.3334513
1141.020045
437.424981
697.4771348
880.9196341
763.8174183
834.1227964
163.6505504
960.9389228
658.2003502
792.7412298
734.7539829
821.8719651
130.1188755
179.861052
465.1985797
0
556.5339373
127.0345212
772.8400613
120.7456094
164.6158197
1671.944063
1400.462997
121.8998024
224.0059703
191.8321538
1140.807556
685.6149482
214.6445633
807.4212566
853.3527093
767.3916092
531.4071668
790.0324959
0
0
0
0
0
0
0
1103.41548
644.2744335
843.7778397
758.8837628
759.7560779
895.8736063
694.5711906
0
0
0
0
0
0
0
0
0
0
0
0
0
0
1066.558604
704.9856923
1026.04328
876.9640836
1207.793878
114.0828168
899.2728815
0
0
0
0
0
0
0
865.2947128
955.443802
683.2252082
993.8892303
933.4392403
1036.89142
1015.865903
0
0
0
0
0
0
0
907.8702218
751.3383075
877.9384614
940.9330909
792.336119
0
893.8022868
0
0
0
0
0
0
0
0
0
0
0
0
0
0
799.2579719
877.9413901
308.7966761
679.3786447
1078.736827
670.3610451
842.6204592
0
0
0
0
0
0
0
229.5806276
697.768283
177.9411252
649.044583
763.0122092
609.7583087
604.6524799
0
661.0366415
525.6493546
0
0
0
0
783.9614195
772.9454996
997.0849401
939.6332768
899.9752822
616.2375687
902.3191391
650.454139
62.59076947
0
0
0
492.9976956
307.7625804
807.1865816
0
0
0
230.8219353
0
0
534.9952792
300.2172591
171.6487013
195.9273313
862.3340619
928.8591457
1014.889869
735.8354774
756.1191324
1166.15327
917.994783
1042.974863
704.4388643
749.7267196
912.8909004
95.17068528
0
0
614.9932695
0
1325.079546
0
0
0
0
0
0
0
1014.502847
533.900759
561.9244447
1147.336042
1048.295949
970.3601359
807.5523856
169.4277865
981.3216252
559.8608077
806.5891467
0
1122.842059
987.0577784
905.9602113
646.29913
609.5378282
0
860.42348
725.7534505
145.8310251
954.9684134
756.5551844
783.5105163
0
0
279.9142163
237.0514152
798.1658457
697.1856665
0
761.2564425
755.121312
955.1349701
995.4572459
0
0
0
0
0
0
0
0
0
0
0
0
0
0
822.8605133
760.7983968
748.3705698
949.7864005
880.4882955
1024.985917
1058.483658
756.9616109
768.9866543
1164.561033
851.8774877
1018.435774
1370.874967
1525.146273
0
0
0
0
0
0
0
1632.101164
1607.348698
976.796887
1146.362083
652.0439727
1086.098257
994.9337027
0
0
0
0
0
0
0
936.591362
592.6810502
1132.645168
1502.178264
933.8418598
756.5928389
1420.312095
0
0
0
0
0
0
0
0
0
0
0
0
0
0
859.7360386
801.8435919
999.630892
613.5177586
901.0507282
652.9899079
1028.303275
0
0
0
0
0
0
0
162.6561845
2012.079637
734.3551171
1029.538602
824.7597635
1493.017214
467.5462024
0
0
0
0
1534.208216
0
0
981.1943465
792.9561934
957.2814253
657.1809298
938.243658
970.6110166
1339.137325
0
1267.251162
0
1342.271766
897.2293267
1378.450431
767.1252491
0
0
0
0
0
608.1767395
0
1128.104236
996.6605324
741.6886685
791.1347317
1147.821338
598.0186941
849.9901851
0
902.1214084
333.3470334
1231.939092
0
908.388635
0
0
168.0044777
0
277.3388993
708.5423453
0
0
784.9058118
524.7758768
0
952.0778755
2440.170776
874.4374804
218.7976764
0
0
736.9147195
940.2881388
1024.397258
0
0
0
1058.289579
1040.19508
1440.447749
896.9246895
740.7617974
961.3396222
715.7208844
788.5390554
667.937096
783.3722222
307.8286457
212.7752962
370.3228157
0
859.249119
743.7940327
120.545302
0
484.4924114
415.3014887
600.5524739
848.2552282
565.9127842
0
0
711.5026035
720.0066972
639.6374076
481.6979426
506.4440043
0
916.5589468
784.0581179
608.0990106
875.2782483
1099.456012
1172.274983
944.7257062
1099.108412
854.4448129
1056.751544
0
0
0
0
0
0
0
927.4836308
721.9882466
1176.057266
720.4515868
824.5327541
1151.247181
1194.294018
0
0
0
0
0
0
0
244.9936026
991.4217915
1451.570861
1189.834781
922.3041663
1311.124708
902.818783
0
0
0
0
0
0
0
1101.011359
2177.932838
827.0885075
1198.66528
836.2182765
913.5437066
858.8645947
0
0
0
0
0
0
0
0
0
0
0
0
0
0
0
0
0
0
0
0
0
858.1199591
240.6441895
661.397297
595.316214
753.4765769
917.7208798
970.7331109
0
0
0
0
0
0
0
1427.128207
112.3292044
704.9602814
1146.592163
1250.971216
1000.425869
479.8786779
0
0
0
0
0
0
0
0
0
0
0
0
0
0
2362.105925
0
0
2271.207942
817.9279444
0
0
796.930928
334.7165872
781.4221229
841.9549778
831.8431386
855.8428107
743.7499606
0
0
0
552.688304
1255.392005
421.2307067
0
891.2562606
1162.094266
869.158023
689.0368191
764.3415308
840.8750023
141.144416
0
0
0
0
0
0
0
585.4254832
0
0
572.3948997
0
0
0
0
582.0448749
0
0
737.7399603
814.0140606
895.7361967
1186.629099
446.8342117
713.4662339
649.4280533
723.5039275
965.8691222
290.346303
0
295.8874401
854.9739438
581.4897206
0
1148.922493
1390.045069
0
999.5361446
2241.416821
0
0
1212.50203
1331.447067
1506.172604
586.0605823
0
248.1490187
695.7143444
1598.956819
1513.852565
934.8741023
89.33214067
355.7768111
287.9390046
227.9815904
355.2031933
239.9520848
0
0
0
0
0
0
0
0
0
0
0
0
0
0
0
0
0
0
0
0
0
802.8651695
910.9598663
732.2156568
681.0943091
835.5692088
1139.8835
1014.373314
0
0
0
0
0
0
0
168.5434472
301.7697579
658.3323002
191.9979475
957.3072033
897.2791237
1069.983773
0
0
0
0
0
0
0
748.7035166
842.1828881
854.6175405
972.1260466
1046.203028
960.2056189
805.6363385
0
0
0
0
0
0
0
0
0
0
0
0
0
0
807.7965028
1025.337585
770.0313466
1070.395682
880.28442
694.2206778
819.8508362
0
0
0
1166.306516
0
0
0
0
0
0
0
0
0
0
953.9557887
552.2505761
798.9113566
997.6519965
783.5883365
724.3825733
824.5194383
0
0
0
0
0
0
0
0
1033.82281
791.7202876
0
0
0
693.9768641
0
0
0
0
0
0
0
0
0
0
0
0
0
0
603.1237506
159.8720504
818.4776088
665.7941252
907.933238
646.7459125
854.3970711
1016.214215
1264.397029
1007.757094
131.3516407
1292.882479
1085.646123
863.48193
0
1565.424375
707.3095834
1200.149045
971.4791334
198.4057677
2640.596408
0
765.5022653
768.691274
780.9935564
819.6969752
172.9507142
154.8324506
443.0014576
1076.67606
744.6262708
647.9626389
647.3721978
560.1128145
0
909.0652142
684.3245378
958.8693088
534.5618476
800.0581612
0
850.6446877
560.3517688
364.1149173
697.0369849
700.8308493
681.6943059
886.8313347
742.5590595
0
875.9603982
616.6355117
0
530.4962009
621.3088364
0
0
0
0
620.2205478
720.9598324
0
169.0959038
1217.568997
965.404172
1143.573476
883.2905945
1538.094308
1503.407688
799.7130221
954.5608608
106.0923837
1209.582122
636.1267468
943.0460133
163.2576936
879.1178207
0
0
0
0
0
0
0
1254.39061
700.899955
1482.236666
819.2151036
955.7360198
145.3380784
856.062196
0
0
0
0
0
0
0
1472.076674
1081.555776
1675.39469
550.7166774
1237.558436
0
1208.18086
0
0
0
0
0
0
0
0
0
0
0
0
0
0
0
0
0
0
0
0
0
953.0096106
690.3733195
1099.699711
826.3974346
883.5174416
883.4900676
612.5076905
0
0
0
0
0
0
0
0
0
0
0
0
0
1857.718726
1055.820963
463.813955
828.5505968
298.0474796
398.3003314
0
1210.046163
0
0
0
0
0
0
0
990.6508523
750.2130862
965.1977388
0
869.2323407
111.9114529
707.7238805
0
0
0
0
0
90.26372287
240.1092685
0
0
257.634369
0
0
168.3475868
107.8937774
805.7760443
688.1442021
435.4152134
943.8785346
846.6288444
724.7432091
669.7378279
0
719.7174282
0
0
0
0
0
0
0
0
0
0
0
0
0
1010.337938
859.2251431
0
0
0
0
0
1232.354172
1081.22092
0
0
0
0
0
589.187976
664.8852934
812.4324984
0
837.9259525
0
728.2792117
547.6254239
473.7316499
0
551.9512711
780.7805802
0
864.3222307
546.9883464
661.777314
675.1042048
631.9014032
320.0154076
590.6396062
704.5999751
544.9281523
748.7090475
859.7748978
1105.172976
879.753579
894.9260974
161.9948235
981.468589
897.9519558
616.5179606
656.255182
245.7200256
1036.025153
353.5690255
874.5342439
978.3886237
797.991726
922.8123407
988.4280823
861.8083191
771.9195051
932.9079995
805.5829362
746.3343781
795.5234372
807.3504943
0
0
0
0
0
0
0
0
0
0
0
0
0
0
0
1096.843618
702.8663639
874.6697112
101.0193898
871.347189
83.94624895
640.0389112
0
0
0
0
0
0
0
0
0
0
0
0
0
0
786.2646881
969.6297935
983.5207412
854.293628
611.3997247
694.0214977
654.8183492
0
0
0
0
0
0
0
711.6803153
685.7938619
1071.354894
0
723.9526434
859.215211
630.3684513
0
0
0
0
0
0
0
953.002164
736.827738
962.3327932
1092.271788
985.8779334
702.4873477
603.9470898
0
0
0
0
0
0
1004.719219
719.3463137
518.3845789
628.8647875
732.4540276
1009.91946
699.8015177
893.9402154
0
0
0
183.9143779
758.2825085
279.4375108
233.1662173
0
0
0
978.1271384
1326.24169
632.0924629
0
1003.602463
877.8557726
922.7380671
776.8393078
494.2624027
246.2892867
1098.293776
0
0
0
0
374.8751186
0
231.1527257
0
206.8371333
491.0194357
558.7402362
0
355.1199448
238.6153975
0
223.301898
168.4097533
353.3449849
900.3504046
0
187.7035033
754.2304079
103.9856964
930.3196477
757.8279156
917.1728494
0
0
874.606499
566.1115173
0
609.5173346
634.8182183
173.8785536
0
845.7346888
899.1812546
1002.458349
1021.84177
236.5265611
0
980.5106119
878.1396328
781.0021213
272.8395949
119.7267765
0
924.7592197
0
0
253.93698
269.6449493
698.5235716
918.6804298
0
0
285.8087466
413.0042455
223.0062892
732.5301555
939.7557121
843.7674716
1034.01431
0
0
0
263.5432538
849.1064008
866.4000302
531.9819574
0
0
0
861.3486047
186.7741021
0
0
606.6600325
817.5346553
948.9190481
142.4959613
0
600.3485515
139.1840704
978.8216626
249.9626577
0
0
0
633.582419
0
205.9949375
0
446.9538246
849.1105039
1277.131523
0
684.5490991
232.2890793
0
560.4975787
770.9803852
684.6630705
545.6775788
792.0718082
0
0
0
0
0
0
0
984.9126199
78.70675129
1158.865617
712.5836571
880.1963384
0
998.7800729
0
0
0
0
0
0
0
0
0
0
132.6970066
208.0472508
172.2077378
0
0
0
0
0
0
0
0
0
0
0
761.7582468
874.9374809
0
151.9856847
0
0
0
0
0
0
0
0
0
0
0
0
0
0
695.2272734
655.0200651
760.7115413
517.1690792
972.9864672
583.1275849
802.4449798
0
0
0
0
0
0
0
767.6966016
0
0
1234.539262
824.4546132
765.5566809
197.2557583
0
497.5293778
607.7486233
0
0
992.6523976
0
0
0
0
0
0
0
0
855.1132619
947.4935994
999.2758189
591.4247245
733.5334144
185.5747938
964.2328851
1107.878389
0
0
0
0
303.6139986
0
0
973.3207563
454.7991522
0
0
0
0
0
0
0
0
0
0
511.5391564
1015.968923
660.4121349
805.8651805
0
0
0
0
788.9709083
715.1730203
733.057116
517.0234261
634.111832
0
734.4188579
298.9087743
933.1813133
301.1928293
711.9060289
581.198898
551.8361968
335.6462297
110.8260095
106.6753088
0
263.2259736
0
819.6533754
717.2978943
0
193.6622817
327.4549644
705.251515
1188.640061
133.619443
261.1514609
448.2956136
0
222.7305031
125.1249295
0
376.9454601
185.0735233
503.9792571
163.3834567
0
206.4187262
736.9031191
367.9895302
1051.419169
0
690.6008792
779.5847829
537.183331
0
723.3789099
0
230.8782178
765.2162134
575.8515023
0
0
601.7130867
1252.046999
0
623.1041887
650.3001066
0
0
1119.777855
722.8692695
0
0
0
0
0
526.7874501
0
1007.248484
339.6148398
183.5122155
802.8281706
331.9258455
388.2302864
339.7024957
0
346.4850129
280.1606932
957.8117444
297.4438084
284.8582979
287.4439215
306.1338532
873.3110697
863.867164
0
213.4993816
366.7200143
321.339377
740.3385385
737.5273477
877.1410035
1093.106731
1064.999135
0
614.555091
0
0
0
0
0
0
0
988.6537349
0
887.0541879
747.6050758
0
1062.83378
1443.192584
0
0
0
0
0
0
325.4720012
1000.848471
0
175.164207
1251.276357
1750.939583
0
156.3868189
0
0
0
0
309.9733345
0
0
947.3495768
115.2248292
198.3610206
663.8683669
828.2174744
726.0671189
0
0
0
0
0
0
0
0
0
166.2887298
251.2545776
677.140578
658.9066139
0
199.9666283
0
328.5599512
116.5831087
1399.109096
1295.575869
0
376.0069169
675.6326794
932.9306337
1475.084227
630.2888149
508.1052339
1035.35066
739.3622389
0
0
0
0
0
0
0
297.2927408
0
0
0
0
0
0
640.3378179
1029.085212
1282.379061
942.5736963
961.3554471
534.471191
882.6908775
222.1306858
1275.90639
1219.801454
1043.566675
725.641639
138.7259524
768.4946769
108.0868627
0
0
180.400545
195.5057796
0
0
0
0
0
0
766.8600827
0
0
0
0
0
501.9025781
0
0
0
0
0
0
0
0
0
0
592.8372873
0
0
902.961145
898.7433259
679.1418204
0
182.9145215
98.94494428
661.1039301
248.5839614
1158.877377
882.3666317
0
173.9459734
824.1664947
296.1742487
845.9771248
752.653964
587.9923832
140.000318
1302.364279
228.8655891
169.7464326
780.1029578
495.7125561
155.5273341
0
783.8490237
706.5848954
837.5826816
793.27728
1435.286541
0
0
729.1175379
422.4562183
0
1769.897623
792.086007
0
1432.72403
255.8081801
672.1399065
674.695017
652.3689878
799.5310303
868.3017418
167.63615
788.9225293
570.7025116
895.3388149
714.7642149
778.6130948
0
683.0198454
0
111.6076926
157.6138377
779.6663706
792.1153069
846.3256241
517.2503819
0
161.1262365
327.7756631
759.6548542
0
923.9602936
856.821692
0
118.6602758
0
0
0
0
0
0
0
0
0
0
0
0
883.4810921
0
921.3419461
815.3758402
699.1059071
911.9198811
845.0103695
0
0
0
0
0
0
0
1405.438304
1323.221015
669.4056429
0
1847.15728
774.2668785
1775.379875
0
0
0
0
0
0
0
604.9922884
529.0096799
272.1154465
0
656.8624417
740.4096548
922.1323174
0
0
0
0
0
2159.057963
1838.596905
243.3849317
864.9234434
110.2548769
261.5608751
0
298.888039
0
350.5640751
0
0
1068.99413
610.4064326
546.0980469
0
0
429.7695378
668.7734152
776.6929328
0
370.7432343
0
149.0273017
0
0
0
0
0
811.0947774
971.9936169
549.8775799
807.7821468
800.8385174
720.9116895
817.0731763
661.0054957
751.0034101
0
0
0
0
0
0
0
0
0
0
0
0
0
112.8229347
677.122675
0
149.2792389
0
583.110569
612.1098179
0
0
927.340519
729.6973067
1036.024817
755.263789
669.8784882
841.7196424
780.429838
1192.270573
817.6972946
556.2808666
570.5998783
0
798.1913913
0
0
519.6442618
0
0
232.9265633
304.2227722
0
164.625176
165.5431484
686.2803473
0
0
458.1647299
158.7382271
171.8206739
598.4479294
1113.963591
0
906.2436807
0
0
739.6995565
774.9132939
816.314873
604.7284244
618.8429216
304.8451539
355.1343224
819.3534011
819.4662771
0
0
650.2317856
0
1380.198809
1509.51608
0
0
0
0
0
1486.120857
933.1058488
0
0
777.7636503
0
527.4572963
307.7785572
0
605.2878412
0
408.7209874
554.2576611
1686.759461
807.3370487
1060.786872
0
1112.915895
572.3103841
1206.191747
704.9069288
720.9153804
845.530378
1247.179763
203.8845605
1952.484269
1237.311987
582.5108505
204.1323864
187.7884601
0
127.7531671
723.3942233
798.3265279
151.7734508
277.848774
173.8785536
0
0
1082.776323
1023.334422
781.2010903
0
793.8789793
168.8801991
145.9702339
863.5963718
773.1527039
845.8133324
576.8691165
0
136.0174831
0
830.9025613
964.0311568
990.4383354
476.7522632
0
0
816.1964514
986.7766228
1093.665685
872.1570575
0
0
1271.69982
1117.193441
1206.983068
1104.890997
198.1486719
0
0
0
0
1158.930179
1094.002111
268.5131032
679.7419116
1107.179666
0
0
1098.967165
725.3487811
129.3906104
1259.769239
1141.907909
0
121.0128011
0
0
227.2229416
930.1490495
722.5742619
883.7469096
1205.308369
756.4871555
566.0099197
769.9751752
0
849.7142708
799.2598616
650.787153
0
891.0920998
702.4976729
248.6167793
0
801.3503533
1043.846707
929.8754556
689.8395981
785.7957905
429.0550855
928.4622965
787.9828028
888.2133891
688.6350096
572.6917588
0
0
0
0
0
0
0
482.1035171
558.7829576
681.6943059
897.5935134
617.948784
1222.769231
1036.980311
750.3323748
814.0499066
918.6281519
756.6645308
858.9486936
0
773.2062753
0
727.5093099
254.8436212
103.6947475
0
920.1790387
680.4952524
0
825.2524122
133.6945049
0
0
626.0401343
805.6399477
0
0
0
0
517.0985263
1024.866998
1519.34336
853.0757671
1179.631877
196.3271513
146.271573
723.2850596
867.5856041
0
591.4687174
738.6005696
705.1473458
534.2947539
940.3716262
0
573.1463502
953.9860276
0
1062.118214
900.3701164
752.8447938
728.8820964
755.1618364
113.6359599
700.0643672
394.026363
619.7037099
0
832.4021353
0
0
223.4559397
139.8743421
0
0
292.2943953
211.2768089
0
0
0
0
0
0
0
758.409168
0
743.2404393
0
0
0
0
205.3656447
114.7423874
274.6850282
888.0097575
1255.401941
0
0
223.8030679
977.980152
1123.608961
1070.626654
507.3785722
1056.071698
1208.528794
767.4024065
821.665063
182.638876
406.9394101
1085.837797
707.430379
135.1207945
191.7391816
0
256.7511536
788.3012335
749.2784176
0
715.2879612
718.709943
0
124.7240063
487.2097945
513.1792477
762.8384831
851.9111279
776.3383879
1118.200074
937.9368105
840.441536
858.6525372
760.460049
0
120.0512742
852.5782047
921.2413444
379.3871504
159.9169054
1117.267007
768.9505722
122.1756756
834.5390959
0
791.7800588
832.7084703
910.9251468
200.9123159
0
161.4812591
178.0499064
202.5481323
173.5343018
843.9041963
735.5194524
0
1083.978438
593.2981772
790.8061322
903.1081469
1320.052764
0
891.6970637
656.3161687
1541.861166
743.1153365
749.6103751
568.9221197
996.7701691
1231.005356
900.6271532
944.5813499
1409.928298
1317.816165
1223.102365
943.5185638
0
1022.370035
479.4786087
905.1067979
956.6599417
1137.937484
799.1370368
337.1712911
883.9361645
0
1095.85559
990.0259204
618.1443855
625.7499266
917.2912333
0
983.9555636
271.5282169
290.9829677
684.1962277
1115.608038
775.3521186
0
0
755.9844126
956.8333974
649.1738013
1013.48097
735.308135
0
0
868.7895593
992.2359637
937.7581776
949.4310742
528.672374
0
1237.586211
893.0055489
880.4333529
937.9646083
909.6691267
367.6673082
1311.457478
1191.527193
998.445117
926.1870064
0
190.2859455
0
1439.354694
1126.188973
887.4589994
1053.993615
0
0
303.693565
153.4437998
221.9484788
860.7928403
0
0
85.45026314
789.7559053
203.8100625
0
164.5947117
275.8412588
130.0031046
164.1158824
0
865.7732446
231.728201
260.8847001
0
201.571602
163.7813088
0
178.0410667
0
738.0142395
486.4727161
161.6147524
816.4908127
386.7752467
0
166.9234561
621.7813967
1059.188603
204.6864256
200.4214389
638.1363791
878.5004785
806.0117979
155.369564
514.5459946
223.4662134
336.0971138
0
1120.119129
860.0099412
1051.408444
1155.075231
180.7883244
1153.72314
967.9387525
604.456511
0
1033.130777
606.450716
1124.001663
238.5244622
1150.723553
0
0
0
0
0
0
0
0
0
165.9197298
199.4905173
0
0
866.2603731
544.7479202
715.0555539
198.7271488
818.7990359
736.0370879
911.774588
582.985796
587.3981693
326.0810484
284.0934843
203.294874
756.4708852
538.1028258
0
743.2723127
921.1427929
786.4879605
470.4923992
200.8879164
833.7874709
214.8751832
580.3232628
561.916332
674.2100622
0
893.5169476
139.074058
0
0
0
0
0
0
0
0
695.844903
939.6686127
568.9794196
947.1676552
177.0608352
394.6910232
709.186454
770.6054776
698.156212
997.8216216
145.1538232
916.3047477
1069.466719
824.475713
0
673.7796988
767.6613963
679.8360268
811.2334812
861.8530738
227.1897333
1006.551363
852.7326485
646.9630702
1120.542853
858.611272
666.0153948
0
1711.750769
1669.682277
0
0
817.6749425
984.1115218
341.1047653
168.9193517
214.3396107
0
198.0467712
145.9693372
208.8936552
306.1087873
115.8402991
564.1684913
159.7392739
818.1396304
194.6324743
263.3457811
264.0371662
882.7630717
660.3225851
546.428406
616.3749878
1083.164959
702.1456601
694.2355839
881.8655644
835.1723292
0
509.1719238
856.598035
536.2782266
782.5968902
1004.500836
748.9277932
768.5087802
1139.272991
236.7131006
133.3911537
782.0842894
933.7092362
1024.00559
800.1612138
264.0818407
358.2797973
262.1352186
158.9779969
617.8602926
0
296.8967312
0
937.9722721
0
0
714.4195771
0
208.0746431
164.2765484
773.7928714
315.1269143
1959.479691
0
801.0501363
92.68374177
238.4883004
107.6733143
972.7488698
714.2822042
663.408501
158.0089496
1122.271299
687.70048
1476.530201
0
1175.537012
638.7245457
1309.340711
578.8718894
0
0
0
1168.69318
1042.013156
856.4222243
0
709.1950036
539.4949248
1011.76821
777.4028506
567.1371181
255.5904994
916.5925828
947.5563982
915.6576778
0
924.76722
1147.996941
0
1600.559608
1101.991028
0
0
227.0969055
0
0
1012.90666
822.8827851
884.956251
765.3351331
210.643417
584.4602729
820.6298085
0
0
0
0
1470.661947
664.3221206
1232.112229
1167.884414
979.757866
926.6979391
1133.077776
799.3768015
1477.600772
833.2987832
496.2418502
0
0
0
978.1420049
241.0839882
682.1315917
0
0
0
0
216.2526828
947.7645392
815.3151475
440.4715792
600.4843799
0
0
115.296871
187.2987484
0
0
959.5317474
0
1061.566715
0
110.7239767
151.2649294
0
726.247297
1067.944843
360.9236264
0
0
0
883.8127445
211.8921858
1068.493212
982.2004713
978.7956359
0
117.6278276
745.8753404
1431.848033
164.4252318
185.2536394
177.8610005
805.9123866
1027.435032
1484.052328
1268.04604
108.0819948
716.3928436
614.4602311
987.2605756
1165.768027
0
93.63368307
2232.027589
2303.546903
284.2909916
595.0211483
730.0848594
163.1872553
171.5147629
1575.847358
1056.953757
925.9828428
299.0060737
135.261153
714.0399876
827.9134344
803.88817
311.5891605
793.4145873
153.2686811
773.1390068
109.2050026
142.7650073
219.5525836
270.7636169
742.0922443
397.0516168
1592.631367
0
0
975.100484
1372.514636
935.6211137
901.3824596
1106.96921
0
625.5567733
0
0
141.373881
1026.476599
1234.434242
2165.100288
1389.50708
465.5401612
1336.355507
1217.067126
0
0
0
0
676.0712082
0
941.419819
925.8484261
847.7773661
888.8789661
1148.391163
0
470.8237601
1183.810181
221.5152926
215.3603593
707.6533859
0
0
599.7672307
748.0478939
694.8460921
1082.792498
692.0716904
286.7243855
547.4642147
0
612.1734092
991.3126526
794.9352543
1021.842611
0
0
0
0
0
258.137417
0
0
0
0
0
191.7732675
797.4779116
565.4342559
750.8250322
499.1964256
0
1086.899864
0
968.670877
692.5906129
1127.784314
594.978666
794.0768652
0
0
0
1127.581897
948.3279467
103.7857447
0
1074.344667
926.4158218
1369.295539
1419.83034
0
184.2867492
287.5682502
761.5046151
0
0
0
899.0512921
761.0217961
835.5562307
1032.631842
878.3669078
585.6212377
876.9612906
1821.676911
873.5066712
1143.475494
700.0661568
905.5674816
868.7513135
520.4125668
134.5530584
599.458037
1069.913883
159.2421891
668.114891
842.0517198
1020.318659
689.0898464
603.965383
938.5796979
792.7721148
714.5738497
774.0851886
867.1082485
1173.413559
814.2138236
741.22374
622.9160666
1038.966388
617.2302608
719.9080178
1205.300483
1887.514095
1487.490169
788.0062982
998.0020397
610.1742035
742.3960876
682.3845707
929.3208177
631.7433655
1071.52578
995.1504751
811.230238
837.3478261
995.817772
1007.119561
947.4251973
1434.327678
1148.160331
1009.43936
1102.631989
1136.098826
1021.622922
877.0455876
609.676967
888.5281395
876.9457194
790.5835807
810.9295577
757.1013767
761.4824044
894.6020209
1197.858888
1247.224293
1978.442577
1126.182151
1005.770746
949.7210396
1755.765052
113.6497383
216.8460442
159.7209792
978.4651882
161.67646
781.3489712
244.0618961
280.3543664
221.6850618
1403.360069
0
0
0
0
948.1078121
0
226.9702969
186.6817905
0
0
820.8574796
0
695.9654458
700.6104856
929.6751388
543.5095677
677.8856038
1016.037997
646.6496705
880.7980761
923.4024424
1035.310795
1047.761007
942.0533133
1209.412627
723.2982764
748.5665336
662.9650463
1226.13545
743.404388
841.6993299
739.3643599
1695.832665
1069.378891
718.6181643
663.3711075
744.3352751
862.3901362
647.423604
977.577617
780.2311972
621.8965982
919.0976504
935.2113697
686.2288529
275.9810056
810.6109739
998.5028433
980.356811
912.7089508
1074.524548
741.4526759
0
0
0
764.7503963
0
0
0
829.8651472
1025.87052
1014.959714
545.1254915
997.9589882
812.0930443
1356.76619
369.8545468
772.14536
301.7299459
750.275844
0
344.1610148
0
703.9212535
996.9147235
0
670.7422368
790.38493
547.6879834
784.4189621
858.8619469
1459.077526
857.9266493
644.7599578
943.8367964
783.3229975
1042.204241
1295.122273
783.8836116
1110.065122
722.5895225
913.2997403
805.6022926
1026.673904
716.6585584
837.2788411
741.2135445
933.8628628
945.6425673
609.7212915
860.9059
150.9000488
1416.746808
966.7580512
1023.396326
987.5796274
1099.675438
998.4109432
1283.213409
1061.869131
1082.172192
739.08501
1027.279373
1029.029166
870.0918032
0
0
0
781.0089953
0
1556.956773
0
0
0
0
1265.50145
917.2611301
0
0
801.3545609
708.6249141
197.6517678
201.1413407
837.7589558
743.1026842
160.3356115
1157.192857
263.6740438
765.8606175
997.0637628
1520.522877
997.935573
1101.16031
991.5956687
274.4647366
735.753107
1036.686821
1129.158884
1026.54356
873.1783717
1205.746102
1545.684299
877.9273609
1071.340722
744.7507833
1200.550288
950.4512685
818.7206468
856.2288309
637.2591328
803.3090348
803.9823452
767.3181806
771.3291723
1147.884012
0
0
0
0
0
0
0
390.5004622
0
0
0
0
0
0
0
211.0067588
0
0
0
0
680.5510379
708.6130325
801.8338946
789.1569874
938.9572369
844.1128629
1178.862009
1249.29508
684.4527515
713.3319983
919.6672773
1641.497276
997.9182484
935.7975172
0
0
0
0
0
0
0
218.1487508
729.6819469
754.3678067
801.731858
824.4147669
586.618192
886.3246142
0
0
0
0
0
0
0
968.3962547
371.6260667
890.3137345
652.4637076
635.4014173
809.1337775
1048.654028
137.7176827
862.7265792
690.5793736
992.978418
991.943531
1159.841494
558.9006916
1242.010129
346.5246817
1017.594019
926.9058916
913.4088125
818.7762049
863.5117342
0
0
0
0
0
0
0
858.8356798
849.098508
1312.44408
773.0707777
873.8472866
1352.276782
1070.843723
0
0
370.0398483
0
0
351.8186838
0
670.0657216
877.2976764
160.6601693
778.0799507
898.2614382
898.2441233
751.4136737
958.4503299
2992.101515
981.2619177
983.5238178
916.6773897
817.6446992
983.4015997
736.9723508
1047.792916
928.2537457
929.5447385
724.2089369
958.0533921
619.8070211
0
0
0
0
0
0
0
341.7282983
0
0
350.7056148
0
0
256.6584226
0
0
0
802.2367622
0
799.9895855
910.1389248
0
0
1097.242071
1379.880778
1333.830968
0
0
1251.256985
0
417.5986814
813.6624804
786.4262046
983.8636584
1079.374085
0
656.6147177
1245.545498
154.0072841
209.1589832
1247.902203
1255.438494
589.998366
345.0720159
215.5616769
222.2552853
196.5195766
268.7298424
701.021171
729.3841258
0
764.6329422
1041.120646
906.8065616
0
891.5744154
0
0
0
0
0
0
236.9443104
653.7306583
717.5693537
558.5611631
816.5732038
694.1633545
942.0573881
947.4539983
0
0
0
0
1217.521312
0
0
843.3913616
0
847.5208123
199.9298366
637.92756
736.3149105
1045.194141
1147.068419
888.328254
999.159316
635.2648886
533.7912075
608.2807723
633.4539695
0
920.2666273
465.2450827
1485.694098
1690.418856
878.6358702
812.3103773
0
0
0
0
0
0
0
0
0
0
0
0
0
0
0
1380.520678
1559.016216
0
0
1587.019827
0
0
170.8391626
366.3401243
215.3610979
0
0
0
0
0
0
0
0
0
0
0
0
0
0
0
0
0
0
842.3212732
862.2109977
0
0
0
589.6894771
963.354652
748.0055893
957.5297681
844.9127784
700.5458913
1035.932125
778.9051483
450.8601457
0
0
159.646907
142.8758876
0
103.6570117
0
0
0
0
0
0
0
506.9545622
184.840435
0
370.6445779
1185.640811
0
0
0
0
0
596.0356686
958.7571564
294.4646331
425.6074703
0
1161.277398
982.004611
0
299.1882995
0
157.8866119
0
0
187.2038754
191.8395482
151.8219053
0
0
)
;

boundaryField
{
    symmetry
    {
        type            symmetry;
    }
    inlet
    {
        type            calculated;
        value           nonuniform List<scalar> 
1442
(
230.096382
658.1785286
682.1035244
745.4321547
154.1822292
667.0026975
746.5920163
550.3631492
489.9802785
0
0
611.6054798
179.194124
591.5671781
126.4251167
772.7524131
0
447.442604
466.9741646
635.5302585
484.6847623
0
239.96057
731.200572
703.8888133
587.6313223
727.9371882
135.7559109
611.8705863
525.9870871
512.0309944
539.6887912
122.2659265
635.3455394
1077.915294
772.5554575
492.2772061
409.5458643
824.6780152
311.3534297
484.6114346
765.6313709
642.9481205
501.9242676
0
221.5688794
614.782841
0
0
0
355.6976689
741.9771629
596.7719441
730.3243396
582.3897283
606.3523684
602.6016789
600.593531
795.6600081
597.2460175
809.5112061
660.1746138
436.9667109
594.3214476
100.7803407
105.3410738
198.3361069
556.3558726
704.5258673
481.3084237
487.5261766
995.1141387
829.5661001
781.8423028
154.1629106
861.7167531
573.2551673
587.0030397
760.249776
159.6911088
639.9369187
500.5532195
143.483707
801.7649804
154.305542
1050.396749
0
137.3466725
0
0
711.8333738
800.9384561
981.6840918
139.7856881
1031.263472
508.2649184
176.7554812
547.8620529
660.5513908
650.4821645
521.823972
780.1679257
702.9516056
565.5442574
0
383.2086931
572.434771
542.5156825
581.2586564
0
137.9426576
0
655.5573037
987.4547158
509.7925614
666.1549927
663.141997
821.8692653
222.8454008
331.3439683
164.3547228
663.8678407
690.914723
796.585944
590.0448799
450.5007484
171.1712943
631.1735905
151.5005031
229.7589456
417.9478804
767.7385822
551.7700927
386.0749098
602.8747133
1253.315422
501.8568123
787.985452
741.7451931
791.5178696
597.6504106
681.0730364
504.057877
0
615.011548
146.8853516
698.7814636
741.9816542
837.0156102
425.7338096
630.5599043
230.6720166
114.1003136
612.9966628
0
0
90.84913592
796.2463162
0
0
0
775.3907693
752.8292256
690.7378899
775.5335859
906.7499521
521.5850754
216.955992
947.8215422
972.4179922
624.8855952
651.9463673
842.1451562
851.4035539
476.9085306
667.4600615
807.9807478
0
688.2550175
304.9275786
734.8048858
96.55303599
646.5484459
75.75903858
118.3528968
84.37050529
0
210.2846656
154.3895684
735.7932101
664.4732229
588.317154
743.2823015
975.6911908
588.7601781
760.4336213
199.2941531
0
948.1990071
955.774976
671.3310102
243.6444318
0
464.8473537
124.5221235
977.5548534
557.006844
0
571.0970171
102.825552
0
476.9844469
0
754.2795759
199.8124288
265.148371
0
0
1385.226272
820.4340781
829.8249256
823.5471949
571.7615138
818.5944659
669.7716674
483.0419121
140.5569792
610.12321
566.4467001
489.3091202
646.8813091
97.81009075
0
134.5026722
0
434.1862342
0
0
546.8270682
0
0
659.5786819
212.0448548
1063.073415
1193.849863
693.8509111
1025.139372
859.5508854
760.6578632
975.0778518
524.9195687
611.2876057
625.6479146
949.9772199
569.0192762
1257.561405
805.0376298
579.7994603
250.7912209
126.6334335
115.8530002
500.4436988
0
482.2191638
0
0
494.7274062
471.4963843
444.9783725
0
0
877.9036717
460.3349884
820.6807723
1073.621146
516.6852333
332.2481099
217.7692258
0
885.5837007
853.8278004
647.8377142
669.946885
936.0848995
187.9359988
0
179.2372025
189.6583501
612.8576047
595.7841199
791.4016525
531.5812425
105.4737429
731.2345556
568.0621448
0
0
0
0
1016.231708
224.1263308
98.78643138
248.0832669
1403.578729
609.4241343
931.7294615
774.627538
726.5624539
0
365.621065
0
1321.217835
163.9338369
183.0111158
110.5251647
497.8833321
152.7151596
0
0
455.0229178
0
524.2950159
446.8596451
500.608843
111.3447343
169.8714928
0
0
0
953.2267528
819.3830459
979.4904785
230.0855283
181.7959117
860.7309178
971.9711866
184.538362
846.1537263
1245.972121
133.9092861
181.996073
816.8024824
582.6009707
1469.284134
86.97774708
490.2059114
529.8538897
863.7345759
540.2432292
0
103.2236987
118.4451942
0
574.3039368
145.0172816
0
0
0
431.3881515
652.5171482
913.1144673
717.2657501
0
0
636.2226429
872.1153714
222.2675107
725.5547047
900.5664803
748.6122405
119.0286611
1102.380586
421.7527237
0
525.5431642
158.7452121
926.8760792
0
652.7113864
692.8003311
621.5876887
481.5634435
476.7277937
472.1955964
492.6972606
0
0
123.6232233
0
0
0
225.3500298
754.0905703
0
204.953133
132.4666177
922.6654745
0
917.2534304
2108.603078
243.5405851
659.5909765
0
0
579.9899136
349.5789965
639.3674539
653.3652239
0
118.2259108
0
473.6424929
0
583.4873551
172.8268695
0
80.10195022
122.8728385
707.3592905
0
487.1374482
538.643287
517.3119368
170.1974587
354.2359594
222.3148363
149.2074055
241.4128999
846.7492192
715.8087634
481.6364323
812.8578043
856.1036965
0
730.1334672
512.83309
687.8748881
330.0812802
791.9566738
555.929372
201.7643972
883.8627977
75.84676051
518.9241473
161.6622706
537.6772157
133.3807602
598.2426659
750.8880202
0
0
0
516.7013994
610.3406631
458.3693057
0
369.2987285
0
1062.094382
677.9515132
162.4032585
0
659.9250331
666.218114
0
170.1182365
384.6365102
417.0372806
0
0
1279.470226
117.2178818
702.1586303
591.0389717
168.6404783
635.2653116
132.5874467
696.2603496
0
135.7995428
515.0940749
0
0
0
121.1793255
0
0
0
1563.811478
1376.816955
956.7322846
553.1219441
808.5491899
735.0416762
0
501.3466578
179.488236
403.5040158
0
588.9082111
134.0040713
0
548.2776376
492.5966332
733.1481522
557.3946753
0
665.8244474
518.5485957
130.8660719
143.9968594
0
0
111.3861184
92.82319652
113.8911694
120.4464045
77.05634597
0
0
0
681.3870277
0
707.6839403
893.7012765
1175.866964
0
828.0721985
891.1634867
635.7904148
0
824.809985
0
0
601.8506162
0
578.7513197
0
0
494.0655713
898.6442367
346.9460981
727.6812728
271.4156387
550.1105796
0
0
0
519.6442198
0
0
0
0
0
0
0
0
0
0
0
0
548.9374382
0
0
201.4852158
264.7806344
0
706.9632914
698.2690028
641.4487613
855.3712643
707.1713461
703.0126537
915.5369998
715.6597553
662.915907
634.649712
550.5949818
619.1162514
0
0
0
478.1979754
0
0
0
0
1330.389351
106.206653
287.0697968
0
0
936.5246992
0
1642.594026
1620.618841
0
0
539.3611109
760.9735627
740.1369681
540.5441888
886.1067312
900.0555504
428.6916297
403.9191351
456.5068882
653.224168
476.502675
0
363.534851
415.2679306
532.8352186
0
0
0
0
0
0
0
0
0
847.9390797
0
0
0
0
0
109.7672198
188.7187057
295.1013921
0
177.8317794
145.0307252
0
0
437.199467
420.1524863
918.8701671
855.4392652
126.2725717
133.5866287
118.2832561
0
0
0
0
0
0
104.812334
0
0
0
790.662296
327.4791543
0
1276.874694
0
196.5843546
0
0
0
633.2174692
0
720.5698021
829.9990244
0
159.8728741
214.7349142
0
827.7275852
0
250.5330797
456.9266937
99.50834212
82.36143998
0
0
200.3717281
0
213.6314402
263.4899163
0
0
0
0
0
456.2201789
1339.844773
979.0258551
668.2831912
0
0
0
0
776.0190945
850.9163382
152.6203004
451.6842809
168.3757082
213.4613942
768.4308848
128.8823969
842.3108829
829.1634307
623.94451
0
0
0
0
491.1878863
488.0360038
592.0001421
0
0
0
1122.704596
248.8210267
0
0
0
0
996.7936868
0
0
0
0
211.7302931
0
1827.215822
502.6194693
783.8765683
647.1259954
757.8745724
714.7984759
507.8205298
259.3409347
0
0
0
0
0
681.693587
424.8039164
554.3012133
0
570.3600732
118.555903
141.8919642
0
0
0
0
0
0
0
0
0
173.4081741
76.46995554
162.3255589
867.3460632
655.207785
607.2064679
0
158.1770519
737.8144928
449.4751172
0
0
157.9295046
0
766.4119745
429.5434434
0
0
199.239022
0
0
694.036456
0
0
85.73074209
0
0
378.0387031
0
0
0
0
282.8364653
0
0
242.5967222
0
913.727057
185.7842018
663.5137423
150.9378281
565.5966508
516.5357745
146.9995201
106.1625948
542.8490028
140.9472306
514.9971088
890.7265507
923.7713184
0
591.3097987
577.9484806
237.3270401
662.8590325
0
0
309.4391329
0
0
0
487.2057297
0
0
0
0
0
0
0
0
684.3455341
0
797.4180096
0
141.6080176
0
0
0
667.5075258
0
552.3965567
122.7703869
566.7700452
605.6420933
581.9762155
0
0
605.4847205
566.4494606
0
0
0
0
104.3108019
0
0
0
0
0
170.4213833
753.2843095
0
274.7227155
171.8992088
590.0800833
0
600.8060751
114.8911605
201.1702237
0
153.8621636
229.7083565
383.912382
133.340214
0
0
567.6422212
627.7599265
0
0
0
111.7029346
82.18511999
0
0
0
0
0
0
0
0
0
264.1591642
665.0828031
210.957841
0
0
0
0
0
568.1329563
536.7389652
134.7343677
0
1059.923416
620.4525342
172.7549334
124.7989623
0
503.9418264
0
0
0
0
0
0
0
0
0
0
0
0
0
0
0
125.0133433
0
139.4855264
743.3011439
0
522.1754215
746.2224996
0
507.1471603
0
652.2007765
0
577.903981
498.446667
0
0
0
0
0
487.3670315
489.722756
472.9968241
541.0610329
476.8972835
0
0
0
131.1371935
554.9317728
0
0
0
711.4239989
0
795.5579439
140.3575982
100.3394864
132.2938402
722.4367677
0
147.383123
0
1207.305983
777.8923937
653.171619
497.1398404
0
0
0
491.2570078
0
114.2574131
0
0
578.0301432
0
0
0
668.4109073
0
0
0
0
0
1207.644172
892.9303397
0
222.5637738
725.044921
221.284369
784.5162127
0
624.4404002
91.6843138
0
124.8031904
456.0659698
0
476.3698436
488.9001688
0
495.2040463
602.8362337
0
0
0
0
0
0
0
0
0
0
0
101.224504
99.89244297
0
0
0
489.1283466
193.967571
547.1450011
0
155.9272253
99.66820195
637.332256
0
127.0525655
0
0
388.5114979
0
107.9965378
94.16513586
522.9179682
513.672228
0
0
0
578.40042
527.7983734
0
0
0
0
0
0
0
785.7790897
0
127.8157148
970.4524127
0
0
560.5344675
734.9691485
0
436.1555166
431.779165
494.8676391
143.9454286
650.2591671
1185.532746
113.8827291
0
128.0596854
0
535.8945977
438.9263388
458.9009698
0
0
124.2373676
0
130.4670253
0
0
0
0
599.0276476
0
450.8828548
0
135.4437786
0
689.6197311
0
558.171712
0
509.5638201
116.2203389
0
0
0
115.3003582
0
0
0
0
497.1297476
146.7695223
0
0
0
0
120.4141445
0
0
0
0
527.5027799
0
0
669.4497224
0
516.6307718
414.6764931
493.0695536
0
0
104.1205949
144.4100204
0
0
511.7680679
0
0
130.5127912
0
0
0
0
0
0
0
0
0
0
0
0
0
616.1890871
0
183.4145907
471.6674693
536.4045346
451.9442126
145.0857258
579.4977579
0
496.6503054
191.6397367
0
537.1867889
0
0
115.6341152
0
0
420.4897892
0
0
0
0
0
0
503.3731998
0
0
70.31726846
0
609.9263588
0
619.3486067
628.0042771
844.3965017
523.4258719
760.8003214
0
0
0
588.9986438
0
0
0
498.3782888
0
0
0
0
0
0
0
0
0
378.3599694
0
0
113.2781178
538.1847883
539.3898192
0
514.7110561
636.2480188
519.3408712
480.5300139
0
0
0
0
445.6977329
498.6521133
0
0
0
149.4125081
0
0
0
457.5503303
0
469.5269675
0
0
0
0
0
508.0181472
572.0051214
496.4797771
482.0978301
552.0789455
0
0
128.6750528
0
109.0730459
0
0
0
0
0
0
107.338932
0
0
0
0
448.694004
0
126.3897423
0
0
415.1114526
0
626.9695728
467.1018905
488.9138854
0
0
515.2413308
185.7878308
567.096213
0
0
0
0
0
0
0
759.8071779
0
0
0
0
0
0
0
0
448.3546911
0
0
479.0176211
0
506.6455041
0
0
104.8496519
92.71638912
0
0
529.5978267
399.4496756
0
0
0
0
0
140.2872991
0
0
0
0
0
209.6211173
0
0
0
0
80.51651585
0
0
0
0
0
472.0386882
0
0
0
0
0
0
0
0
0
0
0
132.7116093
0
531.5768378
0
0
583.3144487
0
677.1232678
465.4157145
526.0500803
0
0
214.1646928
0
0
0
0
0
0
0
0
0
105.1894851
0
0
491.8144143
526.606345
437.2250905
0
672.6805662
381.157168
469.4408716
95.63723762
0
0
0
0
0
0
0
0
0
86.99079237
553.7536866
0
0
0
0
0
0
0
0
431.0483338
0
0
0
0
0
0
0
367.2116859
511.190038
510.1840919
372.9480263
124.8593659
0
0
133.9753565
0
0
0
0
548.4665049
0
0
0
0
0
0
0
0
0
0
0
0
148.0552685
0
0
0
0
0
0
0
444.8919128
0
0
0
0
0
0
0
0
0
0
0
428.6753941
0
0
0
0
0
0
)
;
    }
    orion
    {
        type            calculated;
        value           nonuniform List<scalar> 
1990
(
2176.495897
2168.196263
1079.393609
0
0
0
1316.668894
0
1093.41092
0
793.3560658
4271.167152
0
677.8397859
1066.155952
0
848.3110321
1715.334796
1036.664412
0
0
983.1826418
0
1202.359589
0
1136.282795
0
1229.107033
2173.800692
4522.231602
779.7051918
3723.514432
1271.51547
0
1204.082941
0
1304.889191
0
956.2957406
714.3077344
0
867.8715933
0
1769.548931
0
1121.592846
0
1072.257595
0
1328.207772
0
825.097363
812.0744347
0
0
901.8102723
0
1510.981688
0
863.112978
1831.320068
1234.306456
0
0
0
0
1235.074376
0
941.8973825
0
1030.433456
981.6117499
1023.817944
0
0
0
0
775.8722488
1052.65835
0
1042.616096
821.4512648
1484.573866
0
0
0
1344.332211
1382.856909
0
978.3758645
0
1129.995692
997.2812054
0
0
1047.145761
0
894.4663637
0
636.5256936
0
1007.029482
900.458522
976.8330407
981.9107168
0
952.5491199
0
0
1119.055738
0
0
1233.692479
0
0
0
0
858.8673743
0
1160.322227
0
1043.745433
0
0
1018.649985
0
0
0
1447.525055
0
0
1202.818794
0
0
0
0
948.240882
0
850.8830529
0
0
0
968.0948606
0
0
975.2209548
0
968.3210208
1192.124612
1103.502742
0
966.6298779
0
0
994.7790538
0
1150.167237
0
1492.063423
1021.463668
1043.479844
803.4122669
0
0
1340.377813
0
1047.90916
0
707.4292181
0
1042.747097
0
0
784.3502864
0
0
806.1649583
0
879.5966144
5201.104934
1712.988603
0
763.3395892
2905.118594
0
901.2451573
0
0
0
0
0
0
0
1333.615371
0
789.5594444
0
2741.707877
1862.243731
1330.530427
0
0
1648.744793
0
0
0
0
0
0
1074.732051
0
0
1024.740919
0
1256.708067
0
0
979.3583237
0
0
0
0
0
0
0
0
0
0
0
0
936.5211049
0
0
1198.090947
0
841.316801
0
820.329457
1704.611176
1419.146374
0
0
2200.837903
1665.290503
0
2235.328834
1347.065418
0
1957.150464
1052.442726
690.4780714
0
2026.743252
1149.836143
0
0
0
2153.721208
0
0
1247.945115
0
876.7489905
0
1341.73915
1052.286991
0
0
0
0
0
856.9935902
895.8476444
1091.85966
0
958.2730668
1013.39535
0
0
0
911.6140864
0
651.6702094
1042.765093
1167.070639
1042.699666
1845.373756
0
0
992.336169
908.0229204
977.5619898
0
0
1252.508013
862.3340364
0
1477.478568
0
0
0
0
1169.084592
875.8287582
520.1394558
1334.848866
825.7482045
1081.6431
2220.615922
1570.627952
1152.668269
964.2771725
2030.504571
999.3760933
1076.722498
860.9130942
645.6314395
779.8017042
1843.932328
0
925.1629773
920.2598016
796.6553641
1254.034871
1082.575766
815.2976357
1107.392161
828.3454181
0
1593.830296
0
940.5325496
1580.586866
1601.304819
903.2723966
1219.184069
0
0
0
1395.283698
1237.265016
0
0
947.3231962
791.4897171
634.3569116
885.6822609
885.5644588
1281.081201
1711.905216
1240.609971
877.4953784
1060.51673
0
588.5472204
1159.352595
983.450565
0
664.0787601
978.5293839
909.5757226
876.5880051
728.5641388
1254.423287
845.4074713
1244.585244
1342.811488
860.0798675
812.3741201
0
1365.72291
1113.248096
1150.233553
866.5761937
847.1846434
0
748.0860123
1059.031446
305.7846266
1635.486651
0
998.1660667
0
938.4988289
947.3808658
1068.494634
1009.844401
1327.375438
884.4857528
804.6662911
856.159143
747.8924932
717.8181789
900.6769371
0
1286.542766
759.1396031
1099.71158
990.6390916
798.343393
921.6549621
901.8588879
1407.851458
1072.967596
728.5583835
770.5004067
1158.058482
791.2404435
1820.413232
1055.382127
899.8163223
973.2651963
809.9016822
712.4479036
0
834.4307161
724.6658632
1372.920028
1087.408901
1118.076969
889.9541432
0
0
1255.933013
915.0649225
889.3982332
0
0
637.1613789
848.6095169
1002.245109
1045.709979
1223.504015
626.5517624
1099.627465
823.005464
1334.707111
1136.797291
655.9599944
912.1814174
769.5808214
1145.586793
2261.368369
1041.334977
1089.636594
819.3250458
1308.821119
1073.396466
739.3867988
0
909.4366412
894.0270476
1319.995935
868.4402915
2783.147428
720.0124881
2011.345725
774.4932897
1235.720453
838.9848597
1057.4692
913.0001376
0
1171.429587
1116.449989
972.8478581
1687.100976
1031.87279
1331.78414
1035.734749
1494.418419
829.7844074
1073.440461
880.5148705
969.5267964
752.5973311
1143.565422
888.8883383
1203.082658
1262.421842
654.4928655
1048.690371
1242.698984
836.5638453
1016.117151
838.8235669
889.4617708
970.2893938
804.7157727
912.7572186
0
638.6959374
1397.340619
0
0
1066.732006
986.7145188
0
607.0344698
1025.199695
1121.463486
987.7888452
1058.983432
1148.16228
1052.484776
1421.682686
957.0716048
1041.036867
844.1553266
1143.198501
1179.476915
876.3617747
857.7377398
872.9486181
983.3206811
945.0660599
1747.677923
955.2888921
1058.417643
797.0977075
927.3725015
832.6480485
1042.068518
842.5604295
1023.383488
0
808.3776969
1166.315818
699.1804096
1022.58295
1109.062551
1041.751794
967.4274502
1227.461522
1155.407483
0
928.8609346
975.6691213
980.0289223
842.0436822
1318.840191
923.0517435
937.0263104
890.0322523
940.1663789
834.7611311
1186.812001
1046.418788
1103.166257
1805.011129
796.7660749
982.7354262
863.0467169
949.8885827
1232.199146
1666.431388
826.6979749
1182.02221
1133.827566
1181.875967
1118.114697
940.8302513
1146.193968
698.9366532
964.0287592
1063.484794
1379.244319
1170.188286
1486.627496
980.2596233
977.4292816
1082.395757
1098.703397
1078.24621
850.4546407
930.3220569
2484.709952
793.7315119
968.8352222
852.9682829
869.2575686
730.6092616
980.602007
1108.194083
688.8371957
1972.258288
1496.626223
780.604107
903.3176024
860.8605655
946.3834249
1035.316876
1004.722781
1136.355191
905.6421015
1055.226878
1058.810691
0
0
1396.736729
1088.394811
1688.972154
1066.080806
859.8034296
1094.634431
1032.33296
1086.650068
1485.333047
1168.741919
926.074527
799.3499003
1285.032777
1024.293433
759.7350449
960.7796131
841.1051519
754.8856916
1046.564029
996.60903
847.6323575
935.5804524
802.5534665
0
1059.67832
1105.479408
1154.679504
839.9021921
869.4807623
1154.055821
990.3196265
1207.041755
872.1174386
1175.891021
1102.41114
1496.911075
661.1677444
1200.372969
1051.391446
1000.449354
853.6131118
1225.423356
868.8954215
1218.613159
1057.117246
1286.439754
934.9548649
991.9245157
1184.762138
1107.010165
0
1079.116098
814.6255514
1021.327617
1122.557765
790.5568522
1753.895613
963.4796875
1046.834722
862.8113719
821.6597825
1306.246321
821.889457
1189.906066
827.595362
792.3477059
1138.85305
1455.090352
941.2366762
1026.934812
1162.77138
1000.231751
973.4145875
865.7947965
780.3900913
1457.903725
804.7551425
1062.382469
1029.762154
997.3278396
1171.768649
1326.964291
858.3663609
1226.903258
904.9619814
663.7554939
993.461743
1047.194421
906.0792905
1039.236169
755.0027455
940.5433445
975.5571933
864.5172145
972.7731898
1046.943202
1103.182114
890.7286764
1033.085314
659.703941
809.1735585
1142.240278
788.3456904
719.8451
957.5892647
838.793465
1462.176853
0
844.3363125
1085.694628
855.2156083
1039.334299
951.3395897
939.6662097
1190.264245
975.1653273
894.2881053
1039.524575
1033.551295
1211.435774
1163.429893
596.3194604
1073.810309
882.6375638
1031.978888
919.1281733
994.2752317
1158.358942
814.2437934
1142.565926
0
910.2373774
948.7422326
854.5134561
843.3530473
0
0
1203.172709
784.9803629
1069.903986
1351.092605
976.6447233
2618.977814
1117.20373
773.3275294
0
648.8387356
808.1055779
853.6035537
946.0283509
795.3387123
907.0565632
1014.205107
1119.233991
1009.341231
764.0279436
936.6483666
1019.806466
1073.853477
1502.504944
710.9747993
1485.2863
1091.411877
1084.344624
951.0927972
1212.238827
867.5568932
1127.995688
862.4397881
0
880.7681867
1570.707407
862.3068805
2882.895755
885.0335031
1975.328135
925.0123194
0
1503.092777
796.4455324
0
1322.306046
782.3076928
1334.754248
1230.234512
0
1022.476225
1262.813031
988.4925823
945.8317718
0
0
0
890.1404636
1324.370897
1265.979929
864.4629498
1534.571042
1027.533724
0
1058.720662
0
0
0
0
1044.438343
1397.583979
807.9844996
915.0970578
0
876.758125
965.3396519
1150.259789
980.0715583
1360.12928
1039.990713
0
0
847.0710709
0
1249.156656
0
915.681714
0
1069.162897
858.0665658
0
0
0
0
922.475296
1002.299472
0
1178.282637
0
0
1073.271069
0
0
0
0
0
1027.532749
948.2868036
2072.610741
1029.657251
0
0
886.6701236
0
1984.433058
0
0
0
0
882.1380681
1105.145232
0
0
892.5571392
914.5147649
825.9232434
1114.845122
0
1069.606763
0
0
0
0
940.9533298
0
868.3131693
0
1350.696021
1230.954653
0
0
0
1236.770357
1189.716753
0
0
0
0
0
0
0
0
848.7748843
1432.825942
1157.289814
836.7817821
1001.091365
0
0
1466.521827
0
773.2539799
1084.467809
1261.73706
815.9671045
1530.308258
0
973.2989723
1102.754821
1124.61086
1165.04597
1034.641596
0
1304.777755
747.8990007
800.2818803
0
0
0
0
0
0
0
790.0533771
0
0
623.062071
0
0
0
3214.464033
983.8522604
0
0
1082.420103
843.8936982
829.6985931
0
0
945.3028825
581.7831726
0
0
0
1427.735556
0
0
0
0
0
0
0
0
2417.589083
0
0
968.6757987
0
0
1512.348146
1943.068665
2211.342962
0
636.1184825
951.5583741
686.2503567
940.418852
0
0
0
0
0
743.9880044
1107.138465
887.8920304
868.6934043
581.075833
1573.02936
0
893.1619261
1309.712654
1136.730823
0
988.8570737
0
0
0
0
2978.032223
0
1972.017337
0
0
0
1029.365498
0
1428.676101
0
0
1503.919498
0
0
1345.72372
0
1172.448768
1130.429753
2283.838238
0
0
0
0
2232.246442
939.9224383
0
0
0
0
0
0
0
0
0
0
0
1487.295824
0
1271.256859
0
0
0
0
0
0
0
0
0
0
0
0
1480.38028
0
0
0
0
963.4797871
1635.575145
0
0
502.5581287
0
0
0
0
0
0
0
0
1058.90856
0
0
0
835.8116678
0
0
0
919.2500458
0
0
0
1318.271409
0
0
0
1556.06567
0
0
0
0
0
0
0
0
0
0
0
0
0
0
0
0
0
0
1176.596928
0
0
0
0
0
0
0
0
0
0
1555.461557
0
0
0
0
0
0
0
0
977.5351827
0
0
0
0
0
0
1012.305042
0
0
0
0
0
0
0
0
0
0
0
0
0
0
0
0
1029.241408
0
0
0
0
0
0
0
0
0
0
0
0
0
0
0
0
1125.996849
1480.331491
1151.623294
0
0
0
0
0
0
0
0
0
0
0
0
0
0
1170.480436
0
0
0
0
0
0
0
0
0
0
0
0
0
0
0
0
0
0
0
967.0479939
823.7606542
0
0
0
0
0
0
0
0
0
0
0
0
0
0
0
0
1190.367433
0
1104.70372
0
0
0
0
0
0
0
0
0
0
0
0
0
0
1049.765907
0
0
0
0
0
0
0
0
0
0
0
0
0
0
0
980.848129
704.3532366
1034.003823
1186.536681
0
0
0
0
0
0
0
0
637.7151175
879.0651296
707.3257212
1196.670736
0
0
0
0
0
0
0
0
0
0
0
791.0829784
0
0
0
0
0
0
0
0
0
0
0
0
0
0
0
0
960.7922192
0
0
1085.622482
812.9315653
0
0
0
0
0
0
0
0
0
0
0
0
1384.554544
0
2264.025951
0
0
0
0
0
0
0
0
0
0
0
0
0
1254.173286
0
0
0
0
0
0
0
0
0
0
0
0
0
974.3098694
938.6999853
0
0
0
1011.829636
0
0
0
0
0
749.73583
0
0
0
0
0
673.2318722
1229.355412
911.1917838
1626.566172
0
1852.076833
0
0
0
0
0
0
1204.228026
0
0
0
0
0
0
0
0
0
0
0
0
0
0
0
0
0
0
884.7298311
0
0
0
0
0
0
0
0
0
946.0783658
0
0
0
0
0
0
0
0
0
0
0
0
0
2372.391611
876.9586287
0
780.1914302
0
0
4327.913709
0
0
1505.354125
1485.918336
0
0
0
0
0
0
0
0
0
0
0
0
0
0
586.1385035
0
0
0
981.9097172
0
0
0
0
0
0
0
0
0
0
3811.105646
0
0
858.4448311
0
0
0
0
0
0
0
0
541.1456732
607.8623428
0
0
0
0
1276.684969
0
0
0
0
1305.81403
0
1057.714819
2268.626129
0
0
0
0
0
0
0
0
0
0
0
0
0
0
0
0
0
0
0
0
0
0
0
0
0
0
0
0
0
0
0
0
0
0
0
738.9750214
1131.349483
0
0
0
1312.77498
0
0
0
0
0
0
0
1849.87644
0
0
0
0
0
0
2433.757226
0
0
0
0
0
0
0
0
0
0
0
0
0
0
0
0
1213.273047
0
0
0
0
0
0
0
0
0
0
0
0
1376.784945
907.2023891
2962.854977
0
0
0
0
0
0
0
0
0
892.4862857
0
3582.244132
1349.379465
0
0
1413.176619
0
2343.279063
1074.115182
0
2640.039749
0
0
0
0
819.5633693
0
0
0
0
1129.184575
0
1200.727686
0
0
0
0
0
0
0
0
0
1102.912942
0
0
0
0
0
0
717.3161673
774.30358
0
0
0
0
0
0
1015.349244
906.3445206
895.072834
0
0
0
0
0
0
1094.935517
1506.828991
1512.542419
887.6613848
1277.705272
0
0
0
1108.29732
2209.489116
1875.461026
0
0
0
2445.063815
0
0
0
933.3742452
0
4519.835994
0
0
0
0
0
0
0
0
0
0
0
0
0
0
0
0
0
0
0
0
0
0
0
1192.727805
0
0
0
0
0
3209.305312
0
0
0
1761.57531
0
0
0
3193.133847
930.2791313
0
2320.647561
0
1342.005028
0
0
0
0
0
0
0
0
0
749.491923
1061.080568
1152.614609
0
984.8524496
0
803.8279282
847.8010756
929.7751278
0
1814.750508
0
0
0
0
0
0
0
1430.634312
1472.515551
0
1057.650631
1822.133957
0
0
0
0
0
0
933.33867
0
1673.254486
2169.043288
1103.032754
1177.057749
2617.688378
0
0
0
1221.909615
868.1938005
1018.087988
0
0
1146.448041
1577.215017
955.1537629
0
0
0
1071.064526
0
0
1362.476121
1530.972862
805.8675002
1372.157815
1660.678596
0
0
0
1416.768133
1803.328159
1735.255406
1028.276657
964.1476785
1052.966788
1413.22446
1005.018797
0
0
0
1386.917916
0
0
0
0
0
1438.445331
1266.958884
0
1010.049411
0
1173.326923
1119.291108
862.6721858
687.3385902
0
0
855.7681603
0
880.5353195
1417.92755
0
892.6437629
2115.576699
0
0
0
0
0
0
0
0
0
0
0
0
0
0
0
1463.730432
0
0
0
1962.948137
0
0
0
2719.290235
0
0
1268.877573
0
0
0
0
0
1180.890434
0
1785.913681
0
1470.749373
1070.784029
0
0
1104.88853
984.5225807
0
0
1557.275655
1123.741399
1147.032221
1005.926848
954.2346793
0
0
0
0
1182.188029
0
762.956664
0
0
0
0
1114.668465
1952.089028
0
1461.324401
1129.708854
0
0
0
1192.657623
1321.647206
0
0
0
0
0
1821.421045
637.3836162
1013.403946
0
0
1006.154411
0
0
2854.145584
1422.692551
2258.813513
734.5109948
0
1123.122253
0
0
1863.84991
0
704.1382316
996.6249154
2104.121211
853.4700048
0
0
0
0
1718.624676
1748.075366
0
1322.906415
0
0
0
0
0
0
0
0
0
0
0
993.2025581
1051.333318
0
778.1333002
0
0
0
0
0
0
0
0
1142.330923
0
1500.422595
1337.403841
2172.978094
0
0
1105.758165
0
764.8837124
0
0
0
884.3366391
819.9047275
2923.304319
896.8597841
0
0
979.7700615
0
1921.865401
2044.611952
1318.721107
0
809.2455557
2434.997737
4093.94048
0
0
0
0
1022.599531
2355.401822
1025.350818
0
0
0
0
1669.144229
1391.830669
1864.894954
0
2416.58112
0
0
0
0
0
0
0
0
1700.573414
1868.258082
0
1333.852381
0
2114.724265
2780.711529
890.0843675
0
1904.364375
937.6712735
0
1035.975703
0
0
1258.810994
2691.223047
0
0
0
3747.42684
)
;
    }
    spline
    {
        type            calculated;
        value           nonuniform List<scalar> 
3716
(
0
0
877.6397538
0
0
285.2941033
0
0
558.5073286
120.5862605
102.0391858
0
490.5429775
0
387.8535549
0
1047.748898
0
730.9711701
167.7169682
653.5264137
183.8647845
0
0
0
0
0
183.4837001
722.1129164
340.7244948
1131.174925
0
637.228352
518.1779075
0
0
0
0
125.4787543
0
0
0
0
194.8435168
0
0
0
652.1793027
0
0
0
0
0
0
172.0019214
0
0
0
0
448.745903
572.5391323
440.6175535
0
500.9128199
0
0
0
0
0
0
143.6881286
0
0
0
121.3676825
0
0
233.5236107
0
0
93.05229167
0
0
0
0
0
132.7785955
196.5190299
0
0
504.489417
0
0
0
0
0
90.54232305
563.9122058
0
0
0
0
523.7505291
0
0
0
243.8388354
0
0
0
0
0
0
0
0
0
0
101.7839963
0
0
0
0
0
0
0
160.9893793
0
0
0
0
0
0
0
0
0
0
0
0
0
0
0
0
0
0
955.0554815
593.3657015
0
0
0
0
0
427.1578061
433.2545646
526.6878916
0
0
0
0
0
0
165.3176217
0
150.4377903
471.1619294
0
0
0
0
0
0
0
0
0
0
0
0
0
0
0
0
381.4502087
0
0
0
0
0
0
0
0
0
0
0
0
0
0
0
0
0
0
684.1909278
0
0
0
0
0
243.1053053
0
0
0
0
0
0
0
0
0
0
0
0
0
0
0
0
134.2413688
0
0
573.2183645
0
0
0
0
0
0
0
0
0
0
0
0
118.1528057
0
0
0
0
0
0
0
383.6825657
512.1548197
0
0
0
0
0
0
0
0
0
124.2150952
0
0
0
0
0
378.9679446
0
0
0
0
0
0
0
0
0
0
0
0
0
0
0
0
0
0
0
0
0
0
0
0
0
0
0
0
0
0
0
0
0
0
0
0
488.8710194
0
0
0
0
0
489.7879981
742.7677075
0
0
0
0
0
0
0
0
0
0
0
0
0
0
0
0
458.3693057
0
0
0
0
669.0461227
779.571002
698.2702575
0
0
0
0
0
0
0
0
0
0
0
0
0
0
0
0
0
0
0
0
0
0
0
0
0
0
0
0
0
0
0
0
0
0
0
0
0
0
0
0
0
0
0
0
0
0
482.4693717
0
0
0
0
113.1984028
127.8931623
0
0
0
0
0
0
0
0
0
0
0
0
0
0
0
0
0
0
0
0
0
220.4530625
187.195666
0
0
0
0
0
0
0
0
0
0
0
0
0
0
0
0
0
0
0
0
0
0
0
0
0
0
0
0
0
0
0
0
0
0
0
0
0
0
0
0
0
0
0
0
0
0
0
0
0
0
0
0
0
0
0
0
0
0
0
0
0
0
0
0
0
0
0
0
0
0
0
0
0
0
0
0
0
0
0
0
0
0
0
0
0
0
0
0
0
0
0
0
0
0
0
0
0
0
0
0
0
0
0
0
0
0
0
0
0
0
0
0
0
0
0
0
0
0
0
0
0
0
0
0
0
0
0
0
0
0
0
0
0
0
0
0
0
0
0
0
0
0
0
0
0
0
0
0
0
0
0
0
0
0
0
0
0
0
0
0
134.7251907
130.3810315
0
0
0
0
0
0
0
0
0
0
0
0
0
0
0
0
0
0
0
0
0
0
0
0
0
0
0
0
0
0
0
0
0
0
0
0
0
0
0
0
0
0
0
446.2847215
0
0
0
0
0
0
0
0
0
0
0
0
0
0
0
0
0
0
0
0
0
0
428.5715234
481.8187911
0
0
0
0
0
0
0
0
0
0
0
0
0
0
0
112.414488
0
0
0
0
0
0
0
0
0
0
0
0
0
0
0
0
0
0
0
0
0
0
0
0
0
0
0
0
0
0
0
542.8609806
0
0
0
0
0
0
0
0
0
0
0
0
0
0
0
0
0
0
0
0
0
0
0
105.755916
0
0
0
0
0
0
0
0
0
0
0
0
0
0
0
0
0
0
0
0
0
0
0
0
0
0
0
0
0
0
0
0
0
0
0
0
165.1476378
147.9950617
153.555773
0
0
0
0
0
0
0
0
0
0
0
0
0
0
0
0
0
0
0
0
0
0
0
0
0
0
0
0
0
0
0
0
0
0
0
0
0
0
0
99.89244297
0
0
0
0
0
0
0
0
0
0
0
0
0
0
0
0
0
0
0
0
0
0
0
0
0
0
0
0
0
0
0
0
0
0
0
0
0
0
0
0
0
0
0
0
0
0
0
0
0
0
0
0
0
0
0
0
0
0
0
0
0
0
0
0
0
0
0
0
0
0
0
0
0
0
0
0
0
0
0
0
0
0
0
0
0
0
0
0
0
0
0
0
0
0
0
0
0
0
0
0
0
0
0
0
0
221.8224862
0
0
0
0
0
0
0
0
0
0
0
0
0
0
0
0
0
0
0
0
0
0
0
0
0
0
0
0
0
0
0
0
0
0
0
0
0
0
391.9511987
0
0
0
0
0
0
0
0
0
0
0
0
0
0
0
0
0
0
0
0
0
0
0
0
0
0
0
0
0
0
0
0
0
0
0
0
0
0
0
0
0
0
0
0
0
0
0
0
0
0
0
0
0
0
0
0
0
0
0
0
0
0
0
0
0
0
0
0
0
0
0
0
0
0
0
0
0
0
0
0
169.1436502
140.1567259
0
0
0
0
0
0
0
0
0
0
0
0
0
0
0
0
0
0
0
0
0
0
0
0
0
0
0
0
0
0
0
0
0
0
0
0
0
0
0
0
0
0
0
0
0
0
0
0
0
0
0
0
0
0
0
0
0
0
0
85.7772546
94.51124164
0
0
0
0
0
0
0
0
0
0
0
0
0
114.5118653
0
0
0
0
0
241.7278422
0
0
0
0
0
0
0
0
0
0
0
0
0
0
0
0
0
0
0
0
0
0
0
0
0
0
0
0
0
0
0
0
0
0
0
0
0
0
0
0
0
0
0
0
0
0
0
0
0
0
0
0
0
0
0
0
0
0
0
0
0
0
0
0
0
0
0
0
0
0
0
0
0
0
0
0
0
0
0
0
0
0
0
0
0
0
0
0
0
0
0
0
0
0
0
0
0
0
0
0
0
0
0
0
0
0
0
0
0
0
0
0
0
0
0
0
0
0
119.9538109
0
0
0
0
0
0
0
0
0
0
0
0
0
0
0
0
80.09059464
0
0
0
0
0
0
0
0
0
0
0
0
0
0
0
0
0
0
0
0
0
0
0
0
0
0
0
0
0
0
0
0
0
0
0
0
0
0
0
0
0
0
0
0
0
0
0
0
0
0
0
87.5981289
0
0
0
0
0
0
0
0
0
0
0
0
0
0
0
0
0
0
93.38399855
134.4579158
86.99079237
0
0
0
0
0
0
0
0
0
0
0
0
0
0
0
0
0
0
0
0
0
0
0
0
0
0
0
0
0
0
0
0
0
0
0
0
0
0
0
0
0
0
0
0
0
367.2116859
0
0
511.2932807
511.190038
0
0
0
0
0
0
0
0
0
0
0
0
0
0
0
0
0
0
0
0
561.4447153
0
0
0
0
0
0
0
0
0
0
0
0
0
0
0
0
0
0
0
0
0
0
0
0
0
0
0
0
0
0
0
0
0
0
0
0
0
87.17062027
0
0
0
0
0
0
109.7096174
94.09770055
0
0
0
0
0
0
0
0
0
0
0
0
0
0
0
476.8777425
691.8844304
482.2669067
0
0
0
0
0
0
0
0
0
730.8191456
0
0
0
0
0
0
0
0
0
0
0
0
0
0
0
0
0
0
0
0
0
0
0
0
0
0
0
0
0
128.861777
136.8016227
0
0
0
0
0
0
0
0
0
0
0
0
0
0
0
0
0
0
0
0
0
0
0
0
0
0
0
0
0
0
0
0
0
0
0
0
0
0
0
89.23924375
144.1192808
0
0
0
0
0
0
0
0
0
0
0
0
0
0
0
0
0
0
0
0
0
0
0
0
0
0
0
0
0
0
0
0
0
0
0
0
0
0
0
548.2722645
410.5594306
0
0
0
0
0
0
0
0
0
0
0
0
0
0
0
0
0
0
0
0
0
0
0
0
0
0
0
0
0
0
0
0
0
0
0
0
0
0
0
0
0
0
0
0
0
0
0
0
0
428.6753941
0
0
0
0
0
0
0
0
0
0
0
0
0
0
0
0
0
0
0
0
0
0
0
0
0
0
0
0
0
0
0
0
0
0
0
0
0
0
0
0
0
0
0
0
0
0
0
0
0
0
0
0
0
0
0
0
0
0
0
0
0
0
0
0
0
0
0
0
0
0
0
0
0
0
0
0
0
0
0
0
0
0
0
0
0
0
0
0
0
0
0
0
0
0
0
0
0
0
0
0
0
0
0
0
0
0
0
0
0
0
0
0
0
0
0
0
0
0
0
0
0
0
0
0
0
0
0
0
0
0
0
0
0
0
0
0
0
0
0
0
0
0
0
0
0
0
0
0
0
0
0
0
0
0
0
0
0
0
0
0
0
0
0
0
0
0
0
0
0
0
0
0
0
0
0
0
0
0
0
0
0
0
0
0
0
0
0
0
0
0
0
0
0
0
0
0
0
0
0
0
0
0
0
0
0
0
0
0
0
0
0
0
0
0
0
0
0
0
0
0
0
0
0
0
0
0
0
0
0
0
0
0
0
0
0
0
0
0
0
0
0
0
0
0
0
0
0
0
0
0
0
0
0
0
0
0
0
0
0
0
0
0
0
0
0
0
0
0
0
0
0
0
0
0
0
0
0
0
0
0
0
0
0
0
0
0
0
0
0
0
0
0
0
0
0
0
0
0
0
0
0
0
0
152.9125324
0
243.6312419
0
87.70901415
460.7755799
267.2428827
0
119.6312667
477.2551434
0
239.0404907
0
137.2829723
544.4684948
857.085163
0
117.1448013
533.7060774
123.4750586
959.4442722
0
115.4171389
514.9305893
799.0409385
948.1944711
123.2857426
605.0038865
103.5746399
1129.413865
746.1206163
125.5336189
0
503.7039712
523.2661621
1252.069778
857.7035576
518.1437776
811.3705328
696.4955795
450.5573828
704.1483523
0
0
0
0
0
0
0
0
0
0
0
0
0
0
0
0
0
0
0
0
0
0
0
0
0
0
0
0
0
0
0
0
0
0
0
0
0
0
0
0
0
0
0
0
0
0
0
0
0
0
0
0
0
0
0
0
0
0
0
0
0
105.9665132
464.0231961
81.60110143
483.7299574
117.8031055
0
111.5492167
0
102.100371
123.0188348
0
398.0963636
470.5711932
0
0
138.736988
117.3481016
108.5168155
0
111.3957131
0
0
112.9093944
519.1958323
0
0
0
0
0
0
0
0
111.5426233
664.7882393
0
0
0
0
610.1403477
413.9084813
0
0
0
0
267.042369
162.8618659
449.2961723
604.9515992
461.9302693
612.9918603
465.7037852
447.5841485
480.7198852
508.9663382
0
104.1816606
135.1158501
0
0
292.4407859
240.7795357
0
0
220.1808681
138.9688653
0
449.5213786
642.406201
597.9927567
502.7820865
485.2477222
406.0591099
88.70592748
0
0
499.0093875
0
164.2646042
710.38931
641.7310344
0
0
359.5580791
359.1350611
367.8596705
498.5725956
390.4830126
0
0
0
95.93026372
112.5200099
556.3568108
803.6598995
736.0178018
142.8001419
0
0
0
0
0
0
449.0829684
145.2377006
173.6860432
0
0
0
0
0
0
0
0
105.46145
0
0
230.096382
153.0557054
0
0
658.1785286
0
107.6327643
682.1035244
0
0
0
0
686.3151661
745.4321547
0
0
0
532.9517452
154.1822292
0
0
643.6179952
667.0026975
299.9058764
370.825148
0
582.4688562
780.142452
746.5920163
0
0
0
713.7715847
496.6037259
616.4460824
800.7349607
0
0
0
0
0
653.4782869
653.1787701
132.2837003
177.8230881
0
117.1048838
0
0
123.0245422
600.1082369
0
0
457.931179
464.4076496
483.7606964
0
0
510.3987156
140.6604284
182.8773411
0
0
431.2852609
374.5117478
707.0971771
727.2533244
0
416.1757853
0
102.4872395
0
0
0
105.9194262
0
0
0
0
0
0
858.6593193
740.3496387
0
0
0
0
0
0
513.1808924
458.2892766
717.1950095
944.930625
0
0
0
0
0
0
0
0
0
0
0
0
583.9013896
0
0
0
0
0
0
0
0
0
0
772.7524131
164.5746938
0
0
0
0
0
0
0
447.442604
0
0
0
0
602.5726881
550.4532523
466.9741646
1317.885583
0
0
489.1081907
501.4682729
140.6334952
256.9998776
207.4089047
212.7468153
0
518.4701351
657.5073034
569.7741187
0
0
0
0
0
388.4316541
0
157.035829
572.3773356
659.7350246
591.7465329
457.8041041
517.9838697
534.7125286
0
0
0
0
0
0
0
78.04322087
109.117626
99.489105
125.713463
114.4025684
0
0
0
0
0
0
0
0
0
768.2722992
503.3674743
0
0
0
0
0
118.1392934
0
0
0
0
0
0
296.880735
539.6887912
0
0
110.0528062
122.2659265
0
0
108.6829552
864.7211703
0
172.8443613
121.4459319
375.1126701
0
0
0
0
156.7409054
0
0
0
0
0
518.1913199
384.0153766
459.9952695
135.6950337
0
0
0
0
565.5819322
163.5792831
86.96682028
293.0952118
0
0
0
481.7976756
0
0
0
0
0
0
546.2042121
0
0
0
0
0
0
0
0
0
0
0
0
0
0
0
0
0
0
0
0
0
0
0
0
0
438.0965179
421.7299444
0
0
0
0
144.0035322
541.8058691
0
425.3355161
0
0
0
409.5026019
0
124.8667784
487.0438602
0
0
169.8654469
0
122.5158636
172.1752008
0
0
436.2008823
505.8565113
0
570.6797124
0
0
0
0
0
0
0
0
0
0
0
0
0
0
0
0
0
0
0
0
0
0
0
0
0
0
0
0
110.8312352
0
130.8187794
556.3558726
0
121.5546186
804.3889219
704.5258673
0
0
0
96.59331706
0
0
0
0
0
0
0
511.8030267
526.8218558
0
218.1705911
137.5803338
0
0
0
0
130.5502035
173.8403393
274.0956214
0
0
0
0
0
0
0
0
0
0
0
138.0878475
0
0
0
0
0
0
0
0
0
0
0
0
0
97.11319769
0
0
0
0
0
0
0
0
867.686265
0
0
600.6532528
0
0
395.6004882
529.9690613
0
0
0
0
0
608.2857159
0
0
138.7805609
0
0
0
0
0
0
0
0
0
0
0
0
0
0
0
0
0
0
0
0
0
0
0
0
0
0
0
0
261.4521108
0
0
0
0
280.5388415
0
119.0422562
0
0
413.169104
0
0
0
0
0
0
0
0
0
0
0
0
0
0
0
0
0
0
0
0
0
0
0
0
0
437.9400502
0
0
0
0
0
0
0
0
0
220.7685162
165.8456414
192.2949516
0
0
602.8747133
0
0
0
0
0
100.8816697
0
0
0
0
0
0
0
0
0
610.0825257
0
0
0
0
0
0
0
0
95.9022056
140.126405
0
0
0
0
0
0
197.2337846
0
0
0
0
0
0
0
0
95.06769942
0
0
0
0
0
0
0
90.03091385
0
0
0
0
0
0
0
0
0
0
0
0
0
0
0
0
0
0
0
0
0
144.8201325
84.37050529
0
0
477.1111989
0
0
0
0
0
0
0
0
0
0
0
0
0
0
0
0
0
0
0
0
0
0
124.9009965
123.0305825
0
0
0
0
0
0
0
0
97.85367071
0
774.5563236
0
0
0
0
0
0
0
0
0
0
0
0
0
0
0
0
0
0
0
0
0
0
0
0
0
414.5080406
0
0
0
0
0
0
0
0
0
0
0
0
714.4406774
0
0
0
87.41910601
0
0
0
0
0
0
0
0
0
0
0
0
0
0
0
0
0
0
0
0
0
0
0
0
85.19973615
175.207202
0
0
0
497.8205487
549.5594953
0
381.9480857
0
0
0
0
0
0
0
0
0
0
0
0
0
0
0
0
0
0
0
0
0
0
0
510.6966924
0
0
0
0
0
0
0
0
0
0
0
0
0
0
0
0
0
0
0
0
0
0
0
0
0
0
0
0
0
0
0
0
0
0
0
0
0
0
0
0
0
0
0
0
0
0
0
0
0
0
0
0
0
0
0
0
0
0
0
0
0
0
0
0
652.5171482
526.5501658
0
0
0
0
133.0578881
151.9550745
0
0
0
0
0
0
0
0
0
0
0
0
0
0
0
0
0
0
0
0
0
0
0
0
0
0
0
0
0
0
0
0
0
0
0
0
0
0
0
0
0
0
0
0
0
0
0
0
0
0
0
0
0
0
0
0
0
0
0
517.3119368
697.9289511
0
0
0
0
0
0
0
0
0
0
0
0
0
0
0
0
0
0
0
0
0
0
0
0
0
0
0
0
0
0
0
0
0
0
0
0
0
0
0
0
0
0
0
0
0
0
0
0
0
0
0
0
0
0
0
0
0
0
0
0
0
0
0
0
0
0
0
0
0
0
0
0
0
0
0
0
0
0
0
0
0
0
0
0
0
0
0
0
0
0
0
0
0
0
0
0
0
0
0
0
0
0
0
0
0
0
0
86.50260077
0
0
0
0
0
0
0
0
0
0
0
0
0
0
0
0
0
0
0
0
0
0
140.299968
98.46293766
0
0
0
0
0
0
0
0
0
0
0
0
0
0
0
0
0
0
0
0
0
0
0
0
0
0
0
0
0
0
0
0
0
0
0
0
0
0
0
0
0
0
0
0
0
0
0
0
0
0
0
0
0
0
0
0
0
0
0
0
0
0
0
0
0
0
0
0
0
0
0
0
0
0
0
0
0
0
0
0
0
0
0
0
0
0
0
0
0
0
0
0
0
0
0
0
0
0
0
0
0
0
0
0
0
0
0
0
0
0
0
0
0
0
0
0
0
0
0
0
0
0
0
0
0
0
0
0
0
0
0
0
0
0
0
0
0
0
0
0
0
0
0
0
0
0
0
0
0
0
0
0
0
0
0
0
0
0
0
0
0
0
0
0
0
0
0
0
0
0
0
0
0
0
133.1005001
116.0520023
0
0
0
0
0
0
0
0
0
0
0
0
0
0
0
0
0
0
0
0
0
0
0
0
0
0
0
0
0
0
0
0
0
0
0
0
0
0
0
0
0
0
0
0
0
0
122.4598255
0
0
0
0
0
0
0
0
0
0
0
0
0
0
0
0
0
0
0
0
152.5067251
0
0
0
0
0
0
0
121.8377392
0
0
0
0
0
0
0
0
0
0
0
0
0
0
0
0
0
0
0
0
0
0
0
0
0
0
0
0
0
0
0
0
0
0
0
0
0
0
0
0
0
0
0
0
0
0
0
0
0
0
0
0
0
0
0
0
0
0
0
0
0
0
0
0
0
0
0
0
0
0
0
0
0
0
0
0
0
0
0
0
0
0
0
0
0
0
0
0
0
0
0
0
0
0
0
0
0
0
0
0
0
0
0
0
0
0
0
0
0
0
0
0
0
0
0
0
0
0
0
0
0
0
0
0
0
0
0
0
0
0
0
0
0
0
0
0
0
0
0
0
0
0
0
0
0
0
0
0
0
0
0
0
0
0
0
0
0
0
0
0
0
0
0
0
0
0
0
0
0
0
0
0
0
0
0
0
0
0
0
0
0
0
0
0
0
0
0
0
0
0
0
0
0
0
0
0
0
0
0
0
0
0
0
0
0
0
0
0
0
0
0
0
0
0
0
0
0
0
0
0
0
0
0
0
0
0
0
0
0
0
0
0
0
0
0
0
0
0
0
0
0
0
0
0
0
0
0
0
0
0
0
0
370.3540834
140.0795643
0
0
0
0
0
0
0
0
0
0
0
0
0
0
0
0
0
0
0
0
0
0
0
0
425.1319456
0
0
0
0
0
0
0
0
0
0
0
0
0
0
0
0
0
0
0
0
0
0
0
0
0
0
0
0
0
0
0
0
0
0
0
0
0
0
0
0
0
0
0
0
0
0
0
0
0
0
0
0
0
0
0
0
0
0
0
0
0
0
0
0
0
0
0
0
0
0
0
0
0
0
0
0
0
0
0
0
0
0
0
0
0
0
0
)
;
    }
}


// ************************************************************************* //
